record_type,controller_tick,time_us,time_s,clock_id,level_m,measured_level_m,sample_id,sample_time_s,receipt_time_s,measurement_age_s,sensor_valid,independent_high_switch,pump_command,requested_valve_command,applied_pump_command,applied_valve_command,flow_m3_s,valve_opening,target_m,trip,volume_residual_m3
controller_tick,0,0,0.0,simulation,0.25,0.25,0,0.0,0.0,0.0,True,False,1.0,0.65,1.0,0.65,0.0,0.65,0.5,,0.0
controller_tick,1,100000,0.1,simulation,0.24986025032543158,0.24986025032543158,1,0.1,0.1,0.0,True,False,1.0,0.65,1.0,0.65,3.806503278363816e-05,0.65,0.5,,6.572975670693371e-19
controller_tick,2,200000,0.2,simulation,0.24979298472690978,0.24979298472690978,2,0.2,0.2,0.0,True,False,1.0,0.65,1.0,0.65,7.2507698765253e-05,0.65,0.5,,7.318364664277155e-19
controller_tick,3,300000,0.3,simulation,0.24979128430663047,0.24979128430663047,3,0.3,0.3,0.0,True,False,1.0,0.65,1.0,0.65,0.00010367271172251849,0.65,0.5,,7.792703114739563e-20
controller_tick,4,400000,0.4,simulation,0.24984888858985585,0.24984888858985585,4,0.4,0.4,0.0,True,False,1.0,0.65,1.0,0.65,0.00013187198157999343,0.65,0.5,,1.196010521523072e-18
controller_tick,5,500000,0.5,simulation,0.2499601328756655,0.2499601328756655,5,0.5,0.5,0.0,True,False,1.0,0.65,1.0,0.65,0.00015738773610847814,0.65,0.5,,2.47587730482432e-18
controller_tick,6,600000,0.6,simulation,0.25011989154788034,0.25011989154788034,6,0.6,0.6,0.0,True,False,1.0,0.65,1.0,0.65,0.00018047534555540347,0.65,0.5,,3.699839913606784e-18
controller_tick,7,700000,0.7,simulation,0.25032352677929287,0.25032352677929287,7,0.7,0.7,0.0,True,False,1.0,0.65,1.0,0.65,0.00020136587847609957,0.65,0.5,,4.008159906407349e-18
controller_tick,8,800000,0.8,simulation,0.25056684211622665,0.25056684211622665,8,0.8,0.8,0.0,True,False,1.0,0.65,1.0,0.65,0.00022026841434555854,0.65,0.5,,6.993104012531504e-18
controller_tick,9,900000,0.9,simulation,0.25084604047921455,0.25084604047921455,9,0.9,0.9,0.0,True,False,1.0,0.65,1.0,0.65,0.00023737213609610082,0.65,0.5,,6.945670167485263e-18
controller_tick,10,1000000,1.0,simulation,0.2511576861597248,0.2511576861597248,10,1.0,1.0,0.0,True,False,1.0,0.65,1.0,0.65,0.0002528482235237472,0.65,0.5,,8.287370355936075e-18
controller_tick,11,1100000,1.1,simulation,0.25149867043280294,0.25149867043280294,11,1.1,1.1,0.0,True,False,1.0,0.65,1.0,0.65,0.00026685156651315005,0.65,0.5,,8.443224418230866e-18
controller_tick,12,1200000,1.2,simulation,0.25186618044164855,0.25186618044164855,12,1.2,1.2,0.0,True,False,1.0,0.65,1.0,0.65,0.00027952231522761857,0.65,0.5,,8.077306185017008e-18
controller_tick,13,1300000,1.3,simulation,0.25225767104285485,0.25225767104285485,13,1.3,1.3,0.0,True,False,1.0,0.65,1.0,0.65,0.0002909872827790598,0.65,0.5,,8.646512325571898e-18
controller_tick,14,1400000,1.4,simulation,0.2526708393306447,0.2526708393306447,14,1.4,1.4,0.0,True,False,1.0,0.65,1.0,0.65,0.00030136121441622516,0.65,0.5,,5.231275482242559e-18
controller_tick,15,1500000,1.5,simulation,0.2531036015852252,0.2531036015852252,15,1.5,1.5,0.0,True,False,1.0,0.65,1.0,0.65,0.00031074793593372744,0.65,0.5,,3.333921680392926e-18
controller_tick,16,1600000,1.6,simulation,0.2535540724146244,0.2535540724146244,16,1.6,1.6,0.0,True,False,1.0,0.65,1.0,0.65,0.00031924139279549015,0.65,0.5,,3.903127820947816e-18
controller_tick,17,1700000,1.7,simulation,0.254020545881314,0.254020545881314,17,1.7,1.7,0.0,True,False,1.0,0.65,1.0,0.65,0.0003269265903725263,0.65,0.5,,4.119968255444917e-18
controller_tick,18,1800000,1.8,simulation,0.25450147842477233,0.25450147842477233,18,1.8,1.8,0.0,True,False,1.0,0.65,1.0,0.65,0.0003338804447052632,0.65,0.5,,3.848917712323541e-18
controller_tick,19,1900000,1.9,simulation,0.25499547340910655,0.25499547340910655,19,1.9,1.9,0.0,True,False,1.0,0.65,1.0,0.65,0.0003401725523051269,0.65,0.5,,5.041540102057596e-18
controller_tick,20,2000000,2.0,simulation,0.25550126714110954,0.25550126714110954,20,2.0,2.0,0.0,True,False,1.0,0.65,1.0,0.65,0.00034586588669982077,0.65,0.5,,4.391018798566293e-18
controller_tick,21,2100000,2.1,simulation,0.2560177162188373,0.2560177162188373,21,2.1,2.1,0.0,True,False,1.0,0.65,1.0,0.65,0.00035101742869355685,0.65,0.5,,5.204170427930421e-18
controller_tick,22,2200000,2.2,simulation,0.2565437860841027,0.2565437860841027,22,2.2,2.2,0.0,True,False,1.0,0.65,1.0,0.65,0.00035567873665009623,0.65,0.5,,3.198396408832238e-18
controller_tick,23,2300000,2.3,simulation,0.25707854066432884,0.25707854066432884,23,2.3,2.3,0.0,True,False,1.0,0.65,1.0,0.65,0.0003598964625061829,0.65,0.5,,4.662069341687669e-18
controller_tick,24,2400000,2.4,simulation,0.25762113300010087,0.25762113300010087,24,2.4,2.4,0.0,True,False,1.0,0.65,1.0,0.65,0.0003637128186798069,0.65,0.5,,1.951563910473908e-18
controller_tick,25,2500000,2.5,simulation,0.25817079676462323,0.25817079676462323,25,2.5,2.5,0.0,True,False,1.0,0.65,1.0,0.65,0.0003671660005462718,0.65,0.5,,2.1141942363467336e-18
controller_tick,26,2600000,2.6,simulation,0.25872683859020756,0.25872683859020756,26,2.6,2.6,0.0,True,False,1.0,0.65,1.0,0.65,0.000370290568710348,0.65,0.5,,3.3068166260807885e-18
controller_tick,27,2700000,2.7,simulation,0.2592886311249972,0.2592886311249972,27,2.7,2.7,0.0,True,False,1.0,0.65,1.0,0.65,0.00037311779490042214,0.65,0.5,,2.9815559743351372e-18
controller_tick,28,2800000,2.8,simulation,0.25985560675043873,0.25985560675043873,28,2.8,2.8,0.0,True,False,1.0,0.65,1.0,0.65,0.00037567597494646515,0.65,0.5,,1.6263032587282567e-18
controller_tick,29,2900000,2.9,simulation,0.26042725189662314,0.26042725189662314,29,2.9,2.9,0.0,True,False,1.0,0.65,1.0,0.65,0.0003779907119742093,0.65,0.5,,2.2768245622195593e-18
controller_tick,30,3000000,3.0,simulation,0.2610031018986035,0.2610031018986035,30,3.0,3.0,0.0,True,False,1.0,0.65,1.0,0.65,0.00038008517264983595,0.65,0.5,,3.686287386450715e-18
controller_tick,31,3100000,3.1,simulation,0.2615827363422085,0.2615827363422085,31,3.1,3.1,0.0,True,False,1.0,0.65,1.0,0.65,0.0003819803190397572,0.65,0.5,,4.445228907190568e-18
controller_tick,32,3200000,3.2,simulation,0.262165774852771,0.262165774852771,32,3.2,3.2,0.0,True,False,1.0,0.65,1.0,0.65,0.0003836951184060222,0.65,0.5,,6.938893903907228e-18
controller_tick,33,3300000,3.3,simulation,0.26275187328462124,0.26275187328462124,33,3.3,3.3,0.0,True,False,1.0,0.65,1.0,0.65,0.00038524673303705077,0.65,0.5,,5.9631119486702744e-18
controller_tick,34,3400000,3.4,simulation,0.26334072027320915,0.26334072027320915,34,3.4,3.4,0.0,True,False,1.0,0.65,1.0,0.65,0.00038665069201358445,0.65,0.5,,4.9873299934333204e-18
controller_tick,35,3500000,3.5,simulation,0.26393203411534405,0.26393203411534405,35,3.5,3.5,0.0,True,False,1.0,0.65,1.0,0.65,0.0003879210466289458,0.65,0.5,,4.228388472693467e-18
controller_tick,36,3600000,3.6,simulation,0.2645255599463288,0.2645255599463288,36,3.6,3.6,0.0,True,False,1.0,0.65,1.0,0.65,0.0003890705110191051,0.65,0.5,,5.204170427930421e-18
controller_tick,37,3700000,3.7,simulation,0.26512106718573386,0.26512106718573386,37,3.7,3.7,0.0,True,False,1.0,0.65,1.0,0.65,0.0003901105894100262,0.65,0.5,,4.9873299934333204e-18
controller_tick,38,3800000,3.8,simulation,0.26571834722624654,0.26571834722624654,38,3.8,3.8,0.0,True,False,1.0,0.65,1.0,0.65,0.0003910516912558269,0.65,0.5,,5.5294310796760726e-18
controller_tick,39,3900000,3.9,simulation,0.2663172113424633,0.2663172113424633,39,3.9,3.9,0.0,True,False,1.0,0.65,1.0,0.65,0.0003919032354200942,0.65,0.5,,4.445228907190568e-18
controller_tick,40,4000000,4.0,simulation,0.26691748879869404,0.26691748879869404,40,4.0,4.0,0.0,True,False,1.0,0.65,1.0,0.65,0.00039267374444303723,0.65,0.5,,1.734723475976807e-18
controller_tick,41,4100000,4.1,simulation,0.26751902513684,0.26751902513684,41,4.1,4.1,0.0,True,False,1.0,0.65,1.0,0.65,0.00039337092983793385,0.65,0.5,,9.75781955236954e-19
controller_tick,42,4200000,4.2,simulation,0.2681216806272074,0.2681216806272074,42,4.2,4.2,0.0,True,False,1.0,0.65,1.0,0.65,0.00039400176927054754,0.65,0.5,,-9.75781955236954e-19
controller_tick,43,4300000,4.3,simulation,0.2687253288667525,0.2687253288667525,43,4.3,4.3,0.0,True,False,1.0,0.65,1.0,0.65,0.0003945725763939518,0.65,0.5,,1.0842021724855044e-18
controller_tick,44,4400000,4.4,simulation,0.2693298555107258,0.2693298555107258,44,4.4,4.4,0.0,True,False,1.0,0.65,1.0,0.65,0.000395089064037692,0.65,0.5,,-5.421010862427522e-19
controller_tick,45,4500000,4.5,simulation,0.26993515712502286,0.26993515712502286,45,4.5,4.5,0.0,True,False,1.0,0.65,1.0,0.65,0.0003955564013837036,0.65,0.5,,0.0
controller_tick,46,4600000,4.6,simulation,0.27054114014775177,0.27054114014775177,46,4.6,4.6,0.0,True,False,1.0,0.65,1.0,0.65,0.0003959792657012226,0.65,0.5,,-1.951563910473908e-18
controller_tick,47,4700000,4.7,simulation,0.271147719949626,0.271147719949626,47,4.7,4.7,0.0,True,False,1.0,0.65,1.0,0.65,0.0003963618891584679,0.65,0.5,,6.505213034913027e-19
controller_tick,48,4800000,4.8,simulation,0.27175481998377593,0.27175481998377593,48,4.8,4.8,0.0,True,False,1.0,0.65,1.0,0.65,0.00039670810117960344,0.65,0.5,,1.734723475976807e-18
controller_tick,49,4900000,4.9,simulation,0.27236237101647115,0.27236237101647115,49,4.9,4.9,0.0,True,False,0.99978,0.65,0.99978,0.65,0.00039702136677090223,0.65,0.5,,2.3852447794681098e-18
controller_tick,50,5000000,5.0,simulation,0.27297030191817395,0.27297030191817395,50,5.0,5.0,0.0,True,False,0.999318,0.65,0.999318,0.65,0.00039729644689248146,0.65,0.5,,6.505213034913027e-19
controller_tick,51,5100000,5.1,simulation,0.2735785307625585,0.2735785307625585,51,5.1,5.1,0.0,True,False,0.99885,0.65,0.99885,0.65,0.0003975277636342993,0.65,0.5,,0.0
controller_tick,52,5200000,5.2,simulation,0.2741869741685209,0.2741869741685209,52,5.2,5.2,0.0,True,False,0.99838,0.65,0.99838,0.65,0.0003977192532423725,0.65,0.5,,-1.951563910473908e-18
controller_tick,53,5300000,5.3,simulation,0.27479555642802733,0.27479555642802733,53,5.3,5.3,0.0,True,False,0.997905,0.65,0.997905,0.65,0.0003978746296395145,0.65,0.5,,-3.469446951953614e-18
controller_tick,54,5400000,5.4,simulation,0.2754042088094578,0.2754042088094578,54,5.4,5.4,0.0,True,False,0.997428,0.65,0.997428,0.65,0.00039799713912695657,0.65,0.5,,-4.119968255444917e-18
controller_tick,55,5500000,5.5,simulation,0.2760128688974514,0.2760128688974514,55,5.5,5.5,0.0,True,False,0.996945,0.65,0.996945,0.65,0.0003980898332746212,0.65,0.5,,-6.938893903907228e-18
controller_tick,56,5600000,5.6,simulation,0.2766214799492443,0.2766214799492443,56,5.6,5.6,0.0,True,False,0.996461,0.65,0.996461,0.65,0.00039815532099702695,0.65,0.5,,-7.806255641895632e-18
controller_tick,57,5700000,5.7,simulation,0.277229990398576,0.277229990398576,57,5.7,5.7,0.0,True,False,0.995971,0.65,0.995971,0.65,0.0003981961532628145,0.65,0.5,,-7.37257477290143e-18
controller_tick,58,5800000,5.8,simulation,0.27783835335664375,0.27783835335664375,58,5.8,5.8,0.0,True,False,0.99548,0.65,0.99548,0.65,0.00039821444795869843,0.65,0.5,,-6.7220534694101275e-18
controller_tick,59,5900000,5.9,simulation,0.2784465261732791,0.2784465261732791,59,5.9,5.9,0.0,True,False,0.994982,0.65,0.994982,0.65,0.00039821231175298893,0.65,0.5,,-6.938893903907228e-18
controller_tick,60,6000000,6.0,simulation,0.2790544699884618,0.2790544699884618,60,6.0,6.0,0.0,True,False,0.994487,0.65,0.994487,0.65,0.000398191422447804,0.65,0.5,,-9.107298248878237e-18
controller_tick,61,6100000,6.1,simulation,0.27966214953400487,0.27966214953400487,61,6.1,6.1,0.0,True,False,0.993985,0.65,0.993985,0.65,0.00039815367883160784,0.65,0.5,,-9.974659986866641e-18
controller_tick,62,6200000,6.2,simulation,0.28026953277891564,0.28026953277891564,62,6.2,6.2,0.0,True,False,0.993479,0.65,0.993479,0.65,0.0003981004183489239,0.65,0.5,,-1.0625181290357943e-17
controller_tick,63,6300000,6.3,simulation,0.2808765903631007,0.2808765903631007,63,6.3,6.3,0.0,True,False,0.992973,0.65,0.992973,0.65,0.00039803296536469995,0.65,0.5,,-1.214306433183765e-17
controller_tick,64,6400000,6.4,simulation,0.28148329561023405,0.28148329561023405,64,6.4,6.4,0.0,True,False,0.992466,0.65,0.992466,0.65,0.00039795267047402697,0.65,0.5,,-1.4094628242311558e-17
controller_tick,65,6500000,6.5,simulation,0.2820896243832598,0.2820896243832598,65,6.5,6.5,0.0,True,False,0.991953,0.65,0.991953,0.65,0.0003978607176808472,0.65,0.5,,-1.3010426069826053e-17
controller_tick,66,6600000,6.6,simulation,0.2826955546117184,0.2826955546117184,66,6.6,6.6,0.0,True,False,0.991439,0.65,0.991439,0.65,0.0003977579879910667,0.65,0.5,,-9.540979117872439e-18
controller_tick,67,6700000,6.7,simulation,0.28330106610139366,0.28330106610139366,67,6.7,6.7,0.0,True,False,0.990924,0.65,0.990924,0.65,0.0003976454688969587,0.65,0.5,,-7.589415207398531e-18
controller_tick,68,6800000,6.8,simulation,0.28390614054282126,0.28390614054282126,68,6.8,6.8,0.0,True,False,0.990405,0.65,0.990405,0.65,0.0003975240539184821,0.65,0.5,,-8.456776945386935e-18
controller_tick,69,6900000,6.9,simulation,0.28451076121573005,0.28451076121573005,69,6.9,6.9,0.0,True,False,0.989883,0.65,0.989883,0.65,0.0003973944373508311,0.65,0.5,,-8.890457814381136e-18
controller_tick,70,7000000,7.0,simulation,0.285114912764162,0.285114912764162,70,7.0,7.0,0.0,True,False,0.989361,0.65,0.989361,0.65,0.00039725728548330934,0.65,0.5,,-8.673617379884035e-18
controller_tick,71,7100000,7.1,simulation,0.28571858122009786,0.28571858122009786,71,7.1,7.1,0.0,True,False,0.988834,0.65,0.988834,0.65,0.0003971133153945084,0.65,0.5,,-8.023096076392733e-18
controller_tick,72,7200000,7.2,simulation,0.2863217537900687,0.2863217537900687,72,7.2,7.2,0.0,True,False,0.988307,0.65,0.988307,0.65,0.0003969629855988056,0.65,0.5,,-6.938893903907228e-18
controller_tick,73,7300000,7.3,simulation,0.2869244187496736,0.2869244187496736,73,7.3,7.3,0.0,True,False,0.98778,0.65,0.98778,0.65,0.0003968069013023302,0.65,0.5,,-4.7704895589362195e-18
controller_tick,74,7400000,7.4,simulation,0.28752656552888284,0.28752656552888284,74,7.4,7.4,0.0,True,False,0.987246,0.65,0.987246,0.65,0.0003966456101182337,0.65,0.5,,-4.7704895589362195e-18
controller_tick,75,7500000,7.5,simulation,0.28812818433118503,0.28812818433118503,75,7.5,7.5,0.0,True,False,0.986714,0.65,0.986714,0.65,0.0003964793410921566,0.65,0.5,,-2.168404344971009e-18
controller_tick,76,7600000,7.6,simulation,0.2887292661462319,0.2887292661462319,76,7.6,7.6,0.0,True,False,0.986178,0.65,0.986178,0.65,0.0003963086440584599,0.65,0.5,,-4.119968255444917e-18
controller_tick,77,7700000,7.7,simulation,0.28932980277958525,0.28932980277958525,77,7.7,7.7,0.0,True,False,0.985639,0.65,0.985639,0.65,0.0003961337881376505,0.65,0.5,,-4.336808689942018e-19
controller_tick,78,7800000,7.8,simulation,0.28992978658912744,0.28992978658912744,78,7.8,7.8,0.0,True,False,0.9851,0.65,0.9851,0.65,0.0003959550549050657,0.65,0.5,,-3.0357660829594124e-18
controller_tick,79,7900000,7.9,simulation,0.2905292105859664,0.2905292105859664,79,7.9,7.9,0.0,True,False,0.98456,0.65,0.98456,0.65,0.00039577281333570523,0.65,0.5,,-4.336808689942018e-18
controller_tick,80,8000000,8.0,simulation,0.2911280684457519,0.2911280684457519,80,8.0,8.0,0.0,True,False,0.984016,0.65,0.984016,0.65,0.00039558735922692217,0.65,0.5,,-3.0357660829594124e-18
controller_tick,81,8100000,8.1,simulation,0.2917263542918119,0.2917263542918119,81,8.1,8.1,0.0,True,False,0.983472,0.65,0.983472,0.65,0.0003953988460321315,0.65,0.5,,-2.6020852139652106e-18
controller_tick,82,8200000,8.2,simulation,0.29232406269499844,0.29232406269499844,82,8.2,8.2,0.0,True,False,0.982924,0.65,0.982924,0.65,0.00039520756486185614,0.65,0.5,,-1.3010426069826053e-18
controller_tick,83,8300000,8.3,simulation,0.29292118862593164,0.29292118862593164,83,8.3,8.3,0.0,True,False,0.982375,0.65,0.982375,0.65,0.00039501362686365896,0.65,0.5,,-1.3010426069826053e-18
controller_tick,84,8400000,8.4,simulation,0.2935177273832759,0.2935177273832759,84,8.4,8.4,0.0,True,False,0.981823,0.65,0.981823,0.65,0.0003948172468031119,0.65,0.5,,-4.336808689942018e-19
controller_tick,85,8500000,8.5,simulation,0.2941136745973358,0.2941136745973358,85,8.5,8.5,0.0,True,False,0.98127,0.65,0.98127,0.65,0.00039461854287807524,0.65,0.5,,-2.6020852139652106e-18
controller_tick,86,8600000,8.6,simulation,0.2947090262009664,0.2947090262009664,86,8.6,8.6,0.0,True,False,0.980717,0.65,0.980717,0.65,0.0003944176981684611,0.65,0.5,,-4.336808689942018e-18
controller_tick,87,8700000,8.7,simulation,0.2953037785142469,0.2953037785142469,87,8.7,8.7,0.0,True,False,0.98016,0.65,0.98016,0.65,0.0003942149163968573,0.65,0.5,,-3.469446951953614e-18
controller_tick,88,8800000,8.8,simulation,0.2958979280901615,0.2958979280901615,88,8.8,8.8,0.0,True,False,0.979603,0.65,0.979603,0.65,0.000394010229638953,0.65,0.5,,-4.336808689942018e-18
controller_tick,89,8900000,8.9,simulation,0.29649147169745393,0.29649147169745393,89,8.9,8.9,0.0,True,False,0.979045,0.65,0.979045,0.65,0.0003938038191781633,0.65,0.5,,-4.7704895589362195e-18
controller_tick,90,9000000,9.0,simulation,0.29708440641101624,0.29708440641101624,90,9.0,9.0,0.0,True,False,0.978483,0.65,0.978483,0.65,0.0003935958109814724,0.65,0.5,,-3.903127820947816e-18
controller_tick,91,9100000,9.1,simulation,0.29767672942913814,0.29767672942913814,91,9.1,9.1,0.0,True,False,0.977918,0.65,0.977918,0.65,0.00039338620483342286,0.65,0.5,,-5.204170427930421e-18
controller_tick,92,9200000,9.2,simulation,0.2982684379881335,0.2982684379881335,92,9.2,9.2,0.0,True,False,0.977356,0.65,0.977356,0.65,0.00039317503860409345,0.65,0.5,,-4.7704895589362195e-18
controller_tick,93,9300000,9.3,simulation,0.29885952962828105,0.29885952962828105,93,9.3,9.3,0.0,True,False,0.976787,0.65,0.976787,0.65,0.0003929625749499452,0.65,0.5,,-4.7704895589362195e-18
controller_tick,94,9400000,9.4,simulation,0.2994500020023612,0.2994500020023612,94,9.4,9.4,0.0,True,False,0.97622,0.65,0.97622,0.65,0.0003927486708820442,0.65,0.5,,-5.637851296924623e-18
controller_tick,95,9500000,9.5,simulation,0.30003985283891327,0.30003985283891327,95,9.5,9.5,0.0,True,False,0.97565,0.65,0.97565,0.65,0.00039253353960394793,0.65,0.5,,-6.938893903907228e-18
controller_tick,96,9600000,9.6,simulation,0.3006290800782947,0.3006290800782947,96,9.6,9.6,0.0,True,False,0.975079,0.65,0.975079,0.65,0.0003923171837050488,0.65,0.5,,-5.637851296924623e-18
controller_tick,97,9700000,9.7,simulation,0.3012176817426967,0.3012176817426967,97,9.7,9.7,0.0,True,False,0.974505,0.65,0.974505,0.65,0.0003920996816583915,0.65,0.5,,-4.336808689942018e-18
controller_tick,98,9800000,9.8,simulation,0.30180565592574327,0.30180565592574327,98,9.8,9.8,0.0,True,False,0.97393,0.65,0.97393,0.65,0.0003918810283392577,0.65,0.5,,-5.637851296924623e-18
controller_tick,99,9900000,9.9,simulation,0.3023930007881717,0.3023930007881717,99,9.9,9.9,0.0,True,False,0.973354,0.65,0.973354,0.65,0.000391661295240676,0.65,0.5,,-5.204170427930421e-18
controller_tick,100,10000000,10.0,simulation,0.30297971462622364,0.30297971462622364,100,10.0,10.0,0.0,True,False,0.972775,0.65,0.972775,0.65,0.0003914405470522138,0.65,0.5,,-4.336808689942018e-18
controller_tick,101,10100000,10.1,simulation,0.3035657957812688,0.3035657957812688,101,10.1,10.1,0.0,True,False,0.972196,0.65,0.972196,0.65,0.00039121876617734675,0.65,0.5,,-3.903127820947816e-18
controller_tick,102,10200000,10.2,simulation,0.30415124267668536,0.30415124267668536,102,10.2,10.2,0.0,True,False,0.971616,0.65,0.971616,0.65,0.0003909960508891795,0.65,0.5,,-5.637851296924623e-18
controller_tick,103,10300000,10.3,simulation,0.30473605388355046,0.30473605388355046,103,10.3,10.3,0.0,True,False,0.971033,0.65,0.971033,0.65,0.00039077245204386144,0.65,0.5,,-5.637851296924623e-18
controller_tick,104,10400000,10.4,simulation,0.30532022799167013,0.30532022799167013,104,10.4,10.4,0.0,True,False,0.970449,0.65,0.970449,0.65,0.00039054793952787405,0.65,0.5,,-5.204170427930421e-18
controller_tick,105,10500000,10.5,simulation,0.3059037636102787,0.3059037636102787,105,10.5,10.5,0.0,True,False,0.969861,0.65,0.969861,0.65,0.0003903225622234445,0.65,0.5,,-3.0357660829594124e-18
controller_tick,106,10600000,10.6,simulation,0.30648665932488534,0.30648665932488534,106,10.6,10.6,0.0,True,False,0.969273,0.65,0.969273,0.65,0.00039009625016594274,0.65,0.5,,-4.336808689942018e-18
controller_tick,107,10700000,10.7,simulation,0.3070689137419944,0.3070689137419944,107,10.7,10.7,0.0,True,False,0.968685,0.65,0.968685,0.65,0.0003898690923088845,0.65,0.5,,-7.806255641895632e-18
controller_tick,108,10800000,10.8,simulation,0.30765052563673456,0.30765052563673456,108,10.8,10.8,0.0,True,False,0.968093,0.65,0.968093,0.65,0.0003896411691407394,0.65,0.5,,-5.204170427930421e-18
controller_tick,109,10900000,10.9,simulation,0.3082314937819197,0.3082314937819197,109,10.9,10.9,0.0,True,False,0.967504,0.65,0.967504,0.65,0.0003894124012303554,0.65,0.5,,-6.938893903907228e-18
controller_tick,110,11000000,11.0,simulation,0.30881181706938454,0.30881181706938454,110,11.0,11.0,0.0,True,False,0.966908,0.65,0.966908,0.65,0.0003891829831606834,0.65,0.5,,-6.938893903907228e-18
controller_tick,111,11100000,11.1,simulation,0.30939149437356556,0.30939149437356556,111,11.1,11.1,0.0,True,False,0.966315,0.65,0.966315,0.65,0.0003889527103473304,0.65,0.5,,-6.071532165918825e-18
controller_tick,112,11200000,11.2,simulation,0.30997052456582314,0.30997052456582314,112,11.2,11.2,0.0,True,False,0.965715,0.65,0.965715,0.65,0.00038872177832501037,0.65,0.5,,-6.5052130349130266e-18
controller_tick,113,11300000,11.3,simulation,0.31054890650194733,0.31054890650194733,113,11.3,11.3,0.0,True,False,0.965117,0.65,0.965117,0.65,0.00038848998337052113,0.65,0.5,,-6.071532165918825e-18
controller_tick,114,11400000,11.4,simulation,0.3111266389976112,0.3111266389976112,114,11.4,11.4,0.0,True,False,0.964517,0.65,0.964517,0.65,0.00038825748373278157,0.65,0.5,,-7.37257477290143e-18
controller_tick,115,11500000,11.5,simulation,0.31170372101416344,0.31170372101416344,115,11.5,11.5,0.0,True,False,0.963915,0.65,0.963915,0.65,0.0003880242703412037,0.65,0.5,,-5.637851296924623e-18
controller_tick,116,11600000,11.6,simulation,0.3122801514949674,0.3122801514949674,116,11.6,11.6,0.0,True,False,0.963314,0.65,0.963314,0.65,0.00038779033498838,0.65,0.5,,-5.204170427930421e-18
controller_tick,117,11700000,11.7,simulation,0.31285592948314034,0.31285592948314034,117,11.7,11.7,0.0,True,False,0.962709,0.65,0.962709,0.65,0.00038755578444303964,0.65,0.5,,-6.938893903907228e-18
controller_tick,118,11800000,11.8,simulation,0.31343105403075777,0.31343105403075777,118,11.8,11.8,0.0,True,False,0.962103,0.65,0.962103,0.65,0.0003873205249883596,0.65,0.5,,-7.806255641895632e-18
controller_tick,119,11900000,11.9,simulation,0.3140055241269043,0.3140055241269043,119,11.9,11.9,0.0,True,False,0.961494,0.65,0.961494,0.65,0.00038708458602095035,0.65,0.5,,-8.239936510889834e-18
controller_tick,120,12000000,12.0,simulation,0.3145793387385005,0.3145793387385005,120,12.0,12.0,0.0,True,False,0.960888,0.65,0.960888,0.65,0.0003868479180098993,0.65,0.5,,-7.37257477290143e-18
controller_tick,121,12100000,12.1,simulation,0.31515249696968173,0.31515249696968173,121,12.1,12.1,0.0,True,False,0.960278,0.65,0.960278,0.65,0.0003866107045279801,0.65,0.5,,-7.806255641895632e-18
controller_tick,122,12200000,12.2,simulation,0.31572499800230464,0.31572499800230464,122,12.2,12.2,0.0,True,False,0.959664,0.65,0.959664,0.65,0.0003863728452234778,0.65,0.5,,-7.37257477290143e-18
controller_tick,123,12300000,12.3,simulation,0.31629684082650156,0.31629684082650156,123,12.3,12.3,0.0,True,False,0.959051,0.65,0.959051,0.65,0.0003861342492944058,0.65,0.5,,-8.673617379884035e-18
controller_tick,124,12400000,12.4,simulation,0.31686802445239465,0.31686802445239465,124,12.4,12.4,0.0,True,False,0.958436,0.65,0.958436,0.65,0.0003858950249048928,0.65,0.5,,-9.107298248878237e-18
controller_tick,125,12500000,12.5,simulation,0.3174385479791539,0.3174385479791539,125,12.5,12.5,0.0,True,False,0.957819,0.65,0.957819,0.65,0.00038565515573079154,0.65,0.5,,-9.540979117872439e-18
controller_tick,126,12600000,12.6,simulation,0.31800841047416495,0.31800841047416495,126,12.6,12.6,0.0,True,False,0.957204,0.65,0.957204,0.65,0.00038541462700140267,0.65,0.5,,-7.37257477290143e-18
controller_tick,127,12700000,12.7,simulation,0.31857761113078065,0.31857761113078065,127,12.7,12.7,0.0,True,False,0.956582,0.65,0.956582,0.65,0.00038517357761177584,0.65,0.5,,-9.540979117872439e-18
controller_tick,128,12800000,12.8,simulation,0.3191461490576658,0.3191461490576658,128,12.8,12.8,0.0,True,False,0.955963,0.65,0.955963,0.65,0.0003849317906540541,0.65,0.5,,-9.974659986866641e-18
controller_tick,129,12900000,12.9,simulation,0.319714023336964,0.319714023336964,129,12.9,12.9,0.0,True,False,0.955341,0.65,0.955341,0.65,0.00038468945051222016,0.65,0.5,,-8.673617379884035e-18
controller_tick,130,13000000,13.0,simulation,0.32028123316882356,0.32028123316882356,130,13.0,13.0,0.0,True,False,0.954718,0.65,0.954718,0.65,0.000384446495633604,0.65,0.5,,-9.974659986866641e-18
controller_tick,131,13100000,13.1,simulation,0.3208477777129227,0.3208477777129227,131,13.1,13.1,0.0,True,False,0.954092,0.65,0.954092,0.65,0.0003842029464531123,0.65,0.5,,-9.540979117872439e-18
controller_tick,132,13200000,13.2,simulation,0.3214136560897237,0.3214136560897237,132,13.2,13.2,0.0,True,False,0.953466,0.65,0.953466,0.65,0.00038395874533094773,0.65,0.5,,-7.806255641895632e-18
controller_tick,133,13300000,13.3,simulation,0.3219788674253939,0.3219788674253939,133,13.3,13.3,0.0,True,False,0.952839,0.65,0.952839,0.65,0.00038371395430756303,0.65,0.5,,-1.1275702593849246e-17
controller_tick,134,13400000,13.4,simulation,0.3225434109247728,0.3225434109247728,134,13.4,13.4,0.0,True,False,0.952212,0.65,0.952212,0.65,0.0003834685914544487,0.65,0.5,,-1.214306433183765e-17
controller_tick,135,13500000,13.5,simulation,0.32310728586507154,0.32310728586507154,135,13.5,13.5,0.0,True,False,0.951581,0.65,0.951581,0.65,0.0003832227111883983,0.65,0.5,,-9.540979117872439e-18
controller_tick,136,13600000,13.6,simulation,0.3236704914715414,0.3236704914715414,136,13.6,13.6,0.0,True,False,0.95095,0.65,0.95095,0.65,0.00038297621048763154,0.65,0.5,,-1.1275702593849246e-17
controller_tick,137,13700000,13.7,simulation,0.3242330269274598,0.3242330269274598,137,13.7,13.7,0.0,True,False,0.950316,0.65,0.950316,0.65,0.000382729148394318,0.65,0.5,,-1.0842021724855044e-17
controller_tick,138,13800000,13.8,simulation,0.3247948914116797,0.3247948914116797,138,13.8,13.8,0.0,True,False,0.949681,0.65,0.949681,0.65,0.00038248146413692356,0.65,0.5,,-1.0408340855860843e-17
controller_tick,139,13900000,13.9,simulation,0.32535608406411276,0.32535608406411276,139,13.9,13.9,0.0,True,False,0.949046,0.65,0.949046,0.65,0.00038223317885715575,0.65,0.5,,-8.239936510889834e-18
controller_tick,140,14000000,14.0,simulation,0.325916604102927,0.325916604102927,140,14.0,14.0,0.0,True,False,0.948407,0.65,0.948407,0.65,0.00038198434974985547,0.65,0.5,,-8.239936510889834e-18
controller_tick,141,14100000,14.1,simulation,0.3264764506996578,0.3264764506996578,141,14.1,14.1,0.0,True,False,0.947771,0.65,0.947771,0.65,0.00038173487630692373,0.65,0.5,,-5.637851296924623e-18
controller_tick,142,14200000,14.2,simulation,0.3270356231047738,0.3270356231047738,142,14.2,14.2,0.0,True,False,0.947129,0.65,0.947129,0.65,0.0003814849340401012,0.65,0.5,,-6.071532165918825e-18
controller_tick,143,14300000,14.3,simulation,0.3275941205537841,0.3275941205537841,143,14.3,14.3,0.0,True,False,0.946489,0.65,0.946489,0.65,0.0003812343391736831,0.65,0.5,,-4.7704895589362195e-18
controller_tick,144,14400000,14.4,simulation,0.3281519422413609,0.3281519422413609,144,14.4,14.4,0.0,True,False,0.945847,0.65,0.945847,0.65,0.00038098322994079757,0.65,0.5,,-2.6020852139652106e-18
controller_tick,145,14500000,14.5,simulation,0.3287090874697797,0.3287090874697797,145,14.5,14.5,0.0,True,False,0.945203,0.65,0.945203,0.65,0.0003807315791598201,0.65,0.5,,-8.673617379884035e-19
controller_tick,146,14600000,14.6,simulation,0.32926555548889525,0.32926555548889525,146,14.6,14.6,0.0,True,False,0.944557,0.65,0.944557,0.65,0.00038047936223579976,0.65,0.5,,-8.673617379884035e-19
controller_tick,147,14700000,14.7,simulation,0.3298213455010841,0.3298213455010841,147,14.7,14.7,0.0,True,False,0.943913,0.65,0.943913,0.65,0.00038022655691430477,0.65,0.5,,8.673617379884035e-19
controller_tick,148,14800000,14.8,simulation,0.33037645682049893,0.33037645682049893,148,14.8,14.8,0.0,True,False,0.943266,0.65,0.943266,0.65,0.0003799732953188235,0.65,0.5,,0.0
controller_tick,149,14900000,14.9,simulation,0.33093088881855365,0.33093088881855365,149,14.9,14.9,0.0,True,False,0.942615,0.65,0.942615,0.65,0.00037971950667446843,0.65,0.5,,8.673617379884035e-19
controller_tick,150,15000000,15.0,simulation,0.3314846406925853,0.3314846406925853,150,15.0,15.0,0.0,True,False,0.941964,0.65,0.941964,0.65,0.00037946508887643984,0.65,0.5,,2.6020852139652106e-18
controller_tick,151,15100000,15.1,simulation,0.3320377115997694,0.3320377115997694,151,15.1,15.1,0.0,True,False,0.941313,0.65,0.941313,0.65,0.0003792101017966259,0.65,0.5,,2.6020852139652106e-18
controller_tick,152,15200000,15.2,simulation,0.332590100810589,0.332590100810589,152,15.2,15.2,0.0,True,False,0.940661,0.65,0.940661,0.65,0.00037895459960935113,0.65,0.5,,2.6020852139652106e-18
controller_tick,153,15300000,15.3,simulation,0.3331418076592659,0.3331418076592659,153,15.3,15.3,0.0,True,False,0.940006,0.65,0.940006,0.65,0.0003786985932685387,0.65,0.5,,2.6020852139652106e-18
controller_tick,154,15400000,15.4,simulation,0.33369283142280337,0.33369283142280337,154,15.4,15.4,0.0,True,False,0.939351,0.65,0.939351,0.65,0.0003784420165556426,0.65,0.5,,8.673617379884035e-19
controller_tick,155,15500000,15.5,simulation,0.33424317136762904,0.33424317136762904,155,15.5,15.5,0.0,True,False,0.938696,0.65,0.938696,0.65,0.0003781849237487429,0.65,0.5,,-8.673617379884035e-19
controller_tick,156,15600000,15.6,simulation,0.3347928268628154,0.3347928268628154,156,15.6,15.6,0.0,True,False,0.938037,0.65,0.938037,0.65,0.00037792736396067764,0.65,0.5,,-4.336808689942018e-18
controller_tick,157,15700000,15.7,simulation,0.3353417972154416,0.3353417972154416,157,15.7,15.7,0.0,True,False,0.937378,0.65,0.937378,0.65,0.0003776692293704491,0.65,0.5,,-3.469446951953614e-18
controller_tick,158,15800000,15.8,simulation,0.3358900816815413,0.3358900816815413,158,15.8,15.8,0.0,True,False,0.936719,0.65,0.936719,0.65,0.00037741057467771525,0.65,0.5,,-2.6020852139652106e-18
controller_tick,159,15900000,15.9,simulation,0.3364376796206102,0.3364376796206102,159,15.9,15.9,0.0,True,False,0.936056,0.65,0.936056,0.65,0.00037715144937677336,0.65,0.5,,-1.734723475976807e-18
controller_tick,160,16000000,16.0,simulation,0.33698459033089145,0.33698459033089145,160,16.0,16.0,0.0,True,False,0.935393,0.65,0.935393,0.65,0.00037689174599178453,0.65,0.5,,-1.734723475976807e-18
controller_tick,161,16100000,16.1,simulation,0.3375308130602537,0.3375308130602537,161,16.1,16.1,0.0,True,False,0.93473,0.65,0.93473,0.65,0.00037663151953471917,0.65,0.5,,-2.6020852139652106e-18
controller_tick,162,16200000,16.2,simulation,0.3380763471606361,0.3380763471606361,162,16.2,16.2,0.0,True,False,0.934066,0.65,0.934066,0.65,0.0003763708197824667,0.65,0.5,,-2.6020852139652106e-18
controller_tick,163,16300000,16.3,simulation,0.3386211920393628,0.3386211920393628,163,16.3,16.3,0.0,True,False,0.9334,0.65,0.9334,0.65,0.0003761096537099863,0.65,0.5,,-1.734723475976807e-18
controller_tick,164,16400000,16.4,simulation,0.3391653470776793,0.3391653470776793,164,16.4,16.4,0.0,True,False,0.932733,0.65,0.932733,0.65,0.00037584798956344937,0.65,0.5,,8.673617379884035e-19
controller_tick,165,16500000,16.5,simulation,0.33970881163445604,0.33970881163445604,165,16.5,16.5,0.0,True,False,0.932063,0.65,0.932063,0.65,0.0003755858366758363,0.65,0.5,,-1.734723475976807e-18
controller_tick,166,16600000,16.6,simulation,0.3402515850082995,0.3402515850082995,166,16.6,16.6,0.0,True,False,0.931392,0.65,0.931392,0.65,0.0003753231273619115,0.65,0.5,,0.0
controller_tick,167,16700000,16.7,simulation,0.34079366644579306,0.34079366644579306,167,16.7,16.7,0.0,True,False,0.930721,0.65,0.930721,0.65,0.0003750598765076067,0.65,0.5,,-1.734723475976807e-18
controller_tick,168,16800000,16.8,simulation,0.3413350552599511,0.3413350552599511,168,16.8,16.8,0.0,True,False,0.93005,0.65,0.93005,0.65,0.00037479613564730263,0.65,0.5,,2.6020852139652106e-18
controller_tick,169,16900000,16.9,simulation,0.34187575086124655,0.34187575086124655,169,16.9,16.9,0.0,True,False,0.929376,0.65,0.929376,0.65,0.0003745319514112354,0.65,0.5,,0.0
controller_tick,170,17000000,17.0,simulation,0.3424157526321671,0.3424157526321671,170,17.0,17.0,0.0,True,False,0.928701,0.65,0.928701,0.65,0.000374267251797089,0.65,0.5,,-1.734723475976807e-18
controller_tick,171,17100000,17.1,simulation,0.3429550598949513,0.3429550598949513,171,17.1,17.1,0.0,True,False,0.928027,0.65,0.928027,0.65,0.0003740020477845394,0.65,0.5,,-1.734723475976807e-18
controller_tick,172,17200000,17.2,simulation,0.3434936720695215,0.3434936720695215,172,17.2,17.2,0.0,True,False,0.927349,0.65,0.927349,0.65,0.0003737364254384738,0.65,0.5,,-2.6020852139652106e-18
controller_tick,173,17300000,17.3,simulation,0.3440315885454746,0.3440315885454746,173,17.3,17.3,0.0,True,False,0.926671,0.65,0.926671,0.65,0.00037347027230845854,0.65,0.5,,-1.734723475976807e-18
controller_tick,174,17400000,17.4,simulation,0.3445688086525864,0.3445688086525864,174,17.4,17.4,0.0,True,False,0.925992,0.65,0.925992,0.65,0.00037320363890526475,0.65,0.5,,-3.469446951953614e-18
controller_tick,175,17500000,17.5,simulation,0.3451053317774652,0.3451053317774652,175,17.5,17.5,0.0,True,False,0.925314,0.65,0.925314,0.65,0.0003729365328678953,0.65,0.5,,-1.734723475976807e-18
controller_tick,176,17600000,17.6,simulation,0.3456411573980409,0.3456411573980409,176,17.6,17.6,0.0,True,False,0.924632,0.65,0.924632,0.65,0.0003726690372384715,0.65,0.5,,-2.6020852139652106e-18
controller_tick,177,17700000,17.7,simulation,0.34617628495616193,0.34617628495616193,177,17.7,17.7,0.0,True,False,0.92395,0.65,0.92395,0.65,0.00037240103683144795,0.65,0.5,,-2.6020852139652106e-18
controller_tick,178,17800000,17.8,simulation,0.3467107138286496,0.3467107138286496,178,17.8,17.8,0.0,True,False,0.923264,0.65,0.923264,0.65,0.00037213257968276447,0.65,0.5,,-3.469446951953614e-18
controller_tick,179,17900000,17.9,simulation,0.3472444433283616,0.3472444433283616,179,17.9,17.9,0.0,True,False,0.922582,0.65,0.922582,0.65,0.0003718635569970055,0.65,0.5,,-3.469446951953614e-18
controller_tick,180,18000000,18.0,simulation,0.3477774728701161,0.3477774728701161,180,18.0,18.0,0.0,True,False,0.921896,0.65,0.921896,0.65,0.0003715941748522704,0.65,0.5,,-3.469446951953614e-18
controller_tick,181,18100000,18.1,simulation,0.3483098019507293,0.3483098019507293,181,18.1,18.1,0.0,True,False,0.921207,0.65,0.921207,0.65,0.00037132431519547245,0.65,0.5,,-4.336808689942018e-18
controller_tick,182,18200000,18.2,simulation,0.3488414298804441,0.3488414298804441,182,18.2,18.2,0.0,True,False,0.920521,0.65,0.920521,0.65,0.0003710539092727941,0.65,0.5,,-6.071532165918825e-18
controller_tick,183,18300000,18.3,simulation,0.3493723560702818,0.3493723560702818,183,18.3,18.3,0.0,True,False,0.919832,0.65,0.919832,0.65,0.0003707831232634052,0.65,0.5,,-4.336808689942018e-18
controller_tick,184,18400000,18.4,simulation,0.34990258001473756,0.34990258001473756,184,18.4,18.4,0.0,True,False,0.91914,0.65,0.91914,0.65,0.0003705118791422403,0.65,0.5,,-4.336808689942018e-18
controller_tick,185,18500000,18.5,simulation,0.35043210105922085,0.35043210105922085,185,18.5,18.5,0.0,True,False,0.91845,0.65,0.91845,0.65,0.00037024010630930037,0.65,0.5,,-4.336808689942018e-18
controller_tick,186,18600000,18.6,simulation,0.35096091860770995,0.35096091860770995,186,18.6,18.6,0.0,True,False,0.917757,0.65,0.917757,0.65,0.00036996793120822865,0.65,0.5,,-3.469446951953614e-18
controller_tick,187,18700000,18.7,simulation,0.3514890321107497,0.3514890321107497,187,18.7,18.7,0.0,True,False,0.917064,0.65,0.917064,0.65,0.0003696952779248008,0.65,0.5,,-6.071532165918825e-18
controller_tick,188,18800000,18.8,simulation,0.35201644098992557,0.35201644098992557,188,18.8,18.8,0.0,True,False,0.916371,0.65,0.916371,0.65,0.00036942219196408455,0.65,0.5,,-4.336808689942018e-18
controller_tick,189,18900000,18.9,simulation,0.3525431447528449,0.3525431447528449,189,18.9,18.9,0.0,True,False,0.915675,0.65,0.915675,0.65,0.0003691487145007677,0.65,0.5,,-4.336808689942018e-18
controller_tick,190,19000000,19.0,simulation,0.3530691428687879,0.3530691428687879,190,19.0,19.0,0.0,True,False,0.914979,0.65,0.914979,0.65,0.00036887476859615037,0.65,0.5,,-3.469446951953614e-18
controller_tick,191,19100000,19.1,simulation,0.3535944347761298,0.3535944347761298,191,19.1,19.1,0.0,True,False,0.914282,0.65,0.914282,0.65,0.0003686003988283161,0.65,0.5,,-3.469446951953614e-18
controller_tick,192,19200000,19.2,simulation,0.35411901995881345,0.35411901995881345,192,19.2,19.2,0.0,True,False,0.913582,0.65,0.913582,0.65,0.0003683256074681503,0.65,0.5,,-3.469446951953614e-18
controller_tick,193,19300000,19.3,simulation,0.3546428978271344,0.3546428978271344,193,19.3,19.3,0.0,True,False,0.912882,0.65,0.912882,0.65,0.00036805032044036936,0.65,0.5,,-3.469446951953614e-18
controller_tick,194,19400000,19.4,simulation,0.3551660677659594,0.3551660677659594,194,19.4,19.4,0.0,True,False,0.912183,0.65,0.912183,0.65,0.00036777458491398337,0.65,0.5,,-2.6020852139652106e-18
controller_tick,195,19500000,19.5,simulation,0.3556885292880698,0.3556885292880698,195,19.5,19.5,0.0,True,False,0.911479,0.65,0.911479,0.65,0.00036749848163431035,0.65,0.5,,-3.469446951953614e-18
controller_tick,196,19600000,19.6,simulation,0.3562102818271527,0.3562102818271527,196,19.6,19.6,0.0,True,False,0.910779,0.65,0.910779,0.65,0.0003672218552725387,0.65,0.5,,-3.469446951953614e-18
controller_tick,197,19700000,19.7,simulation,0.3567313248690191,0.3567313248690191,197,19.7,19.7,0.0,True,False,0.910076,0.65,0.910076,0.65,0.00036694490786664266,0.65,0.5,,-6.071532165918825e-18
controller_tick,198,19800000,19.8,simulation,0.3572516580125202,0.3572516580125202,198,19.8,19.8,0.0,True,False,0.909369,0.65,0.909369,0.65,0.0003666675557729117,0.65,0.5,,-6.071532165918825e-18
controller_tick,199,19900000,19.9,simulation,0.3577712806580475,0.3577712806580475,199,19.9,19.9,0.0,True,False,0.908666,0.65,0.908666,0.65,0.00036638968524235386,0.65,0.5,,-8.673617379884035e-18
controller_tick,200,20000000,20.0,simulation,0.35829019229856557,0.35829019229856557,200,20.0,20.0,0.0,True,False,0.907959,0.65,0.907959,0.65,0.0003661114978708874,0.65,0.5,,-1.1275702593849246e-17
controller_tick,201,20100000,20.1,simulation,0.3588083925005496,0.3588083925005496,201,20.1,20.1,0.0,True,False,0.907252,0.65,0.907252,0.65,0.00036583287154978,0.65,0.5,,-8.673617379884035e-18
controller_tick,202,20200000,20.2,simulation,0.3593258807523137,0.3593258807523137,202,20.2,20.2,0.0,True,False,0.906542,0.65,0.906542,0.65,0.00036555384805061293,0.65,0.5,,-1.214306433183765e-17
controller_tick,203,20300000,20.3,simulation,0.35984265650502817,0.35984265650502817,203,20.3,20.3,0.0,True,False,0.905832,0.65,0.905832,0.65,0.00036527435097477747,0.65,0.5,,-1.1275702593849246e-17
controller_tick,204,20400000,20.4,simulation,0.360358719180032,0.360358719180032,204,20.4,20.4,0.0,True,False,0.905122,0.65,0.905122,0.65,0.00036499442538905216,0.65,0.5,,-1.0408340855860843e-17
controller_tick,205,20500000,20.5,simulation,0.36087406828390284,0.36087406828390284,205,20.5,20.5,0.0,True,False,0.904412,0.65,0.904412,0.65,0.0003647141120715445,0.65,0.5,,-8.673617379884035e-18
controller_tick,206,20600000,20.6,simulation,0.3613887034002735,0.3613887034002735,206,20.6,20.6,0.0,True,False,0.903698,0.65,0.903698,0.65,0.000364433447919812,0.65,0.5,,-6.938893903907228e-18
controller_tick,207,20700000,20.7,simulation,0.36190262402764567,0.36190262402764567,207,20.7,20.7,0.0,True,False,0.902985,0.65,0.902985,0.65,0.00036415231406001423,0.65,0.5,,-6.938893903907228e-18
controller_tick,208,20800000,20.8,simulation,0.36241582963124996,0.36241582963124996,208,20.8,20.8,0.0,True,False,0.902271,0.65,0.902271,0.65,0.00036387079325581626,0.65,0.5,,-3.469446951953614e-18
controller_tick,209,20900000,20.9,simulation,0.3629283197558994,0.3629283197558994,209,20.9,20.9,0.0,True,False,0.901558,0.65,0.901558,0.65,0.0003635888842648134,0.65,0.5,,-1.734723475976807e-18
controller_tick,210,21000000,21.0,simulation,0.36344009402089017,0.36344009402089017,210,21.0,21.0,0.0,True,False,0.900841,0.65,0.900841,0.65,0.00036330666209289714,0.65,0.5,,-5.204170427930421e-18
controller_tick,211,21100000,21.1,simulation,0.36395115199421213,0.36395115199421213,211,21.1,21.1,0.0,True,False,0.900124,0.65,0.900124,0.65,0.00036302400428304065,0.65,0.5,,-5.204170427930421e-18
controller_tick,212,21200000,21.2,simulation,0.36446149316506105,0.36446149316506105,212,21.2,21.2,0.0,True,False,0.899408,0.65,0.899408,0.65,0.00036274095229167516,0.65,0.5,,-3.469446951953614e-18
controller_tick,213,21300000,21.3,simulation,0.36497111713970004,0.36497111713970004,213,21.3,21.3,0.0,True,False,0.898688,0.65,0.898688,0.65,0.00036245758169516356,0.65,0.5,,-1.734723475976807e-18
controller_tick,214,21400000,21.4,simulation,0.365480023474184,0.365480023474184,214,21.4,21.4,0.0,True,False,0.897968,0.65,0.897968,0.65,0.0003621737705526631,0.65,0.5,,-4.336808689942018e-18
controller_tick,215,21500000,21.5,simulation,0.36598821164676854,0.36598821164676854,215,21.5,21.5,0.0,True,False,0.897248,0.65,0.897248,0.65,0.0003618895607876675,0.65,0.5,,-2.6020852139652106e-18
controller_tick,216,21600000,21.6,simulation,0.3664956812149816,0.3664956812149816,216,21.6,21.6,0.0,True,False,0.896525,0.65,0.896525,0.65,0.00036160499033412267,0.65,0.5,,-1.734723475976807e-18
controller_tick,217,21700000,21.7,simulation,0.3670024316919247,0.3670024316919247,217,21.7,21.7,0.0,True,False,0.895805,0.65,0.895805,0.65,0.0003613199793209839,0.65,0.5,,-1.734723475976807e-18
controller_tick,218,21800000,21.8,simulation,0.3675084626703696,0.3675084626703696,218,21.8,21.8,0.0,True,False,0.895082,0.65,0.895082,0.65,0.00036103468386813794,0.65,0.5,,0.0
controller_tick,219,21900000,21.9,simulation,0.368013773807474,0.368013773807474,219,21.9,21.9,0.0,True,False,0.894356,0.65,0.894356,0.65,0.00036074901684850344,0.65,0.5,,-8.673617379884035e-19
controller_tick,220,22000000,22.0,simulation,0.3685183645940482,0.3685183645940482,220,22.0,22.0,0.0,True,False,0.893633,0.65,0.893633,0.65,0.00036046289942623697,0.65,0.5,,2.6020852139652106e-18
controller_tick,221,22100000,22.1,simulation,0.3690222346025571,0.3690222346025571,221,22.1,22.1,0.0,True,False,0.892907,0.65,0.892907,0.65,0.0003601764886579143,0.65,0.5,,2.6020852139652106e-18
controller_tick,222,22200000,22.2,simulation,0.36952538347164904,0.36952538347164904,222,22.2,22.2,0.0,True,False,0.892181,0.65,0.892181,0.65,0.0003598896982640052,0.65,0.5,,4.336808689942018e-18
controller_tick,223,22300000,22.3,simulation,0.3700278107913377,0.3700278107913377,223,22.3,22.3,0.0,True,False,0.891451,0.65,0.891451,0.65,0.00035960256437066066,0.65,0.5,,2.6020852139652106e-18
controller_tick,224,22400000,22.4,simulation,0.37052951606508466,0.37052951606508466,224,22.4,22.4,0.0,True,False,0.890722,0.65,0.890722,0.65,0.0003593149674060427,0.65,0.5,,3.469446951953614e-18
controller_tick,225,22500000,22.5,simulation,0.37103049876179905,0.37103049876179905,225,22.5,22.5,0.0,True,False,0.889996,0.65,0.889996,0.65,0.0003590269895022421,0.65,0.5,,2.6020852139652106e-18
controller_tick,226,22600000,22.6,simulation,0.37153075858359974,0.37153075858359974,226,22.6,22.6,0.0,True,False,0.889264,0.65,0.889264,0.65,0.00035873878110551343,0.65,0.5,,4.336808689942018e-18
controller_tick,227,22700000,22.7,simulation,0.3720302951700985,0.3720302951700985,227,22.7,22.7,0.0,True,False,0.888535,0.65,0.888535,0.65,0.00035845013575996215,0.65,0.5,,3.469446951953614e-18
controller_tick,228,22800000,22.8,simulation,0.37252910811576756,0.37252910811576756,228,22.8,22.8,0.0,True,False,0.887802,0.65,0.887802,0.65,0.0003581612092418647,0.65,0.5,,1.734723475976807e-18
controller_tick,229,22900000,22.9,simulation,0.3730271970401429,0.3730271970401429,229,22.9,22.9,0.0,True,False,0.88707,0.65,0.88707,0.65,0.0003578718760481954,0.65,0.5,,8.673617379884035e-19
controller_tick,230,23000000,23.0,simulation,0.37352456151690067,0.37352456151690067,230,23.0,23.0,0.0,True,False,0.886335,0.65,0.886335,0.65,0.00035758221294428455,0.65,0.5,,-3.469446951953614e-18
controller_tick,231,23100000,23.1,simulation,0.37402120111052356,0.37402120111052356,231,23.1,23.1,0.0,True,False,0.885603,0.65,0.885603,0.65,0.0003572921371301442,0.65,0.5,,-4.336808689942018e-18
controller_tick,232,23200000,23.2,simulation,0.3745171154596138,0.3745171154596138,232,23.2,23.2,0.0,True,False,0.884868,0.65,0.884868,0.65,0.00035700180207544373,0.65,0.5,,-5.204170427930421e-18
controller_tick,233,23300000,23.3,simulation,0.3750123042621415,0.3750123042621415,233,23.3,23.3,0.0,True,False,0.884133,0.65,0.884133,0.65,0.0003567111182550858,0.65,0.5,,-6.071532165918825e-18
controller_tick,234,23400000,23.4,simulation,0.3755067671612782,0.3755067671612782,234,23.4,23.4,0.0,True,False,0.883395,0.65,0.883395,0.65,0.0003564201188585109,0.65,0.5,,-8.673617379884035e-18
controller_tick,235,23500000,23.5,simulation,0.3760005037467644,0.3760005037467644,235,23.5,23.5,0.0,True,False,0.882657,0.65,0.882657,0.65,0.00035612871972166827,0.65,0.5,,-7.806255641895632e-18
controller_tick,236,23600000,23.6,simulation,0.37649351356378075,0.37649351356378075,236,23.6,23.6,0.0,True,False,0.881919,0.65,0.881919,0.65,0.00035583695888487395,0.65,0.5,,-7.806255641895632e-18
controller_tick,237,23700000,23.7,simulation,0.376985796229428,0.376985796229428,237,23.7,23.7,0.0,True,False,0.881181,0.65,0.881181,0.65,0.0003555448707684292,0.65,0.5,,-6.938893903907228e-18
controller_tick,238,23800000,23.8,simulation,0.37747735142582023,0.37747735142582023,238,23.8,23.8,0.0,True,False,0.880443,0.65,0.880443,0.65,0.0003552524865171106,0.65,0.5,,-7.806255641895632e-18
controller_tick,239,23900000,23.9,simulation,0.37796817889383494,0.37796817889383494,239,23.9,23.9,0.0,True,False,0.879702,0.65,0.879702,0.65,0.0003549598343118773,0.65,0.5,,-7.806255641895632e-18
controller_tick,240,24000000,24.0,simulation,0.3784582783113721,0.3784582783113721,240,24.0,24.0,0.0,True,False,0.878961,0.65,0.878961,0.65,0.00035466682545681733,0.65,0.5,,-6.938893903907228e-18
controller_tick,241,24100000,24.1,simulation,0.3789476493031348,0.3789476493031348,241,24.1,24.1,0.0,True,False,0.878218,0.65,0.878218,0.65,0.0003543734938916491,0.65,0.5,,-7.806255641895632e-18
controller_tick,242,24200000,24.2,simulation,0.37943629148054187,0.37943629148054187,242,24.2,24.2,0.0,True,False,0.877477,0.65,0.877477,0.65,0.0003540797941962341,0.65,0.5,,-6.071532165918825e-18
controller_tick,243,24300000,24.3,simulation,0.37992420452288767,0.37992420452288767,243,24.3,24.3,0.0,True,False,0.876734,0.65,0.876734,0.65,0.0003537858375328627,0.65,0.5,,-7.806255641895632e-18
controller_tick,244,24400000,24.4,simulation,0.3804113881657325,0.3804113881657325,244,24.4,24.4,0.0,True,False,0.87599,0.65,0.87599,0.65,0.0003534915722252036,0.65,0.5,,-8.673617379884035e-18
controller_tick,245,24500000,24.5,simulation,0.3808978420844894,0.3808978420844894,245,24.5,24.5,0.0,True,False,0.875244,0.65,0.875244,0.65,0.0003531969895796113,0.65,0.5,,-9.540979117872439e-18
controller_tick,246,24600000,24.6,simulation,0.3813835658988477,0.3813835658988477,246,24.6,24.6,0.0,True,False,0.874497,0.65,0.874497,0.65,0.0003529020436647173,0.65,0.5,,-7.806255641895632e-18
controller_tick,247,24700000,24.7,simulation,0.3818685591793202,0.3818685591793202,247,24.7,24.7,0.0,True,False,0.873751,0.65,0.873751,0.65,0.0003526067309851336,0.65,0.5,,-7.806255641895632e-18
controller_tick,248,24800000,24.8,simulation,0.3823528215667103,0.3823528215667103,248,24.8,24.8,0.0,True,False,0.873005,0.65,0.873005,0.65,0.0003523111245081677,0.65,0.5,,-6.938893903907228e-18
controller_tick,249,24900000,24.9,simulation,0.38283635280151324,0.38283635280151324,249,24.9,24.9,0.0,True,False,0.872259,0.65,0.872259,0.65,0.00035201525219233706,0.65,0.5,,-8.673617379884035e-18
controller_tick,250,25000000,25.0,simulation,0.38331915267693534,0.38331915267693534,250,25.0,25.0,0.0,True,False,0.87151,0.65,0.87151,0.65,0.00035171913933555455,0.65,0.5,,-6.938893903907228e-18
controller_tick,251,25100000,25.1,simulation,0.38380122091773106,0.38380122091773106,251,25.1,25.1,0.0,True,False,0.870761,0.65,0.870761,0.65,0.0003514226946332198,0.65,0.5,,-1.734723475976807e-18
controller_tick,252,25200000,25.2,simulation,0.3842825571905074,0.3842825571905074,252,25.2,25.2,0.0,True,False,0.87001,0.65,0.87001,0.65,0.0003511259496646124,0.65,0.5,,-1.734723475976807e-18
controller_tick,253,25300000,25.3,simulation,0.38476316114411013,0.38476316114411013,253,25.3,25.3,0.0,True,False,0.869261,0.65,0.869261,0.65,0.0003508288568737805,0.65,0.5,,-5.204170427930421e-18
controller_tick,254,25400000,25.4,simulation,0.38524303249121217,0.38524303249121217,254,25.4,25.4,0.0,True,False,0.86851,0.65,0.86851,0.65,0.0003505315254904507,0.65,0.5,,-6.938893903907228e-18
controller_tick,255,25500000,25.5,simulation,0.38572217099709205,0.38572217099709205,255,25.5,25.5,0.0,True,False,0.867758,0.65,0.867758,0.65,0.0003502339020896355,0.65,0.5,,-7.806255641895632e-18
controller_tick,256,25600000,25.6,simulation,0.38620057636357136,0.38620057636357136,256,25.6,25.6,0.0,True,False,0.867004,0.65,0.867004,0.65,0.00034993597639544003,0.65,0.5,,-6.938893903907228e-18
controller_tick,257,25700000,25.7,simulation,0.3866782482337559,0.3866782482337559,257,25.7,25.7,0.0,True,False,0.866253,0.65,0.866253,0.65,0.0003496377010448173,0.65,0.5,,-6.938893903907228e-18
controller_tick,258,25800000,25.8,simulation,0.38715518635365265,0.38715518635365265,258,25.8,25.8,0.0,True,False,0.865499,0.65,0.865499,0.65,0.000349339223507074,0.65,0.5,,-4.336808689942018e-18
controller_tick,259,25900000,25.9,simulation,0.38763139051725143,0.38763139051725143,259,25.9,25.9,0.0,True,False,0.864745,0.65,0.864745,0.65,0.0003490404488277604,0.65,0.5,,-6.071532165918825e-18
controller_tick,260,26000000,26.0,simulation,0.38810686045344833,0.38810686045344833,260,26.0,26.0,0.0,True,False,0.863989,0.65,0.863989,0.65,0.0003487414052836354,0.65,0.5,,-6.071532165918825e-18
controller_tick,261,26100000,26.1,simulation,0.3885815958670942,0.3885815958670942,261,26.1,26.1,0.0,True,False,0.863232,0.65,0.863232,0.65,0.0003484420423305031,0.65,0.5,,-5.204170427930421e-18
controller_tick,262,26200000,26.2,simulation,0.38905559640509624,0.38905559640509624,262,26.2,26.2,0.0,True,False,0.862476,0.65,0.862476,0.65,0.0003481423522991166,0.65,0.5,,-4.336808689942018e-18
controller_tick,263,26300000,26.3,simulation,0.38952886177672286,0.38952886177672286,263,26.3,26.3,0.0,True,False,0.86172,0.65,0.86172,0.65,0.00034784240438011973,0.65,0.5,,-2.6020852139652106e-18
controller_tick,264,26400000,26.4,simulation,0.3900013917837631,0.3900013917837631,264,26.4,26.4,0.0,True,False,0.860964,0.65,0.860964,0.65,0.00034754222311476343,0.65,0.5,,-1.734723475976807e-18
controller_tick,265,26500000,26.5,simulation,0.39047318627423194,0.39047318627423194,265,26.5,26.5,0.0,True,False,0.860205,0.65,0.860205,0.65,0.0003472418307088898,0.65,0.5,,-2.6020852139652106e-18
controller_tick,266,26600000,26.6,simulation,0.39094424502182795,0.39094424502182795,266,26.6,26.6,0.0,True,False,0.859446,0.65,0.859446,0.65,0.0003469411330600772,0.65,0.5,,-2.6020852139652106e-18
controller_tick,267,26700000,26.7,simulation,0.391414567736799,0.391414567736799,267,26.7,26.7,0.0,True,False,0.858685,0.65,0.858685,0.65,0.0003466401592160319,0.65,0.5,,-5.204170427930421e-18
controller_tick,268,26800000,26.8,simulation,0.3918841541068361,0.3918841541068361,268,26.8,26.8,0.0,True,False,0.857926,0.65,0.857926,0.65,0.0003463388593301398,0.65,0.5,,-5.204170427930421e-18
controller_tick,269,26900000,26.9,simulation,0.3923530038791216,0.3923530038791216,269,26.9,26.9,0.0,True,False,0.857165,0.65,0.857165,0.65,0.0003460373405594503,0.65,0.5,,-3.469446951953614e-18
controller_tick,270,27000000,27.0,simulation,0.39282111684952387,0.39282111684952387,270,27.0,27.0,0.0,True,False,0.856404,0.65,0.856404,0.65,0.00034573554760354043,0.65,0.5,,-3.469446951953614e-18
controller_tick,271,27100000,27.1,simulation,0.3932884927856066,0.3932884927856066,271,27.1,27.1,0.0,True,False,0.855644,0.65,0.855644,0.65,0.00034543350655458373,0.65,0.5,,-2.6020852139652106e-18
controller_tick,272,27200000,27.2,simulation,0.3937551315428317,0.3937551315428317,272,27.2,27.2,0.0,True,False,0.85488,0.65,0.85488,0.65,0.00034513127908678774,0.65,0.5,,-8.673617379884035e-19
controller_tick,273,27300000,27.3,simulation,0.3942210329000743,0.3942210329000743,273,27.3,27.3,0.0,True,False,0.854117,0.65,0.854117,0.65,0.00034482873068011953,0.65,0.5,,-8.673617379884035e-19
controller_tick,274,27400000,27.4,simulation,0.3946861965732503,0.3946861965732503,274,27.4,27.4,0.0,True,False,0.853354,0.65,0.853354,0.65,0.0003445259299409835,0.65,0.5,,-3.469446951953614e-18
controller_tick,275,27500000,27.5,simulation,0.39515062236970744,0.39515062236970744,275,27.5,27.5,0.0,True,False,0.852588,0.65,0.852588,0.65,0.0003442229008819889,0.65,0.5,,-3.469446951953614e-18
controller_tick,276,27600000,27.6,simulation,0.3956143100259489,0.3956143100259489,276,27.6,27.6,0.0,True,False,0.851825,0.65,0.851825,0.65,0.0003439195510355446,0.65,0.5,,-3.469446951953614e-18
controller_tick,277,27700000,27.7,simulation,0.3960772593342575,0.3960772593342575,277,27.7,27.7,0.0,True,False,0.85106,0.65,0.85106,0.65,0.000343616025123711,0.65,0.5,,-2.6020852139652106e-18
controller_tick,278,27800000,27.8,simulation,0.39653947016839647,0.39653947016839647,278,27.8,27.8,0.0,True,False,0.850294,0.65,0.850294,0.65,0.00034331226377125947,0.65,0.5,,-2.6020852139652106e-18
controller_tick,279,27900000,27.9,simulation,0.3970009423273696,0.3970009423273696,279,27.9,27.9,0.0,True,False,0.849526,0.65,0.849526,0.65,0.00034300825131829436,0.65,0.5,,-2.6020852139652106e-18
controller_tick,280,28000000,28.0,simulation,0.39746167554124273,0.39746167554124273,280,28.0,28.0,0.0,True,False,0.848759,0.65,0.848759,0.65,0.00034270393553012323,0.65,0.5,,-2.6020852139652106e-18
controller_tick,281,28100000,28.1,simulation,0.39792166955634695,0.39792166955634695,281,28.1,28.1,0.0,True,False,0.847991,0.65,0.847991,0.65,0.00034239938333794034,0.65,0.5,,-3.469446951953614e-18
controller_tick,282,28200000,28.2,simulation,0.39838092416856774,0.39838092416856774,282,28.2,28.2,0.0,True,False,0.847224,0.65,0.847224,0.65,0.0003420945791735291,0.65,0.5,,-3.469446951953614e-18
controller_tick,283,28300000,28.3,simulation,0.3988394392211213,0.3988394392211213,283,28.3,28.3,0.0,True,False,0.846457,0.65,0.846457,0.65,0.00034178958508025004,0.65,0.5,,-2.6020852139652106e-18
controller_tick,284,28400000,28.4,simulation,0.39929721463614903,0.39929721463614903,284,28.4,28.4,0.0,True,False,0.845687,0.65,0.845687,0.65,0.00034148441913222467,0.65,0.5,,-3.469446951953614e-18
controller_tick,285,28500000,28.5,simulation,0.39975425025363404,0.39975425025363404,285,28.5,28.5,0.0,True,False,0.844917,0.65,0.844917,0.65,0.00034117898348849597,0.65,0.5,,-1.734723475976807e-18
controller_tick,286,28600000,28.6,simulation,0.400210545843016,0.400210545843016,286,28.6,28.6,0.0,True,False,0.844145,0.65,0.844145,0.65,0.00034087330381400347,0.65,0.5,,-1.734723475976807e-18
controller_tick,287,28700000,28.7,simulation,0.40066610114476425,0.40066610114476425,287,28.7,28.7,0.0,True,False,0.843376,0.65,0.843376,0.65,0.00034056732720127905,0.65,0.5,,-3.469446951953614e-18
controller_tick,288,28800000,28.8,simulation,0.40112091599173594,0.40112091599173594,288,28.8,28.8,0.0,True,False,0.842604,0.65,0.842604,0.65,0.00034026119610283,0.65,0.5,,-2.6020852139652106e-18
controller_tick,289,28900000,28.9,simulation,0.4015749902552653,0.4015749902552653,289,28.9,28.9,0.0,True,False,0.841833,0.65,0.841833,0.65,0.00033995481102481843,0.65,0.5,,-8.673617379884035e-19
controller_tick,290,29000000,29.0,simulation,0.402028323771693,0.402028323771693,290,29.0,29.0,0.0,True,False,0.841062,0.65,0.841062,0.65,0.00033964823420162794,0.65,0.5,,-1.734723475976807e-18
controller_tick,291,29100000,29.1,simulation,0.40248091645666517,0.40248091645666517,291,29.1,29.1,0.0,True,False,0.840288,0.65,0.840288,0.65,0.0003393414838802249,0.65,0.5,,-1.734723475976807e-18
controller_tick,292,29200000,29.2,simulation,0.40293276814401435,0.40293276814401435,292,29.2,29.2,0.0,True,False,0.839514,0.65,0.839514,0.65,0.00033903446237604885,0.65,0.5,,-3.469446951953614e-18
controller_tick,293,29300000,29.3,simulation,0.4033838785973434,0.4033838785973434,293,29.3,29.3,0.0,True,False,0.838741,0.65,0.838741,0.65,0.0003387271954955526,0.65,0.5,,-7.806255641895632e-18
controller_tick,294,29400000,29.4,simulation,0.40383424766765696,0.40383424766765696,294,29.4,29.4,0.0,True,False,0.837968,0.65,0.837968,0.65,0.0003384197446544132,0.65,0.5,,-4.336808689942018e-18
controller_tick,295,29500000,29.5,simulation,0.40428387528371057,0.40428387528371057,295,29.5,29.5,0.0,True,False,0.837192,0.65,0.837192,0.65,0.00033811212735880027,0.65,0.5,,-3.469446951953614e-18
controller_tick,296,29600000,29.6,simulation,0.404732761291041,0.404732761291041,296,29.6,29.6,0.0,True,False,0.836417,0.65,0.836417,0.65,0.00033780424525385307,0.65,0.5,,-5.204170427930421e-18
controller_tick,297,29700000,29.7,simulation,0.4051809055023803,0.4051809055023803,297,29.7,29.7,0.0,True,False,0.835642,0.65,0.835642,0.65,0.0003374961616045443,0.65,0.5,,-4.336808689942018e-18
controller_tick,298,29800000,29.8,simulation,0.40562830781174736,0.40562830781174736,298,29.8,29.8,0.0,True,False,0.834867,0.65,0.834867,0.65,0.0003371878955903559,0.65,0.5,,-3.469446951953614e-18
controller_tick,299,29900000,29.9,simulation,0.4060749681492292,0.4060749681492292,299,29.9,29.9,0.0,True,False,0.83409,0.65,0.83409,0.65,0.0003368794645656006,0.65,0.5,,-3.469446951953614e-18
controller_tick,300,30000000,30.0,simulation,0.40652088640010836,0.40652088640010836,300,30.0,30.0,0.0,True,False,0.833313,0.65,0.833313,0.65,0.00033657080810304434,0.65,0.5,,-6.938893903907228e-18
controller_tick,301,30100000,30.1,simulation,0.4069660624116431,0.4069660624116431,301,30.1,30.1,0.0,True,False,0.832536,0.65,0.832536,0.65,0.0003362619476559305,0.65,0.5,,-3.469446951953614e-18
controller_tick,302,30200000,30.2,simulation,0.40741049607150565,0.40741049607150565,302,30.2,30.2,0.0,True,False,0.831759,0.65,0.831759,0.65,0.00033595290263595614,0.65,0.5,,-5.204170427930421e-18
controller_tick,303,30300000,30.3,simulation,0.40785418730388795,0.40785418730388795,303,30.3,30.3,0.0,True,False,0.83098,0.65,0.83098,0.65,0.0003356436906075513,0.65,0.5,,-5.204170427930421e-18
controller_tick,304,30400000,30.4,simulation,0.4082971359885864,0.4082971359885864,304,30.4,30.4,0.0,True,False,0.830201,0.65,0.830201,0.65,0.00033533425133360384,0.65,0.5,,-1.734723475976807e-18
controller_tick,305,30500000,30.5,simulation,0.40873934196774425,0.40873934196774425,305,30.5,30.5,0.0,True,False,0.829423,0.65,0.829423,0.65,0.00033502460643938624,0.65,0.5,,-1.734723475976807e-18
controller_tick,306,30600000,30.6,simulation,0.40918080516295097,0.40918080516295097,306,30.6,30.6,0.0,True,False,0.828642,0.65,0.828642,0.65,0.0003347148135572872,0.65,0.5,,3.469446951953614e-18
controller_tick,307,30700000,30.7,simulation,0.409621525450264,0.409621525450264,307,30.7,30.7,0.0,True,False,0.827861,0.65,0.827861,0.65,0.0003344047725751172,0.65,0.5,,1.734723475976807e-18
controller_tick,308,30800000,30.8,simulation,0.4100615026309086,0.4100615026309086,308,30.8,30.8,0.0,True,False,0.827081,0.65,0.827081,0.65,0.0003340945071027197,0.65,0.5,,-1.734723475976807e-18
controller_tick,309,30900000,30.9,simulation,0.4105007365893498,0.4105007365893498,309,30.9,30.9,0.0,True,False,0.826301,0.65,0.826301,0.65,0.000333784076568197,0.65,0.5,,0.0
controller_tick,310,31000000,31.0,simulation,0.41093922728404103,0.41093922728404103,310,31.0,31.0,0.0,True,False,0.825521,0.65,0.825521,0.65,0.0003334734966792872,0.65,0.5,,0.0
controller_tick,311,31100000,31.1,simulation,0.41137697470290197,0.41137697470290197,311,31.1,31.1,0.0,True,False,0.824739,0.65,0.824739,0.65,0.00033316278164893944,0.65,0.5,,1.734723475976807e-18
controller_tick,312,31200000,31.2,simulation,0.41181397878307635,0.41181397878307635,312,31.2,31.2,0.0,True,False,0.823957,0.65,0.823957,0.65,0.00033285186820749624,0.65,0.5,,1.734723475976807e-18
controller_tick,313,31300000,31.3,simulation,0.4122502394182829,0.4122502394182829,313,31.3,31.3,0.0,True,False,0.823175,0.65,0.823175,0.65,0.00033254077523626975,0.65,0.5,,1.734723475976807e-18
controller_tick,314,31400000,31.4,simulation,0.41268575653776957,0.41268575653776957,314,31.4,31.4,0.0,True,False,0.822391,0.65,0.822391,0.65,0.00033222951981977774,0.65,0.5,,1.734723475976807e-18
controller_tick,315,31500000,31.5,simulation,0.4131205300254946,0.4131205300254946,315,31.5,31.5,0.0,True,False,0.821608,0.65,0.821608,0.65,0.00033191804128666544,0.65,0.5,,5.204170427930421e-18
controller_tick,316,31600000,31.6,simulation,0.4135545597656516,0.4135545597656516,316,31.6,31.6,0.0,True,False,0.820824,0.65,0.820824,0.65,0.00033160639893431936,0.65,0.5,,3.469446951953614e-18
controller_tick,317,31700000,31.7,simulation,0.41398784567749114,0.41398784567749114,317,31.7,31.7,0.0,True,False,0.820041,0.65,0.820041,0.65,0.000331294570287168,0.65,0.5,,5.204170427930421e-18
controller_tick,318,31800000,31.8,simulation,0.41442038771448314,0.41442038771448314,318,31.8,31.8,0.0,True,False,0.819259,0.65,0.819259,0.65,0.00033098261113853877,0.65,0.5,,1.734723475976807e-18
controller_tick,319,31900000,31.9,simulation,0.4148521859358621,0.4148521859358621,319,31.9,31.9,0.0,True,False,0.818474,0.65,0.818474,0.65,0.0003306705719723221,0.65,0.5,,3.469446951953614e-18
controller_tick,320,32000000,32.0,simulation,0.4152832403417129,0.4152832403417129,320,32.0,32.0,0.0,True,False,0.817689,0.65,0.817689,0.65,0.00033035834620809973,0.65,0.5,,0.0
controller_tick,321,32100000,32.1,simulation,0.41571355084496836,0.41571355084496836,321,32.1,32.1,0.0,True,False,0.816902,0.65,0.816902,0.65,0.0003300459516030198,0.65,0.5,,3.469446951953614e-18
controller_tick,322,32200000,32.2,simulation,0.4161431173145689,0.4161431173145689,322,32.2,32.2,0.0,True,False,0.816118,0.65,0.816118,0.65,0.0003297333280943487,0.65,0.5,,5.204170427930421e-18
controller_tick,323,32300000,32.3,simulation,0.41657193969825645,0.41657193969825645,323,32.3,32.3,0.0,True,False,0.815331,0.65,0.815331,0.65,0.00032942061166024147,0.65,0.5,,8.673617379884035e-18
controller_tick,324,32400000,32.4,simulation,0.41700001796996417,0.41700001796996417,324,32.4,32.4,0.0,True,False,0.814545,0.65,0.814545,0.65,0.00032910769694862417,0.65,0.5,,3.469446951953614e-18
controller_tick,325,32500000,32.5,simulation,0.4174273520575208,0.4174273520575208,325,32.5,32.5,0.0,True,False,0.81376,0.65,0.81376,0.65,0.00032879464089312946,0.65,0.5,,6.938893903907228e-18
controller_tick,326,32600000,32.6,simulation,0.41785394199670883,0.41785394199670883,326,32.6,32.6,0.0,True,False,0.812972,0.65,0.812972,0.65,0.0003284814950094384,0.65,0.5,,1.734723475976807e-18
controller_tick,327,32700000,32.7,simulation,0.4182797877661439,0.4182797877661439,327,32.7,32.7,0.0,True,False,0.812184,0.65,0.812184,0.65,0.0003281681536507357,0.65,0.5,,1.734723475976807e-18
controller_tick,328,32800000,32.8,simulation,0.41870488925908406,0.41870488925908406,328,32.8,32.8,0.0,True,False,0.811397,0.65,0.811397,0.65,0.00032785463541892823,0.65,0.5,,1.734723475976807e-18
controller_tick,329,32900000,32.9,simulation,0.4191292464425076,0.4191292464425076,329,32.9,32.9,0.0,True,False,0.81061,0.65,0.81061,0.65,0.00032754099521075004,0.65,0.5,,0.0
controller_tick,330,33000000,33.0,simulation,0.41955285934877085,0.41955285934877085,330,33.0,33.0,0.0,True,False,0.809821,0.65,0.809821,0.65,0.0003272272446337876,0.65,0.5,,0.0
controller_tick,331,33100000,33.1,simulation,0.4199757279545179,0.4199757279545179,331,33.1,33.1,0.0,True,False,0.809032,0.65,0.809032,0.65,0.0003269133180609538,0.65,0.5,,-1.734723475976807e-18
controller_tick,332,33200000,33.2,simulation,0.42039785218850395,0.42039785218850395,332,33.2,33.2,0.0,True,False,0.808244,0.65,0.808244,0.65,0.00032659923224047014,0.65,0.5,,-5.204170427930421e-18
controller_tick,333,33300000,33.3,simulation,0.42081923204967386,0.42081923204967386,333,33.3,33.3,0.0,True,False,0.807456,0.65,0.807456,0.65,0.00032628504039178697,0.65,0.5,,-5.204170427930421e-18
controller_tick,334,33400000,33.4,simulation,0.42123986759915677,0.42123986759915677,334,33.4,33.4,0.0,True,False,0.806665,0.65,0.806665,0.65,0.0003259707526048215,0.65,0.5,,-6.938893903907228e-18
controller_tick,335,33500000,33.5,simulation,0.4216597588007845,0.4216597588007845,335,33.5,33.5,0.0,True,False,0.805875,0.65,0.805875,0.65,0.00032565626381420997,0.65,0.5,,-6.938893903907228e-18
controller_tick,336,33600000,33.6,simulation,0.42207890557285144,0.42207890557285144,336,33.6,33.6,0.0,True,False,0.805086,0.65,0.805086,0.65,0.00032534163121301115,0.65,0.5,,-6.938893903907228e-18
controller_tick,337,33700000,33.7,simulation,0.4224973079421211,0.4224973079421211,337,33.7,33.7,0.0,True,False,0.804297,0.65,0.804297,0.65,0.00032502690655164464,0.65,0.5,,-6.938893903907228e-18
controller_tick,338,33800000,33.8,simulation,0.422914965994745,0.422914965994745,338,33.8,33.8,0.0,True,False,0.803505,0.65,0.803505,0.65,0.0003247120985907937,0.65,0.5,,-1.0408340855860843e-17
controller_tick,339,33900000,33.9,simulation,0.42333187971704767,0.42333187971704767,339,33.9,33.9,0.0,True,False,0.802714,0.65,0.802714,0.65,0.00032439710106235394,0.65,0.5,,-8.673617379884035e-18
controller_tick,340,34000000,34.0,simulation,0.42374804904752766,0.42374804904752766,340,34.0,34.0,0.0,True,False,0.801924,0.65,0.801924,0.65,0.0003240819700710994,0.65,0.5,,-6.938893903907228e-18
controller_tick,341,34100000,34.1,simulation,0.4241634740310829,0.4241634740310829,341,34.1,34.1,0.0,True,False,0.801134,0.65,0.801134,0.65,0.00032376675638272893,0.65,0.5,,-5.204170427930421e-18
controller_tick,342,34200000,34.2,simulation,0.4245781547701269,0.4245781547701269,342,34.2,34.2,0.0,True,False,0.800341,0.65,0.800341,0.65,0.0003234514678669136,0.65,0.5,,-1.734723475976807e-18
controller_tick,343,34300000,34.3,simulation,0.4249920912655526,0.4249920912655526,343,34.3,34.3,0.0,True,False,0.799549,0.65,0.799549,0.65,0.0003231359974493279,0.65,0.5,,0.0
controller_tick,344,34400000,34.4,simulation,0.4254052834688956,0.4254052834688956,344,34.4,34.4,0.0,True,False,0.798758,0.65,0.798758,0.65,0.00032282040050524667,0.65,0.5,,0.0
controller_tick,345,34500000,34.5,simulation,0.4258177314367053,0.4258177314367053,345,34.5,34.5,0.0,True,False,0.797964,0.65,0.797964,0.65,0.0003225047271402908,0.65,0.5,,-3.469446951953614e-18
controller_tick,346,34600000,34.6,simulation,0.42622943516570677,0.42622943516570677,346,34.6,34.6,0.0,True,False,0.797174,0.65,0.797174,0.65,0.00032218887043176963,0.65,0.5,,-3.469446951953614e-18
controller_tick,347,34700000,34.7,simulation,0.42664039471964926,0.42664039471964926,347,34.7,34.7,0.0,True,False,0.796381,0.65,0.796381,0.65,0.0003218730000872614,0.65,0.5,,-1.734723475976807e-18
controller_tick,348,34800000,34.8,simulation,0.4270506102139724,0.4270506102139724,348,34.8,34.8,0.0,True,False,0.795586,0.65,0.795586,0.65,0.00032155700320930347,0.65,0.5,,-1.734723475976807e-18
controller_tick,349,34900000,34.9,simulation,0.42746008158756643,0.42746008158756643,349,34.9,34.9,0.0,True,False,0.794794,0.65,0.794794,0.65,0.00032124081570908,0.65,0.5,,0.0
controller_tick,350,35000000,35.0,simulation,0.427868808850487,0.427868808850487,350,35.0,35.0,0.0,True,False,0.794,0.65,0.794,0.65,0.0003209245699217964,0.65,0.5,,-1.734723475976807e-18
controller_tick,351,35100000,35.1,simulation,0.4282767920707723,0.4282767920707723,351,35.1,35.1,0.0,True,False,0.793206,0.65,0.793206,0.65,0.00032060819526413413,0.65,0.5,,0.0
controller_tick,352,35200000,35.2,simulation,0.42868403125914734,0.42868403125914734,352,35.2,35.2,0.0,True,False,0.792413,0.65,0.792413,0.65,0.00032029170399973123,0.65,0.5,,1.734723475976807e-18
controller_tick,353,35300000,35.3,simulation,0.4290905264880026,0.4290905264880026,353,35.3,35.3,0.0,True,False,0.791617,0.65,0.791617,0.65,0.00031997514529021905,0.65,0.5,,5.204170427930421e-18
controller_tick,354,35400000,35.4,simulation,0.429496277768116,0.429496277768116,354,35.4,35.4,0.0,True,False,0.790825,0.65,0.790825,0.65,0.0003196584113587499,0.65,0.5,,5.204170427930421e-18
controller_tick,355,35500000,35.5,simulation,0.429901285175673,0.429901285175673,355,35.5,35.5,0.0,True,False,0.790031,0.65,0.790031,0.65,0.0003193416711400288,0.65,0.5,,3.469446951953614e-18
controller_tick,356,35600000,35.6,simulation,0.4303055488757837,0.4303055488757837,356,35.6,35.6,0.0,True,False,0.789234,0.65,0.789234,0.65,0.0003190248491023013,0.65,0.5,,3.469446951953614e-18
controller_tick,357,35700000,35.7,simulation,0.4307090688507225,0.4307090688507225,357,35.7,35.7,0.0,True,False,0.788441,0.65,0.788441,0.65,0.0003187078388365768,0.65,0.5,,5.204170427930421e-18
controller_tick,358,35800000,35.8,simulation,0.4311118451507867,0.4311118451507867,358,35.8,35.8,0.0,True,False,0.787645,0.65,0.787645,0.65,0.0003183908105152488,0.65,0.5,,8.673617379884035e-18
controller_tick,359,35900000,35.9,simulation,0.43151387787886947,0.43151387787886947,359,35.9,35.9,0.0,True,False,0.78685,0.65,0.78685,0.65,0.0003180736516614368,0.65,0.5,,6.938893903907228e-18
controller_tick,360,36000000,36.0,simulation,0.4319151670782226,0.4319151670782226,360,36.0,36.0,0.0,True,False,0.786056,0.65,0.786056,0.65,0.00031775641276198175,0.65,0.5,,8.673617379884035e-18
controller_tick,361,36100000,36.1,simulation,0.432315712887809,0.432315712887809,361,36.1,36.1,0.0,True,False,0.785259,0.65,0.785259,0.65,0.0003174391394992665,0.65,0.5,,8.673617379884035e-18
controller_tick,362,36200000,36.2,simulation,0.4327155153783524,0.4327155153783524,362,36.2,36.2,0.0,True,False,0.784462,0.65,0.784462,0.65,0.00031712172094828926,0.65,0.5,,8.673617379884035e-18
controller_tick,363,36300000,36.3,simulation,0.43311457452520574,0.43311457452520574,363,36.3,36.3,0.0,True,False,0.783667,0.65,0.783667,0.65,0.00031680417093505616,0.65,0.5,,1.0408340855860843e-17
controller_tick,364,36400000,36.4,simulation,0.43351289040708263,0.43351289040708263,364,36.4,36.4,0.0,True,False,0.782872,0.65,0.782872,0.65,0.00031648657809992046,0.65,0.5,,1.0408340855860843e-17
controller_tick,365,36500000,36.5,simulation,0.43391046319361826,0.43391046319361826,365,36.5,36.5,0.0,True,False,0.782077,0.65,0.782077,0.65,0.00031616894651792505,0.65,0.5,,1.214306433183765e-17
controller_tick,366,36600000,36.6,simulation,0.43430729306181115,0.43430729306181115,366,36.6,36.6,0.0,True,False,0.78128,0.65,0.78128,0.65,0.00031585127987632103,0.65,0.5,,1.0408340855860843e-17
controller_tick,367,36700000,36.7,simulation,0.4347033801178931,0.4347033801178931,367,36.7,36.7,0.0,True,False,0.780484,0.65,0.780484,0.65,0.0003155335053814058,0.65,0.5,,1.3877787807814457e-17
controller_tick,368,36800000,36.8,simulation,0.43509872444528636,0.43509872444528636,368,36.8,36.8,0.0,True,False,0.779685,0.65,0.779685,0.65,0.00031521567136181167,0.65,0.5,,1.5612511283791264e-17
controller_tick,369,36900000,36.9,simulation,0.43549332606423513,0.43549332606423513,369,36.9,36.9,0.0,True,False,0.77889,0.65,0.77889,0.65,0.0003148976692869624,0.65,0.5,,1.5612511283791264e-17
controller_tick,370,37000000,37.0,simulation,0.43588718505897683,0.43588718505897683,370,37.0,37.0,0.0,True,False,0.778093,0.65,0.778093,0.65,0.00031457966740956115,0.65,0.5,,1.9081958235744878e-17
controller_tick,371,37100000,37.1,simulation,0.43628030160139597,0.43628030160139597,371,37.1,37.1,0.0,True,False,0.777296,0.65,0.777296,0.65,0.0003142615895807528,0.65,0.5,,1.9081958235744878e-17
controller_tick,372,37200000,37.2,simulation,0.436672675795475,0.436672675795475,372,37.2,37.2,0.0,True,False,0.776497,0.65,0.776497,0.65,0.0003139434430282692,0.65,0.5,,1.734723475976807e-17
controller_tick,373,37300000,37.3,simulation,0.43706430768119575,0.43706430768119575,373,37.3,37.3,0.0,True,False,0.775702,0.65,0.775702,0.65,0.0003136251581619672,0.65,0.5,,1.9081958235744878e-17
controller_tick,374,37400000,37.4,simulation,0.4374551973979409,0.4374551973979409,374,37.4,37.4,0.0,True,False,0.774904,0.65,0.774904,0.65,0.00031330690040427795,0.65,0.5,,2.2551405187698492e-17
controller_tick,375,37500000,37.5,simulation,0.43784534512864937,0.43784534512864937,375,37.5,37.5,0.0,True,False,0.774107,0.65,0.774107,0.65,0.00031298855298037757,0.65,0.5,,2.0816681711721685e-17
controller_tick,376,37600000,37.6,simulation,0.4382347509884418,0.4382347509884418,376,37.6,37.6,0.0,True,False,0.773308,0.65,0.773308,0.65,0.0003126701624881671,0.65,0.5,,2.0816681711721685e-17
controller_tick,377,37700000,37.7,simulation,0.4386234150646659,0.4386234150646659,377,37.7,37.7,0.0,True,False,0.772512,0.65,0.772512,0.65,0.0003123516568960724,0.65,0.5,,1.9081958235744878e-17
controller_tick,378,37800000,37.8,simulation,0.4390113375007214,0.4390113375007214,378,37.8,37.8,0.0,True,False,0.771714,0.65,0.771714,0.65,0.00031203316135239415,0.65,0.5,,2.42861286636753e-17
controller_tick,379,37900000,37.9,simulation,0.43939851848431943,0.43939851848431943,379,37.9,37.9,0.0,True,False,0.770914,0.65,0.770914,0.65,0.0003117145987708334,0.65,0.5,,2.0816681711721685e-17
controller_tick,380,38000000,38.0,simulation,0.4397849580561005,0.4397849580561005,380,38.0,38.0,0.0,True,False,0.770117,0.65,0.770117,0.65,0.00031139589940082265,0.65,0.5,,2.2551405187698492e-17
controller_tick,381,38100000,38.1,simulation,0.4401706563171147,0.4401706563171147,381,38.1,38.1,0.0,True,False,0.769318,0.65,0.769318,0.65,0.00031107719045460233,0.65,0.5,,2.42861286636753e-17
controller_tick,382,38200000,38.2,simulation,0.44055561341666666,0.44055561341666666,382,38.2,38.2,0.0,True,False,0.76852,0.65,0.76852,0.65,0.00031075839671340367,0.65,0.5,,2.42861286636753e-17
controller_tick,383,38300000,38.3,simulation,0.4409398294766464,0.4409398294766464,383,38.3,38.3,0.0,True,False,0.767722,0.65,0.767722,0.65,0.00031043956431156853,0.65,0.5,,2.2551405187698492e-17
controller_tick,384,38400000,38.4,simulation,0.44132330466768876,0.44132330466768876,384,38.4,38.4,0.0,True,False,0.766925,0.65,0.766925,0.65,0.00031012069692814285,0.65,0.5,,2.42861286636753e-17
controller_tick,385,38500000,38.5,simulation,0.44170603920576096,0.44170603920576096,385,38.5,38.5,0.0,True,False,0.766126,0.65,0.766126,0.65,0.000309801835957098,0.65,0.5,,2.42861286636753e-17
controller_tick,386,38600000,38.6,simulation,0.44208803326913987,0.44208803326913987,386,38.6,38.6,0.0,True,False,0.765327,0.65,0.765327,0.65,0.00030948290465814964,0.65,0.5,,2.42861286636753e-17
controller_tick,387,38700000,38.7,simulation,0.4424692869670942,0.4424692869670942,387,38.7,38.7,0.0,True,False,0.764529,0.65,0.764529,0.65,0.00030916390972388265,0.65,0.5,,2.2551405187698492e-17
controller_tick,388,38800000,38.8,simulation,0.4428498004599806,0.4428498004599806,388,38.8,38.8,0.0,True,False,0.763729,0.65,0.763729,0.65,0.00030884489527503104,0.65,0.5,,2.2551405187698492e-17
controller_tick,389,38900000,38.9,simulation,0.4432295738756734,0.4432295738756734,389,38.9,38.9,0.0,True,False,0.76293,0.65,0.76293,0.65,0.0003085257870385875,0.65,0.5,,2.0816681711721685e-17
controller_tick,390,39000000,39.0,simulation,0.44360860731644725,0.44360860731644725,390,39.0,39.0,0.0,True,False,0.762131,0.65,0.762131,0.65,0.00030820663200465423,0.65,0.5,,1.9081958235744878e-17
controller_tick,391,39100000,39.1,simulation,0.44398690093496485,0.44398690093496485,391,39.1,39.1,0.0,True,False,0.761333,0.65,0.761333,0.65,0.00030788743462660116,0.65,0.5,,1.734723475976807e-17
controller_tick,392,39200000,39.2,simulation,0.4443644549307093,0.4443644549307093,392,39.2,39.2,0.0,True,False,0.760536,0.65,0.760536,0.65,0.00030756823699903686,0.65,0.5,,1.9081958235744878e-17
controller_tick,393,39300000,39.3,simulation,0.4447412695829081,0.4447412695829081,393,39.3,39.3,0.0,True,False,0.759737,0.65,0.759737,0.65,0.00030724907721073824,0.65,0.5,,1.9081958235744878e-17
controller_tick,394,39400000,39.4,simulation,0.4451173451268026,0.4451173451268026,394,39.4,39.4,0.0,True,False,0.758938,0.65,0.758938,0.65,0.00030692987553075754,0.65,0.5,,2.0816681711721685e-17
controller_tick,395,39500000,39.5,simulation,0.4454926817229301,0.4454926817229301,395,39.5,39.5,0.0,True,False,0.758137,0.65,0.758137,0.65,0.00030661063594561536,0.65,0.5,,1.9081958235744878e-17
controller_tick,396,39600000,39.6,simulation,0.44586727946167576,0.44586727946167576,396,39.6,39.6,0.0,True,False,0.75734,0.65,0.75734,0.65,0.0003062912859323991,0.65,0.5,,1.9081958235744878e-17
controller_tick,397,39700000,39.7,simulation,0.44624113852726244,0.44624113852726244,397,39.7,39.7,0.0,True,False,0.75654,0.65,0.75654,0.65,0.0003059719882598607,0.65,0.5,,1.9081958235744878e-17
controller_tick,398,39800000,39.8,simulation,0.4466142591424391,0.4466142591424391,398,39.8,39.8,0.0,True,False,0.755742,0.65,0.755742,0.65,0.00030565262375202763,0.65,0.5,,1.9081958235744878e-17
controller_tick,399,39900000,39.9,simulation,0.44698664149628337,0.44698664149628337,399,39.9,39.9,0.0,True,False,0.754941,0.65,0.754941,0.65,0.0003053332748991847,0.65,0.5,,1.9081958235744878e-17
controller_tick,400,40000000,40.0,simulation,0.4473582857410228,0.4473582857410228,400,40.0,40.0,0.0,True,False,0.754144,0.65,0.754144,0.65,0.0003050138260164643,0.65,0.5,,1.734723475976807e-17
controller_tick,401,40100000,40.1,simulation,0.44772919207927037,0.44772919207927037,401,40.1,40.1,0.0,True,False,0.753344,0.65,0.753344,0.65,0.00030469443888309896,0.65,0.5,,1.9081958235744878e-17
controller_tick,402,40200000,40.2,simulation,0.4480993607502822,0.4480993607502822,402,40.2,40.2,0.0,True,False,0.752546,0.65,0.752546,0.65,0.0003043749934277623,0.65,0.5,,1.9081958235744878e-17
controller_tick,403,40300000,40.3,simulation,0.4484687919579403,0.4484687919579403,403,40.3,40.3,0.0,True,False,0.751745,0.65,0.751745,0.65,0.0003040555713305893,0.65,0.5,,1.9081958235744878e-17
controller_tick,404,40400000,40.4,simulation,0.4488374858677359,0.4488374858677359,404,40.4,40.4,0.0,True,False,0.750948,0.65,0.750948,0.65,0.0003037360561736583,0.65,0.5,,2.0816681711721685e-17
controller_tick,405,40500000,40.5,simulation,0.4492054426941522,0.4492054426941522,405,40.5,40.5,0.0,True,False,0.750149,0.65,0.750149,0.65,0.0003034166090729074,0.65,0.5,,1.9081958235744878e-17
controller_tick,406,40600000,40.6,simulation,0.44957266272575136,0.44957266272575136,406,40.6,40.6,0.0,True,False,0.749347,0.65,0.749347,0.65,0.00030309714742186915,0.65,0.5,,2.0816681711721685e-17
controller_tick,407,40700000,40.7,simulation,0.44993914605483337,0.44993914605483337,407,40.7,40.7,0.0,True,False,0.74855,0.65,0.74855,0.65,0.00030277755841008814,0.65,0.5,,2.0816681711721685e-17
controller_tick,408,40800000,40.8,simulation,0.45030489286827424,0.45030489286827424,408,40.8,40.8,0.0,True,False,0.74775,0.65,0.74775,0.65,0.00030245804448270547,0.65,0.5,,1.9081958235744878e-17
controller_tick,409,40900000,40.9,simulation,0.4506699034282977,0.4506699034282977,409,40.9,40.9,0.0,True,False,0.746951,0.65,0.746951,0.65,0.0003021384842993975,0.65,0.5,,1.9081958235744878e-17
controller_tick,410,41000000,41.0,simulation,0.451034177920645,0.451034177920645,410,41.0,41.0,0.0,True,False,0.746153,0.65,0.746153,0.65,0.0003018189203270303,0.65,0.5,,1.9081958235744878e-17
controller_tick,411,41100000,41.1,simulation,0.4513977166115371,0.4513977166115371,411,41.1,41.1,0.0,True,False,0.745352,0.65,0.745352,0.65,0.0003014993909912133,0.65,0.5,,1.9081958235744878e-17
controller_tick,412,41200000,41.2,simulation,0.4517605196851808,0.4517605196851808,412,41.2,41.2,0.0,True,False,0.744553,0.65,0.744553,0.65,0.0003011797788007447,0.65,0.5,,1.734723475976807e-17
controller_tick,413,41300000,41.3,simulation,0.45212258729534527,0.45212258729534527,413,41.3,41.3,0.0,True,False,0.743754,0.65,0.743754,0.65,0.0003008601677703526,0.65,0.5,,1.734723475976807e-17
controller_tick,414,41400000,41.4,simulation,0.45248391967796564,0.45248391967796564,414,41.4,41.4,0.0,True,False,0.742956,0.65,0.742956,0.65,0.00030054055778964105,0.65,0.5,,1.9081958235744878e-17
controller_tick,415,41500000,41.5,simulation,0.4528445171071197,0.4528445171071197,415,41.5,41.5,0.0,True,False,0.742156,0.65,0.742156,0.65,0.00030022098682375256,0.65,0.5,,2.0816681711721685e-17
controller_tick,416,41600000,41.6,simulation,0.45320437981269346,0.45320437981269346,416,41.6,41.6,0.0,True,False,0.74136,0.65,0.74136,0.65,0.00029990137502987026,0.65,0.5,,2.0816681711721685e-17
controller_tick,417,41700000,41.7,simulation,0.45356350810446894,0.45356350810446894,417,41.7,41.7,0.0,True,False,0.740558,0.65,0.740558,0.65,0.00029958187855342266,0.65,0.5,,2.42861286636753e-17
controller_tick,418,41800000,41.8,simulation,0.45392190220205453,0.45392190220205453,418,41.8,41.8,0.0,True,False,0.739761,0.65,0.739761,0.65,0.0002992622580303082,0.65,0.5,,2.42861286636753e-17
controller_tick,419,41900000,41.9,simulation,0.45427956229487115,0.45427956229487115,419,41.9,41.9,0.0,True,False,0.738961,0.65,0.738961,0.65,0.0002989427155902918,0.65,0.5,,2.6020852139652106e-17
controller_tick,420,42000000,42.0,simulation,0.4546364886471,0.4546364886471,420,42.0,42.0,0.0,True,False,0.738165,0.65,0.738165,0.65,0.00029862312960768594,0.65,0.5,,2.2551405187698492e-17
controller_tick,421,42100000,42.1,simulation,0.4549926815619975,0.4549926815619975,421,42.1,42.1,0.0,True,False,0.737364,0.65,0.737364,0.65,0.000298303656486247,0.65,0.5,,2.42861286636753e-17
controller_tick,422,42200000,42.2,simulation,0.4553481412918405,0.4553481412918405,422,42.2,42.2,0.0,True,False,0.736567,0.65,0.736567,0.65,0.00029798409516065106,0.65,0.5,,2.6020852139652106e-17
controller_tick,423,42300000,42.3,simulation,0.4557028680542049,0.4557028680542049,423,42.3,42.3,0.0,True,False,0.735768,0.65,0.735768,0.65,0.00029766460628476464,0.65,0.5,,2.6020852139652106e-17
controller_tick,424,42400000,42.4,simulation,0.45605686213988783,0.45605686213988783,424,42.4,42.4,0.0,True,False,0.73497,0.65,0.73497,0.65,0.0002973451068340206,0.65,0.5,,2.42861286636753e-17
controller_tick,425,42500000,42.5,simulation,0.4564101237974335,0.4564101237974335,425,42.5,42.5,0.0,True,False,0.734172,0.65,0.734172,0.65,0.00029702563587978255,0.65,0.5,,2.7755575615628914e-17
controller_tick,426,42600000,42.6,simulation,0.4567626533107098,0.4567626533107098,426,42.6,42.6,0.0,True,False,0.733373,0.65,0.733373,0.65,0.0002967061907102494,0.65,0.5,,2.949029909160572e-17
controller_tick,427,42700000,42.7,simulation,0.45711445091938724,0.45711445091938724,427,42.7,42.7,0.0,True,False,0.732577,0.65,0.732577,0.65,0.00029638673080664924,0.65,0.5,,3.2959746043559335e-17
controller_tick,428,42800000,42.8,simulation,0.45746551694048443,0.45746551694048443,428,42.8,42.8,0.0,True,False,0.731776,0.65,0.731776,0.65,0.00029606737176621233,0.65,0.5,,3.469446951953614e-17
controller_tick,429,42900000,42.9,simulation,0.4578158516010865,0.4578158516010865,429,42.9,42.9,0.0,True,False,0.730979,0.65,0.730979,0.65,0.00029574791366537563,0.65,0.5,,3.2959746043559335e-17
controller_tick,430,43000000,43.0,simulation,0.4581654550957654,0.4581654550957654,430,43.0,43.0,0.0,True,False,0.730183,0.65,0.730183,0.65,0.0002954285181911138,0.65,0.5,,3.2959746043559335e-17
controller_tick,431,43100000,43.1,simulation,0.4585143278103821,0.4585143278103821,431,43.1,43.1,0.0,True,False,0.729385,0.65,0.729385,0.65,0.00029510921744875296,0.65,0.5,,3.2959746043559335e-17
controller_tick,432,43200000,43.2,simulation,0.458862470075444,0.458862470075444,432,43.2,43.2,0.0,True,False,0.728588,0.65,0.728588,0.65,0.0002947899262932954,0.65,0.5,,3.2959746043559335e-17
controller_tick,433,43300000,43.3,simulation,0.4592098821751693,0.4592098821751693,433,43.3,43.3,0.0,True,False,0.727789,0.65,0.727789,0.65,0.00029447068187745925,0.65,0.5,,2.7755575615628914e-17
controller_tick,434,43400000,43.4,simulation,0.4595565643480569,0.4595565643480569,434,43.4,43.4,0.0,True,False,0.72699,0.65,0.72699,0.65,0.00029415140362331596,0.65,0.5,,2.949029909160572e-17
controller_tick,435,43500000,43.5,simulation,0.4599025167563382,0.4599025167563382,435,43.5,43.5,0.0,True,False,0.726193,0.65,0.726193,0.65,0.00029383209475100625,0.65,0.5,,2.949029909160572e-17
controller_tick,436,43600000,43.6,simulation,0.46024773964546545,0.46024773964546545,436,43.6,43.6,0.0,True,False,0.725396,0.65,0.725396,0.65,0.00029351283430429937,0.65,0.5,,2.949029909160572e-17
controller_tick,437,43700000,43.7,simulation,0.4605922333335999,0.4605922333335999,437,43.7,43.7,0.0,True,False,0.724601,0.65,0.724601,0.65,0.00029319361767489005,0.65,0.5,,3.2959746043559335e-17
controller_tick,438,43800000,43.8,simulation,0.46093599820718734,0.46093599820718734,438,43.8,43.8,0.0,True,False,0.723803,0.65,0.723803,0.65,0.0002928745168230766,0.65,0.5,,3.122502256758253e-17
controller_tick,439,43900000,43.9,simulation,0.4612790345957802,0.4612790345957802,439,43.9,43.9,0.0,True,False,0.723007,0.65,0.723007,0.65,0.0002925554065360657,0.65,0.5,,3.469446951953614e-17
controller_tick,440,44000000,44.0,simulation,0.4616213427837924,0.4616213427837924,440,44.0,44.0,0.0,True,False,0.722211,0.65,0.722211,0.65,0.00029223636384180073,0.65,0.5,,3.469446951953614e-17
controller_tick,441,44100000,44.1,simulation,0.46196292312450515,0.46196292312450515,441,44.1,44.1,0.0,True,False,0.721413,0.65,0.721413,0.65,0.0002919173823079814,0.65,0.5,,3.469446951953614e-17
controller_tick,442,44200000,44.2,simulation,0.46230377588122473,0.46230377588122473,442,44.2,44.2,0.0,True,False,0.720616,0.65,0.720616,0.65,0.0002915983799843562,0.65,0.5,,3.8163916471489756e-17
controller_tick,443,44300000,44.3,simulation,0.46264390127707666,0.46264390127707666,443,44.3,44.3,0.0,True,False,0.71982,0.65,0.71982,0.65,0.00029127939691436967,0.65,0.5,,3.642919299551295e-17
controller_tick,444,44400000,44.4,simulation,0.4629832996110834,0.4629832996110834,444,44.4,44.4,0.0,True,False,0.719026,0.65,0.719026,0.65,0.0002909604693308285,0.65,0.5,,3.642919299551295e-17
controller_tick,445,44500000,44.5,simulation,0.4633219712895895,0.4633219712895895,445,44.5,44.5,0.0,True,False,0.718229,0.65,0.718229,0.65,0.0002906416680835648,0.65,0.5,,3.469446951953614e-17
controller_tick,446,44600000,44.6,simulation,0.4636599166599353,0.4636599166599353,446,44.6,44.6,0.0,True,False,0.717433,0.65,0.717433,0.65,0.000290322866954994,0.65,0.5,,3.469446951953614e-17
controller_tick,447,44700000,44.7,simulation,0.4639971359837179,0.4639971359837179,447,44.7,44.7,0.0,True,False,0.716638,0.65,0.716638,0.65,0.0002900041039988537,0.65,0.5,,3.469446951953614e-17
controller_tick,448,44800000,44.8,simulation,0.46433362959463914,0.46433362959463914,448,44.8,44.8,0.0,True,False,0.715841,0.65,0.715841,0.65,0.0002896854136475897,0.65,0.5,,3.469446951953614e-17
controller_tick,449,44900000,44.9,simulation,0.4646693977755087,0.4646693977755087,449,44.9,44.9,0.0,True,False,0.715048,0.65,0.715048,0.65,0.00028936671286186876,0.65,0.5,,3.642919299551295e-17
controller_tick,450,45000000,45.0,simulation,0.465004440882973,0.465004440882973,450,45.0,45.0,0.0,True,False,0.714253,0.65,0.714253,0.65,0.00028904815489479206,0.65,0.5,,3.2959746043559335e-17
controller_tick,451,45100000,45.1,simulation,0.4653387593328102,0.4653387593328102,451,45.1,45.1,0.0,True,False,0.713456,0.65,0.713456,0.65,0.000288729650025303,0.65,0.5,,3.642919299551295e-17
controller_tick,452,45200000,45.2,simulation,0.4656723533697117,0.4656723533697117,452,45.2,45.2,0.0,True,False,0.712663,0.65,0.712663,0.65,0.0002884111170704325,0.65,0.5,,3.122502256758253e-17
controller_tick,453,45300000,45.3,simulation,0.4660052233157518,0.4660052233157518,453,45.3,45.3,0.0,True,False,0.711867,0.65,0.711867,0.65,0.00028809271096298916,0.65,0.5,,2.7755575615628914e-17
controller_tick,454,45400000,45.4,simulation,0.46633736951664934,0.46633736951664934,454,45.4,45.4,0.0,True,False,0.711073,0.65,0.711073,0.65,0.0002877743054367459,0.65,0.5,,2.7755575615628914e-17
controller_tick,455,45500000,45.5,simulation,0.46666879227099206,0.46666879227099206,455,45.5,45.5,0.0,True,False,0.710277,0.65,0.710277,0.65,0.0002874559765664598,0.65,0.5,,2.42861286636753e-17
controller_tick,456,45600000,45.6,simulation,0.4669994918670416,0.4669994918670416,456,45.6,45.6,0.0,True,False,0.709485,0.65,0.709485,0.65,0.0002871376409272864,0.65,0.5,,2.7755575615628914e-17
controller_tick,457,45700000,45.7,simulation,0.4673294686661688,0.4673294686661688,457,45.7,45.7,0.0,True,False,0.708691,0.65,0.708691,0.65,0.0002868194514235018,0.65,0.5,,2.6020852139652106e-17
controller_tick,458,45800000,45.8,simulation,0.46765872308821854,0.46765872308821854,458,45.8,45.8,0.0,True,False,0.707896,0.65,0.707896,0.65,0.0002865013180184194,0.65,0.5,,2.7755575615628914e-17
controller_tick,459,45900000,45.9,simulation,0.4679872554200507,0.4679872554200507,459,45.9,45.9,0.0,True,False,0.707104,0.65,0.707104,0.65,0.0002861831973085091,0.65,0.5,,2.6020852139652106e-17
controller_tick,460,46000000,46.0,simulation,0.4683150660204066,0.4683150660204066,460,46.0,46.0,0.0,True,False,0.70631,0.65,0.70631,0.65,0.00028586520228076386,0.65,0.5,,2.949029909160572e-17
controller_tick,461,46100000,46.1,simulation,0.46864215526923886,0.46864215526923886,461,46.1,46.1,0.0,True,False,0.705517,0.65,0.705517,0.65,0.00028554724484487884,0.65,0.5,,2.6020852139652106e-17
controller_tick,462,46200000,46.2,simulation,0.46896852349462437,0.46896852349462437,462,46.2,46.2,0.0,True,False,0.704722,0.65,0.704722,0.65,0.0002852293594885483,0.65,0.5,,2.42861286636753e-17
controller_tick,463,46300000,46.3,simulation,0.46929417097386916,0.46929417097386916,463,46.3,46.3,0.0,True,False,0.703931,0.65,0.703931,0.65,0.0002849114632224302,0.65,0.5,,2.0816681711721685e-17
controller_tick,464,46400000,46.4,simulation,0.46961909805822744,0.46961909805822744,464,46.4,46.4,0.0,True,False,0.703139,0.65,0.703139,0.65,0.0002845937093448592,0.65,0.5,,1.9081958235744878e-17
controller_tick,465,46500000,46.5,simulation,0.4699433051968831,0.4699433051968831,465,46.5,46.5,0.0,True,False,0.702347,0.65,0.702347,0.65,0.0002842760462407407,0.65,0.5,,2.0816681711721685e-17
controller_tick,466,46600000,46.6,simulation,0.4702667927791509,0.4702667927791509,466,46.6,46.6,0.0,True,False,0.701553,0.65,0.701553,0.65,0.0002839584652718386,0.65,0.5,,1.734723475976807e-17
controller_tick,467,46700000,46.7,simulation,0.4705895611001901,0.4705895611001901,467,46.7,46.7,0.0,True,False,0.700761,0.65,0.700761,0.65,0.00028364088249188815,0.65,0.5,,2.0816681711721685e-17
controller_tick,468,46800000,46.8,simulation,0.4709116104498946,0.4709116104498946,468,46.8,46.8,0.0,True,False,0.699969,0.65,0.699969,0.65,0.0002833233742032989,0.65,0.5,,2.0816681711721685e-17
controller_tick,469,46900000,46.9,simulation,0.47123294118567277,0.47123294118567277,469,46.9,46.9,0.0,True,False,0.699179,0.65,0.699179,0.65,0.0002830059333172806,0.65,0.5,,1.9081958235744878e-17
controller_tick,470,47000000,47.0,simulation,0.4715535537285211,0.4715535537285211,470,47.0,47.0,0.0,True,False,0.698387,0.65,0.698387,0.65,0.0002826886295496961,0.65,0.5,,2.0816681711721685e-17
controller_tick,471,47100000,47.1,simulation,0.4718734484769924,0.4718734484769924,471,47.1,47.1,0.0,True,False,0.697598,0.65,0.697598,0.65,0.0002823713737219356,0.65,0.5,,1.9081958235744878e-17
controller_tick,472,47200000,47.2,simulation,0.4721926258530899,0.4721926258530899,472,47.2,47.2,0.0,True,False,0.696805,0.65,0.696805,0.65,0.00028205427546702013,0.65,0.5,,1.5612511283791264e-17
controller_tick,473,47300000,47.3,simulation,0.4725110862162494,0.4725110862162494,473,47.3,47.3,0.0,True,False,0.696016,0.65,0.696016,0.65,0.0002817371675297797,0.65,0.5,,8.673617379884035e-18
controller_tick,474,47400000,47.4,simulation,0.4728288299168774,0.4728288299168774,474,47.4,47.4,0.0,True,False,0.695225,0.65,0.695225,0.65,0.00028142020309174047,0.65,0.5,,3.469446951953614e-18
controller_tick,475,47500000,47.5,simulation,0.4731458573644024,0.4731458573644024,475,47.5,47.5,0.0,True,False,0.694435,0.65,0.694435,0.65,0.0002811032923670824,0.65,0.5,,5.204170427930421e-18
controller_tick,476,47600000,47.6,simulation,0.47346216891315684,0.47346216891315684,476,47.6,47.6,0.0,True,False,0.693646,0.65,0.693646,0.65,0.0002807864683093343,0.65,0.5,,5.204170427930421e-18
controller_tick,477,47700000,47.7,simulation,0.47377776497987795,0.47377776497987795,477,47.7,47.7,0.0,True,False,0.692856,0.65,0.692856,0.65,0.0002804697607360819,0.65,0.5,,3.469446951953614e-18
controller_tick,478,47800000,47.8,simulation,0.47409264596033257,0.47409264596033257,478,47.8,47.8,0.0,True,False,0.692066,0.65,0.692066,0.65,0.00028015312049732723,0.65,0.5,,5.204170427930421e-18
controller_tick,479,47900000,47.9,simulation,0.4744068121951364,0.4744068121951364,479,47.9,47.9,0.0,True,False,0.691278,0.65,0.691278,0.65,0.0002798365411853455,0.65,0.5,,5.204170427930421e-18
controller_tick,480,48000000,48.0,simulation,0.47472026408980356,0.47472026408980356,480,48.0,48.0,0.0,True,False,0.690491,0.65,0.690491,0.65,0.00027952009313225327,0.65,0.5,,3.469446951953614e-18
controller_tick,481,48100000,48.1,simulation,0.4750330021446789,0.4750330021446789,481,48.1,48.1,0.0,True,False,0.689701,0.65,0.689701,0.65,0.0002792038019121485,0.65,0.5,,3.469446951953614e-18
controller_tick,482,48200000,48.2,simulation,0.475345026753652,0.475345026753652,482,48.2,48.2,0.0,True,False,0.688913,0.65,0.688913,0.65,0.0002788875384053009,0.65,0.5,,1.0408340855860843e-17
controller_tick,483,48300000,48.3,simulation,0.47565633825806664,0.47565633825806664,483,48.3,48.3,0.0,True,False,0.688126,0.65,0.688126,0.65,0.0002785713761045108,0.65,0.5,,5.204170427930421e-18
controller_tick,484,48400000,48.4,simulation,0.47596693710013205,0.47596693710013205,484,48.4,48.4,0.0,True,False,0.687338,0.65,0.687338,0.65,0.00027825534344378127,0.65,0.5,,5.204170427930421e-18
controller_tick,485,48500000,48.5,simulation,0.47627682369845414,0.47627682369845414,485,48.5,48.5,0.0,True,False,0.68655,0.65,0.68655,0.65,0.0002779393900211967,0.65,0.5,,3.469446951953614e-18
controller_tick,486,48600000,48.6,simulation,0.476585998414106,0.476585998414106,486,48.6,48.6,0.0,True,False,0.685763,0.65,0.685763,0.65,0.00027762350829625064,0.65,0.5,,5.204170427930421e-18
controller_tick,487,48700000,48.7,simulation,0.47689446163220883,0.47689446163220883,487,48.7,48.7,0.0,True,False,0.684978,0.65,0.684978,0.65,0.0002773077295110434,0.65,0.5,,6.938893903907228e-18
controller_tick,488,48800000,48.8,simulation,0.47720221383573025,0.47720221383573025,488,48.8,48.8,0.0,True,False,0.684191,0.65,0.684191,0.65,0.0002769921199996292,0.65,0.5,,6.938893903907228e-18
controller_tick,489,48900000,48.9,simulation,0.47750925547875983,0.47750925547875983,489,48.9,48.9,0.0,True,False,0.683405,0.65,0.683405,0.65,0.00027667658752341133,0.65,0.5,,3.469446951953614e-18
controller_tick,490,49000000,49.0,simulation,0.47781558695562576,0.47781558695562576,490,49.0,49.0,0.0,True,False,0.682617,0.65,0.682617,0.65,0.0002763611628165543,0.65,0.5,,1.734723475976807e-18
controller_tick,491,49100000,49.1,simulation,0.47812120860275215,0.47812120860275215,491,49.1,49.1,0.0,True,False,0.681833,0.65,0.681833,0.65,0.0002760457594933821,0.65,0.5,,3.469446951953614e-18
controller_tick,492,49200000,49.2,simulation,0.4784261208240599,0.4784261208240599,492,49.2,49.2,0.0,True,False,0.681048,0.65,0.681048,0.65,0.000275730527779099,0.65,0.5,,0.0
controller_tick,493,49300000,49.3,simulation,0.478730324115565,0.478730324115565,493,49.3,49.3,0.0,True,False,0.680263,0.65,0.680263,0.65,0.00027541541327792733,0.65,0.5,,0.0
controller_tick,494,49400000,49.4,simulation,0.47903381890813784,0.47903381890813784,494,49.4,49.4,0.0,True,False,0.679477,0.65,0.679477,0.65,0.0002751004048355648,0.65,0.5,,3.469446951953614e-18
controller_tick,495,49500000,49.5,simulation,0.47933660557241736,0.47933660557241736,495,49.5,49.5,0.0,True,False,0.678692,0.65,0.678692,0.65,0.0002747854542941484,0.65,0.5,,5.204170427930421e-18
controller_tick,496,49600000,49.6,simulation,0.4796386844644975,0.4796386844644975,496,49.6,49.6,0.0,True,False,0.677908,0.65,0.677908,0.65,0.0002744705942087075,0.65,0.5,,6.938893903907228e-18
controller_tick,497,49700000,49.7,simulation,0.47994005600213685,0.47994005600213685,497,49.7,49.7,0.0,True,False,0.677125,0.65,0.677125,0.65,0.0002741558540362506,0.65,0.5,,5.204170427930421e-18
controller_tick,498,49800000,49.8,simulation,0.48024072065884804,0.48024072065884804,498,49.8,49.8,0.0,True,False,0.676341,0.65,0.676341,0.65,0.0002738412604305814,0.65,0.5,,1.0408340855860843e-17
controller_tick,499,49900000,49.9,simulation,0.4805406788811578,0.4805406788811578,499,49.9,49.9,0.0,True,False,0.675558,0.65,0.675558,0.65,0.0002735267613789931,0.65,0.5,,1.3877787807814457e-17
controller_tick,500,50000000,50.0,simulation,0.48083993109369627,0.48083993109369627,500,50.0,50.0,0.0,True,False,0.674776,0.65,0.674776,0.65,0.0002732123859485081,0.65,0.5,,1.0408340855860843e-17
controller_tick,501,50100000,50.1,simulation,0.4811384777761064,0.4811384777761064,501,50.1,50.1,0.0,True,False,0.673995,0.65,0.673995,0.65,0.0002728981604400557,0.65,0.5,,1.0408340855860843e-17
controller_tick,502,50200000,50.2,simulation,0.4814363194577669,0.4814363194577669,502,50.2,50.2,0.0,True,False,0.673212,0.65,0.673212,0.65,0.000272584108651701,0.65,0.5,,1.0408340855860843e-17
controller_tick,503,50300000,50.3,simulation,0.48173345659692923,0.48173345659692923,503,50.3,50.3,0.0,True,False,0.672431,0.65,0.672431,0.65,0.0002722701379217255,0.65,0.5,,1.3877787807814457e-17
controller_tick,504,50400000,50.4,simulation,0.4820298896299858,0.4820298896299858,504,50.4,50.4,0.0,True,False,0.671648,0.65,0.671648,0.65,0.00027195631666647,0.65,0.5,,1.0408340855860843e-17
controller_tick,505,50500000,50.5,simulation,0.4823256189684402,0.4823256189684402,505,50.5,50.5,0.0,True,False,0.670866,0.65,0.670866,0.65,0.0002716425545314687,0.65,0.5,,1.214306433183765e-17
controller_tick,506,50600000,50.6,simulation,0.4826206449676452,0.4826206449676452,506,50.6,50.6,0.0,True,False,0.670085,0.65,0.670085,0.65,0.0002713288839557183,0.65,0.5,,1.214306433183765e-17
controller_tick,507,50700000,50.7,simulation,0.4829149680444064,0.4829149680444064,507,50.7,50.7,0.0,True,False,0.669306,0.65,0.669306,0.65,0.0002710153342912369,0.65,0.5,,1.214306433183765e-17
controller_tick,508,50800000,50.8,simulation,0.483208588709789,0.483208588709789,508,50.8,50.8,0.0,True,False,0.668524,0.65,0.668524,0.65,0.0002707019701618615,0.65,0.5,,1.214306433183765e-17
controller_tick,509,50900000,50.9,simulation,0.48350150740404035,0.48350150740404035,509,50.9,50.9,0.0,True,False,0.667744,0.65,0.667744,0.65,0.000270388659716494,0.65,0.5,,1.3877787807814457e-17
controller_tick,510,51000000,51.0,simulation,0.48379372450967706,0.48379372450967706,510,51.0,51.0,0.0,True,False,0.666965,0.65,0.666965,0.65,0.00027007547397649124,0.65,0.5,,1.3877787807814457e-17
controller_tick,511,51100000,51.1,simulation,0.48408524050539126,0.48408524050539126,511,51.1,51.1,0.0,True,False,0.666188,0.65,0.666188,0.65,0.0002697624391396014,0.65,0.5,,1.734723475976807e-17
controller_tick,512,51200000,51.2,simulation,0.48437605595811956,0.48437605595811956,512,51.2,51.2,0.0,True,False,0.665409,0.65,0.665409,0.65,0.0002694496169755603,0.65,0.5,,1.5612511283791264e-17
controller_tick,513,51300000,51.3,simulation,0.4846661713972347,0.4846661713972347,513,51.3,51.3,0.0,True,False,0.664631,0.65,0.664631,0.65,0.000269136911115805,0.65,0.5,,1.734723475976807e-17
controller_tick,514,51400000,51.4,simulation,0.4849555872844906,0.4849555872844906,514,51.4,51.4,0.0,True,False,0.663851,0.65,0.663851,0.65,0.00026882434855755204,0.65,0.5,,1.734723475976807e-17
controller_tick,515,51500000,51.5,simulation,0.4852443040166297,0.4852443040166297,515,51.5,51.5,0.0,True,False,0.663076,0.65,0.663076,0.65,0.00026851183953379495,0.65,0.5,,1.734723475976807e-17
controller_tick,516,51600000,51.6,simulation,0.485532322090158,0.485532322090158,516,51.6,51.6,0.0,True,False,0.662298,0.65,0.662298,0.65,0.0002681995692752168,0.65,0.5,,1.5612511283791264e-17
controller_tick,517,51700000,51.7,simulation,0.48581964204420186,0.48581964204420186,517,51.7,51.7,0.0,True,False,0.661519,0.65,0.661519,0.65,0.0002678874008652083,0.65,0.5,,1.5612511283791264e-17
controller_tick,518,51800000,51.8,simulation,0.4861062642344104,0.4861062642344104,518,51.8,51.8,0.0,True,False,0.660745,0.65,0.660745,0.65,0.00026757528654656386,0.65,0.5,,2.0816681711721685e-17
controller_tick,519,51900000,51.9,simulation,0.48639218915745813,0.48639218915745813,519,51.9,51.9,0.0,True,False,0.659968,0.65,0.659968,0.65,0.00026726341149697344,0.65,0.5,,2.7755575615628914e-17
controller_tick,520,52000000,52.0,simulation,0.4866774173525415,0.4866774173525415,520,52.0,52.0,0.0,True,False,0.659193,0.65,0.659193,0.65,0.00026695163875187786,0.65,0.5,,2.6020852139652106e-17
controller_tick,521,52100000,52.1,simulation,0.486961949291379,0.486961949291379,521,52.1,52.1,0.0,True,False,0.658417,0.65,0.658417,0.65,0.0002666400347057827,0.65,0.5,,2.6020852139652106e-17
controller_tick,522,52200000,52.2,simulation,0.48724578545565433,0.48724578545565433,522,52.2,52.2,0.0,True,False,0.657641,0.65,0.657641,0.65,0.0002663285452398227,0.65,0.5,,2.7755575615628914e-17
controller_tick,523,52300000,52.3,simulation,0.48752892626246136,0.48752892626246136,523,52.3,52.3,0.0,True,False,0.656867,0.65,0.656867,0.65,0.0002660171594502565,0.65,0.5,,2.42861286636753e-17
controller_tick,524,52400000,52.4,simulation,0.48781137218525594,0.48781137218525594,524,52.4,52.4,0.0,True,False,0.656094,0.65,0.656094,0.65,0.0002657059436010362,0.65,0.5,,2.42861286636753e-17
controller_tick,525,52500000,52.5,simulation,0.4880931237846047,0.4880931237846047,525,52.5,52.5,0.0,True,False,0.65532,0.65,0.65532,0.65,0.0002653949195852326,0.65,0.5,,2.7755575615628914e-17
controller_tick,526,52600000,52.6,simulation,0.4883741815850295,0.4883741815850295,526,52.6,52.6,0.0,True,False,0.654546,0.65,0.654546,0.65,0.00026508403108244956,0.65,0.5,,2.7755575615628914e-17
controller_tick,527,52700000,52.7,simulation,0.4886545460422653,0.4886545460422653,527,52.7,52.7,0.0,True,False,0.653771,0.65,0.653771,0.65,0.00026477326519691824,0.65,0.5,,2.949029909160572e-17
controller_tick,528,52800000,52.8,simulation,0.48893421754852345,0.48893421754852345,528,52.8,52.8,0.0,True,False,0.653001,0.65,0.653001,0.65,0.0002644625721950316,0.65,0.5,,2.42861286636753e-17
controller_tick,529,52900000,52.9,simulation,0.4892131966332784,0.4892131966332784,529,52.9,52.9,0.0,True,False,0.652228,0.65,0.652228,0.65,0.00026415213546615774,0.65,0.5,,2.2551405187698492e-17
controller_tick,530,53000000,53.0,simulation,0.48949148386512326,0.48949148386512326,530,53.0,53.0,0.0,True,False,0.651458,0.65,0.651458,0.65,0.0002638418164275967,0.65,0.5,,2.42861286636753e-17
controller_tick,531,53100000,53.1,simulation,0.48976907978079043,0.48976907978079043,531,53.1,53.1,0.0,True,False,0.650685,0.65,0.650685,0.65,0.0002635317180747328,0.65,0.5,,2.7755575615628914e-17
controller_tick,532,53200000,53.2,simulation,0.49004598488053275,0.49004598488053275,532,53.2,53.2,0.0,True,False,0.649914,0.65,0.649914,0.65,0.00026322170521144697,0.65,0.5,,2.6020852139652106e-17
controller_tick,533,53300000,53.3,simulation,0.4903221996005102,0.4903221996005102,533,53.3,53.3,0.0,True,False,0.649144,0.65,0.649144,0.65,0.00026291184583239577,0.65,0.5,,2.6020852139652106e-17
controller_tick,534,53400000,53.4,simulation,0.490597724467304,0.490597724467304,534,53.4,53.4,0.0,True,False,0.648372,0.65,0.648372,0.65,0.00026260216339665587,0.65,0.5,,2.949029909160572e-17
controller_tick,535,53500000,53.5,simulation,0.4908725599357504,0.4908725599357504,535,53.5,53.5,0.0,True,False,0.647602,0.65,0.647602,0.65,0.0002622925649357794,0.65,0.5,,3.469446951953614e-17
controller_tick,536,53600000,53.6,simulation,0.4911467064382705,0.4911467064382705,536,53.6,53.6,0.0,True,False,0.646833,0.65,0.646833,0.65,0.0002619831185885671,0.65,0.5,,3.469446951953614e-17
controller_tick,537,53700000,53.7,simulation,0.4914201644979839,0.4914201644979839,537,53.7,53.7,0.0,True,False,0.646065,0.65,0.646065,0.65,0.00026167384794452273,0.65,0.5,,3.8163916471489756e-17
controller_tick,538,53800000,53.8,simulation,0.4916929346826052,0.4916929346826052,538,53.8,53.8,0.0,True,False,0.645296,0.65,0.645296,0.65,0.00026136477434831197,0.65,0.5,,3.469446951953614e-17
controller_tick,539,53900000,53.9,simulation,0.4919650175227694,0.4919650175227694,539,53.9,53.9,0.0,True,False,0.644529,0.65,0.644529,0.65,0.00026105584098332134,0.65,0.5,,3.2959746043559335e-17
controller_tick,540,54000000,54.0,simulation,0.49223641355678077,0.49223641355678077,540,54.0,54.0,0.0,True,False,0.643762,0.65,0.643762,0.65,0.00026074711063485146,0.65,0.5,,2.949029909160572e-17
controller_tick,541,54100000,54.1,simulation,0.4925071233647349,0.4925071233647349,541,54.1,54.1,0.0,True,False,0.642994,0.65,0.642994,0.65,0.0002604385639833261,0.65,0.5,,3.122502256758253e-17
controller_tick,542,54200000,54.2,simulation,0.4927771474509584,0.4927771474509584,542,54.2,54.2,0.0,True,False,0.642227,0.65,0.642227,0.65,0.0002601301454826369,0.65,0.5,,2.6020852139652106e-17
controller_tick,543,54300000,54.3,simulation,0.4930464862911783,0.4930464862911783,543,54.3,54.3,0.0,True,False,0.641462,0.65,0.641462,0.65,0.0002598218810026522,0.65,0.5,,2.42861286636753e-17
controller_tick,544,54400000,54.4,simulation,0.4933151404487688,0.4933151404487688,544,54.4,54.4,0.0,True,False,0.640695,0.65,0.640695,0.65,0.00025951383201642966,0.65,0.5,,2.949029909160572e-17
controller_tick,545,54500000,54.5,simulation,0.4935831104490025,0.4935831104490025,545,54.5,54.5,0.0,True,False,0.63993,0.65,0.63993,0.65,0.0002592059018869609,0.65,0.5,,3.122502256758253e-17
controller_tick,546,54600000,54.6,simulation,0.4938503967877451,0.4938503967877451,546,54.6,54.6,0.0,True,False,0.639166,0.65,0.639166,0.65,0.00025889815543359587,0.65,0.5,,2.7755575615628914e-17
controller_tick,547,54700000,54.7,simulation,0.49411700004523573,0.49411700004523573,547,54.7,54.7,0.0,True,False,0.6384,0.65,0.6384,0.65,0.00025859061324227516,0.65,0.5,,2.6020852139652106e-17
controller_tick,548,54800000,54.8,simulation,0.49438292072449763,0.49438292072449763,548,54.8,54.8,0.0,True,False,0.637636,0.65,0.637636,0.65,0.00025828317974482964,0.65,0.5,,2.6020852139652106e-17
controller_tick,549,54900000,54.9,simulation,0.49464815930118894,0.49464815930118894,549,54.9,54.9,0.0,True,False,0.636873,0.65,0.636873,0.65,0.000257975920727735,0.65,0.5,,2.7755575615628914e-17
controller_tick,550,55000000,55.0,simulation,0.4949127163371891,0.4949127163371891,550,55.0,55.0,0.0,True,False,0.636108,0.65,0.636108,0.65,0.0002576688576520234,0.65,0.5,,2.6020852139652106e-17
controller_tick,551,55100000,55.1,simulation,0.49517659231883376,0.49517659231883376,551,55.1,55.1,0.0,True,False,0.635345,0.65,0.635345,0.65,0.00025736189574134135,0.65,0.5,,2.42861286636753e-17
controller_tick,552,55200000,55.2,simulation,0.49543978770660696,0.49543978770660696,552,55.2,55.2,0.0,True,False,0.634584,0.65,0.634584,0.65,0.00025705510149862896,0.65,0.5,,2.2551405187698492e-17
controller_tick,553,55300000,55.3,simulation,0.4957023030872793,0.4957023030872793,553,55.3,55.3,0.0,True,False,0.633823,0.65,0.633823,0.65,0.00025674853509823493,0.65,0.5,,2.42861286636753e-17
controller_tick,554,55400000,55.4,simulation,0.49596413908444154,0.49596413908444154,554,55.4,55.4,0.0,True,False,0.633062,0.65,0.633062,0.65,0.00025644217485809595,0.65,0.5,,2.2551405187698492e-17
controller_tick,555,55500000,55.5,simulation,0.4962252962801146,0.4962252962801146,555,55.5,55.5,0.0,True,False,0.632301,0.65,0.632301,0.65,0.0002561360011594699,0.65,0.5,,2.0816681711721685e-17
controller_tick,556,55600000,55.6,simulation,0.4964857752186876,0.4964857752186876,556,55.6,55.6,0.0,True,False,0.631539,0.65,0.631539,0.65,0.00025582999625058475,0.65,0.5,,1.9081958235744878e-17
controller_tick,557,55700000,55.7,simulation,0.4967455763717848,0.4967455763717848,557,55.7,55.7,0.0,True,False,0.630779,0.65,0.630779,0.65,0.00025552410600394014,0.65,0.5,,2.2551405187698492e-17
controller_tick,558,55800000,55.8,simulation,0.4970047002238456,0.4970047002238456,558,55.8,55.8,0.0,True,False,0.63002,0.65,0.63002,0.65,0.0002552183956380468,0.65,0.5,,2.6020852139652106e-17
controller_tick,559,55900000,55.9,simulation,0.49726314734445415,0.49726314734445415,559,55.9,55.9,0.0,True,False,0.629262,0.65,0.629262,0.65,0.0002549128861000207,0.65,0.5,,2.42861286636753e-17
controller_tick,560,56000000,56.0,simulation,0.4975209183427659,0.4975209183427659,560,56.0,56.0,0.0,True,False,0.628503,0.65,0.628503,0.65,0.0002546075963435963,0.65,0.5,,2.6020852139652106e-17
controller_tick,561,56100000,56.1,simulation,0.49777801378631265,0.49777801378631265,561,56.1,56.1,0.0,True,False,0.627745,0.65,0.627745,0.65,0.00025430246738875615,0.65,0.5,,2.2551405187698492e-17
controller_tick,562,56200000,56.2,simulation,0.49803443420748966,0.49803443420748966,562,56.2,56.2,0.0,True,False,0.626989,0.65,0.626989,0.65,0.00025399752199823907,0.65,0.5,,2.0816681711721685e-17
controller_tick,563,56300000,56.3,simulation,0.49829018022042615,0.49829018022042615,563,56.3,56.3,0.0,True,False,0.626231,0.65,0.626231,0.65,0.0002536928188336557,0.65,0.5,,1.9081958235744878e-17
controller_tick,564,56400000,56.4,simulation,0.49854525239580083,0.49854525239580083,564,56.4,56.4,0.0,True,False,0.625475,0.65,0.625475,0.65,0.0002533882587140952,0.65,0.5,,1.9081958235744878e-17
controller_tick,565,56500000,56.5,simulation,0.4987996512700468,0.4987996512700468,565,56.5,56.5,0.0,True,False,0.624717,0.65,0.624717,0.65,0.00025308390415708934,0.65,0.5,,1.5612511283791264e-17
controller_tick,566,56600000,56.6,simulation,0.4990533773435056,0.4990533773435056,566,56.6,56.6,0.0,True,False,0.623964,0.65,0.623964,0.65,0.00025277965947070923,0.65,0.5,,1.734723475976807e-17
controller_tick,567,56700000,56.7,simulation,0.49930643120501983,0.49930643120501983,567,56.7,56.7,0.0,True,False,0.623209,0.65,0.623209,0.65,0.00025247570452454634,0.65,0.5,,1.734723475976807e-17
controller_tick,568,56800000,56.8,simulation,0.4995588135145626,0.4995588135145626,568,56.8,56.8,0.0,True,False,0.622453,0.65,0.622453,0.65,0.00025217193561610795,0.65,0.5,,1.214306433183765e-17
controller_tick,569,56900000,56.9,simulation,0.4998105247731487,0.4998105247731487,569,56.9,56.9,0.0,True,False,0.621698,0.65,0.621698,0.65,0.00025186829697653097,0.65,0.5,,1.0408340855860843e-17
controller_tick,570,57000000,57.0,simulation,0.5000615654527893,0.5000615654527893,570,57.0,57.0,0.0,True,False,0.620945,0.65,0.620945,0.65,0.00025156481427412704,0.65,0.5,,5.204170427930421e-18
controller_tick,571,57100000,57.1,simulation,0.5003119361127804,0.5003119361127804,571,57.1,57.1,0.0,True,False,0.620193,0.65,0.620193,0.65,0.0002512615487995777,0.65,0.5,,6.938893903907228e-18
controller_tick,572,57200000,57.2,simulation,0.5005616373900775,0.5005616373900775,572,57.2,57.2,0.0,True,False,0.619439,0.65,0.619439,0.65,0.00025095851794595226,0.65,0.5,,3.469446951953614e-18
controller_tick,573,57300000,57.3,simulation,0.5008106698383488,0.5008106698383488,573,57.3,57.3,0.0,True,False,0.618688,0.65,0.618688,0.65,0.00025065562325605226,0.65,0.5,,8.673617379884035e-18
controller_tick,574,57400000,57.4,simulation,0.5010590340170998,0.5010590340170998,574,57.4,57.4,0.0,True,False,0.617937,0.65,0.617937,0.65,0.0002503529659672843,0.65,0.5,,6.938893903907228e-18
controller_tick,575,57500000,57.5,simulation,0.5013067305621258,0.5013067305621258,575,57.5,57.5,0.0,True,False,0.617185,0.65,0.617185,0.65,0.0002500505234879438,0.65,0.5,,6.938893903907228e-18
controller_tick,576,57600000,57.6,simulation,0.5015537600272367,0.5015537600272367,576,57.6,57.6,0.0,True,False,0.616435,0.65,0.616435,0.65,0.0002497482373111781,0.65,0.5,,1.0408340855860843e-17
controller_tick,577,57700000,57.7,simulation,0.5018001229707163,0.5018001229707163,577,57.7,57.7,0.0,True,False,0.615686,0.65,0.615686,0.65,0.0002494461686928962,0.65,0.5,,1.0408340855860843e-17
controller_tick,578,57800000,57.8,simulation,0.5020458200284469,0.5020458200284469,578,57.8,57.8,0.0,True,False,0.614936,0.65,0.614936,0.65,0.00024914433499470393,0.65,0.5,,5.204170427930421e-18
controller_tick,579,57900000,57.9,simulation,0.5022908517916634,0.5022908517916634,579,57.9,57.9,0.0,True,False,0.614187,0.65,0.614187,0.65,0.00024884267579596616,0.65,0.5,,1.0408340855860843e-17
controller_tick,580,58000000,58.0,simulation,0.5025352188137288,0.5025352188137288,580,58.0,58.0,0.0,True,False,0.61344,0.65,0.61344,0.65,0.0002485412125558971,0.65,0.5,,3.469446951953614e-18
controller_tick,581,58100000,58.1,simulation,0.5027789217272668,0.5027789217272668,581,58.1,58.1,0.0,True,False,0.612691,0.65,0.612691,0.65,0.0002482400027566294,0.65,0.5,,3.469446951953614e-18
controller_tick,582,58200000,58.2,simulation,0.5030219611192139,0.5030219611192139,582,58.2,58.2,0.0,True,False,0.611944,0.65,0.611944,0.65,0.0002479389461500164,0.65,0.5,,6.938893903907228e-18
controller_tick,583,58300000,58.3,simulation,0.5032643375402379,0.5032643375402379,583,58.3,58.3,0.0,True,False,0.611199,0.65,0.611199,0.65,0.00024763810428791517,0.65,0.5,,1.0408340855860843e-17
controller_tick,584,58400000,58.4,simulation,0.5035060516578705,0.5035060516578705,584,58.4,58.4,0.0,True,False,0.610452,0.65,0.610452,0.65,0.0002473375328647491,0.65,0.5,,8.673617379884035e-18
controller_tick,585,58500000,58.5,simulation,0.5037471040905476,0.5037471040905476,585,58.5,58.5,0.0,True,False,0.609706,0.65,0.609706,0.65,0.00024703713001478526,0.65,0.5,,1.0408340855860843e-17
controller_tick,586,58600000,58.6,simulation,0.5039874953786557,0.5039874953786557,586,58.6,58.6,0.0,True,False,0.608962,0.65,0.608962,0.65,0.0002467369177611952,0.65,0.5,,1.214306433183765e-17
controller_tick,587,58700000,58.7,simulation,0.504227226142923,0.504227226142923,587,58.7,58.7,0.0,True,False,0.608217,0.65,0.608217,0.65,0.0002464369540964016,0.65,0.5,,1.9081958235744878e-17
controller_tick,588,58800000,58.8,simulation,0.504466296998064,0.504466296998064,588,58.8,58.8,0.0,True,False,0.607473,0.65,0.607473,0.65,0.0002461371772990198,0.65,0.5,,1.5612511283791264e-17
controller_tick,589,58900000,58.9,simulation,0.5047047085184467,0.5047047085184467,589,58.9,58.9,0.0,True,False,0.606728,0.65,0.606728,0.65,0.00024583760765129733,0.65,0.5,,1.9081958235744878e-17
controller_tick,590,59000000,59.0,simulation,0.5049424612393721,0.5049424612393721,590,59.0,59.0,0.0,True,False,0.605987,0.65,0.605987,0.65,0.0002455381873753049,0.65,0.5,,2.949029909160572e-17
controller_tick,591,59100000,59.1,simulation,0.5051795557794081,0.5051795557794081,591,59.1,59.1,0.0,True,False,0.605242,0.65,0.605242,0.65,0.0002452390545165741,0.65,0.5,,2.949029909160572e-17
controller_tick,592,59200000,59.2,simulation,0.5054159927099738,0.5054159927099738,592,59.2,59.2,0.0,True,False,0.604502,0.65,0.604502,0.65,0.0002449400294636051,0.65,0.5,,2.949029909160572e-17
controller_tick,593,59300000,59.3,simulation,0.5056517726086819,0.5056517726086819,593,59.3,59.3,0.0,True,False,0.60376,0.65,0.60376,0.65,0.00024464129228248725,0.65,0.5,,2.7755575615628914e-17
controller_tick,594,59400000,59.4,simulation,0.5058868961246693,0.5058868961246693,594,59.4,59.4,0.0,True,False,0.603019,0.65,0.603019,0.65,0.00024434273944852627,0.65,0.5,,2.6020852139652106e-17
controller_tick,595,59500000,59.5,simulation,0.5061213638258654,0.5061213638258654,595,59.5,59.5,0.0,True,False,0.602281,0.65,0.602281,0.65,0.00024404439148380358,0.65,0.5,,2.42861286636753e-17
controller_tick,596,59600000,59.6,simulation,0.5063551763963785,0.5063551763963785,596,59.6,59.6,0.0,True,False,0.60154,0.65,0.60154,0.65,0.00024374634308753178,0.65,0.5,,2.2551405187698492e-17
controller_tick,597,59700000,59.7,simulation,0.5065883344680594,0.5065883344680594,597,59.7,59.7,0.0,True,False,0.600802,0.65,0.600802,0.65,0.00024344845155690534,0.65,0.5,,2.7755575615628914e-17
controller_tick,598,59800000,59.8,simulation,0.5068208386330886,0.5068208386330886,598,59.8,59.8,0.0,True,False,0.600062,0.65,0.600062,0.65,0.00024315081615928274,0.65,0.5,,2.42861286636753e-17
controller_tick,599,59900000,59.9,simulation,0.5070526894788028,0.5070526894788028,599,59.9,59.9,0.0,True,False,0.599324,0.65,0.599324,0.65,0.0002428533363903204,0.65,0.5,,2.0816681711721685e-17
controller_tick,600,60000000,60.0,simulation,0.507283887555793,0.507283887555793,600,60.0,60.0,0.0,True,False,0.598587,0.65,0.598587,0.65,0.00024255607357005882,0.65,0.5,,1.9081958235744878e-17
controller_tick,601,60100000,60.1,simulation,0.5075144334923879,0.5075144334923879,601,60.1,60.1,0.0,True,False,0.597852,0.65,0.597852,0.65,0.00024225904511813222,0.65,0.5,,2.0816681711721685e-17
controller_tick,602,60200000,60.2,simulation,0.5077443279884839,0.5077443279884839,602,60.2,60.2,0.0,True,False,0.597115,0.65,0.597115,0.65,0.0002419623048615103,0.65,0.5,,2.42861286636753e-17
controller_tick,603,60300000,60.3,simulation,0.5079735716913308,0.5079735716913308,603,60.3,60.3,0.0,True,False,0.596378,0.65,0.596378,0.65,0.00024166574924471823,0.65,0.5,,2.7755575615628914e-17
controller_tick,604,60400000,60.4,simulation,0.5082021651282226,0.5082021651282226,604,60.4,60.4,0.0,True,False,0.595644,0.65,0.595644,0.65,0.00024136936069695298,0.65,0.5,,3.122502256758253e-17
controller_tick,605,60500000,60.5,simulation,0.5084301089088529,0.5084301089088529,605,60.5,60.5,0.0,True,False,0.59491,0.65,0.59491,0.65,0.00024107323751459302,0.65,0.5,,3.469446951953614e-17
controller_tick,606,60600000,60.6,simulation,0.5086574037136153,0.5086574037136153,606,60.6,60.6,0.0,True,False,0.594177,0.65,0.594177,0.65,0.00024077735444478119,0.65,0.5,,4.163336342344337e-17
controller_tick,607,60700000,60.7,simulation,0.5088840502132552,0.5088840502132552,607,60.7,60.7,0.0,True,False,0.593443,0.65,0.593443,0.65,0.0002404817267028202,0.65,0.5,,4.5102810375396984e-17
controller_tick,608,60800000,60.8,simulation,0.5091100490297957,0.5091100490297957,608,60.8,60.8,0.0,True,False,0.59271,0.65,0.59271,0.65,0.00024018629192601982,0.65,0.5,,5.0306980803327406e-17
controller_tick,609,60900000,60.9,simulation,0.5093354007437031,0.5093354007437031,609,60.9,60.9,0.0,True,False,0.591979,0.65,0.591979,0.65,0.00023989106981634986,0.65,0.5,,4.683753385137379e-17
controller_tick,610,61000000,61.0,simulation,0.509560106011372,0.509560106011372,610,61.0,61.0,0.0,True,False,0.591247,0.65,0.591247,0.65,0.00023959611626592266,0.65,0.5,,4.683753385137379e-17
controller_tick,611,61100000,61.1,simulation,0.5097841654791924,0.5097841654791924,611,61.1,61.1,0.0,True,False,0.590516,0.65,0.590516,0.65,0.0002393013676529145,0.65,0.5,,4.683753385137379e-17
controller_tick,612,61200000,61.2,simulation,0.5100075797495968,0.5100075797495968,612,61.2,61.2,0.0,True,False,0.589784,0.65,0.589784,0.65,0.00023900684253998423,0.65,0.5,,4.336808689942018e-17
controller_tick,613,61300000,61.3,simulation,0.510230349382686,0.510230349382686,613,61.3,61.3,0.0,True,False,0.589056,0.65,0.589056,0.65,0.00023871248159325462,0.65,0.5,,3.9898639947466563e-17
controller_tick,614,61400000,61.4,simulation,0.5104524750188746,0.5104524750188746,614,61.4,61.4,0.0,True,False,0.588328,0.65,0.588328,0.65,0.00023841842145037718,0.65,0.5,,3.8163916471489756e-17
controller_tick,615,61500000,61.5,simulation,0.5106739574035425,0.5106739574035425,615,61.5,61.5,0.0,True,False,0.587598,0.65,0.587598,0.65,0.00023812463348608074,0.65,0.5,,4.163336342344337e-17
controller_tick,616,61600000,61.6,simulation,0.5108947971499043,0.5108947971499043,616,61.6,61.6,0.0,True,False,0.586869,0.65,0.586869,0.65,0.0002378310156690832,0.65,0.5,,3.8163916471489756e-17
controller_tick,617,61700000,61.7,simulation,0.5111149947928313,0.5111149947928313,617,61.7,61.7,0.0,True,False,0.586143,0.65,0.586143,0.65,0.00023753758987276106,0.65,0.5,,3.469446951953614e-17
controller_tick,618,61800000,61.8,simulation,0.5113345509859674,0.5113345509859674,618,61.8,61.8,0.0,True,False,0.585415,0.65,0.585415,0.65,0.00023724445201902947,0.65,0.5,,3.8163916471489756e-17
controller_tick,619,61900000,61.9,simulation,0.511553466371742,0.511553466371742,619,61.9,61.9,0.0,True,False,0.584691,0.65,0.584691,0.65,0.00023695149857646243,0.65,0.5,,4.163336342344337e-17
controller_tick,620,62000000,62.0,simulation,0.5117717416274692,0.5117717416274692,620,62.0,62.0,0.0,True,False,0.583964,0.65,0.583964,0.65,0.0002366588642561485,0.65,0.5,,3.9898639947466563e-17
controller_tick,621,62100000,62.1,simulation,0.5119893774156682,0.5119893774156682,621,62.1,62.1,0.0,True,False,0.583241,0.65,0.583241,0.65,0.0002363664044944918,0.65,0.5,,4.5102810375396984e-17
controller_tick,622,62200000,62.2,simulation,0.51220637439435,0.51220637439435,622,62.2,62.2,0.0,True,False,0.582516,0.65,0.582516,0.65,0.00023607425494017096,0.65,0.5,,5.0306980803327406e-17
controller_tick,623,62300000,62.3,simulation,0.5124227332472172,0.5124227332472172,623,62.3,62.3,0.0,True,False,0.581791,0.65,0.581791,0.65,0.00023578230994298935,0.65,0.5,,4.683753385137379e-17
controller_tick,624,62400000,62.4,simulation,0.5126384545340327,0.5126384545340327,624,62.4,62.4,0.0,True,False,0.58107,0.65,0.58107,0.65,0.0002354905500367614,0.65,0.5,,4.85722573273506e-17
controller_tick,625,62500000,62.5,simulation,0.5128535389320517,0.5128535389320517,625,62.5,62.5,0.0,True,False,0.580345,0.65,0.580345,0.65,0.00023519910986788525,0.65,0.5,,4.85722573273506e-17
controller_tick,626,62600000,62.6,simulation,0.5130679870649185,0.5130679870649185,626,62.6,62.6,0.0,True,False,0.579625,0.65,0.579625,0.65,0.00023490780674919785,0.65,0.5,,4.683753385137379e-17
controller_tick,627,62700000,62.7,simulation,0.5132817995566248,0.5132817995566248,627,62.7,62.7,0.0,True,False,0.578903,0.65,0.578903,0.65,0.00023461681796381326,0.65,0.5,,4.85722573273506e-17
controller_tick,628,62800000,62.8,simulation,0.5134949770973991,0.5134949770973991,628,62.8,62.8,0.0,True,False,0.578183,0.65,0.578183,0.65,0.00023432603746889727,0.65,0.5,,4.85722573273506e-17
controller_tick,629,62900000,62.9,simulation,0.5137075203301769,0.5137075203301769,629,62.9,62.9,0.0,True,False,0.577462,0.65,0.577462,0.65,0.00023403552157305656,0.65,0.5,,4.683753385137379e-17
controller_tick,630,63000000,63.0,simulation,0.5139194298886954,0.5139194298886954,630,63.0,63.0,0.0,True,False,0.576745,0.65,0.576745,0.65,0.00023374520703132721,0.65,0.5,,4.85722573273506e-17
controller_tick,631,63100000,63.1,simulation,0.5141307064795546,0.5141307064795546,631,63.1,63.1,0.0,True,False,0.576024,0.65,0.576024,0.65,0.00023345522694246323,0.65,0.5,,4.683753385137379e-17
controller_tick,632,63200000,63.2,simulation,0.5143413507527941,0.5143413507527941,632,63.2,63.2,0.0,True,False,0.575308,0.65,0.575308,0.65,0.00023316539721893528,0.65,0.5,,4.163336342344337e-17
controller_tick,633,63300000,63.3,simulation,0.5145513633561325,0.5145513633561325,633,63.3,63.3,0.0,True,False,0.574591,0.65,0.574591,0.65,0.0002328758938767537,0.65,0.5,,4.5102810375396984e-17
controller_tick,634,63400000,63.4,simulation,0.5147607450398078,0.5147607450398078,634,63.4,63.4,0.0,True,False,0.573872,0.65,0.573872,0.65,0.000232586647791594,0.65,0.5,,3.8163916471489756e-17
controller_tick,635,63500000,63.5,simulation,0.514969496383529,0.514969496383529,635,63.5,63.5,0.0,True,False,0.573159,0.65,0.573159,0.65,0.00023229755835214822,0.65,0.5,,3.122502256758253e-17
controller_tick,636,63600000,63.6,simulation,0.5151776180848628,0.5151776180848628,636,63.6,63.6,0.0,True,False,0.572441,0.65,0.572441,0.65,0.0002320088390418025,0.65,0.5,,3.122502256758253e-17
controller_tick,637,63700000,63.7,simulation,0.5153851108217056,0.5153851108217056,637,63.7,63.7,0.0,True,False,0.571727,0.65,0.571727,0.65,0.00023172026431295207,0.65,0.5,,2.949029909160572e-17
controller_tick,638,63800000,63.8,simulation,0.5155919751907292,0.5155919751907292,638,63.8,63.8,0.0,True,False,0.571013,0.65,0.571013,0.65,0.00023143197266697972,0.65,0.5,,2.949029909160572e-17
controller_tick,639,63900000,63.9,simulation,0.5157982118971423,0.5157982118971423,639,63.9,63.9,0.0,True,False,0.5703,0.65,0.5703,0.65,0.0002311439371649878,0.65,0.5,,3.469446951953614e-17
controller_tick,640,64000000,64.0,simulation,0.516003821633309,0.516003821633309,640,64.0,64.0,0.0,True,False,0.569586,0.65,0.569586,0.65,0.00023085617149668655,0.65,0.5,,3.2959746043559335e-17
controller_tick,641,64100000,64.1,simulation,0.5162088050399822,0.5162088050399822,641,64.1,64.1,0.0,True,False,0.568874,0.65,0.568874,0.65,0.00023056861191897256,0.65,0.5,,3.2959746043559335e-17
controller_tick,642,64200000,64.2,simulation,0.5164131627524406,0.5164131627524406,642,64.2,64.2,0.0,True,False,0.568163,0.65,0.568163,0.65,0.00023028131494979892,0.65,0.5,,3.642919299551295e-17
controller_tick,643,64300000,64.3,simulation,0.5166168954745648,0.5166168954745648,643,64.3,64.3,0.0,True,False,0.567451,0.65,0.567451,0.65,0.00022999429366369175,0.65,0.5,,3.2959746043559335e-17
controller_tick,644,64400000,64.4,simulation,0.516820003857452,0.516820003857452,644,64.4,64.4,0.0,True,False,0.566742,0.65,0.566742,0.65,0.00022970748376090577,0.65,0.5,,3.122502256758253e-17
controller_tick,645,64500000,64.5,simulation,0.5170224885843611,0.5170224885843611,645,64.5,64.5,0.0,True,False,0.566033,0.65,0.566033,0.65,0.0002294209793207568,0.65,0.5,,3.2959746043559335e-17
controller_tick,646,64600000,64.6,simulation,0.5172243504012303,0.5172243504012303,646,64.6,64.6,0.0,True,False,0.565324,0.65,0.565324,0.65,0.00022913475127463154,0.65,0.5,,3.9898639947466563e-17
controller_tick,647,64700000,64.7,simulation,0.5174255899983983,0.5174255899983983,647,64.7,64.7,0.0,True,False,0.564613,0.65,0.564613,0.65,0.00022884877332016103,0.65,0.5,,3.8163916471489756e-17
controller_tick,648,64800000,64.8,simulation,0.5176262079384907,0.5176262079384907,648,64.8,64.8,0.0,True,False,0.563908,0.65,0.563908,0.65,0.0002285629455279122,0.65,0.5,,3.8163916471489756e-17
controller_tick,649,64900000,64.9,simulation,0.5178262049033001,0.5178262049033001,649,64.9,64.9,0.0,True,False,0.563201,0.65,0.563201,0.65,0.00022827748199825694,0.65,0.5,,3.8163916471489756e-17
controller_tick,650,65000000,65.0,simulation,0.5180255816722215,0.5180255816722215,650,65.0,65.0,0.0,True,False,0.562493,0.65,0.562493,0.65,0.00022799227193696082,0.65,0.5,,2.949029909160572e-17
controller_tick,651,65100000,65.1,simulation,0.5182243388522156,0.5182243388522156,651,65.1,65.1,0.0,True,False,0.561789,0.65,0.561789,0.65,0.00022770725315828755,0.65,0.5,,3.2959746043559335e-17
controller_tick,652,65200000,65.2,simulation,0.518422477125139,0.518422477125139,652,65.2,65.2,0.0,True,False,0.561085,0.65,0.561085,0.65,0.00022742255971941995,0.65,0.5,,2.949029909160572e-17
controller_tick,653,65300000,65.3,simulation,0.5186199972729136,0.5186199972729136,653,65.3,65.3,0.0,True,False,0.560379,0.65,0.560379,0.65,0.00022713816066018217,0.65,0.5,,3.122502256758253e-17
controller_tick,654,65400000,65.4,simulation,0.5188168999408648,0.5188168999408648,654,65.4,65.4,0.0,True,False,0.559675,0.65,0.559675,0.65,0.0002268539518365829,0.65,0.5,,3.8163916471489756e-17
controller_tick,655,65500000,65.5,simulation,0.5190131857306622,0.5190131857306622,655,65.5,65.5,0.0,True,False,0.558973,0.65,0.558973,0.65,0.00022656999127537326,0.65,0.5,,4.163336342344337e-17
controller_tick,656,65600000,65.6,simulation,0.5192088553541605,0.5192088553541605,656,65.6,65.6,0.0,True,False,0.55827,0.65,0.55827,0.65,0.00022628633148132876,0.65,0.5,,3.642919299551295e-17
controller_tick,657,65700000,65.7,simulation,0.519403909506775,0.519403909506775,657,65.7,65.7,0.0,True,False,0.557568,0.65,0.557568,0.65,0.00022600290576763662,0.65,0.5,,3.642919299551295e-17
controller_tick,658,65800000,65.8,simulation,0.5195983488341438,0.5195983488341438,658,65.8,65.8,0.0,True,False,0.556869,0.65,0.556869,0.65,0.00022571972992363896,0.65,0.5,,3.2959746043559335e-17
controller_tick,659,65900000,65.9,simulation,0.5197921740890945,0.5197921740890945,659,65.9,65.9,0.0,True,False,0.556168,0.65,0.556168,0.65,0.00022543689436618872,0.65,0.5,,3.642919299551295e-17
controller_tick,660,66000000,66.0,simulation,0.5199853860027613,0.5199853860027613,660,66.0,66.0,0.0,True,False,0.555469,0.65,0.555469,0.65,0.00022515429058267403,0.65,0.5,,3.469446951953614e-17
controller_tick,661,66100000,66.1,simulation,0.5201779852542919,0.5201779852542919,661,66.1,66.1,0.0,True,False,0.554769,0.65,0.554769,0.65,0.00022487197264695427,0.65,0.5,,3.8163916471489756e-17
controller_tick,662,66200000,66.2,simulation,0.520369972509391,0.520369972509391,662,66.2,66.2,0.0,True,False,0.554071,0.65,0.554071,0.65,0.00022458987529198234,0.65,0.5,,3.469446951953614e-17
controller_tick,663,66300000,66.3,simulation,0.5205613484253943,0.5205613484253943,663,66.3,66.3,0.0,True,False,0.553374,0.65,0.553374,0.65,0.00022430805365679046,0.65,0.5,,3.9898639947466563e-17
controller_tick,664,66400000,66.4,simulation,0.5207521137256206,0.5207521137256206,664,66.4,66.4,0.0,True,False,0.552677,0.65,0.552677,0.65,0.00022402651956820514,0.65,0.5,,3.9898639947466563e-17
controller_tick,665,66500000,66.5,simulation,0.5209422691169324,0.5209422691169324,665,66.5,66.5,0.0,True,False,0.551981,0.65,0.551981,0.65,0.00022374524566254894,0.65,0.5,,3.9898639947466563e-17
controller_tick,666,66600000,66.6,simulation,0.5211318152925526,0.5211318152925526,666,66.6,66.6,0.0,True,False,0.551284,0.65,0.551284,0.65,0.0002234642452451753,0.65,0.5,,3.8163916471489756e-17
controller_tick,667,66700000,66.7,simulation,0.5213207528933737,0.5213207528933737,667,66.7,66.7,0.0,True,False,0.55059,0.65,0.55059,0.65,0.0002231834542252003,0.65,0.5,,3.122502256758253e-17
controller_tick,668,66800000,66.8,simulation,0.5215090825928619,0.5215090825928619,668,66.8,66.8,0.0,True,False,0.549897,0.65,0.549897,0.65,0.0002229029668709252,0.65,0.5,,3.469446951953614e-17
controller_tick,669,66900000,66.9,simulation,0.5216968051662325,0.5216968051662325,669,66.9,66.9,0.0,True,False,0.549202,0.65,0.549202,0.65,0.00022262279234977074,0.65,0.5,,3.469446951953614e-17
controller_tick,670,67000000,67.0,simulation,0.5218839212897807,0.5218839212897807,670,67.0,67.0,0.0,True,False,0.54851,0.65,0.54851,0.65,0.0002223428247616639,0.65,0.5,,3.8163916471489756e-17
controller_tick,671,67100000,67.1,simulation,0.5220704316315009,0.5220704316315009,671,67.1,67.1,0.0,True,False,0.54782,0.65,0.54782,0.65,0.0002220631586094199,0.65,0.5,,4.163336342344337e-17
controller_tick,672,67200000,67.2,simulation,0.5222563370002816,0.5222563370002816,672,67.2,67.2,0.0,True,False,0.547128,0.65,0.547128,0.65,0.00022178384133768924,0.65,0.5,,3.8163916471489756e-17
controller_tick,673,67300000,67.3,simulation,0.5224416381402306,0.5224416381402306,673,67.3,67.3,0.0,True,False,0.546435,0.65,0.546435,0.65,0.00022150476361603602,0.65,0.5,,3.8163916471489756e-17
controller_tick,674,67400000,67.4,simulation,0.5226263356258268,0.5226263356258268,674,67.4,67.4,0.0,True,False,0.545748,0.65,0.545748,0.65,0.00022122586458322348,0.65,0.5,,3.8163916471489756e-17
controller_tick,675,67500000,67.5,simulation,0.5228104301863772,0.5228104301863772,675,67.5,67.5,0.0,True,False,0.545059,0.65,0.545059,0.65,0.00022094735562495696,0.65,0.5,,4.336808689942018e-17
controller_tick,676,67600000,67.6,simulation,0.5229939226436262,0.5229939226436262,676,67.6,67.6,0.0,True,False,0.544369,0.65,0.544369,0.65,0.00022066912349066992,0.65,0.5,,4.85722573273506e-17
controller_tick,677,67700000,67.7,simulation,0.5231768136422118,0.5231768136422118,677,67.7,67.7,0.0,True,False,0.543681,0.65,0.543681,0.65,0.00022039110377204484,0.65,0.5,,4.85722573273506e-17
controller_tick,678,67800000,67.8,simulation,0.5233591038200492,0.5233591038200492,678,67.8,67.8,0.0,True,False,0.542995,0.65,0.542995,0.65,0.00022011335238512458,0.65,0.5,,4.85722573273506e-17
controller_tick,679,67900000,67.9,simulation,0.5235407939212238,0.5235407939212238,679,67.9,67.9,0.0,True,False,0.542307,0.65,0.542307,0.65,0.00021983591992483678,0.65,0.5,,4.85722573273506e-17
controller_tick,680,68000000,68.0,simulation,0.523721884631054,0.523721884631054,680,68.0,68.0,0.0,True,False,0.541622,0.65,0.541622,0.65,0.00021955869991123413,0.65,0.5,,4.683753385137379e-17
controller_tick,681,68100000,68.1,simulation,0.5239023766254565,0.5239023766254565,681,68.1,68.1,0.0,True,False,0.540939,0.65,0.540939,0.65,0.00021928178632243985,0.65,0.5,,4.85722573273506e-17
controller_tick,682,68200000,68.2,simulation,0.5240822707202464,0.5240822707202464,682,68.2,68.2,0.0,True,False,0.540254,0.65,0.540254,0.65,0.00021900522612834352,0.65,0.5,,5.0306980803327406e-17
controller_tick,683,68300000,68.3,simulation,0.5242615676655572,0.5242615676655572,683,68.3,68.3,0.0,True,False,0.539569,0.65,0.539569,0.65,0.00021872890956892775,0.65,0.5,,4.85722573273506e-17
controller_tick,684,68400000,68.4,simulation,0.5244402680797757,0.5244402680797757,684,68.4,68.4,0.0,True,False,0.538888,0.65,0.538888,0.65,0.00021845281345928724,0.65,0.5,,5.0306980803327406e-17
controller_tick,685,68500000,68.5,simulation,0.5246183726917204,0.5246183726917204,685,68.5,68.5,0.0,True,False,0.538206,0.65,0.538206,0.65,0.00021817706908098337,0.65,0.5,,4.85722573273506e-17
controller_tick,686,68600000,68.6,simulation,0.5247958822863014,0.5247958822863014,686,68.6,68.6,0.0,True,False,0.537523,0.65,0.537523,0.65,0.00021790160489732114,0.65,0.5,,5.0306980803327406e-17
controller_tick,687,68700000,68.7,simulation,0.5249727975120216,0.5249727975120216,687,68.7,68.7,0.0,True,False,0.536843,0.65,0.536843,0.65,0.00021762635617922222,0.65,0.5,,5.551115123125783e-17
controller_tick,688,68800000,68.8,simulation,0.5251491190487507,0.5251491190487507,688,68.8,68.8,0.0,True,False,0.536164,0.65,0.536164,0.65,0.00021735141661752567,0.65,0.5,,5.204170427930421e-17
controller_tick,689,68900000,68.9,simulation,0.5253248476770163,0.5253248476770163,689,68.9,68.9,0.0,True,False,0.535484,0.65,0.535484,0.65,0.00021707679485714274,0.65,0.5,,5.551115123125783e-17
controller_tick,690,69000000,69.0,simulation,0.5254999841161352,0.5254999841161352,690,69.0,69.0,0.0,True,False,0.534806,0.65,0.534806,0.65,0.0002168024225902472,0.65,0.5,,5.0306980803327406e-17
controller_tick,691,69100000,69.1,simulation,0.5256745290712689,0.5256745290712689,691,69.1,69.1,0.0,True,False,0.534127,0.65,0.534127,0.65,0.0002165283522044601,0.65,0.5,,5.0306980803327406e-17
controller_tick,692,69200000,69.2,simulation,0.5258484832309345,0.5258484832309345,692,69.2,69.2,0.0,True,False,0.533453,0.65,0.533453,0.65,0.0002162545169069629,0.65,0.5,,4.85722573273506e-17
controller_tick,693,69300000,69.3,simulation,0.5260218473884731,0.5260218473884731,693,69.3,69.3,0.0,True,False,0.532774,0.65,0.532774,0.65,0.00021598108465131094,0.65,0.5,,4.336808689942018e-17
controller_tick,694,69400000,69.4,simulation,0.526194622269612,0.526194622269612,694,69.4,69.4,0.0,True,False,0.532098,0.65,0.532098,0.65,0.0002157078267578376,0.65,0.5,,4.5102810375396984e-17
controller_tick,695,69500000,69.5,simulation,0.5263668084742129,0.5263668084742129,695,69.5,69.5,0.0,True,False,0.531424,0.65,0.531424,0.65,0.00021543484082888617,0.65,0.5,,4.85722573273506e-17
controller_tick,696,69600000,69.6,simulation,0.5265384067489581,0.5265384067489581,696,69.6,69.6,0.0,True,False,0.530752,0.65,0.530752,0.65,0.0002151621771136761,0.65,0.5,,4.85722573273506e-17
controller_tick,697,69700000,69.7,simulation,0.5267094179358971,0.5267094179358971,697,69.7,69.7,0.0,True,False,0.530079,0.65,0.530079,0.65,0.00021488988107958135,0.65,0.5,,4.683753385137379e-17
controller_tick,698,69800000,69.8,simulation,0.5268798428472349,0.5268798428472349,698,69.8,69.8,0.0,True,False,0.529404,0.65,0.529404,0.65,0.0002146178796720849,0.65,0.5,,4.683753385137379e-17
controller_tick,699,69900000,69.9,simulation,0.5270496821171834,0.5270496821171834,699,69.9,69.9,0.0,True,False,0.528732,0.65,0.528732,0.65,0.00021434606872369335,0.65,0.5,,4.5102810375396984e-17
controller_tick,700,70000000,70.0,simulation,0.5272189363749744,0.5272189363749744,700,70.0,70.0,0.0,True,False,0.528062,0.65,0.528062,0.65,0.00021407454430492494,0.65,0.5,,3.9898639947466563e-17
controller_tick,701,70100000,70.1,simulation,0.5273876063937397,0.5273876063937397,701,70.1,70.1,0.0,True,False,0.52739,0.65,0.52739,0.65,0.00021380335527894644,0.65,0.5,,4.163336342344337e-17
controller_tick,702,70200000,70.2,simulation,0.5275556928845515,0.5275556928845515,702,70.2,70.2,0.0,True,False,0.526721,0.65,0.526721,0.65,0.0002135323935988484,0.65,0.5,,4.336808689942018e-17
controller_tick,703,70300000,70.3,simulation,0.5277231965461013,0.5277231965461013,703,70.3,70.3,0.0,True,False,0.526054,0.65,0.526054,0.65,0.00021326175182490825,0.65,0.5,,4.163336342344337e-17
controller_tick,704,70400000,70.4,simulation,0.5278901182142852,0.5278901182142852,704,70.4,70.4,0.0,True,False,0.525385,0.65,0.525385,0.65,0.00021299147564409553,0.65,0.5,,4.683753385137379e-17
controller_tick,705,70500000,70.5,simulation,0.5280564586568808,0.5280564586568808,705,70.5,70.5,0.0,True,False,0.524719,0.65,0.524719,0.65,0.00021272145413555875,0.65,0.5,,4.683753385137379e-17
controller_tick,706,70600000,70.6,simulation,0.5282222186238034,0.5282222186238034,706,70.6,70.6,0.0,True,False,0.524052,0.65,0.524052,0.65,0.00021245177725912493,0.65,0.5,,4.85722573273506e-17
controller_tick,707,70700000,70.7,simulation,0.5283873988811244,0.5283873988811244,707,70.7,70.7,0.0,True,False,0.523386,0.65,0.523386,0.65,0.00021218237415368047,0.65,0.5,,5.377642775528102e-17
controller_tick,708,70800000,70.8,simulation,0.5285520001371995,0.5285520001371995,708,70.8,70.8,0.0,True,False,0.52272,0.65,0.52272,0.65,0.00021191325683150405,0.65,0.5,,5.377642775528102e-17
controller_tick,709,70900000,70.9,simulation,0.5287160230843045,0.5287160230843045,709,70.9,70.9,0.0,True,False,0.522056,0.65,0.522056,0.65,0.00021164439809672194,0.65,0.5,,5.898059818321144e-17
controller_tick,710,71000000,71.0,simulation,0.5288794684401142,0.5288794684401142,710,71.0,71.0,0.0,True,False,0.521394,0.65,0.521394,0.65,0.00021137584947155565,0.65,0.5,,5.377642775528102e-17
controller_tick,711,71100000,71.1,simulation,0.5290423370201064,0.5290423370201064,711,71.1,71.1,0.0,True,False,0.52073,0.65,0.52073,0.65,0.00021110765757523898,0.65,0.5,,4.85722573273506e-17
controller_tick,712,71200000,71.2,simulation,0.5292046295734227,0.5292046295734227,712,71.2,71.2,0.0,True,False,0.520066,0.65,0.520066,0.65,0.00021083971233046796,0.65,0.5,,5.377642775528102e-17
controller_tick,713,71300000,71.3,simulation,0.5293663467168663,0.5293663467168663,713,71.3,71.3,0.0,True,False,0.519407,0.65,0.519407,0.65,0.0002105719902652447,0.65,0.5,,5.0306980803327406e-17
controller_tick,714,71400000,71.4,simulation,0.5295274892158351,0.5295274892158351,714,71.4,71.4,0.0,True,False,0.518747,0.65,0.518747,0.65,0.00021030466046639105,0.65,0.5,,5.204170427930421e-17
controller_tick,715,71500000,71.5,simulation,0.5296880579250695,0.5296880579250695,715,71.5,71.5,0.0,True,False,0.518086,0.65,0.518086,0.65,0.00021003764753979375,0.65,0.5,,4.336808689942018e-17
controller_tick,716,71600000,71.6,simulation,0.5298480535555574,0.5298480535555574,716,71.6,71.6,0.0,True,False,0.517426,0.65,0.517426,0.65,0.00020977088326603797,0.65,0.5,,4.163336342344337e-17
controller_tick,717,71700000,71.7,simulation,0.530007476765616,0.530007476765616,717,71.7,71.7,0.0,True,False,0.516769,0.65,0.516769,0.65,0.00020950438204771,0.65,0.5,,4.163336342344337e-17
controller_tick,718,71800000,71.8,simulation,0.5301663283181351,0.5301663283181351,718,71.8,71.8,0.0,True,False,0.516111,0.65,0.516111,0.65,0.00020923823304687454,0.65,0.5,,4.163336342344337e-17
controller_tick,719,71900000,71.9,simulation,0.5303246089906442,0.5303246089906442,719,71.9,71.9,0.0,True,False,0.515452,0.65,0.515452,0.65,0.00020897236468057272,0.65,0.5,,3.9898639947466563e-17
controller_tick,720,72000000,72.0,simulation,0.530482319424193,0.530482319424193,720,72.0,72.0,0.0,True,False,0.514799,0.65,0.514799,0.65,0.00020870671217786507,0.65,0.5,,3.642919299551295e-17
controller_tick,721,72100000,72.1,simulation,0.5306394604072228,0.5306394604072228,721,72.1,72.1,0.0,True,False,0.514144,0.65,0.514144,0.65,0.00020844148338681126,0.65,0.5,,3.122502256758253e-17
controller_tick,722,72200000,72.2,simulation,0.5307960328138852,0.5307960328138852,722,72.2,72.2,0.0,True,False,0.513488,0.65,0.513488,0.65,0.0002081765618558507,0.65,0.5,,2.949029909160572e-17
controller_tick,723,72300000,72.3,simulation,0.5309520373351408,0.5309520373351408,723,72.3,72.3,0.0,True,False,0.512834,0.65,0.512834,0.65,0.0002079118802802869,0.65,0.5,,3.122502256758253e-17
controller_tick,724,72400000,72.4,simulation,0.5311074746497234,0.5311074746497234,724,72.4,72.4,0.0,True,False,0.512183,0.65,0.512183,0.65,0.00020764749195541018,0.65,0.5,,2.7755575615628914e-17
controller_tick,725,72500000,72.5,simulation,0.5312623455762551,0.5312623455762551,725,72.5,72.5,0.0,True,False,0.51153,0.65,0.51153,0.65,0.0002073834831698265,0.65,0.5,,2.42861286636753e-17
controller_tick,726,72600000,72.6,simulation,0.531416650903822,0.531416650903822,726,72.6,72.6,0.0,True,False,0.510877,0.65,0.510877,0.65,0.00020711974167553112,0.65,0.5,,3.122502256758253e-17
controller_tick,727,72700000,72.7,simulation,0.5315703912850366,0.5315703912850366,727,72.7,72.7,0.0,True,False,0.510228,0.65,0.510228,0.65,0.00020685624203639489,0.65,0.5,,2.949029909160572e-17
controller_tick,728,72800000,72.8,simulation,0.5317235674786689,0.5317235674786689,728,72.8,72.8,0.0,True,False,0.509576,0.65,0.509576,0.65,0.0002065931134969876,0.65,0.5,,3.122502256758253e-17
controller_tick,729,72900000,72.9,simulation,0.531876180218322,0.531876180218322,729,72.9,72.9,0.0,True,False,0.508929,0.65,0.508929,0.65,0.0002063302065474025,0.65,0.5,,3.2959746043559335e-17
controller_tick,730,73000000,73.0,simulation,0.5320282302624072,0.5320282302624072,730,73.0,73.0,0.0,True,False,0.50828,0.65,0.50828,0.65,0.00020606769042574394,0.65,0.5,,3.122502256758253e-17
controller_tick,731,73100000,73.1,simulation,0.5321797184202787,0.5321797184202787,731,73.1,73.1,0.0,True,False,0.507631,0.65,0.507631,0.65,0.00020580545180975168,0.65,0.5,,3.2959746043559335e-17
controller_tick,732,73200000,73.2,simulation,0.5323306453627695,0.5323306453627695,732,73.2,73.2,0.0,True,False,0.506984,0.65,0.506984,0.65,0.00020554346429127002,0.65,0.5,,2.6020852139652106e-17
controller_tick,733,73300000,73.3,simulation,0.5324810117876255,0.5324810117876255,733,73.3,73.3,0.0,True,False,0.506339,0.65,0.506339,0.65,0.00020528178010527717,0.65,0.5,,2.42861286636753e-17
controller_tick,734,73400000,73.4,simulation,0.5326308184917651,0.5326308184917651,734,73.4,73.4,0.0,True,False,0.505694,0.65,0.505694,0.65,0.0002050204465159358,0.65,0.5,,1.9081958235744878e-17
controller_tick,735,73500000,73.5,simulation,0.5327800662844038,0.5327800662844038,735,73.5,73.5,0.0,True,False,0.50505,0.65,0.50505,0.65,0.0002047594301595634,0.65,0.5,,2.0816681711721685e-17
controller_tick,736,73600000,73.6,simulation,0.5329287559497042,0.5329287559497042,736,73.6,73.6,0.0,True,False,0.504405,0.65,0.504405,0.65,0.00020449873891248424,0.65,0.5,,1.734723475976807e-17
controller_tick,737,73700000,73.7,simulation,0.5330768882091745,0.5330768882091745,737,73.7,73.7,0.0,True,False,0.503763,0.65,0.503763,0.65,0.0002042383037714258,0.65,0.5,,1.9081958235744878e-17
controller_tick,738,73800000,73.8,simulation,0.5332244638075574,0.5332244638075574,738,73.8,73.8,0.0,True,False,0.503123,0.65,0.503123,0.65,0.0002039782145597763,0.65,0.5,,1.214306433183765e-17
controller_tick,739,73900000,73.9,simulation,0.5333714836215945,0.5333714836215945,739,73.9,73.9,0.0,True,False,0.502481,0.65,0.502481,0.65,0.00020371851448806552,0.65,0.5,,1.3877787807814457e-17
controller_tick,740,74000000,74.0,simulation,0.5335179484551998,0.5335179484551998,740,74.0,74.0,0.0,True,False,0.501839,0.65,0.501839,0.65,0.00020345909039466665,0.65,0.5,,1.3877787807814457e-17
controller_tick,741,74100000,74.1,simulation,0.5336638589740775,0.5336638589740775,741,74.1,74.1,0.0,True,False,0.501199,0.65,0.501199,0.65,0.00020319991601677094,0.65,0.5,,1.0408340855860843e-17
controller_tick,742,74200000,74.2,simulation,0.533809215871125,0.533809215871125,742,74.2,74.2,0.0,True,False,0.500561,0.65,0.500561,0.65,0.00020294104372087186,0.65,0.5,,1.734723475976807e-18
controller_tick,743,74300000,74.3,simulation,0.5339540199386673,0.5339540199386673,743,74.3,74.3,0.0,True,False,0.499923,0.65,0.499923,0.65,0.0002026825208901323,0.65,0.5,,-1.734723475976807e-18
controller_tick,744,74400000,74.4,simulation,0.5340982719815577,0.5340982719815577,744,74.4,74.4,0.0,True,False,0.499286,0.65,0.499286,0.65,0.0002024243142685453,0.65,0.5,,-3.469446951953614e-18
controller_tick,745,74500000,74.5,simulation,0.5342419727798053,0.5342419727798053,745,74.5,74.5,0.0,True,False,0.498649,0.65,0.498649,0.65,0.0002021664318298643,0.65,0.5,,-5.204170427930421e-18
controller_tick,746,74600000,74.6,simulation,0.5343851230896509,0.5343851230896509,746,74.6,74.6,0.0,True,False,0.498013,0.65,0.498013,0.65,0.00020190884272400692,0.65,0.5,,0.0
controller_tick,747,74700000,74.7,simulation,0.5345277236470822,0.5345277236470822,747,74.7,74.7,0.0,True,False,0.497377,0.65,0.497377,0.65,0.00020165155710169703,0.65,0.5,,3.469446951953614e-18
controller_tick,748,74800000,74.8,simulation,0.5346697751684725,0.5346697751684725,748,74.8,74.8,0.0,True,False,0.496743,0.65,0.496743,0.65,0.00020139454608265674,0.65,0.5,,5.204170427930421e-18
controller_tick,749,74900000,74.9,simulation,0.5348112783923976,0.5348112783923976,749,74.9,74.9,0.0,True,False,0.496111,0.65,0.496111,0.65,0.0002011378596649954,0.65,0.5,,3.469446951953614e-18
controller_tick,750,75000000,75.0,simulation,0.5349522341523453,0.5349522341523453,750,75.0,75.0,0.0,True,False,0.495479,0.65,0.495479,0.65,0.00020088154308887336,0.65,0.5,,1.734723475976807e-18
controller_tick,751,75100000,75.1,simulation,0.5350926432902454,0.5350926432902454,751,75.1,75.1,0.0,True,False,0.494845,0.65,0.494845,0.65,0.0002006255611592147,0.65,0.5,,5.204170427930421e-18
controller_tick,752,75200000,75.2,simulation,0.5352325065033992,0.5352325065033992,752,75.2,75.2,0.0,True,False,0.494214,0.65,0.494214,0.65,0.0002003698059001324,0.65,0.5,,8.673617379884035e-18
controller_tick,753,75300000,75.3,simulation,0.5353718244768841,0.5353718244768841,753,75.3,75.3,0.0,True,False,0.493584,0.65,0.493584,0.65,0.00020011436993616754,0.65,0.5,,3.469446951953614e-18
controller_tick,754,75400000,75.4,simulation,0.5355105979944313,0.5355105979944313,754,75.4,75.4,0.0,True,False,0.492954,0.65,0.492954,0.65,0.00019985926094740505,0.65,0.5,,1.734723475976807e-18
controller_tick,755,75500000,75.5,simulation,0.5356488278154459,0.5356488278154459,755,75.5,75.5,0.0,True,False,0.492326,0.65,0.492326,0.65,0.00019960444781804055,0.65,0.5,,5.204170427930421e-18
controller_tick,756,75600000,75.6,simulation,0.535786514717273,0.535786514717273,756,75.6,75.6,0.0,True,False,0.491698,0.65,0.491698,0.65,0.00019934997852339532,0.65,0.5,,3.469446951953614e-18
controller_tick,757,75700000,75.7,simulation,0.5359236594909211,0.5359236594909211,757,75.7,75.7,0.0,True,False,0.491071,0.65,0.491071,0.65,0.0001990958203432697,0.65,0.5,,0.0
controller_tick,758,75800000,75.8,simulation,0.5360602629035827,0.5360602629035827,758,75.8,75.8,0.0,True,False,0.490447,0.65,0.490447,0.65,0.00019884198173623555,0.65,0.5,,3.469446951953614e-18
controller_tick,759,75900000,75.9,simulation,0.5361963258156996,0.5361963258156996,759,75.9,75.9,0.0,True,False,0.489822,0.65,0.489822,0.65,0.00019858854648599066,0.65,0.5,,-1.734723475976807e-18
controller_tick,760,76000000,76.0,simulation,0.5363318490921096,0.5363318490921096,760,76.0,76.0,0.0,True,False,0.489196,0.65,0.489196,0.65,0.00019833543814302878,0.65,0.5,,-1.734723475976807e-18
controller_tick,761,76100000,76.1,simulation,0.5364668334519033,0.5364668334519033,761,76.1,76.1,0.0,True,False,0.488572,0.65,0.488572,0.65,0.000198082587532976,0.65,0.5,,-5.204170427930421e-18
controller_tick,762,76200000,76.2,simulation,0.5366012795983933,0.5366012795983933,762,76.2,76.2,0.0,True,False,0.48795,0.65,0.48795,0.65,0.00019783004625936875,0.65,0.5,,-5.204170427930421e-18
controller_tick,763,76300000,76.3,simulation,0.5367351883328726,0.5367351883328726,763,76.3,76.3,0.0,True,False,0.487328,0.65,0.487328,0.65,0.0001975778610150178,0.65,0.5,,-5.204170427930421e-18
controller_tick,764,76400000,76.4,simulation,0.5368685604678528,0.5368685604678528,764,76.4,76.4,0.0,True,False,0.486705,0.65,0.486705,0.65,0.0001973259979192598,0.65,0.5,,-5.204170427930421e-18
controller_tick,765,76500000,76.5,simulation,0.5370013967124259,0.5370013967124259,765,76.5,76.5,0.0,True,False,0.486087,0.65,0.486087,0.65,0.0001970743882505702,0.65,0.5,,-3.469446951953614e-18
controller_tick,766,76600000,76.6,simulation,0.5371336978768599,0.5371336978768599,766,76.6,76.6,0.0,True,False,0.485465,0.65,0.485465,0.65,0.00019682319821733867,0.65,0.5,,0.0
controller_tick,767,76700000,76.7,simulation,0.5372654647392076,0.5372654647392076,767,76.7,76.7,0.0,True,False,0.484848,0.65,0.484848,0.65,0.0001965722356258404,0.65,0.5,,0.0
controller_tick,768,76800000,76.8,simulation,0.5373966980598003,0.5373966980598003,768,76.8,76.8,0.0,True,False,0.484228,0.65,0.484228,0.65,0.00019632166915729677,0.65,0.5,,-8.673617379884035e-18
controller_tick,769,76900000,76.9,simulation,0.5375273986101693,0.5375273986101693,769,76.9,76.9,0.0,True,False,0.483613,0.65,0.483613,0.65,0.00019607134692052624,0.65,0.5,,-8.673617379884035e-18
controller_tick,770,77000000,77.0,simulation,0.5376575671821271,0.5376575671821271,770,77.0,77.0,0.0,True,False,0.482994,0.65,0.482994,0.65,0.0001958214359989667,0.65,0.5,,-8.673617379884035e-18
controller_tick,771,77100000,77.1,simulation,0.5377872045369416,0.5377872045369416,771,77.1,77.1,0.0,True,False,0.48238,0.65,0.48238,0.65,0.00019557174499066946,0.65,0.5,,-1.0408340855860843e-17
controller_tick,772,77200000,77.2,simulation,0.5379163114196722,0.5379163114196722,772,77.2,77.2,0.0,True,False,0.481765,0.65,0.481765,0.65,0.00019532244329328456,0.65,0.5,,-3.469446951953614e-18
controller_tick,773,77300000,77.3,simulation,0.5380448886653378,0.5380448886653378,773,77.3,77.3,0.0,True,False,0.48115,0.65,0.48115,0.65,0.0001950734557939477,0.65,0.5,,-6.938893903907228e-18
controller_tick,774,77400000,77.4,simulation,0.5381729370044626,0.5381729370044626,774,77.4,77.4,0.0,True,False,0.480537,0.65,0.480537,0.65,0.00019482475259276132,0.65,0.5,,-1.734723475976807e-18
controller_tick,775,77500000,77.5,simulation,0.538300457187837,0.538300457187837,775,77.5,77.5,0.0,True,False,0.479926,0.65,0.479926,0.65,0.000194576382765245,0.65,0.5,,1.734723475976807e-18
controller_tick,776,77600000,77.6,simulation,0.5384274500594141,0.5384274500594141,776,77.6,77.6,0.0,True,False,0.479315,0.65,0.479315,0.65,0.00019432839071676505,0.65,0.5,,0.0
controller_tick,777,77700000,77.7,simulation,0.5385539164700062,0.5385539164700062,777,77.7,77.7,0.0,True,False,0.478702,0.65,0.478702,0.65,0.00019408074049689296,0.65,0.5,,-3.469446951953614e-18
controller_tick,778,77800000,77.8,simulation,0.5386798571243657,0.5386798571243657,778,77.8,77.8,0.0,True,False,0.478092,0.65,0.478092,0.65,0.00019383332344627028,0.65,0.5,,-1.734723475976807e-18
controller_tick,779,77900000,77.9,simulation,0.5388052727137281,0.5388052727137281,779,77.9,77.9,0.0,True,False,0.477485,0.65,0.477485,0.65,0.00019358623157100753,0.65,0.5,,0.0
controller_tick,780,78000000,78.0,simulation,0.5389301641042036,0.5389301641042036,780,78.0,78.0,0.0,True,False,0.476876,0.65,0.476876,0.65,0.00019333954812167625,0.65,0.5,,-1.734723475976807e-18
controller_tick,781,78100000,78.1,simulation,0.5390545321265927,0.5390545321265927,781,78.1,78.1,0.0,True,False,0.476267,0.65,0.476267,0.65,0.00019309315810134468,0.65,0.5,,1.734723475976807e-18
controller_tick,782,78200000,78.2,simulation,0.53917837747,0.53917837747,782,78.2,78.2,0.0,True,False,0.475663,0.65,0.475663,0.65,0.00019284703358655157,0.65,0.5,,6.938893903907228e-18
controller_tick,783,78300000,78.3,simulation,0.5393017009636593,0.5393017009636593,783,78.3,78.3,0.0,True,False,0.475055,0.65,0.475055,0.65,0.0001926013396362683,0.65,0.5,,8.673617379884035e-18
controller_tick,784,78400000,78.4,simulation,0.5394245034024027,0.5394245034024027,784,78.4,78.4,0.0,True,False,0.474449,0.65,0.474449,0.65,0.00019235588301673326,0.65,0.5,,1.214306433183765e-17
controller_tick,785,78500000,78.5,simulation,0.5395467854452746,0.5395467854452746,785,78.5,78.5,0.0,True,False,0.473846,0.65,0.473846,0.65,0.00019211071727300526,0.65,0.5,,1.0408340855860843e-17
controller_tick,786,78600000,78.6,simulation,0.5396685478917084,0.5396685478917084,786,78.6,78.6,0.0,True,False,0.473242,0.65,0.473242,0.65,0.0001918659289196898,0.65,0.5,,8.673617379884035e-18
controller_tick,787,78700000,78.7,simulation,0.5397897915507534,0.5397897915507534,787,78.7,78.7,0.0,True,False,0.47264,0.65,0.47264,0.65,0.000191621443978308,0.65,0.5,,1.0408340855860843e-17
controller_tick,788,78800000,78.8,simulation,0.5399105172065245,0.5399105172065245,788,78.8,78.8,0.0,True,False,0.472038,0.65,0.472038,0.65,0.00019137730970546248,0.65,0.5,,6.938893903907228e-18
controller_tick,789,78900000,78.9,simulation,0.5400307256554411,0.5400307256554411,789,78.9,78.9,0.0,True,False,0.471438,0.65,0.471438,0.65,0.00019113349273062989,0.65,0.5,,6.938893903907228e-18
controller_tick,790,79000000,79.0,simulation,0.5401504177075733,0.5401504177075733,790,79.0,79.0,0.0,True,False,0.47084,0.65,0.47084,0.65,0.00019089003898897767,0.65,0.5,,5.204170427930421e-18
controller_tick,791,79100000,79.1,simulation,0.5402695942601672,0.5402695942601672,791,79.1,79.1,0.0,True,False,0.470238,0.65,0.470238,0.65,0.00019064699004436405,0.65,0.5,,3.469446951953614e-18
controller_tick,792,79200000,79.2,simulation,0.5403882560571281,0.5403882560571281,792,79.2,79.2,0.0,True,False,0.469642,0.65,0.469642,0.65,0.00019040415511512656,0.65,0.5,,8.673617379884035e-18
controller_tick,793,79300000,79.3,simulation,0.5405064038660394,0.5405064038660394,793,79.3,79.3,0.0,True,False,0.469045,0.65,0.469045,0.65,0.00019016174222520615,0.65,0.5,,6.938893903907228e-18
controller_tick,794,79400000,79.4,simulation,0.5406240385792561,0.5406240385792561,794,79.4,79.4,0.0,True,False,0.468447,0.65,0.468447,0.65,0.00018991967314721886,0.65,0.5,,8.673617379884035e-18
controller_tick,795,79500000,79.5,simulation,0.5407411609400063,0.5407411609400063,795,79.5,79.5,0.0,True,False,0.467851,0.65,0.467851,0.65,0.00018967787709810074,0.65,0.5,,6.938893903907228e-18
controller_tick,796,79600000,79.6,simulation,0.540857771672684,0.540857771672684,796,79.6,79.6,0.0,True,False,0.467255,0.65,0.467255,0.65,0.00018943640422578514,0.65,0.5,,1.734723475976807e-18
controller_tick,797,79700000,79.7,simulation,0.5409738715195059,0.5409738715195059,797,79.7,79.7,0.0,True,False,0.466661,0.65,0.466661,0.65,0.00018919522377593308,0.65,0.5,,1.0408340855860843e-17
controller_tick,798,79800000,79.8,simulation,0.5410894612413337,0.5410894612413337,798,79.8,79.8,0.0,True,False,0.46607,0.65,0.46607,0.65,0.00018895438405093355,0.65,0.5,,6.938893903907228e-18
controller_tick,799,79900000,79.9,simulation,0.5412045417294208,0.5412045417294208,799,79.9,79.9,0.0,True,False,0.465475,0.65,0.465475,0.65,0.00018871396682162815,0.65,0.5,,1.214306433183765e-17
controller_tick,800,80000000,80.0,simulation,0.5413191137595014,0.5413191137595014,800,80.0,80.0,0.0,True,False,0.464885,0.65,0.464885,0.65,0.00018847377962210468,0.65,0.5,,1.0408340855860843e-17
controller_tick,801,80100000,80.1,simulation,0.5414331780890813,0.5414331780890813,801,80.1,80.1,0.0,True,False,0.464294,0.65,0.464294,0.65,0.00018823399088729902,0.65,0.5,,1.5612511283791264e-17
controller_tick,802,80200000,80.2,simulation,0.5415467355638002,0.5415467355638002,802,80.2,80.2,0.0,True,False,0.463703,0.65,0.463703,0.65,0.00018799452463324703,0.65,0.5,,1.9081958235744878e-17
controller_tick,803,80300000,80.3,simulation,0.5416597869231501,0.5416597869231501,803,80.3,80.3,0.0,True,False,0.463114,0.65,0.463114,0.65,0.0001877553501718476,0.65,0.5,,1.9081958235744878e-17
controller_tick,804,80400000,80.4,simulation,0.541772332925397,0.541772332925397,804,80.4,80.4,0.0,True,False,0.462527,0.65,0.462527,0.65,0.00018751651586542404,0.65,0.5,,2.0816681711721685e-17
controller_tick,805,80500000,80.5,simulation,0.5418843744206179,0.5418843744206179,805,80.5,80.5,0.0,True,False,0.46194,0.65,0.46194,0.65,0.00018727806547401616,0.65,0.5,,1.3877787807814457e-17
controller_tick,806,80600000,80.6,simulation,0.5419959122645289,0.5419959122645289,806,80.6,80.6,0.0,True,False,0.461352,0.65,0.461352,0.65,0.00018703996246327985,0.65,0.5,,1.9081958235744878e-17
controller_tick,807,80700000,80.7,simulation,0.5421069472043781,0.5421069472043781,807,80.7,80.7,0.0,True,False,0.460766,0.65,0.460766,0.65,0.00018680213571054062,0.65,0.5,,2.42861286636753e-17
controller_tick,808,80800000,80.8,simulation,0.5422174799679348,0.5422174799679348,808,80.8,80.8,0.0,True,False,0.460183,0.65,0.460183,0.65,0.00018656463505643982,0.65,0.5,,2.0816681711721685e-17
controller_tick,809,80900000,80.9,simulation,0.542327511416298,0.542327511416298,809,80.9,80.9,0.0,True,False,0.459596,0.65,0.459596,0.65,0.00018632754366368736,0.65,0.5,,2.6020852139652106e-17
controller_tick,810,81000000,81.0,simulation,0.5424370422977063,0.5424370422977063,810,81.0,81.0,0.0,True,False,0.459015,0.65,0.459015,0.65,0.00018609067032578552,0.65,0.5,,2.6020852139652106e-17
controller_tick,811,81100000,81.1,simulation,0.5425460733832724,0.5425460733832724,811,81.1,81.1,0.0,True,False,0.458432,0.65,0.458432,0.65,0.00018585422268226838,0.65,0.5,,2.7755575615628914e-17
controller_tick,812,81200000,81.2,simulation,0.5426546055294568,0.5426546055294568,812,81.2,81.2,0.0,True,False,0.457849,0.65,0.457849,0.65,0.0001856180840928936,0.65,0.5,,2.949029909160572e-17
controller_tick,813,81300000,81.3,simulation,0.542762639447899,0.542762639447899,813,81.3,81.3,0.0,True,False,0.457269,0.65,0.457269,0.65,0.00018538222514727105,0.65,0.5,,3.122502256758253e-17
controller_tick,814,81400000,81.4,simulation,0.5428701759101499,0.5428701759101499,814,81.4,81.4,0.0,True,False,0.456691,0.65,0.456691,0.65,0.00018514673342887757,0.65,0.5,,3.469446951953614e-17
controller_tick,815,81500000,81.5,simulation,0.5429772158155127,0.5429772158155127,815,81.5,81.5,0.0,True,False,0.456112,0.65,0.456112,0.65,0.0001849116501214875,0.65,0.5,,3.469446951953614e-17
controller_tick,816,81600000,81.6,simulation,0.543083760025322,0.543083760025322,816,81.6,81.6,0.0,True,False,0.455532,0.65,0.455532,0.65,0.00018467689829462243,0.65,0.5,,3.122502256758253e-17
controller_tick,817,81700000,81.7,simulation,0.5431898092542673,0.5431898092542673,817,81.7,81.7,0.0,True,False,0.454955,0.65,0.454955,0.65,0.00018444240833870692,0.65,0.5,,3.469446951953614e-17
controller_tick,818,81800000,81.8,simulation,0.5432953642391455,0.5432953642391455,818,81.8,81.8,0.0,True,False,0.45438,0.65,0.45438,0.65,0.00018420826952852368,0.65,0.5,,3.8163916471489756e-17
controller_tick,819,81900000,81.9,simulation,0.5434004258477347,0.5434004258477347,819,81.9,81.9,0.0,True,False,0.453805,0.65,0.453805,0.65,0.00018397452457820368,0.65,0.5,,2.949029909160572e-17
controller_tick,820,82000000,82.0,simulation,0.5435049949514613,0.5435049949514613,820,82.0,82.0,0.0,True,False,0.453229,0.65,0.453229,0.65,0.00018374113600702548,0.65,0.5,,3.122502256758253e-17
controller_tick,821,82100000,82.1,simulation,0.5436090723114824,0.5436090723114824,821,82.1,82.1,0.0,True,False,0.452655,0.65,0.452655,0.65,0.00018350803183599695,0.65,0.5,,3.8163916471489756e-17
controller_tick,822,82200000,82.2,simulation,0.543712658667847,0.543712658667847,822,82.2,82.2,0.0,True,False,0.452081,0.65,0.452081,0.65,0.0001832752611309311,0.65,0.5,,4.163336342344337e-17
controller_tick,823,82300000,82.3,simulation,0.5438157547763715,0.5438157547763715,823,82.3,82.3,0.0,True,False,0.451509,0.65,0.451509,0.65,0.000183042792158346,0.65,0.5,,4.336808689942018e-17
controller_tick,824,82400000,82.4,simulation,0.5439183614096573,0.5439183614096573,824,82.4,82.4,0.0,True,False,0.450939,0.65,0.450939,0.65,0.00018281067233466523,0.65,0.5,,4.336808689942018e-17
controller_tick,825,82500000,82.5,simulation,0.5440204794303196,0.5440204794303196,825,82.5,82.5,0.0,True,False,0.450369,0.65,0.450369,0.65,0.00018257894456404314,0.65,0.5,,4.85722573273506e-17
controller_tick,826,82600000,82.6,simulation,0.5441221097049851,0.5441221097049851,826,82.6,82.6,0.0,True,False,0.449799,0.65,0.449799,0.65,0.0001823475715376984,0.65,0.5,,4.85722573273506e-17
controller_tick,827,82700000,82.7,simulation,0.5442232530290381,0.5442232530290381,827,82.7,82.7,0.0,True,False,0.44923,0.65,0.44923,0.65,0.0001821165194972496,0.65,0.5,,5.0306980803327406e-17
controller_tick,828,82800000,82.8,simulation,0.5443239101720901,0.5443239101720901,828,82.8,82.8,0.0,True,False,0.448661,0.65,0.448661,0.65,0.00018188579596188298,0.65,0.5,,4.5102810375396984e-17
controller_tick,829,82900000,82.9,simulation,0.5444240818791465,0.5444240818791465,829,82.9,82.9,0.0,True,False,0.448095,0.65,0.448095,0.65,0.00018165536967020666,0.65,0.5,,4.336808689942018e-17
controller_tick,830,83000000,83.0,simulation,0.5445237689515966,0.5445237689515966,830,83.0,83.0,0.0,True,False,0.447528,0.65,0.447528,0.65,0.00018142532653084203,0.65,0.5,,4.85722573273506e-17
controller_tick,831,83100000,83.1,simulation,0.5446229721993039,0.5446229721993039,831,83.1,83.1,0.0,True,False,0.446963,0.65,0.446963,0.65,0.00018119559201699298,0.65,0.5,,5.377642775528102e-17
controller_tick,832,83200000,83.2,simulation,0.5447216924061662,0.5447216924061662,832,83.2,83.2,0.0,True,False,0.446398,0.65,0.446398,0.65,0.00018096621288912415,0.65,0.5,,5.0306980803327406e-17
controller_tick,833,83300000,83.3,simulation,0.5448199303674529,0.5448199303674529,833,83.3,83.3,0.0,True,False,0.445835,0.65,0.445835,0.65,0.00018073715532778814,0.65,0.5,,5.204170427930421e-17
controller_tick,834,83400000,83.4,simulation,0.5449176868912422,0.5449176868912422,834,83.4,83.4,0.0,True,False,0.445271,0.65,0.445271,0.65,0.00018050846486194886,0.65,0.5,,4.85722573273506e-17
controller_tick,835,83500000,83.5,simulation,0.5450149627559391,0.5450149627559391,835,83.5,83.5,0.0,True,False,0.44471,0.65,0.44471,0.65,0.00018028006849281835,0.65,0.5,,4.85722573273506e-17
controller_tick,836,83600000,83.6,simulation,0.5451117587555951,0.5451117587555951,836,83.6,83.6,0.0,True,False,0.444148,0.65,0.444148,0.65,0.00018005205242849277,0.65,0.5,,4.85722573273506e-17
controller_tick,837,83700000,83.7,simulation,0.5452080756933093,0.5452080756933093,837,83.7,83.7,0.0,True,False,0.443589,0.65,0.443589,0.65,0.00017982434241315212,0.65,0.5,,5.0306980803327406e-17
controller_tick,838,83800000,83.8,simulation,0.5453039143854297,0.5453039143854297,838,83.8,83.8,0.0,True,False,0.443029,0.65,0.443029,0.65,0.00017959702351748322,0.65,0.5,,5.0306980803327406e-17
controller_tick,839,83900000,83.9,simulation,0.5453992756551823,0.5453992756551823,839,83.9,83.9,0.0,True,False,0.442472,0.65,0.442472,0.65,0.0001793700204564954,0.65,0.5,,5.0306980803327406e-17
controller_tick,840,84000000,84.0,simulation,0.5454941603370793,0.5454941603370793,840,84.0,84.0,0.0,True,False,0.441914,0.65,0.441914,0.65,0.0001791434173696433,0.65,0.5,,5.0306980803327406e-17
controller_tick,841,84100000,84.1,simulation,0.545588569270735,0.545588569270735,841,84.1,84.1,0.0,True,False,0.441355,0.65,0.441355,0.65,0.0001789171381293227,0.65,0.5,,4.85722573273506e-17
controller_tick,842,84200000,84.2,simulation,0.5456825031506578,0.5456825031506578,842,84.2,84.2,0.0,True,False,0.440799,0.65,0.440799,0.65,0.0001786911138524287,0.65,0.5,,5.0306980803327406e-17
controller_tick,843,84300000,84.3,simulation,0.5457759626948574,0.5457759626948574,843,84.3,84.3,0.0,True,False,0.440246,0.65,0.440246,0.65,0.0001784654344710817,0.65,0.5,,5.204170427930421e-17
controller_tick,844,84400000,84.4,simulation,0.5458689487922822,0.5458689487922822,844,84.4,84.4,0.0,True,False,0.439691,0.65,0.439691,0.65,0.00017824018135922923,0.65,0.5,,5.377642775528102e-17
controller_tick,845,84500000,84.5,simulation,0.5459614622930115,0.5459614622930115,845,84.5,84.5,0.0,True,False,0.43914,0.65,0.43914,0.65,0.00017801523782190007,0.65,0.5,,5.724587470723463e-17
controller_tick,846,84600000,84.6,simulation,0.5460535040569938,0.5460535040569938,846,84.6,84.6,0.0,True,False,0.438584,0.65,0.438584,0.65,0.0001777907266593144,0.65,0.5,,5.551115123125783e-17
controller_tick,847,84700000,84.7,simulation,0.5461450748293664,0.5461450748293664,847,84.7,84.7,0.0,True,False,0.438034,0.65,0.438034,0.65,0.00017756641640041126,0.65,0.5,,5.724587470723463e-17
controller_tick,848,84800000,84.8,simulation,0.5462361753402214,0.5462361753402214,848,84.8,84.8,0.0,True,False,0.437484,0.65,0.437484,0.65,0.0001773425163168743,0.65,0.5,,6.071532165918825e-17
controller_tick,849,84900000,84.9,simulation,0.5463268064855168,0.5463268064855168,849,84.9,84.9,0.0,True,False,0.436933,0.65,0.436933,0.65,0.00017711898737535656,0.65,0.5,,6.245004513516506e-17
controller_tick,850,85000000,85.0,simulation,0.5464169690479878,0.5464169690479878,850,85.0,85.0,0.0,True,False,0.436385,0.65,0.436385,0.65,0.00017689575619199248,0.65,0.5,,5.724587470723463e-17
controller_tick,851,85100000,85.1,simulation,0.5465066638252862,0.5465066638252862,851,85.1,85.1,0.0,True,False,0.435836,0.65,0.435836,0.65,0.00017667290862644568,0.65,0.5,,5.724587470723463e-17
controller_tick,852,85200000,85.2,simulation,0.5465958916234508,0.5465958916234508,852,85.2,85.2,0.0,True,False,0.435289,0.65,0.435289,0.65,0.00017645037010762134,0.65,0.5,,5.377642775528102e-17
controller_tick,853,85300000,85.3,simulation,0.546684653222476,0.546684653222476,853,85.3,85.3,0.0,True,False,0.434742,0.65,0.434742,0.65,0.00017622818735590106,0.65,0.5,,5.0306980803327406e-17
controller_tick,854,85400000,85.4,simulation,0.5467729494136572,0.5467729494136572,854,85.4,85.4,0.0,True,False,0.434197,0.65,0.434197,0.65,0.0001760063265155686,0.65,0.5,,4.85722573273506e-17
controller_tick,855,85500000,85.5,simulation,0.5468607810010357,0.5468607810010357,855,85.5,85.5,0.0,True,False,0.433652,0.65,0.433652,0.65,0.00017578483308277072,0.65,0.5,,5.0306980803327406e-17
controller_tick,856,85600000,85.6,simulation,0.5469481487976189,0.5469481487976189,856,85.6,85.6,0.0,True,False,0.433109,0.65,0.433109,0.65,0.0001755636720940578,0.65,0.5,,5.377642775528102e-17
controller_tick,857,85700000,85.7,simulation,0.5470350536270466,0.5470350536270466,857,85.7,85.7,0.0,True,False,0.432566,0.65,0.432566,0.65,0.00017534288804325787,0.65,0.5,,5.204170427930421e-17
controller_tick,858,85800000,85.8,simulation,0.5471214963200134,0.5471214963200134,858,85.8,85.8,0.0,True,False,0.432025,0.65,0.432025,0.65,0.00017512244505998598,0.65,0.5,,5.0306980803327406e-17
controller_tick,859,85900000,85.9,simulation,0.5472074777161168,0.5472074777161168,859,85.9,85.9,0.0,True,False,0.431484,0.65,0.431484,0.65,0.00017490238681744106,0.65,0.5,,5.377642775528102e-17
controller_tick,860,86000000,86.0,simulation,0.5472929986604435,0.5472929986604435,860,86.0,86.0,0.0,True,False,0.430942,0.65,0.430942,0.65,0.00017468267670270218,0.65,0.5,,5.724587470723463e-17
controller_tick,861,86100000,86.1,simulation,0.5473780598894784,0.5473780598894784,861,86.1,86.1,0.0,True,False,0.430403,0.65,0.430403,0.65,0.00017446324352199562,0.65,0.5,,5.898059818321144e-17
controller_tick,862,86200000,86.2,simulation,0.5474626621588047,0.5474626621588047,862,86.2,86.2,0.0,True,False,0.429863,0.65,0.429863,0.65,0.00017424417511666219,0.65,0.5,,5.551115123125783e-17
controller_tick,863,86300000,86.3,simulation,0.5475468062361757,0.5475468062361757,863,86.3,86.3,0.0,True,False,0.429326,0.65,0.429326,0.65,0.00017402539870870281,0.65,0.5,,5.551115123125783e-17
controller_tick,864,86400000,86.4,simulation,0.5476304929054208,0.5476304929054208,864,86.4,86.4,0.0,True,False,0.428791,0.65,0.428791,0.65,0.00017380700070599174,0.65,0.5,,5.724587470723463e-17
controller_tick,865,86500000,86.5,simulation,0.5477137230758938,0.5477137230758938,865,86.5,86.5,0.0,True,False,0.428253,0.65,0.428253,0.65,0.00017358902122857416,0.65,0.5,,5.204170427930421e-17
controller_tick,866,86600000,86.6,simulation,0.5477964975395726,0.5477964975395726,866,86.6,86.6,0.0,True,False,0.42772,0.65,0.42772,0.65,0.00017337130625340414,0.65,0.5,,5.551115123125783e-17
controller_tick,867,86700000,86.7,simulation,0.5478788171046791,0.5478788171046791,867,86.7,86.7,0.0,True,False,0.427184,0.65,0.427184,0.65,0.00017315402093492872,0.65,0.5,,5.377642775528102e-17
controller_tick,868,86800000,86.8,simulation,0.5479606825839377,0.5479606825839377,868,86.8,86.8,0.0,True,False,0.42665,0.65,0.42665,0.65,0.00017293701019080928,0.65,0.5,,5.724587470723463e-17
controller_tick,869,86900000,86.9,simulation,0.5480420946882085,0.5480420946882085,869,86.9,86.9,0.0,True,False,0.426119,0.65,0.426119,0.65,0.0001727203240219066,0.65,0.5,,5.898059818321144e-17
controller_tick,870,87000000,87.0,simulation,0.5481230542620041,0.5481230542620041,870,87.0,87.0,0.0,True,False,0.425587,0.65,0.425587,0.65,0.00017250404573590345,0.65,0.5,,5.377642775528102e-17
controller_tick,871,87100000,87.1,simulation,0.5482035621533604,0.5482035621533604,871,87.1,87.1,0.0,True,False,0.425055,0.65,0.425055,0.65,0.00017228809845257716,0.65,0.5,,5.204170427930421e-17
controller_tick,872,87200000,87.2,simulation,0.5482836191024761,0.5482836191024761,872,87.2,87.2,0.0,True,False,0.424525,0.65,0.424525,0.65,0.0001720724506728583,0.65,0.5,,5.551115123125783e-17
controller_tick,873,87300000,87.3,simulation,0.5483632258667963,0.5483632258667963,873,87.3,87.3,0.0,True,False,0.423998,0.65,0.423998,0.65,0.00017185715002527593,0.65,0.5,,5.724587470723463e-17
controller_tick,874,87400000,87.4,simulation,0.5484423833328939,0.5484423833328939,874,87.4,87.4,0.0,True,False,0.423471,0.65,0.423471,0.65,0.00017164227767093798,0.65,0.5,,5.377642775528102e-17
controller_tick,875,87500000,87.5,simulation,0.5485210924254668,0.5485210924254668,875,87.5,87.5,0.0,True,False,0.422942,0.65,0.422942,0.65,0.00017142779285235352,0.65,0.5,,6.071532165918825e-17
controller_tick,876,87600000,87.6,simulation,0.5485993539140116,0.5485993539140116,876,87.6,87.6,0.0,True,False,0.422417,0.65,0.422417,0.65,0.00017121358256055403,0.65,0.5,,6.245004513516506e-17
controller_tick,877,87700000,87.7,simulation,0.5486771685849354,0.5486771685849354,877,87.7,87.7,0.0,True,False,0.421891,0.65,0.421891,0.65,0.00017099977293099297,0.65,0.5,,6.245004513516506e-17
controller_tick,878,87800000,87.8,simulation,0.5487545372709896,0.5487545372709896,878,87.8,87.8,0.0,True,False,0.421364,0.65,0.421364,0.65,0.00017078628777058446,0.65,0.5,,6.765421556309548e-17
controller_tick,879,87900000,87.9,simulation,0.5488314606597047,0.5488314606597047,879,87.9,87.9,0.0,True,False,0.420843,0.65,0.420843,0.65,0.0001705730581369734,0.65,0.5,,6.765421556309548e-17
controller_tick,880,88000000,88.0,simulation,0.5489079395780978,0.5489079395780978,880,88.0,88.0,0.0,True,False,0.420319,0.65,0.420319,0.65,0.00017036028810376674,0.65,0.5,,6.765421556309548e-17
controller_tick,881,88100000,88.1,simulation,0.5489839748930543,0.5489839748930543,881,88.1,88.1,0.0,True,False,0.419797,0.65,0.419797,0.65,0.0001701478197391049,0.65,0.5,,6.938893903907228e-17
controller_tick,882,88200000,88.2,simulation,0.5490595673641615,0.5490595673641615,882,88.2,88.2,0.0,True,False,0.419274,0.65,0.419274,0.65,0.00016993570046549582,0.65,0.5,,6.591949208711867e-17
controller_tick,883,88300000,88.3,simulation,0.5491347177249593,0.5491347177249593,883,88.3,88.3,0.0,True,False,0.418755,0.65,0.418755,0.65,0.00016972385899750086,0.65,0.5,,6.245004513516506e-17
controller_tick,884,88400000,88.4,simulation,0.5492094267666119,0.5492094267666119,884,88.4,88.4,0.0,True,False,0.418237,0.65,0.418237,0.65,0.00016951242115855155,0.65,0.5,,6.765421556309548e-17
controller_tick,885,88500000,88.5,simulation,0.5492836954034267,0.5492836954034267,885,88.5,88.5,0.0,True,False,0.417717,0.65,0.417717,0.65,0.00016930138660329865,0.65,0.5,,6.938893903907228e-17
controller_tick,886,88600000,88.6,simulation,0.5493575244327232,0.5493575244327232,886,88.6,88.6,0.0,True,False,0.417199,0.65,0.417199,0.65,0.00016909064082415868,0.65,0.5,,6.938893903907228e-17
controller_tick,887,88700000,88.7,simulation,0.5494309145884824,0.5494309145884824,887,88.7,88.7,0.0,True,False,0.416683,0.65,0.416683,0.65,0.0001688802324705167,0.65,0.5,,6.418476861114186e-17
controller_tick,888,88800000,88.8,simulation,0.5495038666970674,0.5495038666970674,888,88.8,88.8,0.0,True,False,0.416167,0.65,0.416167,0.65,0.00016867020556215673,0.65,0.5,,6.591949208711867e-17
controller_tick,889,88900000,88.9,simulation,0.5495763815909994,0.5495763815909994,889,88.9,88.9,0.0,True,False,0.415654,0.65,0.415654,0.65,0.00016846052379976078,0.65,0.5,,6.938893903907228e-17
controller_tick,890,89000000,89.0,simulation,0.5496484601495881,0.5496484601495881,890,89.0,89.0,0.0,True,False,0.41514,0.65,0.41514,0.65,0.00016825126853344622,0.65,0.5,,6.938893903907228e-17
controller_tick,891,89100000,89.1,simulation,0.5497201032519368,0.5497201032519368,891,89.1,89.1,0.0,True,False,0.414625,0.65,0.414625,0.65,0.0001680423611117119,0.65,0.5,,6.591949208711867e-17
controller_tick,892,89200000,89.2,simulation,0.549791311627241,0.549791311627241,892,89.2,89.2,0.0,True,False,0.414114,0.65,0.414114,0.65,0.00016783373036773663,0.65,0.5,,6.591949208711867e-17
controller_tick,893,89300000,89.3,simulation,0.5498620860625494,0.5498620860625494,893,89.3,89.3,0.0,True,False,0.413601,0.65,0.413601,0.65,0.0001676255022322817,0.65,0.5,,6.418476861114186e-17
controller_tick,894,89400000,89.4,simulation,0.5499324273521722,0.5499324273521722,894,89.4,89.4,0.0,True,False,0.413092,0.65,0.413092,0.65,0.00016741756226201513,0.65,0.5,,6.591949208711867e-17
controller_tick,895,89500000,89.5,simulation,0.5500023363045974,0.5500023363045974,895,89.5,89.5,0.0,True,False,0.412582,0.65,0.412582,0.65,0.00016721003529452478,0.65,0.5,,6.418476861114186e-17
controller_tick,896,89600000,89.6,simulation,0.550071813772186,0.550071813772186,896,89.6,89.6,0.0,True,False,0.412071,0.65,0.412071,0.65,0.00016700284396236733,0.65,0.5,,6.938893903907228e-17
controller_tick,897,89700000,89.7,simulation,0.5501408604598416,0.5501408604598416,897,89.7,89.7,0.0,True,False,0.411564,0.65,0.411564,0.65,0.00016679591826058507,0.65,0.5,,6.591949208711867e-17
controller_tick,898,89800000,89.8,simulation,0.5502094771325394,0.5502094771325394,898,89.8,89.8,0.0,True,False,0.411058,0.65,0.411058,0.65,0.0001665893851712368,0.65,0.5,,6.938893903907228e-17
controller_tick,899,89900000,89.9,simulation,0.5502776646806113,0.5502776646806113,899,89.9,89.9,0.0,True,False,0.41055,0.65,0.41055,0.65,0.00016638324539734238,0.65,0.5,,7.632783294297951e-17
controller_tick,900,90000000,90.0,simulation,0.5503454238794047,0.5503454238794047,900,90.0,90.0,0.0,True,False,0.410047,0.65,0.410047,0.65,0.00016617738537992214,0.65,0.5,,8.153200337090993e-17
controller_tick,901,90100000,90.1,simulation,0.5504127555588296,0.5504127555588296,901,90.1,90.1,0.0,True,False,0.40954,0.65,0.40954,0.65,0.00016597196882179162,0.65,0.5,,8.153200337090993e-17
controller_tick,902,90200000,90.2,simulation,0.5504796605118414,0.5504796605118414,902,90.2,90.2,0.0,True,False,0.409036,0.65,0.409036,0.65,0.0001657668012620886,0.65,0.5,,8.500145032286355e-17
controller_tick,903,90300000,90.3,simulation,0.5505461394319963,0.5505461394319963,903,90.3,90.3,0.0,True,False,0.408535,0.65,0.408535,0.65,0.00016556197320057823,0.65,0.5,,8.847089727481716e-17
controller_tick,904,90400000,90.4,simulation,0.5506121931848875,0.5506121931848875,904,90.4,90.4,0.0,True,False,0.408033,0.65,0.408033,0.65,0.00016535756652483422,0.65,0.5,,9.194034422677078e-17
controller_tick,905,90500000,90.5,simulation,0.5506778226369305,0.5506778226369305,905,90.5,90.5,0.0,True,False,0.407531,0.65,0.407531,0.65,0.00016515350306966635,0.65,0.5,,9.540979117872439e-17
controller_tick,906,90600000,90.6,simulation,0.5507430285442602,0.5507430285442602,906,90.6,90.6,0.0,True,False,0.407032,0.65,0.407032,0.65,0.00016494975017331836,0.65,0.5,,9.540979117872439e-17
controller_tick,907,90700000,90.7,simulation,0.5508078117167436,0.5508078117167436,907,90.7,90.7,0.0,True,False,0.406532,0.65,0.406532,0.65,0.00016474639247730943,0.65,0.5,,9.194034422677078e-17
controller_tick,908,90800000,90.8,simulation,0.5508721729703252,0.5508721729703252,908,90.8,90.8,0.0,True,False,0.406035,0.65,0.406035,0.65,0.00016454335430832217,0.65,0.5,,8.847089727481716e-17
controller_tick,909,90900000,90.9,simulation,0.5509361131315118,0.5509361131315118,909,90.9,90.9,0.0,True,False,0.405537,0.65,0.405537,0.65,0.00016434071945443848,0.65,0.5,,8.847089727481716e-17
controller_tick,910,91000000,91.0,simulation,0.5509996330312592,0.5509996330312592,910,91.0,91.0,0.0,True,False,0.405039,0.65,0.405039,0.65,0.00016413841147011902,0.65,0.5,,8.847089727481716e-17
controller_tick,911,91100000,91.1,simulation,0.5510627333935247,0.5510627333935247,911,91.1,91.1,0.0,True,False,0.404544,0.65,0.404544,0.65,0.00016393639924961215,0.65,0.5,,9.020562075079397e-17
controller_tick,912,91200000,91.2,simulation,0.5511254149989678,0.5511254149989678,912,91.2,91.2,0.0,True,False,0.404051,0.65,0.404051,0.65,0.00016373476884236804,0.65,0.5,,8.500145032286355e-17
controller_tick,913,91300000,91.3,simulation,0.5511876787531007,0.5511876787531007,913,91.3,91.3,0.0,True,False,0.403555,0.65,0.403555,0.65,0.00016353356004411644,0.65,0.5,,9.020562075079397e-17
controller_tick,914,91400000,91.4,simulation,0.5512495254434512,0.5512495254434512,914,91.4,91.4,0.0,True,False,0.403061,0.65,0.403061,0.65,0.00016333261853835864,0.65,0.5,,9.71445146547012e-17
controller_tick,915,91500000,91.5,simulation,0.5513109557571547,0.5513109557571547,915,91.5,91.5,0.0,True,False,0.40257,0.65,0.40257,0.65,0.00016313199501891642,0.65,0.5,,9.540979117872439e-17
controller_tick,916,91600000,91.6,simulation,0.5513719705163324,0.5513719705163324,916,91.6,91.6,0.0,True,False,0.402079,0.65,0.402079,0.65,0.00016293177342048925,0.65,0.5,,9.540979117872439e-17
controller_tick,917,91700000,91.7,simulation,0.5514325705865314,0.5514325705865314,917,91.7,91.7,0.0,True,False,0.401588,0.65,0.401588,0.65,0.00016273191549523563,0.65,0.5,,9.8879238130678e-17
controller_tick,918,91800000,91.8,simulation,0.5514927567602881,0.5514927567602881,918,91.8,91.8,0.0,True,False,0.401099,0.65,0.401099,0.65,0.0001625323866350774,0.65,0.5,,9.8879238130678e-17
controller_tick,919,91900000,91.9,simulation,0.5515525298414643,0.5515525298414643,919,91.9,91.9,0.0,True,False,0.400609,0.65,0.400609,0.65,0.00016233323165539595,0.65,0.5,,9.71445146547012e-17
controller_tick,920,92000000,92.0,simulation,0.5516118906029086,0.5516118906029086,920,92.0,92.0,0.0,True,False,0.400123,0.65,0.400123,0.65,0.00016213437691172704,0.65,0.5,,9.8879238130678e-17
controller_tick,921,92100000,92.1,simulation,0.5516708398706015,0.5516708398706015,921,92.1,92.1,0.0,True,False,0.399636,0.65,0.399636,0.65,0.00016193594609296765,0.65,0.5,,1.0234868508263162e-16
controller_tick,922,92200000,92.2,simulation,0.5517293785122105,0.5517293785122105,922,92.2,92.2,0.0,True,False,0.399151,0.65,0.399151,0.65,0.000161737860792296,0.65,0.5,,1.0061396160665481e-16
controller_tick,923,92300000,92.3,simulation,0.5517875073620576,0.5517875073620576,923,92.3,92.3,0.0,True,False,0.398663,0.65,0.398663,0.65,0.00016154016425938436,0.65,0.5,,9.71445146547012e-17
controller_tick,924,92400000,92.4,simulation,0.5518452271430727,0.5518452271430727,924,92.4,92.4,0.0,True,False,0.398181,0.65,0.398181,0.65,0.0001613427053029905,0.65,0.5,,9.367506770274758e-17
controller_tick,925,92500000,92.5,simulation,0.5519025386385423,0.5519025386385423,925,92.5,92.5,0.0,True,False,0.397696,0.65,0.397696,0.65,0.00016114568970491632,0.65,0.5,,9.194034422677078e-17
controller_tick,926,92600000,92.6,simulation,0.5519594426748904,0.5519594426748904,926,92.6,92.6,0.0,True,False,0.397216,0.65,0.397216,0.65,0.00016094896107894104,0.65,0.5,,9.367506770274758e-17
controller_tick,927,92700000,92.7,simulation,0.5520159400902905,0.5520159400902905,927,92.7,92.7,0.0,True,False,0.396733,0.65,0.396733,0.65,0.00016075268244122268,0.65,0.5,,9.020562075079397e-17
controller_tick,928,92800000,92.8,simulation,0.5520720317233532,0.5520720317233532,928,92.8,92.8,0.0,True,False,0.396253,0.65,0.396253,0.65,0.00016055669677461854,0.65,0.5,,9.020562075079397e-17
controller_tick,929,92900000,92.9,simulation,0.5521277183458428,0.5521277183458428,929,92.9,92.9,0.0,True,False,0.395772,0.65,0.395772,0.65,0.00016036109039433926,0.65,0.5,,8.673617379884035e-17
controller_tick,930,93000000,93.0,simulation,0.5521830007387987,0.5521830007387987,930,93.0,93.0,0.0,True,False,0.395294,0.65,0.395294,0.65,0.00016016578914148613,0.65,0.5,,8.847089727481716e-17
controller_tick,931,93100000,93.1,simulation,0.5522378796967162,0.5522378796967162,931,93.1,93.1,0.0,True,False,0.394815,0.65,0.394815,0.65,0.00015997087817444378,0.65,0.5,,8.500145032286355e-17
controller_tick,932,93200000,93.2,simulation,0.5522923560211592,0.5522923560211592,932,93.2,93.2,0.0,True,False,0.39434,0.65,0.39434,0.65,0.00015977628228757394,0.65,0.5,,8.326672684688674e-17
controller_tick,933,93300000,93.3,simulation,0.5523464305638475,0.5523464305638475,933,93.3,93.3,0.0,True,False,0.393864,0.65,0.393864,0.65,0.00015958212375716507,0.65,0.5,,8.673617379884035e-17
controller_tick,934,93400000,93.4,simulation,0.5524001042154951,0.5524001042154951,934,93.4,93.4,0.0,True,False,0.393387,0.65,0.393387,0.65,0.00015938832289821424,0.65,0.5,,8.847089727481716e-17
controller_tick,935,93500000,93.5,simulation,0.5524533777149461,0.5524533777149461,935,93.5,93.5,0.0,True,False,0.392913,0.65,0.392913,0.65,0.00015919480760874928,0.65,0.5,,8.847089727481716e-17
controller_tick,936,93600000,93.6,simulation,0.5525062518184262,0.5525062518184262,936,93.6,93.6,0.0,True,False,0.392439,0.65,0.392439,0.65,0.0001590016649083389,0.65,0.5,,8.500145032286355e-17
controller_tick,937,93700000,93.7,simulation,0.5525587273314773,0.5525587273314773,937,93.7,93.7,0.0,True,False,0.391965,0.65,0.391965,0.65,0.00015880885934044668,0.65,0.5,,8.500145032286355e-17
controller_tick,938,93800000,93.8,simulation,0.5526108049919594,0.5526108049919594,938,93.8,93.8,0.0,True,False,0.391493,0.65,0.391493,0.65,0.00015861635882267176,0.65,0.5,,8.673617379884035e-17
controller_tick,939,93900000,93.9,simulation,0.5526624855538809,0.5526624855538809,939,93.9,93.9,0.0,True,False,0.391024,0.65,0.391024,0.65,0.00015842421045572286,0.65,0.5,,8.500145032286355e-17
controller_tick,940,94000000,94.0,simulation,0.5527137698993854,0.5527137698993854,940,94.0,94.0,0.0,True,False,0.390552,0.65,0.390552,0.65,0.00015823249492311653,0.65,0.5,,8.673617379884035e-17
controller_tick,941,94100000,94.1,simulation,0.5527646588317563,0.5527646588317563,941,94.1,94.1,0.0,True,False,0.390083,0.65,0.390083,0.65,0.00015804105684012079,0.65,0.5,,9.194034422677078e-17
controller_tick,942,94200000,94.2,simulation,0.5528151530905482,0.5528151530905482,942,94.2,94.2,0.0,True,False,0.389616,0.65,0.389616,0.65,0.0001578499839990127,0.65,0.5,,9.367506770274758e-17
controller_tick,943,94300000,94.3,simulation,0.5528652535434991,0.5528652535434991,943,94.3,94.3,0.0,True,False,0.389148,0.65,0.389148,0.65,0.00015765931777249678,0.65,0.5,,9.71445146547012e-17
controller_tick,944,94400000,94.4,simulation,0.5529149610207703,0.5529149610207703,944,94.4,94.4,0.0,True,False,0.388681,0.65,0.388681,0.65,0.00015746898140104573,0.65,0.5,,9.540979117872439e-17
controller_tick,945,94500000,94.5,simulation,0.5529642762836285,0.5529642762836285,945,94.5,94.5,0.0,True,False,0.388216,0.65,0.388216,0.65,0.00015727898155983277,0.65,0.5,,9.540979117872439e-17
controller_tick,946,94600000,94.6,simulation,0.5530132001445445,0.5530132001445445,946,94.6,94.6,0.0,True,False,0.387751,0.65,0.387751,0.65,0.00015708936235383708,0.65,0.5,,1.0061396160665481e-16
controller_tick,947,94700000,94.7,simulation,0.5530617334223211,0.5530617334223211,947,94.7,94.7,0.0,True,False,0.387286,0.65,0.387286,0.65,0.00015690008756082853,0.65,0.5,,1.0061396160665481e-16
controller_tick,948,94800000,94.8,simulation,0.5531098768666212,0.5531098768666212,948,94.8,94.8,0.0,True,False,0.386823,0.65,0.386823,0.65,0.0001567111244055781,0.65,0.5,,9.71445146547012e-17
controller_tick,949,94900000,94.9,simulation,0.5531576312419355,0.5531576312419355,949,94.9,94.9,0.0,True,False,0.38636,0.65,0.38636,0.65,0.0001565225193618976,0.65,0.5,,9.8879238130678e-17
controller_tick,950,95000000,95.0,simulation,0.5532049973236076,0.5532049973236076,950,95.0,95.0,0.0,True,False,0.3859,0.65,0.3859,0.65,0.00015633423835096543,0.65,0.5,,1.0234868508263162e-16
controller_tick,951,95100000,95.1,simulation,0.5532519759380188,0.5532519759380188,951,95.1,95.1,0.0,True,False,0.385439,0.65,0.385439,0.65,0.00015614636473208697,0.65,0.5,,1.0408340855860843e-16
controller_tick,952,95200000,95.2,simulation,0.5532985679151896,0.5532985679151896,952,95.2,95.2,0.0,True,False,0.384979,0.65,0.384979,0.65,0.0001559588216717497,0.65,0.5,,1.0755285551056204e-16
controller_tick,953,95300000,95.3,simulation,0.5533447740161063,0.5533447740161063,953,95.3,95.3,0.0,True,False,0.384521,0.65,0.384521,0.65,0.00015577161577818218,0.65,0.5,,1.0234868508263162e-16
controller_tick,954,95400000,95.4,simulation,0.553390595052833,0.553390595052833,954,95.4,95.4,0.0,True,False,0.384062,0.65,0.384062,0.65,0.00015558479109578958,0.65,0.5,,1.0061396160665481e-16
controller_tick,955,95500000,95.5,simulation,0.5534360318049557,0.5534360318049557,955,95.5,95.5,0.0,True,False,0.383607,0.65,0.383607,0.65,0.00015539827328249947,0.65,0.5,,1.0408340855860843e-16
controller_tick,956,95600000,95.6,simulation,0.5534810851038691,0.5534810851038691,956,95.6,95.6,0.0,True,False,0.383151,0.65,0.383151,0.65,0.00015521218539598687,0.65,0.5,,1.0755285551056204e-16
controller_tick,957,95700000,95.7,simulation,0.5535257558214567,0.5535257558214567,957,95.7,95.7,0.0,True,False,0.382695,0.65,0.382695,0.65,0.00015502644845827676,0.65,0.5,,1.0928757898653885e-16
controller_tick,958,95800000,95.8,simulation,0.5535700447177815,0.5535700447177815,958,95.8,95.8,0.0,True,False,0.382241,0.65,0.382241,0.65,0.000154841029072175,0.65,0.5,,1.0581813203458523e-16
controller_tick,959,95900000,95.9,simulation,0.5536139525665501,0.5536139525665501,959,95.9,95.9,0.0,True,False,0.381787,0.65,0.381787,0.65,0.00015465597314871617,0.65,0.5,,1.0408340855860843e-16
controller_tick,960,96000000,96.0,simulation,0.5536574801512496,0.5536574801512496,960,96.0,96.0,0.0,True,False,0.381336,0.65,0.381336,0.65,0.00015447124609985674,0.65,0.5,,1.0581813203458523e-16
controller_tick,961,96100000,96.1,simulation,0.5537006283054351,0.5537006283054351,961,96.1,96.1,0.0,True,False,0.380882,0.65,0.380882,0.65,0.00015428693082413905,0.65,0.5,,1.0234868508263162e-16
controller_tick,962,96200000,96.2,simulation,0.5537433977880316,0.5537433977880316,962,96.2,96.2,0.0,True,False,0.380434,0.65,0.380434,0.65,0.00015410287394106937,0.65,0.5,,9.71445146547012e-17
controller_tick,963,96300000,96.3,simulation,0.5537857894141514,0.5537857894141514,963,96.3,96.3,0.0,True,False,0.379982,0.65,0.379982,0.65,0.00015391927925153287,0.65,0.5,,1.0408340855860843e-16
controller_tick,964,96400000,96.4,simulation,0.5538278039995751,0.5538278039995751,964,96.4,96.4,0.0,True,False,0.379533,0.65,0.379533,0.65,0.00015373595051186844,0.65,0.5,,1.0408340855860843e-16
controller_tick,965,96500000,96.5,simulation,0.5538694422572961,0.5538694422572961,965,96.5,96.5,0.0,True,False,0.379087,0.65,0.379087,0.65,0.00015355297660869793,0.65,0.5,,1.0581813203458523e-16
controller_tick,966,96600000,96.6,simulation,0.553910705069279,0.553910705069279,966,96.6,96.6,0.0,True,False,0.378637,0.65,0.378637,0.65,0.0001533704379699628,0.65,0.5,,1.0408340855860843e-16
controller_tick,967,96700000,96.7,simulation,0.5539515931994493,0.5539515931994493,967,96.7,96.7,0.0,True,False,0.378191,0.65,0.378191,0.65,0.0001531881409146443,0.65,0.5,,1.0234868508263162e-16
controller_tick,968,96800000,96.8,simulation,0.5539921073525305,0.5539921073525305,968,96.8,96.8,0.0,True,False,0.377747,0.65,0.377747,0.65,0.00015300621471317198,0.65,0.5,,9.71445146547012e-17
controller_tick,969,96900000,96.9,simulation,0.5540322484016788,0.5540322484016788,969,96.9,96.9,0.0,True,False,0.377303,0.65,0.377303,0.65,0.00015282470020420183,0.65,0.5,,9.8879238130678e-17
controller_tick,970,97000000,97.0,simulation,0.5540720172201554,0.5540720172201554,970,97.0,97.0,0.0,True,False,0.376858,0.65,0.376858,0.65,0.0001526435582100124,0.65,0.5,,1.0061396160665481e-16
controller_tick,971,97100000,97.1,simulation,0.5541114145677505,0.5541114145677505,971,97.1,97.1,0.0,True,False,0.376416,0.65,0.376416,0.65,0.00015246271521610253,0.65,0.5,,1.0061396160665481e-16
controller_tick,972,97200000,97.2,simulation,0.5541504412189476,0.5541504412189476,972,97.2,97.2,0.0,True,False,0.375975,0.65,0.375975,0.65,0.00015228225696393196,0.65,0.5,,1.0061396160665481e-16
controller_tick,973,97300000,97.3,simulation,0.5541890980338107,0.5541890980338107,973,97.3,97.3,0.0,True,False,0.375532,0.65,0.375532,0.65,0.0001521021849055162,0.65,0.5,,9.8879238130678e-17
controller_tick,974,97400000,97.4,simulation,0.5542273857588624,0.5542273857588624,974,97.4,97.4,0.0,True,False,0.375093,0.65,0.375093,0.65,0.0001519223861595948,0.65,0.5,,1.0061396160665481e-16
controller_tick,975,97500000,97.5,simulation,0.5542653051577996,0.5542653051577996,975,97.5,97.5,0.0,True,False,0.374654,0.65,0.374654,0.65,0.0001517429869771763,0.65,0.5,,9.540979117872439e-17
controller_tick,976,97600000,97.6,simulation,0.5543028570795999,0.5543028570795999,976,97.6,97.6,0.0,True,False,0.374214,0.65,0.374214,0.65,0.00015156394933476608,0.65,0.5,,9.71445146547012e-17
controller_tick,977,97700000,97.7,simulation,0.5543400422619729,0.5543400422619729,977,97.7,97.7,0.0,True,False,0.373777,0.65,0.373777,0.65,0.00015138520076225066,0.65,0.5,,9.367506770274758e-17
controller_tick,978,97800000,97.8,simulation,0.5543768614593151,0.5543768614593151,978,97.8,97.8,0.0,True,False,0.373339,0.65,0.373339,0.65,0.00015120682794609087,0.65,0.5,,8.847089727481716e-17
controller_tick,979,97900000,97.9,simulation,0.5544133154360149,0.5544133154360149,979,97.9,97.9,0.0,True,False,0.372905,0.65,0.372905,0.65,0.00015102875706330893,0.65,0.5,,9.194034422677078e-17
controller_tick,980,98000000,98.0,simulation,0.5544494050092629,0.5544494050092629,980,98.0,98.0,0.0,True,False,0.37247,0.65,0.37247,0.65,0.00015085111164127616,0.65,0.5,,9.020562075079397e-17
controller_tick,981,98100000,98.1,simulation,0.5544851310376393,0.5544851310376393,981,98.1,98.1,0.0,True,False,0.372035,0.65,0.372035,0.65,0.00015067381312701636,0.65,0.5,,8.673617379884035e-17
controller_tick,982,98200000,98.2,simulation,0.5545204942687185,0.5545204942687185,982,98.2,98.2,0.0,True,False,0.371603,0.65,0.371603,0.65,0.00015049682850789013,0.65,0.5,,8.500145032286355e-17
controller_tick,983,98300000,98.3,simulation,0.5545554955031524,0.5545554955031524,983,98.3,98.3,0.0,True,False,0.371171,0.65,0.371171,0.65,0.0001503202421079245,0.65,0.5,,9.020562075079397e-17
controller_tick,984,98400000,98.4,simulation,0.554590135585774,0.554590135585774,984,98.4,98.4,0.0,True,False,0.370738,0.65,0.370738,0.65,0.00015014401603155592,0.65,0.5,,9.540979117872439e-17
controller_tick,985,98500000,98.5,simulation,0.5546244152503936,0.5546244152503936,985,98.5,98.5,0.0,True,False,0.370309,0.65,0.370309,0.65,0.00014996807792442779,0.65,0.5,,9.71445146547012e-17
controller_tick,986,98600000,98.6,simulation,0.5546583352864272,0.5546583352864272,986,98.6,98.6,0.0,True,False,0.369879,0.65,0.369879,0.65,0.00014979255264277477,0.65,0.5,,1.0061396160665481e-16
controller_tick,987,98700000,98.7,simulation,0.5546918965272161,0.5546918965272161,987,98.7,98.7,0.0,True,False,0.369448,0.65,0.369448,0.65,0.00014961736283602598,0.65,0.5,,1.0755285551056204e-16
controller_tick,988,98800000,98.8,simulation,0.5547250996586943,0.5547250996586943,988,98.8,98.8,0.0,True,False,0.369021,0.65,0.369021,0.65,0.0001494424385144906,0.65,0.5,,1.1275702593849246e-16
controller_tick,989,98900000,98.9,simulation,0.5547579454269135,0.5547579454269135,989,98.9,98.9,0.0,True,False,0.368594,0.65,0.368594,0.65,0.00014926790667404134,0.65,0.5,,1.1449174941446927e-16
controller_tick,990,99000000,99.0,simulation,0.5547904346646293,0.5547904346646293,990,99.0,99.0,0.0,True,False,0.368169,0.65,0.368169,0.65,0.0001490937299651647,0.65,0.5,,1.1622647289044608e-16
controller_tick,991,99100000,99.1,simulation,0.5548225682107061,0.5548225682107061,991,99.1,99.1,0.0,True,False,0.367741,0.65,0.367741,0.65,0.00014891995072268888,0.65,0.5,,1.1796119636642288e-16
controller_tick,992,99200000,99.2,simulation,0.5548543467908825,0.5548543467908825,992,99.2,99.2,0.0,True,False,0.367319,0.65,0.367319,0.65,0.0001487464169275865,0.65,0.5,,1.196959198423997e-16
controller_tick,993,99300000,99.3,simulation,0.5548857711896868,0.5548857711896868,993,99.3,99.3,0.0,True,False,0.366893,0.65,0.366893,0.65,0.0001485733336126486,0.65,0.5,,1.214306433183765e-16
controller_tick,994,99400000,99.4,simulation,0.5549168421946714,0.5549168421946714,994,99.4,99.4,0.0,True,False,0.366471,0.65,0.366471,0.65,0.00014840050564888832,0.65,0.5,,1.2836953722228372e-16
controller_tick,995,99500000,99.5,simulation,0.554947560531428,0.554947560531428,995,99.5,99.5,0.0,True,False,0.366048,0.65,0.366048,0.65,0.00014822806099655956,0.65,0.5,,1.3010426069826053e-16
controller_tick,996,99600000,99.6,simulation,0.5549779269753974,0.5549779269753974,996,99.6,99.6,0.0,True,False,0.365628,0.65,0.365628,0.65,0.00014805592511372398,0.65,0.5,,1.3010426069826053e-16
controller_tick,997,99700000,99.7,simulation,0.5550079423147578,0.5550079423147578,997,99.7,99.7,0.0,True,False,0.365208,0.65,0.365208,0.65,0.00014788418281217768,0.65,0.5,,1.249000902703301e-16
controller_tick,998,99800000,99.8,simulation,0.5550376073828016,0.5550376073828016,998,99.8,99.8,0.0,True,False,0.364788,0.65,0.364788,0.65,0.00014771279663770902,0.65,0.5,,1.2836953722228372e-16
controller_tick,999,99900000,99.9,simulation,0.5550669229413386,0.5550669229413386,999,99.9,99.9,0.0,True,False,0.364371,0.65,0.364371,0.65,0.0001475417327003457,0.65,0.5,,1.2663481374630692e-16
controller_tick,1000,100000000,100.0,simulation,0.5550958898035848,0.5550958898035848,1000,100.0,100.0,0.0,True,False,0.363953,0.65,0.363953,0.65,0.00014737107453027126,0.65,0.5,,1.2663481374630692e-16
controller_tick,1001,100100000,100.1,simulation,0.5551245087867296,0.5551245087867296,1001,100.1,100.1,0.0,True,False,0.363535,0.65,0.363535,0.65,0.00014720074544858995,0.65,0.5,,1.2836953722228372e-16
controller_tick,1002,100200000,100.2,simulation,0.5551527806005349,0.5551527806005349,1002,100.2,100.2,0.0,True,False,0.36312,0.65,0.36312,0.65,0.00014703071413840055,0.65,0.5,,1.3010426069826053e-16
controller_tick,1003,100300000,100.3,simulation,0.555180706011078,0.555180706011078,1003,100.3,100.3,0.0,True,False,0.362705,0.65,0.362705,0.65,0.0001468610664580975,0.65,0.5,,1.2663481374630692e-16
controller_tick,1004,100400000,100.4,simulation,0.5552082858315484,0.5552082858315484,1004,100.4,100.4,0.0,True,False,0.362293,0.65,0.362293,0.65,0.0001466917659004702,0.65,0.5,,1.231653667943533e-16
controller_tick,1005,100500000,100.5,simulation,0.5552355209215489,0.5552355209215489,1005,100.5,100.5,0.0,True,False,0.361878,0.65,0.361878,0.65,0.000146522893627527,0.65,0.5,,1.1796119636642288e-16
controller_tick,1006,100600000,100.6,simulation,0.5552624120627463,0.5552624120627463,1006,100.6,100.6,0.0,True,False,0.361468,0.65,0.361468,0.65,0.00014635429468749317,0.65,0.5,,1.1796119636642288e-16
controller_tick,1007,100700000,100.7,simulation,0.5552889600513072,0.5552889600513072,1007,100.7,100.7,0.0,True,False,0.361055,0.65,0.361055,0.65,0.0001461861333944672,0.65,0.5,,1.1796119636642288e-16
controller_tick,1008,100800000,100.8,simulation,0.5553151656863251,0.5553151656863251,1008,100.8,100.8,0.0,True,False,0.360646,0.65,0.360646,0.65,0.00014601825390573157,0.65,0.5,,1.1796119636642288e-16
controller_tick,1009,100900000,100.9,simulation,0.5553410297409979,0.5553410297409979,1009,100.9,100.9,0.0,True,False,0.360235,0.65,0.360235,0.65,0.00014585078166419346,0.65,0.5,,1.1449174941446927e-16
controller_tick,1010,101000000,101.0,simulation,0.5553665529948757,0.5553665529948757,1010,101.0,101.0,0.0,True,False,0.359825,0.65,0.359825,0.65,0.00014568360178509254,0.65,0.5,,1.1796119636642288e-16
controller_tick,1011,101100000,101.1,simulation,0.5553917361247769,0.5553917361247769,1011,101.1,101.1,0.0,True,False,0.359418,0.65,0.359418,0.65,0.00014551672451149718,0.65,0.5,,1.214306433183765e-16
controller_tick,1012,101200000,101.2,simulation,0.5554165799042374,0.5554165799042374,1012,101.2,101.2,0.0,True,False,0.35901,0.65,0.35901,0.65,0.00014535023524178448,0.65,0.5,,1.2663481374630692e-16
controller_tick,1013,101300000,101.3,simulation,0.5554410851143322,0.5554410851143322,1013,101.3,101.3,0.0,True,False,0.358606,0.65,0.358606,0.65,0.00014518405898747042,0.65,0.5,,1.2663481374630692e-16
controller_tick,1014,101400000,101.4,simulation,0.5554652525867206,0.5554652525867206,1014,101.4,101.4,0.0,True,False,0.358201,0.65,0.358201,0.65,0.00014501831822133257,0.65,0.5,,1.2836953722228372e-16
controller_tick,1015,101500000,101.5,simulation,0.5554890831924444,0.5554890831924444,1015,101.5,101.5,0.0,True,False,0.357796,0.65,0.357796,0.65,0.0001448529334361589,0.65,0.5,,1.3010426069826053e-16
controller_tick,1016,101600000,101.6,simulation,0.555512577689724,0.555512577689724,1016,101.6,101.6,0.0,True,False,0.357391,0.65,0.357391,0.65,0.00014468787075588174,0.65,0.5,,1.3183898417423734e-16
controller_tick,1017,101700000,101.7,simulation,0.555535736772126,0.555535736772126,1017,101.7,101.7,0.0,True,False,0.356989,0.65,0.356989,0.65,0.00014452309952816744,0.65,0.5,,1.249000902703301e-16
controller_tick,1018,101800000,101.8,simulation,0.5555585611908032,0.5555585611908032,1018,101.8,101.8,0.0,True,False,0.356586,0.65,0.356586,0.65,0.00014435870621273603,0.65,0.5,,1.2836953722228372e-16
controller_tick,1019,101900000,101.9,simulation,0.5555810517064725,0.5555810517064725,1019,101.9,101.9,0.0,True,False,0.356187,0.65,0.356187,0.65,0.00014419461678144606,0.65,0.5,,1.3010426069826053e-16
controller_tick,1020,102000000,102.0,simulation,0.5556032091322686,0.5556032091322686,1020,102.0,102.0,0.0,True,False,0.355787,0.65,0.355787,0.65,0.00014403095457602919,0.65,0.5,,1.3183898417423734e-16
controller_tick,1021,102100000,102.1,simulation,0.5556250343223665,0.5556250343223665,1021,102.1,102.1,0.0,True,False,0.355388,0.65,0.355388,0.65,0.00014386764087553544,0.65,0.5,,1.2663481374630692e-16
controller_tick,1022,102200000,102.2,simulation,0.5556465280583177,0.5556465280583177,1022,102.2,102.2,0.0,True,False,0.354988,0.65,0.354988,0.65,0.0001437046805803693,0.65,0.5,,1.3010426069826053e-16
controller_tick,1023,102300000,102.3,simulation,0.5556676910534146,0.5556676910534146,1023,102.3,102.3,0.0,True,False,0.354591,0.65,0.354591,0.65,0.00014354200199453456,0.65,0.5,,1.2836953722228372e-16
controller_tick,1024,102400000,102.4,simulation,0.5556885240391204,0.5556885240391204,1024,102.4,102.4,0.0,True,False,0.354194,0.65,0.354194,0.65,0.00014337969250494218,0.65,0.5,,1.249000902703301e-16
controller_tick,1025,102500000,102.5,simulation,0.5557090277969289,0.5557090277969289,1025,102.5,102.5,0.0,True,False,0.353799,0.65,0.353799,0.65,0.00014321771698744078,0.65,0.5,,1.231653667943533e-16
controller_tick,1026,102600000,102.6,simulation,0.5557292031186932,0.5557292031186932,1026,102.6,102.6,0.0,True,False,0.353405,0.65,0.353405,0.65,0.00014305611979044947,0.65,0.5,,1.249000902703301e-16
controller_tick,1027,102700000,102.7,simulation,0.5557490508417721,0.5557490508417721,1027,102.7,102.7,0.0,True,False,0.35301,0.65,0.35301,0.65,0.00014289490297704442,0.65,0.5,,1.249000902703301e-16
controller_tick,1028,102800000,102.8,simulation,0.5557685717298533,0.5557685717298533,1028,102.8,102.8,0.0,True,False,0.352616,0.65,0.352616,0.65,0.0001427339922839087,0.65,0.5,,1.3010426069826053e-16
controller_tick,1029,102900000,102.9,simulation,0.5557877664825053,0.5557877664825053,1029,102.9,102.9,0.0,True,False,0.352224,0.65,0.352224,0.65,0.0001425733966448798,0.65,0.5,,1.3357370765021415e-16
controller_tick,1030,103000000,103.0,simulation,0.5558066358548226,0.5558066358548226,1030,103.0,103.0,0.0,True,False,0.351832,0.65,0.351832,0.65,0.0001424131622086611,0.65,0.5,,1.3530843112619095e-16
controller_tick,1031,103100000,103.1,simulation,0.5558251806121445,0.5558251806121445,1031,103.1,103.1,0.0,True,False,0.351443,0.65,0.351443,0.65,0.00014225325460226056,0.65,0.5,,1.3183898417423734e-16
controller_tick,1032,103200000,103.2,simulation,0.5558434015702993,0.5558434015702993,1032,103.2,103.2,0.0,True,False,0.351054,0.65,0.351054,0.65,0.00014209375691880713,0.65,0.5,,1.3183898417423734e-16
controller_tick,1033,103300000,103.3,simulation,0.5558612995869555,0.5558612995869555,1033,103.3,103.3,0.0,True,False,0.350665,0.65,0.350665,0.65,0.0001419346301489748,0.65,0.5,,1.3010426069826053e-16
controller_tick,1034,103400000,103.4,simulation,0.5558788754453369,0.5558788754453369,1034,103.4,103.4,0.0,True,False,0.350276,0.65,0.350276,0.65,0.00014177583899566568,0.65,0.5,,1.3183898417423734e-16
controller_tick,1035,103500000,103.5,simulation,0.5558961298613049,0.5558961298613049,1035,103.5,103.5,0.0,True,False,0.349889,0.65,0.349889,0.65,0.00014161735152074488,0.65,0.5,,1.3183898417423734e-16
controller_tick,1036,103600000,103.6,simulation,0.5559130635671596,0.5559130635671596,1036,103.6,103.6,0.0,True,False,0.349503,0.65,0.349503,0.65,0.00014145921495545846,0.65,0.5,,1.3010426069826053e-16
controller_tick,1037,103700000,103.7,simulation,0.5559296773462085,0.5559296773462085,1037,103.7,103.7,0.0,True,False,0.349116,0.65,0.349116,0.65,0.00014130143397137238,0.65,0.5,,1.3704315460216776e-16
controller_tick,1038,103800000,103.8,simulation,0.5559459719130648,0.5559459719130648,1038,103.8,103.8,0.0,True,False,0.348733,0.65,0.348733,0.65,0.00014114393666542872,0.65,0.5,,1.3183898417423734e-16
controller_tick,1039,103900000,103.9,simulation,0.5559619480388166,0.5559619480388166,1039,103.9,103.9,0.0,True,False,0.348349,0.65,0.348349,0.65,0.0001409868483022141,0.65,0.5,,1.3357370765021415e-16
controller_tick,1040,104000000,104.0,simulation,0.555977606539263,0.555977606539263,1040,104.0,104.0,0.0,True,False,0.347965,0.65,0.347965,0.65,0.00014083009190064982,0.65,0.5,,1.3183898417423734e-16
controller_tick,1041,104100000,104.1,simulation,0.5559929481222049,0.5559929481222049,1041,104.1,104.1,0.0,True,False,0.347584,0.65,0.347584,0.65,0.00014067363587040807,0.65,0.5,,1.3357370765021415e-16
controller_tick,1042,104200000,104.2,simulation,0.5560079735512421,0.5560079735512421,1042,104.2,104.2,0.0,True,False,0.347203,0.65,0.347203,0.65,0.00014051756582247662,0.65,0.5,,1.3704315460216776e-16
controller_tick,1043,104300000,104.3,simulation,0.5560226836366193,0.5560226836366193,1043,104.3,104.3,0.0,True,False,0.346822,0.65,0.346822,0.65,0.00014036184502578226,0.65,0.5,,1.4224732503009818e-16
controller_tick,1044,104400000,104.4,simulation,0.5560370791184842,0.5560370791184842,1044,104.4,104.4,0.0,True,False,0.346444,0.65,0.346444,0.65,0.0001402064402446755,0.65,0.5,,1.4051260155412137e-16
controller_tick,1045,104500000,104.5,simulation,0.5560511607896452,0.5560511607896452,1045,104.5,104.5,0.0,True,False,0.346065,0.65,0.346065,0.65,0.00014005143560139543,0.65,0.5,,1.4051260155412137e-16
controller_tick,1046,104600000,104.6,simulation,0.5560649294480193,0.5560649294480193,1046,104.6,104.6,0.0,True,False,0.345687,0.65,0.345687,0.65,0.00013989675495276055,0.65,0.5,,1.4224732503009818e-16
controller_tick,1047,104700000,104.7,simulation,0.5560783858238202,0.5560783858238202,1047,104.7,104.7,0.0,True,False,0.345311,0.65,0.345311,0.65,0.00013974240553163664,0.65,0.5,,1.3877787807814457e-16
controller_tick,1048,104800000,104.8,simulation,0.5560915306995448,0.5560915306995448,1048,104.8,104.8,0.0,True,False,0.344933,0.65,0.344933,0.65,0.0001395884319476241,0.65,0.5,,1.3877787807814457e-16
controller_tick,1049,104900000,104.9,simulation,0.5561043647876077,0.5561043647876077,1049,104.9,104.9,0.0,True,False,0.34456,0.65,0.34456,0.65,0.0001394347223050275,0.65,0.5,,1.3704315460216776e-16
controller_tick,1050,105000000,105.0,simulation,0.5561168888581848,0.5561168888581848,1050,105.0,105.0,0.0,True,False,0.344185,0.65,0.344185,0.65,0.0001392814418116641,0.65,0.5,,1.3357370765021415e-16
controller_tick,1051,105100000,105.1,simulation,0.556129103724785,0.556129103724785,1051,105.1,105.1,0.0,True,False,0.343812,0.65,0.343812,0.65,0.00013912847349851928,0.65,0.5,,1.3530843112619095e-16
controller_tick,1052,105200000,105.2,simulation,0.5561410101329106,0.5561410101329106,1052,105.2,105.2,0.0,True,False,0.343439,0.65,0.343439,0.65,0.00013897586378778295,0.65,0.5,,1.3704315460216776e-16
controller_tick,1053,105300000,105.3,simulation,0.5561526088388331,0.5561526088388331,1053,105.3,105.3,0.0,True,False,0.343066,0.65,0.343066,0.65,0.000138823578553924,0.65,0.5,,1.3530843112619095e-16
controller_tick,1054,105400000,105.4,simulation,0.5561639005336991,0.5561639005336991,1054,105.4,105.4,0.0,True,False,0.342696,0.65,0.342696,0.65,0.000138671586918885,0.65,0.5,,1.3530843112619095e-16
controller_tick,1055,105500000,105.5,simulation,0.5561748859658148,0.5561748859658148,1055,105.5,105.5,0.0,True,False,0.342326,0.65,0.342326,0.65,0.0001385199751381426,0.65,0.5,,1.3877787807814457e-16
controller_tick,1056,105600000,105.6,simulation,0.5561855659313619,0.5561855659313619,1056,105.6,105.6,0.0,True,False,0.341956,0.65,0.341956,0.65,0.0001383687070637811,0.65,0.5,,1.4224732503009818e-16
controller_tick,1057,105700000,105.7,simulation,0.5561959411575397,0.5561959411575397,1057,105.7,105.7,0.0,True,False,0.341589,0.65,0.341589,0.65,0.00013821774998781385,0.65,0.5,,1.3704315460216776e-16
controller_tick,1058,105800000,105.8,simulation,0.556206012425216,0.556206012425216,1058,105.8,105.8,0.0,True,False,0.341222,0.65,0.341222,0.65,0.00013806718850992907,0.65,0.5,,1.3530843112619095e-16
controller_tick,1059,105900000,105.9,simulation,0.5562157805599758,0.5562157805599758,1059,105.9,105.9,0.0,True,False,0.340854,0.65,0.340854,0.65,0.00013791698498399178,0.65,0.5,,1.2836953722228372e-16
controller_tick,1060,106000000,106.0,simulation,0.5562252462768674,0.5562252462768674,1060,106.0,106.0,0.0,True,False,0.34049,0.65,0.34049,0.65,0.00013776706728133766,0.65,0.5,,1.3010426069826053e-16
controller_tick,1061,106100000,106.1,simulation,0.5562344103469847,0.5562344103469847,1061,106.1,106.1,0.0,True,False,0.340125,0.65,0.340125,0.65,0.00013761756046241626,0.65,0.5,,1.2663481374630692e-16
controller_tick,1062,106200000,106.2,simulation,0.5562432735857468,0.5562432735857468,1062,106.2,106.2,0.0,True,False,0.339761,0.65,0.339761,0.65,0.00013746838736143787,0.65,0.5,,1.231653667943533e-16
controller_tick,1063,106300000,106.3,simulation,0.5562518367389201,0.5562518367389201,1063,106.3,106.3,0.0,True,False,0.339396,0.65,0.339396,0.65,0.0001373195542859742,0.65,0.5,,1.214306433183765e-16
controller_tick,1064,106400000,106.4,simulation,0.5562601004867023,0.5562601004867023,1064,106.4,106.4,0.0,True,False,0.339035,0.65,0.339035,0.65,0.0001371709908132865,0.65,0.5,,1.214306433183765e-16
controller_tick,1065,106500000,106.5,simulation,0.5562680655685915,0.5562680655685915,1065,106.5,106.5,0.0,True,False,0.338673,0.65,0.338673,0.65,0.00013702282354740967,0.65,0.5,,1.196959198423997e-16
controller_tick,1066,106600000,106.6,simulation,0.5562757327713567,0.5562757327713567,1066,106.6,106.6,0.0,True,False,0.338312,0.65,0.338312,0.65,0.00013687497671924784,0.65,0.5,,1.249000902703301e-16
controller_tick,1067,106700000,106.7,simulation,0.5562831028147787,0.5562831028147787,1067,106.7,106.7,0.0,True,False,0.337953,0.65,0.337953,0.65,0.00013672745790015346,0.65,0.5,,1.214306433183765e-16
controller_tick,1068,106800000,106.8,simulation,0.5562901764715701,0.5562901764715701,1068,106.8,106.8,0.0,True,False,0.337594,0.65,0.337594,0.65,0.00013658031200600233,0.65,0.5,,1.1622647289044608e-16
controller_tick,1069,106900000,106.9,simulation,0.5562969545223404,0.5562969545223404,1069,106.9,106.9,0.0,True,False,0.337235,0.65,0.337235,0.65,0.00013643350354829395,0.65,0.5,,1.196959198423997e-16
controller_tick,1070,107000000,107.0,simulation,0.5563034376799753,0.5563034376799753,1070,107.0,107.0,0.0,True,False,0.33688,0.65,0.33688,0.65,0.00013628700041570525,0.65,0.5,,1.1275702593849246e-16
controller_tick,1071,107100000,107.1,simulation,0.5563096267508655,0.5563096267508655,1071,107.1,107.1,0.0,True,False,0.336521,0.65,0.336521,0.65,0.00013614092581284057,0.65,0.5,,1.1102230246251565e-16
controller_tick,1072,107200000,107.2,simulation,0.5563155224660985,0.5563155224660985,1072,107.2,107.2,0.0,True,False,0.336165,0.65,0.336165,0.65,0.00013599508669957382,0.65,0.5,,1.1449174941446927e-16
controller_tick,1073,107300000,107.3,simulation,0.5563211254600998,0.5563211254600998,1073,107.3,107.3,0.0,True,False,0.335812,0.65,0.335812,0.65,0.0001358495748612052,0.65,0.5,,1.1622647289044608e-16
controller_tick,1074,107400000,107.4,simulation,0.5563264365418116,0.5563264365418116,1074,107.4,107.4,0.0,True,False,0.335459,0.65,0.335459,0.65,0.00013570447334850872,0.65,0.5,,1.1449174941446927e-16
controller_tick,1075,107500000,107.5,simulation,0.5563314565619399,0.5563314565619399,1075,107.5,107.5,0.0,True,False,0.335106,0.65,0.335106,0.65,0.000135559743113834,0.65,0.5,,1.0928757898653885e-16
controller_tick,1076,107600000,107.6,simulation,0.5563361862966782,0.5563361862966782,1076,107.6,107.6,0.0,True,False,0.334753,0.65,0.334753,0.65,0.00013541534882540582,0.65,0.5,,1.1102230246251565e-16
controller_tick,1077,107700000,107.7,simulation,0.5563406264547959,0.5563406264547959,1077,107.7,107.7,0.0,True,False,0.3344,0.65,0.3344,0.65,0.00013527125851371197,0.65,0.5,,1.1102230246251565e-16
controller_tick,1078,107800000,107.8,simulation,0.5563447776840531,0.5563447776840531,1078,107.8,107.8,0.0,True,False,0.33405,0.65,0.33405,0.65,0.0001351274432515416,0.65,0.5,,1.0061396160665481e-16
controller_tick,1079,107900000,107.9,simulation,0.5563486406930944,0.5563486406930944,1079,107.9,107.9,0.0,True,False,0.3337,0.65,0.3337,0.65,0.00013498399105957022,0.65,0.5,,9.8879238130678e-17
controller_tick,1080,108000000,108.0,simulation,0.5563522162418101,0.5563522162418101,1080,108.0,108.0,0.0,True,False,0.333353,0.65,0.333353,0.65,0.00013484086738710025,0.65,0.5,,9.8879238130678e-17
controller_tick,1081,108100000,108.1,simulation,0.5563555051402461,0.5563555051402461,1081,108.1,108.1,0.0,True,False,0.333003,0.65,0.333003,0.65,0.00013469815516646606,0.65,0.5,,9.8879238130678e-17
controller_tick,1082,108200000,108.2,simulation,0.5563585081238984,0.5563585081238984,1082,108.2,108.2,0.0,True,False,0.332655,0.65,0.332655,0.65,0.00013455570104775025,0.65,0.5,,9.8879238130678e-17
controller_tick,1083,108300000,108.3,simulation,0.5563612258297397,0.5563612258297397,1083,108.3,108.3,0.0,True,False,0.332311,0.65,0.332311,0.65,0.00013441355659937345,0.65,0.5,,1.0234868508263162e-16
controller_tick,1084,108400000,108.4,simulation,0.5563636590701178,0.5563636590701178,1084,108.4,108.4,0.0,True,False,0.331964,0.65,0.331964,0.65,0.00013427184461243773,0.65,0.5,,1.0408340855860843e-16
controller_tick,1085,108500000,108.5,simulation,0.5563658086199861,0.5563658086199861,1085,108.5,108.5,0.0,True,False,0.33162,0.65,0.33162,0.65,0.00013413040973769748,0.65,0.5,,1.0234868508263162e-16
controller_tick,1086,108600000,108.6,simulation,0.5563676751906569,0.5563676751906569,1086,108.6,108.6,0.0,True,False,0.331276,0.65,0.331276,0.65,0.00013398933979953903,0.65,0.5,,1.0408340855860843e-16
controller_tick,1087,108700000,108.7,simulation,0.5563692595443147,0.5563692595443147,1087,108.7,108.7,0.0,True,False,0.330934,0.65,0.330934,0.65,0.00013384860006965493,0.65,0.5,,1.0581813203458523e-16
controller_tick,1088,108800000,108.8,simulation,0.5563705624542653,0.5563705624542653,1088,108.8,108.8,0.0,True,False,0.33059,0.65,0.33059,0.65,0.00013370823525463886,0.65,0.5,,1.0755285551056204e-16
controller_tick,1089,108900000,108.9,simulation,0.5563715846239217,0.5563715846239217,1089,108.9,108.9,0.0,True,False,0.330249,0.65,0.330249,0.65,0.00013356813354655834,0.65,0.5,,1.0928757898653885e-16
controller_tick,1090,109000000,109.0,simulation,0.5563723267372367,0.5563723267372367,1090,109.0,109.0,0.0,True,False,0.329911,0.65,0.329911,0.65,0.00013342838410257643,0.65,0.5,,1.0928757898653885e-16
controller_tick,1091,109100000,109.1,simulation,0.5563727896476673,0.5563727896476673,1091,109.1,109.1,0.0,True,False,0.329569,0.65,0.329569,0.65,0.00013328906759543032,0.65,0.5,,1.0408340855860843e-16
controller_tick,1092,109200000,109.2,simulation,0.5563729740911147,0.5563729740911147,1092,109.2,109.2,0.0,True,False,0.329231,0.65,0.329231,0.65,0.00013314999056560173,0.65,0.5,,1.0061396160665481e-16
controller_tick,1093,109300000,109.3,simulation,0.5563728807447162,0.5563728807447162,1093,109.3,109.3,0.0,True,False,0.328893,0.65,0.328893,0.65,0.000133011282483942,0.65,0.5,,9.8879238130678e-17
controller_tick,1094,109400000,109.4,simulation,0.5563725103770478,0.5563725103770478,1094,109.4,109.4,0.0,True,False,0.328555,0.65,0.328555,0.65,0.0001328729082403907,0.65,0.5,,1.0234868508263162e-16
controller_tick,1095,109500000,109.5,simulation,0.5563718636896865,0.5563718636896865,1095,109.5,109.5,0.0,True,False,0.32822,0.65,0.32822,0.65,0.0001327348360660515,0.65,0.5,,1.0061396160665481e-16
controller_tick,1096,109600000,109.6,simulation,0.5563709414396734,0.5563709414396734,1096,109.6,109.6,0.0,True,False,0.327884,0.65,0.327884,0.65,0.00013259715141033667,0.65,0.5,,9.8879238130678e-17
controller_tick,1097,109700000,109.7,simulation,0.5563697443916956,0.5563697443916956,1097,109.7,109.7,0.0,True,False,0.327549,0.65,0.327549,0.65,0.00013245977933094044,0.65,0.5,,9.367506770274758e-17
controller_tick,1098,109800000,109.8,simulation,0.5563682732450336,0.5563682732450336,1098,109.8,109.8,0.0,True,False,0.327217,0.65,0.327217,0.65,0.00013232272814732616,0.65,0.5,,9.540979117872439e-17
controller_tick,1099,109900000,109.9,simulation,0.5563665287920248,0.5563665287920248,1099,109.9,109.9,0.0,True,False,0.326882,0.65,0.326882,0.65,0.00013218608151732095,0.65,0.5,,9.367506770274758e-17
controller_tick,1100,110000000,110.0,simulation,0.5563645117518426,0.5563645117518426,1100,110.0,110.0,0.0,True,False,0.326549,0.65,0.326549,0.65,0.00013204968674746054,0.65,0.5,,9.540979117872439e-17
controller_tick,1101,110100000,110.1,simulation,0.5563622227463915,0.5563622227463915,1101,110.1,110.1,0.0,True,False,0.32622,0.65,0.32622,0.65,0.00013191359600014883,0.65,0.5,,9.194034422677078e-17
controller_tick,1102,110200000,110.2,simulation,0.5563596625740856,0.5563596625740856,1102,110.2,110.2,0.0,True,False,0.325888,0.65,0.325888,0.65,0.0001317779326039462,0.65,0.5,,8.847089727481716e-17
controller_tick,1103,110300000,110.3,simulation,0.5563568319969722,0.5563568319969722,1103,110.3,110.3,0.0,True,False,0.325559,0.65,0.325559,0.65,0.00013164254169591944,0.65,0.5,,8.500145032286355e-17
controller_tick,1104,110400000,110.4,simulation,0.5563537317143862,0.5563537317143862,1104,110.4,110.4,0.0,True,False,0.32523,0.65,0.32523,0.65,0.00013150751154048843,0.65,0.5,,9.194034422677078e-17
controller_tick,1105,110500000,110.5,simulation,0.556350362477376,0.556350362477376,1105,110.5,110.5,0.0,True,False,0.324904,0.65,0.324904,0.65,0.00013137280780750477,0.65,0.5,,8.500145032286355e-17
controller_tick,1106,110600000,110.6,simulation,0.5563467250875692,0.5563467250875692,1106,110.6,110.6,0.0,True,False,0.324575,0.65,0.324575,0.65,0.0001312385136288639,0.65,0.5,,9.020562075079397e-17
controller_tick,1107,110700000,110.7,simulation,0.556342820272426,0.556342820272426,1107,110.7,110.7,0.0,True,False,0.324249,0.65,0.324249,0.65,0.00013110447583521872,0.65,0.5,,9.194034422677078e-17
controller_tick,1108,110800000,110.8,simulation,0.5563386486999262,0.5563386486999262,1108,110.8,110.8,0.0,True,False,0.323923,0.65,0.323923,0.65,0.0001309707842234095,0.65,0.5,,9.020562075079397e-17
controller_tick,1109,110900000,110.9,simulation,0.5563342110926873,0.5563342110926873,1109,110.9,110.9,0.0,True,False,0.3236,0.65,0.3236,0.65,0.00013083740584987882,0.65,0.5,,9.367506770274758e-17
controller_tick,1110,111000000,111.0,simulation,0.5563295082265509,0.5563295082265509,1110,111.0,111.0,0.0,True,False,0.323274,0.65,0.323274,0.65,0.00013070442510116172,0.65,0.5,,9.020562075079397e-17
controller_tick,1111,111100000,111.1,simulation,0.5563245408055857,0.5563245408055857,1111,111.1,111.1,0.0,True,False,0.322951,0.65,0.322951,0.65,0.00013057168994315597,0.65,0.5,,9.020562075079397e-17
controller_tick,1112,111200000,111.2,simulation,0.5563193094765462,0.5563193094765462,1112,111.2,111.2,0.0,True,False,0.322631,0.65,0.322631,0.65,0.00013043929119991362,0.65,0.5,,9.194034422677078e-17
controller_tick,1113,111300000,111.3,simulation,0.5563138150588729,0.5563138150588729,1113,111.3,111.3,0.0,True,False,0.322308,0.65,0.322308,0.65,0.0001303073110524356,0.65,0.5,,9.020562075079397e-17
controller_tick,1114,111400000,111.4,simulation,0.556308058296026,0.556308058296026,1114,111.4,111.4,0.0,True,False,0.321988,0.65,0.321988,0.65,0.00013017559547096982,0.65,0.5,,9.020562075079397e-17
controller_tick,1115,111500000,111.5,simulation,0.5563020398703445,0.5563020398703445,1115,111.5,111.5,0.0,True,False,0.321668,0.65,0.321668,0.65,0.00013004423347382982,0.65,0.5,,8.847089727481716e-17
controller_tick,1116,111600000,111.6,simulation,0.55629576051732,0.55629576051732,1116,111.6,111.6,0.0,True,False,0.321348,0.65,0.321348,0.65,0.0001299131914130182,0.65,0.5,,8.500145032286355e-17
controller_tick,1117,111700000,111.7,simulation,0.5562892209082363,0.5562892209082363,1117,111.7,111.7,0.0,True,False,0.321032,0.65,0.321032,0.65,0.00012978243884256786,0.65,0.5,,7.979727989493313e-17
controller_tick,1118,111800000,111.8,simulation,0.5562824218110634,0.5562824218110634,1118,111.8,111.8,0.0,True,False,0.320715,0.65,0.320715,0.65,0.00012965210047395973,0.65,0.5,,7.979727989493313e-17
controller_tick,1119,111900000,111.9,simulation,0.5562753640374358,0.5562753640374358,1119,111.9,111.9,0.0,True,False,0.320398,0.65,0.320398,0.65,0.00012952209882564428,0.65,0.5,,7.806255641895632e-17
controller_tick,1120,112000000,112.0,simulation,0.5562680482900425,0.5562680482900425,1120,112.0,112.0,0.0,True,False,0.320082,0.65,0.320082,0.65,0.0001293924018544491,0.65,0.5,,7.806255641895632e-17
controller_tick,1121,112100000,112.1,simulation,0.5562604752491227,0.5562604752491227,1121,112.1,112.1,0.0,True,False,0.319768,0.65,0.319768,0.65,0.00012926301863154546,0.65,0.5,,7.28583859910259e-17
controller_tick,1122,112200000,112.2,simulation,0.5562526456507133,0.5562526456507133,1122,112.2,112.2,0.0,True,False,0.319452,0.65,0.319452,0.65,0.00012913399542990146,0.65,0.5,,7.979727989493313e-17
controller_tick,1123,112300000,112.3,simulation,0.5562445601639495,0.5562445601639495,1123,112.3,112.3,0.0,True,False,0.319138,0.65,0.319138,0.65,0.0001290052218588989,0.65,0.5,,8.326672684688674e-17
controller_tick,1124,112400000,112.4,simulation,0.5562362194025171,0.5562362194025171,1124,112.4,112.4,0.0,True,False,0.318828,0.65,0.318828,0.65,0.00012887675029310699,0.65,0.5,,8.673617379884035e-17
controller_tick,1125,112500000,112.5,simulation,0.5562276241570189,0.5562276241570189,1125,112.5,112.5,0.0,True,False,0.318514,0.65,0.318514,0.65,0.0001287487042530612,0.65,0.5,,8.153200337090993e-17
controller_tick,1126,112600000,112.6,simulation,0.556218775143362,0.556218775143362,1126,112.6,112.6,0.0,True,False,0.318204,0.65,0.318204,0.65,0.00012862089098450178,0.65,0.5,,8.326672684688674e-17
controller_tick,1127,112700000,112.7,simulation,0.5562096730200382,0.5562096730200382,1127,112.7,112.7,0.0,True,False,0.317894,0.65,0.317894,0.65,0.00012849344059642412,0.65,0.5,,7.632783294297951e-17
controller_tick,1128,112800000,112.8,simulation,0.5562003185381985,0.5562003185381985,1128,112.8,112.8,0.0,True,False,0.317587,0.65,0.317587,0.65,0.00012836631855618472,0.65,0.5,,7.28583859910259e-17
controller_tick,1129,112900000,112.9,simulation,0.5561907124991881,0.5561907124991881,1129,112.9,112.9,0.0,True,False,0.317277,0.65,0.317277,0.65,0.0001282396078124538,0.65,0.5,,7.112366251504909e-17
controller_tick,1130,113000000,113.0,simulation,0.5561808556298372,0.5561808556298372,1130,113.0,113.0,0.0,True,False,0.316969,0.65,0.316969,0.65,0.0001281131550300954,0.65,0.5,,7.28583859910259e-17
controller_tick,1131,113100000,113.1,simulation,0.5561707485584854,0.5561707485584854,1131,113.1,113.1,0.0,True,False,0.316662,0.65,0.316662,0.65,0.00012798701179090477,0.65,0.5,,7.632783294297951e-17
controller_tick,1132,113200000,113.2,simulation,0.556160391972788,0.556160391972788,1132,113.2,113.2,0.0,True,False,0.316358,0.65,0.316358,0.65,0.0001278611867029876,0.65,0.5,,7.112366251504909e-17
controller_tick,1133,113300000,113.3,simulation,0.5561497866540119,0.5561497866540119,1133,113.3,113.3,0.0,True,False,0.316052,0.65,0.316052,0.65,0.00012773576368534562,0.65,0.5,,7.112366251504909e-17
controller_tick,1134,113400000,113.4,simulation,0.5561389333494569,0.5561389333494569,1134,113.4,113.4,0.0,True,False,0.315748,0.65,0.315748,0.65,0.00012761062834586777,0.65,0.5,,7.112366251504909e-17
controller_tick,1135,113500000,113.5,simulation,0.5561278327433397,0.5561278327433397,1135,113.5,113.5,0.0,True,False,0.315444,0.65,0.315444,0.65,0.00012748582943842275,0.65,0.5,,7.112366251504909e-17
controller_tick,1136,113600000,113.6,simulation,0.5561164855351026,0.5561164855351026,1136,113.6,113.6,0.0,True,False,0.315143,0.65,0.315143,0.65,0.00012736133494726964,0.65,0.5,,7.632783294297951e-17
controller_tick,1137,113700000,113.7,simulation,0.5561048924791844,0.5561048924791844,1137,113.7,113.7,0.0,True,False,0.31484,0.65,0.31484,0.65,0.00012723723009846645,0.65,0.5,,7.806255641895632e-17
controller_tick,1138,113800000,113.8,simulation,0.5560930542985507,0.5560930542985507,1138,113.8,113.8,0.0,True,False,0.314539,0.65,0.314539,0.65,0.00012711340168257562,0.65,0.5,,7.632783294297951e-17
controller_tick,1139,113900000,113.9,simulation,0.5560809716553411,0.5560809716553411,1139,113.9,113.9,0.0,True,False,0.314239,0.65,0.314239,0.65,0.00012698989952359297,0.65,0.5,,6.938893903907228e-17
controller_tick,1140,114000000,114.0,simulation,0.5560686452676588,0.5560686452676588,1140,114.0,114.0,0.0,True,False,0.313938,0.65,0.313938,0.65,0.00012686673063910152,0.65,0.5,,7.28583859910259e-17
controller_tick,1141,114100000,114.1,simulation,0.5560560757893986,0.5560560757893986,1141,114.1,114.1,0.0,True,False,0.313641,0.65,0.313641,0.65,0.00012674382524880746,0.65,0.5,,7.112366251504909e-17
controller_tick,1142,114200000,114.2,simulation,0.5560432639349893,0.5560432639349893,1142,114.2,114.2,0.0,True,False,0.313344,0.65,0.313344,0.65,0.00012662131053805368,0.65,0.5,,6.938893903907228e-17
controller_tick,1143,114300000,114.3,simulation,0.5560302105059415,0.5560302105059415,1143,114.3,114.3,0.0,True,False,0.313046,0.65,0.313046,0.65,0.00012649914932876647,0.65,0.5,,6.765421556309548e-17
controller_tick,1144,114400000,114.4,simulation,0.5560169161941294,0.5560169161941294,1144,114.4,114.4,0.0,True,False,0.312749,0.65,0.312749,0.65,0.00012637726991580076,0.65,0.5,,6.591949208711867e-17
controller_tick,1145,114500000,114.5,simulation,0.5560033816321999,0.5560033816321999,1145,114.5,114.5,0.0,True,False,0.312455,0.65,0.312455,0.65,0.0001262556835477238,0.65,0.5,,6.938893903907228e-17
controller_tick,1146,114600000,114.6,simulation,0.555989607551449,0.555989607551449,1146,114.6,114.6,0.0,True,False,0.312158,0.65,0.312158,0.65,0.00012613447653272568,0.65,0.5,,7.112366251504909e-17
controller_tick,1147,114700000,114.7,simulation,0.5559755946150688,0.5559755946150688,1147,114.7,114.7,0.0,True,False,0.311864,0.65,0.311864,0.65,0.0001260134985754896,0.65,0.5,,7.112366251504909e-17
controller_tick,1148,114800000,114.8,simulation,0.5559613434322572,0.5559613434322572,1148,114.8,114.8,0.0,True,False,0.311574,0.65,0.311574,0.65,0.00012589284207338585,0.65,0.5,,7.112366251504909e-17
controller_tick,1149,114900000,114.9,simulation,0.5559468548265989,0.5559468548265989,1149,114.9,114.9,0.0,True,False,0.31128,0.65,0.31128,0.65,0.00012577262869604516,0.65,0.5,,7.28583859910259e-17
controller_tick,1150,115000000,115.0,simulation,0.5559321295434532,0.5559321295434532,1150,115.0,115.0,0.0,True,False,0.310989,0.65,0.310989,0.65,0.0001256526640144399,0.65,0.5,,7.45931094670027e-17
controller_tick,1151,115100000,115.1,simulation,0.5559171682288748,0.5559171682288748,1151,115.1,115.1,0.0,True,False,0.310699,0.65,0.310699,0.65,0.00012553303855714,0.65,0.5,,7.45931094670027e-17
controller_tick,1152,115200000,115.2,simulation,0.5559019716236513,0.5559019716236513,1152,115.2,115.2,0.0,True,False,0.310409,0.65,0.310409,0.65,0.00012541375810771753,0.65,0.5,,7.112366251504909e-17
controller_tick,1153,115300000,115.3,simulation,0.5558865404407052,0.5558865404407052,1153,115.3,115.3,0.0,True,False,0.310118,0.65,0.310118,0.65,0.0001252947898343321,0.65,0.5,,7.112366251504909e-17
controller_tick,1154,115400000,115.4,simulation,0.5558708752916148,0.5558708752916148,1154,115.4,115.4,0.0,True,False,0.309831,0.65,0.309831,0.65,0.0001251760659644732,0.65,0.5,,7.45931094670027e-17
controller_tick,1155,115500000,115.5,simulation,0.5558549768523231,0.5558549768523231,1155,115.5,115.5,0.0,True,False,0.309544,0.65,0.309544,0.65,0.00012505771550020136,0.65,0.5,,7.28583859910259e-17
controller_tick,1156,115600000,115.6,simulation,0.5558388458893222,0.5558388458893222,1156,115.6,115.6,0.0,True,False,0.309257,0.65,0.309257,0.65,0.00012493970290727678,0.65,0.5,,6.938893903907228e-17
controller_tick,1157,115700000,115.7,simulation,0.555822483101301,0.555822483101301,1157,115.7,115.7,0.0,True,False,0.308973,0.65,0.308973,0.65,0.00012482199603298968,0.65,0.5,,6.938893903907228e-17
controller_tick,1158,115800000,115.8,simulation,0.5558058892416848,0.5558058892416848,1158,115.8,115.8,0.0,True,False,0.308686,0.65,0.308686,0.65,0.00012470467997946353,0.65,0.5,,6.245004513516506e-17
controller_tick,1159,115900000,115.9,simulation,0.5557890649934949,0.5557890649934949,1159,115.9,115.9,0.0,True,False,0.308402,0.65,0.308402,0.65,0.00012458760336008727,0.65,0.5,,6.245004513516506e-17
controller_tick,1160,116000000,116.0,simulation,0.555772010983677,0.555772010983677,1160,116.0,116.0,0.0,True,False,0.308119,0.65,0.308119,0.65,0.00012447085758478734,0.65,0.5,,5.724587470723463e-17
controller_tick,1161,116100000,116.1,simulation,0.5557547279355918,0.5557547279355918,1161,116.1,116.1,0.0,True,False,0.307835,0.65,0.307835,0.65,0.00012435444923461999,0.65,0.5,,5.204170427930421e-17
controller_tick,1162,116200000,116.2,simulation,0.5557372165075609,0.5557372165075609,1162,116.2,116.2,0.0,True,False,0.307555,0.65,0.307555,0.65,0.0001242383081343056,0.65,0.5,,5.204170427930421e-17
controller_tick,1163,116300000,116.3,simulation,0.5557194774176869,0.5557194774176869,1163,116.3,116.3,0.0,True,False,0.307274,0.65,0.307274,0.65,0.00012412256111178928,0.65,0.5,,5.551115123125783e-17
controller_tick,1164,116400000,116.4,simulation,0.5557015114317782,0.5557015114317782,1164,116.4,116.4,0.0,True,False,0.306991,0.65,0.306991,0.65,0.0001240071326005775,0.65,0.5,,5.898059818321144e-17
controller_tick,1165,116500000,116.5,simulation,0.5556833191329615,0.5556833191329615,1165,116.5,116.5,0.0,True,False,0.306714,0.65,0.306714,0.65,0.00012389191616024657,0.65,0.5,,6.418476861114186e-17
controller_tick,1166,116600000,116.6,simulation,0.5556649012112385,0.5556649012112385,1166,116.6,116.6,0.0,True,False,0.306434,0.65,0.306434,0.65,0.00012377711999978058,0.65,0.5,,6.418476861114186e-17
controller_tick,1167,116700000,116.7,simulation,0.5556462584044078,0.5556462584044078,1167,116.7,116.7,0.0,True,False,0.306157,0.65,0.306157,0.65,0.0001236625899291641,0.65,0.5,,6.418476861114186e-17
controller_tick,1168,116800000,116.8,simulation,0.555627391388845,0.555627391388845,1168,116.8,116.8,0.0,True,False,0.30588,0.65,0.30588,0.65,0.00012354841482169838,0.65,0.5,,6.071532165918825e-17
controller_tick,1169,116900000,116.9,simulation,0.5556083008938054,0.5556083008938054,1169,116.9,116.9,0.0,True,False,0.305604,0.65,0.305604,0.65,0.00012343456089817349,0.65,0.5,,6.245004513516506e-17
controller_tick,1170,117000000,117.0,simulation,0.5555889876227863,0.5555889876227863,1170,117.0,117.0,0.0,True,False,0.305327,0.65,0.305327,0.65,0.00012332103565892915,0.65,0.5,,5.898059818321144e-17
controller_tick,1171,117100000,117.1,simulation,0.555569452216,0.555569452216,1171,117.1,117.1,0.0,True,False,0.305054,0.65,0.305054,0.65,0.00012320776976048773,0.65,0.5,,6.418476861114186e-17
controller_tick,1172,117200000,117.2,simulation,0.5555496953750274,0.5555496953750274,1172,117.2,117.2,0.0,True,False,0.304778,0.65,0.304778,0.65,0.00012309489078343996,0.65,0.5,,6.245004513516506e-17
controller_tick,1173,117300000,117.3,simulation,0.5555297177731994,0.5555297177731994,1173,117.3,117.3,0.0,True,False,0.304504,0.65,0.304504,0.65,0.00012298224771224869,0.65,0.5,,6.765421556309548e-17
controller_tick,1174,117400000,117.4,simulation,0.5555095199897836,0.5555095199897836,1174,117.4,117.4,0.0,True,False,0.304231,0.65,0.304231,0.65,0.00012286989422756903,0.65,0.5,,6.765421556309548e-17
controller_tick,1175,117500000,117.5,simulation,0.5554891026673713,0.5554891026673713,1175,117.5,117.5,0.0,True,False,0.303961,0.65,0.303961,0.65,0.0001227578408366337,0.65,0.5,,6.765421556309548e-17
controller_tick,1176,117600000,117.6,simulation,0.5554684665457906,0.5554684665457906,1176,117.6,117.6,0.0,True,False,0.303692,0.65,0.303692,0.65,0.00012264617317684544,0.65,0.5,,6.591949208711867e-17
controller_tick,1177,117700000,117.7,simulation,0.5554476124502726,0.5554476124502726,1177,117.7,117.7,0.0,True,False,0.303419,0.65,0.303419,0.65,0.00012253489260606517,0.65,0.5,,6.591949208711867e-17
controller_tick,1178,117800000,117.8,simulation,0.5554265410149567,0.5554265410149567,1178,117.8,117.8,0.0,True,False,0.303149,0.65,0.303149,0.65,0.00012242381002777232,0.65,0.5,,6.418476861114186e-17
controller_tick,1179,117900000,117.9,simulation,0.5554052527848524,0.5554052527848524,1179,117.9,117.9,0.0,True,False,0.302883,0.65,0.302883,0.65,0.0001223130207955889,0.65,0.5,,6.418476861114186e-17
controller_tick,1180,118000000,118.0,simulation,0.555383748524998,0.555383748524998,1180,118.0,118.0,0.0,True,False,0.302614,0.65,0.302614,0.65,0.00012220264925407286,0.65,0.5,,6.765421556309548e-17
controller_tick,1181,118100000,118.1,simulation,0.555362028966008,0.555362028966008,1181,118.1,118.1,0.0,True,False,0.302347,0.65,0.302347,0.65,0.00012209254145960347,0.65,0.5,,6.765421556309548e-17
controller_tick,1182,118200000,118.2,simulation,0.5553400947388482,0.5553400947388482,1182,118.2,118.2,0.0,True,False,0.302081,0.65,0.302081,0.65,0.00012198274844339637,0.65,0.5,,7.112366251504909e-17
controller_tick,1183,118300000,118.3,simulation,0.5553179465327537,0.5553179465327537,1183,118.3,118.3,0.0,True,False,0.301815,0.65,0.301815,0.65,0.00012187327831537219,0.65,0.5,,7.28583859910259e-17
controller_tick,1184,118400000,118.4,simulation,0.5552955850135348,0.5552955850135348,1184,118.4,118.4,0.0,True,False,0.30155,0.65,0.30155,0.65,0.00012176410034865772,0.65,0.5,,7.45931094670027e-17
controller_tick,1185,118500000,118.5,simulation,0.5552730108270677,0.5552730108270677,1185,118.5,118.5,0.0,True,False,0.301287,0.65,0.301287,0.65,0.00012165522480546119,0.65,0.5,,7.45931094670027e-17
controller_tick,1186,118600000,118.6,simulation,0.5552502246773023,0.5552502246773023,1186,118.6,118.6,0.0,True,False,0.301025,0.65,0.301025,0.65,0.00012154669903644535,0.65,0.5,,7.28583859910259e-17
controller_tick,1187,118700000,118.7,simulation,0.5552272273194364,0.5552272273194364,1187,118.7,118.7,0.0,True,False,0.300762,0.65,0.300762,0.65,0.00012143852782122883,0.65,0.5,,7.28583859910259e-17
controller_tick,1188,118800000,118.8,simulation,0.555204019440193,0.555204019440193,1188,118.8,118.8,0.0,True,False,0.3005,0.65,0.3005,0.65,0.00012133063935452386,0.65,0.5,,6.765421556309548e-17
controller_tick,1189,118900000,118.9,simulation,0.5551806016668797,0.5551806016668797,1189,118.9,118.9,0.0,True,False,0.300238,0.65,0.300238,0.65,0.00012122304479428483,0.65,0.5,,6.418476861114186e-17
controller_tick,1190,119000000,119.0,simulation,0.5551569746091942,0.5551569746091942,1190,119.0,119.0,0.0,True,False,0.299979,0.65,0.299979,0.65,0.00012111571617161361,0.65,0.5,,6.938893903907228e-17
controller_tick,1191,119100000,119.1,simulation,0.555133138939555,0.555133138939555,1191,119.1,119.1,0.0,True,False,0.29972,0.65,0.29972,0.65,0.00012100874237430293,0.65,0.5,,6.765421556309548e-17
controller_tick,1192,119200000,119.2,simulation,0.5551090953832891,0.5551090953832891,1192,119.2,119.2,0.0,True,False,0.299462,0.65,0.299462,0.65,0.0001209020896362553,0.65,0.5,,6.591949208711867e-17
controller_tick,1193,119300000,119.3,simulation,0.5550848446399919,0.5550848446399919,1193,119.3,119.3,0.0,True,False,0.299203,0.65,0.299203,0.65,0.00012079576546967514,0.65,0.5,,6.765421556309548e-17
controller_tick,1194,119400000,119.4,simulation,0.5550603873459976,0.5550603873459976,1194,119.4,119.4,0.0,True,False,0.298948,0.65,0.298948,0.65,0.00012068970054182042,0.65,0.5,,6.765421556309548e-17
controller_tick,1195,119500000,119.5,simulation,0.555035724199031,0.555035724199031,1195,119.5,119.5,0.0,True,False,0.298689,0.65,0.298689,0.65,0.00012058402244299585,0.65,0.5,,6.245004513516506e-17
controller_tick,1196,119600000,119.6,simulation,0.5550108558298903,0.5550108558298903,1196,119.6,119.6,0.0,True,False,0.298434,0.65,0.298434,0.65,0.00012047854210142097,0.65,0.5,,5.898059818321144e-17
controller_tick,1197,119700000,119.7,simulation,0.554985782818988,0.554985782818988,1197,119.7,119.7,0.0,True,False,0.298179,0.65,0.298179,0.65,0.00012037339295813646,0.65,0.5,,5.724587470723463e-17
controller_tick,1198,119800000,119.8,simulation,0.5549605058457572,0.5549605058457572,1198,119.8,119.8,0.0,True,False,0.297925,0.65,0.297925,0.65,0.00012026854349545786,0.65,0.5,,5.204170427930421e-17
controller_tick,1199,119900000,119.9,simulation,0.5549350255681889,0.5549350255681889,1199,119.9,119.9,0.0,True,False,0.297673,0.65,0.297673,0.65,0.00012016400326003772,0.65,0.5,,5.204170427930421e-17
controller_tick,1200,120000000,120.0,simulation,0.5549093427009834,0.5549093427009834,1200,120.0,120.0,0.0,True,False,0.297422,0.65,0.297422,0.65,0.00012005981895507732,0.65,0.5,,4.85722573273506e-17
controller_tick,1201,120100000,120.1,simulation,0.5548834580088542,0.5548834580088542,1201,120.1,120.1,0.0,True,False,0.29717,0.65,0.29717,0.65,0.00011995599477434787,0.65,0.5,,4.163336342344337e-17
controller_tick,1202,120200000,120.2,simulation,0.5548573721869235,0.5548573721869235,1202,120.2,120.2,0.0,True,False,0.296919,0.65,0.296919,0.65,0.00011985245838246492,0.65,0.5,,3.9898639947466563e-17
controller_tick,1203,120300000,120.3,simulation,0.5548310858698872,0.5548310858698872,1203,120.3,120.3,0.0,True,False,0.296668,0.65,0.296668,0.65,0.00011974922045773161,0.65,0.5,,4.163336342344337e-17
controller_tick,1204,120400000,120.4,simulation,0.5548045996739167,0.5548045996739167,1204,120.4,120.4,0.0,True,False,0.296417,0.65,0.296417,0.65,0.00011964625259724332,0.65,0.5,,4.683753385137379e-17
controller_tick,1205,120500000,120.5,simulation,0.5547779141609885,0.5547779141609885,1205,120.5,120.5,0.0,True,False,0.29617,0.65,0.29617,0.65,0.0001195435291009892,0.65,0.5,,4.5102810375396984e-17
controller_tick,1206,120600000,120.6,simulation,0.5547510299988251,0.5547510299988251,1206,120.6,120.6,0.0,True,False,0.295922,0.65,0.295922,0.65,0.00011944117897476894,0.65,0.5,,4.336808689942018e-17
controller_tick,1207,120700000,120.7,simulation,0.5547239479070118,0.5547239479070118,1207,120.7,120.7,0.0,True,False,0.295675,0.65,0.295675,0.65,0.00011933912862269327,0.65,0.5,,3.9898639947466563e-17
controller_tick,1208,120800000,120.8,simulation,0.5546966685423033,0.5546966685423033,1208,120.8,120.8,0.0,True,False,0.295428,0.65,0.295428,0.65,0.00011923738758251342,0.65,0.5,,3.9898639947466563e-17
controller_tick,1209,120900000,120.9,simulation,0.5546691925407543,0.5546691925407543,1209,120.9,120.9,0.0,True,False,0.295184,0.65,0.295184,0.65,0.00011913592641931071,0.65,0.5,,4.336808689942018e-17
controller_tick,1210,121000000,121.0,simulation,0.5546415205983443,0.5546415205983443,1210,121.0,121.0,0.0,True,False,0.294937,0.65,0.294937,0.65,0.00011903483269436775,0.65,0.5,,4.5102810375396984e-17
controller_tick,1211,121100000,121.1,simulation,0.5546136533453427,0.5546136533453427,1211,121.1,121.1,0.0,True,False,0.294693,0.65,0.294693,0.65,0.00011893395724621267,0.65,0.5,,3.9898639947466563e-17
controller_tick,1212,121200000,121.2,simulation,0.5545855913601923,0.5545855913601923,1212,121.2,121.2,0.0,True,False,0.29445,0.65,0.29445,0.65,0.00011883339349816108,0.65,0.5,,3.9898639947466563e-17
controller_tick,1213,121300000,121.3,simulation,0.5545573353215938,0.5545573353215938,1213,121.3,121.3,0.0,True,False,0.294209,0.65,0.294209,0.65,0.00011873314985305914,0.65,0.5,,3.642919299551295e-17
controller_tick,1214,121400000,121.4,simulation,0.5545288859627766,0.5545288859627766,1214,121.4,121.4,0.0,True,False,0.293966,0.65,0.293966,0.65,0.00011863327197914923,0.65,0.5,,3.642919299551295e-17
controller_tick,1215,121500000,121.5,simulation,0.5545002439489204,0.5545002439489204,1215,121.5,121.5,0.0,True,False,0.293726,0.65,0.293726,0.65,0.00011853364893863475,0.65,0.5,,3.8163916471489756e-17
controller_tick,1216,121600000,121.6,simulation,0.5544714099274133,0.5544714099274133,1216,121.6,121.6,0.0,True,False,0.293486,0.65,0.293486,0.65,0.00011843437067601016,0.65,0.5,,4.5102810375396984e-17
controller_tick,1217,121700000,121.7,simulation,0.5544423846005692,0.5544423846005692,1217,121.7,121.7,0.0,True,False,0.293247,0.65,0.293247,0.65,0.00011833540438132127,0.65,0.5,,4.5102810375396984e-17
controller_tick,1218,121800000,121.8,simulation,0.5544131686467957,0.5544131686467957,1218,121.8,121.8,0.0,True,False,0.293007,0.65,0.293007,0.65,0.00011823675843192661,0.65,0.5,,4.5102810375396984e-17
controller_tick,1219,121900000,121.9,simulation,0.5543837626828912,0.5543837626828912,1219,121.9,121.9,0.0,True,False,0.292768,0.65,0.292768,0.65,0.00011813836427790808,0.65,0.5,,4.336808689942018e-17
controller_tick,1220,122000000,122.0,simulation,0.5543541672724508,0.5543541672724508,1220,122.0,122.0,0.0,True,False,0.292532,0.65,0.292532,0.65,0.00011804023602280033,0.65,0.5,,4.5102810375396984e-17
controller_tick,1221,122100000,122.1,simulation,0.5543243830831693,0.5543243830831693,1221,122.1,122.1,0.0,True,False,0.292296,0.65,0.292296,0.65,0.00011794246255807485,0.65,0.5,,4.85722573273506e-17
controller_tick,1222,122200000,122.2,simulation,0.5542944108356591,0.5542944108356591,1222,122.2,122.2,0.0,True,False,0.29206,0.65,0.29206,0.65,0.00011784501012096279,0.65,0.5,,4.336808689942018e-17
controller_tick,1223,122300000,122.3,simulation,0.5542642511861123,0.5542642511861123,1223,122.3,122.3,0.0,True,False,0.291824,0.65,0.291824,0.65,0.00011774784816164759,0.65,0.5,,4.683753385137379e-17
controller_tick,1224,122400000,122.4,simulation,0.5542339047324304,0.5542339047324304,1224,122.4,122.4,0.0,True,False,0.291589,0.65,0.291589,0.65,0.00011765094903751207,0.65,0.5,,4.336808689942018e-17
controller_tick,1225,122500000,122.5,simulation,0.554203372058467,0.554203372058467,1225,122.5,122.5,0.0,True,False,0.291357,0.65,0.291357,0.65,0.0001175543258015147,0.65,0.5,,4.5102810375396984e-17
controller_tick,1226,122600000,122.6,simulation,0.554172653850172,0.554172653850172,1226,122.6,122.6,0.0,True,False,0.291122,0.65,0.291122,0.65,0.00011745806639452628,0.65,0.5,,4.683753385137379e-17
controller_tick,1227,122700000,122.7,simulation,0.5541417507285104,0.5541417507285104,1227,122.7,122.7,0.0,True,False,0.29089,0.65,0.29089,0.65,0.00011736202199854057,0.65,0.5,,4.5102810375396984e-17
controller_tick,1228,122800000,122.8,simulation,0.5541106632632757,0.5541106632632757,1228,122.8,122.8,0.0,True,False,0.290658,0.65,0.290658,0.65,0.00011726628634765376,0.65,0.5,,4.163336342344337e-17
controller_tick,1229,122900000,122.9,simulation,0.5540793920864181,0.5540793920864181,1229,122.9,122.9,0.0,True,False,0.29043,0.65,0.29043,0.65,0.00011717083006088505,0.65,0.5,,3.8163916471489756e-17
controller_tick,1230,123000000,123.0,simulation,0.5540479379286118,0.5540479379286118,1230,123.0,123.0,0.0,True,False,0.290198,0.65,0.290198,0.65,0.00011707577881335483,0.65,0.5,,3.9898639947466563e-17
controller_tick,1231,123100000,123.1,simulation,0.5540163014499524,0.5540163014499524,1231,123.1,123.1,0.0,True,False,0.28997,0.65,0.28997,0.65,0.0001169809418003522,0.65,0.5,,4.336808689942018e-17
controller_tick,1232,123200000,123.2,simulation,0.5539844832568455,0.5539844832568455,1232,123.2,123.2,0.0,True,False,0.289742,0.65,0.289742,0.65,0.00011688645089489753,0.65,0.5,,5.0306980803327406e-17
controller_tick,1233,123300000,123.3,simulation,0.5539524840517269,0.5539524840517269,1233,123.3,123.3,0.0,True,False,0.289515,0.65,0.289515,0.65,0.0001167922731605029,0.65,0.5,,5.204170427930421e-17
controller_tick,1234,123400000,123.4,simulation,0.5539203045128858,0.5539203045128858,1234,123.4,123.4,0.0,True,False,0.289287,0.65,0.289287,0.65,0.00011669841686003443,0.65,0.5,,5.0306980803327406e-17
controller_tick,1235,123500000,123.5,simulation,0.5538879452567839,0.5538879452567839,1235,123.5,123.5,0.0,True,False,0.28906,0.65,0.28906,0.65,0.000116604813339977,0.65,0.5,,4.85722573273506e-17
controller_tick,1236,123600000,123.6,simulation,0.5538554068464827,0.5538554068464827,1236,123.6,123.6,0.0,True,False,0.288836,0.65,0.288836,0.65,0.00011651147661012682,0.65,0.5,,5.0306980803327406e-17
controller_tick,1237,123700000,123.7,simulation,0.5538226899489658,0.5538226899489658,1237,123.7,123.7,0.0,True,False,0.288609,0.65,0.288609,0.65,0.00011641849547713725,0.65,0.5,,5.551115123125783e-17
controller_tick,1238,123800000,123.8,simulation,0.5537897951678838,0.5537897951678838,1238,123.8,123.8,0.0,True,False,0.288385,0.65,0.288385,0.65,0.00011632572190639456,0.65,0.5,,5.898059818321144e-17
controller_tick,1239,123900000,123.9,simulation,0.5537567230572112,0.5537567230572112,1239,123.9,123.9,0.0,True,False,0.288162,0.65,0.288162,0.65,0.00011623325034083778,0.65,0.5,,5.551115123125783e-17
controller_tick,1240,124000000,124.0,simulation,0.553723474273128,0.553723474273128,1240,124.0,124.0,0.0,True,False,0.287941,0.65,0.287941,0.65,0.00011614109010590643,0.65,0.5,,5.204170427930421e-17
controller_tick,1241,124100000,124.1,simulation,0.553690049528103,0.553690049528103,1241,124.1,124.1,0.0,True,False,0.287718,0.65,0.287718,0.65,0.00011604928770463991,0.65,0.5,,5.551115123125783e-17
controller_tick,1242,124200000,124.2,simulation,0.5536564494681493,0.5536564494681493,1242,124.2,124.2,0.0,True,False,0.287498,0.65,0.287498,0.65,0.00011595773295459719,0.65,0.5,,5.377642775528102e-17
controller_tick,1243,124300000,124.3,simulation,0.5536226747229309,0.5536226747229309,1243,124.3,124.3,0.0,True,False,0.287275,0.65,0.287275,0.65,0.00011586651648374678,0.65,0.5,,5.0306980803327406e-17
controller_tick,1244,124400000,124.4,simulation,0.5535887258622542,0.5535887258622542,1244,124.4,124.4,0.0,True,False,0.287056,0.65,0.287056,0.65,0.00011577549190546892,0.65,0.5,,5.0306980803327406e-17
controller_tick,1245,124500000,124.5,simulation,0.5535546034480893,0.5535546034480893,1245,124.5,124.5,0.0,True,False,0.286837,0.65,0.286837,0.65,0.0001156847932189021,0.65,0.5,,4.85722573273506e-17
controller_tick,1246,124600000,124.6,simulation,0.5535203081424939,0.5535203081424939,1246,124.6,124.6,0.0,True,False,0.28662,0.65,0.28662,0.65,0.00011559438941134966,0.65,0.5,,5.551115123125783e-17
controller_tick,1247,124700000,124.7,simulation,0.5534858406257449,0.5534858406257449,1247,124.7,124.7,0.0,True,False,0.286401,0.65,0.286401,0.65,0.00011550432855142879,0.65,0.5,,4.85722573273506e-17
controller_tick,1248,124800000,124.8,simulation,0.5534512015146513,0.5534512015146513,1248,124.8,124.8,0.0,True,False,0.286186,0.65,0.286186,0.65,0.00011541450187329184,0.65,0.5,,5.204170427930421e-17
controller_tick,1249,124900000,124.9,simulation,0.5534163914510712,0.5534163914510712,1249,124.9,124.9,0.0,True,False,0.28597,0.65,0.28597,0.65,0.00011532503935172672,0.65,0.5,,5.551115123125783e-17
controller_tick,1250,125000000,125.0,simulation,0.5533814111305764,0.5533814111305764,1250,125.0,125.0,0.0,True,False,0.285755,0.65,0.285755,0.65,0.00011523586826762105,0.65,0.5,,5.551115123125783e-17
controller_tick,1251,125100000,125.1,simulation,0.553346261187582,0.553346261187582,1251,125.1,125.1,0.0,True,False,0.28554,0.65,0.28554,0.65,0.00011514699895206648,0.65,0.5,,5.551115123125783e-17
controller_tick,1252,125200000,125.2,simulation,0.5533109422373191,0.5533109422373191,1252,125.2,125.2,0.0,True,False,0.285325,0.65,0.285325,0.65,0.00011505840268798851,0.65,0.5,,5.724587470723463e-17
controller_tick,1253,125300000,125.3,simulation,0.5532754548402259,0.5532754548402259,1253,125.3,125.3,0.0,True,False,0.285113,0.65,0.285113,0.65,0.00011497005349110368,0.65,0.5,,6.071532165918825e-17
controller_tick,1254,125400000,125.4,simulation,0.5532397996232499,0.5532397996232499,1254,125.4,125.4,0.0,True,False,0.284899,0.65,0.284899,0.65,0.00011488204204495827,0.65,0.5,,5.898059818321144e-17
controller_tick,1255,125500000,125.5,simulation,0.553203977192284,0.553203977192284,1255,125.5,125.5,0.0,True,False,0.284688,0.65,0.284688,0.65,0.00011479426007825433,0.65,0.5,,6.591949208711867e-17
controller_tick,1256,125600000,125.6,simulation,0.5531679881405179,0.5531679881405179,1256,125.6,125.6,0.0,True,False,0.284477,0.65,0.284477,0.65,0.00011470679994823402,0.65,0.5,,6.938893903907228e-17
controller_tick,1257,125700000,125.7,simulation,0.5531318331206719,0.5531318331206719,1257,125.7,125.7,0.0,True,False,0.284266,0.65,0.284266,0.65,0.00011461963102808755,0.65,0.5,,6.765421556309548e-17
controller_tick,1258,125800000,125.8,simulation,0.5530955127270307,0.5530955127270307,1258,125.8,125.8,0.0,True,False,0.284055,0.65,0.284055,0.65,0.00011453272560553148,0.65,0.5,,6.765421556309548e-17
controller_tick,1259,125900000,125.9,simulation,0.5530590275010029,0.5530590275010029,1259,125.9,125.9,0.0,True,False,0.283848,0.65,0.283848,0.65,0.00011444605860545474,0.65,0.5,,7.632783294297951e-17
controller_tick,1260,126000000,126.0,simulation,0.5530223780909373,0.5530223780909373,1260,126.0,126.0,0.0,True,False,0.283641,0.65,0.283641,0.65,0.00011435975959908973,0.65,0.5,,7.806255641895632e-17
controller_tick,1261,126100000,126.1,simulation,0.5529855652368235,0.5529855652368235,1261,126.1,126.1,0.0,True,False,0.283431,0.65,0.283431,0.65,0.0001142737935672047,0.65,0.5,,8.153200337090993e-17
controller_tick,1262,126200000,126.2,simulation,0.5529485894957459,0.5529485894957459,1262,126.2,126.2,0.0,True,False,0.283224,0.65,0.283224,0.65,0.00011418801462799005,0.65,0.5,,8.153200337090993e-17
controller_tick,1263,126300000,126.3,simulation,0.5529114513792207,0.5529114513792207,1263,126.3,126.3,0.0,True,False,0.283021,0.65,0.283021,0.65,0.00011410251917232258,0.65,0.5,,8.326672684688674e-17
controller_tick,1264,126400000,126.4,simulation,0.5528741516207755,0.5528741516207755,1264,126.4,126.4,0.0,True,False,0.282815,0.65,0.282815,0.65,0.00011401743248330712,0.65,0.5,,8.673617379884035e-17
controller_tick,1265,126500000,126.5,simulation,0.552836690921308,0.552836690921308,1265,126.5,126.5,0.0,True,False,0.282609,0.65,0.282609,0.65,0.00011393260146655528,0.65,0.5,,8.673617379884035e-17
controller_tick,1266,126600000,126.6,simulation,0.5527990698062991,0.5527990698062991,1266,126.6,126.6,0.0,True,False,0.282406,0.65,0.282406,0.65,0.00011384800179163434,0.65,0.5,,8.673617379884035e-17
controller_tick,1267,126700000,126.7,simulation,0.5527612888708947,0.5527612888708947,1267,126.7,126.7,0.0,True,False,0.282203,0.65,0.282203,0.65,0.00011376372563855668,0.65,0.5,,8.500145032286355e-17
controller_tick,1268,126800000,126.8,simulation,0.5527233487694335,0.5527233487694335,1268,126.8,126.8,0.0,True,False,0.282001,0.65,0.282001,0.65,0.00011367974222014839,0.65,0.5,,8.326672684688674e-17
controller_tick,1269,126900000,126.9,simulation,0.552685250136209,0.552685250136209,1269,126.9,126.9,0.0,True,False,0.281799,0.65,0.281799,0.65,0.00011359606174405528,0.65,0.5,,9.194034422677078e-17
controller_tick,1270,127000000,127.0,simulation,0.5526469935860949,0.5526469935860949,1270,127.0,127.0,0.0,True,False,0.281597,0.65,0.281597,0.65,0.00011351265538150447,0.65,0.5,,9.020562075079397e-17
controller_tick,1271,127100000,127.1,simulation,0.5526085796789603,0.5526085796789603,1271,127.1,127.1,0.0,True,False,0.281395,0.65,0.281395,0.65,0.00011342949704714352,0.65,0.5,,9.194034422677078e-17
controller_tick,1272,127200000,127.2,simulation,0.5525700089249023,0.5525700089249023,1272,127.2,127.2,0.0,True,False,0.281197,0.65,0.281197,0.65,0.00011334656313796947,0.65,0.5,,8.847089727481716e-17
controller_tick,1273,127300000,127.3,simulation,0.552531281943768,0.552531281943768,1273,127.3,127.3,0.0,True,False,0.280999,0.65,0.280999,0.65,0.00011326398455723322,0.65,0.5,,9.367506770274758e-17
controller_tick,1274,127400000,127.4,simulation,0.5524923994495857,0.5524923994495857,1274,127.4,127.4,0.0,True,False,0.280801,0.65,0.280801,0.65,0.00011318172749096318,0.65,0.5,,9.540979117872439e-17
controller_tick,1275,127500000,127.5,simulation,0.5524533620918679,0.5524533620918679,1275,127.5,127.5,0.0,True,False,0.280603,0.65,0.280603,0.65,0.00011309976134301262,0.65,0.5,,9.540979117872439e-17
controller_tick,1276,127600000,127.6,simulation,0.5524141704617499,0.5524141704617499,1276,127.6,127.6,0.0,True,False,0.280405,0.65,0.280405,0.65,0.00011301805842884312,0.65,0.5,,8.847089727481716e-17
controller_tick,1277,127700000,127.7,simulation,0.5523748250975451,0.5523748250975451,1277,127.7,127.7,0.0,True,False,0.280208,0.65,0.280208,0.65,0.0001129365936984484,0.65,0.5,,8.847089727481716e-17
controller_tick,1278,127800000,127.8,simulation,0.552335326528467,0.552335326528467,1278,127.8,127.8,0.0,True,False,0.280014,0.65,0.280014,0.65,0.00011285538255067827,0.65,0.5,,9.540979117872439e-17
controller_tick,1279,127900000,127.9,simulation,0.5522956753903026,0.5522956753903026,1279,127.9,127.9,0.0,True,False,0.279817,0.65,0.279817,0.65,0.00011277451504905377,0.65,0.5,,9.71445146547012e-17
controller_tick,1280,128000000,128.0,simulation,0.5522558722579057,0.5522558722579057,1280,128.0,128.0,0.0,True,False,0.279624,0.65,0.279624,0.65,0.00011269384429622207,0.65,0.5,,9.540979117872439e-17
controller_tick,1281,128100000,128.1,simulation,0.5522159176973213,0.5522159176973213,1281,128.1,128.1,0.0,True,False,0.279431,0.65,0.279431,0.65,0.00011261350382919118,0.65,0.5,,9.8879238130678e-17
controller_tick,1282,128200000,128.2,simulation,0.5521758123738005,0.5521758123738005,1282,128.2,128.2,0.0,True,False,0.279238,0.65,0.279238,0.65,0.0001125334622171115,0.65,0.5,,1.0061396160665481e-16
controller_tick,1283,128300000,128.3,simulation,0.5521355568926257,0.5521355568926257,1283,128.3,128.3,0.0,True,False,0.279045,0.65,0.279045,0.65,0.00011245369102017422,0.65,0.5,,1.0755285551056204e-16
controller_tick,1284,128400000,128.4,simulation,0.5520951518048159,0.5520951518048159,1284,128.4,128.4,0.0,True,False,0.278855,0.65,0.278855,0.65,0.00011237416450497624,0.65,0.5,,1.0755285551056204e-16
controller_tick,1285,128500000,128.5,simulation,0.5520545977283797,0.5520545977283797,1285,128.5,128.5,0.0,True,False,0.278663,0.65,0.278663,0.65,0.00011229497358206981,0.65,0.5,,1.0581813203458523e-16
controller_tick,1286,128600000,128.6,simulation,0.5520138952607043,0.5520138952607043,1286,128.6,128.6,0.0,True,False,0.278474,0.65,0.278474,0.65,0.00011221601018556043,0.65,0.5,,9.71445146547012e-17
controller_tick,1287,128700000,128.7,simulation,0.5519730449868673,0.5519730449868673,1287,128.7,128.7,0.0,True,False,0.278285,0.65,0.278285,0.65,0.00011213736685854703,0.65,0.5,,9.8879238130678e-17
controller_tick,1288,128800000,128.8,simulation,0.5519320475518321,0.5519320475518321,1288,128.8,128.8,0.0,True,False,0.278096,0.65,0.278096,0.65,0.00011205901314238995,0.65,0.5,,9.540979117872439e-17
controller_tick,1289,128900000,128.9,simulation,0.5518909035424481,0.5518909035424481,1289,128.9,128.9,0.0,True,False,0.277908,0.65,0.277908,0.65,0.00011198092147697236,0.65,0.5,,9.020562075079397e-17
controller_tick,1290,129000000,129.0,simulation,0.5518496135316764,0.5518496135316764,1290,129.0,129.0,0.0,True,False,0.27772,0.65,0.27772,0.65,0.00011190310498990207,0.65,0.5,,9.540979117872439e-17
controller_tick,1291,129100000,129.1,simulation,0.5518081780786299,0.5518081780786299,1291,129.1,129.1,0.0,True,False,0.277535,0.65,0.277535,0.65,0.00011182553749449705,0.65,0.5,,9.194034422677078e-17
controller_tick,1292,129200000,129.2,simulation,0.5517665978085466,0.5517665978085466,1292,129.2,129.2,0.0,True,False,0.277347,0.65,0.277347,0.65,0.00011174830949116589,0.65,0.5,,9.71445146547012e-17
controller_tick,1293,129300000,129.3,simulation,0.5517248732865648,0.5517248732865648,1293,129.3,129.3,0.0,True,False,0.277163,0.65,0.277163,0.65,0.00011167127447786793,0.65,0.5,,9.8879238130678e-17
controller_tick,1294,129400000,129.4,simulation,0.5516830050697683,0.5516830050697683,1294,129.4,129.4,0.0,True,False,0.276979,0.65,0.276979,0.65,0.00011159456634930449,0.65,0.5,,1.0061396160665481e-16
controller_tick,1295,129500000,129.5,simulation,0.55164099381513,0.55164099381513,1295,129.5,129.5,0.0,True,False,0.276795,0.65,0.276795,0.65,0.00011151815399828019,0.65,0.5,,9.71445146547012e-17
controller_tick,1296,129600000,129.6,simulation,0.5515988401202719,0.5515988401202719,1296,129.6,129.6,0.0,True,False,0.276612,0.65,0.276612,0.65,0.00011144200927784074,0.65,0.5,,9.367506770274758e-17
controller_tick,1297,129700000,129.7,simulation,0.5515565445678083,0.5515565445678083,1297,129.7,129.7,0.0,True,False,0.276428,0.65,0.276428,0.65,0.00011136614478460145,0.65,0.5,,9.540979117872439e-17
controller_tick,1298,129800000,129.8,simulation,0.5515141076867963,0.5515141076867963,1298,129.8,129.8,0.0,True,False,0.276248,0.65,0.276248,0.65,0.00011129049578638563,0.65,0.5,,1.0234868508263162e-16
controller_tick,1299,129900000,129.9,simulation,0.5514715300764644,0.5514715300764644,1299,129.9,129.9,0.0,True,False,0.276065,0.65,0.276065,0.65,0.00011121519403626161,0.65,0.5,,1.0234868508263162e-16
controller_tick,1300,130000000,130.0,simulation,0.5514288123157566,0.5514288123157566,1300,130.0,130.0,0.0,True,False,0.275886,0.65,0.275886,0.65,0.00011114009229410602,0.65,0.5,,1.0408340855860843e-16
controller_tick,1301,130100000,130.1,simulation,0.5513859549741538,0.5513859549741538,1301,130.1,130.1,0.0,True,False,0.275706,0.65,0.275706,0.65,0.0001110653237867753,0.65,0.5,,1.0408340855860843e-16
controller_tick,1302,130200000,130.2,simulation,0.5513429586810568,0.5513429586810568,1302,130.2,130.2,0.0,True,False,0.275527,0.65,0.275527,0.65,0.00011099081873775035,0.65,0.5,,1.0755285551056204e-16
controller_tick,1303,130300000,130.3,simulation,0.551299824010325,0.551299824010325,1303,130.3,130.3,0.0,True,False,0.275348,0.65,0.275348,0.65,0.0001109165901406913,0.65,0.5,,1.0755285551056204e-16
controller_tick,1304,130400000,130.4,simulation,0.551256551521715,0.551256551521715,1304,130.4,130.4,0.0,True,False,0.27517,0.65,0.27517,0.65,0.00011084261168771535,0.65,0.5,,1.0755285551056204e-16
controller_tick,1305,130500000,130.5,simulation,0.5512131417634847,0.5512131417634847,1305,130.5,130.5,0.0,True,False,0.274995,0.65,0.274995,0.65,0.00011076889763949844,0.65,0.5,,1.0234868508263162e-16
controller_tick,1306,130600000,130.6,simulation,0.5511695953882948,0.5511695953882948,1306,130.6,130.6,0.0,True,False,0.274817,0.65,0.274817,0.65,0.00011069553702969937,0.65,0.5,,1.0061396160665481e-16
controller_tick,1307,130700000,130.7,simulation,0.5511259129859085,0.5511259129859085,1307,130.7,130.7,0.0,True,False,0.274642,0.65,0.274642,0.65,0.00011062238202910736,0.65,0.5,,1.0061396160665481e-16
controller_tick,1308,130800000,130.8,simulation,0.5510820950968067,0.5510820950968067,1308,130.8,130.8,0.0,True,False,0.274467,0.65,0.274467,0.65,0.00011054952726651776,0.65,0.5,,9.540979117872439e-17
controller_tick,1309,130900000,130.9,simulation,0.5510381423253362,0.5510381423253362,1309,130.9,130.9,0.0,True,False,0.274293,0.65,0.274293,0.65,0.00011047694417050708,0.65,0.5,,9.367506770274758e-17
controller_tick,1310,131000000,131.0,simulation,0.5509940552600265,0.5509940552600265,1310,131.0,131.0,0.0,True,False,0.274119,0.65,0.274119,0.65,0.000110404644953615,0.65,0.5,,9.020562075079397e-17
controller_tick,1311,131100000,131.1,simulation,0.5509498344738141,0.5509498344738141,1311,131.1,131.1,0.0,True,False,0.273946,0.65,0.273946,0.65,0.00011033260260117165,0.65,0.5,,9.367506770274758e-17
controller_tick,1312,131200000,131.2,simulation,0.5509054805267882,0.5509054805267882,1312,131.2,131.2,0.0,True,False,0.273775,0.65,0.273775,0.65,0.00011026083073432564,0.65,0.5,,9.540979117872439e-17
controller_tick,1313,131300000,131.3,simulation,0.5508609940435252,0.5508609940435252,1313,131.3,131.3,0.0,True,False,0.273602,0.65,0.273602,0.65,0.00011018937974303469,0.65,0.5,,9.194034422677078e-17
controller_tick,1314,131400000,131.4,simulation,0.5508163755895633,0.5508163755895633,1314,131.4,131.4,0.0,True,False,0.273432,0.65,0.273432,0.65,0.00011011814296188698,0.65,0.5,,1.0061396160665481e-16
controller_tick,1315,131500000,131.5,simulation,0.5507716257208033,0.5507716257208033,1315,131.5,131.5,0.0,True,False,0.273259,0.65,0.273259,0.65,0.0001100472142011905,0.65,0.5,,1.0408340855860843e-16
controller_tick,1316,131600000,131.6,simulation,0.5507267449393617,0.5507267449393617,1316,131.6,131.6,0.0,True,False,0.27309,0.65,0.27309,0.65,0.00010997644995382549,0.65,0.5,,1.0408340855860843e-16
controller_tick,1317,131700000,131.7,simulation,0.5506817337450148,0.5506817337450148,1317,131.7,131.7,0.0,True,False,0.272921,0.65,0.272921,0.65,0.00010990598682440969,0.65,0.5,,1.0234868508263162e-16
controller_tick,1318,131800000,131.8,simulation,0.5506365927425995,0.5506365927425995,1318,131.8,131.8,0.0,True,False,0.272752,0.65,0.272752,0.65,0.00010983579615778156,0.65,0.5,,1.0755285551056204e-16
controller_tick,1319,131900000,131.9,simulation,0.5505913224822789,0.5505913224822789,1319,131.9,131.9,0.0,True,False,0.272587,0.65,0.272587,0.65,0.00010976585202567876,0.65,0.5,,1.0581813203458523e-16
controller_tick,1320,132000000,132.0,simulation,0.5505459236195315,0.5505459236195315,1320,132.0,132.0,0.0,True,False,0.272418,0.65,0.272418,0.65,0.00010969628322737045,0.65,0.5,,1.0581813203458523e-16
controller_tick,1321,132100000,132.1,simulation,0.5505003967452192,0.5505003967452192,1321,132.1,132.1,0.0,True,False,0.272253,0.65,0.272253,0.65,0.00010962690178499253,0.65,0.5,,1.1102230246251565e-16
controller_tick,1322,132200000,132.2,simulation,0.5504547424019101,0.5504547424019101,1322,132.2,132.2,0.0,True,False,0.272086,0.65,0.272086,0.65,0.00010955784212940203,0.65,0.5,,1.1449174941446927e-16
controller_tick,1323,132300000,132.3,simulation,0.5504089611556925,0.5504089611556925,1323,132.3,132.3,0.0,True,False,0.271921,0.65,0.271921,0.65,0.00010948899750847182,0.65,0.5,,1.1622647289044608e-16
controller_tick,1324,132400000,132.4,simulation,0.5503630535241567,0.5503630535241567,1324,132.4,132.4,0.0,True,False,0.271757,0.65,0.271757,0.65,0.00010942042358901405,0.65,0.5,,1.1449174941446927e-16
controller_tick,1325,132500000,132.5,simulation,0.5503170200920104,0.5503170200920104,1325,132.5,132.5,0.0,True,False,0.271593,0.65,0.271593,0.65,0.00010935213267541043,0.65,0.5,,1.1275702593849246e-16
controller_tick,1326,132600000,132.6,simulation,0.5502708614285443,0.5502708614285443,1326,132.6,132.6,0.0,True,False,0.271429,0.65,0.271429,0.65,0.00010928409783609314,0.65,0.5,,1.1102230246251565e-16
controller_tick,1327,132700000,132.7,simulation,0.5502245780516644,0.5502245780516644,1327,132.7,132.7,0.0,True,False,0.271266,0.65,0.271266,0.65,0.00010921629470237193,0.65,0.5,,1.0755285551056204e-16
controller_tick,1328,132800000,132.8,simulation,0.550178170471478,0.550178170471478,1328,132.8,132.8,0.0,True,False,0.271106,0.65,0.271106,0.65,0.0001091487392895768,0.65,0.5,,1.1102230246251565e-16
controller_tick,1329,132900000,132.9,simulation,0.5501316393058437,0.5501316393058437,1329,132.9,132.9,0.0,True,False,0.270943,0.65,0.270943,0.65,0.0001090815222190432,0.65,0.5,,1.1102230246251565e-16
controller_tick,1330,133000000,133.0,simulation,0.550084985112752,0.550084985112752,1330,133.0,133.0,0.0,True,False,0.270784,0.65,0.270784,0.65,0.00010901449709814957,0.65,0.5,,1.1102230246251565e-16
controller_tick,1331,133100000,133.1,simulation,0.5500382084423484,0.5500382084423484,1331,133.1,133.1,0.0,True,False,0.270624,0.65,0.270624,0.65,0.00010894779792060371,0.65,0.5,,1.1449174941446927e-16
controller_tick,1332,133200000,133.2,simulation,0.5499913099061614,0.5499913099061614,1332,133.2,133.2,0.0,True,False,0.270466,0.65,0.270466,0.65,0.00010888135560376225,0.65,0.5,,1.0408340855860843e-16
controller_tick,1333,133300000,133.3,simulation,0.5499442901001994,0.5499442901001994,1333,133.3,133.3,0.0,True,False,0.270307,0.65,0.270307,0.65,0.00010881522183416294,0.65,0.5,,1.0234868508263162e-16
controller_tick,1334,133400000,133.4,simulation,0.5498971496026028,0.5498971496026028,1334,133.4,133.4,0.0,True,False,0.270148,0.65,0.270148,0.65,0.0001087493291846208,0.65,0.5,,9.8879238130678e-17
controller_tick,1335,133500000,133.5,simulation,0.5498498889017578,0.5498498889017578,1335,133.5,133.5,0.0,True,False,0.26999,0.65,0.26999,0.65,0.00010868365470952862,0.65,0.5,,9.540979117872439e-17
controller_tick,1336,133600000,133.6,simulation,0.5498025084809672,0.5498025084809672,1336,133.6,133.6,0.0,True,False,0.269833,0.65,0.269833,0.65,0.0001086182157118752,0.65,0.5,,1.0755285551056204e-16
controller_tick,1337,133700000,133.7,simulation,0.5497550088563489,0.5497550088563489,1337,133.7,133.7,0.0,True,False,0.269678,0.65,0.269678,0.65,0.00010855302784805226,0.65,0.5,,1.0408340855860843e-16
controller_tick,1338,133800000,133.8,simulation,0.5497073906123912,0.5497073906123912,1338,133.8,133.8,0.0,True,False,0.269524,0.65,0.269524,0.65,0.00010848814334958163,0.65,0.5,,1.0234868508263162e-16
controller_tick,1339,133900000,133.9,simulation,0.5496596543941469,0.5496596543941469,1339,133.9,133.9,0.0,True,False,0.269367,0.65,0.269367,0.65,0.00010842357141246592,0.65,0.5,,1.0755285551056204e-16
controller_tick,1340,134000000,134.0,simulation,0.5496118007092323,0.5496118007092323,1340,134.0,134.0,0.0,True,False,0.269213,0.65,0.269213,0.65,0.0001083591680974612,0.65,0.5,,9.8879238130678e-17
controller_tick,1341,134100000,134.1,simulation,0.5495638300234039,0.5495638300234039,1341,134.1,134.1,0.0,True,False,0.26906,0.65,0.26906,0.65,0.00010829503155315037,0.65,0.5,,1.0061396160665481e-16
controller_tick,1342,134200000,134.2,simulation,0.5495157429116958,0.5495157429116958,1342,134.2,134.2,0.0,True,False,0.268907,0.65,0.268907,0.65,0.00010823117445797819,0.65,0.5,,1.0061396160665481e-16
controller_tick,1343,134300000,134.3,simulation,0.5494675399344383,0.5494675399344383,1343,134.3,134.3,0.0,True,False,0.268754,0.65,0.268754,0.65,0.00010816757021884309,0.65,0.5,,9.020562075079397e-17
controller_tick,1344,134400000,134.4,simulation,0.5494192216012238,0.5494192216012238,1344,134.4,134.4,0.0,True,False,0.268604,0.65,0.268604,0.65,0.00010810419477331176,0.65,0.5,,8.326672684688674e-17
controller_tick,1345,134500000,134.5,simulation,0.5493707884918229,0.5493707884918229,1345,134.5,134.5,0.0,True,False,0.268452,0.65,0.268452,0.65,0.00010804114054389243,0.65,0.5,,7.979727989493313e-17
controller_tick,1346,134600000,134.6,simulation,0.5493222411682708,0.5493222411682708,1346,134.6,134.6,0.0,True,False,0.268303,0.65,0.268303,0.65,0.00010797830083276498,0.65,0.5,,7.112366251504909e-17
controller_tick,1347,134700000,134.7,simulation,0.5492735801829047,0.5492735801829047,1347,134.7,134.7,0.0,True,False,0.268152,0.65,0.268152,0.65,0.00010791576942091323,0.65,0.5,,7.28583859910259e-17
controller_tick,1348,134800000,134.8,simulation,0.5492248060729181,0.5492248060729181,1348,134.8,134.8,0.0,True,False,0.268003,0.65,0.268003,0.65,0.00010785344083971647,0.65,0.5,,8.326672684688674e-17
controller_tick,1349,134900000,134.9,simulation,0.5491759193294551,0.5491759193294551,1349,134.9,134.9,0.0,True,False,0.267855,0.65,0.267855,0.65,0.0001077913719173515,0.65,0.5,,8.847089727481716e-17
controller_tick,1350,135000000,135.0,simulation,0.5491269205129937,0.5491269205129937,1350,135.0,135.0,0.0,True,False,0.267707,0.65,0.267707,0.65,0.00010772957600904622,0.65,0.5,,9.020562075079397e-17
controller_tick,1351,135100000,135.1,simulation,0.5490778101706001,0.5490778101706001,1351,135.1,135.1,0.0,True,False,0.26756,0.65,0.26756,0.65,0.00010766802713407778,0.65,0.5,,9.194034422677078e-17
controller_tick,1352,135200000,135.2,simulation,0.5490285888384666,0.5490285888384666,1352,135.2,135.2,0.0,True,False,0.267413,0.65,0.267413,0.65,0.00010760673984914881,0.65,0.5,,9.540979117872439e-17
controller_tick,1353,135300000,135.3,simulation,0.5489792570416655,0.5489792570416655,1353,135.3,135.3,0.0,True,False,0.267269,0.65,0.267269,0.65,0.00010754568926067574,0.65,0.5,,9.020562075079397e-17
controller_tick,1354,135400000,135.4,simulation,0.5489298153738622,0.5489298153738622,1354,135.4,135.4,0.0,True,False,0.267122,0.65,0.267122,0.65,0.00010748496703911106,0.65,0.5,,8.847089727481716e-17
controller_tick,1355,135500000,135.5,simulation,0.5488802643708558,0.5488802643708558,1355,135.5,135.5,0.0,True,False,0.266979,0.65,0.266979,0.65,0.00010742442774111359,0.65,0.5,,8.673617379884035e-17
controller_tick,1356,135600000,135.6,simulation,0.5488306045624122,0.5488306045624122,1356,135.6,135.6,0.0,True,False,0.266833,0.65,0.266833,0.65,0.00010736420621933546,0.65,0.5,,8.153200337090993e-17
controller_tick,1357,135700000,135.7,simulation,0.548780836463927,0.548780836463927,1357,135.7,135.7,0.0,True,False,0.26669,0.65,0.26669,0.65,0.00010730415803827282,0.65,0.5,,7.979727989493313e-17
controller_tick,1358,135800000,135.8,simulation,0.5487309605479889,0.5487309605479889,1358,135.8,135.8,0.0,True,False,0.266548,0.65,0.266548,0.65,0.00010724438089747398,0.65,0.5,,8.326672684688674e-17
controller_tick,1359,135900000,135.9,simulation,0.5486809773956081,0.5486809773956081,1359,135.9,135.9,0.0,True,False,0.266406,0.65,0.266406,0.65,0.00010718488706908043,0.65,0.5,,7.806255641895632e-17
controller_tick,1360,136000000,136.0,simulation,0.5486308875723165,0.5486308875723165,1360,136.0,136.0,0.0,True,False,0.266264,0.65,0.266264,0.65,0.00010712564959235216,0.65,0.5,,7.28583859910259e-17
controller_tick,1361,136100000,136.1,simulation,0.5485806915922062,0.5485806915922062,1361,136.1,136.1,0.0,True,False,0.266123,0.65,0.266123,0.65,0.0001070666440722028,0.65,0.5,,7.632783294297951e-17
controller_tick,1362,136200000,136.2,simulation,0.5485303899615213,0.5485303899615213,1362,136.2,136.2,0.0,True,False,0.265984,0.65,0.265984,0.65,0.00010700788650007821,0.65,0.5,,7.45931094670027e-17
controller_tick,1363,136300000,136.3,simulation,0.5484799832555154,0.5484799832555154,1363,136.3,136.3,0.0,True,False,0.265844,0.65,0.265844,0.65,0.0001069494294106697,0.65,0.5,,7.806255641895632e-17
controller_tick,1364,136400000,136.4,simulation,0.5484294720331931,0.5484294720331931,1364,136.4,136.4,0.0,True,False,0.265706,0.65,0.265706,0.65,0.00010689120614423341,0.65,0.5,,7.28583859910259e-17
controller_tick,1365,136500000,136.5,simulation,0.5483788568426619,0.5483788568426619,1365,136.5,136.5,0.0,True,False,0.265566,0.65,0.265566,0.65,0.00010683327057963716,0.65,0.5,,6.591949208711867e-17
controller_tick,1366,136600000,136.6,simulation,0.5483281381796481,0.5483281381796481,1366,136.6,136.6,0.0,True,False,0.265429,0.65,0.265429,0.65,0.00010677551920836542,0.65,0.5,,6.418476861114186e-17
controller_tick,1367,136700000,136.7,simulation,0.5482773165362647,0.5482773165362647,1367,136.7,136.7,0.0,True,False,0.265292,0.65,0.265292,0.65,0.00010671804869720422,0.65,0.5,,7.28583859910259e-17
controller_tick,1368,136800000,136.8,simulation,0.5482263924723795,0.5482263924723795,1368,136.8,136.8,0.0,True,False,0.265156,0.65,0.265156,0.65,0.00010666083231878025,0.65,0.5,,6.938893903907228e-17
controller_tick,1369,136900000,136.9,simulation,0.5481753665355626,0.5481753665355626,1369,136.9,136.9,0.0,True,False,0.26502,0.65,0.26502,0.65,0.00010660388395419888,0.65,0.5,,6.765421556309548e-17
controller_tick,1370,137000000,137.0,simulation,0.5481242392609755,0.5481242392609755,1370,137.0,137.0,0.0,True,False,0.264884,0.65,0.264884,0.65,0.00010654717809857084,0.65,0.5,,7.112366251504909e-17
controller_tick,1371,137100000,137.1,simulation,0.5480730111351176,0.5480730111351176,1371,137.1,137.1,0.0,True,False,0.264748,0.65,0.264748,0.65,0.000106490691674118,0.65,0.5,,7.28583859910259e-17
controller_tick,1372,137200000,137.2,simulation,0.5480216826004574,0.5480216826004574,1372,137.2,137.2,0.0,True,False,0.264613,0.65,0.264613,0.65,0.00010643440379920314,0.65,0.5,,8.326672684688674e-17
controller_tick,1373,137300000,137.3,simulation,0.5479702540983179,0.5479702540983179,1373,137.3,137.3,0.0,True,False,0.264482,0.65,0.264482,0.65,0.00010637833364437237,0.65,0.5,,8.326672684688674e-17
controller_tick,1374,137400000,137.4,simulation,0.5479187262224902,0.5479187262224902,1374,137.4,137.4,0.0,True,False,0.264347,0.65,0.264347,0.65,0.00010632261275095149,0.65,0.5,,8.500145032286355e-17
controller_tick,1375,137500000,137.5,simulation,0.5478670995073812,0.5478670995073812,1375,137.5,137.5,0.0,True,False,0.264216,0.65,0.264216,0.65,0.00010626705562219182,0.65,0.5,,8.326672684688674e-17
controller_tick,1376,137600000,137.6,simulation,0.5478153744438387,0.5478153744438387,1376,137.6,137.6,0.0,True,False,0.264085,0.65,0.264085,0.65,0.00010621179893395648,0.65,0.5,,7.979727989493313e-17
controller_tick,1377,137700000,137.7,simulation,0.547763551627907,0.547763551627907,1377,137.7,137.7,0.0,True,False,0.263951,0.65,0.263951,0.65,0.00010615681409554947,0.65,0.5,,8.326672684688674e-17
controller_tick,1378,137800000,137.8,simulation,0.5477116314849934,0.5477116314849934,1378,137.8,137.8,0.0,True,False,0.263821,0.65,0.263821,0.65,0.00010610196104194084,0.65,0.5,,8.500145032286355e-17
controller_tick,1379,137900000,137.9,simulation,0.5476596144447327,0.5476596144447327,1379,137.9,137.9,0.0,True,False,0.263691,0.65,0.263691,0.65,0.0001060473794922801,0.65,0.5,,8.153200337090993e-17
controller_tick,1380,138000000,138.0,simulation,0.5476075010477631,0.5476075010477631,1380,138.0,138.0,0.0,True,False,0.263561,0.65,0.263561,0.65,0.00010599304360955051,0.65,0.5,,8.326672684688674e-17
controller_tick,1381,138100000,138.1,simulation,0.5475552917854275,0.5475552917854275,1381,138.1,138.1,0.0,True,False,0.263435,0.65,0.263435,0.65,0.00010593893001545263,0.65,0.5,,7.632783294297951e-17
controller_tick,1382,138200000,138.2,simulation,0.547502987259249,0.547502987259249,1382,138.2,138.2,0.0,True,False,0.263306,0.65,0.263306,0.65,0.00010588516981655746,0.65,0.5,,7.28583859910259e-17
controller_tick,1383,138300000,138.3,simulation,0.5474505880492337,0.5474505880492337,1383,138.3,138.3,0.0,True,False,0.263177,0.65,0.263177,0.65,0.00010583161518776666,0.65,0.5,,6.938893903907228e-17
controller_tick,1384,138400000,138.4,simulation,0.5473980945700264,0.5473980945700264,1384,138.4,138.4,0.0,True,False,0.263052,0.65,0.263052,0.65,0.00010577824656649838,0.65,0.5,,6.938893903907228e-17
controller_tick,1385,138500000,138.5,simulation,0.5473455073537318,0.5473455073537318,1385,138.5,138.5,0.0,True,False,0.262924,0.65,0.262924,0.65,0.00010572519851192762,0.65,0.5,,6.591949208711867e-17
controller_tick,1386,138600000,138.6,simulation,0.5472928269175246,0.5472928269175246,1386,138.6,138.6,0.0,True,False,0.262799,0.65,0.262799,0.65,0.00010567232632300142,0.65,0.5,,6.591949208711867e-17
controller_tick,1387,138700000,138.7,simulation,0.5472400537352666,0.5472400537352666,1387,138.7,138.7,0.0,True,False,0.262675,0.65,0.262675,0.65,0.00010561972745898931,0.65,0.5,,6.245004513516506e-17
controller_tick,1388,138800000,138.8,simulation,0.5471871883887834,0.5471871883887834,1388,138.8,138.8,0.0,True,False,0.262551,0.65,0.262551,0.65,0.00010556741397461952,0.65,0.5,,5.898059818321144e-17
controller_tick,1389,138900000,138.9,simulation,0.5471342314440073,0.5471342314440073,1389,138.9,138.9,0.0,True,False,0.262427,0.65,0.262427,0.65,0.00010551535871242848,0.65,0.5,,5.898059818321144e-17
controller_tick,1390,139000000,139.0,simulation,0.5470811834150562,0.5470811834150562,1390,139.0,139.0,0.0,True,False,0.262303,0.65,0.262303,0.65,0.0001054635370993269,0.65,0.5,,5.898059818321144e-17
controller_tick,1391,139100000,139.1,simulation,0.5470280447691644,0.5470280447691644,1391,139.1,139.1,0.0,True,False,0.26218,0.65,0.26218,0.65,0.0001054119269006642,0.65,0.5,,5.724587470723463e-17
controller_tick,1392,139200000,139.2,simulation,0.5469748159698401,0.5469748159698401,1392,139.2,139.2,0.0,True,False,0.262057,0.65,0.262057,0.65,0.00010536054606272926,0.65,0.5,,6.418476861114186e-17
controller_tick,1393,139300000,139.3,simulation,0.5469214974759384,0.5469214974759384,1393,139.3,139.3,0.0,True,False,0.261938,0.65,0.261938,0.65,0.00010530937275896302,0.65,0.5,,7.112366251504909e-17
controller_tick,1394,139400000,139.4,simulation,0.5468680898594559,0.5468680898594559,1394,139.4,139.4,0.0,True,False,0.261816,0.65,0.261816,0.65,0.00010525853950000932,0.65,0.5,,7.28583859910259e-17
controller_tick,1395,139500000,139.5,simulation,0.5468145936735508,0.5468145936735508,1395,139.5,139.5,0.0,True,False,0.261694,0.65,0.261694,0.65,0.00010520789973122744,0.65,0.5,,6.765421556309548e-17
controller_tick,1396,139600000,139.6,simulation,0.5467610093084437,0.5467610093084437,1396,139.6,139.6,0.0,True,False,0.261575,0.65,0.261575,0.65,0.00010515743503959305,0.65,0.5,,6.765421556309548e-17
controller_tick,1397,139700000,139.7,simulation,0.5467073372353125,0.5467073372353125,1397,139.7,139.7,0.0,True,False,0.261457,0.65,0.261457,0.65,0.00010510724295941109,0.65,0.5,,7.28583859910259e-17
controller_tick,1398,139800000,139.8,simulation,0.5466535780334417,0.5466535780334417,1398,139.8,139.8,0.0,True,False,0.261336,0.65,0.261336,0.65,0.00010505733561330465,0.65,0.5,,6.938893903907228e-17
controller_tick,1399,139900000,139.9,simulation,0.546599732150264,0.546599732150264,1399,139.9,139.9,0.0,True,False,0.261218,0.65,0.261218,0.65,0.00010500757171014562,0.65,0.5,,6.938893903907228e-17
controller_tick,1400,140000000,140.0,simulation,0.5465457999964048,0.5465457999964048,1400,140.0,140.0,0.0,True,False,0.261101,0.65,0.261101,0.65,0.0001049580517946311,0.65,0.5,,6.418476861114186e-17
controller_tick,1401,140100000,140.1,simulation,0.5464917820963398,0.5464917820963398,1401,140.1,140.1,0.0,True,False,0.260984,0.65,0.260984,0.65,0.00010490879071329965,0.65,0.5,,6.591949208711867e-17
controller_tick,1402,140200000,140.2,simulation,0.5464376789639779,0.5464376789639779,1402,140.2,140.2,0.0,True,False,0.260867,0.65,0.260867,0.65,0.0001048597638348221,0.65,0.5,,6.591949208711867e-17
controller_tick,1403,140300000,140.3,simulation,0.5463834910662336,0.5463834910662336,1403,140.3,140.3,0.0,True,False,0.260754,0.65,0.260754,0.65,0.00010481094887185017,0.65,0.5,,6.591949208711867e-17
controller_tick,1404,140400000,140.4,simulation,0.5463292189822833,0.5463292189822833,1404,140.4,140.4,0.0,True,False,0.260638,0.65,0.260638,0.65,0.00010476247791808835,0.65,0.5,,6.418476861114186e-17
controller_tick,1405,140500000,140.5,simulation,0.5462748632716696,0.5462748632716696,1405,140.5,140.5,0.0,True,False,0.260523,0.65,0.260523,0.65,0.0001047142040416336,0.65,0.5,,5.377642775528102e-17
controller_tick,1406,140600000,140.6,simulation,0.5462204243689746,0.5462204243689746,1406,140.6,140.6,0.0,True,False,0.26041,0.65,0.26041,0.65,0.00010466614655313335,0.65,0.5,,5.204170427930421e-17
controller_tick,1407,140700000,140.7,simulation,0.5461659027841226,0.5461659027841226,1407,140.7,140.7,0.0,True,False,0.260295,0.65,0.260295,0.65,0.00010461836099061668,0.65,0.5,,5.0306980803327406e-17
controller_tick,1408,140800000,140.8,simulation,0.5461112989778233,0.5461112989778233,1408,140.8,140.8,0.0,True,False,0.260184,0.65,0.260184,0.65,0.00010457074534683934,0.65,0.5,,5.0306980803327406e-17
controller_tick,1409,140900000,140.9,simulation,0.5460566134487337,0.5460566134487337,1409,140.9,140.9,0.0,True,False,0.260069,0.65,0.260069,0.65,0.00010452343571202652,0.65,0.5,,4.85722573273506e-17
controller_tick,1410,141000000,141.0,simulation,0.546001846644806,0.546001846644806,1410,141.0,141.0,0.0,True,False,0.259958,0.65,0.259958,0.65,0.00010447625070544391,0.65,0.5,,5.724587470723463e-17
controller_tick,1411,141100000,141.1,simulation,0.5459469989782859,0.5459469989782859,1411,141.1,141.1,0.0,True,False,0.259848,0.65,0.259848,0.65,0.00010442933072727848,0.65,0.5,,5.204170427930421e-17
controller_tick,1412,141200000,141.2,simulation,0.5458920710124185,0.5458920710124185,1412,141.2,141.2,0.0,True,False,0.259737,0.65,0.259737,0.65,0.0001043826886217745,0.65,0.5,,5.898059818321144e-17
controller_tick,1413,141300000,141.3,simulation,0.5458370632573659,0.5458370632573659,1413,141.3,141.3,0.0,True,False,0.259627,0.65,0.259627,0.65,0.00010433625988081931,0.65,0.5,,5.898059818321144e-17
controller_tick,1414,141400000,141.4,simulation,0.5457819761778024,0.5457819761778024,1414,141.4,141.4,0.0,True,False,0.259517,0.65,0.259517,0.65,0.00010429006226512434,0.65,0.5,,5.551115123125783e-17
controller_tick,1415,141500000,141.5,simulation,0.545726810233396,0.545726810233396,1415,141.5,141.5,0.0,True,False,0.259408,0.65,0.259408,0.65,0.00010424407378021303,0.65,0.5,,5.898059818321144e-17
controller_tick,1416,141600000,141.6,simulation,0.5456715658805465,0.5456715658805465,1416,141.6,141.6,0.0,True,False,0.259299,0.65,0.259299,0.65,0.00010419831258969287,0.65,0.5,,5.551115123125783e-17
controller_tick,1417,141700000,141.7,simulation,0.5456162435714165,0.5456162435714165,1417,141.7,141.7,0.0,True,False,0.259193,0.65,0.259193,0.65,0.0001041527570636427,0.65,0.5,,5.0306980803327406e-17
controller_tick,1418,141800000,141.8,simulation,0.5455608438329883,0.5455608438329883,1418,141.8,141.8,0.0,True,False,0.259085,0.65,0.259085,0.65,0.00010410750182559888,0.65,0.5,,4.163336342344337e-17
controller_tick,1419,141900000,141.9,simulation,0.5455053671787097,0.5455053671787097,1419,141.9,141.9,0.0,True,False,0.25898,0.65,0.25898,0.65,0.00010406244216931387,0.65,0.5,,5.0306980803327406e-17
controller_tick,1420,142000000,142.0,simulation,0.5454498141161297,0.5454498141161297,1420,142.0,142.0,0.0,True,False,0.258872,0.65,0.258872,0.65,0.00010401767367782085,0.65,0.5,,4.5102810375396984e-17
controller_tick,1421,142100000,142.1,simulation,0.5453941851023975,0.5453941851023975,1421,142.1,142.1,0.0,True,False,0.258768,0.65,0.258768,0.65,0.00010397305444802807,0.65,0.5,,5.0306980803327406e-17
controller_tick,1422,142200000,142.2,simulation,0.5453384805953833,0.5453384805953833,1422,142.2,142.2,0.0,True,False,0.258664,0.65,0.258664,0.65,0.0001039287225359379,0.65,0.5,,4.85722573273506e-17
controller_tick,1423,142300000,142.3,simulation,0.5452827011607883,0.5452827011607883,1423,142.3,142.3,0.0,True,False,0.258557,0.65,0.258557,0.65,0.00010388465059965589,0.65,0.5,,5.377642775528102e-17
controller_tick,1424,142400000,142.4,simulation,0.5452268471960587,0.5452268471960587,1424,142.4,142.4,0.0,True,False,0.258454,0.65,0.258454,0.65,0.00010384069970411459,0.65,0.5,,5.204170427930421e-17
controller_tick,1425,142500000,142.5,simulation,0.5451709191050256,0.5451709191050256,1425,142.5,142.5,0.0,True,False,0.258351,0.65,0.258351,0.65,0.00010379701059089568,0.65,0.5,,5.898059818321144e-17
controller_tick,1426,142600000,142.6,simulation,0.5451149174044736,0.5451149174044736,1426,142.6,142.6,0.0,True,False,0.258248,0.65,0.258248,0.65,0.00010375355834811745,0.65,0.5,,6.418476861114186e-17
controller_tick,1427,142700000,142.7,simulation,0.5450588425636581,0.5450588425636581,1427,142.7,142.7,0.0,True,False,0.258146,0.65,0.258146,0.65,0.0001037103204345772,0.65,0.5,,6.938893903907228e-17
controller_tick,1428,142800000,142.8,simulation,0.5450026950475234,0.5450026950475234,1428,142.8,142.8,0.0,True,False,0.258044,0.65,0.258044,0.65,0.00010366731451918402,0.65,0.5,,6.418476861114186e-17
controller_tick,1429,142900000,142.9,simulation,0.5449464753158326,0.5449464753158326,1429,142.9,142.9,0.0,True,False,0.257945,0.65,0.257945,0.65,0.00010362451852439525,0.65,0.5,,5.898059818321144e-17
controller_tick,1430,143000000,143.0,simulation,0.544890183902315,0.544890183902315,1430,143.0,143.0,0.0,True,False,0.257844,0.65,0.257844,0.65,0.00010358202666872249,0.65,0.5,,5.898059818321144e-17
controller_tick,1431,143100000,143.1,simulation,0.5448338213263921,0.5448338213263921,1431,143.1,143.1,0.0,True,False,0.257743,0.65,0.257743,0.65,0.00010353973387943663,0.65,0.5,,5.898059818321144e-17
controller_tick,1432,143200000,143.2,simulation,0.5447773879847997,0.5447773879847997,1432,143.2,143.2,0.0,True,False,0.257645,0.65,0.257645,0.65,0.00010349762121286632,0.65,0.5,,6.418476861114186e-17
controller_tick,1433,143300000,143.3,simulation,0.5447208843542188,0.5447208843542188,1433,143.3,143.3,0.0,True,False,0.257545,0.65,0.257545,0.65,0.00010345578572316723,0.65,0.5,,6.245004513516506e-17
controller_tick,1434,143400000,143.4,simulation,0.5446643109024332,0.5446643109024332,1434,143.4,143.4,0.0,True,False,0.257448,0.65,0.257448,0.65,0.00010341412490340706,0.65,0.5,,6.071532165918825e-17
controller_tick,1435,143500000,143.5,simulation,0.5446076680955242,0.5446076680955242,1435,143.5,143.5,0.0,True,False,0.257348,0.65,0.257348,0.65,0.00010337273632664178,0.65,0.5,,6.765421556309548e-17
controller_tick,1436,143600000,143.6,simulation,0.5445509563529696,0.5445509563529696,1436,143.6,143.6,0.0,True,False,0.257252,0.65,0.257252,0.65,0.00010333147989042673,0.65,0.5,,7.112366251504909e-17
controller_tick,1437,143700000,143.7,simulation,0.5444941760984042,0.5444941760984042,1437,143.7,143.7,0.0,True,False,0.257156,0.65,0.257156,0.65,0.00010329049528005709,0.65,0.5,,7.112366251504909e-17
controller_tick,1438,143800000,143.8,simulation,0.544437327866402,0.544437327866402,1438,143.8,143.8,0.0,True,False,0.25706,0.65,0.25706,0.65,0.00010324975662788357,0.65,0.5,,6.591949208711867e-17
controller_tick,1439,143900000,143.9,simulation,0.5443804121421838,0.5443804121421838,1439,143.9,143.9,0.0,True,False,0.256965,0.65,0.256965,0.65,0.0001032092405278892,0.65,0.5,,6.765421556309548e-17
controller_tick,1440,144000000,144.0,simulation,0.5443234294050097,0.5443234294050097,1440,144.0,144.0,0.0,True,False,0.25687,0.65,0.25687,0.65,0.00010316896386646676,0.65,0.5,,6.245004513516506e-17
controller_tick,1441,144100000,144.1,simulation,0.5442663801274656,0.5442663801274656,1441,144.1,144.1,0.0,True,False,0.256775,0.65,0.256775,0.65,0.00010312890385802351,0.65,0.5,,6.938893903907228e-17
controller_tick,1442,144200000,144.2,simulation,0.5442092647386645,0.5442092647386645,1442,144.2,144.2,0.0,True,False,0.256681,0.65,0.256681,0.65,0.00010308903988530257,0.65,0.5,,7.112366251504909e-17
controller_tick,1443,144300000,144.3,simulation,0.5441520836670788,0.5441520836670788,1443,144.3,144.3,0.0,True,False,0.256587,0.65,0.256587,0.65,0.00010304939135807122,0.65,0.5,,7.112366251504909e-17
controller_tick,1444,144400000,144.4,simulation,0.5440948373393215,0.5440948373393215,1444,144.4,144.4,0.0,True,False,0.256494,0.65,0.256494,0.65,0.00010300993777398043,0.65,0.5,,7.28583859910259e-17
controller_tick,1445,144500000,144.5,simulation,0.5440375261815845,0.5440375261815845,1445,144.5,144.5,0.0,True,False,0.2564,0.65,0.2564,0.65,0.00010297069864677039,0.65,0.5,,7.28583859910259e-17
controller_tick,1446,144600000,144.6,simulation,0.543980150579702,0.543980150579702,1446,144.6,144.6,0.0,True,False,0.256311,0.65,0.256311,0.65,0.0001029316155031378,0.65,0.5,,7.632783294297951e-17
controller_tick,1447,144700000,144.7,simulation,0.5439227110403184,0.5439227110403184,1447,144.7,144.7,0.0,True,False,0.256218,0.65,0.256218,0.65,0.00010289286382444661,0.65,0.5,,6.591949208711867e-17
controller_tick,1448,144800000,144.8,simulation,0.5438652080556372,0.5438652080556372,1448,144.8,144.8,0.0,True,False,0.256129,0.65,0.256129,0.65,0.00010285425980750605,0.65,0.5,,6.765421556309548e-17
controller_tick,1449,144900000,144.9,simulation,0.5438076420775337,0.5438076420775337,1449,144.9,144.9,0.0,True,False,0.256037,0.65,0.256037,0.65,0.0001028159416605738,0.65,0.5,,6.591949208711867e-17
controller_tick,1450,145000000,145.0,simulation,0.5437500135499158,0.5437500135499158,1450,145.0,145.0,0.0,True,False,0.255948,0.65,0.255948,0.65,0.00010277776798442342,0.65,0.5,,6.591949208711867e-17
controller_tick,1451,145100000,145.1,simulation,0.5436923228796784,0.5436923228796784,1451,145.1,145.1,0.0,True,False,0.25586,0.65,0.25586,0.65,0.00010273983922594063,0.65,0.5,,6.245004513516506e-17
controller_tick,1452,145200000,145.2,simulation,0.5436345705873805,0.5436345705873805,1452,145.2,145.2,0.0,True,False,0.25577,0.65,0.25577,0.65,0.0001027021701431606,0.65,0.5,,6.591949208711867e-17
controller_tick,1453,145300000,145.3,simulation,0.5435767571054537,0.5435767571054537,1453,145.3,145.3,0.0,True,False,0.255682,0.65,0.255682,0.65,0.00010266465989460739,0.65,0.5,,6.591949208711867e-17
controller_tick,1454,145400000,145.4,simulation,0.5435188828291091,0.5435188828291091,1454,145.4,145.4,0.0,True,False,0.255595,0.65,0.255595,0.65,0.00010262736949527149,0.65,0.5,,7.28583859910259e-17
controller_tick,1455,145500000,145.5,simulation,0.543460948230881,0.543460948230881,1455,145.5,145.5,0.0,True,False,0.255508,0.65,0.255508,0.65,0.00010259031608876648,0.65,0.5,,7.632783294297951e-17
controller_tick,1456,145600000,145.6,simulation,0.54340295377712,0.54340295377712,1456,145.6,145.6,0.0,True,False,0.255422,0.65,0.255422,0.65,0.0001025534771222427,0.65,0.5,,7.28583859910259e-17
controller_tick,1457,145700000,145.7,simulation,0.5433448999298442,0.5433448999298442,1457,145.7,145.7,0.0,True,False,0.255336,0.65,0.255336,0.65,0.00010251687025407062,0.65,0.5,,7.112366251504909e-17
controller_tick,1458,145800000,145.8,simulation,0.5432867871458703,0.5432867871458703,1458,145.8,145.8,0.0,True,False,0.25525,0.65,0.25525,0.65,0.00010248047339717183,0.65,0.5,,6.591949208711867e-17
controller_tick,1459,145900000,145.9,simulation,0.5432286158398745,0.5432286158398745,1459,145.9,145.9,0.0,True,False,0.255165,0.65,0.255165,0.65,0.00010244426656633133,0.65,0.5,,5.551115123125783e-17
controller_tick,1460,146000000,146.0,simulation,0.5431703864270992,0.5431703864270992,1460,146.0,146.0,0.0,True,False,0.255083,0.65,0.255083,0.65,0.00010240826974321156,0.65,0.5,,6.071532165918825e-17
controller_tick,1461,146100000,146.1,simulation,0.5431120994381065,0.5431120994381065,1461,146.1,146.1,0.0,True,False,0.254998,0.65,0.254998,0.65,0.00010237257713803394,0.65,0.5,,5.898059818321144e-17
controller_tick,1462,146200000,146.2,simulation,0.5430537553504385,0.5430537553504385,1462,146.2,146.2,0.0,True,False,0.254914,0.65,0.254914,0.65,0.00010233704560553525,0.65,0.5,,5.377642775528102e-17
controller_tick,1463,146300000,146.3,simulation,0.5429953545239015,0.5429953545239015,1463,146.3,146.3,0.0,True,False,0.254833,0.65,0.254833,0.65,0.00010230169788265625,0.65,0.5,,5.551115123125783e-17
controller_tick,1464,146400000,146.4,simulation,0.5429368974388776,0.5429368974388776,1464,146.4,146.4,0.0,True,False,0.254749,0.65,0.254749,0.65,0.00010226663067269733,0.65,0.5,,5.377642775528102e-17
controller_tick,1465,146500000,146.5,simulation,0.5428783845274864,0.5428783845274864,1465,146.5,146.5,0.0,True,False,0.254669,0.65,0.254669,0.65,0.00010223170308622638,0.65,0.5,,5.551115123125783e-17
controller_tick,1466,146600000,146.6,simulation,0.5428198162245028,0.5428198162245028,1466,146.6,146.6,0.0,True,False,0.254586,0.65,0.254586,0.65,0.00010219705409644289,0.65,0.5,,5.551115123125783e-17
controller_tick,1467,146700000,146.7,simulation,0.5427611929581941,0.5427611929581941,1467,146.7,146.7,0.0,True,False,0.254506,0.65,0.254506,0.65,0.00010216254299626843,0.65,0.5,,5.898059818321144e-17
controller_tick,1468,146800000,146.8,simulation,0.5427025151211353,0.5427025151211353,1468,146.8,146.8,0.0,True,False,0.254424,0.65,0.254424,0.65,0.00010212827085887012,0.65,0.5,,5.724587470723463e-17
controller_tick,1469,146900000,146.9,simulation,0.5426437831046718,0.5426437831046718,1469,146.9,146.9,0.0,True,False,0.254345,0.65,0.254345,0.65,0.00010209413881386762,0.65,0.5,,5.377642775528102e-17
controller_tick,1470,147000000,147.0,simulation,0.5425849973053847,0.5425849973053847,1470,147.0,147.0,0.0,True,False,0.254267,0.65,0.254267,0.65,0.0001020602477248052,0.65,0.5,,4.85722573273506e-17
controller_tick,1471,147100000,147.1,simulation,0.5425261582343147,0.5425261582343147,1471,147.1,147.1,0.0,True,False,0.254188,0.65,0.254188,0.65,0.00010202661272672624,0.65,0.5,,4.5102810375396984e-17
controller_tick,1472,147200000,147.2,simulation,0.5424672663537904,0.5424672663537904,1472,147.2,147.2,0.0,True,False,0.254111,0.65,0.254111,0.65,0.00010199317138431875,0.65,0.5,,3.8163916471489756e-17
controller_tick,1473,147300000,147.3,simulation,0.5424083221233037,0.5424083221233037,1473,147.3,147.3,0.0,True,False,0.254033,0.65,0.254033,0.65,0.00010195998139887456,0.65,0.5,,3.122502256758253e-17
controller_tick,1474,147400000,147.4,simulation,0.5423493259959555,0.5423493259959555,1474,147.4,147.4,0.0,True,False,0.253956,0.65,0.253956,0.65,0.00010192698078558332,0.65,0.5,,3.2959746043559335e-17
controller_tick,1475,147500000,147.5,simulation,0.5422902783841732,0.5422902783841732,1475,147.5,147.5,0.0,True,False,0.253879,0.65,0.253879,0.65,0.00010189418958833476,0.65,0.5,,2.6020852139652106e-17
controller_tick,1476,147600000,147.6,simulation,0.542231179699734,0.542231179699734,1476,147.6,147.6,0.0,True,False,0.253803,0.65,0.253803,0.65,0.00010186158787855757,0.65,0.5,,1.734723475976807e-17
controller_tick,1477,147700000,147.7,simulation,0.5421720303550895,0.5421720303550895,1477,147.7,147.7,0.0,True,False,0.253727,0.65,0.253727,0.65,0.00010182919568916748,0.65,0.5,,2.7755575615628914e-17
controller_tick,1478,147800000,147.8,simulation,0.5421128307620201,0.5421128307620201,1478,147.8,147.8,0.0,True,False,0.253651,0.65,0.253651,0.65,0.0001017969930816635,0.65,0.5,,3.642919299551295e-17
controller_tick,1479,147900000,147.9,simulation,0.5420535812942651,0.5420535812942651,1479,147.9,147.9,0.0,True,False,0.253576,0.65,0.253576,0.65,0.00010176496201494387,0.65,0.5,,3.2959746043559335e-17
controller_tick,1480,148000000,148.0,simulation,0.5419942823298391,0.5419942823298391,1480,148.0,148.0,0.0,True,False,0.253504,0.65,0.253504,0.65,0.0001017331242297774,0.65,0.5,,3.122502256758253e-17
controller_tick,1481,148100000,148.1,simulation,0.5419349343654329,0.5419349343654329,1481,148.1,148.1,0.0,True,False,0.253429,0.65,0.253429,0.65,0.0001017015755280908,0.65,0.5,,3.8163916471489756e-17
controller_tick,1482,148200000,148.2,simulation,0.541875537847754,0.541875537847754,1482,148.2,148.2,0.0,True,False,0.253355,0.65,0.253355,0.65,0.00010167017420485537,0.65,0.5,,3.469446951953614e-17
controller_tick,1483,148300000,148.3,simulation,0.5418160931085217,0.5418160931085217,1483,148.3,148.3,0.0,True,False,0.253284,0.65,0.253284,0.65,0.00010163894430018994,0.65,0.5,,2.42861286636753e-17
controller_tick,1484,148400000,148.4,simulation,0.5417566006025183,0.5417566006025183,1484,148.4,148.4,0.0,True,False,0.253211,0.65,0.253211,0.65,0.00010160798369655919,0.65,0.5,,2.7755575615628914e-17
controller_tick,1485,148500000,148.5,simulation,0.5416970607772081,0.5416970607772081,1485,148.5,148.5,0.0,True,False,0.253141,0.65,0.253141,0.65,0.00010157719063651575,0.65,0.5,,2.2551405187698492e-17
controller_tick,1486,148600000,148.6,simulation,0.5416374740797847,0.5416374740797847,1486,148.6,148.6,0.0,True,False,0.253071,0.65,0.253071,0.65,0.0001015466633712776,0.65,0.5,,2.949029909160572e-17
controller_tick,1487,148700000,148.7,simulation,0.5415778410282197,0.5415778410282197,1487,148.7,148.7,0.0,True,False,0.252998,0.65,0.252998,0.65,0.0001015163766071248,0.65,0.5,,2.7755575615628914e-17
controller_tick,1488,148800000,148.8,simulation,0.5415181619761386,0.5415181619761386,1488,148.8,148.8,0.0,True,False,0.252929,0.65,0.252929,0.65,0.00010148619326225475,0.65,0.5,,1.9081958235744878e-17
controller_tick,1489,148900000,148.9,simulation,0.5414584372870872,0.5414584372870872,1489,148.9,148.9,0.0,True,False,0.25286,0.65,0.25286,0.65,0.00010145625575515264,0.65,0.5,,1.734723475976807e-17
controller_tick,1490,149000000,149.0,simulation,0.5413986674407655,0.5413986674407655,1490,149.0,149.0,0.0,True,False,0.252789,0.65,0.252789,0.65,0.00010142654069126169,0.65,0.5,,2.42861286636753e-17
controller_tick,1491,149100000,149.1,simulation,0.5413388527948457,0.5413388527948457,1491,149.1,149.1,0.0,True,False,0.252721,0.65,0.252721,0.65,0.00010139695077224604,0.65,0.5,,2.7755575615628914e-17
controller_tick,1492,149200000,149.2,simulation,0.5412789937152368,0.5412789937152368,1492,149.2,149.2,0.0,True,False,0.252653,0.65,0.252653,0.65,0.0001013675882840946,0.65,0.5,,2.949029909160572e-17
controller_tick,1493,149300000,149.3,simulation,0.5412190906463236,0.5412190906463236,1493,149.3,149.3,0.0,True,False,0.252586,0.65,0.252586,0.65,0.00010133843158389908,0.65,0.5,,2.0816681711721685e-17
controller_tick,1494,149400000,149.4,simulation,0.5411591440298946,0.5411591440298946,1494,149.4,149.4,0.0,True,False,0.252519,0.65,0.252519,0.65,0.00010130949915337909,0.65,0.5,,2.2551405187698492e-17
controller_tick,1495,149500000,149.5,simulation,0.541099154304108,0.541099154304108,1495,149.5,149.5,0.0,True,False,0.252452,0.65,0.252452,0.65,0.0001012807696504532,0.65,0.5,,1.734723475976807e-17
controller_tick,1496,149600000,149.6,simulation,0.5410391218664031,0.5410391218664031,1496,149.6,149.6,0.0,True,False,0.252386,0.65,0.252386,0.65,0.00010125222376400765,0.65,0.5,,1.5612511283791264e-17
controller_tick,1497,149700000,149.7,simulation,0.5409790471160715,0.5409790471160715,1497,149.7,149.7,0.0,True,False,0.25232,0.65,0.25232,0.65,0.00010122388208565684,0.65,0.5,,1.734723475976807e-17
controller_tick,1498,149800000,149.8,simulation,0.5409189304527995,0.5409189304527995,1498,149.8,149.8,0.0,True,False,0.252255,0.65,0.252255,0.65,0.00010119572518243122,0.65,0.5,,8.673617379884035e-18
controller_tick,1499,149900000,149.9,simulation,0.5408587722778937,0.5408587722778937,1499,149.9,149.9,0.0,True,False,0.25219,0.65,0.25219,0.65,0.00010116777353568557,0.65,0.5,,5.204170427930421e-18
controller_tick,1500,150000000,150.0,simulation,0.540798572992845,0.540798572992845,1500,150.0,150.0,0.0,True,False,0.252125,0.65,0.252125,0.65,0.00010114000761268331,0.65,0.5,,8.673617379884035e-18
controller_tick,1501,150100000,150.1,simulation,0.5407383329618776,0.5407383329618776,1501,150.1,150.1,0.0,True,False,0.252063,0.65,0.252063,0.65,0.00010111240973947347,0.65,0.5,,1.5612511283791264e-17
controller_tick,1502,150200000,150.2,simulation,0.5406780526315837,0.5406780526315837,1502,150.2,150.2,0.0,True,False,0.251999,0.65,0.251999,0.65,0.00010108507811910228,0.65,0.5,,2.2551405187698492e-17
controller_tick,1503,150300000,150.3,simulation,0.5406177324418503,0.5406177324418503,1503,150.3,150.3,0.0,True,False,0.251936,0.65,0.251936,0.65,0.00010105791128419657,0.65,0.5,,2.0816681711721685e-17
controller_tick,1504,150400000,150.4,simulation,0.5405573727554536,0.5405573727554536,1504,150.4,150.4,0.0,True,False,0.251875,0.65,0.251875,0.65,0.00010103093161837878,0.65,0.5,,1.9081958235744878e-17
controller_tick,1505,150500000,150.5,simulation,0.5404969740163761,0.5404969740163761,1505,150.5,150.5,0.0,True,False,0.251812,0.65,0.251812,0.65,0.00010100419744022081,0.65,0.5,,1.734723475976807e-17
controller_tick,1506,150600000,150.6,simulation,0.5404365366246909,0.5404365366246909,1506,150.6,150.6,0.0,True,False,0.25175,0.65,0.25175,0.65,0.00010097760925841751,0.65,0.5,,2.0816681711721685e-17
controller_tick,1507,150700000,150.7,simulation,0.5403760609071305,0.5403760609071305,1507,150.7,150.7,0.0,True,False,0.25169,0.65,0.25169,0.65,0.00010095119124461163,0.65,0.5,,1.0408340855860843e-17
controller_tick,1508,150800000,150.8,simulation,0.540315547275045,0.540315547275045,1508,150.8,150.8,0.0,True,False,0.251629,0.65,0.251629,0.65,0.00010092500333524271,0.65,0.5,,8.673617379884035e-18
controller_tick,1509,150900000,150.9,simulation,0.540254996137658,0.540254996137658,1509,150.9,150.9,0.0,True,False,0.25157,0.65,0.25157,0.65,0.00010089898556794565,0.65,0.5,,6.938893903907228e-18
controller_tick,1510,151000000,151.0,simulation,0.5401944079060744,0.5401944079060744,1510,151.0,151.0,0.0,True,False,0.251512,0.65,0.251512,0.65,0.00010087319788162716,0.65,0.5,,1.734723475976807e-18
controller_tick,1511,151100000,151.1,simulation,0.5401337830666696,0.5401337830666696,1511,151.1,151.1,0.0,True,False,0.251451,0.65,0.251451,0.65,0.00010084765644622002,0.65,0.5,,0.0
controller_tick,1512,151200000,151.2,simulation,0.5400731219816892,0.5400731219816892,1512,151.2,151.2,0.0,True,False,0.251394,0.65,0.251394,0.65,0.00010082222363275337,0.65,0.5,,1.734723475976807e-18
controller_tick,1513,151300000,151.3,simulation,0.540012425022256,0.540012425022256,1513,151.3,151.3,0.0,True,False,0.251337,0.65,0.251337,0.65,0.00010079704136461401,0.65,0.5,,8.673617379884035e-18
controller_tick,1514,151400000,151.4,simulation,0.5399516926747017,0.5399516926747017,1514,151.4,151.4,0.0,True,False,0.251277,0.65,0.251277,0.65,0.00010077208579926169,0.65,0.5,,8.673617379884035e-18
controller_tick,1515,151500000,151.5,simulation,0.5398909252637805,0.5398909252637805,1515,151.5,151.5,0.0,True,False,0.25122,0.65,0.25122,0.65,0.00010074722116797554,0.65,0.5,,1.0408340855860843e-17
controller_tick,1516,151600000,151.6,simulation,0.5398301230879758,0.5398301230879758,1516,151.6,151.6,0.0,True,False,0.251164,0.65,0.251164,0.65,0.00010072255301233336,0.65,0.5,,1.3877787807814457e-17
controller_tick,1517,151700000,151.7,simulation,0.5397692865691558,0.5397692865691558,1517,151.7,151.7,0.0,True,False,0.251109,0.65,0.251109,0.65,0.00010069810070023837,0.65,0.5,,1.9081958235744878e-17
controller_tick,1518,151800000,151.8,simulation,0.5397084161659446,0.5397084161659446,1518,151.8,151.8,0.0,True,False,0.251054,0.65,0.251054,0.65,0.0001006738817564941,0.65,0.5,,1.9081958235744878e-17
controller_tick,1519,151900000,151.9,simulation,0.5396475123315104,0.5396475123315104,1519,151.9,151.9,0.0,True,False,0.250996,0.65,0.250996,0.65,0.00010064987397316575,0.65,0.5,,2.0816681711721685e-17
controller_tick,1520,152000000,152.0,simulation,0.5395865753605624,0.5395865753605624,1520,152.0,152.0,0.0,True,False,0.250941,0.65,0.250941,0.65,0.0001006259430605846,0.65,0.5,,1.5612511283791264e-17
controller_tick,1521,152100000,152.1,simulation,0.5395256055243612,0.5395256055243612,1521,152.1,152.1,0.0,True,False,0.250887,0.65,0.250887,0.65,0.0001006021958986302,0.65,0.5,,1.3877787807814457e-17
controller_tick,1522,152200000,152.2,simulation,0.5394646032201049,0.5394646032201049,1522,152.2,152.2,0.0,True,False,0.250833,0.65,0.250833,0.65,0.00010057865306615126,0.65,0.5,,3.469446951953614e-18
controller_tick,1523,152300000,152.3,simulation,0.5394035688453623,0.5394035688453623,1523,152.3,152.3,0.0,True,False,0.25078,0.65,0.25078,0.65,0.00010055529511862732,0.65,0.5,,6.938893903907228e-18
controller_tick,1524,152400000,152.4,simulation,0.5393425027992998,0.5393425027992998,1524,152.4,152.4,0.0,True,False,0.250727,0.65,0.250727,0.65,0.00010053214252696148,0.65,0.5,,8.673617379884035e-18
controller_tick,1525,152500000,152.5,simulation,0.5392814054812488,0.5392814054812488,1525,152.5,152.5,0.0,True,False,0.250677,0.65,0.250677,0.65,0.00010050917574896007,0.65,0.5,,1.0408340855860843e-17
controller_tick,1526,152600000,152.6,simulation,0.5392202773693442,0.5392202773693442,1526,152.6,152.6,0.0,True,False,0.250625,0.65,0.250625,0.65,0.00010048649129721336,0.65,0.5,,1.0408340855860843e-17
controller_tick,1527,152700000,152.7,simulation,0.5391591189317906,0.5391591189317906,1527,152.7,152.7,0.0,True,False,0.250573,0.65,0.250573,0.65,0.00010046398617476046,0.65,0.5,,1.3877787807814457e-17
controller_tick,1528,152800000,152.8,simulation,0.5390979305180675,0.5390979305180675,1528,152.8,152.8,0.0,True,False,0.250521,0.65,0.250521,0.65,0.0001004416433161627,0.65,0.5,,1.734723475976807e-17
controller_tick,1529,152900000,152.9,simulation,0.5390367124450953,0.5390367124450953,1529,152.9,152.9,0.0,True,False,0.25047,0.65,0.25047,0.65,0.0001004194472799727,0.65,0.5,,1.214306433183765e-17
controller_tick,1530,153000000,153.0,simulation,0.538975465039029,0.538975465039029,1530,153.0,153.0,0.0,True,False,0.250422,0.65,0.250422,0.65,0.00010039742215922385,0.65,0.5,,1.734723475976807e-18
controller_tick,1531,153100000,153.1,simulation,0.5389141887491882,0.5389141887491882,1531,153.1,153.1,0.0,True,False,0.250372,0.65,0.250372,0.65,0.0001003756658842598,0.65,0.5,,0.0
controller_tick,1532,153200000,153.2,simulation,0.5388528840176662,0.5388528840176662,1532,153.2,153.2,0.0,True,False,0.250322,0.65,0.250322,0.65,0.00010035407674095595,0.65,0.5,,-5.204170427930421e-18
controller_tick,1533,153300000,153.3,simulation,0.5387915511702791,0.5387915511702791,1533,153.3,153.3,0.0,True,False,0.250272,0.65,0.250272,0.65,0.00010033263882463199,0.65,0.5,,-3.469446951953614e-18
controller_tick,1534,153400000,153.4,simulation,0.5387301905024984,0.5387301905024984,1534,153.4,153.4,0.0,True,False,0.250225,0.65,0.250225,0.65,0.00010031133774413806,0.65,0.5,,0.0
controller_tick,1535,153500000,153.5,simulation,0.5386688023984266,0.5386688023984266,1535,153.5,153.5,0.0,True,False,0.250176,0.65,0.250176,0.65,0.0001002902746729216,0.65,0.5,,-3.469446951953614e-18
controller_tick,1536,153600000,153.6,simulation,0.5386073872411284,0.5386073872411284,1536,153.6,153.6,0.0,True,False,0.250131,0.65,0.250131,0.65,0.0001002693508313397,0.65,0.5,,-1.734723475976807e-18
controller_tick,1537,153700000,153.7,simulation,0.5385459454577741,0.5385459454577741,1537,153.7,153.7,0.0,True,False,0.250083,0.65,0.250083,0.65,0.00010024870523007195,0.65,0.5,,-6.938893903907228e-18
controller_tick,1538,153800000,153.8,simulation,0.5384844774690979,0.5384844774690979,1538,153.8,153.8,0.0,True,False,0.250038,0.65,0.250038,0.65,0.00010022819719595332,0.65,0.5,,-6.938893903907228e-18
controller_tick,1539,153900000,153.9,simulation,0.5384229836602065,0.5384229836602065,1539,153.9,153.9,0.0,True,False,0.24999,0.65,0.24999,0.65,0.00010020792783283705,0.65,0.5,,-3.469446951953614e-18
controller_tick,1540,154000000,154.0,simulation,0.5383614643763394,0.5383614643763394,1540,154.0,154.0,0.0,True,False,0.249946,0.65,0.249946,0.65,0.00010018776023307598,0.65,0.5,,-6.938893903907228e-18
controller_tick,1541,154100000,154.1,simulation,0.5382999199729892,0.5382999199729892,1541,154.1,154.1,0.0,True,False,0.249899,0.65,0.249899,0.65,0.0001001678369727376,0.65,0.5,,-1.0408340855860843e-17
controller_tick,1542,154200000,154.2,simulation,0.5382383508060147,0.5382383508060147,1542,154.2,154.2,0.0,True,False,0.249856,0.65,0.249856,0.65,0.00010014802060475323,0.65,0.5,,-1.3877787807814457e-17
controller_tick,1543,154300000,154.3,simulation,0.5381767572404983,0.5381767572404983,1543,154.3,154.3,0.0,True,False,0.24981,0.65,0.24981,0.65,0.0001001284532171016,0.65,0.5,,-1.214306433183765e-17
controller_tick,1544,154400000,154.4,simulation,0.5381151396409574,0.5381151396409574,1544,154.4,154.4,0.0,True,False,0.249767,0.65,0.249767,0.65,0.00010010899692107305,0.65,0.5,,-1.0408340855860843e-17
controller_tick,1545,154500000,154.5,simulation,0.5380534983415943,0.5380534983415943,1545,154.5,154.5,0.0,True,False,0.249725,0.65,0.249725,0.65,0.00010008975534000023,0.65,0.5,,-1.214306433183765e-17
controller_tick,1546,154600000,154.6,simulation,0.537991833796336,0.537991833796336,1546,154.6,154.6,0.0,True,False,0.24968,0.65,0.24968,0.65,0.00010007074610608637,0.65,0.5,,-1.9081958235744878e-17
controller_tick,1547,154700000,154.7,simulation,0.5379301463377696,0.5379301463377696,1547,154.7,154.7,0.0,True,False,0.249638,0.65,0.249638,0.65,0.00010005183291347755,0.65,0.5,,-2.42861286636753e-17
controller_tick,1548,154800000,154.8,simulation,0.5378684362711872,0.5378684362711872,1548,154.8,154.8,0.0,True,False,0.249597,0.65,0.249597,0.65,0.00010003312081773354,0.65,0.5,,-2.2551405187698492e-17
controller_tick,1549,154900000,154.9,simulation,0.5378067040243378,0.5378067040243378,1549,154.9,154.9,0.0,True,False,0.249553,0.65,0.249553,0.65,0.00010001462874699026,0.65,0.5,,-2.6020852139652106e-17
controller_tick,1550,155000000,155.0,simulation,0.5377449499061034,0.5377449499061034,1550,155.0,155.0,0.0,True,False,0.249513,0.65,0.249513,0.65,9.99962215680022e-05,0.65,0.5,,-3.642919299551295e-17
controller_tick,1551,155100000,155.1,simulation,0.5376831742390044,0.5376831742390044,1551,155.1,155.1,0.0,True,False,0.249472,0.65,0.249472,0.65,9.997804346238187e-05,0.65,0.5,,-3.8163916471489756e-17
controller_tick,1552,155200000,155.2,simulation,0.5376213774263825,0.5376213774263825,1552,155.2,155.2,0.0,True,False,0.249433,0.65,0.249433,0.65,9.996003456588337e-05,0.65,0.5,,-3.8163916471489756e-17
controller_tick,1553,155300000,155.3,simulation,0.5375595598736485,0.5375595598736485,1553,155.3,155.3,0.0,True,False,0.24939,0.65,0.24939,0.65,9.994225490619533e-05,0.65,0.5,,-4.336808689942018e-17
controller_tick,1554,155400000,155.4,simulation,0.5374977218681719,0.5374977218681719,1554,155.4,155.4,0.0,True,False,0.249351,0.65,0.249351,0.65,9.992453040841985e-05,0.65,0.5,,-4.85722573273506e-17
controller_tick,1555,155500000,155.5,simulation,0.5374358636755556,0.5374358636755556,1555,155.5,155.5,0.0,True,False,0.249313,0.65,0.249313,0.65,9.990700808333805e-05,0.65,0.5,,-3.8163916471489756e-17
controller_tick,1556,155600000,155.6,simulation,0.5373739857250139,0.5373739857250139,1556,155.6,155.6,0.0,True,False,0.249275,0.65,0.249275,0.65,9.988970675670719e-05,0.65,0.5,,-4.336808689942018e-17
controller_tick,1557,155700000,155.7,simulation,0.5373120884427874,0.5373120884427874,1557,155.7,155.7,0.0,True,False,0.249237,0.65,0.249237,0.65,9.987260539774406e-05,0.65,0.5,,-3.8163916471489756e-17
controller_tick,1558,155800000,155.8,simulation,0.5372501722149919,0.5372501722149919,1558,155.8,155.8,0.0,True,False,0.249199,0.65,0.249199,0.65,9.985568497700906e-05,0.65,0.5,,-3.2959746043559335e-17
controller_tick,1559,155900000,155.9,simulation,0.5371882373914367,0.5371882373914367,1559,155.9,155.9,0.0,True,False,0.249162,0.65,0.249162,0.65,9.983892827595326e-05,0.65,0.5,,-3.469446951953614e-17
controller_tick,1560,156000000,156.0,simulation,0.5371262843277761,0.5371262843277761,1560,156.0,156.0,0.0,True,False,0.249125,0.65,0.249125,0.65,9.982235777962204e-05,0.65,0.5,,-3.8163916471489756e-17
controller_tick,1561,156100000,156.1,simulation,0.5370643133836718,0.5370643133836718,1561,156.1,156.1,0.0,True,False,0.249089,0.65,0.249089,0.65,9.980595576829305e-05,0.65,0.5,,-3.469446951953614e-17
controller_tick,1562,156200000,156.2,simulation,0.537002324923674,0.537002324923674,1562,156.2,156.2,0.0,True,False,0.249053,0.65,0.249053,0.65,9.978974427353124e-05,0.65,0.5,,-3.469446951953614e-17
controller_tick,1563,156300000,156.3,simulation,0.5369403193154755,0.5369403193154755,1563,156.3,156.3,0.0,True,False,0.249017,0.65,0.249017,0.65,9.977370516528815e-05,0.65,0.5,,-3.469446951953614e-17
controller_tick,1564,156400000,156.4,simulation,0.5368782968921785,0.5368782968921785,1564,156.4,156.4,0.0,True,False,0.248982,0.65,0.248982,0.65,9.975782203881758e-05,0.65,0.5,,-3.469446951953614e-17
controller_tick,1565,156500000,156.5,simulation,0.5368162579942826,0.5368162579942826,1565,156.5,156.5,0.0,True,False,0.248947,0.65,0.248947,0.65,9.974211811552411e-05,0.65,0.5,,-3.642919299551295e-17
controller_tick,1566,156600000,156.6,simulation,0.5367542029676999,0.5367542029676999,1566,156.6,156.6,0.0,True,False,0.248913,0.65,0.248913,0.65,9.97265763419707e-05,0.65,0.5,,-3.9898639947466563e-17
controller_tick,1567,156700000,156.7,simulation,0.5366921321645024,0.5366921321645024,1567,156.7,156.7,0.0,True,False,0.248878,0.65,0.248878,0.65,9.971121935260221e-05,0.65,0.5,,-3.9898639947466563e-17
controller_tick,1568,156800000,156.8,simulation,0.5366300459023583,0.5366300459023583,1568,156.8,156.8,0.0,True,False,0.248845,0.65,0.248845,0.65,9.969599149784571e-05,0.65,0.5,,-3.8163916471489756e-17
controller_tick,1569,156900000,156.9,simulation,0.536567944509046,0.536567944509046,1569,156.9,156.9,0.0,True,False,0.248811,0.65,0.248811,0.65,9.968095661898367e-05,0.65,0.5,,-3.2959746043559335e-17
controller_tick,1570,157000000,157.0,simulation,0.5365058283176669,0.5365058283176669,1570,157.0,157.0,0.0,True,False,0.248778,0.65,0.248778,0.65,9.966605828689894e-05,0.65,0.5,,-2.7755575615628914e-17
controller_tick,1571,157100000,157.1,simulation,0.5364436976312493,0.5364436976312493,1571,157.1,157.1,0.0,True,False,0.248745,0.65,0.248745,0.65,9.965132157248041e-05,0.65,0.5,,-1.734723475976807e-17
controller_tick,1572,157200000,157.2,simulation,0.5363815527617622,0.5363815527617622,1572,157.2,157.2,0.0,True,False,0.248713,0.65,0.248713,0.65,9.963673109577368e-05,0.65,0.5,,-1.0408340855860843e-17
controller_tick,1573,157300000,157.3,simulation,0.5363193940305274,0.5363193940305274,1573,157.3,157.3,0.0,True,False,0.248684,0.65,0.248684,0.65,9.962231100545327e-05,0.65,0.5,,-1.214306433183765e-17
controller_tick,1574,157400000,157.4,simulation,0.5362572218821369,0.5362572218821369,1574,157.4,157.4,0.0,True,False,0.248653,0.65,0.248653,0.65,9.960815928220911e-05,0.65,0.5,,-6.938893903907228e-18
controller_tick,1575,157500000,157.5,simulation,0.5361950367540527,0.5361950367540527,1575,157.5,157.5,0.0,True,False,0.248622,0.65,0.248622,0.65,9.959417425747176e-05,0.65,0.5,,-1.214306433183765e-17
controller_tick,1576,157600000,157.6,simulation,0.5361328389675468,0.5361328389675468,1576,157.6,157.6,0.0,True,False,0.248591,0.65,0.248591,0.65,9.958034006778087e-05,0.65,0.5,,-1.214306433183765e-17
controller_tick,1577,157700000,157.7,simulation,0.5360706288136249,0.5360706288136249,1577,157.7,157.7,0.0,True,False,0.24856,0.65,0.24856,0.65,9.956664235928397e-05,0.65,0.5,,-5.204170427930421e-18
controller_tick,1578,157800000,157.8,simulation,0.5360084065559066,0.5360084065559066,1578,157.8,157.8,0.0,True,False,0.248533,0.65,0.248533,0.65,9.955306814407826e-05,0.65,0.5,,-3.469446951953614e-18
controller_tick,1579,157900000,157.9,simulation,0.5359461725880171,0.5359461725880171,1579,157.9,157.9,0.0,True,False,0.248504,0.65,0.248504,0.65,9.953975793035443e-05,0.65,0.5,,-5.204170427930421e-18
controller_tick,1580,158000000,158.0,simulation,0.535883927338698,0.535883927338698,1580,158.0,158.0,0.0,True,False,0.248474,0.65,0.248474,0.65,9.952661046498426e-05,0.65,0.5,,5.204170427930421e-18
controller_tick,1581,158100000,158.1,simulation,0.5358216710825969,0.5358216710825969,1581,158.1,158.1,0.0,True,False,0.248445,0.65,0.248445,0.65,9.951357219538142e-05,0.65,0.5,,-5.204170427930421e-18
controller_tick,1582,158200000,158.2,simulation,0.5357594040697764,0.5357594040697764,1582,158.2,158.2,0.0,True,False,0.24842,0.65,0.24842,0.65,9.950067079522753e-05,0.65,0.5,,-3.469446951953614e-18
controller_tick,1583,158300000,158.3,simulation,0.5356971267189903,0.5356971267189903,1583,158.3,158.3,0.0,True,False,0.248392,0.65,0.248392,0.65,9.948804549980357e-05,0.65,0.5,,-1.734723475976807e-18
controller_tick,1584,158400000,158.4,simulation,0.5356348394429848,0.5356348394429848,1584,158.4,158.4,0.0,True,False,0.248364,0.65,0.248364,0.65,9.947555583917221e-05,0.65,0.5,,3.469446951953614e-18
controller_tick,1585,158500000,158.5,simulation,0.5355725425031783,0.5355725425031783,1585,158.5,158.5,0.0,True,False,0.248336,0.65,0.248336,0.65,9.946318890597637e-05,0.65,0.5,,6.938893903907228e-18
controller_tick,1586,158600000,158.6,simulation,0.5355102361363625,0.5355102361363625,1586,158.6,158.6,0.0,True,False,0.248312,0.65,0.248312,0.65,9.945093302115642e-05,0.65,0.5,,-5.204170427930421e-18
controller_tick,1587,158700000,158.7,simulation,0.5354479207118319,0.5354479207118319,1587,158.7,158.7,0.0,True,False,0.248286,0.65,0.248286,0.65,9.943892987719332e-05,0.65,0.5,,-3.469446951953614e-18
controller_tick,1588,158800000,158.8,simulation,0.535385596636257,0.535385596636257,1588,158.8,158.8,0.0,True,False,0.248259,0.65,0.248259,0.65,9.942707929254898e-05,0.65,0.5,,-1.214306433183765e-17
controller_tick,1589,158900000,158.9,simulation,0.5353232641642588,0.5353232641642588,1589,158.9,158.9,0.0,True,False,0.248236,0.65,0.248236,0.65,9.941532868425196e-05,0.65,0.5,,-1.5612511283791264e-17
controller_tick,1590,159000000,159.0,simulation,0.5352609236438116,0.5352609236438116,1590,159.0,159.0,0.0,True,False,0.248211,0.65,0.248211,0.65,9.940382079842605e-05,0.65,0.5,,-8.673617379884035e-18
controller_tick,1591,159100000,159.1,simulation,0.5351985754622762,0.5351985754622762,1591,159.1,159.1,0.0,True,False,0.248186,0.65,0.248186,0.65,9.939245640690863e-05,0.65,0.5,,-5.204170427930421e-18
controller_tick,1592,159200000,159.2,simulation,0.5351362198954789,0.5351362198954789,1592,159.2,159.2,0.0,True,False,0.248164,0.65,0.248164,0.65,9.93812218544108e-05,0.65,0.5,,-1.0408340855860843e-17
controller_tick,1593,159300000,159.3,simulation,0.5350738573092816,0.5350738573092816,1593,159.3,159.3,0.0,True,False,0.248139,0.65,0.248139,0.65,9.937021898021457e-05,0.65,0.5,,-1.734723475976807e-17
controller_tick,1594,159400000,159.4,simulation,0.5350114880310823,0.5350114880310823,1594,159.4,159.4,0.0,True,False,0.248118,0.65,0.248118,0.65,9.935931154211624e-05,0.65,0.5,,-1.734723475976807e-17
controller_tick,1595,159500000,159.5,simulation,0.5349491123998016,0.5349491123998016,1595,159.5,159.5,0.0,True,False,0.248095,0.65,0.248095,0.65,9.934864271830143e-05,0.65,0.5,,-2.0816681711721685e-17
controller_tick,1596,159600000,159.6,simulation,0.534886730794571,0.534886730794571,1596,159.6,159.6,0.0,True,False,0.248071,0.65,0.248071,0.65,9.933811367155328e-05,0.65,0.5,,-2.0816681711721685e-17
controller_tick,1597,159700000,159.7,simulation,0.5348243434450375,0.5348243434450375,1597,159.7,159.7,0.0,True,False,0.248051,0.65,0.248051,0.65,9.932767303529243e-05,0.65,0.5,,-1.5612511283791264e-17
controller_tick,1598,159800000,159.8,simulation,0.5347619506765217,0.5347619506765217,1598,159.8,159.8,0.0,True,False,0.248029,0.65,0.248029,0.65,9.931746465627979e-05,0.65,0.5,,-1.214306433183765e-17
controller_tick,1599,159900000,159.9,simulation,0.5346995528558309,0.5346995528558309,1599,159.9,159.9,0.0,True,False,0.248007,0.65,0.248007,0.65,9.930739030225036e-05,0.65,0.5,,-1.214306433183765e-17
controller_tick,1600,160000000,160.0,simulation,0.5346371502401382,0.5346371502401382,1600,160.0,160.0,0.0,True,False,0.247988,0.65,0.247988,0.65,9.929743721904071e-05,0.65,0.5,,-1.3877787807814457e-17
controller_tick,1601,160100000,160.1,simulation,0.5345747431783714,0.5345747431783714,1601,160.1,160.1,0.0,True,False,0.247966,0.65,0.247966,0.65,9.928770806130483e-05,0.65,0.5,,-1.3877787807814457e-17
controller_tick,1602,160200000,160.2,simulation,0.5345123319825498,0.5345123319825498,1602,160.2,160.2,0.0,True,False,0.247948,0.65,0.247948,0.65,9.927806732461815e-05,0.65,0.5,,-8.673617379884035e-18
controller_tick,1603,160300000,160.3,simulation,0.5344499169776228,0.5344499169776228,1603,160.3,160.3,0.0,True,False,0.247928,0.65,0.247928,0.65,9.926865885473645e-05,0.65,0.5,,-6.938893903907228e-18
controller_tick,1604,160400000,160.4,simulation,0.534387498530025,0.534387498530025,1604,160.4,160.4,0.0,True,False,0.24791,0.65,0.24791,0.65,9.925938441848529e-05,0.65,0.5,,-1.3877787807814457e-17
controller_tick,1605,160500000,160.5,simulation,0.5343250769739468,0.5343250769739468,1605,160.5,160.5,0.0,True,False,0.24789,0.65,0.24789,0.65,9.92503073909439e-05,0.65,0.5,,-2.2551405187698492e-17
controller_tick,1606,160600000,160.6,simulation,0.5342626526093168,0.5342626526093168,1606,160.6,160.6,0.0,True,False,0.247871,0.65,0.247871,0.65,9.92413328561242e-05,0.65,0.5,,-2.7755575615628914e-17
controller_tick,1607,160700000,160.7,simulation,0.5342002256714523,0.5342002256714523,1607,160.7,160.7,0.0,True,False,0.247854,0.65,0.247854,0.65,9.923248912558692e-05,0.65,0.5,,-2.949029909160572e-17
controller_tick,1608,160800000,160.8,simulation,0.5341377964881869,0.5341377964881869,1608,160.8,160.8,0.0,True,False,0.247836,0.65,0.247836,0.65,9.922383988172438e-05,0.65,0.5,,-3.8163916471489756e-17
controller_tick,1609,160900000,160.9,simulation,0.5340753653923749,0.5340753653923749,1609,160.9,160.9,0.0,True,False,0.24782,0.65,0.24782,0.65,9.921532855164969e-05,0.65,0.5,,-3.2959746043559335e-17
controller_tick,1610,161000000,161.0,simulation,0.5340129327252183,0.5340129327252183,1610,161.0,161.0,0.0,True,False,0.247802,0.65,0.247802,0.65,9.920701814119627e-05,0.65,0.5,,-3.469446951953614e-17
controller_tick,1611,161100000,161.1,simulation,0.533950498792953,0.533950498792953,1611,161.1,161.1,0.0,True,False,0.247787,0.65,0.247787,0.65,9.919881340026862e-05,0.65,0.5,,-3.2959746043559335e-17
controller_tick,1612,161200000,161.2,simulation,0.5338880639139584,0.5338880639139584,1612,161.2,161.2,0.0,True,False,0.24777,0.65,0.24777,0.65,9.91908184681802e-05,0.65,0.5,,-3.2959746043559335e-17
controller_tick,1613,161300000,161.3,simulation,0.5338256284112344,0.5338256284112344,1613,161.3,161.3,0.0,True,False,0.247753,0.65,0.247753,0.65,9.918293724891457e-05,0.65,0.5,,-2.6020852139652106e-17
controller_tick,1614,161400000,161.4,simulation,0.533763192502222,0.533763192502222,1614,161.4,161.4,0.0,True,False,0.24774,0.65,0.24774,0.65,9.917515892126593e-05,0.65,0.5,,-2.949029909160572e-17
controller_tick,1615,161500000,161.5,simulation,0.5337007565385018,0.5337007565385018,1615,161.5,161.5,0.0,True,False,0.247723,0.65,0.247723,0.65,9.916762595393346e-05,0.65,0.5,,-2.6020852139652106e-17
controller_tick,1616,161600000,161.6,simulation,0.5336383208331187,0.5336383208331187,1616,161.6,161.6,0.0,True,False,0.247711,0.65,0.247711,0.65,9.916016273766482e-05,0.65,0.5,,-2.7755575615628914e-17
controller_tick,1617,161700000,161.7,simulation,0.53357588571312,0.53357588571312,1617,161.7,161.7,0.0,True,False,0.247695,0.65,0.247695,0.65,9.915295295993262e-05,0.65,0.5,,-2.42861286636753e-17
controller_tick,1618,161800000,161.8,simulation,0.5335134515067677,0.5335134515067677,1618,161.8,161.8,0.0,True,False,0.247683,0.65,0.247683,0.65,9.914582024274024e-05,0.65,0.5,,-1.9081958235744878e-17
controller_tick,1619,161900000,161.9,simulation,0.5334510185161631,0.5334510185161631,1619,161.9,161.9,0.0,True,False,0.247668,0.65,0.247668,0.65,9.913890951293885e-05,0.65,0.5,,-2.6020852139652106e-17
controller_tick,1620,162000000,162.0,simulation,0.5333885870482588,0.5333885870482588,1620,162.0,162.0,0.0,True,False,0.247654,0.65,0.247654,0.65,9.913208545053682e-05,0.65,0.5,,-2.949029909160572e-17
controller_tick,1621,162100000,162.1,simulation,0.5333261573072008,0.5333261573072008,1621,162.1,162.1,0.0,True,False,0.247643,0.65,0.247643,0.65,9.912537787307345e-05,0.65,0.5,,-2.42861286636753e-17
controller_tick,1622,162200000,162.2,simulation,0.5332637296312212,0.5332637296312212,1622,162.2,162.2,0.0,True,False,0.247629,0.65,0.247629,0.65,9.911888989063955e-05,0.65,0.5,,-2.6020852139652106e-17
controller_tick,1623,162300000,162.3,simulation,0.5332013043225122,0.5332013043225122,1623,162.3,162.3,0.0,True,False,0.247619,0.65,0.247619,0.65,9.911248641090679e-05,0.65,0.5,,-2.2551405187698492e-17
controller_tick,1624,162400000,162.4,simulation,0.533138881696983,0.533138881696983,1624,162.4,162.4,0.0,True,False,0.247606,0.65,0.247606,0.65,9.910631165251107e-05,0.65,0.5,,-2.7755575615628914e-17
controller_tick,1625,162500000,162.5,simulation,0.5330764620740426,0.5330764620740426,1625,162.5,162.5,0.0,True,False,0.247597,0.65,0.247597,0.65,9.910022965464109e-05,0.65,0.5,,-2.7755575615628914e-17
controller_tick,1626,162600000,162.6,simulation,0.5330140457851595,0.5330140457851595,1626,162.6,162.6,0.0,True,False,0.247585,0.65,0.247585,0.65,9.90943838500968e-05,0.65,0.5,,-2.949029909160572e-17
controller_tick,1627,162700000,162.7,simulation,0.5329516331638031,0.5329516331638031,1627,162.7,162.7,0.0,True,False,0.247573,0.65,0.247573,0.65,9.908863756701318e-05,0.65,0.5,,-2.6020852139652106e-17
controller_tick,1628,162800000,162.8,simulation,0.5328892243993609,0.5328892243993609,1628,162.8,162.8,0.0,True,False,0.247565,0.65,0.247565,0.65,9.908298133467105e-05,0.65,0.5,,-2.42861286636753e-17
controller_tick,1629,162900000,162.9,simulation,0.532826819817936,0.532826819817936,1629,162.9,162.9,0.0,True,False,0.247554,0.65,0.247554,0.65,9.907755884374049e-05,0.65,0.5,,-2.42861286636753e-17
controller_tick,1630,163000000,163.0,simulation,0.532764419748124,0.532764419748124,1630,163.0,163.0,0.0,True,False,0.247546,0.65,0.247546,0.65,9.90722336556869e-05,0.65,0.5,,-2.2551405187698492e-17
controller_tick,1631,163100000,163.1,simulation,0.5327020244909728,0.5327020244909728,1631,163.1,163.1,0.0,True,False,0.247536,0.65,0.247536,0.65,9.906711070601562e-05,0.65,0.5,,-1.734723475976807e-17
controller_tick,1632,163200000,163.2,simulation,0.5326396343536691,0.5326396343536691,1632,163.2,163.2,0.0,True,False,0.247526,0.65,0.247526,0.65,9.906209461913448e-05,0.65,0.5,,-2.0816681711721685e-17
controller_tick,1633,163300000,163.3,simulation,0.5325772495392161,0.5325772495392161,1633,163.3,163.3,0.0,True,False,0.24752,0.65,0.24752,0.65,9.905717522570443e-05,0.65,0.5,,-2.949029909160572e-17
controller_tick,1634,163400000,163.4,simulation,0.5325148703859995,0.5325148703859995,1634,163.4,163.4,0.0,True,False,0.247511,0.65,0.247511,0.65,9.905249558425815e-05,0.65,0.5,,-2.7755575615628914e-17
controller_tick,1635,163500000,163.5,simulation,0.5324524972336914,0.5324524972336914,1635,163.5,163.5,0.0,True,False,0.247505,0.65,0.247505,0.65,9.904791868427949e-05,0.65,0.5,,-2.6020852139652106e-17
controller_tick,1636,163600000,163.6,simulation,0.5323901303933245,0.5323901303933245,1636,163.6,163.6,0.0,True,False,0.247497,0.65,0.247497,0.65,9.904354894372345e-05,0.65,0.5,,-2.949029909160572e-17
controller_tick,1637,163700000,163.7,simulation,0.5323277701810837,0.5323277701810837,1637,163.7,163.7,0.0,True,False,0.247489,0.65,0.247489,0.65,9.903929051869895e-05,0.65,0.5,,-3.469446951953614e-17
controller_tick,1638,163800000,163.8,simulation,0.5322654168080764,0.5322654168080764,1638,163.8,163.8,0.0,True,False,0.247484,0.65,0.247484,0.65,9.903513281613259e-05,0.65,0.5,,-3.469446951953614e-17
controller_tick,1639,163900000,163.9,simulation,0.5322030705812878,0.5322030705812878,1639,163.9,163.9,0.0,True,False,0.247477,0.65,0.247477,0.65,9.903118044611353e-05,0.65,0.5,,-3.469446951953614e-17
controller_tick,1640,164000000,164.0,simulation,0.5321407318132216,0.5321407318132216,1640,164.0,164.0,0.0,True,False,0.24747,0.65,0.24747,0.65,9.902733773860085e-05,0.65,0.5,,-3.469446951953614e-17
controller_tick,1641,164100000,164.1,simulation,0.5320784007116359,0.5320784007116359,1641,164.1,164.1,0.0,True,False,0.247467,0.65,0.247467,0.65,9.90235942578273e-05,0.65,0.5,,-3.469446951953614e-17
controller_tick,1642,164200000,164.2,simulation,0.5320160776191628,0.5320160776191628,1642,164.2,164.2,0.0,True,False,0.24746,0.65,0.24746,0.65,9.902009282125132e-05,0.65,0.5,,-3.122502256758253e-17
controller_tick,1643,164300000,164.3,simulation,0.531953762840565,0.531953762840565,1643,164.3,164.3,0.0,True,False,0.247455,0.65,0.247455,0.65,9.901665813519099e-05,0.65,0.5,,-3.469446951953614e-17
controller_tick,1644,164400000,164.4,simulation,0.5318914565791207,0.5318914565791207,1644,164.4,164.4,0.0,True,False,0.247452,0.65,0.247452,0.65,9.901335997756045e-05,0.65,0.5,,-3.2959746043559335e-17
controller_tick,1645,164500000,164.5,simulation,0.531829159170847,0.531829159170847,1645,164.5,164.5,0.0,True,False,0.247447,0.65,0.247447,0.65,9.901026148602739e-05,0.65,0.5,,-3.642919299551295e-17
controller_tick,1646,164600000,164.6,simulation,0.5317668709170454,0.5317668709170454,1646,164.6,164.6,0.0,True,False,0.247443,0.65,0.247443,0.65,9.900726752978486e-05,0.65,0.5,,-4.5102810375396984e-17
controller_tick,1647,164700000,164.7,simulation,0.5317045920539969,0.5317045920539969,1647,164.7,164.7,0.0,True,False,0.247439,0.65,0.247439,0.65,9.900440622601751e-05,0.65,0.5,,-4.5102810375396984e-17
controller_tick,1648,164800000,164.8,simulation,0.5316423228327354,0.5316423228327354,1648,164.8,164.8,0.0,True,False,0.247438,0.65,0.247438,0.65,9.900166495117329e-05,0.65,0.5,,-4.163336342344337e-17
controller_tick,1649,164900000,164.9,simulation,0.5315800635962988,0.5315800635962988,1649,164.9,164.9,0.0,True,False,0.247434,0.65,0.247434,0.65,9.899914647808832e-05,0.65,0.5,,-3.642919299551295e-17
controller_tick,1650,165000000,165.0,simulation,0.5315178146510423,0.5315178146510423,1650,165.0,165.0,0.0,True,False,0.247431,0.65,0.247431,0.65,9.899671540927357e-05,0.65,0.5,,-3.8163916471489756e-17
controller_tick,1651,165100000,165.1,simulation,0.531455576200367,0.531455576200367,1651,165.1,165.1,0.0,True,False,0.247428,0.65,0.247428,0.65,9.89944014921458e-05,0.65,0.5,,-2.6020852139652106e-17
controller_tick,1652,165200000,165.2,simulation,0.5313933484655372,0.5313933484655372,1652,165.2,165.2,0.0,True,False,0.247429,0.65,0.247429,0.65,9.899219357824799e-05,0.65,0.5,,-2.2551405187698492e-17
controller_tick,1653,165300000,165.3,simulation,0.531331131801332,0.531331131801332,1653,165.3,165.3,0.0,True,False,0.247427,0.65,0.247427,0.65,9.899023384017021e-05,0.65,0.5,,-1.214306433183765e-17
controller_tick,1654,165400000,165.4,simulation,0.5312689265621265,0.5312689265621265,1654,165.4,165.4,0.0,True,False,0.247425,0.65,0.247425,0.65,9.89883844657623e-05,0.65,0.5,,-1.3877787807814457e-17
controller_tick,1655,165500000,165.5,simulation,0.5312067329560392,0.5312067329560392,1655,165.5,165.5,0.0,True,False,0.247424,0.65,0.247424,0.65,9.898663495253248e-05,0.65,0.5,,-1.3877787807814457e-17
controller_tick,1656,165600000,165.6,simulation,0.5311445512098463,0.5311445512098463,1656,165.6,165.6,0.0,True,False,0.247423,0.65,0.247423,0.65,9.8985013862466e-05,0.65,0.5,,-1.0408340855860843e-17
controller_tick,1657,165700000,165.7,simulation,0.5310823815659262,0.5310823815659262,1657,165.7,165.7,0.0,True,False,0.247426,0.65,0.247426,0.65,9.898350897448304e-05,0.65,0.5,,-1.214306433183765e-17
controller_tick,1658,165800000,165.8,simulation,0.5310202243981256,0.5310202243981256,1658,165.8,165.8,0.0,True,False,0.247426,0.65,0.247426,0.65,9.898226149062445e-05,0.65,0.5,,-1.3877787807814457e-17
controller_tick,1659,165900000,165.9,simulation,0.5309580800780352,0.5309580800780352,1659,165.9,165.9,0.0,True,False,0.247426,0.65,0.247426,0.65,9.898113272055078e-05,0.65,0.5,,-1.5612511283791264e-17
controller_tick,1660,166000000,166.0,simulation,0.5308959488293136,0.5308959488293136,1660,166.0,166.0,0.0,True,False,0.247427,0.65,0.247427,0.65,9.898011136715177e-05,0.65,0.5,,-8.673617379884035e-18
controller_tick,1661,166100000,166.1,simulation,0.5308338308927611,0.5308338308927611,1661,166.1,166.1,0.0,True,False,0.247428,0.65,0.247428,0.65,9.897922527341207e-05,0.65,0.5,,-6.938893903907228e-18
controller_tick,1662,166200000,166.2,simulation,0.5307717265234088,0.5307717265234088,1662,166.2,166.2,0.0,True,False,0.247429,0.65,0.247429,0.65,9.897846156767327e-05,0.65,0.5,,-1.734723475976807e-18
controller_tick,1663,166300000,166.3,simulation,0.5307096359517292,0.5307096359517292,1663,166.3,166.3,0.0,True,False,0.247431,0.65,0.247431,0.65,9.897780860317723e-05,0.65,0.5,,-3.469446951953614e-18
controller_tick,1664,166400000,166.4,simulation,0.5306475594246708,0.5306475594246708,1664,166.4,166.4,0.0,True,False,0.247433,0.65,0.247433,0.65,9.89772939065341e-05,0.65,0.5,,-6.938893903907228e-18
controller_tick,1665,166500000,166.5,simulation,0.5305854972028082,0.5305854972028082,1665,166.5,166.5,0.0,True,False,0.247438,0.65,0.247438,0.65,9.897690431981804e-05,0.65,0.5,,-6.938893903907228e-18
controller_tick,1666,166600000,166.6,simulation,0.5305234496377006,0.5305234496377006,1666,166.6,166.6,0.0,True,False,0.247441,0.65,0.247441,0.65,9.897674213234368e-05,0.65,0.5,,-8.673617379884035e-18
controller_tick,1667,166700000,166.7,simulation,0.5304614170819977,0.5304614170819977,1667,166.7,166.7,0.0,True,False,0.247444,0.65,0.247444,0.65,9.897670957414649e-05,0.65,0.5,,-5.204170427930421e-18
controller_tick,1668,166800000,166.8,simulation,0.5303993997795969,0.5303993997795969,1668,166.8,166.8,0.0,True,False,0.247448,0.65,0.247448,0.65,9.897679430936975e-05,0.65,0.5,,-5.204170427930421e-18
controller_tick,1669,166900000,166.9,simulation,0.5303373979895567,0.5303373979895567,1669,166.9,166.9,0.0,True,False,0.247452,0.65,0.247452,0.65,9.897702324110152e-05,0.65,0.5,,-1.734723475976807e-18
controller_tick,1670,167000000,167.0,simulation,0.5302754119833717,0.5302754119833717,1670,167.0,167.0,0.0,True,False,0.247456,0.65,0.247456,0.65,9.897738264722972e-05,0.65,0.5,,-3.469446951953614e-18
controller_tick,1671,167100000,167.1,simulation,0.5302134420063566,0.5302134420063566,1671,167.1,167.1,0.0,True,False,0.247461,0.65,0.247461,0.65,9.897786011147393e-05,0.65,0.5,,3.469446951953614e-18
controller_tick,1672,167200000,167.2,simulation,0.5301514883188329,0.5301514883188329,1672,167.2,167.2,0.0,True,False,0.247466,0.65,0.247466,0.65,9.897848246415177e-05,0.65,0.5,,3.469446951953614e-18
controller_tick,1673,167300000,167.3,simulation,0.5300895511934203,0.5300895511934203,1673,167.3,167.3,0.0,True,False,0.247469,0.65,0.247469,0.65,9.897923591730582e-05,0.65,0.5,,1.734723475976807e-18
controller_tick,1674,167400000,167.4,simulation,0.5300276307990403,0.5300276307990403,1674,167.4,167.4,0.0,True,False,0.247474,0.65,0.247474,0.65,9.898003186501069e-05,0.65,0.5,,6.938893903907228e-18
controller_tick,1675,167500000,167.5,simulation,0.5299657272907381,0.5299657272907381,1675,167.5,167.5,0.0,True,False,0.247481,0.65,0.247481,0.65,9.898094239344078e-05,0.65,0.5,,6.938893903907228e-18
controller_tick,1676,167600000,167.6,simulation,0.5299038409607021,0.5299038409607021,1676,167.6,167.6,0.0,True,False,0.247487,0.65,0.247487,0.65,9.898203272886398e-05,0.65,0.5,,1.5612511283791264e-17
controller_tick,1677,167700000,167.7,simulation,0.5298419721090859,0.5298419721090859,1677,167.7,167.7,0.0,True,False,0.247494,0.65,0.247494,0.65,9.898324769534981e-05,0.65,0.5,,1.0408340855860843e-17
controller_tick,1678,167800000,167.8,simulation,0.529780121008361,0.529780121008361,1678,167.8,167.8,0.0,True,False,0.247501,0.65,0.247501,0.65,9.898461349771734e-05,0.65,0.5,,8.673617379884035e-18
controller_tick,1679,167900000,167.9,simulation,0.5297182879421035,0.5297182879421035,1679,167.9,167.9,0.0,True,False,0.247509,0.65,0.247509,0.65,9.89861157820346e-05,0.65,0.5,,3.469446951953614e-18
controller_tick,1680,168000000,168.0,simulation,0.5296564732051997,0.5296564732051997,1680,168.0,168.0,0.0,True,False,0.247517,0.65,0.247517,0.65,9.898777962535965e-05,0.65,0.5,,1.734723475976807e-18
controller_tick,1681,168100000,168.1,simulation,0.5295946771014888,0.5295946771014888,1681,168.1,168.1,0.0,True,False,0.247523,0.65,0.247523,0.65,9.898958965332019e-05,0.65,0.5,,3.469446951953614e-18
controller_tick,1682,168200000,168.2,simulation,0.5295328998280847,0.5295328998280847,1682,168.2,168.2,0.0,True,False,0.247531,0.65,0.247531,0.65,9.899145582454329e-05,0.65,0.5,,3.469446951953614e-18
controller_tick,1683,168300000,168.3,simulation,0.5294711415654872,0.5294711415654872,1683,168.3,168.3,0.0,True,False,0.247541,0.65,0.247541,0.65,9.899344892635668e-05,0.65,0.5,,3.469446951953614e-18
controller_tick,1684,168400000,168.4,simulation,0.5294094026288605,0.5294094026288605,1684,168.4,168.4,0.0,True,False,0.24755,0.65,0.24755,0.65,9.899563300978323e-05,0.65,0.5,,0.0
controller_tick,1685,168500000,168.5,simulation,0.529347683339092,0.529347683339092,1685,168.5,168.5,0.0,True,False,0.247557,0.65,0.247557,0.65,9.899795183548675e-05,0.65,0.5,,-8.673617379884035e-18
controller_tick,1686,168600000,168.6,simulation,0.5292859838712697,0.5292859838712697,1686,168.6,168.6,0.0,True,False,0.247567,0.65,0.247567,0.65,9.900031645097868e-05,0.65,0.5,,-1.734723475976807e-17
controller_tick,1687,168700000,168.7,simulation,0.5292243044246407,0.5292243044246407,1687,168.7,168.7,0.0,True,False,0.247578,0.65,0.247578,0.65,9.900283669388289e-05,0.65,0.5,,-1.734723475976807e-17
controller_tick,1688,168800000,168.8,simulation,0.5291626453300328,0.5291626453300328,1688,168.8,168.8,0.0,True,False,0.247586,0.65,0.247586,0.65,9.900553581932579e-05,0.65,0.5,,-2.0816681711721685e-17
controller_tick,1689,168900000,168.9,simulation,0.5291010068076621,0.5291010068076621,1689,168.9,168.9,0.0,True,False,0.247597,0.65,0.247597,0.65,9.900828260928477e-05,0.65,0.5,,-1.734723475976807e-17
controller_tick,1690,169000000,169.0,simulation,0.5290393890601574,0.5290393890601574,1690,169.0,169.0,0.0,True,False,0.247609,0.65,0.247609,0.65,9.901118672297977e-05,0.65,0.5,,-1.0408340855860843e-17
controller_tick,1691,169100000,169.1,simulation,0.5289777924213872,0.5289777924213872,1691,169.1,169.1,0.0,True,False,0.247618,0.65,0.247618,0.65,9.901427125411066e-05,0.65,0.5,,-6.938893903907228e-18
controller_tick,1692,169200000,169.2,simulation,0.5289162171143008,0.5289162171143008,1692,169.2,169.2,0.0,True,False,0.247631,0.65,0.247631,0.65,9.901740483859004e-05,0.65,0.5,,-8.673617379884035e-18
controller_tick,1693,169300000,169.3,simulation,0.5288546633826774,0.5288546633826774,1693,169.3,169.3,0.0,True,False,0.247641,0.65,0.247641,0.65,9.902073506850576e-05,0.65,0.5,,-8.673617379884035e-18
controller_tick,1694,169400000,169.4,simulation,0.5287931314802322,0.5287931314802322,1694,169.4,169.4,0.0,True,False,0.247654,0.65,0.247654,0.65,9.902412903547202e-05,0.65,0.5,,-1.0408340855860843e-17
controller_tick,1695,169500000,169.5,simulation,0.5287316216398679,0.5287316216398679,1695,169.5,169.5,0.0,True,False,0.247665,0.65,0.247665,0.65,9.902769486920487e-05,0.65,0.5,,-6.938893903907228e-18
controller_tick,1696,169600000,169.6,simulation,0.5286701341067207,0.5286701341067207,1696,169.6,169.6,0.0,True,False,0.247679,0.65,0.247679,0.65,9.903134008435348e-05,0.65,0.5,,-8.673617379884035e-18
controller_tick,1697,169700000,169.7,simulation,0.5286086691433457,0.5286086691433457,1697,169.7,169.7,0.0,True,False,0.24769,0.65,0.24769,0.65,9.903517132187572e-05,0.65,0.5,,-6.938893903907228e-18
controller_tick,1698,169800000,169.8,simulation,0.5285472269829952,0.5285472269829952,1698,169.8,169.8,0.0,True,False,0.247705,0.65,0.247705,0.65,9.903905668430386e-05,0.65,0.5,,-1.214306433183765e-17
controller_tick,1699,169900000,169.9,simulation,0.5284858078787336,0.5284858078787336,1699,169.9,169.9,0.0,True,False,0.247717,0.65,0.247717,0.65,9.904314328110323e-05,0.65,0.5,,-1.5612511283791264e-17
controller_tick,1700,170000000,170.0,simulation,0.5284244120926409,0.5284244120926409,1700,170.0,170.0,0.0,True,False,0.247732,0.65,0.247732,0.65,9.904729776719315e-05,0.65,0.5,,-1.214306433183765e-17
controller_tick,1701,170100000,170.1,simulation,0.528363039865151,0.528363039865151,1701,170.1,170.1,0.0,True,False,0.247745,0.65,0.247745,0.65,9.905162787715178e-05,0.65,0.5,,-1.0408340855860843e-17
controller_tick,1702,170200000,170.2,simulation,0.5283016914481777,0.5283016914481777,1702,170.2,170.2,0.0,True,False,0.247758,0.65,0.247758,0.65,9.905604076809278e-05,0.65,0.5,,-5.204170427930421e-18
controller_tick,1703,170300000,170.3,simulation,0.5282403669942831,0.5282403669942831,1703,170.3,170.3,0.0,True,False,0.247775,0.65,0.247775,0.65,9.906052856236411e-05,0.65,0.5,,-5.204170427930421e-18
controller_tick,1704,170400000,170.4,simulation,0.5281790667957842,0.5281790667957842,1704,170.4,170.4,0.0,True,False,0.247789,0.65,0.247789,0.65,9.90652363921026e-05,0.65,0.5,,-1.734723475976807e-18
controller_tick,1705,170500000,170.5,simulation,0.5281177911502408,0.5281177911502408,1705,170.5,170.5,0.0,True,False,0.247803,0.65,0.247803,0.65,9.907002912306671e-05,0.65,0.5,,0.0
controller_tick,1706,170600000,170.6,simulation,0.5280565402140651,0.5280565402140651,1706,170.6,170.6,0.0,True,False,0.247818,0.65,0.247818,0.65,9.907489867583661e-05,0.65,0.5,,6.938893903907228e-18
controller_tick,1707,170700000,170.7,simulation,0.5279953141669504,0.5279953141669504,1707,170.7,170.7,0.0,True,False,0.247836,0.65,0.247836,0.65,9.907987580488368e-05,0.65,0.5,,8.673617379884035e-18
controller_tick,1708,170800000,170.8,simulation,0.5279341133244638,0.5279341133244638,1708,170.8,170.8,0.0,True,False,0.247851,0.65,0.247851,0.65,9.908506446807e-05,0.65,0.5,,8.673617379884035e-18
controller_tick,1709,170900000,170.9,simulation,0.5278729379677503,0.5278729379677503,1709,170.9,170.9,0.0,True,False,0.247867,0.65,0.247867,0.65,9.909033034016234e-05,0.65,0.5,,6.938893903907228e-18
controller_tick,1710,171000000,171.0,simulation,0.5278117882770466,0.5278117882770466,1710,171.0,171.0,0.0,True,False,0.247883,0.65,0.247883,0.65,9.909570413879465e-05,0.65,0.5,,1.0408340855860843e-17
controller_tick,1711,171100000,171.1,simulation,0.5277506644523041,0.5277506644523041,1711,171.1,171.1,0.0,True,False,0.247899,0.65,0.247899,0.65,9.91011755933987e-05,0.65,0.5,,5.204170427930421e-18
controller_tick,1712,171200000,171.2,simulation,0.5276895666738795,0.5276895666738795,1712,171.2,171.2,0.0,True,False,0.247916,0.65,0.247916,0.65,9.910673541078011e-05,0.65,0.5,,1.0408340855860843e-17
controller_tick,1713,171300000,171.3,simulation,0.5276284951430946,0.5276284951430946,1713,171.3,171.3,0.0,True,False,0.247936,0.65,0.247936,0.65,9.911241324714158e-05,0.65,0.5,,1.0408340855860843e-17
controller_tick,1714,171400000,171.4,simulation,0.5275674501950499,0.5275674501950499,1714,171.4,171.4,0.0,True,False,0.247954,0.65,0.247954,0.65,9.911831206659062e-05,0.65,0.5,,1.734723475976807e-17
controller_tick,1715,171500000,171.5,simulation,0.5275064321672236,0.5275064321672236,1715,171.5,171.5,0.0,True,False,0.247972,0.65,0.247972,0.65,9.91243347097405e-05,0.65,0.5,,1.734723475976807e-17
controller_tick,1716,171600000,171.6,simulation,0.5274454412895068,0.5274454412895068,1716,171.6,171.6,0.0,True,False,0.24799,0.65,0.24799,0.65,9.91304693932081e-05,0.65,0.5,,1.734723475976807e-17
controller_tick,1717,171700000,171.7,simulation,0.527384477769309,0.527384477769309,1717,171.7,171.7,0.0,True,False,0.248009,0.65,0.248009,0.65,9.913670545494752e-05,0.65,0.5,,2.2551405187698492e-17
controller_tick,1718,171800000,171.8,simulation,0.5273235418323938,0.5273235418323938,1718,171.8,171.8,0.0,True,False,0.248025,0.65,0.248025,0.65,9.914307131257345e-05,0.65,0.5,,1.3877787807814457e-17
controller_tick,1719,171900000,171.9,simulation,0.5272626336037634,0.5272626336037634,1719,171.9,171.9,0.0,True,False,0.248045,0.65,0.248045,0.65,9.914944041927585e-05,0.65,0.5,,1.9081958235744878e-17
controller_tick,1720,172000000,172.0,simulation,0.52720175323844,0.52720175323844,1720,172.0,172.0,0.0,True,False,0.248064,0.65,0.248064,0.65,9.915596472599533e-05,0.65,0.5,,1.3877787807814457e-17
controller_tick,1721,172100000,172.1,simulation,0.5271409009870915,0.5271409009870915,1721,172.1,172.1,0.0,True,False,0.248084,0.65,0.248084,0.65,9.91625913984648e-05,0.65,0.5,,1.3877787807814457e-17
controller_tick,1722,172200000,172.2,simulation,0.5270800770771709,0.5270800770771709,1722,172.2,172.2,0.0,True,False,0.248105,0.65,0.248105,0.65,9.916934876032793e-05,0.65,0.5,,1.0408340855860843e-17
controller_tick,1723,172300000,172.3,simulation,0.5270192817899739,0.5270192817899739,1723,172.3,172.3,0.0,True,False,0.248126,0.65,0.248126,0.65,9.91762624398774e-05,0.65,0.5,,6.938893903907228e-18
controller_tick,1724,172400000,172.4,simulation,0.5269585154168018,0.5269585154168018,1724,172.4,172.4,0.0,True,False,0.248144,0.65,0.248144,0.65,9.918331756151855e-05,0.65,0.5,,5.204170427930421e-18
controller_tick,1725,172500000,172.5,simulation,0.5268977781044857,0.5268977781044857,1725,172.5,172.5,0.0,True,False,0.248166,0.65,0.248166,0.65,9.91903864701584e-05,0.65,0.5,,-3.469446951953614e-18
controller_tick,1726,172600000,172.6,simulation,0.5268370700277634,0.5268370700277634,1726,172.6,172.6,0.0,True,False,0.248188,0.65,0.248188,0.65,9.919762011392168e-05,0.65,0.5,,-3.469446951953614e-18
controller_tick,1727,172700000,172.7,simulation,0.5267763914938002,0.5267763914938002,1727,172.7,172.7,0.0,True,False,0.24821,0.65,0.24821,0.65,9.920500281618871e-05,0.65,0.5,,0.0
controller_tick,1728,172800000,172.8,simulation,0.526715742779852,0.526715742779852,1728,172.8,172.8,0.0,True,False,0.24823,0.65,0.24823,0.65,9.92125203921674e-05,0.65,0.5,,-3.469446951953614e-18
controller_tick,1729,172900000,172.9,simulation,0.5266551240587194,0.5266551240587194,1729,172.9,172.9,0.0,True,False,0.248253,0.65,0.248253,0.65,9.922008387686155e-05,0.65,0.5,,-5.204170427930421e-18
controller_tick,1730,173000000,173.0,simulation,0.5265945355273385,0.5265945355273385,1730,173.0,173.0,0.0,True,False,0.248273,0.65,0.248273,0.65,9.922780309657762e-05,0.65,0.5,,-8.673617379884035e-18
controller_tick,1731,173100000,173.1,simulation,0.5265339773594198,0.5265339773594198,1731,173.1,173.1,0.0,True,False,0.248297,0.65,0.248297,0.65,9.923554903607047e-05,0.65,0.5,,-1.0408340855860843e-17
controller_tick,1732,173200000,173.2,simulation,0.5264734497539852,0.5264734497539852,1732,173.2,173.2,0.0,True,False,0.248321,0.65,0.248321,0.65,9.924347141274829e-05,0.65,0.5,,-1.214306433183765e-17
controller_tick,1733,173300000,173.3,simulation,0.5264129530401365,0.5264129530401365,1733,173.3,173.3,0.0,True,False,0.248343,0.65,0.248343,0.65,9.925155343639299e-05,0.65,0.5,,-1.214306433183765e-17
controller_tick,1734,173400000,173.4,simulation,0.5263524874375485,0.5263524874375485,1734,173.4,173.4,0.0,True,False,0.248368,0.65,0.248368,0.65,9.925970378452146e-05,0.65,0.5,,-1.0408340855860843e-17
controller_tick,1735,173500000,173.5,simulation,0.5262920531855342,0.5262920531855342,1735,173.5,173.5,0.0,True,False,0.24839,0.65,0.24839,0.65,9.926803015029773e-05,0.65,0.5,,-8.673617379884035e-18
controller_tick,1736,173600000,173.6,simulation,0.5262316504961108,0.5262316504961108,1736,173.6,173.6,0.0,True,False,0.248413,0.65,0.248413,0.65,9.927640158832964e-05,0.65,0.5,,-1.0408340855860843e-17
controller_tick,1737,173700000,173.7,simulation,0.5261712794868361,0.5261712794868361,1737,173.7,173.7,0.0,True,False,0.248438,0.65,0.248438,0.65,9.928485187445773e-05,0.65,0.5,,-1.3877787807814457e-17
controller_tick,1738,173800000,173.8,simulation,0.5261109403782098,0.5261109403782098,1738,173.8,173.8,0.0,True,False,0.248462,0.65,0.248462,0.65,9.929344963535916e-05,0.65,0.5,,-1.0408340855860843e-17
controller_tick,1739,173900000,173.9,simulation,0.5260506334051852,0.5260506334051852,1739,173.9,173.9,0.0,True,False,0.248486,0.65,0.248486,0.65,9.930214277192096e-05,0.65,0.5,,-1.0408340855860843e-17
controller_tick,1740,174000000,174.0,simulation,0.5259903587422073,0.5259903587422073,1740,174.0,174.0,0.0,True,False,0.248513,0.65,0.248513,0.65,9.931092220794901e-05,0.65,0.5,,-1.214306433183765e-17
controller_tick,1741,174100000,174.1,simulation,0.5259301166624936,0.5259301166624936,1741,174.1,174.1,0.0,True,False,0.248537,0.65,0.248537,0.65,9.931989392606165e-05,0.65,0.5,,-1.734723475976807e-18
controller_tick,1742,174200000,174.2,simulation,0.525869907408702,0.525869907408702,1742,174.2,174.2,0.0,True,False,0.248562,0.65,0.248562,0.65,9.932892543310089e-05,0.65,0.5,,-1.734723475976807e-18
controller_tick,1743,174300000,174.3,simulation,0.5258097311260783,0.5258097311260783,1743,174.3,174.3,0.0,True,False,0.248587,0.65,0.248587,0.65,9.933804910443088e-05,0.65,0.5,,0.0
controller_tick,1744,174400000,174.4,simulation,0.5257495879827458,0.5257495879827458,1744,174.4,174.4,0.0,True,False,0.248612,0.65,0.248612,0.65,9.934725616945975e-05,0.65,0.5,,1.734723475976807e-18
controller_tick,1745,174500000,174.5,simulation,0.5256894781300946,0.5256894781300946,1745,174.5,174.5,0.0,True,False,0.248641,0.65,0.248641,0.65,9.935653869222779e-05,0.65,0.5,,0.0
controller_tick,1746,174600000,174.6,simulation,0.5256294018591585,0.5256294018591585,1746,174.6,174.6,0.0,True,False,0.248667,0.65,0.248667,0.65,9.936604175211285e-05,0.65,0.5,,0.0
controller_tick,1747,174700000,174.7,simulation,0.5255693594661135,0.5255693594661135,1747,174.7,174.7,0.0,True,False,0.248694,0.65,0.248694,0.65,9.93756301671351e-05,0.65,0.5,,-3.469446951953614e-18
controller_tick,1748,174800000,174.8,simulation,0.525509351144593,0.525509351144593,1748,174.8,174.8,0.0,True,False,0.248721,0.65,0.248721,0.65,9.93853338797121e-05,0.65,0.5,,-1.734723475976807e-18
controller_tick,1749,174900000,174.9,simulation,0.5254493771064659,0.5254493771064659,1749,174.9,174.9,0.0,True,False,0.248748,0.65,0.248748,0.65,9.939514191783083e-05,0.65,0.5,,-3.469446951953614e-18
controller_tick,1750,175000000,175.0,simulation,0.5253894375426678,0.5253894375426678,1750,175.0,175.0,0.0,True,False,0.248776,0.65,0.248776,0.65,9.940504435360339e-05,0.65,0.5,,-3.469446951953614e-18
controller_tick,1751,175100000,175.1,simulation,0.5253295326638892,0.5253295326638892,1751,175.1,175.1,0.0,True,False,0.248801,0.65,0.248801,0.65,9.941507026893808e-05,0.65,0.5,,-1.0408340855860843e-17
controller_tick,1752,175200000,175.2,simulation,0.5252696625813262,0.5252696625813262,1752,175.2,175.2,0.0,True,False,0.248829,0.65,0.248829,0.65,9.94250937181026e-05,0.65,0.5,,-6.938893903907228e-18
controller_tick,1753,175300000,175.3,simulation,0.5252098273986467,0.5252098273986467,1753,175.3,175.3,0.0,True,False,0.248858,0.65,0.248858,0.65,9.943522913088245e-05,0.65,0.5,,-1.0408340855860843e-17
controller_tick,1754,175400000,175.4,simulation,0.5251500273598607,0.5251500273598607,1754,175.4,175.4,0.0,True,False,0.248887,0.65,0.248887,0.65,9.944550391756366e-05,0.65,0.5,,-6.938893903907228e-18
controller_tick,1755,175500000,175.5,simulation,0.5250902627223829,0.5250902627223829,1755,175.5,175.5,0.0,True,False,0.248917,0.65,0.248917,0.65,9.945590481496593e-05,0.65,0.5,,-6.938893903907228e-18
controller_tick,1756,175600000,175.6,simulation,0.5250305337570192,0.5250305337570192,1756,175.6,175.6,0.0,True,False,0.248944,0.65,0.248944,0.65,9.946645788710021e-05,0.65,0.5,,-1.0408340855860843e-17
controller_tick,1757,175700000,175.7,simulation,0.5249708406293234,0.5249708406293234,1757,175.7,175.7,0.0,True,False,0.248974,0.65,0.248974,0.65,9.947703445752774e-05,0.65,0.5,,-1.0408340855860843e-17
controller_tick,1758,175800000,175.8,simulation,0.5249111834921106,0.5249111834921106,1758,175.8,175.8,0.0,True,False,0.249004,0.65,0.249004,0.65,9.948774648518862e-05,0.65,0.5,,-1.3877787807814457e-17
controller_tick,1759,175900000,175.9,simulation,0.5248515625951283,0.5248515625951283,1759,175.9,175.9,0.0,True,False,0.249032,0.65,0.249032,0.65,9.949858107962279e-05,0.65,0.5,,-1.5612511283791264e-17
controller_tick,1760,176000000,176.0,simulation,0.5247919780861378,0.5247919780861378,1760,176.0,176.0,0.0,True,False,0.249063,0.65,0.249063,0.65,9.950945044699405e-05,0.65,0.5,,-2.42861286636753e-17
controller_tick,1761,176100000,176.1,simulation,0.5247324301392705,0.5247324301392705,1761,176.1,176.1,0.0,True,False,0.249095,0.65,0.249095,0.65,9.952046547331829e-05,0.65,0.5,,-2.2551405187698492e-17
controller_tick,1762,176200000,176.2,simulation,0.5246729190622389,0.5246729190622389,1762,176.2,176.2,0.0,True,False,0.249124,0.65,0.249124,0.65,9.953165036234623e-05,0.65,0.5,,-2.0816681711721685e-17
controller_tick,1763,176300000,176.3,simulation,0.5246134450539537,0.5246134450539537,1763,176.3,176.3,0.0,True,False,0.249156,0.65,0.249156,0.65,9.95428747544061e-05,0.65,0.5,,-1.734723475976807e-17
controller_tick,1764,176400000,176.4,simulation,0.5245540082973758,0.5245540082973758,1764,176.4,176.4,0.0,True,False,0.249186,0.65,0.249186,0.65,9.955424908538568e-05,0.65,0.5,,-2.0816681711721685e-17
controller_tick,1765,176500000,176.5,simulation,0.5244946089921,0.5244946089921,1765,176.5,176.5,0.0,True,False,0.249216,0.65,0.249216,0.65,9.956568295664469e-05,0.65,0.5,,-2.0816681711721685e-17
controller_tick,1766,176600000,176.6,simulation,0.5244352472430328,0.5244352472430328,1766,176.6,176.6,0.0,True,False,0.249249,0.65,0.249249,0.65,9.957717070217642e-05,0.65,0.5,,-1.734723475976807e-17
controller_tick,1767,176700000,176.7,simulation,0.5243759232603595,0.5243759232603595,1767,176.7,176.7,0.0,True,False,0.24928,0.65,0.24928,0.65,9.958882139026431e-05,0.65,0.5,,-1.9081958235744878e-17
controller_tick,1768,176800000,176.8,simulation,0.5243166372682899,0.5243166372682899,1768,176.8,176.8,0.0,True,False,0.249311,0.65,0.249311,0.65,9.960054338480844e-05,0.65,0.5,,-2.0816681711721685e-17
controller_tick,1769,176900000,176.9,simulation,0.5242573893939845,0.5242573893939845,1769,176.9,176.9,0.0,True,False,0.249346,0.65,0.249346,0.65,9.961232990010233e-05,0.65,0.5,,-2.2551405187698492e-17
controller_tick,1770,177000000,177.0,simulation,0.5241981799064422,0.5241981799064422,1770,177.0,177.0,0.0,True,False,0.249377,0.65,0.249377,0.65,9.962432705631598e-05,0.65,0.5,,-2.42861286636753e-17
controller_tick,1771,177100000,177.1,simulation,0.5241390090430941,0.5241390090430941,1771,177.1,177.1,0.0,True,False,0.24941,0.65,0.24941,0.65,9.963636254818446e-05,0.65,0.5,,-2.0816681711721685e-17
controller_tick,1772,177200000,177.2,simulation,0.5240798769455883,0.5240798769455883,1772,177.2,177.2,0.0,True,False,0.249442,0.65,0.249442,0.65,9.964850885765345e-05,0.65,0.5,,-2.42861286636753e-17
controller_tick,1773,177300000,177.3,simulation,0.5240207837773827,0.5240207837773827,1773,177.3,177.3,0.0,True,False,0.249475,0.65,0.249475,0.65,9.966071737400118e-05,0.65,0.5,,-2.949029909160572e-17
controller_tick,1774,177400000,177.4,simulation,0.5239617296867786,0.5239617296867786,1774,177.4,177.4,0.0,True,False,0.249508,0.65,0.249508,0.65,9.967302024249321e-05,0.65,0.5,,-3.122502256758253e-17
controller_tick,1775,177500000,177.5,simulation,0.5239027148445161,0.5239027148445161,1775,177.5,177.5,0.0,True,False,0.249542,0.65,0.249542,0.65,9.96854084843359e-05,0.65,0.5,,-3.122502256758253e-17
controller_tick,1776,177600000,177.6,simulation,0.5238437394429011,0.5238437394429011,1776,177.6,177.6,0.0,True,False,0.249576,0.65,0.249576,0.65,9.969791204021354e-05,0.65,0.5,,-3.122502256758253e-17
controller_tick,1777,177700000,177.7,simulation,0.5237848036924717,0.5237848036924717,1777,177.7,177.7,0.0,True,False,0.24961,0.65,0.24961,0.65,9.971051993654483e-05,0.65,0.5,,-3.469446951953614e-17
controller_tick,1778,177800000,177.8,simulation,0.52372590778283,0.52372590778283,1778,177.8,177.8,0.0,True,False,0.249645,0.65,0.249645,0.65,9.972322224402281e-05,0.65,0.5,,-3.8163916471489756e-17
controller_tick,1779,177900000,177.9,simulation,0.5236670519233304,0.5236670519233304,1779,177.9,177.9,0.0,True,False,0.24968,0.65,0.24968,0.65,9.973604804327176e-05,0.65,0.5,,-3.469446951953614e-17
controller_tick,1780,178000000,178.0,simulation,0.5236082363399186,0.5236082363399186,1780,178.0,178.0,0.0,True,False,0.249715,0.65,0.249715,0.65,9.974898558249593e-05,0.65,0.5,,-3.642919299551295e-17
controller_tick,1781,178100000,178.1,simulation,0.5235494612361192,0.5235494612361192,1781,178.1,178.1,0.0,True,False,0.249751,0.65,0.249751,0.65,9.976202422823073e-05,0.65,0.5,,-3.469446951953614e-17
controller_tick,1782,178200000,178.2,simulation,0.5234907268338658,0.5234907268338658,1782,178.2,178.2,0.0,True,False,0.249784,0.65,0.249784,0.65,9.977519242395238e-05,0.65,0.5,,-3.8163916471489756e-17
controller_tick,1783,178300000,178.3,simulation,0.5234320332543791,0.5234320332543791,1783,178.3,178.3,0.0,True,False,0.24982,0.65,0.24982,0.65,9.978836364625127e-05,0.65,0.5,,-3.8163916471489756e-17
controller_tick,1784,178400000,178.4,simulation,0.5233733806102501,0.5233733806102501,1784,178.4,178.4,0.0,True,False,0.249857,0.65,0.249857,0.65,9.980165180220885e-05,0.65,0.5,,-4.163336342344337e-17
controller_tick,1785,178500000,178.5,simulation,0.5233147691534142,0.5233147691534142,1785,178.5,178.5,0.0,True,False,0.249891,0.65,0.249891,0.65,9.981508382914902e-05,0.65,0.5,,-4.336808689942018e-17
controller_tick,1786,178600000,178.6,simulation,0.5232561990322211,0.5232561990322211,1786,178.6,178.6,0.0,True,False,0.249929,0.65,0.249929,0.65,9.982853184083927e-05,0.65,0.5,,-4.163336342344337e-17
controller_tick,1787,178700000,178.7,simulation,0.5231976704224859,0.5231976704224859,1787,178.7,178.7,0.0,True,False,0.249963,0.65,0.249963,0.65,9.984214657626062e-05,0.65,0.5,,-4.5102810375396984e-17
controller_tick,1788,178800000,178.8,simulation,0.5231391834772677,0.5231391834772677,1788,178.8,178.8,0.0,True,False,0.250002,0.65,0.250002,0.65,9.985575990942124e-05,0.65,0.5,,-4.683753385137379e-17
controller_tick,1789,178900000,178.9,simulation,0.523080738377906,0.523080738377906,1789,178.9,178.9,0.0,True,False,0.250037,0.65,0.250037,0.65,9.986956229892777e-05,0.65,0.5,,-3.8163916471489756e-17
controller_tick,1790,179000000,179.0,simulation,0.5230223353198735,0.5230223353198735,1790,179.0,179.0,0.0,True,False,0.250076,0.65,0.250076,0.65,9.988338349355908e-05,0.65,0.5,,-3.8163916471489756e-17
controller_tick,1791,179100000,179.1,simulation,0.522963974484172,0.522963974484172,1791,179.1,179.1,0.0,True,False,0.250112,0.65,0.250112,0.65,9.989737396390208e-05,0.65,0.5,,-3.8163916471489756e-17
controller_tick,1792,179200000,179.2,simulation,0.5229056560672317,0.5229056560672317,1792,179.2,179.2,0.0,True,False,0.250149,0.65,0.250149,0.65,9.991140340614462e-05,0.65,0.5,,-3.8163916471489756e-17
controller_tick,1793,179300000,179.3,simulation,0.5228473801722474,0.5228473801722474,1793,179.3,179.3,0.0,True,False,0.250189,0.65,0.250189,0.65,9.99255061766529e-05,0.65,0.5,,-3.2959746043559335e-17
controller_tick,1794,179400000,179.4,simulation,0.5227891470451594,0.5227891470451594,1794,179.4,179.4,0.0,True,False,0.250226,0.65,0.250226,0.65,9.993978949241817e-05,0.65,0.5,,-2.7755575615628914e-17
controller_tick,1795,179500000,179.5,simulation,0.5227309569037045,0.5227309569037045,1795,179.5,179.5,0.0,True,False,0.250263,0.65,0.250263,0.65,9.99541219771893e-05,0.65,0.5,,-3.469446951953614e-17
controller_tick,1796,179600000,179.6,simulation,0.5226728098316417,0.5226728098316417,1796,179.6,179.6,0.0,True,False,0.250301,0.65,0.250301,0.65,9.996849895191669e-05,0.65,0.5,,-3.469446951953614e-17
controller_tick,1797,179700000,179.7,simulation,0.5226147059424995,0.5226147059424995,1797,179.7,179.7,0.0,True,False,0.25034,0.65,0.25034,0.65,9.998295424785405e-05,0.65,0.5,,-2.7755575615628914e-17
controller_tick,1798,179800000,179.8,simulation,0.522556645414158,0.522556645414158,1798,179.8,179.8,0.0,True,False,0.250378,0.65,0.250378,0.65,9.999751847678559e-05,0.65,0.5,,-2.949029909160572e-17
controller_tick,1799,179900000,179.9,simulation,0.5224986284053144,0.5224986284053144,1799,179.9,179.9,0.0,True,False,0.250417,0.65,0.250417,0.65,0.00010001214320733353,0.65,0.5,,-2.42861286636753e-17
controller_tick,1800,180000000,180.0,simulation,0.5224406550598513,0.5224406550598513,1800,180.0,180.0,0.0,True,False,0.250457,0.65,0.250457,0.65,0.00010002686074704063,0.65,0.5,,-2.7755575615628914e-17
controller_tick,1801,180100000,180.1,simulation,0.5223827255830962,0.5223827255830962,1801,180.1,180.1,0.0,True,False,0.250496,0.65,0.250496,0.65,0.00010004170032898045,0.65,0.5,,-2.949029909160572e-17
controller_tick,1802,180200000,180.2,simulation,0.5223248401585626,0.5223248401585626,1802,180.2,180.2,0.0,True,False,0.250537,0.65,0.250537,0.65,0.00010005661227426625,0.65,0.5,,-3.122502256758253e-17
controller_tick,1803,180300000,180.3,simulation,0.5222669989912663,0.5222669989912663,1803,180.3,180.3,0.0,True,False,0.250577,0.65,0.250577,0.65,0.00010007166582668075,0.65,0.5,,-3.469446951953614e-17
controller_tick,1804,180400000,180.4,simulation,0.5222092023018536,0.5222092023018536,1804,180.4,180.4,0.0,True,False,0.250618,0.65,0.250618,0.65,0.00010008680944549116,0.65,0.5,,-3.122502256758253e-17
controller_tick,1805,180500000,180.5,simulation,0.5221514502902247,0.5221514502902247,1805,180.5,180.5,0.0,True,False,0.250659,0.65,0.250659,0.65,0.00010010207262477949,0.65,0.5,,-2.949029909160572e-17
controller_tick,1806,180600000,180.6,simulation,0.5220937431736599,0.5220937431736599,1806,180.6,180.6,0.0,True,False,0.250697,0.65,0.250697,0.65,0.00010011744398686197,0.65,0.5,,-3.122502256758253e-17
controller_tick,1807,180700000,180.7,simulation,0.5220360810316439,0.5220360810316439,1807,180.7,180.7,0.0,True,False,0.250739,0.65,0.250739,0.65,0.00010013279904168622,0.65,0.5,,-3.122502256758253e-17
controller_tick,1808,180800000,180.8,simulation,0.521978463977607,0.521978463977607,1808,180.8,180.8,0.0,True,False,0.250781,0.65,0.250781,0.65,0.00010014829160122418,0.65,0.5,,-2.949029909160572e-17
controller_tick,1809,180900000,180.9,simulation,0.5219208922628713,0.5219208922628713,1809,180.9,180.9,0.0,True,False,0.250821,0.65,0.250821,0.65,0.00010016390858017226,0.65,0.5,,-2.7755575615628914e-17
controller_tick,1810,181000000,181.0,simulation,0.5218633660364013,0.5218633660364013,1810,181.0,181.0,0.0,True,False,0.250863,0.65,0.250863,0.65,0.00010017956200839259,0.65,0.5,,-3.122502256758253e-17
controller_tick,1811,181100000,181.1,simulation,0.5218058854344991,0.5218058854344991,1811,181.1,181.1,0.0,True,False,0.250904,0.65,0.250904,0.65,0.00010019532454734387,0.65,0.5,,-3.469446951953614e-17
controller_tick,1812,181200000,181.2,simulation,0.5217484506156191,0.5217484506156191,1812,181.2,181.2,0.0,True,False,0.250947,0.65,0.250947,0.65,0.00010021114774873445,0.65,0.5,,-3.642919299551295e-17
controller_tick,1813,181300000,181.3,simulation,0.521691061762065,0.521691061762065,1813,181.3,181.3,0.0,True,False,0.250988,0.65,0.250988,0.65,0.00010022710196983554,0.65,0.5,,-4.163336342344337e-17
controller_tick,1814,181400000,181.4,simulation,0.5216337190352004,0.5216337190352004,1814,181.4,181.4,0.0,True,False,0.251029,0.65,0.251029,0.65,0.00010024309861240762,0.65,0.5,,-3.8163916471489756e-17
controller_tick,1815,181500000,181.5,simulation,0.5215764225051356,0.5215764225051356,1815,181.5,181.5,0.0,True,False,0.251074,0.65,0.251074,0.65,0.000100259133639514,0.65,0.5,,-3.2959746043559335e-17
controller_tick,1816,181600000,181.6,simulation,0.5215191723890641,0.5215191723890641,1816,181.6,181.6,0.0,True,False,0.251116,0.65,0.251116,0.65,0.0001002753556585144,0.65,0.5,,-3.2959746043559335e-17
controller_tick,1817,181700000,181.7,simulation,0.5214619689160529,0.5214619689160529,1817,181.7,181.7,0.0,True,False,0.251158,0.65,0.251158,0.65,0.00010029163267967904,0.65,0.5,,-3.2959746043559335e-17
controller_tick,1818,181800000,181.8,simulation,0.5214048121800207,0.5214048121800207,1818,181.8,181.8,0.0,True,False,0.2512,0.65,0.2512,0.65,0.00010030795946885997,0.65,0.5,,-3.469446951953614e-17
controller_tick,1819,181900000,181.9,simulation,0.5213477022649007,0.5213477022649007,1819,181.9,181.9,0.0,True,False,0.251243,0.65,0.251243,0.65,0.00010032433129000424,0.65,0.5,,-2.949029909160572e-17
controller_tick,1820,182000000,182.0,simulation,0.521290639284287,0.521290639284287,1820,182.0,182.0,0.0,True,False,0.251287,0.65,0.251287,0.65,0.00010034078192278675,0.65,0.5,,-2.6020852139652106e-17
controller_tick,1821,182100000,182.1,simulation,0.5212336234160267,0.5212336234160267,1821,182.1,182.1,0.0,True,False,0.25133,0.65,0.25133,0.65,0.0001003573419323213,0.65,0.5,,-3.122502256758253e-17
controller_tick,1822,182200000,182.2,simulation,0.5211766548186952,0.5211766548186952,1822,182.2,182.2,0.0,True,False,0.251374,0.65,0.251374,0.65,0.00010037396284500096,0.65,0.5,,-3.2959746043559335e-17
controller_tick,1823,182300000,182.3,simulation,0.5211197336359727,0.5211197336359727,1823,182.3,182.3,0.0,True,False,0.251418,0.65,0.251418,0.65,0.000100390676930158,0.65,0.5,,-3.469446951953614e-17
controller_tick,1824,182400000,182.4,simulation,0.5210628600342154,0.5210628600342154,1824,182.4,182.4,0.0,True,False,0.251463,0.65,0.251463,0.65,0.00010040747532125888,0.65,0.5,,-3.642919299551295e-17
controller_tick,1825,182500000,182.5,simulation,0.5210060342015592,0.5210060342015592,1825,182.5,182.5,0.0,True,False,0.251508,0.65,0.251508,0.65,0.00010042438806056509,0.65,0.5,,-3.469446951953614e-17
controller_tick,1826,182600000,182.6,simulation,0.5209492563445666,0.5209492563445666,1826,182.6,182.6,0.0,True,False,0.251553,0.65,0.251553,0.65,0.00010044140426640618,0.65,0.5,,-3.8163916471489756e-17
controller_tick,1827,182700000,182.7,simulation,0.5208925266490391,0.5208925266490391,1827,182.7,182.7,0.0,True,False,0.251596,0.65,0.251596,0.65,0.00010045851409263956,0.65,0.5,,-3.642919299551295e-17
controller_tick,1828,182800000,182.8,simulation,0.5208358452046009,0.5208358452046009,1828,182.8,182.8,0.0,True,False,0.251642,0.65,0.251642,0.65,0.00010047563250004139,0.65,0.5,,-3.122502256758253e-17
controller_tick,1829,182900000,182.9,simulation,0.5207792121325023,0.5207792121325023,1829,182.9,182.9,0.0,True,False,0.251688,0.65,0.251688,0.65,0.00010049287286710387,0.65,0.5,,-2.7755575615628914e-17
controller_tick,1830,183000000,183.0,simulation,0.520722627653634,0.520722627653634,1830,183.0,183.0,0.0,True,False,0.251732,0.65,0.251732,0.65,0.0001005102235878308,0.65,0.5,,-3.469446951953614e-17
controller_tick,1831,183100000,183.1,simulation,0.5206660918893515,0.5206660918893515,1831,183.1,183.1,0.0,True,False,0.251779,0.65,0.251779,0.65,0.00010052759803061699,0.65,0.5,,-3.642919299551295e-17
controller_tick,1832,183200000,183.2,simulation,0.5206096049895983,0.5206096049895983,1832,183.2,183.2,0.0,True,False,0.251823,0.65,0.251823,0.65,0.00010054510813310838,0.65,0.5,,-3.2959746043559335e-17
controller_tick,1833,183300000,183.3,simulation,0.5205531670851206,0.5205531670851206,1833,183.3,183.3,0.0,True,False,0.251871,0.65,0.251871,0.65,0.0001005626267904788,0.65,0.5,,-3.122502256758253e-17
controller_tick,1834,183400000,183.4,simulation,0.5204967783356216,0.5204967783356216,1834,183.4,183.4,0.0,True,False,0.251916,0.65,0.251916,0.65,0.00010058030544875501,0.65,0.5,,-3.469446951953614e-17
controller_tick,1835,183500000,183.5,simulation,0.5204404389180939,0.5204404389180939,1835,183.5,183.5,0.0,True,False,0.251964,0.65,0.251964,0.65,0.00010059801468673933,0.65,0.5,,-3.2959746043559335e-17
controller_tick,1836,183600000,183.6,simulation,0.5203841489953708,0.5203841489953708,1836,183.6,183.6,0.0,True,False,0.25201,0.65,0.25201,0.65,0.00010061586578948615,0.65,0.5,,-2.7755575615628914e-17
controller_tick,1837,183700000,183.7,simulation,0.5203279087485398,0.5203279087485398,1837,183.7,183.7,0.0,True,False,0.252056,0.65,0.252056,0.65,0.00010063376912671281,0.65,0.5,,-2.949029909160572e-17
controller_tick,1838,183800000,183.8,simulation,0.5202717182654665,0.5202717182654665,1838,183.8,183.8,0.0,True,False,0.252102,0.65,0.252102,0.65,0.00010065171972765133,0.65,0.5,,-3.2959746043559335e-17
controller_tick,1839,183900000,183.9,simulation,0.5202155776245334,0.5202155776245334,1839,183.9,183.9,0.0,True,False,0.252149,0.65,0.252149,0.65,0.00010066971309456488,0.65,0.5,,-2.949029909160572e-17
controller_tick,1840,184000000,184.0,simulation,0.5201594869342386,0.5201594869342386,1840,184.0,184.0,0.0,True,False,0.252199,0.65,0.252199,0.65,0.00010068778322276562,0.65,0.5,,-2.7755575615628914e-17
controller_tick,1841,184100000,184.1,simulation,0.5201034464451375,0.5201034464451375,1841,184.1,184.1,0.0,True,False,0.252246,0.65,0.252246,0.65,0.00010070603700254962,0.65,0.5,,-2.42861286636753e-17
controller_tick,1842,184200000,184.2,simulation,0.5200474563789579,0.5200474563789579,1842,184.2,184.2,0.0,True,False,0.252294,0.65,0.252294,0.65,0.0001007243427620597,0.65,0.5,,-2.0816681711721685e-17
controller_tick,1843,184300000,184.3,simulation,0.5199915168615824,0.5199915168615824,1843,184.3,184.3,0.0,True,False,0.252339,0.65,0.252339,0.65,0.00010074273361980368,0.65,0.5,,-2.42861286636753e-17
controller_tick,1844,184400000,184.4,simulation,0.5199356279271012,0.5199356279271012,1844,184.4,184.4,0.0,True,False,0.252388,0.65,0.252388,0.65,0.00010076108728251557,0.65,0.5,,-2.42861286636753e-17
controller_tick,1845,184500000,184.5,simulation,0.5198797896477413,0.5198797896477413,1845,184.5,184.5,0.0,True,False,0.252436,0.65,0.252436,0.65,0.00010077955954990178,0.65,0.5,,-2.7755575615628914e-17
controller_tick,1846,184600000,184.6,simulation,0.5198240021987179,0.5198240021987179,1846,184.6,184.6,0.0,True,False,0.252485,0.65,0.252485,0.65,0.00010079810107020249,0.65,0.5,,-2.6020852139652106e-17
controller_tick,1847,184700000,184.7,simulation,0.5197682657386764,0.5197682657386764,1847,184.7,184.7,0.0,True,False,0.252535,0.65,0.252535,0.65,0.00010081674331816434,0.65,0.5,,-3.122502256758253e-17
controller_tick,1848,184800000,184.8,simulation,0.5197125804861177,0.5197125804861177,1848,184.8,184.8,0.0,True,False,0.252582,0.65,0.252582,0.65,0.00010083551477331579,0.65,0.5,,-2.949029909160572e-17
controller_tick,1849,184900000,184.9,simulation,0.5196569465588992,0.5196569465588992,1849,184.9,184.9,0.0,True,False,0.252632,0.65,0.252632,0.65,0.00010085428894486874,0.65,0.5,,-3.122502256758253e-17
controller_tick,1850,185000000,185.0,simulation,0.5196013640663103,0.5196013640663103,1850,185.0,185.0,0.0,True,False,0.252682,0.65,0.252682,0.65,0.00010087317976942174,0.65,0.5,,-2.7755575615628914e-17
controller_tick,1851,185100000,185.1,simulation,0.5195458332183459,0.5195458332183459,1851,185.1,185.1,0.0,True,False,0.25273,0.65,0.25273,0.65,0.00010089217614597413,0.65,0.5,,-2.7755575615628914e-17
controller_tick,1852,185200000,185.2,simulation,0.5194903541264293,0.5194903541264293,1852,185.2,185.2,0.0,True,False,0.252781,0.65,0.252781,0.65,0.00010091119189985952,0.65,0.5,,-2.7755575615628914e-17
controller_tick,1853,185300000,185.3,simulation,0.5194349269314436,0.5194349269314436,1853,185.3,185.3,0.0,True,False,0.252829,0.65,0.252829,0.65,0.00010093033938217926,0.65,0.5,,-2.6020852139652106e-17
controller_tick,1854,185400000,185.4,simulation,0.5193795517558636,0.5193795517558636,1854,185.4,185.4,0.0,True,False,0.252878,0.65,0.252878,0.65,0.00010094949186221704,0.65,0.5,,-2.949029909160572e-17
controller_tick,1855,185500000,185.5,simulation,0.5193242286357466,0.5193242286357466,1855,185.5,185.5,0.0,True,False,0.25293,0.65,0.25293,0.65,0.00010096868692940989,0.65,0.5,,-2.6020852139652106e-17
controller_tick,1856,185600000,185.6,simulation,0.5192689577560641,0.5192689577560641,1856,185.6,185.6,0.0,True,False,0.252979,0.65,0.252979,0.65,0.00010098803472615254,0.65,0.5,,-2.6020852139652106e-17
controller_tick,1857,185700000,185.7,simulation,0.5192137392791655,0.5192137392791655,1857,185.7,185.7,0.0,True,False,0.253029,0.65,0.253029,0.65,0.00010100740652320834,0.65,0.5,,-2.42861286636753e-17
controller_tick,1858,185800000,185.8,simulation,0.5191585732771693,0.5191585732771693,1858,185.8,185.8,0.0,True,False,0.253079,0.65,0.253079,0.65,0.00010102683810167831,0.65,0.5,,-2.0816681711721685e-17
controller_tick,1859,185900000,185.9,simulation,0.51910345985157,0.51910345985157,1859,185.9,185.9,0.0,True,False,0.253132,0.65,0.253132,0.65,0.00010104632377260871,0.65,0.5,,-1.9081958235744878e-17
controller_tick,1860,186000000,186.0,simulation,0.5190483992090971,0.5190483992090971,1860,186.0,186.0,0.0,True,False,0.253183,0.65,0.253183,0.65,0.00010106597258351968,0.65,0.5,,-2.0816681711721685e-17
controller_tick,1861,186100000,186.1,simulation,0.518993391570465,0.518993391570465,1861,186.1,186.1,0.0,True,False,0.253234,0.65,0.253234,0.65,0.00010108569287952391,0.65,0.5,,-2.2551405187698492e-17
controller_tick,1862,186200000,186.2,simulation,0.5189384370593035,0.5189384370593035,1862,186.2,186.2,0.0,True,False,0.253286,0.65,0.253286,0.65,0.00010110547785791535,0.65,0.5,,-1.734723475976807e-17
controller_tick,1863,186300000,186.3,simulation,0.5188835358249602,0.5188835358249602,1863,186.3,186.3,0.0,True,False,0.253334,0.65,0.253334,0.65,0.0001011253594283838,0.65,0.5,,-1.9081958235744878e-17
controller_tick,1864,186400000,186.4,simulation,0.5188286878839876,0.5188286878839876,1864,186.4,186.4,0.0,True,False,0.253386,0.65,0.253386,0.65,0.00010114517613884668,0.65,0.5,,-1.9081958235744878e-17
controller_tick,1865,186500000,186.5,simulation,0.518773893255256,0.518773893255256,1865,186.5,186.5,0.0,True,False,0.253439,0.65,0.253439,0.65,0.00010116508642168072,0.65,0.5,,-1.9081958235744878e-17
controller_tick,1866,186600000,186.6,simulation,0.5187191521430393,0.5187191521430393,1866,186.6,186.6,0.0,True,False,0.253491,0.65,0.253491,0.65,0.00010118511943733027,0.65,0.5,,-2.0816681711721685e-17
controller_tick,1867,186700000,186.7,simulation,0.5186644647296593,0.5186644647296593,1867,186.7,186.7,0.0,True,False,0.253544,0.65,0.253544,0.65,0.00010120522544119093,0.65,0.5,,-1.3877787807814457e-17
controller_tick,1868,186800000,186.8,simulation,0.518609831180118,0.518609831180118,1868,186.8,186.8,0.0,True,False,0.253595,0.65,0.253595,0.65,0.00010122543555254886,0.65,0.5,,-2.0816681711721685e-17
controller_tick,1869,186900000,186.9,simulation,0.518555251602507,0.518555251602507,1869,186.9,186.9,0.0,True,False,0.253648,0.65,0.253648,0.65,0.00010124566373420025,0.65,0.5,,-2.0816681711721685e-17
controller_tick,1870,187000000,187.0,simulation,0.5185007260959434,0.5185007260959434,1870,187.0,187.0,0.0,True,False,0.253699,0.65,0.253699,0.65,0.00010126598439659489,0.65,0.5,,-1.214306433183765e-17
controller_tick,1871,187100000,187.1,simulation,0.5184462547463373,0.5184462547463373,1871,187.1,187.1,0.0,True,False,0.253754,0.65,0.253754,0.65,0.0001012863126089609,0.65,0.5,,-1.734723475976807e-17
controller_tick,1872,187200000,187.2,simulation,0.5183918377101282,0.5183918377101282,1872,187.2,187.2,0.0,True,False,0.253805,0.65,0.253805,0.65,0.00010130679991295465,0.65,0.5,,-1.5612511283791264e-17
controller_tick,1873,187300000,187.3,simulation,0.518337475122531,0.518337475122531,1873,187.3,187.3,0.0,True,False,0.25386,0.65,0.25386,0.65,0.00010132727890887493,0.65,0.5,,-1.0408340855860843e-17
controller_tick,1874,187400000,187.4,simulation,0.5182831671097309,0.5182831671097309,1874,187.4,187.4,0.0,True,False,0.253913,0.65,0.253913,0.65,0.0001013479026474706,0.65,0.5,,-1.0408340855860843e-17
controller_tick,1875,187500000,187.5,simulation,0.51822891385696,0.51822891385696,1875,187.5,187.5,0.0,True,False,0.253965,0.65,0.253965,0.65,0.00010136858122458938,0.65,0.5,,-1.3877787807814457e-17
controller_tick,1876,187600000,187.6,simulation,0.5181747154170103,0.5181747154170103,1876,187.6,187.6,0.0,True,False,0.254018,0.65,0.254018,0.65,0.00010138927135662306,0.65,0.5,,-1.734723475976807e-17
controller_tick,1877,187700000,187.7,simulation,0.5181205718376816,0.5181205718376816,1877,187.7,187.7,0.0,True,False,0.254071,0.65,0.254071,0.65,0.00010141001000900886,0.65,0.5,,-1.9081958235744878e-17
controller_tick,1878,187800000,187.8,simulation,0.5180664831984091,0.5180664831984091,1878,187.8,187.8,0.0,True,False,0.254128,0.65,0.254128,0.65,0.00010143079256442481,0.65,0.5,,-2.6020852139652106e-17
controller_tick,1879,187900000,187.9,simulation,0.5180124497246045,0.5180124497246045,1879,187.9,187.9,0.0,True,False,0.254182,0.65,0.254182,0.65,0.00010145176710507633,0.65,0.5,,-2.7755575615628914e-17
controller_tick,1880,188000000,188.0,simulation,0.5179584716525504,0.5179584716525504,1880,188.0,188.0,0.0,True,False,0.254236,0.65,0.254236,0.65,0.00010147280116605436,0.65,0.5,,-2.949029909160572e-17
controller_tick,1881,188100000,188.1,simulation,0.5179045490824752,0.5179045490824752,1881,188.1,188.1,0.0,True,False,0.254288,0.65,0.254288,0.65,0.00010149388908325095,0.65,0.5,,-2.6020852139652106e-17
controller_tick,1882,188200000,188.2,simulation,0.5178506820264089,0.5178506820264089,1882,188.2,188.2,0.0,True,False,0.254343,0.65,0.254343,0.65,0.00010151494960150373,0.65,0.5,,-3.2959746043559335e-17
controller_tick,1883,188300000,188.3,simulation,0.5177968705352282,0.5177968705352282,1883,188.3,188.3,0.0,True,False,0.254398,0.65,0.254398,0.65,0.00010153609952326528,0.65,0.5,,-2.949029909160572e-17
controller_tick,1884,188400000,188.4,simulation,0.5177431147659824,0.5177431147659824,1884,188.4,188.4,0.0,True,False,0.254453,0.65,0.254453,0.65,0.00010155733034066687,0.65,0.5,,-2.949029909160572e-17
controller_tick,1885,188500000,188.5,simulation,0.5176894148594899,0.5176894148594899,1885,188.5,188.5,0.0,True,False,0.254509,0.65,0.254509,0.65,0.00010157863435547049,0.65,0.5,,-3.469446951953614e-17
controller_tick,1886,188600000,188.6,simulation,0.5176357709805782,0.5176357709805782,1886,188.6,188.6,0.0,True,False,0.254563,0.65,0.254563,0.65,0.0001016000426670552,0.65,0.5,,-3.8163916471489756e-17
controller_tick,1887,188700000,188.7,simulation,0.5175821832371258,0.5175821832371258,1887,188.7,188.7,0.0,True,False,0.254619,0.65,0.254619,0.65,0.00010162146922020443,0.65,0.5,,-3.9898639947466563e-17
controller_tick,1888,188800000,188.8,simulation,0.5175286517280031,0.5175286517280031,1888,188.8,188.8,0.0,True,False,0.254673,0.65,0.254673,0.65,0.0001016429884090694,0.65,0.5,,-3.642919299551295e-17
controller_tick,1889,188900000,188.9,simulation,0.5174751765388421,0.5174751765388421,1889,188.9,188.9,0.0,True,False,0.25473,0.65,0.25473,0.65,0.0001016645152881306,0.65,0.5,,-3.9898639947466563e-17
controller_tick,1890,189000000,189.0,simulation,0.51742175778708,0.51742175778708,1890,189.0,189.0,0.0,True,False,0.254784,0.65,0.254784,0.65,0.00010168616332066748,0.65,0.5,,-3.8163916471489756e-17
controller_tick,1891,189100000,189.1,simulation,0.5173683955738678,0.5173683955738678,1891,189.1,189.1,0.0,True,False,0.254842,0.65,0.254842,0.65,0.00010170780678230415,0.65,0.5,,-3.642919299551295e-17
controller_tick,1892,189200000,189.2,simulation,0.5173150900319474,0.5173150900319474,1892,189.2,189.2,0.0,True,False,0.254897,0.65,0.254897,0.65,0.00010172959836815039,0.65,0.5,,-4.5102810375396984e-17
controller_tick,1893,189300000,189.3,simulation,0.5172618413137334,0.5172618413137334,1893,189.3,189.3,0.0,True,False,0.254953,0.65,0.254953,0.65,0.00010175140978722562,0.65,0.5,,-4.85722573273506e-17
controller_tick,1894,189400000,189.4,simulation,0.5172086494822459,0.5172086494822459,1894,189.4,189.4,0.0,True,False,0.255009,0.65,0.255009,0.65,0.00010177327721718133,0.65,0.5,,-4.683753385137379e-17
controller_tick,1895,189500000,189.5,simulation,0.5171555146306372,0.5171555146306372,1895,189.5,189.5,0.0,True,False,0.255065,0.65,0.255065,0.65,0.00010179519532787753,0.65,0.5,,-5.0306980803327406e-17
controller_tick,1896,189600000,189.6,simulation,0.5171024368418917,0.5171024368418917,1896,189.6,189.6,0.0,True,False,0.255124,0.65,0.255124,0.65,0.0001018171592964041,0.65,0.5,,-5.551115123125783e-17
controller_tick,1897,189700000,189.7,simulation,0.5170494163058811,0.5170494163058811,1897,189.7,189.7,0.0,True,False,0.255181,0.65,0.255181,0.65,0.00010183927895390983,0.65,0.5,,-5.377642775528102e-17
controller_tick,1898,189800000,189.8,simulation,0.5169964532279571,0.5169964532279571,1898,189.8,189.8,0.0,True,False,0.255238,0.65,0.255238,0.65,0.00010186146335456394,0.65,0.5,,-5.204170427930421e-17
controller_tick,1899,189900000,189.9,simulation,0.5169435477177399,0.5169435477177399,1899,189.9,189.9,0.0,True,False,0.255292,0.65,0.255292,0.65,0.00010188370633724126,0.65,0.5,,-5.551115123125783e-17
controller_tick,1900,190000000,190.0,simulation,0.5168906997570073,0.5168906997570073,1900,190.0,190.0,0.0,True,False,0.25535,0.65,0.25535,0.65,0.00010190588813202685,0.65,0.5,,-5.204170427930421e-17
controller_tick,1901,190100000,190.1,simulation,0.5168379093704887,0.5168379093704887,1901,190.1,190.1,0.0,True,False,0.255408,0.65,0.255408,0.65,0.0001019281668218496,0.65,0.5,,-5.551115123125783e-17
controller_tick,1902,190200000,190.2,simulation,0.5167851767289545,0.5167851767289545,1902,190.2,190.2,0.0,True,False,0.255466,0.65,0.255466,0.65,0.0001019505331859276,0.65,0.5,,-5.551115123125783e-17
controller_tick,1903,190300000,190.3,simulation,0.5167325019855835,0.5167325019855835,1903,190.3,190.3,0.0,True,False,0.255522,0.65,0.255522,0.65,0.00010197297888095235,0.65,0.5,,-5.551115123125783e-17
controller_tick,1904,190400000,190.4,simulation,0.5166798852002447,0.5166798852002447,1904,190.4,190.4,0.0,True,False,0.255581,0.65,0.255581,0.65,0.00010199542022752056,0.65,0.5,,-5.0306980803327406e-17
controller_tick,1905,190500000,190.5,simulation,0.5166273264670276,0.5166273264670276,1905,190.5,190.5,0.0,True,False,0.25564,0.65,0.25564,0.65,0.00010201797183454092,0.65,0.5,,-5.377642775528102e-17
controller_tick,1906,190600000,190.6,simulation,0.5165748259820102,0.5165748259820102,1906,190.6,190.6,0.0,True,False,0.255696,0.65,0.255696,0.65,0.00010204062320934414,0.65,0.5,,-5.0306980803327406e-17
controller_tick,1907,190700000,190.7,simulation,0.5165223838051637,0.5165223838051637,1907,190.7,190.7,0.0,True,False,0.255756,0.65,0.255756,0.65,0.00010206325066267203,0.65,0.5,,-5.204170427930421e-17
controller_tick,1908,190800000,190.8,simulation,0.5164700000319329,0.5164700000319329,1908,190.8,190.8,0.0,True,False,0.255813,0.65,0.255813,0.65,0.00010208600873108511,0.65,0.5,,-4.85722573273506e-17
controller_tick,1909,190900000,190.9,simulation,0.5164176747809489,0.5164176747809489,1909,190.9,190.9,0.0,True,False,0.255871,0.65,0.255871,0.65,0.00010210877078981626,0.65,0.5,,-4.163336342344337e-17
controller_tick,1910,191000000,191.0,simulation,0.5163654080846274,0.5163654080846274,1910,191.0,191.0,0.0,True,False,0.255932,0.65,0.255932,0.65,0.0001021315745241693,0.65,0.5,,-3.8163916471489756e-17
controller_tick,1911,191100000,191.1,simulation,0.5163132001244816,0.5163132001244816,1911,191.1,191.1,0.0,True,False,0.25599,0.65,0.25599,0.65,0.00010215453016328279,0.65,0.5,,-3.9898639947466563e-17
controller_tick,1912,191200000,191.2,simulation,0.5162610510595682,0.5162610510595682,1912,191.2,191.2,0.0,True,False,0.256048,0.65,0.256048,0.65,0.00010217750905640918,0.65,0.5,,-3.8163916471489756e-17
controller_tick,1913,191300000,191.3,simulation,0.5162089609201668,0.5162089609201668,1913,191.3,191.3,0.0,True,False,0.256107,0.65,0.256107,0.65,0.00010220050899063655,0.65,0.5,,-3.469446951953614e-17
controller_tick,1914,191400000,191.4,simulation,0.5161569297710321,0.5161569297710321,1914,191.4,191.4,0.0,True,False,0.256166,0.65,0.256166,0.65,0.00010222356602867218,0.65,0.5,,-3.469446951953614e-17
controller_tick,1915,191500000,191.5,simulation,0.5161049577068326,0.5161049577068326,1915,191.5,191.5,0.0,True,False,0.256225,0.65,0.256225,0.65,0.00010224667473637023,0.65,0.5,,-3.122502256758253e-17
controller_tick,1916,191600000,191.6,simulation,0.5160530448118696,0.5160530448118696,1916,191.6,191.6,0.0,True,False,0.256285,0.65,0.256285,0.65,0.00010226983019671223,0.65,0.5,,-2.949029909160572e-17
controller_tick,1917,191700000,191.7,simulation,0.5160011911997605,0.5160011911997605,1917,191.7,191.7,0.0,True,False,0.256345,0.65,0.256345,0.65,0.00010229306602562865,0.65,0.5,,-2.2551405187698492e-17
controller_tick,1918,191800000,191.8,simulation,0.5159493970093674,0.5159493970093674,1918,191.8,191.8,0.0,True,False,0.256405,0.65,0.256405,0.65,0.00010231637457503845,0.65,0.5,,-2.7755575615628914e-17
controller_tick,1919,191900000,191.9,simulation,0.5158976623649618,0.5158976623649618,1919,191.9,191.9,0.0,True,False,0.256463,0.65,0.256463,0.65,0.00010233974892467172,0.65,0.5,,-1.734723475976807e-17
controller_tick,1920,192000000,192.0,simulation,0.5158459873002205,0.5158459873002205,1920,192.0,192.0,0.0,True,False,0.256524,0.65,0.256524,0.65,0.00010236310668274372,0.65,0.5,,-1.5612511283791264e-17
controller_tick,1921,192100000,192.1,simulation,0.5157943718854977,0.5157943718854977,1921,192.1,192.1,0.0,True,False,0.256585,0.65,0.256585,0.65,0.0001023865636232486,0.65,0.5,,-1.3877787807814457e-17
controller_tick,1922,192200000,192.2,simulation,0.5157428162953591,0.5157428162953591,1922,192.2,192.2,0.0,True,False,0.256644,0.65,0.256644,0.65,0.00010241011030772997,0.65,0.5,,-1.0408340855860843e-17
controller_tick,1923,192300000,192.3,simulation,0.515691320608971,0.515691320608971,1923,192.3,192.3,0.0,True,False,0.256706,0.65,0.256706,0.65,0.00010243366206585376,0.65,0.5,,-8.673617379884035e-18
controller_tick,1924,192400000,192.4,simulation,0.5156398849378301,0.5156398849378301,1924,192.4,192.4,0.0,True,False,0.256765,0.65,0.256765,0.65,0.0001024573326098974,0.65,0.5,,-6.938893903907228e-18
controller_tick,1925,192500000,192.5,simulation,0.5155885093776219,0.5155885093776219,1925,192.5,192.5,0.0,True,False,0.256824,0.65,0.256824,0.65,0.00010248099644078769,0.65,0.5,,-5.204170427930421e-18
controller_tick,1926,192600000,192.6,simulation,0.5155371939012686,0.5155371939012686,1926,192.6,192.6,0.0,True,False,0.256887,0.65,0.256887,0.65,0.00010250465419736565,0.65,0.5,,-3.469446951953614e-18
controller_tick,1927,192700000,192.7,simulation,0.515485938637697,0.515485938637697,1927,192.7,192.7,0.0,True,False,0.256947,0.65,0.256947,0.65,0.00010252845871780966,0.65,0.5,,1.734723475976807e-18
controller_tick,1928,192800000,192.8,simulation,0.5154347437357796,0.5154347437357796,1928,192.8,192.8,0.0,True,False,0.257007,0.65,0.257007,0.65,0.00010255228184059294,0.65,0.5,,0.0
controller_tick,1929,192900000,192.9,simulation,0.5153836092165454,0.5153836092165454,1929,192.9,192.9,0.0,True,False,0.257068,0.65,0.257068,0.65,0.00010257612179546885,0.65,0.5,,-1.734723475976807e-18
controller_tick,1930,193000000,193.0,simulation,0.5153325351363433,0.5153325351363433,1930,193.0,193.0,0.0,True,False,0.257129,0.65,0.257129,0.65,0.00010260001504568479,0.65,0.5,,1.734723475976807e-18
controller_tick,1931,193100000,193.1,simulation,0.5152815215821999,0.5152815215821999,1931,193.1,193.1,0.0,True,False,0.25719,0.65,0.25719,0.65,0.00010262395651951859,0.65,0.5,,-1.734723475976807e-18
controller_tick,1932,193200000,193.2,simulation,0.5152305686314665,0.5152305686314665,1932,193.2,193.2,0.0,True,False,0.257252,0.65,0.257252,0.65,0.00010264794162788624,0.65,0.5,,3.469446951953614e-18
controller_tick,1933,193300000,193.3,simulation,0.5151796763914362,0.5151796763914362,1933,193.3,193.3,0.0,True,False,0.257314,0.65,0.257314,0.65,0.00010267200428344566,0.65,0.5,,1.214306433183765e-17
controller_tick,1934,193400000,193.4,simulation,0.515128844995213,0.515128844995213,1934,193.4,193.4,0.0,True,False,0.257376,0.65,0.257376,0.65,0.00010269613710660582,0.65,0.5,,1.734723475976807e-17
controller_tick,1935,193500000,193.5,simulation,0.5150780745618225,0.5150780745618225,1935,193.5,193.5,0.0,True,False,0.257439,0.65,0.257439,0.65,0.00010272033342003669,0.65,0.5,,2.0816681711721685e-17
controller_tick,1936,193600000,193.6,simulation,0.5150273652362475,0.5150273652362475,1936,193.6,193.6,0.0,True,False,0.257502,0.65,0.257502,0.65,0.00010274462524687294,0.65,0.5,,1.9081958235744878e-17
controller_tick,1937,193700000,193.7,simulation,0.5149767171856768,0.5149767171856768,1937,193.7,193.7,0.0,True,False,0.257562,0.65,0.257562,0.65,0.00010276900349781233,0.65,0.5,,1.734723475976807e-17
controller_tick,1938,193800000,193.8,simulation,0.5149261304438704,0.5149261304438704,1938,193.8,193.8,0.0,True,False,0.257625,0.65,0.257625,0.65,0.00010279334575341569,0.65,0.5,,1.214306433183765e-17
controller_tick,1939,193900000,193.9,simulation,0.5148756050437886,0.5148756050437886,1939,193.9,193.9,0.0,True,False,0.257686,0.65,0.257686,0.65,0.00010281776963419049,0.65,0.5,,1.5612511283791264e-17
controller_tick,1940,194000000,194.0,simulation,0.5148251410487339,0.5148251410487339,1940,194.0,194.0,0.0,True,False,0.25775,0.65,0.25775,0.65,0.0001028421912424091,0.65,0.5,,1.214306433183765e-17
controller_tick,1941,194100000,194.1,simulation,0.5147747385558133,0.5147747385558133,1941,194.1,194.1,0.0,True,False,0.257811,0.65,0.257811,0.65,0.00010286672498943219,0.65,0.5,,1.0408340855860843e-17
controller_tick,1942,194200000,194.2,simulation,0.514724397647657,0.514724397647657,1942,194.2,194.2,0.0,True,False,0.257876,0.65,0.257876,0.65,0.00010289124600874323,0.65,0.5,,1.5612511283791264e-17
controller_tick,1943,194300000,194.3,simulation,0.5146741184401225,0.5146741184401225,1943,194.3,194.3,0.0,True,False,0.257938,0.65,0.257938,0.65,0.0001029159077716753,0.65,0.5,,1.734723475976807e-17
controller_tick,1944,194400000,194.4,simulation,0.5146239010702215,0.5146239010702215,1944,194.4,194.4,0.0,True,False,0.258,0.65,0.258,0.65,0.00010294058268960367,0.65,0.5,,2.0816681711721685e-17
controller_tick,1945,194500000,194.5,simulation,0.5145737455482151,0.5145737455482151,1945,194.5,194.5,0.0,True,False,0.258063,0.65,0.258063,0.65,0.00010296526951066493,0.65,0.5,,1.3877787807814457e-17
controller_tick,1946,194600000,194.6,simulation,0.5145236519206737,0.5145236519206737,1946,194.6,194.6,0.0,True,False,0.258126,0.65,0.258126,0.65,0.000102990005167159,0.65,0.5,,1.3877787807814457e-17
controller_tick,1947,194700000,194.7,simulation,0.5144736202657403,0.5144736202657403,1947,194.7,194.7,0.0,True,False,0.258189,0.65,0.258189,0.65,0.00010301478501178003,0.65,0.5,,2.0816681711721685e-17
controller_tick,1948,194800000,194.8,simulation,0.5144236506526922,0.5144236506526922,1948,194.8,194.8,0.0,True,False,0.258252,0.65,0.258252,0.65,0.00010303960483947173,0.65,0.5,,2.6020852139652106e-17
controller_tick,1949,194900000,194.9,simulation,0.5143737431427854,0.5143737431427854,1949,194.9,194.9,0.0,True,False,0.258316,0.65,0.258316,0.65,0.00010306446084534188,0.65,0.5,,2.0816681711721685e-17
controller_tick,1950,195000000,195.0,simulation,0.5143238978287136,0.5143238978287136,1950,195.0,195.0,0.0,True,False,0.25838,0.65,0.25838,0.65,0.00010308938765161438,0.65,0.5,,2.0816681711721685e-17
controller_tick,1951,195100000,195.1,simulation,0.5142741148303357,0.5142741148303357,1951,195.1,195.1,0.0,True,False,0.258444,0.65,0.258444,0.65,0.00010311437852074016,0.65,0.5,,2.42861286636753e-17
controller_tick,1952,195200000,195.2,simulation,0.5142243942546569,0.5142243942546569,1952,195.2,195.2,0.0,True,False,0.258509,0.65,0.258509,0.65,0.00010313942735633266,0.65,0.5,,2.7755575615628914e-17
controller_tick,1953,195300000,195.3,simulation,0.5141747362357485,0.5141747362357485,1953,195.3,195.3,0.0,True,False,0.258571,0.65,0.258571,0.65,0.00010316456670718605,0.65,0.5,,2.2551405187698492e-17
controller_tick,1954,195400000,195.4,simulation,0.5141251408148023,0.5141251408148023,1954,195.4,195.4,0.0,True,False,0.258636,0.65,0.258636,0.65,0.00010318967376453604,0.65,0.5,,2.6020852139652106e-17
controller_tick,1955,195500000,195.5,simulation,0.514075608031468,0.514075608031468,1955,195.5,195.5,0.0,True,False,0.258699,0.65,0.258699,0.65,0.00010321486579661415,0.65,0.5,,3.122502256758253e-17
controller_tick,1956,195600000,195.6,simulation,0.5140261379550654,0.5140261379550654,1956,195.6,195.6,0.0,True,False,0.258765,0.65,0.258765,0.65,0.00010324005858694028,0.65,0.5,,3.2959746043559335e-17
controller_tick,1957,195700000,195.7,simulation,0.5139767306881105,0.5139767306881105,1957,195.7,195.7,0.0,True,False,0.258828,0.65,0.258828,0.65,0.00010326536625845593,0.65,0.5,,2.949029909160572e-17
controller_tick,1958,195800000,195.8,simulation,0.5139273863180922,0.5139273863180922,1958,195.8,195.8,0.0,True,False,0.258894,0.65,0.258894,0.65,0.00010329066368367216,0.65,0.5,,2.7755575615628914e-17
controller_tick,1959,195900000,195.9,simulation,0.5138781049265332,0.5138781049265332,1959,195.9,195.9,0.0,True,False,0.258958,0.65,0.258958,0.65,0.00010331606603275161,0.65,0.5,,2.42861286636753e-17
controller_tick,1960,196000000,196.0,simulation,0.5138288866206232,0.5138288866206232,1960,196.0,196.0,0.0,True,False,0.259022,0.65,0.259022,0.65,0.00010334148719080298,0.65,0.5,,2.42861286636753e-17
controller_tick,1961,196100000,196.1,simulation,0.5137797314210378,0.5137797314210378,1961,196.1,196.1,0.0,True,False,0.259086,0.65,0.259086,0.65,0.00010336692536791595,0.65,0.5,,3.122502256758253e-17
controller_tick,1962,196200000,196.2,simulation,0.5137306393450389,0.5137306393450389,1962,196.2,196.2,0.0,True,False,0.259151,0.65,0.259151,0.65,0.00010339237894451267,0.65,0.5,,3.469446951953614e-17
controller_tick,1963,196300000,196.3,simulation,0.513681610445496,0.513681610445496,1963,196.3,196.3,0.0,True,False,0.259216,0.65,0.259216,0.65,0.00010341788452017129,0.65,0.5,,3.8163916471489756e-17
controller_tick,1964,196400000,196.4,simulation,0.5136326448062166,0.5136326448062166,1964,196.4,196.4,0.0,True,False,0.259281,0.65,0.259281,0.65,0.00010344343714652681,0.65,0.5,,3.8163916471489756e-17
controller_tick,1965,196500000,196.5,simulation,0.5135837425015684,0.5135837425015684,1965,196.5,196.5,0.0,True,False,0.259346,0.65,0.259346,0.65,0.00010346903234611343,0.65,0.5,,3.8163916471489756e-17
controller_tick,1966,196600000,196.6,simulation,0.5135349035973774,0.5135349035973774,1966,196.6,196.6,0.0,True,False,0.259412,0.65,0.259412,0.65,0.00010349466606755256,0.65,0.5,,3.9898639947466563e-17
controller_tick,1967,196700000,196.7,simulation,0.513486128190438,0.513486128190438,1967,196.7,196.7,0.0,True,False,0.259478,0.65,0.259478,0.65,0.00010352037271003806,0.65,0.5,,3.8163916471489756e-17
controller_tick,1968,196800000,196.8,simulation,0.5134374164042838,0.5134374164042838,1968,196.8,196.8,0.0,True,False,0.259545,0.65,0.259545,0.65,0.00010354614533421485,0.65,0.5,,3.2959746043559335e-17
controller_tick,1969,196900000,196.9,simulation,0.5133887683879058,0.5133887683879058,1969,196.9,196.9,0.0,True,False,0.259608,0.65,0.259608,0.65,0.00010357201572612763,0.65,0.5,,3.122502256758253e-17
controller_tick,1970,197000000,197.0,simulation,0.5133401841572648,0.5133401841572648,1970,197.0,197.0,0.0,True,False,0.259675,0.65,0.259675,0.65,0.00010359782232181504,0.65,0.5,,3.8163916471489756e-17
controller_tick,1971,197100000,197.1,simulation,0.5132916637304259,0.5132916637304259,1971,197.1,197.1,0.0,True,False,0.25974,0.65,0.25974,0.65,0.00010362372345242177,0.65,0.5,,3.8163916471489756e-17
controller_tick,1972,197200000,197.2,simulation,0.513243207194577,0.513243207194577,1972,197.2,197.2,0.0,True,False,0.259807,0.65,0.259807,0.65,0.00010364963399169524,0.65,0.5,,3.642919299551295e-17
controller_tick,1973,197300000,197.3,simulation,0.5131948146296702,0.5131948146296702,1973,197.3,197.3,0.0,True,False,0.259872,0.65,0.259872,0.65,0.00010367562917434801,0.65,0.5,,2.6020852139652106e-17
controller_tick,1974,197400000,197.4,simulation,0.513146486104024,0.513146486104024,1974,197.4,197.4,0.0,True,False,0.25994,0.65,0.25994,0.65,0.00010370162481543197,0.65,0.5,,3.122502256758253e-17
controller_tick,1975,197500000,197.5,simulation,0.5130982217192128,0.5130982217192128,1975,197.5,197.5,0.0,True,False,0.260005,0.65,0.260005,0.65,0.00010372773506641998,0.65,0.5,,3.642919299551295e-17
controller_tick,1976,197600000,197.6,simulation,0.5130500215618387,0.5130500215618387,1976,197.6,197.6,0.0,True,False,0.260071,0.65,0.260071,0.65,0.0001037538348256393,0.65,0.5,,3.469446951953614e-17
controller_tick,1977,197700000,197.7,simulation,0.5130018856351944,0.5130018856351944,1977,197.7,197.7,0.0,True,False,0.260137,0.65,0.260137,0.65,0.00010377996315654653,0.65,0.5,,3.9898639947466563e-17
controller_tick,1978,197800000,197.8,simulation,0.5129538139782119,0.5129538139782119,1978,197.8,197.8,0.0,True,False,0.260203,0.65,0.260203,0.65,0.00010380611734018606,0.65,0.5,,4.336808689942018e-17
controller_tick,1979,197900000,197.9,simulation,0.5129058066246371,0.5129058066246371,1979,197.9,197.9,0.0,True,False,0.26027,0.65,0.26027,0.65,0.00010383229491634513,0.65,0.5,,3.8163916471489756e-17
controller_tick,1980,198000000,198.0,simulation,0.5128578636422196,0.5128578636422196,1980,198.0,198.0,0.0,True,False,0.260337,0.65,0.260337,0.65,0.00010385853172396398,0.65,0.5,,3.8163916471489756e-17
controller_tick,1981,198100000,198.1,simulation,0.5128099851281958,0.5128099851281958,1981,198.1,198.1,0.0,True,False,0.260404,0.65,0.260404,0.65,0.00010388482212642396,0.65,0.5,,4.5102810375396984e-17
controller_tick,1982,198200000,198.2,simulation,0.5127621711690487,0.5127621711690487,1982,198.2,198.2,0.0,True,False,0.260471,0.65,0.260471,0.65,0.0001039111610235016,0.65,0.5,,4.163336342344337e-17
controller_tick,1983,198300000,198.3,simulation,0.5127144218415323,0.5127144218415323,1983,198.3,198.3,0.0,True,False,0.260539,0.65,0.260539,0.65,0.0001039375438003239,0.65,0.5,,3.8163916471489756e-17
controller_tick,1984,198400000,198.4,simulation,0.5126667372522932,0.5126667372522932,1984,198.4,198.4,0.0,True,False,0.260604,0.65,0.260604,0.65,0.0001039640043462138,0.65,0.5,,3.469446951953614e-17
controller_tick,1985,198500000,198.5,simulation,0.5126191174176563,0.5126191174176563,1985,198.5,198.5,0.0,True,False,0.260672,0.65,0.260672,0.65,0.00010399042106536771,0.65,0.5,,3.8163916471489756e-17
controller_tick,1986,198600000,198.6,simulation,0.5125715623547191,0.5125715623547191,1986,198.6,198.6,0.0,True,False,0.260738,0.65,0.260738,0.65,0.00010401691232354934,0.65,0.5,,3.9898639947466563e-17
controller_tick,1987,198700000,198.7,simulation,0.5125240721123433,0.5125240721123433,1987,198.7,198.7,0.0,True,False,0.260807,0.65,0.260807,0.65,0.00010404339489736677,0.65,0.5,,4.683753385137379e-17
controller_tick,1988,198800000,198.8,simulation,0.5124766467744816,0.5124766467744816,1988,198.8,198.8,0.0,True,False,0.260873,0.65,0.260873,0.65,0.00010406998380834488,0.65,0.5,,5.204170427930421e-17
controller_tick,1989,198900000,198.9,simulation,0.5124292864117743,0.5124292864117743,1989,198.9,198.9,0.0,True,False,0.260942,0.65,0.260942,0.65,0.00010409655474206657,0.65,0.5,,5.0306980803327406e-17
controller_tick,1990,199000000,199.0,simulation,0.5123819910904471,0.5123819910904471,1990,199.0,199.0,0.0,True,False,0.261009,0.65,0.261009,0.65,0.0001041232236043923,0.65,0.5,,4.85722573273506e-17
controller_tick,1991,199100000,199.1,simulation,0.5123347609037963,0.5123347609037963,1991,199.1,199.1,0.0,True,False,0.261076,0.65,0.261076,0.65,0.00010414990494611771,0.65,0.5,,4.85722573273506e-17
controller_tick,1992,199200000,199.2,simulation,0.5122875958598744,0.5122875958598744,1992,199.2,199.2,0.0,True,False,0.261143,0.65,0.261143,0.65,0.0001041765975796709,0.65,0.5,,5.0306980803327406e-17
controller_tick,1993,199300000,199.3,simulation,0.5122404959644695,0.5122404959644695,1993,199.3,199.3,0.0,True,False,0.261214,0.65,0.261214,0.65,0.00010420330043049238,0.65,0.5,,5.551115123125783e-17
controller_tick,1994,199400000,199.4,simulation,0.512193461376106,0.512193461376106,1994,199.4,199.4,0.0,True,False,0.261282,0.65,0.261282,0.65,0.00010423016478641164,0.65,0.5,,5.551115123125783e-17
controller_tick,1995,199500000,199.5,simulation,0.512146492270296,0.512146492270296,1995,199.5,199.5,0.0,True,False,0.26135,0.65,0.26135,0.65,0.00010425706108308826,0.65,0.5,,5.898059818321144e-17
controller_tick,1996,199600000,199.6,simulation,0.5120995886920314,0.5120995886920314,1996,199.6,199.6,0.0,True,False,0.261415,0.65,0.261415,0.65,0.00010428398628095726,0.65,0.5,,5.898059818321144e-17
controller_tick,1997,199700000,199.7,simulation,0.5120527505644187,0.5120527505644187,1997,199.7,199.7,0.0,True,False,0.261484,0.65,0.261484,0.65,0.00010431082343460824,0.65,0.5,,5.724587470723463e-17
controller_tick,1998,199800000,199.8,simulation,0.5120059778589052,0.5120059778589052,1998,199.8,199.8,0.0,True,False,0.261553,0.65,0.261553,0.65,0.00010433773318268743,0.65,0.5,,5.551115123125783e-17
controller_tick,1999,199900000,199.9,simulation,0.5119592706978562,0.5119592706978562,1999,199.9,199.9,0.0,True,False,0.261622,0.65,0.261622,0.65,0.0001043647086169216,0.65,0.5,,5.0306980803327406e-17
controller_tick,2000,200000000,200.0,simulation,0.5119126291904575,0.5119126291904575,2000,200.0,200.0,0.0,True,False,0.261689,0.65,0.261689,0.65,0.00010439174348644664,0.65,0.5,,4.85722573273506e-17
controller_tick,2001,200100000,200.1,simulation,0.5118660533565781,0.5118660533565781,2001,200.1,200.1,0.0,True,False,0.261759,0.65,0.261759,0.65,0.00010441875600518127,0.65,0.5,,4.85722573273506e-17
controller_tick,2002,200200000,200.2,simulation,0.5118195432539203,0.5118195432539203,2002,200.2,200.2,0.0,True,False,0.261826,0.65,0.261826,0.65,0.00010444586249518273,0.65,0.5,,5.204170427930421e-17
controller_tick,2003,200300000,200.3,simulation,0.5117730989293555,0.5117730989293555,2003,200.3,200.3,0.0,True,False,0.261896,0.65,0.261896,0.65,0.00010447293981880432,0.65,0.5,,4.85722573273506e-17
controller_tick,2004,200400000,200.4,simulation,0.5117267204275858,0.5117267204275858,2004,200.4,200.4,0.0,True,False,0.261964,0.65,0.261964,0.65,0.00010450010494669237,0.65,0.5,,4.5102810375396984e-17
controller_tick,2005,200500000,200.5,simulation,0.5116804078224155,0.5116804078224155,2005,200.5,200.5,0.0,True,False,0.262035,0.65,0.262035,0.65,0.00010452727339310064,0.65,0.5,,4.5102810375396984e-17
controller_tick,2006,200600000,200.6,simulation,0.5116341612203319,0.5116341612203319,2006,200.6,200.6,0.0,True,False,0.262103,0.65,0.262103,0.65,0.00010455455903732852,0.65,0.5,,5.204170427930421e-17
controller_tick,2007,200700000,200.7,simulation,0.5115879807123301,0.5115879807123301,2007,200.7,200.7,0.0,True,False,0.262171,0.65,0.262171,0.65,0.00010458183653143055,0.65,0.5,,5.551115123125783e-17
controller_tick,2008,200800000,200.8,simulation,0.5115418662669305,0.5115418662669305,2008,200.8,200.8,0.0,True,False,0.26224,0.65,0.26224,0.65,0.00010460910665099374,0.65,0.5,,5.551115123125783e-17
controller_tick,2009,200900000,200.9,simulation,0.511495817892831,0.511495817892831,2009,200.9,200.9,0.0,True,False,0.262309,0.65,0.262309,0.65,0.00010463640816283104,0.65,0.5,,5.377642775528102e-17
controller_tick,2010,201000000,201.0,simulation,0.5114498356338032,0.5114498356338032,2010,201.0,201.0,0.0,True,False,0.262378,0.65,0.262378,0.65,0.00010466373807957258,0.65,0.5,,5.0306980803327406e-17
controller_tick,2011,201100000,201.1,simulation,0.51140391952792,0.51140391952792,2011,201.1,201.1,0.0,True,False,0.262448,0.65,0.262448,0.65,0.00010469109369813434,0.65,0.5,,4.85722573273506e-17
controller_tick,2012,201200000,201.2,simulation,0.511358069646795,0.511358069646795,2012,201.2,201.2,0.0,True,False,0.262518,0.65,0.262518,0.65,0.00010471851063769753,0.65,0.5,,5.204170427930421e-17
controller_tick,2013,201300000,201.3,simulation,0.5113122860911095,0.5113122860911095,2013,201.3,201.3,0.0,True,False,0.262588,0.65,0.262588,0.65,0.00010474598306279732,0.65,0.5,,5.204170427930421e-17
controller_tick,2014,201400000,201.4,simulation,0.5112665689504122,0.5112665689504122,2014,201.4,201.4,0.0,True,False,0.262655,0.65,0.262655,0.65,0.00010477350569328679,0.65,0.5,,4.683753385137379e-17
controller_tick,2015,201500000,201.5,simulation,0.5112209181880913,0.5112209181880913,2015,201.5,201.5,0.0,True,False,0.262726,0.65,0.262726,0.65,0.00010480095955639308,0.65,0.5,,3.9898639947466563e-17
controller_tick,2016,201600000,201.6,simulation,0.5111753338120081,0.5111753338120081,2016,201.6,201.6,0.0,True,False,0.262797,0.65,0.262797,0.65,0.00010482850345632906,0.65,0.5,,3.2959746043559335e-17
controller_tick,2017,201700000,201.7,simulation,0.5111298159774412,0.5111298159774412,2017,201.7,201.7,0.0,True,False,0.262865,0.65,0.262865,0.65,0.00010485612882495754,0.65,0.5,,3.469446951953614e-17
controller_tick,2018,201800000,201.8,simulation,0.5110843647072352,0.5110843647072352,2018,201.8,201.8,0.0,True,False,0.262937,0.65,0.262937,0.65,0.00010488371371440906,0.65,0.5,,3.2959746043559335e-17
controller_tick,2019,201900000,201.9,simulation,0.511038980063031,0.511038980063031,2019,201.9,201.9,0.0,True,False,0.263005,0.65,0.263005,0.65,0.00010491141423691773,0.65,0.5,,3.8163916471489756e-17
controller_tick,2020,202000000,202.0,simulation,0.5109936620939665,0.5109936620939665,2020,202.0,202.0,0.0,True,False,0.263074,0.65,0.263074,0.65,0.00010493906712841216,0.65,0.5,,4.336808689942018e-17
controller_tick,2021,202100000,202.1,simulation,0.5109484107319525,0.5109484107319525,2021,202.1,202.1,0.0,True,False,0.263147,0.65,0.263147,0.65,0.00010496671498661539,0.65,0.5,,3.9898639947466563e-17
controller_tick,2022,202200000,202.2,simulation,0.5109032261060671,0.5109032261060671,2022,202.2,202.2,0.0,True,False,0.263216,0.65,0.263216,0.65,0.00010499451055063958,0.65,0.5,,4.163336342344337e-17
controller_tick,2023,202300000,202.3,simulation,0.510858108326449,0.510858108326449,2023,202.3,202.3,0.0,True,False,0.263286,0.65,0.263286,0.65,0.0001050222875042863,0.65,0.5,,4.5102810375396984e-17
controller_tick,2024,202400000,202.4,simulation,0.5108130573801865,0.5108130573801865,2024,202.4,202.4,0.0,True,False,0.263356,0.65,0.263356,0.65,0.00010505008568359988,0.65,0.5,,4.163336342344337e-17
controller_tick,2025,202500000,202.5,simulation,0.5107680732914811,0.5107680732914811,2025,202.5,202.5,0.0,True,False,0.263427,0.65,0.263427,0.65,0.00010507790306869106,0.65,0.5,,4.163336342344337e-17
controller_tick,2026,202600000,202.6,simulation,0.5107231561193787,0.5107231561193787,2026,202.6,202.6,0.0,True,False,0.263497,0.65,0.263497,0.65,0.00010510577589692126,0.65,0.5,,3.9898639947466563e-17
controller_tick,2027,202700000,202.7,simulation,0.5106783059144758,0.5106783059144758,2027,202.7,202.7,0.0,True,False,0.263568,0.65,0.263568,0.65,0.00010513366082714542,0.65,0.5,,4.163336342344337e-17
controller_tick,2028,202800000,202.8,simulation,0.510633522722268,0.510633522722268,2028,202.8,202.8,0.0,True,False,0.263636,0.65,0.263636,0.65,0.00010516159477273935,0.65,0.5,,4.683753385137379e-17
controller_tick,2029,202900000,202.9,simulation,0.5105888065036993,0.5105888065036993,2029,202.9,202.9,0.0,True,False,0.263708,0.65,0.263708,0.65,0.00010518945887417553,0.65,0.5,,4.85722573273506e-17
controller_tick,2030,203000000,203.0,simulation,0.5105441572644032,0.5105441572644032,2030,203.0,203.0,0.0,True,False,0.26378,0.65,0.26378,0.65,0.0001052174120381355,0.65,0.5,,4.683753385137379e-17
controller_tick,2031,203100000,203.1,simulation,0.5104995751576262,0.5104995751576262,2031,203.1,203.1,0.0,True,False,0.263849,0.65,0.263849,0.65,0.00010524544578919953,0.65,0.5,,4.5102810375396984e-17
controller_tick,2032,203200000,203.2,simulation,0.5104550602043576,0.5104550602043576,2032,203.2,203.2,0.0,True,False,0.263921,0.65,0.263921,0.65,0.00010527343826339238,0.65,0.5,,4.163336342344337e-17
controller_tick,2033,203300000,203.3,simulation,0.5104106124258472,0.5104106124258472,2033,203.3,203.3,0.0,True,False,0.26399,0.65,0.26399,0.65,0.00010530150758382604,0.65,0.5,,4.85722573273506e-17
controller_tick,2034,203400000,203.4,simulation,0.5103662318359504,0.5103662318359504,2034,203.4,203.4,0.0,True,False,0.264063,0.65,0.264063,0.65,0.00010532953224251548,0.65,0.5,,4.85722573273506e-17
controller_tick,2035,203500000,203.5,simulation,0.5103219184881588,0.5103219184881588,2035,203.5,203.5,0.0,True,False,0.264133,0.65,0.264133,0.65,0.00010535766874971869,0.65,0.5,,4.683753385137379e-17
controller_tick,2036,203600000,203.6,simulation,0.5102776724629162,0.5102776724629162,2036,203.6,203.6,0.0,True,False,0.264204,0.65,0.264204,0.65,0.00010538579226654399,0.65,0.5,,4.683753385137379e-17
controller_tick,2037,203700000,203.7,simulation,0.5102334937578593,0.5102334937578593,2037,203.7,203.7,0.0,True,False,0.264277,0.65,0.264277,0.65,0.00010541394209422207,0.65,0.5,,4.5102810375396984e-17
controller_tick,2038,203800000,203.8,simulation,0.5101893824841097,0.5101893824841097,2038,203.8,203.8,0.0,True,False,0.264348,0.65,0.264348,0.65,0.0001054421918590098,0.65,0.5,,5.377642775528102e-17
controller_tick,2039,203900000,203.9,simulation,0.5101453387380862,0.5101453387380862,2039,203.9,203.9,0.0,True,False,0.264419,0.65,0.264419,0.65,0.00010547045592056823,0.65,0.5,,4.85722573273506e-17
controller_tick,2040,204000000,204.0,simulation,0.5101013625305993,0.5101013625305993,2040,204.0,204.0,0.0,True,False,0.264491,0.65,0.264491,0.65,0.00010549873291837974,0.65,0.5,,4.85722573273506e-17
controller_tick,2041,204100000,204.1,simulation,0.5100574539085618,0.5100574539085618,2041,204.1,204.1,0.0,True,False,0.264562,0.65,0.264562,0.65,0.00010552705968642987,0.65,0.5,,4.5102810375396984e-17
controller_tick,2042,204200000,204.2,simulation,0.5100136129115757,0.5100136129115757,2042,204.2,204.2,0.0,True,False,0.264631,0.65,0.264631,0.65,0.00010555539342342143,0.65,0.5,,4.683753385137379e-17
controller_tick,2043,204300000,204.3,simulation,0.5099698394590835,0.5099698394590835,2043,204.3,204.3,0.0,True,False,0.264703,0.65,0.264703,0.65,0.00010558365733610641,0.65,0.5,,4.336808689942018e-17
controller_tick,2044,204400000,204.4,simulation,0.5099261335178883,0.5099261335178883,2044,204.4,204.4,0.0,True,False,0.264776,0.65,0.264776,0.65,0.00010561197226424443,0.65,0.5,,4.5102810375396984e-17
controller_tick,2045,204500000,204.5,simulation,0.5098824952073661,0.5098824952073661,2045,204.5,204.5,0.0,True,False,0.264849,0.65,0.264849,0.65,0.00010564037141810605,0.65,0.5,,4.336808689942018e-17
controller_tick,2046,204600000,204.6,simulation,0.5098389246713643,0.5098389246713643,2046,204.6,204.6,0.0,True,False,0.264918,0.65,0.264918,0.65,0.00010566884678255395,0.65,0.5,,4.163336342344337e-17
controller_tick,2047,204700000,204.7,simulation,0.5097954218836552,0.5097954218836552,2047,204.7,204.7,0.0,True,False,0.264992,0.65,0.264992,0.65,0.00010569723884506085,0.65,0.5,,4.163336342344337e-17
controller_tick,2048,204800000,204.8,simulation,0.5097519868627265,0.5097519868627265,2048,204.8,204.8,0.0,True,False,0.265062,0.65,0.265062,0.65,0.00010572574585801844,0.65,0.5,,4.336808689942018e-17
controller_tick,2049,204900000,204.9,simulation,0.5097086196560704,0.5097086196560704,2049,204.9,204.9,0.0,True,False,0.265133,0.65,0.265133,0.65,0.00010575420462231389,0.65,0.5,,3.9898639947466563e-17
controller_tick,2050,205000000,205.0,simulation,0.5096653201940761,0.5096653201940761,2050,205.0,205.0,0.0,True,False,0.265207,0.65,0.265207,0.65,0.00010578265779444726,0.65,0.5,,3.8163916471489756e-17
controller_tick,2051,205100000,205.1,simulation,0.5096220885657161,0.5096220885657161,2051,205.1,205.1,0.0,True,False,0.265278,0.65,0.265278,0.65,0.00010581122010168148,0.65,0.5,,3.469446951953614e-17
controller_tick,2052,205200000,205.2,simulation,0.509578924846089,0.509578924846089,2052,205.2,205.2,0.0,True,False,0.26535,0.65,0.26535,0.65,0.00010583976696334021,0.65,0.5,,3.469446951953614e-17
controller_tick,2053,205300000,205.3,simulation,0.5095358290279789,0.5095358290279789,2053,205.3,205.3,0.0,True,False,0.265422,0.65,0.265422,0.65,0.0001058683379142971,0.65,0.5,,3.2959746043559335e-17
controller_tick,2054,205400000,205.4,simulation,0.5094928011407085,0.5094928011407085,2054,205.4,205.4,0.0,True,False,0.265494,0.65,0.265494,0.65,0.00010589693066215231,0.65,0.5,,3.2959746043559335e-17
controller_tick,2055,205500000,205.5,simulation,0.5094498412092288,0.5094498412092288,2055,205.5,205.5,0.0,True,False,0.265566,0.65,0.265566,0.65,0.00010592554313265674,0.65,0.5,,3.9898639947466563e-17
controller_tick,2056,205600000,205.6,simulation,0.5094069492545348,0.5094069492545348,2056,205.6,205.6,0.0,True,False,0.265638,0.65,0.265638,0.65,0.00010595417344895218,0.65,0.5,,4.163336342344337e-17
controller_tick,2057,205700000,205.7,simulation,0.5093641252940428,0.5093641252940428,2057,205.7,205.7,0.0,True,False,0.265711,0.65,0.265711,0.65,0.00010598281991278704,0.65,0.5,,4.336808689942018e-17
controller_tick,2058,205800000,205.8,simulation,0.5093213693806272,0.5093213693806272,2058,205.8,205.8,0.0,True,False,0.265784,0.65,0.265784,0.65,0.00010601151905255259,0.65,0.5,,4.683753385137379e-17
controller_tick,2059,205900000,205.9,simulation,0.5092786815979643,0.5092786815979643,2059,205.9,205.9,0.0,True,False,0.265855,0.65,0.265855,0.65,0.00010604026585547126,0.65,0.5,,4.5102810375396984e-17
controller_tick,2060,206000000,206.0,simulation,0.5092360619427762,0.5092360619427762,2060,206.0,206.0,0.0,True,False,0.265928,0.65,0.265928,0.65,0.00010606897965572875,0.65,0.5,,3.8163916471489756e-17
controller_tick,2061,206100000,206.1,simulation,0.5091935104130602,0.5091935104130602,2061,206.1,206.1,0.0,True,False,0.265999,0.65,0.265999,0.65,0.00010609773972400908,0.65,0.5,,3.9898639947466563e-17
controller_tick,2062,206200000,206.2,simulation,0.5091510270028805,0.5091510270028805,2062,206.2,206.2,0.0,True,False,0.266073,0.65,0.266073,0.65,0.00010612646552726217,0.65,0.5,,4.163336342344337e-17
controller_tick,2063,206300000,206.3,simulation,0.5091086117465261,0.5091086117465261,2063,206.3,206.3,0.0,True,False,0.266145,0.65,0.266145,0.65,0.00010615527452133485,0.65,0.5,,4.5102810375396984e-17
controller_tick,2064,206400000,206.4,simulation,0.5090662647083144,0.5090662647083144,2064,206.4,206.4,0.0,True,False,0.266219,0.65,0.266219,0.65,0.00010618408265950833,0.65,0.5,,4.683753385137379e-17
controller_tick,2065,206500000,206.5,simulation,0.5090239859473872,0.5090239859473872,2065,206.5,206.5,0.0,True,False,0.266291,0.65,0.266291,0.65,0.00010621296615329779,0.65,0.5,,3.9898639947466563e-17
controller_tick,2066,206600000,206.6,simulation,0.5089817755131166,0.5089817755131166,2066,206.6,206.6,0.0,True,False,0.266363,0.65,0.266363,0.65,0.00010624184170160266,0.65,0.5,,3.8163916471489756e-17
controller_tick,2067,206700000,206.7,simulation,0.5089396333737295,0.5089396333737295,2067,206.7,206.7,0.0,True,False,0.266435,0.65,0.266435,0.65,0.00010627071006053577,0.65,0.5,,3.9898639947466563e-17
controller_tick,2068,206800000,206.8,simulation,0.5088975594988975,0.5088975594988975,2068,206.8,206.8,0.0,True,False,0.266508,0.65,0.266508,0.65,0.00010629957191425632,0.65,0.5,,4.163336342344337e-17
controller_tick,2069,206900000,206.9,simulation,0.5088555538982957,0.5088555538982957,2069,206.9,206.9,0.0,True,False,0.266581,0.65,0.266581,0.65,0.00010632846594684989,0.65,0.5,,4.163336342344337e-17
controller_tick,2070,207000000,207.0,simulation,0.5088136166165151,0.5088136166165151,2070,207.0,207.0,0.0,True,False,0.266654,0.65,0.266654,0.65,0.00010635738909609185,0.65,0.5,,4.163336342344337e-17
controller_tick,2071,207100000,207.1,simulation,0.5087717476923059,0.5087717476923059,2071,207.1,207.1,0.0,True,False,0.266727,0.65,0.266727,0.65,0.00010638633859116676,0.65,0.5,,3.9898639947466563e-17
controller_tick,2072,207200000,207.2,simulation,0.5087299471591336,0.5087299471591336,2072,207.2,207.2,0.0,True,False,0.266801,0.65,0.266801,0.65,0.00010641531192493714,0.65,0.5,,3.642919299551295e-17
controller_tick,2073,207300000,207.3,simulation,0.5086882150843782,0.5086882150843782,2073,207.3,207.3,0.0,True,False,0.266875,0.65,0.266875,0.65,0.00010644434489388396,0.65,0.5,,2.949029909160572e-17
controller_tick,2074,207400000,207.4,simulation,0.5086465515648261,0.5086465515648261,2074,207.4,207.4,0.0,True,False,0.266946,0.65,0.266946,0.65,0.00010647343182296985,0.65,0.5,,2.949029909160572e-17
controller_tick,2075,207500000,207.5,simulation,0.508604956570349,0.508604956570349,2075,207.5,207.5,0.0,True,False,0.26702,0.65,0.26702,0.65,0.0001065024533821103,0.65,0.5,,2.949029909160572e-17
controller_tick,2076,207600000,207.6,simulation,0.5085634300759146,0.5085634300759146,2076,207.6,207.6,0.0,True,False,0.267095,0.65,0.267095,0.65,0.00010653152998717645,0.65,0.5,,2.7755575615628914e-17
controller_tick,2077,207700000,207.7,simulation,0.5085219722082553,0.5085219722082553,2077,207.7,207.7,0.0,True,False,0.267167,0.65,0.267167,0.65,0.00010656069446488867,0.65,0.5,,1.9081958235744878e-17
controller_tick,2078,207800000,207.8,simulation,0.5084805830017548,0.5084805830017548,2078,207.8,207.8,0.0,True,False,0.267239,0.65,0.267239,0.65,0.00010658982425796073,0.65,0.5,,2.42861286636753e-17
controller_tick,2079,207900000,207.9,simulation,0.5084392623736467,0.5084392623736467,2079,207.9,207.9,0.0,True,False,0.267314,0.65,0.267314,0.65,0.00010661892266707255,0.65,0.5,,2.2551405187698492e-17
controller_tick,2080,208000000,208.0,simulation,0.5083980103635527,0.5083980103635527,2080,208.0,208.0,0.0,True,False,0.267387,0.65,0.267387,0.65,0.00010664810687390114,0.65,0.5,,2.2551405187698492e-17
controller_tick,2081,208100000,208.1,simulation,0.5083568270406003,0.5083568270406003,2081,208.1,208.1,0.0,True,False,0.26746,0.65,0.26746,0.65,0.00010667729258364871,0.65,0.5,,2.2551405187698492e-17
controller_tick,2082,208200000,208.2,simulation,0.5083157123908756,0.5083157123908756,2082,208.2,208.2,0.0,True,False,0.267533,0.65,0.267533,0.65,0.0001067064796532936,0.65,0.5,,2.0816681711721685e-17
controller_tick,2083,208300000,208.3,simulation,0.5082746664001941,0.5082746664001941,2083,208.3,208.3,0.0,True,False,0.267606,0.65,0.267606,0.65,0.00010673566795342446,0.65,0.5,,2.2551405187698492e-17
controller_tick,2084,208400000,208.4,simulation,0.5082336890541268,0.5082336890541268,2084,208.4,208.4,0.0,True,False,0.26768,0.65,0.26768,0.65,0.00010676485736694508,0.65,0.5,,2.42861286636753e-17
controller_tick,2085,208500000,208.5,simulation,0.5081927803767193,0.5081927803767193,2085,208.5,208.5,0.0,True,False,0.267754,0.65,0.267754,0.65,0.00010679408585293519,0.65,0.5,,2.42861286636753e-17
controller_tick,2086,208600000,208.6,simulation,0.5081519404255496,0.5081519404255496,2086,208.6,208.6,0.0,True,False,0.267828,0.65,0.267828,0.65,0.00010682334969315771,0.65,0.5,,2.42861286636753e-17
controller_tick,2087,208700000,208.7,simulation,0.5081111692511032,0.5081111692511032,2087,208.7,208.7,0.0,True,False,0.267902,0.65,0.267902,0.65,0.00010685264552321261,0.65,0.5,,2.0816681711721685e-17
controller_tick,2088,208800000,208.8,simulation,0.508070466897449,0.508070466897449,2088,208.8,208.8,0.0,True,False,0.267977,0.65,0.267977,0.65,0.00010688197029886485,0.65,0.5,,2.2551405187698492e-17
controller_tick,2089,208900000,208.9,simulation,0.5080298334415452,0.5080298334415452,2089,208.9,208.9,0.0,True,False,0.268049,0.65,0.268049,0.65,0.00010691135933060941,0.65,0.5,,2.42861286636753e-17
controller_tick,2090,209000000,209.0,simulation,0.5079892688727407,0.5079892688727407,2090,209.0,209.0,0.0,True,False,0.268124,0.65,0.268124,0.65,0.0001069406923085723,0.65,0.5,,1.734723475976807e-17
controller_tick,2091,209100000,209.1,simulation,0.5079487731836109,0.5079487731836109,2091,209.1,209.1,0.0,True,False,0.268196,0.65,0.268196,0.65,0.00010697008876207446,0.65,0.5,,2.0816681711721685e-17
controller_tick,2092,209200000,209.2,simulation,0.5079083463620199,0.5079083463620199,2092,209.2,209.2,0.0,True,False,0.268271,0.65,0.268271,0.65,0.00010699942845552134,0.65,0.5,,1.9081958235744878e-17
controller_tick,2093,209300000,209.3,simulation,0.5078679883991997,0.5078679883991997,2093,209.3,209.3,0.0,True,False,0.268344,0.65,0.268344,0.65,0.00010702883098544471,0.65,0.5,,1.734723475976807e-17
controller_tick,2094,209400000,209.4,simulation,0.5078276993204957,0.5078276993204957,2094,209.4,209.4,0.0,True,False,0.268417,0.65,0.268417,0.65,0.00010705821424209765,0.65,0.5,,1.3877787807814457e-17
controller_tick,2095,209500000,209.5,simulation,0.5077874790723811,0.5077874790723811,2095,209.5,209.5,0.0,True,False,0.268494,0.65,0.268494,0.65,0.00010708758005957433,0.65,0.5,,1.734723475976807e-17
controller_tick,2096,209600000,209.6,simulation,0.5077473277596155,0.5077473277596155,2096,209.6,209.6,0.0,True,False,0.268567,0.65,0.268567,0.65,0.00010711708235756292,0.65,0.5,,2.0816681711721685e-17
controller_tick,2097,209700000,209.7,simulation,0.507707245470272,0.507707245470272,2097,209.7,209.7,0.0,True,False,0.268641,0.65,0.268641,0.65,0.0001071465558880944,0.65,0.5,,2.0816681711721685e-17
controller_tick,2098,209800000,209.8,simulation,0.5076672321714116,0.5076672321714116,2098,209.8,209.8,0.0,True,False,0.268715,0.65,0.268715,0.65,0.00010717604145378705,0.65,0.5,,2.0816681711721685e-17
controller_tick,2099,209900000,209.9,simulation,0.5076272878690534,0.5076272878690534,2099,209.9,209.9,0.0,True,False,0.268789,0.65,0.268789,0.65,0.00010720553790934385,0.65,0.5,,2.0816681711721685e-17
controller_tick,2100,210000000,210.0,simulation,0.5075874125670333,0.5075874125670333,2100,210.0,210.0,0.0,True,False,0.268864,0.65,0.268864,0.65,0.0001072350442184572,0.65,0.5,,1.3877787807814457e-17
controller_tick,2101,210100000,210.1,simulation,0.5075476063059084,0.5075476063059084,2101,210.1,210.1,0.0,True,False,0.268935,0.65,0.268935,0.65,0.00010726459750847002,0.65,0.5,,6.938893903907228e-18
controller_tick,2102,210200000,210.2,simulation,0.5075078690033968,0.5075078690033968,2102,210.2,210.2,0.0,True,False,0.26901,0.65,0.26901,0.65,0.00010729404104842747,0.65,0.5,,-1.734723475976807e-18
controller_tick,2103,210300000,210.3,simulation,0.5074682005885435,0.5074682005885435,2103,210.3,210.3,0.0,True,False,0.269085,0.65,0.269085,0.65,0.00010732353754255934,0.65,0.5,,-3.469446951953614e-18
controller_tick,2104,210400000,210.4,simulation,0.5074286011452526,0.5074286011452526,2104,210.4,210.4,0.0,True,False,0.269158,0.65,0.269158,0.65,0.00010735308195160963,0.65,0.5,,-6.938893903907228e-18
controller_tick,2105,210500000,210.5,simulation,0.5073890706704233,0.5073890706704233,2105,210.5,210.5,0.0,True,False,0.269234,0.65,0.269234,0.65,0.00010738259358580545,0.65,0.5,,0.0
controller_tick,2106,210600000,210.6,simulation,0.5073496092008805,0.5073496092008805,2106,210.6,210.6,0.0,True,False,0.269306,0.65,0.269306,0.65,0.00010741218975918491,0.65,0.5,,0.0
controller_tick,2107,210700000,210.7,simulation,0.5073102167258151,0.5073102167258151,2107,210.7,210.7,0.0,True,False,0.269383,0.65,0.269383,0.65,0.00010744171016664991,0.65,0.5,,0.0
controller_tick,2108,210800000,210.8,simulation,0.5072708932776215,0.5072708932776215,2108,210.8,210.8,0.0,True,False,0.269456,0.65,0.269456,0.65,0.0001074713523434444,0.65,0.5,,1.734723475976807e-18
controller_tick,2109,210900000,210.9,simulation,0.5072316389163306,0.5072316389163306,2109,210.9,210.9,0.0,True,False,0.26953,0.65,0.26953,0.65,0.00010750095244155343,0.65,0.5,,1.734723475976807e-18
controller_tick,2110,211000000,211.0,simulation,0.5071924535836324,0.5071924535836324,2110,211.0,211.0,0.0,True,False,0.269606,0.65,0.269606,0.65,0.00010753055253032615,0.65,0.5,,0.0
controller_tick,2111,211100000,211.1,simulation,0.5071533373399839,0.5071533373399839,2111,211.1,211.1,0.0,True,False,0.26968,0.65,0.26968,0.65,0.0001075602287407166,0.65,0.5,,-8.673617379884035e-18
controller_tick,2112,211200000,211.2,simulation,0.5071142902359188,0.5071142902359188,2112,211.2,211.2,0.0,True,False,0.269755,0.65,0.269755,0.65,0.00010758989769872952,0.65,0.5,,-1.214306433183765e-17
controller_tick,2113,211300000,211.3,simulation,0.5070753122793829,0.5070753122793829,2113,211.3,211.3,0.0,True,False,0.269829,0.65,0.269829,0.65,0.00010761959815955268,0.65,0.5,,-1.0408340855860843e-17
controller_tick,2114,211400000,211.4,simulation,0.5070364034746769,0.5070364034746769,2114,211.4,211.4,0.0,True,False,0.269904,0.65,0.269904,0.65,0.0001076492890602645,0.65,0.5,,-1.734723475976807e-17
controller_tick,2115,211500000,211.5,simulation,0.5069975638253482,0.5069975638253482,2115,211.5,211.5,0.0,True,False,0.269976,0.65,0.269976,0.65,0.00010767900937566268,0.65,0.5,,-2.2551405187698492e-17
controller_tick,2116,211600000,211.6,simulation,0.5069587932543261,0.5069587932543261,2116,211.6,211.6,0.0,True,False,0.270051,0.65,0.270051,0.65,0.00010770864211147135,0.65,0.5,,-2.42861286636753e-17
controller_tick,2117,211700000,211.7,simulation,0.5069200916940926,0.5069200916940926,2117,211.7,211.7,0.0,True,False,0.270127,0.65,0.270127,0.65,0.00010773830979708873,0.65,0.5,,-3.122502256758253e-17
controller_tick,2118,211800000,211.8,simulation,0.5068814592329269,0.5068814592329269,2118,211.8,211.8,0.0,True,False,0.270203,0.65,0.270203,0.65,0.00010776804717163357,0.65,0.5,,-3.469446951953614e-17
controller_tick,2119,211900000,211.9,simulation,0.5068428959864975,0.5068428959864975,2119,211.9,211.9,0.0,True,False,0.270276,0.65,0.270276,0.65,0.00010779784760332758,0.65,0.5,,-3.122502256758253e-17
controller_tick,2120,212000000,212.0,simulation,0.5068044019417326,0.5068044019417326,2120,212.0,212.0,0.0,True,False,0.270352,0.65,0.270352,0.65,0.0001078275908963913,0.65,0.5,,-2.42861286636753e-17
controller_tick,2121,212100000,212.1,simulation,0.5067659770890051,0.5067659770890051,2121,212.1,212.1,0.0,True,False,0.270425,0.65,0.270425,0.65,0.00010785739668338267,0.65,0.5,,-3.2959746043559335e-17
controller_tick,2122,212200000,212.2,simulation,0.5067276214141736,0.5067276214141736,2122,212.2,212.2,0.0,True,False,0.270499,0.65,0.270499,0.65,0.00010788714482211982,0.65,0.5,,-2.949029909160572e-17
controller_tick,2123,212300000,212.3,simulation,0.506689334829251,0.506689334829251,2123,212.3,212.3,0.0,True,False,0.270576,0.65,0.270576,0.65,0.00010791687886359227,0.65,0.5,,-2.42861286636753e-17
controller_tick,2124,212400000,212.4,simulation,0.5066511174065405,0.5066511174065405,2124,212.4,212.4,0.0,True,False,0.27065,0.65,0.27065,0.65,0.00010794671434443045,0.65,0.5,,-2.949029909160572e-17
controller_tick,2125,212500000,212.5,simulation,0.5066129692060156,0.5066129692060156,2125,212.5,212.5,0.0,True,False,0.270724,0.65,0.270724,0.65,0.00010797652741630407,0.65,0.5,,-2.949029909160572e-17
controller_tick,2126,212600000,212.6,simulation,0.5065748901680373,0.5065748901680373,2126,212.6,212.6,0.0,True,False,0.270799,0.65,0.270799,0.65,0.00010800632021170804,0.65,0.5,,-2.6020852139652106e-17
controller_tick,2127,212700000,212.7,simulation,0.5065368802757331,0.5065368802757331,2127,212.7,212.7,0.0,True,False,0.270873,0.65,0.270873,0.65,0.00010803613272523638,0.65,0.5,,-2.949029909160572e-17
controller_tick,2128,212800000,212.8,simulation,0.5064989395109513,0.5064989395109513,2128,212.8,212.8,0.0,True,False,0.270948,0.65,0.270948,0.65,0.00010806592501542866,0.65,0.5,,-3.469446951953614e-17
controller_tick,2129,212900000,212.9,simulation,0.5064610678569259,0.5064610678569259,2129,212.9,212.9,0.0,True,False,0.271024,0.65,0.271024,0.65,0.00010809573707182254,0.65,0.5,,-3.642919299551295e-17
controller_tick,2130,213000000,213.0,simulation,0.5064232653729936,0.5064232653729936,2130,213.0,213.0,0.0,True,False,0.271099,0.65,0.271099,0.65,0.00010812560507844801,0.65,0.5,,-4.163336342344337e-17
controller_tick,2131,213100000,213.1,simulation,0.5063855321099408,0.5063855321099408,2131,213.1,213.1,0.0,True,False,0.271172,0.65,0.271172,0.65,0.0001081554856459038,0.65,0.5,,-4.85722573273506e-17
controller_tick,2132,213200000,213.2,simulation,0.5063478679972724,0.5063478679972724,2132,213.2,213.2,0.0,True,False,0.271248,0.65,0.271248,0.65,0.00010818530144880332,0.65,0.5,,-5.377642775528102e-17
controller_tick,2133,213300000,213.3,simulation,0.5063102730108391,0.5063102730108391,2133,213.3,213.3,0.0,True,False,0.271324,0.65,0.271324,0.65,0.00010821517284540728,0.65,0.5,,-5.551115123125783e-17
controller_tick,2134,213400000,213.4,simulation,0.5062727472394499,0.5062727472394499,2134,213.4,213.4,0.0,True,False,0.271397,0.65,0.271397,0.65,0.00010824509454527525,0.65,0.5,,-4.85722573273506e-17
controller_tick,2135,213500000,213.5,simulation,0.506235290645734,0.506235290645734,2135,213.5,213.5,0.0,True,False,0.271474,0.65,0.271474,0.65,0.00010827494756632037,0.65,0.5,,-5.0306980803327406e-17
controller_tick,2136,213600000,213.6,simulation,0.5061979032367765,0.5061979032367765,2136,213.6,213.6,0.0,True,False,0.271548,0.65,0.271548,0.65,0.00010830489070432789,0.65,0.5,,-4.5102810375396984e-17
controller_tick,2137,213700000,213.7,simulation,0.506160585050976,0.506160585050976,2137,213.7,213.7,0.0,True,False,0.271622,0.65,0.271622,0.65,0.00010833480118843666,0.65,0.5,,-4.163336342344337e-17
controller_tick,2138,213800000,213.8,simulation,0.506123336009174,0.506123336009174,2138,213.8,213.8,0.0,True,False,0.271699,0.65,0.271699,0.65,0.00010836468212607598,0.65,0.5,,-3.642919299551295e-17
controller_tick,2139,213900000,213.9,simulation,0.5060861561542315,0.5060861561542315,2139,213.9,213.9,0.0,True,False,0.271773,0.65,0.271773,0.65,0.00010839465052406252,0.65,0.5,,-2.949029909160572e-17
controller_tick,2140,214000000,214.0,simulation,0.5060490455194854,0.5060490455194854,2140,214.0,214.0,0.0,True,False,0.271848,0.65,0.271848,0.65,0.00010842458386434548,0.65,0.5,,-2.7755575615628914e-17
controller_tick,2141,214100000,214.1,simulation,0.5060120040598937,0.5060120040598937,2141,214.1,214.1,0.0,True,False,0.271923,0.65,0.271923,0.65,0.00010845452354813921,0.65,0.5,,-3.2959746043559335e-17
controller_tick,2142,214200000,214.2,simulation,0.5059750317705148,0.5059750317705148,2142,214.2,214.2,0.0,True,False,0.271998,0.65,0.271998,0.65,0.00010848446897177888,0.65,0.5,,-3.469446951953614e-17
controller_tick,2143,214300000,214.3,simulation,0.5059381286452579,0.5059381286452579,2143,214.3,214.3,0.0,True,False,0.272073,0.65,0.272073,0.65,0.0001085144195890459,0.65,0.5,,-3.469446951953614e-17
controller_tick,2144,214400000,214.4,simulation,0.505901294676992,0.505901294676992,2144,214.4,214.4,0.0,True,False,0.272149,0.65,0.272149,0.65,0.00010854437490570131,0.65,0.5,,-3.2959746043559335e-17
controller_tick,2145,214500000,214.5,simulation,0.5058645298963416,0.5058645298963416,2145,214.5,214.5,0.0,True,False,0.272222,0.65,0.272222,0.65,0.00010857437253957194,0.65,0.5,,-2.949029909160572e-17
controller_tick,2146,214600000,214.6,simulation,0.5058278342507244,0.5058278342507244,2146,214.6,214.6,0.0,True,False,0.272298,0.65,0.272298,0.65,0.00010860429426854399,0.65,0.5,,-2.949029909160572e-17
controller_tick,2147,214700000,214.7,simulation,0.5057912076947685,0.5057912076947685,2147,214.7,214.7,0.0,True,False,0.272374,0.65,0.272374,0.65,0.00010863426151102192,0.65,0.5,,-2.949029909160572e-17
controller_tick,2148,214800000,214.8,simulation,0.5057546502980833,0.5057546502980833,2148,214.8,214.8,0.0,True,False,0.272448,0.65,0.272448,0.65,0.00010866426993582302,0.65,0.5,,-3.2959746043559335e-17
controller_tick,2149,214900000,214.9,simulation,0.5057181620446246,0.5057181620446246,2149,214.9,214.9,0.0,True,False,0.272524,0.65,0.272524,0.65,0.00010869423949386551,0.65,0.5,,-3.642919299551295e-17
controller_tick,2150,215000000,215.0,simulation,0.5056817429208005,0.5056817429208005,2150,215.0,215.0,0.0,True,False,0.272598,0.65,0.272598,0.65,0.00010872425001387605,0.65,0.5,,-3.642919299551295e-17
controller_tick,2151,215100000,215.1,simulation,0.5056453929101511,0.5056453929101511,2151,215.1,215.1,0.0,True,False,0.272675,0.65,0.272675,0.65,0.00010875422146774246,0.65,0.5,,-3.469446951953614e-17
controller_tick,2152,215200000,215.2,simulation,0.505609112037405,0.505609112037405,2152,215.2,215.2,0.0,True,False,0.27275,0.65,0.27275,0.65,0.0001087842717681982,0.65,0.5,,-3.469446951953614e-17
controller_tick,2153,215300000,215.3,simulation,0.5055729003581915,0.5055729003581915,2153,215.3,215.3,0.0,True,False,0.272824,0.65,0.272824,0.65,0.0001088143172819327,0.65,0.5,,-3.122502256758253e-17
controller_tick,2154,215400000,215.4,simulation,0.5055367578076649,0.5055367578076649,2154,215.4,215.4,0.0,True,False,0.272899,0.65,0.272899,0.65,0.00010884432039942993,0.65,0.5,,-3.642919299551295e-17
controller_tick,2155,215500000,215.5,simulation,0.5055006843268154,0.5055006843268154,2155,215.5,215.5,0.0,True,False,0.272974,0.65,0.272974,0.65,0.00010887432322025808,0.65,0.5,,-3.8163916471489756e-17
controller_tick,2156,215600000,215.6,simulation,0.5054646798980654,0.5054646798980654,2156,215.6,215.6,0.0,True,False,0.273049,0.65,0.273049,0.65,0.00010890432577264893,0.65,0.5,,-3.8163916471489756e-17
controller_tick,2157,215700000,215.7,simulation,0.505428744503894,0.505428744503894,2157,215.7,215.7,0.0,True,False,0.273125,0.65,0.273125,0.65,0.00010893432808214768,0.65,0.5,,-4.5102810375396984e-17
controller_tick,2158,215800000,215.8,simulation,0.5053928781655274,0.5053928781655274,2158,215.8,215.8,0.0,True,False,0.2732,0.65,0.2732,0.65,0.00010896436823690136,0.65,0.5,,-5.204170427930421e-17
controller_tick,2159,215900000,215.9,simulation,0.5053570808992747,0.5053570808992747,2159,215.9,215.9,0.0,True,False,0.273276,0.65,0.273276,0.65,0.00010899440457042499,0.65,0.5,,-5.0306980803327406e-17
controller_tick,2160,216000000,216.0,simulation,0.5053213527195394,0.5053213527195394,2160,216.0,216.0,0.0,True,False,0.273352,0.65,0.273352,0.65,0.00010902447551138948,0.65,0.5,,-5.0306980803327406e-17
controller_tick,2161,216100000,216.1,simulation,0.5052856936751537,0.5052856936751537,2161,216.1,216.1,0.0,True,False,0.273426,0.65,0.273426,0.65,0.00010905457776646141,0.65,0.5,,-4.683753385137379e-17
controller_tick,2162,216200000,216.2,simulation,0.5052501037312764,0.5052501037312764,2162,216.2,216.2,0.0,True,False,0.273502,0.65,0.273502,0.65,0.0001090846322256439,0.65,0.5,,-4.336808689942018e-17
controller_tick,2163,216300000,216.3,simulation,0.5052145828573105,0.5052145828573105,2163,216.3,216.3,0.0,True,False,0.273576,0.65,0.273576,0.65,0.00010911471956738274,0.65,0.5,,-3.469446951953614e-17
controller_tick,2164,216400000,216.4,simulation,0.5051791310214121,0.5051791310214121,2164,216.4,216.4,0.0,True,False,0.273653,0.65,0.273653,0.65,0.00010914476053242341,0.65,0.5,,-3.642919299551295e-17
controller_tick,2165,216500000,216.5,simulation,0.5051437482343932,0.5051437482343932,2165,216.5,216.5,0.0,True,False,0.273727,0.65,0.273727,0.65,0.00010917487372919061,0.65,0.5,,-3.469446951953614e-17
controller_tick,2166,216600000,216.6,simulation,0.5051084345005976,0.5051084345005976,2166,216.6,216.6,0.0,True,False,0.273804,0.65,0.273804,0.65,0.0001092049380888284,0.65,0.5,,-3.2959746043559335e-17
controller_tick,2167,216700000,216.7,simulation,0.5050731898261475,0.5050731898261475,2167,216.7,216.7,0.0,True,False,0.273879,0.65,0.273879,0.65,0.00010923507245390244,0.65,0.5,,-3.8163916471489756e-17
controller_tick,2168,216800000,216.8,simulation,0.5050380142498399,0.5050380142498399,2168,216.8,216.8,0.0,True,False,0.273953,0.65,0.273953,0.65,0.00010926519403244913,0.65,0.5,,-3.8163916471489756e-17
controller_tick,2169,216900000,216.9,simulation,0.5050029076916024,0.5050029076916024,2169,216.9,216.9,0.0,True,False,0.274028,0.65,0.274028,0.65,0.00010929526597623461,0.65,0.5,,-3.9898639947466563e-17
controller_tick,2170,217000000,217.0,simulation,0.504967870078651,0.504967870078651,2170,217.0,217.0,0.0,True,False,0.274104,0.65,0.274104,0.65,0.00010932533107366371,0.65,0.5,,-4.163336342344337e-17
controller_tick,2171,217100000,217.1,simulation,0.5049329014196442,0.5049329014196442,2171,217.1,217.1,0.0,True,False,0.274179,0.65,0.274179,0.65,0.00010935542804128616,0.65,0.5,,-4.163336342344337e-17
controller_tick,2172,217200000,217.2,simulation,0.504898001719523,0.504898001719523,2172,217.2,217.2,0.0,True,False,0.274255,0.65,0.274255,0.65,0.00010938551578121929,0.65,0.5,,-4.163336342344337e-17
controller_tick,2173,217300000,217.3,simulation,0.5048631709824076,0.5048631709824076,2173,217.3,217.3,0.0,True,False,0.274331,0.65,0.274331,0.65,0.00010941563323662664,0.65,0.5,,-4.5102810375396984e-17
controller_tick,2174,217400000,217.4,simulation,0.5048284092478287,0.5048284092478287,2174,217.4,217.4,0.0,True,False,0.274407,0.65,0.274407,0.65,0.00010944577757970693,0.65,0.5,,-4.163336342344337e-17
controller_tick,2175,217500000,217.5,simulation,0.5047937165499236,0.5047937165499236,2175,217.5,217.5,0.0,True,False,0.27448,0.65,0.27448,0.65,0.0001094759462517598,0.65,0.5,,-4.683753385137379e-17
controller_tick,2176,217600000,217.6,simulation,0.504759092801862,0.504759092801862,2176,217.6,217.6,0.0,True,False,0.274556,0.65,0.274556,0.65,0.00010950602274247905,0.65,0.5,,-4.85722573273506e-17
controller_tick,2177,217700000,217.7,simulation,0.5047245379272903,0.5047245379272903,2177,217.7,217.7,0.0,True,False,0.27463,0.65,0.27463,0.65,0.00010953613001917674,0.65,0.5,,-5.551115123125783e-17
controller_tick,2178,217800000,217.8,simulation,0.5046900518903994,0.5046900518903994,2178,217.8,217.8,0.0,True,False,0.274707,0.65,0.274707,0.65,0.00010956618902211412,0.65,0.5,,-5.551115123125783e-17
controller_tick,2179,217900000,217.9,simulation,0.5046556346984167,0.5046556346984167,2179,217.9,217.9,0.0,True,False,0.274781,0.65,0.274781,0.65,0.00010959631854024519,0.65,0.5,,-5.204170427930421e-17
controller_tick,2180,218000000,218.0,simulation,0.5046212863524457,0.5046212863524457,2180,218.0,218.0,0.0,True,False,0.274858,0.65,0.274858,0.65,0.00010962639766806372,0.65,0.5,,-5.377642775528102e-17
controller_tick,2181,218100000,218.1,simulation,0.5045870068556806,0.5045870068556806,2181,218.1,218.1,0.0,True,False,0.274933,0.65,0.274933,0.65,0.00010965654539594029,0.65,0.5,,-5.551115123125783e-17
controller_tick,2182,218200000,218.2,simulation,0.504552796244272,0.504552796244272,2182,218.2,218.2,0.0,True,False,0.275007,0.65,0.275007,0.65,0.00010968667906565071,0.65,0.5,,-5.0306980803327406e-17
controller_tick,2183,218300000,218.3,simulation,0.5045186544357565,0.5045186544357565,2183,218.3,218.3,0.0,True,False,0.275082,0.65,0.275082,0.65,0.00010971676194997358,0.65,0.5,,-4.85722573273506e-17
controller_tick,2184,218400000,218.4,simulation,0.5044845813551898,0.5044845813551898,2184,218.4,218.4,0.0,True,False,0.275157,0.65,0.275157,0.65,0.00010974683694681027,0.65,0.5,,-4.683753385137379e-17
controller_tick,2185,218500000,218.5,simulation,0.5044505769705835,0.5044505769705835,2185,218.5,218.5,0.0,True,False,0.275232,0.65,0.275232,0.65,0.00010977690480675434,0.65,0.5,,-5.204170427930421e-17
controller_tick,2186,218600000,218.6,simulation,0.504416641251384,0.504416641251384,2186,218.6,218.6,0.0,True,False,0.275308,0.65,0.275308,0.65,0.00010980696620897093,0.65,0.5,,-5.0306980803327406e-17
controller_tick,2187,218700000,218.7,simulation,0.5043827742070323,0.5043827742070323,2187,218.7,218.7,0.0,True,False,0.275384,0.65,0.275384,0.65,0.00010983705983302682,0.65,0.5,,-4.336808689942018e-17
controller_tick,2188,218800000,218.8,simulation,0.5043489758818764,0.5043489758818764,2188,218.8,218.8,0.0,True,False,0.27546,0.65,0.27546,0.65,0.00010986718261260863,0.65,0.5,,-4.683753385137379e-17
controller_tick,2189,218900000,218.9,simulation,0.5043152463144168,0.5043152463144168,2189,218.9,218.9,0.0,True,False,0.275536,0.65,0.275536,0.65,0.00010989733177320118,0.65,0.5,,-5.0306980803327406e-17
controller_tick,2190,219000000,219.0,simulation,0.5042815855378624,0.5042815855378624,2190,219.0,219.0,0.0,True,False,0.275609,0.65,0.275609,0.65,0.0001099275048043194,0.65,0.5,,-5.0306980803327406e-17
controller_tick,2191,219100000,219.1,simulation,0.5042479934645463,0.5042479934645463,2191,219.1,219.1,0.0,True,False,0.275686,0.65,0.275686,0.65,0.0001099575852392841,0.65,0.5,,-4.336808689942018e-17
controller_tick,2192,219200000,219.2,simulation,0.5042144700560572,0.5042144700560572,2192,219.2,219.2,0.0,True,False,0.275762,0.65,0.275762,0.65,0.00010998773414991542,0.65,0.5,,-4.5102810375396984e-17
controller_tick,2193,219300000,219.3,simulation,0.504181015387033,0.504181015387033,2193,219.3,219.3,0.0,True,False,0.275836,0.65,0.275836,0.65,0.00011001790695485939,0.65,0.5,,-4.336808689942018e-17
controller_tick,2194,219400000,219.4,simulation,0.5041476294085557,0.5041476294085557,2194,219.4,219.4,0.0,True,False,0.27591,0.65,0.27591,0.65,0.00011004802525020591,0.65,0.5,,-4.5102810375396984e-17
controller_tick,2195,219500000,219.5,simulation,0.5041143119999074,0.5041143119999074,2195,219.5,219.5,0.0,True,False,0.275988,0.65,0.275988,0.65,0.00011007809422322906,0.65,0.5,,-4.85722573273506e-17
controller_tick,2196,219600000,219.6,simulation,0.5040810632050541,0.5040810632050541,2196,219.6,219.6,0.0,True,False,0.276062,0.65,0.276062,0.65,0.00011010827082769958,0.65,0.5,,-5.0306980803327406e-17
controller_tick,2197,219700000,219.7,simulation,0.504047883057065,0.504047883057065,2197,219.7,219.7,0.0,True,False,0.276137,0.65,0.276137,0.65,0.00011013839256099992,0.65,0.5,,-4.85722573273506e-17
controller_tick,2198,219800000,219.8,simulation,0.5040147714732359,0.5040147714732359,2198,219.8,219.8,0.0,True,False,0.276212,0.65,0.276212,0.65,0.0001101685027098451,0.65,0.5,,-5.0306980803327406e-17
controller_tick,2199,219900000,219.9,simulation,0.5039817284145605,0.5039817284145605,2199,219.9,219.9,0.0,True,False,0.276287,0.65,0.276287,0.65,0.00011019860237664176,0.65,0.5,,-5.204170427930421e-17
controller_tick,2200,220000000,220.0,simulation,0.5039487538441385,0.5039487538441385,2200,220.0,220.0,0.0,True,False,0.276362,0.65,0.276362,0.65,0.00011022869255888871,0.65,0.5,,-5.204170427930421e-17
controller_tick,2201,220100000,220.1,simulation,0.5039158477269756,0.5039158477269756,2201,220.1,220.1,0.0,True,False,0.276438,0.65,0.276438,0.65,0.00011025877415916021,0.65,0.5,,-4.683753385137379e-17
controller_tick,2202,220200000,220.2,simulation,0.5038830100684982,0.5038830100684982,2202,220.2,220.2,0.0,True,False,0.276513,0.65,0.276513,0.65,0.00011028888605917197,0.65,0.5,,-4.683753385137379e-17
controller_tick,2203,220300000,220.3,simulation,0.5038502408707298,0.5038502408707298,2203,220.3,220.3,0.0,True,False,0.276589,0.65,0.276589,0.65,0.00011031898731048968,0.65,0.5,,-5.724587470723463e-17
controller_tick,2204,220400000,220.4,simulation,0.5038175401351588,0.5038175401351588,2204,220.4,220.4,0.0,True,False,0.276662,0.65,0.276662,0.65,0.00011034911699150336,0.65,0.5,,-5.724587470723463e-17
controller_tick,2205,220500000,220.5,simulation,0.5037849077828536,0.5037849077828536,2205,220.5,220.5,0.0,True,False,0.276739,0.65,0.276739,0.65,0.00011037915820167138,0.65,0.5,,-5.551115123125783e-17
controller_tick,2206,220600000,220.6,simulation,0.5037523437833106,0.5037523437833106,2206,220.6,220.6,0.0,True,False,0.276815,0.65,0.276815,0.65,0.00011040927162023896,0.65,0.5,,-4.85722573273506e-17
controller_tick,2207,220700000,220.7,simulation,0.5037198482183259,0.5037198482183259,2207,220.7,220.7,0.0,True,False,0.276889,0.65,0.276889,0.65,0.00011043941231063559,0.65,0.5,,-4.163336342344337e-17
controller_tick,2208,220800000,220.8,simulation,0.5036874210454627,0.5036874210454627,2208,220.8,220.8,0.0,True,False,0.276966,0.65,0.276966,0.65,0.00011046950154753805,0.65,0.5,,-3.469446951953614e-17
controller_tick,2209,220900000,220.9,simulation,0.5036550622659585,0.5036550622659585,2209,220.9,220.9,0.0,True,False,0.27704,0.65,0.27704,0.65,0.00011049965842249202,0.65,0.5,,-2.7755575615628914e-17
controller_tick,2210,221000000,221.0,simulation,0.5036227718755046,0.5036227718755046,2210,221.0,221.0,0.0,True,False,0.277114,0.65,0.277114,0.65,0.00011052976230378756,0.65,0.5,,-2.42861286636753e-17
controller_tick,2211,221100000,221.1,simulation,0.5035905497563172,0.5035905497563172,2211,221.1,221.1,0.0,True,False,0.277188,0.65,0.277188,0.65,0.000110559818234438,0.65,0.5,,-2.2551405187698492e-17
controller_tick,2212,221200000,221.2,simulation,0.5035583958002369,0.5035583958002369,2212,221.2,221.2,0.0,True,False,0.277266,0.65,0.277266,0.65,0.00011058983077755056,0.65,0.5,,-2.7755575615628914e-17
controller_tick,2213,221300000,221.3,simulation,0.503526310062598,0.503526310062598,2213,221.3,221.3,0.0,True,False,0.277341,0.65,0.277341,0.65,0.00011061995632212649,0.65,0.5,,-3.122502256758253e-17
controller_tick,2214,221400000,221.4,simulation,0.5034942926254564,0.5034942926254564,2214,221.4,221.4,0.0,True,False,0.277416,0.65,0.277416,0.65,0.00011065006991955642,0.65,0.5,,-3.122502256758253e-17
controller_tick,2215,221500000,221.5,simulation,0.5034623434491556,0.5034623434491556,2215,221.5,221.5,0.0,True,False,0.277491,0.65,0.277491,0.65,0.00011068017270676162,0.65,0.5,,-4.163336342344337e-17
controller_tick,2216,221600000,221.6,simulation,0.5034304624962113,0.5034304624962113,2216,221.6,221.6,0.0,True,False,0.277567,0.65,0.277567,0.65,0.00011071026571247098,0.65,0.5,,-4.336808689942018e-17
controller_tick,2217,221700000,221.7,simulation,0.5033986497698003,0.5033986497698003,2217,221.7,221.7,0.0,True,False,0.277639,0.65,0.277639,0.65,0.00011074038793254969,0.65,0.5,,-4.336808689942018e-17
controller_tick,2218,221800000,221.8,simulation,0.5033669051538265,0.5033669051538265,2218,221.8,221.8,0.0,True,False,0.277715,0.65,0.277715,0.65,0.00011077038432675179,0.65,0.5,,-4.5102810375396984e-17
controller_tick,2219,221900000,221.9,simulation,0.5033352285467471,0.5033352285467471,2219,221.9,221.9,0.0,True,False,0.277791,0.65,0.277791,0.65,0.00011080041912912371,0.65,0.5,,-4.683753385137379e-17
controller_tick,2220,222000000,222.0,simulation,0.5033036200047973,0.5033036200047973,2220,222.0,222.0,0.0,True,False,0.277864,0.65,0.277864,0.65,0.00011083048868464484,0.65,0.5,,-4.5102810375396984e-17
controller_tick,2221,222100000,222.1,simulation,0.5032720794611533,0.5032720794611533,2221,222.1,222.1,0.0,True,False,0.277941,0.65,0.277941,0.65,0.00011086047549101743,0.65,0.5,,-5.204170427930421e-17
controller_tick,2222,222200000,222.2,simulation,0.5032406068962708,0.5032406068962708,2222,222.2,222.2,0.0,True,False,0.278014,0.65,0.278014,0.65,0.00011089053968299524,0.65,0.5,,-5.377642775528102e-17
controller_tick,2223,222300000,222.3,simulation,0.5032092022857784,0.5032092022857784,2223,222.3,222.3,0.0,True,False,0.278091,0.65,0.278091,0.65,0.00011092052163623314,0.65,0.5,,-5.724587470723463e-17
controller_tick,2224,222400000,222.4,simulation,0.503177865611111,0.503177865611111,2224,222.4,222.4,0.0,True,False,0.278165,0.65,0.278165,0.65,0.00011095058143691306,0.65,0.5,,-6.071532165918825e-17
controller_tick,2225,222500000,222.5,simulation,0.5031465968874796,0.5031465968874796,2225,222.5,222.5,0.0,True,False,0.278239,0.65,0.278239,0.65,0.00011098059748177311,0.65,0.5,,-5.898059818321144e-17
controller_tick,2226,222600000,222.6,simulation,0.5031153960147661,0.5031153960147661,2226,222.6,222.6,0.0,True,False,0.278316,0.65,0.278316,0.65,0.00011101057393473006,0.65,0.5,,-5.724587470723463e-17
controller_tick,2227,222700000,222.7,simulation,0.503084263016888,0.503084263016888,2227,222.7,222.7,0.0,True,False,0.278391,0.65,0.278391,0.65,0.00011104062875855,0.65,0.5,,-5.377642775528102e-17
controller_tick,2228,222800000,222.8,simulation,0.5030531979487591,0.5030531979487591,2228,222.8,222.8,0.0,True,False,0.278465,0.65,0.278465,0.65,0.00011107067836519368,0.65,0.5,,-5.204170427930421e-17
controller_tick,2229,222900000,222.9,simulation,0.5030222007449053,0.5030222007449053,2229,222.9,222.9,0.0,True,False,0.27854,0.65,0.27854,0.65,0.00011110068518610828,0.65,0.5,,-4.683753385137379e-17
controller_tick,2230,223000000,223.0,simulation,0.5029912713457659,0.5029912713457659,2230,223.0,223.0,0.0,True,False,0.278615,0.65,0.278615,0.65,0.00011113069135792703,0.65,0.5,,-4.336808689942018e-17
controller_tick,2231,223100000,223.1,simulation,0.5029604097332843,0.5029604097332843,2231,223.1,223.1,0.0,True,False,0.278691,0.65,0.278691,0.65,0.00011116069694241957,0.65,0.5,,-4.683753385137379e-17
controller_tick,2232,223200000,223.2,simulation,0.5029296159282202,0.5029296159282202,2232,223.2,223.2,0.0,True,False,0.278763,0.65,0.278763,0.65,0.00011119074006051017,0.65,0.5,,-4.5102810375396984e-17
controller_tick,2233,223300000,223.3,simulation,0.502898889830391,0.502898889830391,2233,223.3,223.3,0.0,True,False,0.278839,0.65,0.278839,0.65,0.0001112206648802736,0.65,0.5,,-4.336808689942018e-17
controller_tick,2234,223400000,223.4,simulation,0.5028682313526566,0.5028682313526566,2234,223.4,223.4,0.0,True,False,0.278914,0.65,0.278914,0.65,0.00011125063491941521,0.65,0.5,,-4.5102810375396984e-17
controller_tick,2235,223500000,223.5,simulation,0.5028376405255924,0.5028376405255924,2235,223.5,223.5,0.0,True,False,0.278987,0.65,0.278987,0.65,0.00011128060780970948,0.65,0.5,,-5.0306980803327406e-17
controller_tick,2236,223600000,223.6,simulation,0.5028071172604417,0.5028071172604417,2236,223.6,223.6,0.0,True,False,0.279064,0.65,0.279064,0.65,0.00011131050714976778,0.65,0.5,,-5.0306980803327406e-17
controller_tick,2237,223700000,223.7,simulation,0.5027766615552525,0.5027766615552525,2237,223.7,223.7,0.0,True,False,0.279137,0.65,0.279137,0.65,0.00011134049219895159,0.65,0.5,,-4.85722573273506e-17
controller_tick,2238,223800000,223.8,simulation,0.5027462734015749,0.5027462734015749,2238,223.8,223.8,0.0,True,False,0.279213,0.65,0.279213,0.65,0.00011137040254082812,0.65,0.5,,-5.551115123125783e-17
controller_tick,2239,223900000,223.9,simulation,0.5027159527565584,0.5027159527565584,2239,223.9,223.9,0.0,True,False,0.279287,0.65,0.279287,0.65,0.00011140035947983594,0.65,0.5,,-5.204170427930421e-17
controller_tick,2240,224000000,224.0,simulation,0.502685699614725,0.502685699614725,2240,224.0,224.0,0.0,True,False,0.279361,0.65,0.279361,0.65,0.00011143028245160618,0.65,0.5,,-5.0306980803327406e-17
controller_tick,2241,224100000,224.1,simulation,0.5026555138946736,0.5026555138946736,2241,224.1,224.1,0.0,True,False,0.279435,0.65,0.279435,0.65,0.00011146017468854886,0.65,0.5,,-5.204170427930421e-17
controller_tick,2242,224200000,224.2,simulation,0.5026253955211736,0.5026253955211736,2242,224.2,224.2,0.0,True,False,0.279512,0.65,0.279512,0.65,0.00011149003911546952,0.65,0.5,,-4.85722573273506e-17
controller_tick,2243,224300000,224.3,simulation,0.502595344540666,0.502595344540666,2243,224.3,224.3,0.0,True,False,0.279587,0.65,0.279587,0.65,0.00011151999257394003,0.65,0.5,,-5.204170427930421e-17
controller_tick,2244,224400000,224.4,simulation,0.5025653610284488,0.5025653610284488,2244,224.4,224.4,0.0,True,False,0.279661,0.65,0.279661,0.65,0.00011154995046142266,0.65,0.5,,-5.724587470723463e-17
controller_tick,2245,224500000,224.5,simulation,0.5025354449374961,0.5025354449374961,2245,224.5,224.5,0.0,True,False,0.279736,0.65,0.279736,0.65,0.00011157987429140839,0.65,0.5,,-5.551115123125783e-17
controller_tick,2246,224600000,224.6,simulation,0.5025055962249444,0.5025055962249444,2246,224.6,224.6,0.0,True,False,0.279808,0.65,0.279808,0.65,0.00011160980536992935,0.65,0.5,,-5.724587470723463e-17
controller_tick,2247,224700000,224.7,simulation,0.5024758147717611,0.5024758147717611,2247,224.7,224.7,0.0,True,False,0.279883,0.65,0.279883,0.65,0.00011163962881209786,0.65,0.5,,-5.898059818321144e-17
controller_tick,2248,224800000,224.8,simulation,0.5024461004724914,0.5024461004724914,2248,224.8,224.8,0.0,True,False,0.279959,0.65,0.279959,0.65,0.00011166946905596547,0.65,0.5,,-5.724587470723463e-17
controller_tick,2249,224900000,224.9,simulation,0.5024164533811201,0.5024164533811201,2249,224.9,224.9,0.0,True,False,0.280034,0.65,0.280034,0.65,0.00011169936256767192,0.65,0.5,,-6.071532165918825e-17
controller_tick,2250,225000000,225.0,simulation,0.5023868735436202,0.5023868735436202,2250,225.0,225.0,0.0,True,False,0.280107,0.65,0.280107,0.65,0.00011172926621307932,0.65,0.5,,-6.245004513516506e-17
controller_tick,2251,225100000,225.1,simulation,0.5023573608851711,0.5023573608851711,2251,225.1,225.1,0.0,True,False,0.280183,0.65,0.280183,0.65,0.00011175910289777297,0.65,0.5,,-5.724587470723463e-17
controller_tick,2252,225200000,225.2,simulation,0.5023279153777384,0.5023279153777384,2252,225.2,225.2,0.0,True,False,0.280256,0.65,0.280256,0.65,0.00011178899318900564,0.65,0.5,,-5.898059818321144e-17
controller_tick,2253,225300000,225.3,simulation,0.5022985369905573,0.5022985369905573,2253,225.3,225.3,0.0,True,False,0.280329,0.65,0.280329,0.65,0.0001118188177903423,0.65,0.5,,-5.551115123125783e-17
controller_tick,2254,225400000,225.4,simulation,0.5022692255819357,0.5022692255819357,2254,225.4,225.4,0.0,True,False,0.280405,0.65,0.280405,0.65,0.00011184858295300307,0.65,0.5,,-5.204170427930421e-17
controller_tick,2255,225500000,225.5,simulation,0.5022399811381997,0.5022399811381997,2255,225.5,225.5,0.0,True,False,0.280479,0.65,0.280479,0.65,0.00011187840852842416,0.65,0.5,,-5.0306980803327406e-17
controller_tick,2256,225600000,225.6,simulation,0.5022108036802754,0.5022108036802754,2256,225.6,225.6,0.0,True,False,0.280553,0.65,0.280553,0.65,0.00011190821263750576,0.65,0.5,,-5.551115123125783e-17
controller_tick,2257,225700000,225.7,simulation,0.502181693150658,0.502181693150658,2257,225.7,225.7,0.0,True,False,0.280626,0.65,0.280626,0.65,0.00011193799732304015,0.65,0.5,,-4.85722573273506e-17
controller_tick,2258,225800000,225.8,simulation,0.5021526494570466,0.5021526494570466,2258,225.8,225.8,0.0,True,False,0.2807,0.65,0.2807,0.65,0.00011196772636838946,0.65,0.5,,-4.336808689942018e-17
controller_tick,2259,225900000,225.9,simulation,0.5021236725156343,0.5021236725156343,2259,225.9,225.9,0.0,True,False,0.280775,0.65,0.280775,0.65,0.00011199744313345013,0.65,0.5,,-4.163336342344337e-17
controller_tick,2260,226000000,226.0,simulation,0.5020947623251475,0.5020947623251475,2260,226.0,226.0,0.0,True,False,0.280849,0.65,0.280849,0.65,0.00011202718685187893,0.65,0.5,,-4.5102810375396984e-17
controller_tick,2261,226100000,226.1,simulation,0.5020659188815817,0.5020659188815817,2261,226.1,226.1,0.0,True,False,0.280924,0.65,0.280924,0.65,0.00011205691689369098,0.65,0.5,,-4.85722573273506e-17
controller_tick,2262,226200000,226.2,simulation,0.5020371421810048,0.5020371421810048,2262,226.2,226.2,0.0,True,False,0.280999,0.65,0.280999,0.65,0.0001120866726254212,0.65,0.5,,-4.5102810375396984e-17
controller_tick,2263,226300000,226.3,simulation,0.502008432255703,0.502008432255703,2263,226.3,226.3,0.0,True,False,0.281074,0.65,0.281074,0.65,0.00011211645160235068,0.65,0.5,,-5.0306980803327406e-17
controller_tick,2264,226400000,226.4,simulation,0.5019797891333008,0.5019797891333008,2264,226.4,226.4,0.0,True,False,0.281146,0.65,0.281146,0.65,0.00011214625161240621,0.65,0.5,,-4.683753385137379e-17
controller_tick,2265,226500000,226.5,simulation,0.5019512127211162,0.5019512127211162,2265,226.5,226.5,0.0,True,False,0.281221,0.65,0.281221,0.65,0.00011217595645892288,0.65,0.5,,-5.0306980803327406e-17
controller_tick,2266,226600000,226.6,simulation,0.5019227029375427,0.5019227029375427,2266,226.6,226.6,0.0,True,False,0.281293,0.65,0.281293,0.65,0.00011220568939300709,0.65,0.5,,-5.204170427930421e-17
controller_tick,2267,226700000,226.7,simulation,0.5018942597033641,0.5018942597033641,2267,226.7,226.7,0.0,True,False,0.281369,0.65,0.281369,0.65,0.00011223533354667506,0.65,0.5,,-5.551115123125783e-17
controller_tick,2268,226800000,226.8,simulation,0.5018658829878546,0.5018658829878546,2268,226.8,226.8,0.0,True,False,0.281442,0.65,0.281442,0.65,0.00011226504962863155,0.65,0.5,,-5.204170427930421e-17
controller_tick,2269,226900000,226.9,simulation,0.5018375727952523,0.5018375727952523,2269,226.9,226.9,0.0,True,False,0.281515,0.65,0.281515,0.65,0.00011229471659889656,0.65,0.5,,-4.683753385137379e-17
controller_tick,2270,227000000,227.0,simulation,0.5018093290155409,0.5018093290155409,2270,227.0,227.0,0.0,True,False,0.281591,0.65,0.281591,0.65,0.00011232433913106545,0.65,0.5,,-4.683753385137379e-17
controller_tick,2271,227100000,227.1,simulation,0.5017811516637124,0.5017811516637124,2271,227.1,227.1,0.0,True,False,0.281664,0.65,0.281664,0.65,0.00011235403564908053,0.65,0.5,,-3.9898639947466563e-17
controller_tick,2272,227200000,227.2,simulation,0.5017530407479391,0.5017530407479391,2272,227.2,227.2,0.0,True,False,0.281738,0.65,0.281738,0.65,0.00011238368491715932,0.65,0.5,,-3.8163916471489756e-17
controller_tick,2273,227300000,227.3,simulation,0.5017249962004616,0.5017249962004616,2273,227.3,227.3,0.0,True,False,0.281811,0.65,0.281811,0.65,0.00011241332949676053,0.65,0.5,,-3.2959746043559335e-17
controller_tick,2274,227400000,227.4,simulation,0.5016970179571385,0.5016970179571385,2274,227.4,227.4,0.0,True,False,0.281885,0.65,0.281885,0.65,0.00011244293176901899,0.65,0.5,,-3.469446951953614e-17
controller_tick,2275,227500000,227.5,simulation,0.5016691059596464,0.5016691059596464,2275,227.5,227.5,0.0,True,False,0.281959,0.65,0.281959,0.65,0.00011247253382504347,0.65,0.5,,-3.2959746043559335e-17
controller_tick,2276,227600000,227.6,simulation,0.501641260191079,0.501641260191079,2276,227.6,227.6,0.0,True,False,0.282033,0.65,0.282033,0.65,0.00011250213568541135,0.65,0.5,,-3.469446951953614e-17
controller_tick,2277,227700000,227.7,simulation,0.501613480634572,0.501613480634572,2277,227.7,227.7,0.0,True,False,0.282108,0.65,0.282108,0.65,0.00011253173736874183,0.65,0.5,,-3.9898639947466563e-17
controller_tick,2278,227800000,227.8,simulation,0.5015857673119954,0.5015857673119954,2278,227.8,227.8,0.0,True,False,0.282179,0.65,0.282179,0.65,0.00011256137695691502,0.65,0.5,,-4.5102810375396984e-17
controller_tick,2279,227900000,227.9,simulation,0.5015581201242023,0.5015581201242023,2279,227.9,227.9,0.0,True,False,0.282254,0.65,0.282254,0.65,0.00011259089858267708,0.65,0.5,,-4.163336342344337e-17
controller_tick,2280,228000000,228.0,simulation,0.5015305389850211,0.5015305389850211,2280,228.0,228.0,0.0,True,False,0.282326,0.65,0.282326,0.65,0.00011262046573176675,0.65,0.5,,-3.9898639947466563e-17
controller_tick,2281,228100000,228.1,simulation,0.5015030238485427,0.5015030238485427,2281,228.1,228.1,0.0,True,False,0.282401,0.65,0.282401,0.65,0.00011264995987696831,0.65,0.5,,-4.163336342344337e-17
controller_tick,2282,228200000,228.2,simulation,0.5014755746754868,0.5014755746754868,2282,228.2,228.2,0.0,True,False,0.282473,0.65,0.282473,0.65,0.00011267950216061859,0.65,0.5,,-3.642919299551295e-17
controller_tick,2283,228300000,228.3,simulation,0.5014481914249393,0.5014481914249393,2283,228.3,228.3,0.0,True,False,0.282548,0.65,0.282548,0.65,0.00011270897380664016,0.65,0.5,,-3.9898639947466563e-17
controller_tick,2284,228400000,228.4,simulation,0.5014208740621406,0.5014208740621406,2284,228.4,228.4,0.0,True,False,0.282621,0.65,0.282621,0.65,0.0001127384957321905,0.65,0.5,,-3.642919299551295e-17
controller_tick,2285,228500000,228.5,simulation,0.5013936225889639,0.5013936225889639,2285,228.5,228.5,0.0,True,False,0.282693,0.65,0.282693,0.65,0.00011276798702247428,0.65,0.5,,-3.9898639947466563e-17
controller_tick,2286,228600000,228.6,simulation,0.5013664368919952,0.5013664368919952,2286,228.6,228.6,0.0,True,False,0.282769,0.65,0.282769,0.65,0.00011279741252778977,0.65,0.5,,-4.163336342344337e-17
controller_tick,2287,228700000,228.7,simulation,0.5013393169844382,0.5013393169844382,2287,228.7,228.7,0.0,True,False,0.282842,0.65,0.282842,0.65,0.00011282693076853555,0.65,0.5,,-3.9898639947466563e-17
controller_tick,2288,228800000,228.8,simulation,0.5013122629102847,0.5013122629102847,2288,228.8,228.8,0.0,True,False,0.282915,0.65,0.282915,0.65,0.00011285641872467027,0.65,0.5,,-3.9898639947466563e-17
controller_tick,2289,228900000,228.9,simulation,0.5012852745954944,0.5012852745954944,2289,228.9,228.9,0.0,True,False,0.282988,0.65,0.282988,0.65,0.00011288587927815571,0.65,0.5,,-3.469446951953614e-17
controller_tick,2290,229000000,229.0,simulation,0.5012583519715286,0.5012583519715286,2290,229.0,229.0,0.0,True,False,0.283062,0.65,0.283062,0.65,0.00011291531503669875,0.65,0.5,,-3.9898639947466563e-17
controller_tick,2291,229100000,229.1,simulation,0.5012314950135232,0.5012314950135232,2291,229.1,229.1,0.0,True,False,0.283135,0.65,0.283135,0.65,0.0001129447664248829,0.65,0.5,,-4.163336342344337e-17
controller_tick,2292,229200000,229.2,simulation,0.5012047036961552,0.5012047036961552,2292,229.2,229.2,0.0,True,False,0.283206,0.65,0.283206,0.65,0.00011297419389031837,0.65,0.5,,-4.163336342344337e-17
controller_tick,2293,229300000,229.3,simulation,0.5011779778801421,0.5011779778801421,2293,229.3,229.3,0.0,True,False,0.28328,0.65,0.28328,0.65,0.00011300352357949014,0.65,0.5,,-4.5102810375396984e-17
controller_tick,2294,229400000,229.4,simulation,0.5011513174791716,0.5011513174791716,2294,229.4,229.4,0.0,True,False,0.283354,0.65,0.283354,0.65,0.00011303287899213824,0.65,0.5,,-4.163336342344337e-17
controller_tick,2295,229500000,229.5,simulation,0.5011247225258848,0.5011247225258848,2295,229.5,229.5,0.0,True,False,0.283425,0.65,0.283425,0.65,0.00011306225768035027,0.65,0.5,,-4.85722573273506e-17
controller_tick,2296,229600000,229.6,simulation,0.5010981929321666,0.5010981929321666,2296,229.6,229.6,0.0,True,False,0.2835,0.65,0.2835,0.65,0.0001130915432340651,0.65,0.5,,-4.5102810375396984e-17
controller_tick,2297,229700000,229.7,simulation,0.5010717286592661,0.5010717286592661,2297,229.7,229.7,0.0,True,False,0.283571,0.65,0.283571,0.65,0.0001131208967763331,0.65,0.5,,-4.683753385137379e-17
controller_tick,2298,229800000,229.8,simulation,0.5010453296654904,0.5010453296654904,2298,229.8,229.8,0.0,True,False,0.283646,0.65,0.283646,0.65,0.00011315015957705689,0.65,0.5,,-5.0306980803327406e-17
controller_tick,2299,229900000,229.9,simulation,0.5010189959166603,0.5010189959166603,2299,229.9,229.9,0.0,True,False,0.283718,0.65,0.283718,0.65,0.0001131794925315672,0.65,0.5,,-5.204170427930421e-17
controller_tick,2300,230000000,230.0,simulation,0.5009927274139162,0.5009927274139162,2300,230.0,230.0,0.0,True,False,0.28379,0.65,0.28379,0.65,0.00011320877476875026,0.65,0.5,,-5.551115123125783e-17
controller_tick,2301,230100000,230.1,simulation,0.5009665240444666,0.5009665240444666,2301,230.1,230.1,0.0,True,False,0.283862,0.65,0.283862,0.65,0.00011323801111499785,0.65,0.5,,-5.377642775528102e-17
controller_tick,2302,230200000,230.2,simulation,0.5009403857047315,0.5009403857047315,2302,230.2,230.2,0.0,True,False,0.283938,0.65,0.283938,0.65,0.0001132672059374099,0.65,0.5,,-6.245004513516506e-17
controller_tick,2303,230300000,230.3,simulation,0.5009143124542512,0.5009143124542512,2303,230.3,230.3,0.0,True,False,0.28401,0.65,0.28401,0.65,0.00011329651544763295,0.65,0.5,,-5.551115123125783e-17
controller_tick,2304,230400000,230.4,simulation,0.5008883043402527,0.5008883043402527,2304,230.4,230.4,0.0,True,False,0.284083,0.65,0.284083,0.65,0.00011332577647154763,0.65,0.5,,-5.551115123125783e-17
controller_tick,2305,230500000,230.5,simulation,0.5008623612929086,0.5008623612929086,2305,230.5,230.5,0.0,True,False,0.284156,0.65,0.284156,0.65,0.00011335503168826902,0.65,0.5,,-5.377642775528102e-17
controller_tick,2306,230600000,230.6,simulation,0.5008364832849307,0.5008364832849307,2306,230.6,230.6,0.0,True,False,0.284229,0.65,0.284229,0.65,0.00011338428165042465,0.65,0.5,,-5.377642775528102e-17
controller_tick,2307,230700000,230.7,simulation,0.5008106702900879,0.5008106702900879,2307,230.7,230.7,0.0,True,False,0.284299,0.65,0.284299,0.65,0.00011341352685805254,0.65,0.5,,-5.551115123125783e-17
controller_tick,2308,230800000,230.8,simulation,0.5007849221670178,0.5007849221670178,2308,230.8,230.8,0.0,True,False,0.284372,0.65,0.284372,0.65,0.00011344265356850749,0.65,0.5,,-5.898059818321144e-17
controller_tick,2309,230900000,230.9,simulation,0.5007592387901156,0.5007592387901156,2309,230.9,230.9,0.0,True,False,0.284446,0.65,0.284446,0.65,0.00011347178725338478,0.65,0.5,,-6.245004513516506e-17
controller_tick,2310,231000000,231.0,simulation,0.5007336201951886,0.5007336201951886,2310,231.0,231.0,0.0,True,False,0.284516,0.65,0.284516,0.65,0.00011350096531401314,0.65,0.5,,-6.765421556309548e-17
controller_tick,2311,231100000,231.1,simulation,0.5007080662957283,0.5007080662957283,2311,231.1,231.1,0.0,True,False,0.28459,0.65,0.28459,0.65,0.00011353003126735041,0.65,0.5,,-7.112366251504909e-17
controller_tick,2312,231200000,231.2,simulation,0.5006825770170267,0.5006825770170267,2312,231.2,231.2,0.0,True,False,0.284661,0.65,0.284661,0.65,0.00011355914804194699,0.65,0.5,,-6.765421556309548e-17
controller_tick,2313,231300000,231.3,simulation,0.5006571523235751,0.5006571523235751,2313,231.3,231.3,0.0,True,False,0.284735,0.65,0.284735,0.65,0.00011358819660642229,0.65,0.5,,-7.979727989493313e-17
controller_tick,2314,231400000,231.4,simulation,0.5006317921855319,0.5006317921855319,2314,231.4,231.4,0.0,True,False,0.284806,0.65,0.284806,0.65,0.0001136172976469259,0.65,0.5,,-8.500145032286355e-17
controller_tick,2315,231500000,231.5,simulation,0.5006064965705516,0.5006064965705516,2315,231.5,231.5,0.0,True,False,0.28488,0.65,0.28488,0.65,0.00011364633197460512,0.65,0.5,,-8.673617379884035e-17
controller_tick,2316,231600000,231.6,simulation,0.5005812654516548,0.5005812654516548,2316,231.6,231.6,0.0,True,False,0.284952,0.65,0.284952,0.65,0.00011367542013312294,0.65,0.5,,-9.020562075079397e-17
controller_tick,2317,231700000,231.7,simulation,0.5005560988377831,0.5005560988377831,2317,231.7,231.7,0.0,True,False,0.285024,0.65,0.285024,0.65,0.00011370448086973217,0.65,0.5,,-9.367506770274758e-17
controller_tick,2318,231800000,231.8,simulation,0.5005309966606417,0.5005309966606417,2318,231.8,231.8,0.0,True,False,0.285095,0.65,0.285095,0.65,0.00011373351679397247,0.65,0.5,,-9.367506770274758e-17
controller_tick,2319,231900000,231.9,simulation,0.5005059588182222,0.5005059588182222,2319,231.9,231.9,0.0,True,False,0.285167,0.65,0.285167,0.65,0.00011376249220202013,0.65,0.5,,-8.847089727481716e-17
controller_tick,2320,232000000,232.0,simulation,0.500480985217988,0.500480985217988,2320,232.0,232.0,0.0,True,False,0.285239,0.65,0.285239,0.65,0.00011379145091778508,0.65,0.5,,-8.326672684688674e-17
controller_tick,2321,232100000,232.1,simulation,0.5004560758121257,0.5004560758121257,2321,232.1,232.1,0.0,True,False,0.285312,0.65,0.285312,0.65,0.00011382039452974805,0.65,0.5,,-8.153200337090993e-17
controller_tick,2322,232200000,232.2,simulation,0.5004312305945519,0.5004312305945519,2322,232.2,232.2,0.0,True,False,0.285384,0.65,0.285384,0.65,0.00011384936254025861,0.65,0.5,,-8.153200337090993e-17
controller_tick,2323,232300000,232.3,simulation,0.5004064495569644,0.5004064495569644,2323,232.3,232.3,0.0,True,False,0.285457,0.65,0.285457,0.65,0.00011387831456245518,0.65,0.5,,-8.326672684688674e-17
controller_tick,2324,232400000,232.4,simulation,0.5003817326915981,0.5003817326915981,2324,232.4,232.4,0.0,True,False,0.285526,0.65,0.285526,0.65,0.0001139072901828598,0.65,0.5,,-7.979727989493313e-17
controller_tick,2325,232500000,232.5,simulation,0.5003570798725413,0.5003570798725413,2325,232.5,232.5,0.0,True,False,0.285599,0.65,0.285599,0.65,0.00011393613489567491,0.65,0.5,,-8.673617379884035e-17
controller_tick,2326,232600000,232.6,simulation,0.5003324909894558,0.5003324909894558,2326,232.6,232.6,0.0,True,False,0.285672,0.65,0.285672,0.65,0.00011396501341853588,0.65,0.5,,-8.500145032286355e-17
controller_tick,2327,232700000,232.7,simulation,0.5003079660907047,0.5003079660907047,2327,232.7,232.7,0.0,True,False,0.285742,0.65,0.285742,0.65,0.00011399392253399144,0.65,0.5,,-8.153200337090993e-17
controller_tick,2328,232800000,232.8,simulation,0.5002835051024268,0.5002835051024268,2328,232.8,232.8,0.0,True,False,0.285813,0.65,0.285813,0.65,0.00011402274513567296,0.65,0.5,,-8.153200337090993e-17
controller_tick,2329,232900000,232.9,simulation,0.5002591078827082,0.5002591078827082,2329,232.9,232.9,0.0,True,False,0.285886,0.65,0.285886,0.65,0.00011405152752148732,0.65,0.5,,-8.326672684688674e-17
controller_tick,2330,233000000,233.0,simulation,0.5002347744164711,0.5002347744164711,2330,233.0,233.0,0.0,True,False,0.285957,0.65,0.285957,0.65,0.00011408034964854584,0.65,0.5,,-7.806255641895632e-17
controller_tick,2331,233100000,233.1,simulation,0.5002105046860149,0.5002105046860149,2331,233.1,233.1,0.0,True,False,0.286028,0.65,0.286028,0.65,0.00011410913160490357,0.65,0.5,,-7.28583859910259e-17
controller_tick,2332,233200000,233.2,simulation,0.5001862985989615,0.5001862985989615,2332,233.2,233.2,0.0,True,False,0.286101,0.65,0.286101,0.65,0.00011413787721330809,0.65,0.5,,-7.632783294297951e-17
controller_tick,2333,233300000,233.3,simulation,0.5001621561476217,0.5001621561476217,2333,233.3,233.3,0.0,True,False,0.286172,0.65,0.286172,0.65,0.00011416666606279006,0.65,0.5,,-6.938893903907228e-17
controller_tick,2334,233400000,233.4,simulation,0.5001380773209815,0.5001380773209815,2334,233.4,233.4,0.0,True,False,0.286244,0.65,0.286244,0.65,0.00011419541790835134,0.65,0.5,,-7.112366251504909e-17
controller_tick,2335,233500000,233.5,simulation,0.5001140620714098,0.5001140620714098,2335,233.5,233.5,0.0,True,False,0.286315,0.65,0.286315,0.65,0.00011422417433641334,0.65,0.5,,-7.28583859910259e-17
controller_tick,2336,233600000,233.6,simulation,0.5000901103530336,0.5000901103530336,2336,233.6,233.6,0.0,True,False,0.286386,0.65,0.286386,0.65,0.00011425289684586068,0.65,0.5,,-7.112366251504909e-17
controller_tick,2337,233700000,233.7,simulation,0.5000662220854185,0.5000662220854185,2337,233.7,233.7,0.0,True,False,0.286458,0.65,0.286458,0.65,0.00011428158866447631,0.65,0.5,,-7.112366251504909e-17
controller_tick,2338,233800000,233.8,simulation,0.5000423972329876,0.5000423972329876,2338,233.8,233.8,0.0,True,False,0.28653,0.65,0.28653,0.65,0.0001143102907779118,0.65,0.5,,-7.112366251504909e-17
controller_tick,2339,233900000,233.9,simulation,0.5000186357994719,0.5000186357994719,2339,233.9,233.9,0.0,True,False,0.286599,0.65,0.286599,0.65,0.00011433900220648549,0.65,0.5,,-7.28583859910259e-17
controller_tick,2340,234000000,234.0,simulation,0.4999949376706479,0.4999949376706479,2340,234.0,234.0,0.0,True,False,0.286671,0.65,0.286671,0.65,0.00011436760786864645,0.65,0.5,,-6.938893903907228e-17
controller_tick,2341,234100000,234.1,simulation,0.499971302745495,0.499971302745495,2341,234.1,234.1,0.0,True,False,0.286743,0.65,0.286743,0.65,0.00011439623202449794,0.65,0.5,,-7.28583859910259e-17
controller_tick,2342,234200000,234.2,simulation,0.49994773104339674,0.49994773104339674,2342,234.2,234.2,0.0,True,False,0.286812,0.65,0.286812,0.65,0.00011442487291413265,0.65,0.5,,-7.28583859910259e-17
controller_tick,2343,234300000,234.3,simulation,0.4999242224642934,0.4999242224642934,2343,234.3,234.3,0.0,True,False,0.286885,0.65,0.286885,0.65,0.00011445341475002218,0.65,0.5,,-6.591949208711867e-17
controller_tick,2344,234400000,234.4,simulation,0.4999007769586772,0.4999007769586772,2344,234.4,234.4,0.0,True,False,0.286954,0.65,0.286954,0.65,0.0001144820192185078,0.65,0.5,,-6.418476861114186e-17
controller_tick,2345,234500000,234.5,simulation,0.49987739447517354,0.49987739447517354,2345,234.5,234.5,0.0,True,False,0.287027,0.65,0.287027,0.65,0.00011451052809917883,0.65,0.5,,-6.765421556309548e-17
controller_tick,2346,234600000,234.6,simulation,0.4998540749708937,0.4998540749708937,2346,234.6,234.6,0.0,True,False,0.287097,0.65,0.287097,0.65,0.00011453910274854965,0.65,0.5,,-6.245004513516506e-17
controller_tick,2347,234700000,234.7,simulation,0.4998308184391487,0.4998308184391487,2347,234.7,234.7,0.0,True,False,0.287167,0.65,0.287167,0.65,0.00011456762271280264,0.65,0.5,,-6.245004513516506e-17
controller_tick,2348,234800000,234.8,simulation,0.49980762476011403,0.49980762476011403,2348,234.8,234.8,0.0,True,False,0.287237,0.65,0.287237,0.65,0.0001145960931959148,0.65,0.5,,-6.418476861114186e-17
controller_tick,2349,234900000,234.9,simulation,0.4997844938238974,0.4997844938238974,2349,234.9,234.9,0.0,True,False,0.28731,0.65,0.28731,0.65,0.00011462451890663922,0.65,0.5,,-7.112366251504909e-17
controller_tick,2350,235000000,235.0,simulation,0.4997614256456822,0.4997614256456822,2350,235.0,235.0,0.0,True,False,0.287381,0.65,0.287381,0.65,0.00011465301830073029,0.65,0.5,,-7.806255641895632e-17
controller_tick,2351,235100000,235.1,simulation,0.4997384202725888,0.4997384202725888,2351,235.1,235.1,0.0,True,False,0.287451,0.65,0.287451,0.65,0.00011468150823622301,0.65,0.5,,-7.45931094670027e-17
controller_tick,2352,235200000,235.2,simulation,0.49971547763220076,0.49971547763220076,2352,235.2,235.2,0.0,True,False,0.287522,0.65,0.287522,0.65,0.00011470995154818926,0.65,0.5,,-7.45931094670027e-17
controller_tick,2353,235300000,235.3,simulation,0.4996925976587858,0.4996925976587858,2353,235.3,235.3,0.0,True,False,0.28759,0.65,0.28759,0.65,0.00011473839073847697,0.65,0.5,,-7.632783294297951e-17
controller_tick,2354,235400000,235.4,simulation,0.4996697802127245,0.4996697802127245,2354,235.4,235.4,0.0,True,False,0.287661,0.65,0.287661,0.65,0.00011476671200421736,0.65,0.5,,-7.112366251504909e-17
controller_tick,2355,235500000,235.5,simulation,0.49964702517004006,0.49964702517004006,2355,235.5,235.5,0.0,True,False,0.287732,0.65,0.287732,0.65,0.0001147950407625132,0.65,0.5,,-7.28583859910259e-17
controller_tick,2356,235600000,235.6,simulation,0.4996243325293675,0.4996243325293675,2356,235.6,235.6,0.0,True,False,0.287803,0.65,0.287803,0.65,0.00011482337630035353,0.65,0.5,,-6.765421556309548e-17
controller_tick,2357,235700000,235.7,simulation,0.4996017022879841,0.4996017022879841,2357,235.7,235.7,0.0,True,False,0.287872,0.65,0.287872,0.65,0.00011485171797257942,0.65,0.5,,-6.938893903907228e-17
controller_tick,2358,235800000,235.8,simulation,0.4995791343645471,0.4995791343645471,2358,235.8,235.8,0.0,True,False,0.287943,0.65,0.287943,0.65,0.00011487998906536135,0.65,0.5,,-6.938893903907228e-17
controller_tick,2359,235900000,235.9,simulation,0.49955662868653034,0.49955662868653034,2359,235.9,235.9,0.0,True,False,0.288012,0.65,0.288012,0.65,0.00011490827242528696,0.65,0.5,,-6.938893903907228e-17
controller_tick,2360,236000000,236.0,simulation,0.4995341851842984,0.4995341851842984,2360,236.0,236.0,0.0,True,False,0.288084,0.65,0.288084,0.65,0.00011493649075491766,0.65,0.5,,-6.938893903907228e-17
controller_tick,2361,236100000,236.1,simulation,0.499511803834615,0.499511803834615,2361,236.1,236.1,0.0,True,False,0.288152,0.65,0.288152,0.65,0.00011496476443780253,0.65,0.5,,-6.938893903907228e-17
controller_tick,2362,236200000,236.2,simulation,0.4994894845724673,0.4994894845724673,2362,236.2,236.2,0.0,True,False,0.288225,0.65,0.288225,0.65,0.0001149929359462519,0.65,0.5,,-7.112366251504909e-17
controller_tick,2363,236300000,236.3,simulation,0.4994672273813457,0.4994672273813457,2363,236.3,236.3,0.0,True,False,0.288294,0.65,0.288294,0.65,0.00011502120532861274,0.65,0.5,,-7.28583859910259e-17
controller_tick,2364,236400000,236.4,simulation,0.49944503227717285,0.49944503227717285,2364,236.4,236.4,0.0,True,False,0.288363,0.65,0.288363,0.65,0.0001150494110108198,0.65,0.5,,-7.112366251504909e-17
controller_tick,2365,236500000,236.5,simulation,0.4994228991231739,0.4994228991231739,2365,236.5,236.5,0.0,True,False,0.288433,0.65,0.288433,0.65,0.00011507755905474419,0.65,0.5,,-7.45931094670027e-17
controller_tick,2366,236600000,236.6,simulation,0.49940082783283934,0.49940082783283934,2366,236.6,236.6,0.0,True,False,0.288502,0.65,0.288502,0.65,0.00011510569301042649,0.65,0.5,,-7.806255641895632e-17
controller_tick,2367,236700000,236.7,simulation,0.4993788183251644,0.4993788183251644,2367,236.7,236.7,0.0,True,False,0.288572,0.65,0.288572,0.65,0.00011513377615350741,0.65,0.5,,-8.673617379884035e-17
controller_tick,2368,236800000,236.8,simulation,0.49935687052666927,0.49935687052666927,2368,236.8,236.8,0.0,True,False,0.288642,0.65,0.288642,0.65,0.0001151618513844781,0.65,0.5,,-8.500145032286355e-17
controller_tick,2369,236900000,236.9,simulation,0.4993349844068353,0.4993349844068353,2369,236.9,236.9,0.0,True,False,0.288712,0.65,0.288712,0.65,0.00011518991945627537,0.65,0.5,,-8.153200337090993e-17
controller_tick,2370,237000000,237.0,simulation,0.49931315993658365,0.49931315993658365,2370,237.0,237.0,0.0,True,False,0.288782,0.65,0.288782,0.65,0.00011521798105018464,0.65,0.5,,-8.673617379884035e-17
controller_tick,2371,237100000,237.1,simulation,0.4992913970881381,0.4992913970881381,2371,237.1,237.1,0.0,True,False,0.288852,0.65,0.288852,0.65,0.00011524603678265849,0.65,0.5,,-8.673617379884035e-17
controller_tick,2372,237200000,237.2,simulation,0.49926969583490155,0.49926969583490155,2372,237.2,237.2,0.0,True,False,0.288919,0.65,0.288919,0.65,0.00011527408721148621,0.65,0.5,,-8.500145032286355e-17
controller_tick,2373,237300000,237.3,simulation,0.49924805603525607,0.49924805603525607,2373,237.3,237.3,0.0,True,False,0.28899,0.65,0.28899,0.65,0.00011530201864627814,0.65,0.5,,-8.153200337090993e-17
controller_tick,2374,237400000,237.4,simulation,0.4992264776021372,0.4992264776021372,2374,237.4,237.4,0.0,True,False,0.289061,0.65,0.289061,0.65,0.00011532999467094508,0.65,0.5,,-8.326672684688674e-17
controller_tick,2375,237500000,237.5,simulation,0.4992049606050184,0.4992049606050184,2375,237.5,237.5,0.0,True,False,0.289128,0.65,0.289128,0.65,0.0001153580110421994,0.65,0.5,,-8.326672684688674e-17
controller_tick,2376,237600000,237.6,simulation,0.49918350495049574,0.49918350495049574,2376,237.6,237.6,0.0,True,False,0.289196,0.65,0.289196,0.65,0.00011538591166042454,0.65,0.5,,-7.979727989493313e-17
controller_tick,2377,237700000,237.7,simulation,0.4991621104416092,0.4991621104416092,2377,237.7,237.7,0.0,True,False,0.289267,0.65,0.289267,0.65,0.00011541374560601042,0.65,0.5,,-7.979727989493313e-17
controller_tick,2378,237800000,237.8,simulation,0.4991407770522399,0.4991407770522399,2378,237.8,237.8,0.0,True,False,0.289335,0.65,0.289335,0.65,0.00011544163341879587,0.65,0.5,,-7.806255641895632e-17
controller_tick,2379,237900000,237.9,simulation,0.49911950475348676,0.49911950475348676,2379,237.9,237.9,0.0,True,False,0.289404,0.65,0.289404,0.65,0.00011546945577754075,0.65,0.5,,-6.938893903907228e-17
controller_tick,2380,238000000,238.0,simulation,0.4990982934441698,0.4990982934441698,2380,238.0,238.0,0.0,True,False,0.289475,0.65,0.289475,0.65,0.00011549725697605335,0.65,0.5,,-6.071532165918825e-17
controller_tick,2381,238100000,238.1,simulation,0.49907714314612106,0.49907714314612106,2381,238.1,238.1,0.0,True,False,0.289544,0.65,0.289544,0.65,0.00011552511515806156,0.65,0.5,,-6.418476861114186e-17
controller_tick,2382,238200000,238.2,simulation,0.4990560538750901,0.4990560538750901,2382,238.2,238.2,0.0,True,False,0.289612,0.65,0.289612,0.65,0.00011555294877080326,0.65,0.5,,-7.112366251504909e-17
controller_tick,2383,238300000,238.3,simulation,0.49903502553032214,0.49903502553032214,2383,238.3,238.3,0.0,True,False,0.289681,0.65,0.289681,0.65,0.00011558072208732051,0.65,0.5,,-7.112366251504909e-17
controller_tick,2384,238400000,238.4,simulation,0.4990140580204902,0.4990140580204902,2384,238.4,238.4,0.0,True,False,0.28975,0.65,0.28975,0.65,0.00011560847891059047,0.65,0.5,,-7.112366251504909e-17
controller_tick,2385,238500000,238.5,simulation,0.4989931512989507,0.4989931512989507,2385,238.5,238.5,0.0,True,False,0.289819,0.65,0.289819,0.65,0.00011563622081015316,0.65,0.5,,-7.28583859910259e-17
controller_tick,2386,238600000,238.6,simulation,0.49897230532205794,0.49897230532205794,2386,238.6,238.6,0.0,True,False,0.289888,0.65,0.289888,0.65,0.00011566394920618709,0.65,0.5,,-7.45931094670027e-17
controller_tick,2387,238700000,238.7,simulation,0.4989515200488787,0.4989515200488787,2387,238.7,238.7,0.0,True,False,0.289955,0.65,0.289955,0.65,0.0001156916653837229,0.65,0.5,,-7.632783294297951e-17
controller_tick,2388,238800000,238.8,simulation,0.4989307953635425,0.4989307953635425,2388,238.8,238.8,0.0,True,False,0.290024,0.65,0.290024,0.65,0.0001157192943754389,0.65,0.5,,-7.632783294297951e-17
controller_tick,2389,238900000,238.9,simulation,0.49891013116232813,0.49891013116232813,2389,238.9,238.9,0.0,True,False,0.290094,0.65,0.290094,0.65,0.00011574692060822833,0.65,0.5,,-7.45931094670027e-17
controller_tick,2390,239000000,239.0,simulation,0.4988895274635085,0.4988895274635085,2390,239.0,239.0,0.0,True,False,0.29016,0.65,0.29016,0.65,0.00011577458240967057,0.65,0.5,,-7.112366251504909e-17
controller_tick,2391,239100000,239.1,simulation,0.4988689841648084,0.4988689841648084,2391,239.1,239.1,0.0,True,False,0.29023,0.65,0.29023,0.65,0.00011580212413482965,0.65,0.5,,-6.938893903907228e-17
controller_tick,2392,239200000,239.2,simulation,0.49884850117735247,0.49884850117735247,2392,239.2,239.2,0.0,True,False,0.290297,0.65,0.290297,0.65,0.00011582970947060585,0.65,0.5,,-7.112366251504909e-17
controller_tick,2393,239300000,239.3,simulation,0.4988280784529118,0.4988280784529118,2393,239.3,239.3,0.0,True,False,0.290367,0.65,0.290367,0.65,0.00011585722007180187,0.65,0.5,,-6.938893903907228e-17
controller_tick,2394,239400000,239.4,simulation,0.4988077159502335,0.4988077159502335,2394,239.4,239.4,0.0,True,False,0.290434,0.65,0.290434,0.65,0.00011588477724545169,0.65,0.5,,-7.45931094670027e-17
controller_tick,2395,239500000,239.5,simulation,0.4987874136267458,0.4987874136267458,2395,239.5,239.5,0.0,True,False,0.290504,0.65,0.290504,0.65,0.00011591226236450202,0.65,0.5,,-7.632783294297951e-17
controller_tick,2396,239600000,239.6,simulation,0.498767171446315,0.498767171446315,2396,239.6,239.6,0.0,True,False,0.290572,0.65,0.290572,0.65,0.0001159397964809529,0.65,0.5,,-7.979727989493313e-17
controller_tick,2397,239700000,239.7,simulation,0.49874698940969825,0.49874698940969825,2397,239.7,239.7,0.0,True,False,0.290639,0.65,0.290639,0.65,0.00011596729880201965,0.65,0.5,,-7.806255641895632e-17
controller_tick,2398,239800000,239.8,simulation,0.4987268674025983,0.4987268674025983,2398,239.8,239.8,0.0,True,False,0.290707,0.65,0.290707,0.65,0.00011599473428840032,0.65,0.5,,-7.28583859910259e-17
controller_tick,2399,239900000,239.9,simulation,0.498706805321458,0.498706805321458,2399,239.9,239.9,0.0,True,False,0.290775,0.65,0.290775,0.65,0.00011602214736528899,0.65,0.5,,-7.112366251504909e-17
controller_tick,2400,240000000,240.0,simulation,0.4986868031085908,0.4986868031085908,2400,240.0,240.0,0.0,True,False,0.290843,0.65,0.290843,0.65,0.00011604954016523078,0.65,0.5,,-7.45931094670027e-17
