schema_version,run_name,topology,sample_id,record_type,time_us,time_s,epoch,session_origin_us,wire_time_us,controller_tick_id,reply_time_us,controller_state,trip_reason,operation,operation_result,valid_mask,stale_mask,max_age_us,observation_cache_source,cache_matches_reply,event_ids,event_phase,wall_temperature_k,hot_temperature_k,cold_temperature_k,pump_speed,valve_opening,heat_in_j,heat_rejected_j,flow_m3_s,pump_pressure_pa,energy_residual_j,observed_flow_m3_s,observed_hot_temperature_k,observed_cold_temperature_k,observed_wall_temperature_k,observed_separate_trip,flow_value_i,flow_quality,flow_sequence,flow_source_time_us,flow_receipt_time_us,flow_last_good_source_time_us,flow_age_us,hot_value_i,hot_quality,hot_sequence,hot_source_time_us,hot_receipt_time_us,hot_last_good_source_time_us,hot_age_us,cold_value_i,cold_quality,cold_sequence,cold_source_time_us,cold_receipt_time_us,cold_last_good_source_time_us,cold_age_us,wall_value_i,wall_quality,wall_sequence,wall_source_time_us,wall_receipt_time_us,wall_last_good_source_time_us,wall_age_us,separate_value_i,separate_quality,separate_sequence,separate_source_time_us,separate_receipt_time_us,separate_last_good_source_time_us,separate_age_us,requested_heat_command,requested_pump_command,requested_valve_command,lease_heat_command,lease_pump_command,lease_valve_command,fault_heat_command,fault_pump_command,fault_valve_command,command_sequence,command_expires_us,command_expired,heat_demand_command,applied_heat_w,effective_hot_conductance_w_k,effective_sink_conductance_w_k,effective_pipe_resistance_pa_s2_m6,effective_valve_resistance_pa_s2_m6,terminal_boundary,solver_diagnostic_id
1,near_tick_before,thermal_loop,0,event_boundary,0,0.0,1,0,0,,,DISARMED,,0,0,0,63,18446744073709551615,reconstructed_from_retained_wire,False,arm_initial,after,317.7911483254,301.1244816587,293.15,0.5274982823,0.65,0.0,0.0,0.00014999999998911826,18825.443784250852,0.0,,,,,,,,,,,,,,,,,,,,,,,,,,,,,,,,,,,,,,,,,0.0,0.0,1.0,0.0,1.0,1.0,0.0,1.0,1.0,,,True,1.0,0.0,300.0,500.0,600000000000.0,100000000000.0,,
1,near_tick_before,thermal_loop,1,controller_tick,0,0.0,1,0,0,0,0,RUNNING,,1,1,62,1,0,reconstructed_from_retained_wire,True,,,317.7911483254,301.1244816587,293.15,0.5274982823,0.65,0.0,0.0,0.00014999999998911826,18825.443784250852,0.0,0.00015,301.124,293.15,317.791,0.0,150000,1,0,0,0,0,0,301124,1,0,0,0,0,0,293150,1,0,0,0,0,0,317791,1,0,0,0,0,0,0,1,0,0,0,0,0,1.0,0.527498,0.65,1.0,0.527498,0.65,1.0,0.527498,0.65,0,300000,False,1.0,5000.0,300.0,500.0,600000000000.0,100000000000.0,,
1,near_tick_before,thermal_loop,2,controller_tick,100000,0.1,1,0,100000,1,100000,RUNNING,,0,0,62,1,0,reconstructed_from_retained_wire,True,,,317.7911483254015,301.1244816602444,293.14999999897066,0.5274982554356031,0.65,500.0,499.99999998265616,0.0001499999923499284,18825.441866769048,7.619291864102706e-10,0.00015,301.124,293.15,317.791,0.0,150000,1,1,100000,100000,100000,0,301124,1,1,100000,100000,100000,0,293150,1,1,100000,100000,100000,0,317791,1,1,100000,100000,100000,0,0,1,1,100000,100000,100000,0,1.0,0.527498,0.65,1.0,0.527498,0.65,1.0,0.527498,0.65,1,400000,False,1.0,5000.0,300.0,500.0,600000000000.0,100000000000.0,,0
1,near_tick_before,thermal_loop,3,controller_tick,200000,0.2,1,0,200000,2,200000,RUNNING,,0,0,62,1,0,reconstructed_from_retained_wire,True,,,317.79114832541194,301.1244816646391,293.1499999960418,0.5274982311276916,0.65,1000.0,999.9999998654229,0.00014999998543770358,18825.440131759835,2.384012987022288e-10,0.00015,301.124,293.15,317.791,0.0,150000,1,2,200000,200000,200000,0,301124,1,2,200000,200000,200000,0,293150,1,2,200000,200000,200000,0,317791,1,2,200000,200000,200000,0,0,1,2,200000,200000,200000,0,1.0,0.527498,0.65,1.0,0.527498,0.65,1.0,0.527498,0.65,2,500000,False,1.0,5000.0,300.0,500.0,600000000000.0,100000000000.0,,1
1,near_tick_before,thermal_loop,4,controller_tick,300000,0.3,1,0,300000,3,300000,RUNNING,,0,0,62,1,0,reconstructed_from_retained_wire,True,,,317.79114832543934,301.1244816715652,293.14999999142697,0.5274982091329836,0.65,1500.0000000000002,1499.9999995587523,0.00014999997918326388,18825.438561858653,-3.70391717297025e-10,0.00015,301.124,293.15,317.791,0.0,150000,1,3,300000,300000,300000,0,301124,1,3,300000,300000,300000,0,293150,1,3,300000,300000,300000,0,317791,1,3,300000,300000,300000,0,0,1,3,300000,300000,300000,0,1.0,0.527498,0.65,1.0,0.527498,0.65,1.0,0.527498,0.65,3,600000,False,1.0,5000.0,300.0,500.0,600000000000.0,100000000000.0,,2
1,near_tick_before,thermal_loop,5,controller_tick,400000,0.4,1,0,400000,4,400000,RUNNING,,0,0,62,1,0,reconstructed_from_retained_wire,True,,,317.79114832549084,301.1244816807348,293.1499999853187,0.5274981892313491,0.65,2000.0000000000005,1999.9999989832415,0.00014999997352401284,18825.43714135339,-1.003400029730983e-09,0.00015,301.124,293.15,317.791,0.0,150000,1,4,400000,400000,400000,0,301124,1,4,400000,400000,400000,0,293150,1,4,400000,400000,400000,0,317791,1,4,400000,400000,400000,0,0,1,4,400000,400000,400000,0,1.0,0.527498,0.65,1.0,0.527498,0.65,1.0,0.527498,0.65,4,700000,False,1.0,5000.0,300.0,500.0,600000000000.0,100000000000.0,,3
1,near_tick_before,thermal_loop,6,controller_tick,500000,0.5,1,0,500000,5,500000,RUNNING,,0,0,62,1,0,reconstructed_from_retained_wire,True,,,317.79114832557275,301.12448169188815,293.1499999778908,0.5274981712236053,0.65,2500.0000000000005,2499.999998068638,0.00014999996840331075,18825.435856027114,-2.630713424878195e-10,0.00015,301.124,293.15,317.791,0.0,150000,1,5,500000,500000,500000,0,301124,1,5,500000,500000,500000,0,293150,1,5,500000,500000,500000,0,317791,1,5,500000,500000,500000,0,0,1,5,500000,500000,500000,0,1.0,0.527498,0.65,1.0,0.527498,0.65,1.0,0.527498,0.65,5,800000,False,1.0,5000.0,300.0,500.0,600000000000.0,100000000000.0,,4
1,near_tick_before,thermal_loop,7,controller_tick,600000,0.6,1,0,600000,6,600000,RUNNING,,0,0,62,1,0,reconstructed_from_retained_wire,True,,,317.7911483256905,301.1244817047911,293.1499999692998,0.5274981549295249,0.65,3000.0000000000005,2999.9999967529448,0.0001499999637699079,18825.43469301583,-9.179075277643278e-10,0.00015,301.124,293.15,317.791,0.0,150000,1,6,600000,600000,600000,0,301124,1,6,600000,600000,600000,0,293150,1,6,600000,600000,600000,0,317791,1,6,600000,600000,600000,0,0,1,6,600000,600000,600000,0,1.0,0.527498,0.65,1.0,0.527498,0.65,1.0,0.527498,0.65,6,900000,False,1.0,5000.0,300.0,500.0,600000000000.0,100000000000.0,,5
1,near_tick_before,thermal_loop,8,controller_tick,700000,0.7,1,0,700000,7,700000,RUNNING,,0,0,62,1,0,reconstructed_from_retained_wire,True,,,317.79114832584884,301.1244817192325,293.14999995968714,0.5274981401860313,0.65,3500.0,3499.999994981602,0.00014999995957743156,18825.433640679745,-1.3694716471945867e-09,0.00015,301.124,293.15,317.791,0.0,150000,1,7,700000,700000,700000,0,301124,1,7,700000,700000,700000,0,293150,1,7,700000,700000,700000,0,317791,1,7,700000,700000,700000,0,0,1,7,700000,700000,700000,0,1.0,0.527498,0.65,1.0,0.527498,0.65,1.0,0.527498,0.65,7,1000000,False,1.0,5000.0,300.0,500.0,600000000000.0,100000000000.0,,6
1,near_tick_before,thermal_loop,9,controller_tick,800000,0.8,1,0,800000,8,800000,RUNNING,,0,0,62,1,0,reconstructed_from_retained_wire,True,,,317.79114832605205,301.124481735022,293.14999994918014,0.5274981268455666,0.65,4000.0,3999.999992706762,0.00014999995578392217,18825.43268848671,-1.4620127330999821e-09,0.00015,301.124,293.15,317.791,0.0,150000,1,8,800000,800000,800000,0,301124,1,8,800000,800000,800000,0,293150,1,8,800000,800000,800000,0,317791,1,8,800000,800000,800000,0,0,1,8,800000,800000,800000,0,1.0,0.527498,0.65,1.0,0.527498,0.65,1.0,0.527498,0.65,8,1100000,False,1.0,5000.0,300.0,500.0,600000000000.0,100000000000.0,,7
1,near_tick_before,thermal_loop,10,controller_tick,900000,0.9,1,0,900000,9,900000,RUNNING,,0,0,62,1,0,reconstructed_from_retained_wire,True,,,317.79114832630376,301.12448175198824,293.1499999378935,0.5274981147746151,0.65,4500.0,4499.999989886627,0.00014999995235141295,18825.43182690683,-1.6232206689892337e-09,0.00015,301.124,293.15,317.791,0.0,150000,1,9,900000,900000,900000,0,301124,1,9,900000,900000,900000,0,293150,1,9,900000,900000,900000,0,317791,1,9,900000,900000,900000,0,0,1,9,900000,900000,900000,0,1.0,0.527498,0.65,1.0,0.527498,0.65,1.0,0.527498,0.65,9,1200000,False,1.0,5000.0,300.0,500.0,600000000000.0,100000000000.0,,8
1,near_tick_before,thermal_loop,11,controller_tick,1000000,1.0,1,0,1000000,10,1000000,RUNNING,,0,0,62,1,0,reconstructed_from_retained_wire,True,,,317.7911483266071,301.1244817699767,293.14999992593056,0.5274981038523663,0.65,5000.0,4999.999986484845,0.00014999994924555008,18825.431047317143,-1.9520030036801472e-09,0.00015,301.124,293.15,317.791,0.0,150000,1,10,1000000,1000000,1000000,0,301124,1,10,1000000,1000000,1000000,0,293150,1,10,1000000,1000000,1000000,0,317791,1,10,1000000,1000000,1000000,0,0,1,10,1000000,1000000,1000000,0,1.0,0.527498,0.65,1.0,0.527498,0.65,1.0,0.527498,0.65,10,1300000,False,1.0,5000.0,300.0,500.0,600000000000.0,100000000000.0,,9
1,near_tick_before,thermal_loop,12,controller_tick,1100000,1.1,1,0,1100000,11,1100000,RUNNING,,0,0,62,1,0,reconstructed_from_retained_wire,True,,,317.7911483269648,301.1244817888483,293.1499999133844,0.527498093969507,0.65,5500.0,5499.99998246997,0.00014999994643524918,18825.430341915227,-1.5263594832504168e-09,0.00015,301.124,293.15,317.791,0.0,150000,1,11,1100000,1100000,1100000,0,301124,1,11,1100000,1100000,1100000,0,293150,1,11,1100000,1100000,1100000,0,317791,1,11,1100000,1100000,1100000,0,0,1,11,1100000,1100000,1100000,0,1.0,0.527498,0.65,1.0,0.527498,0.65,1.0,0.527498,0.65,11,1400000,False,1.0,5000.0,300.0,500.0,600000000000.0,100000000000.0,,10
1,near_tick_before,thermal_loop,13,controller_tick,1200000,1.2,1,0,1200000,12,1200000,RUNNING,,0,0,62,1,0,reconstructed_from_retained_wire,True,,,317.7911483273791,301.12448180847804,293.14999990033874,0.527498085027126,0.65,6000.0,5999.9999778149695,0.00014999994389238374,18825.429703641195,-1.4076704246690497e-09,0.00015,301.124,293.15,317.791,0.0,150000,1,12,1200000,1200000,1200000,0,301124,1,12,1200000,1200000,1200000,0,293150,1,12,1200000,1200000,1200000,0,317791,1,12,1200000,1200000,1200000,0,0,1,12,1200000,1200000,1200000,0,1.0,0.527498,0.65,1.0,0.527498,0.65,1.0,0.527498,0.65,12,1500000,False,1.0,5000.0,300.0,500.0,600000000000.0,100000000000.0,,11
1,near_tick_before,thermal_loop,14,controller_tick,1300000,1.3,1,0,1300000,13,1300000,RUNNING,,0,0,62,1,0,reconstructed_from_retained_wire,True,,,317.791148327852,301.12448182875346,293.14999988686884,0.527498076935725,0.65,6500.0,6499.999972496782,0.00014999994159150396,18825.429126106967,-8.167262421920896e-10,0.00015,301.124,293.15,317.791,0.0,150000,1,13,1300000,1300000,1300000,0,301124,1,13,1300000,1300000,1300000,0,293150,1,13,1300000,1300000,1300000,0,317791,1,13,1300000,1300000,1300000,0,0,1,13,1300000,1300000,1300000,0,1.0,0.527498,0.65,1.0,0.527498,0.65,1.0,0.527498,0.65,13,1600000,False,1.0,5000.0,300.0,500.0,600000000000.0,100000000000.0,,12
1,near_tick_before,thermal_loop,15,controller_tick,1400000,1.4,1,0,1400000,14,1400000,RUNNING,,0,0,62,1,0,reconstructed_from_retained_wire,True,,,317.7911483283851,301.1244818495733,293.14999987304236,0.5274980696143229,0.65,7000.0,6999.999966495919,0.00014999993950958187,18825.428603532415,-8.567440090700984e-10,0.00015,301.124,293.15,317.791,0.0,150000,1,14,1400000,1400000,1400000,0,301124,1,14,1400000,1400000,1400000,0,293150,1,14,1400000,1400000,1400000,0,317791,1,14,1400000,1400000,1400000,0,0,1,14,1400000,1400000,1400000,0,1.0,0.527498,0.65,1.0,0.527498,0.65,1.0,0.527498,0.65,14,1700000,False,1.0,5000.0,300.0,500.0,600000000000.0,100000000000.0,,13
1,near_tick_before,thermal_loop,16,controller_tick,1500000,1.5,1,0,1500000,15,1500000,RUNNING,,0,0,62,1,0,reconstructed_from_retained_wire,True,,,317.7911483289796,301.1244818708469,293.1499998589201,0.5274980629896441,0.65,7500.0,7499.999959796098,0.0001499999376257808,18825.428130687396,-1.0270468919770792e-09,0.00015,301.124,293.15,317.791,0.0,150000,1,15,1500000,1500000,1500000,0,301124,1,15,1500000,1500000,1500000,0,293150,1,15,1500000,1500000,1500000,0,317791,1,15,1500000,1500000,1500000,0,0,1,15,1500000,1500000,1500000,0,1.0,0.527498,0.65,1.0,0.527498,0.65,1.0,0.527498,0.65,15,1800000,False,1.0,5000.0,300.0,500.0,600000000000.0,100000000000.0,,14
1,near_tick_before,thermal_loop,17,controller_tick,1600000,1.6,1,0,1600000,16,1600000,RUNNING,,0,0,62,1,0,reconstructed_from_retained_wire,True,,,317.79114832963666,301.12448189249267,293.1499998445568,0.527498056995387,0.65,8000.0,7999.9999523839215,0.00014999993592124718,18825.42770283955,-1.23463905765675e-10,0.00015,301.124,293.15,317.791,0.0,150000,1,16,1600000,1600000,1600000,0,301124,1,16,1600000,1600000,1600000,0,293150,1,16,1600000,1600000,1600000,0,317791,1,16,1600000,1600000,1600000,0,0,1,16,1600000,1600000,1600000,0,1.0,0.527498,0.65,1.0,0.527498,0.65,1.0,0.527498,0.65,16,1900000,False,1.0,5000.0,300.0,500.0,600000000000.0,100000000000.0,,15
1,near_tick_before,thermal_loop,18,controller_tick,1700000,1.7,1,0,1700000,17,1700000,RUNNING,,0,0,62,1,0,reconstructed_from_retained_wire,True,,,317.791148330357,301.12448191443747,293.14999983000126,0.5274980515715588,0.65,8500.000000000002,8499.999944248582,0.00014999993437892135,18825.42731570681,-3.7766767491120845e-10,0.00015,301.124,293.15,317.791,0.0,150000,1,17,1700000,1700000,1700000,0,301124,1,17,1700000,1700000,1700000,0,293150,1,17,1700000,1700000,1700000,0,317791,1,17,1700000,1700000,1700000,0,0,1,17,1700000,1700000,1700000,0,1.0,0.527498,0.65,1.0,0.527498,0.65,1.0,0.527498,0.65,17,2000000,False,1.0,5000.0,300.0,500.0,600000000000.0,100000000000.0,,16
1,near_tick_before,thermal_loop,19,controller_tick,1800000,1.8,1,0,1800000,18,1800000,RUNNING,,0,0,62,1,0,reconstructed_from_retained_wire,True,,,317.7911483311413,301.12448193661567,293.14999981529746,0.5274980466638761,0.65,9000.000000000002,8999.999935381584,0.0001499999329833672,18825.42696541462,-4.160938260611147e-11,0.00015,301.124,293.15,317.791,0.0,150000,1,18,1800000,1800000,1800000,0,301124,1,18,1800000,1800000,1800000,0,293150,1,18,1800000,1800000,1800000,0,317791,1,18,1800000,1800000,1800000,0,0,1,18,1800000,1800000,1800000,0,1.0,0.527498,0.65,1.0,0.527498,0.65,1.0,0.527498,0.65,18,2100000,False,1.0,5000.0,300.0,500.0,600000000000.0,100000000000.0,,17
1,near_tick_before,thermal_loop,20,controller_tick,1900000,1.9,1,0,1900000,19,1900000,RUNNING,,0,0,62,1,0,reconstructed_from_retained_wire,True,,,317.79114833199,301.1244819589687,293.1499998004847,0.5274980422232212,0.65,9500.000000000002,9499.999925776516,0.00014999993172061762,18825.42664845714,9.722498361952603e-10,0.00015,301.124,293.15,317.791,0.0,150000,1,19,1900000,1900000,1900000,0,301124,1,19,1900000,1900000,1900000,0,293150,1,19,1900000,1900000,1900000,0,317791,1,19,1900000,1900000,1900000,0,0,1,19,1900000,1900000,1900000,0,1.0,0.527498,0.65,1.0,0.527498,0.65,1.0,0.527498,0.65,19,2200000,False,1.0,5000.0,300.0,500.0,600000000000.0,100000000000.0,,18
1,near_tick_before,thermal_loop,21,controller_tick,2000000,2.0,1,0,2000000,20,2000000,RUNNING,,0,0,62,1,0,reconstructed_from_retained_wire,True,,,317.7911483329032,301.1244819814441,293.149999785598,0.5274980382051504,0.65,10000.000000000002,9999.999915428825,0.00014999993057803455,18825.426361662154,1.0975327313644812e-09,0.00015,301.124,293.15,317.791,0.0,150000,1,20,2000000,2000000,2000000,0,301124,1,20,2000000,2000000,2000000,0,293150,1,20,2000000,2000000,2000000,0,317791,1,20,2000000,2000000,2000000,0,0,1,20,2000000,2000000,2000000,0,1.0,0.527498,0.65,1.0,0.527498,0.65,1.0,0.527498,0.65,20,2300000,False,1.0,5000.0,300.0,500.0,600000000000.0,100000000000.0,,19
1,near_tick_before,thermal_loop,22,controller_tick,2100000,2.1,1,0,2100000,21,2100000,RUNNING,,0,0,62,1,0,reconstructed_from_retained_wire,True,,,317.7911483338812,301.12448200399484,293.1499997706689,0.5274980345694497,0.65,10500.000000000004,10499.999904335615,0.00014999992954418265,18825.426102159327,8.033111953409389e-10,0.00015,301.124,293.15,317.791,0.0,150000,1,21,2100000,2100000,2100000,0,301124,1,21,2100000,2100000,2100000,0,293150,1,21,2100000,2100000,2100000,0,317791,1,21,2100000,2100000,2100000,0,0,1,21,2100000,2100000,2100000,0,1.0,0.527498,0.65,1.0,0.527498,0.65,1.0,0.527498,0.65,21,2400000,False,1.0,5000.0,300.0,500.0,600000000000.0,100000000000.0,,20
1,near_tick_before,thermal_loop,23,controller_tick,2200000,2.2,1,0,2200000,22,2200000,RUNNING,,0,0,62,1,0,reconstructed_from_retained_wire,True,,,317.7911483349239,301.1244820265792,293.14999975572533,0.5274980312797316,0.65,11000.000000000004,10999.999892495478,0.00014999992860871474,18825.425867351463,2.5715962692629546e-10,0.00015,301.124,293.15,317.791,0.0,150000,1,22,2200000,2200000,2200000,0,301124,1,22,2200000,2200000,2200000,0,293150,1,22,2200000,2200000,2200000,0,317791,1,22,2200000,2200000,2200000,0,0,1,22,2200000,2200000,2200000,0,1.0,0.527498,0.65,1.0,0.527498,0.65,1.0,0.527498,0.65,22,2500000,False,1.0,5000.0,300.0,500.0,600000000000.0,100000000000.0,,21
1,near_tick_before,thermal_loop,24,controller_tick,2300000,2.3,1,0,2300000,23,2300000,RUNNING,,0,0,62,1,0,reconstructed_from_retained_wire,True,,,317.7911483360311,301.1244820491599,293.1499997407924,0.5274980283030716,0.65,11500.000000000005,11499.999879908333,0.00014999992776226838,18825.425654888517,7.571543392259628e-10,0.00015,301.124,293.15,317.791,0.0,150000,1,23,2300000,2300000,2300000,0,301124,1,23,2300000,2300000,2300000,0,293150,1,23,2300000,2300000,2300000,0,317791,1,23,2300000,2300000,2300000,0,0,1,23,2300000,2300000,2300000,0,1.0,0.527498,0.65,1.0,0.527498,0.65,1.0,0.527498,0.65,23,2600000,False,1.0,5000.0,300.0,500.0,600000000000.0,100000000000.0,,22
1,near_tick_before,thermal_loop,25,controller_tick,2400000,2.4,1,0,2400000,24,2400000,RUNNING,,0,0,62,1,0,reconstructed_from_retained_wire,True,,,317.7911483372025,301.1244820717037,293.1499997258922,0.5274980256096782,0.65,12000.000000000005,11999.999866575272,0.00014999992699637202,18825.425462644092,-1.566604623803869e-10,0.00015,301.124,293.15,317.791,0.0,150000,1,24,2400000,2400000,2400000,0,301124,1,24,2400000,2400000,2400000,0,293150,1,24,2400000,2400000,2400000,0,317791,1,24,2400000,2400000,2400000,0,0,1,24,2400000,2400000,2400000,0,1.0,0.527498,0.65,1.0,0.527498,0.65,1.0,0.527498,0.65,24,2700000,False,1.0,5000.0,300.0,500.0,600000000000.0,100000000000.0,,23
1,near_tick_before,thermal_loop,26,controller_tick,2500000,2.5,1,0,2500000,25,2500000,RUNNING,,0,0,62,1,0,reconstructed_from_retained_wire,True,,,317.79114833843795,301.1244820941813,293.14999971104453,0.5274980231725951,0.65,12500.000000000007,12499.999852498433,0.00014999992630336035,18825.425288694147,2.2873791749589145e-10,0.00015,301.124,293.15,317.791,0.0,150000,1,25,2500000,2500000,2500000,0,301124,1,25,2500000,2500000,2500000,0,293150,1,25,2500000,2500000,2500000,0,317791,1,25,2500000,2500000,2500000,0,0,1,25,2500000,2500000,2500000,0,1.0,0.527498,0.65,1.0,0.527498,0.65,1.0,0.527498,0.65,25,2800000,False,1.0,5000.0,300.0,500.0,600000000000.0,100000000000.0,,24
1,near_tick_before,thermal_loop,27,controller_tick,2600000,2.6,1,0,2600000,26,2600000,RUNNING,,0,0,62,1,0,reconstructed_from_retained_wire,True,,,317.7911483397369,301.1244821165665,293.1499996962669,0.5274980209674311,0.65,13000.00000000001,12999.999837680894,0.00014999992567629747,18825.425131297736,8.274128049379215e-10,0.00015,301.124,293.15,317.791,0.0,150000,1,26,2600000,2600000,2600000,0,301124,1,26,2600000,2600000,2600000,0,293150,1,26,2600000,2600000,2600000,0,317791,1,26,2600000,2600000,2600000,0,0,1,26,2600000,2600000,2600000,0,1.0,0.527498,0.65,1.0,0.527498,0.65,1.0,0.527498,0.65,26,2900000,False,1.0,5000.0,300.0,500.0,600000000000.0,100000000000.0,,25
1,near_tick_before,thermal_loop,28,controller_tick,2700000,2.7,1,0,2700000,27,2700000,RUNNING,,0,0,62,1,0,reconstructed_from_retained_wire,True,,,317.7911483410988,301.1244821388363,293.1499996815747,0.5274980189721162,0.65,13500.000000000011,13499.99982212655,0.0001499999251089075,18825.424988879568,6.55518306302838e-10,0.00015,301.124,293.15,317.791,0.0,150000,1,27,2700000,2700000,2700000,0,301124,1,27,2700000,2700000,2700000,0,293150,1,27,2700000,2700000,2700000,0,317791,1,27,2700000,2700000,2700000,0,0,1,27,2700000,2700000,2700000,0,1.0,0.527498,0.65,1.0,0.527498,0.65,1.0,0.527498,0.65,27,3000000,False,1.0,5000.0,300.0,500.0,600000000000.0,100000000000.0,,26
1,near_tick_before,thermal_loop,29,controller_tick,2800000,2.8,1,0,2800000,28,2800000,RUNNING,,0,0,62,1,0,reconstructed_from_retained_wire,True,,,317.7911483425231,301.12448216097033,293.1499996669816,0.5274980171666807,0.65,14000.000000000013,13999.99980584002,0.0001499999245955118,18825.424860014282,7.855760486563668e-10,0.00015,301.124,293.15,317.791,0.0,150000,1,28,2800000,2800000,2800000,0,301124,1,28,2800000,2800000,2800000,0,293150,1,28,2800000,2800000,2800000,0,317791,1,28,2800000,2800000,2800000,0,0,1,28,2800000,2800000,2800000,0,1.0,0.527498,0.65,1.0,0.527498,0.65,1.0,0.527498,0.65,28,3100000,False,1.0,5000.0,300.0,500.0,600000000000.0,100000000000.0,,27
1,near_tick_before,thermal_loop,30,controller_tick,2900000,2.9,1,0,2900000,29,2900000,RUNNING,,0,0,62,1,0,reconstructed_from_retained_wire,True,,,317.7911483440093,301.12448218295077,293.14999965249956,0.5274980155330551,0.65,14500.000000000015,14499.999788826564,0.0001499999241309722,18825.424743412157,5.579749995376915e-10,0.00015,301.124,293.15,317.791,0.0,150000,1,29,2900000,2900000,2900000,0,301124,1,29,2900000,2900000,2900000,0,293150,1,29,2900000,2900000,2900000,0,317791,1,29,2900000,2900000,2900000,0,0,1,29,2900000,2900000,2900000,0,1.0,0.527498,0.65,1.0,0.527498,0.65,1.0,0.527498,0.65,29,3200000,False,1.0,5000.0,300.0,500.0,600000000000.0,100000000000.0,,28
1,near_tick_before,thermal_loop,31,controller_tick,3000000,3.0,1,0,3000000,30,3000000,RUNNING,,0,0,62,1,0,reconstructed_from_retained_wire,True,,,317.7911483455566,301.1244822047619,293.14999963813915,0.5274980140548895,0.65,15000.000000000015,14999.999771092007,0.0001499999237106394,18825.424637906184,6.391474016709253e-10,0.00015,301.124,293.15,317.791,0.0,150000,1,30,3000000,3000000,3000000,0,301124,1,30,3000000,3000000,3000000,0,293150,1,30,3000000,3000000,3000000,0,317791,1,30,3000000,3000000,3000000,0,0,1,30,3000000,3000000,3000000,0,1.0,0.527498,0.65,1.0,0.527498,0.65,1.0,0.527498,0.65,30,3300000,False,1.0,5000.0,300.0,500.0,600000000000.0,100000000000.0,,29
1,near_tick_before,thermal_loop,32,controller_tick,3100000,3.1,1,0,3100000,31,3100000,RUNNING,,0,0,62,1,0,reconstructed_from_retained_wire,True,,,317.7911483471643,301.12448222639006,293.14999962390954,0.5274980127173898,0.65,15500.000000000016,15499.999752642661,0.00014999992333030653,18825.424542440425,5.691163096344098e-10,0.00015,301.124,293.15,317.791,0.0,150000,1,31,3100000,3100000,3100000,0,301124,1,31,3100000,3100000,3100000,0,293150,1,31,3100000,3100000,3100000,0,317791,1,31,3100000,3100000,3100000,0,0,1,31,3100000,3100000,3100000,0,1.0,0.527498,0.65,1.0,0.527498,0.65,1.0,0.527498,0.65,31,3400000,False,1.0,5000.0,300.0,500.0,600000000000.0,100000000000.0,,30
1,near_tick_before,thermal_loop,33,controller_tick,3200000,3.2,1,0,3200000,32,3200000,RUNNING,,0,0,62,1,0,reconstructed_from_retained_wire,True,,,317.7911483488317,301.12448224782355,293.14999960981856,0.5274980115071701,0.65,16000.000000000018,15999.999733485272,0.0001499999229861671,18825.424456059438,2.7330315788276494e-10,0.00015,301.124,293.15,317.791,0.0,150000,1,32,3200000,3200000,3200000,0,301124,1,32,3200000,3200000,3200000,0,293150,1,32,3200000,3200000,3200000,0,317791,1,32,3200000,3200000,3200000,0,0,1,32,3200000,3200000,3200000,0,1.0,0.527498,0.65,1.0,0.527498,0.65,1.0,0.527498,0.65,32,3500000,False,1.0,5000.0,300.0,500.0,600000000000.0,100000000000.0,,31
1,near_tick_before,thermal_loop,34,controller_tick,3300000,3.3,1,0,3300000,33,3300000,RUNNING,,0,0,62,1,0,reconstructed_from_retained_wire,True,,,317.79114835055805,301.12448226905195,293.1499995958732,0.5274980104121181,0.65,16500.00000000002,16499.99971362695,0.00014999992267477686,18825.424377898686,1.8530954548623413e-10,0.00015,301.124,293.15,317.791,0.0,150000,1,33,3300000,3300000,3300000,0,301124,1,33,3300000,3300000,3300000,0,293150,1,33,3300000,3300000,3300000,0,317791,1,33,3300000,3300000,3300000,0,0,1,33,3300000,3300000,3300000,0,1.0,0.527498,0.65,1.0,0.527498,0.65,1.0,0.527498,0.65,33,3600000,False,1.0,5000.0,300.0,500.0,600000000000.0,100000000000.0,,32
1,near_tick_before,thermal_loop,35,controller_tick,3400000,3.4,1,0,3400000,34,3400000,RUNNING,,0,0,62,1,0,reconstructed_from_retained_wire,True,,,317.7911483523424,301.1244822900667,293.1499995820794,0.5274980094212741,0.65,17000.00000000002,16999.999693075122,0.00014999992239301936,18825.424307175927,3.0399860406760126e-10,0.00015,301.124,293.15,317.791,0.0,150000,1,34,3400000,3400000,3400000,0,301124,1,34,3400000,3400000,3400000,0,293150,1,34,3400000,3400000,3400000,0,317791,1,34,3400000,3400000,3400000,0,0,1,34,3400000,3400000,3400000,0,1.0,0.527498,0.65,1.0,0.527498,0.65,1.0,0.527498,0.65,34,3700000,False,1.0,5000.0,300.0,500.0,600000000000.0,100000000000.0,,33
1,near_tick_before,thermal_loop,36,controller_tick,3500000,3.5,1,0,3500000,35,3500000,RUNNING,,0,0,62,1,0,reconstructed_from_retained_wire,True,,,317.7911483541841,301.1244823108601,293.14999956844207,0.5274980085247214,0.65,17500.00000000002,17499.999671837497,0.00014999992213807464,18825.42424318332,7.055405149003491e-10,0.00015,301.124,293.15,317.791,0.0,150000,1,35,3500000,3500000,3500000,0,301124,1,35,3500000,3500000,3500000,0,293150,1,35,3500000,3500000,3500000,0,317791,1,35,3500000,3500000,3500000,0,0,1,35,3500000,3500000,3500000,0,1.0,0.527498,0.65,1.0,0.527498,0.65,1.0,0.527498,0.65,35,3800000,False,1.0,5000.0,300.0,500.0,600000000000.0,100000000000.0,,34
1,near_tick_before,thermal_loop,37,controller_tick,3600000,3.6,1,0,3600000,36,3600000,RUNNING,,0,0,62,1,0,reconstructed_from_retained_wire,True,,,317.7911483560822,301.124482331426,293.1499995549655,0.5274980077134869,0.65,18000.00000000002,17999.99964992201,0.00014999992190739108,18825.424185280415,1.276703187613748e-09,0.00015,301.124,293.15,317.791,0.0,150000,1,36,3600000,3600000,3600000,0,301124,1,36,3600000,3600000,3600000,0,293150,1,36,3600000,3600000,3600000,0,317791,1,36,3600000,3600000,3600000,0,0,1,36,3600000,3600000,3600000,0,1.0,0.527498,0.65,1.0,0.527498,0.65,1.0,0.527498,0.65,36,3900000,False,1.0,5000.0,300.0,500.0,600000000000.0,100000000000.0,,35
1,near_tick_before,thermal_loop,38,controller_tick,3700000,3.7,1,0,3700000,37,3700000,RUNNING,,0,0,62,1,0,reconstructed_from_retained_wire,True,,,317.79114835803585,301.1244823517591,293.1499995416532,0.5274980069794516,0.65,18500.000000000022,18499.99962733679,0.00014999992169866,18825.424132887703,8.085407898761332e-10,0.00015,301.124,293.15,317.791,0.0,150000,1,37,3700000,3700000,3700000,0,301124,1,37,3700000,3700000,3700000,0,293150,1,37,3700000,3700000,3700000,0,317791,1,37,3700000,3700000,3700000,0,0,1,37,3700000,3700000,3700000,0,1.0,0.527498,0.65,1.0,0.527498,0.65,1.0,0.527498,0.65,37,4000000,False,1.0,5000.0,300.0,500.0,600000000000.0,100000000000.0,,36
1,near_tick_before,thermal_loop,39,controller_tick,3800000,3.8,1,0,3800000,38,3800000,RUNNING,,0,0,62,1,0,reconstructed_from_retained_wire,True,,,317.79114836004425,301.12448237185515,293.14999952850803,0.527498006315269,0.65,19000.000000000022,18999.99960409012,0.0001499999215097923,18825.424085480816,5.843503458891064e-10,0.00015,301.124,293.15,317.791,0.0,150000,1,38,3800000,3800000,3800000,0,301124,1,38,3800000,3800000,3800000,0,293150,1,38,3800000,3800000,3800000,0,317791,1,38,3800000,3800000,3800000,0,0,1,38,3800000,3800000,3800000,0,1.0,0.527498,0.65,1.0,0.527498,0.65,1.0,0.527498,0.65,38,4100000,False,1.0,5000.0,300.0,500.0,600000000000.0,100000000000.0,,37
1,near_tick_before,thermal_loop,40,controller_tick,3900000,3.9,1,0,3900000,39,3900000,RUNNING,,0,0,62,1,0,reconstructed_from_retained_wire,True,,,317.7911483621064,301.12448239171067,293.1499995155324,0.5274980057142916,0.65,19500.000000000025,19499.99958019042,0.0001499999213388977,18825.424042585284,6.45741238258779e-11,0.00015,301.124,293.15,317.791,0.0,150000,1,39,3900000,3900000,3900000,0,301124,1,39,3900000,3900000,3900000,0,293150,1,39,3900000,3900000,3900000,0,317791,1,39,3900000,3900000,3900000,0,0,1,39,3900000,3900000,3900000,0,1.0,0.527498,0.65,1.0,0.527498,0.65,1.0,0.527498,0.65,39,4200000,False,1.0,5000.0,300.0,500.0,600000000000.0,100000000000.0,,38
1,near_tick_before,thermal_loop,41,controller_tick,4000000,4.0,1,0,4000000,40,4000000,RUNNING,,0,0,62,1,0,reconstructed_from_retained_wire,True,,,317.79114836422156,301.1244824113231,293.149999502728,0.5274980051705048,0.65,20000.00000000003,19999.999555646213,0.00014999992118426588,18825.424003771805,5.979927664157003e-11,0.00015,301.124,293.15,317.791,0.0,150000,1,40,4000000,4000000,4000000,0,301124,1,40,4000000,4000000,4000000,0,293150,1,40,4000000,4000000,4000000,0,317791,1,40,4000000,4000000,4000000,0,0,1,40,4000000,4000000,4000000,0,1.0,0.527498,0.65,1.0,0.527498,0.65,1.0,0.527498,0.65,40,4300000,False,1.0,5000.0,300.0,500.0,600000000000.0,100000000000.0,,39
1,near_tick_before,thermal_loop,42,controller_tick,4100000,4.1,1,0,4100000,41,4100000,RUNNING,,0,0,62,1,0,reconstructed_from_retained_wire,True,,,317.7911483663887,301.1244824306903,293.1499994900963,0.5274980046784663,0.65,20500.00000000003,20499.9995304661,0.00014999992104434924,18825.42396865192,2.1964297047816217e-10,0.00015,301.124,293.15,317.791,0.0,150000,1,41,4100000,4100000,4100000,0,301124,1,41,4100000,4100000,4100000,0,293150,1,41,4100000,4100000,4100000,0,317791,1,41,4100000,4100000,4100000,0,0,1,41,4100000,4100000,4100000,0,1.0,0.527498,0.65,1.0,0.527498,0.65,1.0,0.527498,0.65,41,4400000,False,1.0,5000.0,300.0,500.0,600000000000.0,100000000000.0,,40
1,near_tick_before,thermal_loop,43,controller_tick,4200000,4.2,1,0,4200000,42,4200000,RUNNING,,0,0,62,1,0,reconstructed_from_retained_wire,True,,,317.791148368607,301.124482449811,293.1499994776381,0.5274980042332513,0.65,21000.000000000025,20999.999504658732,0.00014999992091774744,18825.423936874133,-7.532889867434278e-10,0.00015,301.124,293.15,317.791,0.0,150000,1,42,4200000,4200000,4200000,0,301124,1,42,4200000,4200000,4200000,0,293150,1,42,4200000,4200000,4200000,0,317791,1,42,4200000,4200000,4200000,0,0,1,42,4200000,4200000,4200000,0,1.0,0.527498,0.65,1.0,0.527498,0.65,1.0,0.527498,0.65,42,4500000,False,1.0,5000.0,300.0,500.0,600000000000.0,100000000000.0,,41
1,near_tick_before,thermal_loop,44,controller_tick,4300000,4.3,1,0,4300000,43,4300000,RUNNING,,0,0,62,1,0,reconstructed_from_retained_wire,True,,,317.7911483708756,301.12448246868445,293.14999946535414,0.5274980038304042,0.65,21500.000000000025,21499.99947823281,0.00014999992080319338,18825.423908120407,-1.7394086171407253e-10,0.00015,301.124,293.15,317.791,0.0,150000,1,43,4300000,4300000,4300000,0,301124,1,43,4300000,4300000,4300000,0,293150,1,43,4300000,4300000,4300000,0,317791,1,43,4300000,4300000,4300000,0,0,1,43,4300000,4300000,4300000,0,1.0,0.527498,0.65,1.0,0.527498,0.65,1.0,0.527498,0.65,43,4600000,False,1.0,5000.0,300.0,500.0,600000000000.0,100000000000.0,,42
1,near_tick_before,thermal_loop,45,controller_tick,4400000,4.4,1,0,4400000,44,4400000,RUNNING,,0,0,62,1,0,reconstructed_from_retained_wire,True,,,317.79114837319355,301.1244824873102,293.1499994532445,0.527498003465893,0.65,22000.000000000025,21999.99945119705,0.00014999992069954056,18825.42388210295,2.5056579033844173e-10,0.00015,301.124,293.15,317.791,0.0,150000,1,44,4400000,4400000,4400000,0,301124,1,44,4400000,4400000,4400000,0,293150,1,44,4400000,4400000,4400000,0,317791,1,44,4400000,4400000,4400000,0,0,1,44,4400000,4400000,4400000,0,1.0,0.527498,0.65,1.0,0.527498,0.65,1.0,0.527498,0.65,44,4700000,False,1.0,5000.0,300.0,500.0,600000000000.0,100000000000.0,,43
1,near_tick_before,thermal_loop,46,controller_tick,4500000,4.5,1,0,4500000,45,4500000,RUNNING,,0,0,62,1,0,reconstructed_from_retained_wire,True,,,317.79114837556,301.1244825056883,293.14999944130926,0.5274980031360698,0.65,22500.000000000025,22499.99942356017,0.00014999992060575165,18825.423858561386,8.546976459911093e-10,0.00015,301.124,293.15,317.791,0.0,150000,1,45,4500000,4500000,4500000,0,301124,1,45,4500000,4500000,4500000,0,293150,1,45,4500000,4500000,4500000,0,317791,1,45,4500000,4500000,4500000,0,0,1,45,4500000,4500000,4500000,0,1.0,0.527498,0.65,1.0,0.527498,0.65,1.0,0.527498,0.65,45,4800000,False,1.0,5000.0,300.0,500.0,600000000000.0,100000000000.0,,44
1,near_tick_before,thermal_loop,47,controller_tick,4600000,4.6,1,0,4600000,46,4600000,RUNNING,,0,0,62,1,0,reconstructed_from_retained_wire,True,,,317.79114837797397,301.1244825238193,293.14999942954796,0.5274980028376334,0.65,23000.000000000025,22999.999395330877,0.00014999992052088795,18825.42383726011,-2.660272002685815e-10,0.00015,301.124,293.15,317.791,0.0,150000,1,46,4600000,4600000,4600000,0,301124,1,46,4600000,4600000,4600000,0,293150,1,46,4600000,4600000,4600000,0,317791,1,46,4600000,4600000,4600000,0,0,1,46,4600000,4600000,4600000,0,1.0,0.527498,0.65,1.0,0.527498,0.65,1.0,0.527498,0.65,46,4900000,False,1.0,5000.0,300.0,500.0,600000000000.0,100000000000.0,,45
1,near_tick_before,thermal_loop,48,controller_tick,4700000,4.7,1,0,4700000,47,4700000,RUNNING,,0,0,62,1,0,reconstructed_from_retained_wire,True,,,317.7911483804347,301.124482541704,293.1499994179602,0.5274980025675968,0.65,23500.000000000025,23499.99936651786,0.00014999992044410003,18825.423817985902,-1.5052137314341962e-10,0.00015,301.124,293.15,317.791,0.0,150000,1,47,4700000,4700000,4700000,0,301124,1,47,4700000,4700000,4700000,0,293150,1,47,4700000,4700000,4700000,0,317791,1,47,4700000,4700000,4700000,0,0,1,47,4700000,4700000,4700000,0,1.0,0.527498,0.65,1.0,0.527498,0.65,1.0,0.527498,0.65,47,5000000,False,1.0,5000.0,300.0,500.0,600000000000.0,100000000000.0,,46
1,near_tick_before,thermal_loop,49,controller_tick,4800000,4.8,1,0,4800000,48,4800000,RUNNING,,0,0,62,1,0,reconstructed_from_retained_wire,True,,,317.7911483829413,301.12448255934356,293.1499994065452,0.5274980023232577,0.65,24000.000000000025,23999.999337129775,0.0001499999203746195,18825.423800545883,-2.7898749976884574e-10,0.00015,301.124,293.15,317.791,0.0,150000,1,48,4800000,4800000,4800000,0,301124,1,48,4800000,4800000,4800000,0,293150,1,48,4800000,4800000,4800000,0,317791,1,48,4800000,4800000,4800000,0,0,1,48,4800000,4800000,4800000,0,1.0,0.527498,0.65,1.0,0.527498,0.65,1.0,0.527498,0.65,48,5100000,False,1.0,5000.0,300.0,500.0,600000000000.0,100000000000.0,,47
1,near_tick_before,thermal_loop,50,controller_tick,4900000,4.9,1,0,4900000,49,4900000,RUNNING,,0,0,62,1,0,reconstructed_from_retained_wire,True,,,317.7911483854928,301.12448257673935,293.14999939530196,0.5274980021021706,0.65,24500.000000000025,24499.99930717524,0.00014999992031175093,18825.423784765502,-8.008100849110633e-10,0.00015,301.124,293.15,317.791,0.0,150000,1,49,4900000,4900000,4900000,0,301124,1,49,4900000,4900000,4900000,0,293150,1,49,4900000,4900000,4900000,0,317791,1,49,4900000,4900000,4900000,0,0,1,49,4900000,4900000,4900000,0,1.0,0.527498,0.65,1.0,0.527498,0.65,1.0,0.527498,0.65,49,5200000,False,1.0,5000.0,300.0,500.0,600000000000.0,100000000000.0,,48
1,near_tick_before,thermal_loop,51,controller_tick,5000000,5.0,1,0,5000000,50,5000000,RUNNING,,0,0,62,1,0,reconstructed_from_retained_wire,True,,,317.7911483880885,301.124482593893,293.14999938422955,0.5274980019021226,0.65,25000.000000000025,24999.99927666282,0.00014999992025486507,18825.42377048682,8.139977580867708e-11,0.00015,301.124,293.15,317.791,0.0,150000,1,50,5000000,5000000,5000000,0,301124,1,50,5000000,5000000,5000000,0,293150,1,50,5000000,5000000,5000000,0,317791,1,50,5000000,5000000,5000000,0,0,1,50,5000000,5000000,5000000,0,1.0,0.527498,0.65,1.0,0.527498,0.65,1.0,0.527498,0.65,50,5300000,False,1.0,5000.0,300.0,500.0,600000000000.0,100000000000.0,,49
1,near_tick_before,thermal_loop,52,controller_tick,5100000,5.1,1,0,5100000,51,5100000,RUNNING,,0,0,62,1,0,reconstructed_from_retained_wire,True,,,317.79114839072736,301.12448261080635,293.1499993733266,0.5274980017211117,0.65,25500.000000000025,25499.99924560102,0.0001499999202033926,18825.42375756694,-7.878497854107991e-10,0.00015,301.124,293.15,317.791,0.0,150000,1,51,5100000,5100000,5100000,0,301124,1,51,5100000,5100000,5100000,0,293150,1,51,5100000,5100000,5100000,0,317791,1,51,5100000,5100000,5100000,0,0,1,51,5100000,5100000,5100000,0,1.0,0.527498,0.65,1.0,0.527498,0.65,1.0,0.527498,0.65,51,5400000,False,1.0,5000.0,300.0,500.0,600000000000.0,100000000000.0,,50
1,near_tick_before,thermal_loop,53,controller_tick,5200000,5.2,1,0,5200000,52,5200000,RUNNING,,0,0,62,1,0,reconstructed_from_retained_wire,True,,,317.79114839340866,301.1244826274814,293.14999936259187,0.5274980015573262,0.65,26000.000000000025,25999.99921399828,0.0001499999201568184,18825.423745876535,-1.227817847393453e-10,0.00015,301.124,293.15,317.791,0.0,150000,1,52,5200000,5200000,5200000,0,301124,1,52,5200000,5200000,5200000,0,293150,1,52,5200000,5200000,5200000,0,317791,1,52,5200000,5200000,5200000,0,0,1,52,5200000,5200000,5200000,0,1.0,0.527498,0.65,1.0,0.527498,0.65,1.0,0.527498,0.65,52,5500000,False,1.0,5000.0,300.0,500.0,600000000000.0,100000000000.0,,51
1,near_tick_before,thermal_loop,54,controller_tick,5300000,5.3,1,0,5300000,53,5300000,RUNNING,,0,0,62,1,0,reconstructed_from_retained_wire,True,,,317.7911483961315,301.1244826439204,293.1499993520238,0.5274980014091271,0.65,26500.000000000022,26499.999181862975,0.0001499999201146763,18825.42373529863,-5.409219738794491e-10,0.00015,301.124,293.15,317.791,0.0,150000,1,53,5300000,5300000,5300000,0,301124,1,53,5300000,5300000,5300000,0,293150,1,53,5300000,5300000,5300000,0,317791,1,53,5300000,5300000,5300000,0,0,1,53,5300000,5300000,5300000,0,1.0,0.527498,0.65,1.0,0.527498,0.65,1.0,0.527498,0.65,53,5600000,False,1.0,5000.0,300.0,500.0,600000000000.0,100000000000.0,,52
1,near_tick_before,thermal_loop,55,controller_tick,5400000,5.4,1,0,5400000,54,5400000,RUNNING,,0,0,62,1,0,reconstructed_from_retained_wire,True,,,317.7911483988951,301.1244826601255,293.149999341621,0.5274980012750309,0.65,27000.000000000022,26999.99914920341,0.00014999992007654457,18825.423725727345,-6.109530659159645e-10,0.00015,301.124,293.15,317.791,0.0,150000,1,54,5400000,5400000,5400000,0,301124,1,54,5400000,5400000,5400000,0,293150,1,54,5400000,5400000,5400000,0,317791,1,54,5400000,5400000,5400000,0,0,1,54,5400000,5400000,5400000,0,1.0,0.527498,0.65,1.0,0.527498,0.65,1.0,0.527498,0.65,54,5700000,False,1.0,5000.0,300.0,500.0,600000000000.0,100000000000.0,,53
1,near_tick_before,thermal_loop,56,controller_tick,5500000,5.5,1,0,5500000,55,5500000,RUNNING,,0,0,62,1,0,reconstructed_from_retained_wire,True,,,317.7911484016986,301.1244826760993,293.14999933138176,0.5274980011536957,0.65,27500.00000000002,27499.9991160278,0.00014999992004204157,18825.423717066893,-4.474713932722807e-10,0.00015,301.124,293.15,317.791,0.0,150000,1,55,5500000,5500000,5500000,0,301124,1,55,5500000,5500000,5500000,0,293150,1,55,5500000,5500000,5500000,0,317791,1,55,5500000,5500000,5500000,0,0,1,55,5500000,5500000,5500000,0,1.0,0.527498,0.65,1.0,0.527498,0.65,1.0,0.527498,0.65,55,5800000,False,1.0,5000.0,300.0,500.0,600000000000.0,100000000000.0,,54
1,near_tick_before,thermal_loop,57,controller_tick,5600000,5.6,1,0,5600000,56,5600000,RUNNING,,0,0,62,1,0,reconstructed_from_retained_wire,True,,,317.7911484045412,301.1244826918443,293.1499993213044,0.5274980010439071,0.65,28000.00000000002,27999.99908234428,0.00014999992001082192,18825.423709230592,2.594333636807278e-10,0.00015,301.124,293.15,317.791,0.0,150000,1,56,5600000,5600000,5600000,0,301124,1,56,5600000,5600000,5600000,0,293150,1,56,5600000,5600000,5600000,0,317791,1,56,5600000,5600000,5600000,0,0,1,56,5600000,5600000,5600000,0,1.0,0.527498,0.65,1.0,0.527498,0.65,1.0,0.527498,0.65,56,5900000,False,1.0,5000.0,300.0,500.0,600000000000.0,100000000000.0,,55
1,near_tick_before,thermal_loop,58,controller_tick,5700000,5.7,1,0,5700000,57,5700000,RUNNING,,0,0,62,1,0,reconstructed_from_retained_wire,True,,,317.79114840742216,301.1244827073631,293.1499993113871,0.5274980009445662,0.65,28500.00000000002,28499.999048160906,0.00014999991998257325,18825.42370214001,1.914486347232014e-10,0.00015,301.124,293.15,317.791,0.0,150000,1,57,5700000,5700000,5700000,0,301124,1,57,5700000,5700000,5700000,0,293150,1,57,5700000,5700000,5700000,0,317791,1,57,5700000,5700000,5700000,0,0,1,57,5700000,5700000,5700000,0,1.0,0.527498,0.65,1.0,0.527498,0.65,1.0,0.527498,0.65,57,6000000,False,1.0,5000.0,300.0,500.0,600000000000.0,100000000000.0,,56
1,near_tick_before,thermal_loop,59,controller_tick,5800000,5.8,1,0,5800000,58,5800000,RUNNING,,0,0,62,1,0,reconstructed_from_retained_wire,True,,,317.7911484103406,301.1244827226584,293.1499993016281,0.5274980008546789,0.65,29000.00000000002,28999.99901348563,0.0001499999199570128,18825.423695724185,5.275069270282984e-10,0.00015,301.124,293.15,317.791,0.0,150000,1,58,5800000,5800000,5800000,0,301124,1,58,5800000,5800000,5800000,0,293150,1,58,5800000,5800000,5800000,0,317791,1,58,5800000,5800000,5800000,0,0,1,58,5800000,5800000,5800000,0,1.0,0.527498,0.65,1.0,0.527498,0.65,1.0,0.527498,0.65,58,6100000,False,1.0,5000.0,300.0,500.0,600000000000.0,100000000000.0,,57
1,near_tick_before,thermal_loop,60,controller_tick,5900000,5.9,1,0,5900000,59,5900000,RUNNING,,0,0,62,1,0,reconstructed_from_retained_wire,True,,,317.7911484132958,301.124482737733,293.14999929202554,0.5274980007733454,0.65,29500.000000000015,29499.998978326323,0.0001499999199338847,18825.4236899189,4.69299266114831e-10,0.00015,301.124,293.15,317.791,0.0,150000,1,59,5900000,5900000,5900000,0,301124,1,59,5900000,5900000,5900000,0,293150,1,59,5900000,5900000,5900000,0,317791,1,59,5900000,5900000,5900000,0,0,1,59,5900000,5900000,5900000,0,1.0,0.527498,0.65,1.0,0.527498,0.65,1.0,0.527498,0.65,59,6200000,False,1.0,5000.0,300.0,500.0,600000000000.0,100000000000.0,,58
1,near_tick_before,thermal_loop,61,controller_tick,6000000,6.0,1,0,6000000,60,6000000,RUNNING,,0,0,62,1,0,reconstructed_from_retained_wire,True,,,317.791148416287,301.1244827525896,293.14999928257754,0.5274980006997518,0.65,30000.000000000015,29999.99894269076,0.00014999991991295757,18825.423684666064,2.5352164811920375e-10,0.00015,301.124,293.15,317.791,0.0,150000,1,60,6000000,6000000,6000000,0,301124,1,60,6000000,6000000,6000000,0,293150,1,60,6000000,6000000,6000000,0,317791,1,60,6000000,6000000,6000000,0,0,1,60,6000000,6000000,6000000,0,1.0,0.527498,0.65,1.0,0.527498,0.65,1.0,0.527498,0.65,60,6300000,False,1.0,5000.0,300.0,500.0,600000000000.0,100000000000.0,,59
1,near_tick_before,thermal_loop,62,controller_tick,6100000,6.1,1,0,6100000,61,6100000,RUNNING,,0,0,62,1,0,reconstructed_from_retained_wire,True,,,317.7911484193134,301.1244827672311,293.1499992732823,0.5274980006331617,0.65,30500.000000000015,30499.99890658662,0.0001499999198940219,18825.423679913103,4.6270542952697724e-10,0.00015,301.124,293.15,317.791,0.0,150000,1,61,6100000,6100000,6100000,0,301124,1,61,6100000,6100000,6100000,0,293150,1,61,6100000,6100000,6100000,0,317791,1,61,6100000,6100000,6100000,0,0,1,61,6100000,6100000,6100000,0,1.0,0.527498,0.65,1.0,0.527498,0.65,1.0,0.527498,0.65,61,6400000,False,1.0,5000.0,300.0,500.0,600000000000.0,100000000000.0,,60
1,near_tick_before,thermal_loop,63,controller_tick,6200000,6.2,1,0,6200000,62,6200000,RUNNING,,0,0,62,1,0,reconstructed_from_retained_wire,True,,,317.79114842237425,301.12448278166045,293.1499992641377,0.5274980005729084,0.65,31000.000000000015,30999.998870021493,0.00014999991987688823,18825.423675612452,3.41970007866621e-10,0.00015,301.124,293.15,317.791,0.0,150000,1,62,6200000,6200000,6200000,0,301124,1,62,6200000,6200000,6200000,0,293150,1,62,6200000,6200000,6200000,0,317791,1,62,6200000,6200000,6200000,0,0,1,62,6200000,6200000,6200000,0,1.0,0.527498,0.65,1.0,0.527498,0.65,1.0,0.527498,0.65,62,6500000,False,1.0,5000.0,300.0,500.0,600000000000.0,100000000000.0,,61
1,near_tick_before,thermal_loop,64,controller_tick,6300000,6.3,1,0,6300000,63,6300000,RUNNING,,0,0,62,1,0,reconstructed_from_retained_wire,True,,,317.7911484254688,301.12448279588045,293.149999255142,0.527498000518389,0.65,31500.000000000015,31499.99883300287,0.00014999991986138503,18825.42367172106,4.711182555183768e-10,0.00015,301.124,293.15,317.791,0.0,150000,1,63,6300000,6300000,6300000,0,301124,1,63,6300000,6300000,6300000,0,293150,1,63,6300000,6300000,6300000,0,317791,1,63,6300000,6300000,6300000,0,0,1,63,6300000,6300000,6300000,0,1.0,0.527498,0.65,1.0,0.527498,0.65,1.0,0.527498,0.65,63,6600000,False,1.0,5000.0,300.0,500.0,600000000000.0,100000000000.0,,62
1,near_tick_before,thermal_loop,65,controller_tick,6400000,6.4,1,0,6400000,64,6400000,RUNNING,,0,0,62,1,0,reconstructed_from_retained_wire,True,,,317.7911484285964,301.124482809894,293.1499992462931,0.5274980004690578,0.65,32000.000000000015,31999.99879553814,0.00014999991984735716,18825.423668199983,-7.171365723479539e-10,0.00015,301.124,293.15,317.791,0.0,150000,1,64,6400000,6400000,6400000,0,301124,1,64,6400000,6400000,6400000,0,293150,1,64,6400000,6400000,6400000,0,317791,1,64,6400000,6400000,6400000,0,0,1,64,6400000,6400000,6400000,0,1.0,0.527498,0.65,1.0,0.527498,0.65,1.0,0.527498,0.65,64,6700000,False,1.0,5000.0,300.0,500.0,600000000000.0,100000000000.0,,63
1,near_tick_before,thermal_loop,66,controller_tick,6500000,6.5,1,0,6500000,65,6500000,RUNNING,,0,0,62,1,0,reconstructed_from_retained_wire,True,,,317.79114843175626,301.1244828237041,293.1499992375891,0.5274980004244211,0.65,32500.00000000001,32499.998757634596,0.00014999991983466422,18825.423665013972,-9.458744898438454e-10,0.00015,301.124,293.15,317.791,0.0,150000,1,65,6500000,6500000,6500000,0,301124,1,65,6500000,6500000,6500000,0,293150,1,65,6500000,6500000,6500000,0,317791,1,65,6500000,6500000,6500000,0,0,1,65,6500000,6500000,6500000,0,1.0,0.527498,0.65,1.0,0.527498,0.65,1.0,0.527498,0.65,65,6800000,False,1.0,5000.0,300.0,500.0,600000000000.0,100000000000.0,,64
1,near_tick_before,thermal_loop,67,controller_tick,6600000,6.6,1,0,6600000,66,6600000,RUNNING,,0,0,62,1,0,reconstructed_from_retained_wire,True,,,317.7911484349478,301.1244828373136,293.149999229028,0.5274980003840322,0.65,33000.00000000001,32999.99871929943,0.00014999991982317918,18825.423662131165,-1.1764313967432827e-09,0.00015,301.124,293.15,317.791,0.0,150000,1,66,6600000,6600000,6600000,0,301124,1,66,6600000,6600000,6600000,0,293150,1,66,6600000,6600000,6600000,0,317791,1,66,6600000,6600000,6600000,0,0,1,66,6600000,6600000,6600000,0,1.0,0.527498,0.65,1.0,0.527498,0.65,1.0,0.527498,0.65,66,6900000,False,1.0,5000.0,300.0,500.0,600000000000.0,100000000000.0,,65
1,near_tick_before,thermal_loop,68,controller_tick,6700000,6.7,1,0,6700000,67,6700000,RUNNING,,0,0,62,1,0,reconstructed_from_retained_wire,True,,,317.7911484381702,301.12448285072554,293.14999922060787,0.5274980003474866,0.65,33500.00000000001,33499.99868053975,0.00014999991981278705,18825.42365952268,-2.0279458112781867e-09,0.00015,301.124,293.15,317.791,0.0,150000,1,67,6700000,6700000,6700000,0,301124,1,67,6700000,6700000,6700000,0,293150,1,67,6700000,6700000,6700000,0,317791,1,67,6700000,6700000,6700000,0,0,1,67,6700000,6700000,6700000,0,1.0,0.527498,0.65,1.0,0.527498,0.65,1.0,0.527498,0.65,67,7000000,False,1.0,5000.0,300.0,500.0,600000000000.0,100000000000.0,,66
1,near_tick_before,thermal_loop,69,controller_tick,6800000,6.8,1,0,6800000,68,6800000,RUNNING,,0,0,62,1,0,reconstructed_from_retained_wire,True,,,317.7911484414229,301.1244828639428,293.14999921232675,0.5274980003144188,0.65,34000.00000000001,33999.99864136254,0.00014999991980338385,18825.423657162428,-1.483385858591646e-09,0.00015,301.124,293.15,317.791,0.0,150000,1,68,6800000,6800000,6800000,0,301124,1,68,6800000,6800000,6800000,0,293150,1,68,6800000,6800000,6800000,0,317791,1,68,6800000,6800000,6800000,0,0,1,68,6800000,6800000,6800000,0,1.0,0.527498,0.65,1.0,0.527498,0.65,1.0,0.527498,0.65,68,7100000,False,1.0,5000.0,300.0,500.0,600000000000.0,100000000000.0,,67
1,near_tick_before,thermal_loop,70,controller_tick,6900000,6.9,1,0,6900000,69,6900000,RUNNING,,0,0,62,1,0,reconstructed_from_retained_wire,True,,,317.79114844470513,301.1244828769682,293.1499992041827,0.5274980002844979,0.65,34500.00000000001,34499.99860177471,0.0001499999197948755,18825.42365502678,-7.330527296289802e-10,0.00015,301.124,293.15,317.791,0.0,150000,1,69,6900000,6900000,6900000,0,301124,1,69,6900000,6900000,6900000,0,293150,1,69,6900000,6900000,6900000,0,317791,1,69,6900000,6900000,6900000,0,0,1,69,6900000,6900000,6900000,0,1.0,0.527498,0.65,1.0,0.527498,0.65,1.0,0.527498,0.65,69,7200000,False,1.0,5000.0,300.0,500.0,600000000000.0,100000000000.0,,68
1,near_tick_before,thermal_loop,71,controller_tick,7000000,7.0,1,0,7000000,70,7000000,RUNNING,,0,0,62,1,0,reconstructed_from_retained_wire,True,,,317.79114844801626,301.12448288980477,293.14999919617367,0.5274980002574243,0.65,35000.00000000001,34999.99856178305,0.00014999991978717681,18825.423653094374,-5.152287485543638e-10,0.00015,301.124,293.15,317.791,0.0,150000,1,70,7000000,7000000,7000000,0,301124,1,70,7000000,7000000,7000000,0,293150,1,70,7000000,7000000,7000000,0,317791,1,70,7000000,7000000,7000000,0,0,1,70,7000000,7000000,7000000,0,1.0,0.527498,0.65,1.0,0.527498,0.65,1.0,0.527498,0.65,70,7300000,False,1.0,5000.0,300.0,500.0,600000000000.0,100000000000.0,,69
1,near_tick_before,thermal_loop,72,controller_tick,7100000,7.1,1,0,7100000,71,7100000,RUNNING,,0,0,62,1,0,reconstructed_from_retained_wire,True,,,317.7911484513556,301.1244829024553,293.1499991882978,0.5274980002329271,0.65,35500.00000000001,35499.998521394285,0.0001499999197802108,18825.423651345853,-9.426912583876401e-10,0.00015,301.124,293.15,317.791,0.0,150000,1,71,7100000,7100000,7100000,0,301124,1,71,7100000,7100000,7100000,0,293150,1,71,7100000,7100000,7100000,0,317791,1,71,7100000,7100000,7100000,0,0,1,71,7100000,7100000,7100000,0,1.0,0.527498,0.65,1.0,0.527498,0.65,1.0,0.527498,0.65,71,7400000,False,1.0,5000.0,300.0,500.0,600000000000.0,100000000000.0,,70
1,near_tick_before,thermal_loop,73,controller_tick,7200000,7.2,1,0,7200000,72,7200000,RUNNING,,0,0,62,1,0,reconstructed_from_retained_wire,True,,,317.7911484547226,301.12448291492274,293.1499991805531,0.5274980002107612,0.65,36000.00000000001,35999.99848061502,0.00014999991977390764,18825.423649763732,-9.927134669851512e-10,0.00015,301.124,293.15,317.791,0.0,150000,1,72,7200000,7200000,7200000,0,301124,1,72,7200000,7200000,7200000,0,293150,1,72,7200000,7200000,7200000,0,317791,1,72,7200000,7200000,7200000,0,0,1,72,7200000,7200000,7200000,0,1.0,0.527498,0.65,1.0,0.527498,0.65,1.0,0.527498,0.65,72,7500000,False,1.0,5000.0,300.0,500.0,600000000000.0,100000000000.0,,71
1,near_tick_before,thermal_loop,74,controller_tick,7300000,7.3,1,0,7300000,73,7300000,RUNNING,,0,0,62,1,0,reconstructed_from_retained_wire,True,,,317.79114845811654,301.1244829272098,293.1499991729378,0.5274980001907046,0.65,36500.00000000001,36499.99843945175,0.00014999991976820433,18825.423648332162,-1.0750227374956012e-09,0.00015,301.124,293.15,317.791,0.0,150000,1,73,7300000,7300000,7300000,0,301124,1,73,7300000,7300000,7300000,0,293150,1,73,7300000,7300000,7300000,0,317791,1,73,7300000,7300000,7300000,0,0,1,73,7300000,7300000,7300000,0,1.0,0.527498,0.65,1.0,0.527498,0.65,1.0,0.527498,0.65,73,7600000,False,1.0,5000.0,300.0,500.0,600000000000.0,100000000000.0,,72
1,near_tick_before,thermal_loop,75,controller_tick,7400000,7.4,1,0,7400000,74,7400000,RUNNING,,0,0,62,1,0,reconstructed_from_retained_wire,True,,,317.79114846153686,301.1244829393193,293.1499991654499,0.5274980001725567,0.65,37000.00000000001,36999.99839791092,0.00014999991976304375,18825.423647036834,-9.245013643521816e-10,0.00015,301.124,293.15,317.791,0.0,150000,1,74,7400000,7400000,7400000,0,301124,1,74,7400000,7400000,7400000,0,293150,1,74,7400000,7400000,7400000,0,317791,1,74,7400000,7400000,7400000,0,0,1,74,7400000,7400000,7400000,0,1.0,0.527498,0.65,1.0,0.527498,0.65,1.0,0.527498,0.65,74,7700000,False,1.0,5000.0,300.0,500.0,600000000000.0,100000000000.0,,73
1,near_tick_before,thermal_loop,76,controller_tick,7500000,7.5,1,0,7500000,75,7500000,RUNNING,,0,0,62,1,0,reconstructed_from_retained_wire,True,,,317.79114846498305,301.1244829512541,293.1499991580875,0.5274980001561357,0.65,37500.00000000001,37499.99835599883,0.00014999991975837428,18825.423645864765,-9.97488314169459e-10,0.00015,301.124,293.15,317.791,0.0,150000,1,75,7500000,7500000,7500000,0,301124,1,75,7500000,7500000,7500000,0,293150,1,75,7500000,7500000,7500000,0,317791,1,75,7500000,7500000,7500000,0,0,1,75,7500000,7500000,7500000,0,1.0,0.527498,0.65,1.0,0.527498,0.65,1.0,0.527498,0.65,75,7800000,False,1.0,5000.0,300.0,500.0,600000000000.0,100000000000.0,,74
1,near_tick_before,thermal_loop,77,controller_tick,7600000,7.6,1,0,7600000,76,7600000,RUNNING,,0,0,62,1,0,reconstructed_from_retained_wire,True,,,317.7911484684543,301.124482963017,293.1499991508488,0.5274980001412775,0.65,38000.00000000001,37999.99831372173,0.00014999991975414917,18825.42364480424,-6.477876013377681e-10,0.00015,301.124,293.15,317.791,0.0,150000,1,76,7600000,7600000,7600000,0,301124,1,76,7600000,7600000,7600000,0,293150,1,76,7600000,7600000,7600000,0,317791,1,76,7600000,7600000,7600000,0,0,1,76,7600000,7600000,7600000,0,1.0,0.527498,0.65,1.0,0.527498,0.65,1.0,0.527498,0.65,76,7900000,False,1.0,5000.0,300.0,500.0,600000000000.0,100000000000.0,,75
1,near_tick_before,thermal_loop,78,controller_tick,7700000,7.7,1,0,7700000,77,7700000,RUNNING,,0,0,62,1,0,reconstructed_from_retained_wire,True,,,317.7911484719501,301.12448297461066,293.149999143732,0.5274980001278331,0.65,38500.00000000001,38499.998271085744,0.00014999991975032614,18825.423643844628,-7.512426236644387e-10,0.00015,301.124,293.15,317.791,0.0,150000,1,77,7700000,7700000,7700000,0,301124,1,77,7700000,7700000,7700000,0,293150,1,77,7700000,7700000,7700000,0,317791,1,77,7700000,7700000,7700000,0,0,1,77,7700000,7700000,7700000,0,1.0,0.527498,0.65,1.0,0.527498,0.65,1.0,0.527498,0.65,77,8000000,False,1.0,5000.0,300.0,500.0,600000000000.0,100000000000.0,,76
1,near_tick_before,thermal_loop,79,controller_tick,7800000,7.8,1,0,7800000,78,7800000,RUNNING,,0,0,62,1,0,reconstructed_from_retained_wire,True,,,317.79114847547004,301.1244829860378,293.1499991367351,0.5274980001156682,0.65,39000.00000000001,38999.99822809693,0.00014999991974686688,18825.423642976344,-2.842170943040401e-10,0.00015,301.124,293.15,317.791,0.0,150000,1,78,7800000,7800000,7800000,0,301124,1,78,7800000,7800000,7800000,0,293150,1,78,7800000,7800000,7800000,0,317791,1,78,7800000,7800000,7800000,0,0,1,78,7800000,7800000,7800000,0,1.0,0.527498,0.65,1.0,0.527498,0.65,1.0,0.527498,0.65,78,8100000,False,1.0,5000.0,300.0,500.0,600000000000.0,100000000000.0,,77
1,near_tick_before,thermal_loop,80,controller_tick,7900000,7.9,1,0,7900000,79,7900000,RUNNING,,0,0,62,1,0,reconstructed_from_retained_wire,True,,,317.79114847901343,301.1244829973011,293.14999912985644,0.5274980001046609,0.65,39500.00000000001,39499.99818476122,0.00014999991974373684,18825.42364219068,4.4497028284240514e-10,0.00015,301.124,293.15,317.791,0.0,150000,1,79,7900000,7900000,7900000,0,301124,1,79,7900000,7900000,7900000,0,293150,1,79,7900000,7900000,7900000,0,317791,1,79,7900000,7900000,7900000,0,0,1,79,7900000,7900000,7900000,0,1.0,0.527498,0.65,1.0,0.527498,0.65,1.0,0.527498,0.65,79,8200000,False,1.0,5000.0,300.0,500.0,600000000000.0,100000000000.0,,78
1,near_tick_before,thermal_loop,81,controller_tick,8000000,8.0,1,0,8000000,80,8000000,RUNNING,,0,0,62,1,0,reconstructed_from_retained_wire,True,,,317.7911484825796,301.12448300840316,293.1499991230942,0.527498000094701,0.65,40000.00000000001,39999.9981410845,0.00014999991974090466,18825.423641479785,2.4920154828578234e-10,0.00015,301.124,293.15,317.791,0.0,150000,1,80,8000000,8000000,8000000,0,301124,1,80,8000000,8000000,8000000,0,293150,1,80,8000000,8000000,8000000,0,317791,1,80,8000000,8000000,8000000,0,0,1,80,8000000,8000000,8000000,0,1.0,0.527498,0.65,1.0,0.527498,0.65,1.0,0.527498,0.65,80,8300000,False,1.0,5000.0,300.0,500.0,600000000000.0,100000000000.0,,79
1,near_tick_before,thermal_loop,82,controller_tick,8100000,8.1,1,0,8100000,81,8100000,RUNNING,,0,0,62,1,0,reconstructed_from_retained_wire,True,,,317.7911484861682,301.1244830193466,293.14999911644657,0.527498000085689,0.65,40500.0,40499.998097072545,0.000149999919738342,18825.423640836543,2.28283170145005e-10,0.00015,301.124,293.15,317.791,0.0,150000,1,81,8100000,8100000,8100000,0,301124,1,81,8100000,8100000,8100000,0,293150,1,81,8100000,8100000,8100000,0,317791,1,81,8100000,8100000,8100000,0,0,1,81,8100000,8100000,8100000,0,1.0,0.527498,0.65,1.0,0.527498,0.65,1.0,0.527498,0.65,81,8400000,False,1.0,5000.0,300.0,500.0,600000000000.0,100000000000.0,,80
1,near_tick_before,thermal_loop,83,controller_tick,8200000,8.2,1,0,8200000,82,8200000,RUNNING,,0,0,62,1,0,reconstructed_from_retained_wire,True,,,317.79114848977855,301.12448303013406,293.14999910991185,0.5274980000775347,0.65,40999.99999999999,40999.99805273104,0.0001499999197360232,18825.423640254514,4.229150363244116e-11,0.00015,301.124,293.15,317.791,0.0,150000,1,82,8200000,8200000,8200000,0,301124,1,82,8200000,8200000,8200000,0,293150,1,82,8200000,8200000,8200000,0,317791,1,82,8200000,8200000,8200000,0,0,1,82,8200000,8200000,8200000,0,1.0,0.527498,0.65,1.0,0.527498,0.65,1.0,0.527498,0.65,82,8500000,False,1.0,5000.0,300.0,500.0,600000000000.0,100000000000.0,,81
1,near_tick_before,thermal_loop,84,controller_tick,8300000,8.3,1,0,8300000,83,8300000,RUNNING,,0,0,62,1,0,reconstructed_from_retained_wire,True,,,317.7911484934102,301.124483040768,293.14999910348837,0.5274980000701562,0.65,41499.99999999999,41499.99800806559,0.00014999991973392509,18825.42363972787,5.013589543523267e-10,0.00015,301.124,293.15,317.791,0.0,150000,1,83,8300000,8300000,8300000,0,301124,1,83,8300000,8300000,8300000,0,293150,1,83,8300000,8300000,8300000,0,317791,1,83,8300000,8300000,8300000,0,0,1,83,8300000,8300000,8300000,0,1.0,0.527498,0.65,1.0,0.527498,0.65,1.0,0.527498,0.65,83,8600000,False,1.0,5000.0,300.0,500.0,600000000000.0,100000000000.0,,82
1,near_tick_before,thermal_loop,85,controller_tick,8400000,8.4,1,0,8400000,84,8400000,RUNNING,,0,0,62,1,0,reconstructed_from_retained_wire,True,,,317.7911484970626,301.12448305125105,293.1499990971744,0.52749800006348,0.65,41999.99999999999,41999.9979630817,0.00014999991973202662,18825.42363925134,1.1127667676191777e-09,0.00015,301.124,293.15,317.791,0.0,150000,1,84,8400000,8400000,8400000,0,301124,1,84,8400000,8400000,8400000,0,293150,1,84,8400000,8400000,8400000,0,317791,1,84,8400000,8400000,8400000,0,0,1,84,8400000,8400000,8400000,0,1.0,0.527498,0.65,1.0,0.527498,0.65,1.0,0.527498,0.65,84,8700000,False,1.0,5000.0,300.0,500.0,600000000000.0,100000000000.0,,83
1,near_tick_before,thermal_loop,86,controller_tick,8500000,8.5,1,0,8500000,85,8500000,RUNNING,,0,0,62,1,0,reconstructed_from_retained_wire,True,,,317.7911485007352,301.1244830615855,293.1499990909682,0.5274980000574392,0.65,42499.999999999985,42499.99791778482,0.00014999991973030884,18825.423638820175,1.108219294110313e-09,0.00015,301.124,293.15,317.791,0.0,150000,1,85,8500000,8500000,8500000,0,301124,1,85,8500000,8500000,8500000,0,293150,1,85,8500000,8500000,8500000,0,317791,1,85,8500000,8500000,8500000,0,0,1,85,8500000,8500000,8500000,0,1.0,0.527498,0.65,1.0,0.527498,0.65,1.0,0.527498,0.65,85,8800000,False,1.0,5000.0,300.0,500.0,600000000000.0,100000000000.0,,84
1,near_tick_before,thermal_loop,87,controller_tick,8600000,8.6,1,0,8600000,86,8600000,RUNNING,,0,0,62,1,0,reconstructed_from_retained_wire,True,,,317.79114850442755,301.12448307177397,293.1499990848682,0.5274980000519731,0.65,42999.999999999985,42999.99787218029,0.0001499999197287545,18825.423638430024,1.9863364286720753e-09,0.00015,301.124,293.15,317.791,0.0,150000,1,86,8600000,8600000,8600000,0,301124,1,86,8600000,8600000,8600000,0,293150,1,86,8600000,8600000,8600000,0,317791,1,86,8600000,8600000,8600000,0,0,1,86,8600000,8600000,8600000,0,1.0,0.527498,0.65,1.0,0.527498,0.65,1.0,0.527498,0.65,86,8900000,False,1.0,5000.0,300.0,500.0,600000000000.0,100000000000.0,,85
1,near_tick_before,thermal_loop,88,controller_tick,8700000,8.7,1,0,8700000,87,8700000,RUNNING,,0,0,62,1,0,reconstructed_from_retained_wire,True,,,317.79114850813914,301.1244830818187,293.1499990788727,0.5274980000470272,0.65,43499.99999999998,43499.99782627338,0.00014999991972734804,18825.423638077005,1.44427758641541e-09,0.00015,301.124,293.15,317.791,0.0,150000,1,87,8700000,8700000,8700000,0,301124,1,87,8700000,8700000,8700000,0,293150,1,87,8700000,8700000,8700000,0,317791,1,87,8700000,8700000,8700000,0,0,1,87,8700000,8700000,8700000,0,1.0,0.527498,0.65,1.0,0.527498,0.65,1.0,0.527498,0.65,87,9000000,False,1.0,5000.0,300.0,500.0,600000000000.0,100000000000.0,,86
1,near_tick_before,thermal_loop,89,controller_tick,8800000,8.8,1,0,8800000,88,8800000,RUNNING,,0,0,62,1,0,reconstructed_from_retained_wire,True,,,317.7911485118695,301.1244830917222,293.14999907298017,0.527498000042552,0.65,43999.99999999997,43999.99778006927,0.0001499999197260755,18825.42363775758,1.303078533965163e-09,0.00015,301.124,293.15,317.791,0.0,150000,1,88,8800000,8800000,8800000,0,301124,1,88,8800000,8800000,8800000,0,293150,1,88,8800000,8800000,8800000,0,317791,1,88,8800000,8800000,8800000,0,0,1,88,8800000,8800000,8800000,0,1.0,0.527498,0.65,1.0,0.527498,0.65,1.0,0.527498,0.65,88,9100000,False,1.0,5000.0,300.0,500.0,600000000000.0,100000000000.0,,87
1,near_tick_before,thermal_loop,90,controller_tick,8900000,8.9,1,0,8900000,89,8900000,RUNNING,,0,0,62,1,0,reconstructed_from_retained_wire,True,,,317.7911485156181,301.12448310148676,293.14999906718896,0.5274980000385027,0.65,44499.99999999996,44499.99773357308,0.000149999919724924,18825.423637468557,1.0793428373290226e-09,0.00015,301.124,293.15,317.791,0.0,150000,1,89,8900000,8900000,8900000,0,301124,1,89,8900000,8900000,8900000,0,293150,1,89,8900000,8900000,8900000,0,317791,1,89,8900000,8900000,8900000,0,0,1,89,8900000,8900000,8900000,0,1.0,0.527498,0.65,1.0,0.527498,0.65,1.0,0.527498,0.65,89,9200000,False,1.0,5000.0,300.0,500.0,600000000000.0,100000000000.0,,88
1,near_tick_before,thermal_loop,91,controller_tick,9000000,9.0,1,0,9000000,90,9000000,RUNNING,,0,0,62,1,0,reconstructed_from_retained_wire,True,,,317.79114851938454,301.1244831111146,293.1499990614975,0.5274980000348387,0.65,44999.99999999996,44999.99768678983,0.00014999991972388212,18825.423637207037,3.888089850079268e-10,0.00015,301.124,293.15,317.791,0.0,150000,1,90,9000000,9000000,9000000,0,301124,1,90,9000000,9000000,9000000,0,293150,1,90,9000000,9000000,9000000,0,317791,1,90,9000000,9000000,9000000,0,0,1,90,9000000,9000000,9000000,0,1.0,0.527498,0.65,1.0,0.527498,0.65,1.0,0.527498,0.65,90,9300000,False,1.0,5000.0,300.0,500.0,600000000000.0,100000000000.0,,89
1,near_tick_before,thermal_loop,92,controller_tick,9100000,9.1,1,0,9100000,91,9100000,RUNNING,,0,0,62,1,0,reconstructed_from_retained_wire,True,,,317.7911485231683,301.1244831206081,293.14999905590435,0.5274980000315234,0.65,45499.999999999956,45499.99763972447,0.00014999991972293938,18825.4236369704,2.8194335754960775e-11,0.00015,301.124,293.15,317.791,0.0,150000,1,91,9100000,9100000,9100000,0,301124,1,91,9100000,9100000,9100000,0,293150,1,91,9100000,9100000,9100000,0,317791,1,91,9100000,9100000,9100000,0,0,1,91,9100000,9100000,9100000,0,1.0,0.527498,0.65,1.0,0.527498,0.65,1.0,0.527498,0.65,91,9400000,False,1.0,5000.0,300.0,500.0,600000000000.0,100000000000.0,,90
1,near_tick_before,thermal_loop,93,controller_tick,9200000,9.2,1,0,9200000,92,9200000,RUNNING,,0,0,62,1,0,reconstructed_from_retained_wire,True,,,317.79114852696904,301.12448312996946,293.14999905040787,0.5274980000285234,0.65,45999.99999999995,45999.99759238188,0.0001499999197220863,18825.423636756277,-5.707079253625125e-11,0.00015,301.124,293.15,317.791,0.0,150000,1,92,9200000,9200000,9200000,0,301124,1,92,9200000,9200000,9200000,0,293150,1,92,9200000,9200000,9200000,0,317791,1,92,9200000,9200000,9200000,0,0,1,92,9200000,9200000,9200000,0,1.0,0.527498,0.65,1.0,0.527498,0.65,1.0,0.527498,0.65,92,9500000,False,1.0,5000.0,300.0,500.0,600000000000.0,100000000000.0,,91
1,near_tick_before,thermal_loop,94,controller_tick,9300000,9.3,1,0,9300000,93,9300000,RUNNING,,0,0,62,1,0,reconstructed_from_retained_wire,True,,,317.7911485307862,301.12448313920083,293.14999904500667,0.527498000025809,0.65,46499.99999999994,46499.99754476685,0.00014999991972131446,18825.42363656253,-4.3291947804391384e-10,0.00015,301.124,293.15,317.791,0.0,150000,1,93,9300000,9300000,9300000,0,301124,1,93,9300000,9300000,9300000,0,293150,1,93,9300000,9300000,9300000,0,317791,1,93,9300000,9300000,9300000,0,0,1,93,9300000,9300000,9300000,0,1.0,0.527498,0.65,1.0,0.527498,0.65,1.0,0.527498,0.65,93,9600000,False,1.0,5000.0,300.0,500.0,600000000000.0,100000000000.0,,92
1,near_tick_before,thermal_loop,95,controller_tick,9400000,9.4,1,0,9400000,94,9400000,RUNNING,,0,0,62,1,0,reconstructed_from_retained_wire,True,,,317.79114853461937,301.1244831483044,293.14999903969925,0.527498000023353,0.65,46999.999999999935,46999.997496884105,0.00014999991972061604,18825.423636387233,-3.490185918053612e-10,0.00015,301.124,293.15,317.791,0.0,150000,1,94,9400000,9400000,9400000,0,301124,1,94,9400000,9400000,9400000,0,293150,1,94,9400000,9400000,9400000,0,317791,1,94,9400000,9400000,9400000,0,0,1,94,9400000,9400000,9400000,0,1.0,0.527498,0.65,1.0,0.527498,0.65,1.0,0.527498,0.65,94,9700000,False,1.0,5000.0,300.0,500.0,600000000000.0,100000000000.0,,93
1,near_tick_before,thermal_loop,96,controller_tick,9500000,9.5,1,0,9500000,95,9500000,RUNNING,,0,0,62,1,0,reconstructed_from_retained_wire,True,,,317.7911485384682,301.1244831572824,293.14999903448415,0.5274980000211307,0.65,47499.99999999993,47499.997448738315,0.0001499999197199841,18825.42363622861,4.042703949380666e-10,0.00015,301.124,293.15,317.791,0.0,150000,1,95,9500000,9500000,9500000,0,301124,1,95,9500000,9500000,9500000,0,293150,1,95,9500000,9500000,9500000,0,317791,1,95,9500000,9500000,9500000,0,0,1,95,9500000,9500000,9500000,0,1.0,0.527498,0.65,1.0,0.527498,0.65,1.0,0.527498,0.65,95,9800000,False,1.0,5000.0,300.0,500.0,600000000000.0,100000000000.0,,94
1,near_tick_before,thermal_loop,97,controller_tick,9600000,9.6,1,0,9600000,96,9600000,RUNNING,,0,0,62,1,0,reconstructed_from_retained_wire,True,,,317.7911485423321,301.12448316613677,293.1499990293599,0.5274980000191198,0.65,47999.99999999993,47999.99740033405,0.00014999991971941228,18825.423636085085,-1.525677362224087e-10,0.00015,301.124,293.15,317.791,0.0,150000,1,96,9600000,9600000,9600000,0,301124,1,96,9600000,9600000,9600000,0,293150,1,96,9600000,9600000,9600000,0,317791,1,96,9600000,9600000,9600000,0,0,1,96,9600000,9600000,9600000,0,1.0,0.527498,0.65,1.0,0.527498,0.65,1.0,0.527498,0.65,96,9900000,False,1.0,5000.0,300.0,500.0,600000000000.0,100000000000.0,,95
1,near_tick_before,thermal_loop,98,controller_tick,9700000,9.7,1,0,9700000,97,9700000,RUNNING,,0,0,62,1,0,reconstructed_from_retained_wire,True,,,317.7911485462108,301.1244831748696,293.14999902432504,0.5274980000173004,0.65,48499.99999999992,48499.997351675804,0.00014999991971889493,18825.42363595522,-1.624584911041893e-09,0.00015,301.124,293.15,317.791,0.0,150000,1,97,9700000,9700000,9700000,0,301124,1,97,9700000,9700000,9700000,0,293150,1,97,9700000,9700000,9700000,0,317791,1,97,9700000,9700000,9700000,0,0,1,97,9700000,9700000,9700000,0,1.0,0.527498,0.65,1.0,0.527498,0.65,1.0,0.527498,0.65,97,10000000,False,1.0,5000.0,300.0,500.0,600000000000.0,100000000000.0,,96
1,near_tick_before,thermal_loop,99,controller_tick,9800000,9.8,1,0,9800000,98,9800000,RUNNING,,0,0,62,1,0,reconstructed_from_retained_wire,True,,,317.7911485501039,301.1244831834831,293.14999901937836,0.527498000015654,0.65,48999.99999999991,48999.997302768024,0.00014999991971842674,18825.4236358377,-1.183707354357466e-09,0.00015,301.124,293.15,317.791,0.0,150000,1,98,9800000,9800000,9800000,0,301124,1,98,9800000,9800000,9800000,0,293150,1,98,9800000,9800000,9800000,0,317791,1,98,9800000,9800000,9800000,0,0,1,98,9800000,9800000,9800000,0,1.0,0.527498,0.65,1.0,0.527498,0.65,1.0,0.527498,0.65,98,10100000,False,1.0,5000.0,300.0,500.0,600000000000.0,100000000000.0,,97
1,near_tick_before,thermal_loop,100,controller_tick,9900000,9.9,1,0,9900000,99,9900000,RUNNING,,0,0,62,1,0,reconstructed_from_retained_wire,True,,,317.791148554011,301.12448319197904,293.14999901451836,0.5274980000141642,0.65,49499.999999999905,49499.99725361509,0.00014999991971800312,18825.42363573137,-1.7553247744217515e-09,0.00015,301.124,293.15,317.791,0.0,150000,1,99,9900000,9900000,9900000,0,301124,1,99,9900000,9900000,9900000,0,293150,1,99,9900000,9900000,9900000,0,317791,1,99,9900000,9900000,9900000,0,0,1,99,9900000,9900000,9900000,0,1.0,0.527498,0.65,1.0,0.527498,0.65,1.0,0.527498,0.65,99,10200000,False,1.0,5000.0,300.0,500.0,600000000000.0,100000000000.0,,98
1,near_tick_before,thermal_loop,101,controller_tick,10000000,10.0,1,0,10000000,100,10000000,RUNNING,,0,0,62,1,0,reconstructed_from_retained_wire,True,,,317.7911485579316,301.1244832003595,293.14999900974374,0.5274980000128163,0.65,49999.9999999999,49999.99720422129,0.00014999991971761982,18825.42363563516,-2.4060682335402817e-09,0.00015,301.124,293.15,317.791,0.0,150000,1,100,10000000,10000000,10000000,0,301124,1,100,10000000,10000000,10000000,0,293150,1,100,10000000,10000000,10000000,0,317791,1,100,10000000,10000000,10000000,0,0,1,100,10000000,10000000,10000000,0,1.0,0.527498,0.65,1.0,0.527498,0.65,1.0,0.527498,0.65,100,10300000,False,1.0,5000.0,300.0,500.0,600000000000.0,100000000000.0,,99
1,near_tick_before,thermal_loop,102,controller_tick,10100000,10.1,1,0,10100000,101,10100000,RUNNING,,0,0,62,1,0,reconstructed_from_retained_wire,True,,,317.7911485618654,301.12448320862643,293.1499990050532,0.5274980000115966,0.65,50499.99999999989,50499.99715459087,0.000149999919717273,18825.423635548104,-3.0174760468071327e-09,0.00015,301.124,293.15,317.791,0.0,150000,1,101,10100000,10100000,10100000,0,301124,1,101,10100000,10100000,10100000,0,293150,1,101,10100000,10100000,10100000,0,317791,1,101,10100000,10100000,10100000,0,0,1,101,10100000,10100000,10100000,0,1.0,0.527498,0.65,1.0,0.527498,0.65,1.0,0.527498,0.65,101,10400000,False,1.0,5000.0,300.0,500.0,600000000000.0,100000000000.0,,100
1,near_tick_before,thermal_loop,103,controller_tick,10200000,10.2,1,0,10200000,102,10200000,RUNNING,,0,0,62,1,0,reconstructed_from_retained_wire,True,,,317.791148565812,301.12448321678175,293.14999900044535,0.5274980000104931,0.65,50999.99999999989,50999.99710472799,0.00014999991971695917,18825.423635469335,-3.3207925298484042e-09,0.00015,301.124,293.15,317.791,0.0,150000,1,102,10200000,10200000,10200000,0,301124,1,102,10200000,10200000,10200000,0,293150,1,102,10200000,10200000,10200000,0,317791,1,102,10200000,10200000,10200000,0,0,1,102,10200000,10200000,10200000,0,1.0,0.527498,0.65,1.0,0.527498,0.65,1.0,0.527498,0.65,102,10500000,False,1.0,5000.0,300.0,500.0,600000000000.0,100000000000.0,,101
1,near_tick_before,thermal_loop,104,controller_tick,10300000,10.3,1,0,10300000,103,10300000,RUNNING,,0,0,62,1,0,reconstructed_from_retained_wire,True,,,317.79114856977105,301.12448322482726,293.149998995919,0.5274980000094945,0.65,51499.99999999989,51499.99705463676,0.00014999991971667524,18825.423635398063,-3.982904672739096e-09,0.00015,301.124,293.15,317.791,0.0,150000,1,103,10300000,10300000,10300000,0,301124,1,103,10300000,10300000,10300000,0,293150,1,103,10300000,10300000,10300000,0,317791,1,103,10300000,10300000,10300000,0,0,1,103,10300000,10300000,10300000,0,1.0,0.527498,0.65,1.0,0.527498,0.65,1.0,0.527498,0.65,103,10600000,False,1.0,5000.0,300.0,500.0,600000000000.0,100000000000.0,,102
1,near_tick_before,thermal_loop,105,controller_tick,10400000,10.4,1,0,10400000,104,10400000,RUNNING,,0,0,62,1,0,reconstructed_from_retained_wire,True,,,317.79114857374225,301.1244832327649,293.1499989914729,0.527498000008591,0.65,51999.99999999988,51999.99700432123,0.0001499999197164183,18825.423635333576,-3.462446329649538e-09,0.00015,301.124,293.15,317.791,0.0,150000,1,104,10400000,10400000,10400000,0,301124,1,104,10400000,10400000,10400000,0,293150,1,104,10400000,10400000,10400000,0,317791,1,104,10400000,10400000,10400000,0,0,1,104,10400000,10400000,10400000,0,1.0,0.527498,0.65,1.0,0.527498,0.65,1.0,0.527498,0.65,104,10700000,False,1.0,5000.0,300.0,500.0,600000000000.0,100000000000.0,,103
1,near_tick_before,thermal_loop,106,controller_tick,10500000,10.5,1,0,10500000,105,10500000,RUNNING,,0,0,62,1,0,reconstructed_from_retained_wire,True,,,317.79114857772515,301.12448324059636,293.14999898710573,0.5274980000077735,0.65,52499.999999999876,52499.99695378537,0.00014999991971618586,18825.423635275212,-3.2919160730671138e-09,0.00015,301.124,293.15,317.791,0.0,150000,1,105,10500000,10500000,10500000,0,301124,1,105,10500000,10500000,10500000,0,293150,1,105,10500000,10500000,10500000,0,317791,1,105,10500000,10500000,10500000,0,0,1,105,10500000,10500000,10500000,0,1.0,0.527498,0.65,1.0,0.527498,0.65,1.0,0.527498,0.65,105,10800000,False,1.0,5000.0,300.0,500.0,600000000000.0,100000000000.0,,104
1,near_tick_before,thermal_loop,107,controller_tick,10600000,10.6,1,0,10600000,106,10600000,RUNNING,,0,0,62,1,0,reconstructed_from_retained_wire,True,,,317.7911485817194,301.1244832483235,293.1499989828163,0.5274980000070337,0.65,52999.999999999876,52999.9969030331,0.0001499999197159755,18825.423635222414,-3.205059329047799e-09,0.00015,301.124,293.15,317.791,0.0,150000,1,106,10600000,10600000,10600000,0,301124,1,106,10600000,10600000,10600000,0,293150,1,106,10600000,10600000,10600000,0,317791,1,106,10600000,10600000,10600000,0,0,1,106,10600000,10600000,10600000,0,1.0,0.527498,0.65,1.0,0.527498,0.65,1.0,0.527498,0.65,106,10900000,False,1.0,5000.0,300.0,500.0,600000000000.0,100000000000.0,,105
1,near_tick_before,thermal_loop,108,controller_tick,10700000,10.7,1,0,10700000,107,10700000,RUNNING,,0,0,62,1,0,reconstructed_from_retained_wire,True,,,317.79114858572467,301.12448325594806,293.14999897860343,0.5274980000063644,0.65,53499.999999999876,53499.996852068274,0.00014999991971578514,18825.423635174644,-3.792592906393111e-09,0.00015,301.124,293.15,317.791,0.0,150000,1,107,10700000,10700000,10700000,0,301124,1,107,10700000,10700000,10700000,0,293150,1,107,10700000,10700000,10700000,0,317791,1,107,10700000,10700000,10700000,0,0,1,107,10700000,10700000,10700000,0,1.0,0.527498,0.65,1.0,0.527498,0.65,1.0,0.527498,0.65,107,11000000,False,1.0,5000.0,300.0,500.0,600000000000.0,100000000000.0,,106
1,near_tick_before,thermal_loop,109,controller_tick,10800000,10.8,1,0,10800000,108,10800000,RUNNING,,0,0,62,1,0,reconstructed_from_retained_wire,True,,,317.7911485897406,301.1244832634718,293.1499989744659,0.5274980000057587,0.65,53999.999999999876,53999.996800894696,0.0001499999197156129,18825.423635131418,-4.098637873539701e-09,0.00015,301.124,293.15,317.791,0.0,150000,1,108,10800000,10800000,10800000,0,301124,1,108,10800000,10800000,10800000,0,293150,1,108,10800000,10800000,10800000,0,317791,1,108,10800000,10800000,10800000,0,0,1,108,10800000,10800000,10800000,0,1.0,0.527498,0.65,1.0,0.527498,0.65,1.0,0.527498,0.65,108,11100000,False,1.0,5000.0,300.0,500.0,600000000000.0,100000000000.0,,107
1,near_tick_before,thermal_loop,110,controller_tick,10900000,10.9,1,0,10900000,109,10900000,RUNNING,,0,0,62,1,0,reconstructed_from_retained_wire,True,,,317.79114859376693,301.1244832708965,293.1499989704025,0.5274980000052106,0.65,54499.99999999987,54499.9967495161,0.00014999991971545703,18825.4236350923,-3.6934579838998616e-09,0.00015,301.124,293.15,317.791,0.0,150000,1,109,10900000,10900000,10900000,0,301124,1,109,10900000,10900000,10900000,0,293150,1,109,10900000,10900000,10900000,0,317791,1,109,10900000,10900000,10900000,0,0,1,109,10900000,10900000,10900000,0,1.0,0.527498,0.65,1.0,0.527498,0.65,1.0,0.527498,0.65,109,11200000,False,1.0,5000.0,300.0,500.0,600000000000.0,100000000000.0,,108
1,near_tick_before,thermal_loop,111,controller_tick,11000000,11.0,1,0,11000000,110,11000000,RUNNING,,0,0,62,1,0,reconstructed_from_retained_wire,True,,,317.7911485978033,301.1244832782237,293.14999896641217,0.5274980000047148,0.65,54999.99999999987,54999.99669793618,0.00014999991971531608,18825.4236350569,-3.508603185764514e-09,0.00015,301.124,293.15,317.791,0.0,150000,1,110,11000000,11000000,11000000,0,301124,1,110,11000000,11000000,11000000,0,293150,1,110,11000000,11000000,11000000,0,317791,1,110,11000000,11000000,11000000,0,0,1,110,11000000,11000000,11000000,0,1.0,0.527498,0.65,1.0,0.527498,0.65,1.0,0.527498,0.65,110,11300000,False,1.0,5000.0,300.0,500.0,600000000000.0,100000000000.0,,109
1,near_tick_before,thermal_loop,112,controller_tick,11100000,11.1,1,0,11100000,111,11100000,RUNNING,,0,0,62,1,0,reconstructed_from_retained_wire,True,,,317.7911486018494,301.1244832854551,293.1499989624937,0.5274980000042662,0.65,55499.99999999986,55499.996646158535,0.0001499999197151885,18825.423635024876,-3.4171989682363346e-09,0.00015,301.124,293.15,317.791,0.0,150000,1,111,11100000,11100000,11100000,0,301124,1,111,11100000,11100000,11100000,0,293150,1,111,11100000,11100000,11100000,0,317791,1,111,11100000,11100000,11100000,0,0,1,111,11100000,11100000,11100000,0,1.0,0.527498,0.65,1.0,0.527498,0.65,1.0,0.527498,0.65,111,11400000,False,1.0,5000.0,300.0,500.0,600000000000.0,100000000000.0,,110
1,near_tick_before,thermal_loop,113,controller_tick,11200000,11.2,1,0,11200000,112,11200000,RUNNING,,0,0,62,1,0,reconstructed_from_retained_wire,True,,,317.7911486059049,301.12448329259223,293.14999895864605,0.5274980000038603,0.65,55999.99999999986,55999.99659418674,0.00014999991971507306,18825.42363499591,-3.5679477150551975e-09,0.00015,301.124,293.15,317.791,0.0,150000,1,112,11200000,11200000,11200000,0,301124,1,112,11200000,11200000,11200000,0,293150,1,112,11200000,11200000,11200000,0,317791,1,112,11200000,11200000,11200000,0,0,1,112,11200000,11200000,11200000,0,1.0,0.527498,0.65,1.0,0.527498,0.65,1.0,0.527498,0.65,112,11500000,False,1.0,5000.0,300.0,500.0,600000000000.0,100000000000.0,,111
1,near_tick_before,thermal_loop,114,controller_tick,11300000,11.3,1,0,11300000,113,11300000,RUNNING,,0,0,62,1,0,reconstructed_from_retained_wire,True,,,317.79114860996947,301.12448329963684,293.14999895486807,0.527498000003493,0.65,56499.999999999854,56499.99654202431,0.00014999991971496862,18825.423634969695,-3.1297986424760893e-09,0.00015,301.124,293.15,317.791,0.0,150000,1,113,11300000,11300000,11300000,0,301124,1,113,11300000,11300000,11300000,0,293150,1,113,11300000,11300000,11300000,0,317791,1,113,11300000,11300000,11300000,0,0,1,113,11300000,11300000,11300000,0,1.0,0.527498,0.65,1.0,0.527498,0.65,1.0,0.527498,0.65,113,11600000,False,1.0,5000.0,300.0,500.0,600000000000.0,100000000000.0,,112
1,near_tick_before,thermal_loop,115,controller_tick,11400000,11.4,1,0,11400000,114,11400000,RUNNING,,0,0,62,1,0,reconstructed_from_retained_wire,True,,,317.79114861404287,301.1244833065904,293.14999895115875,0.5274980000031606,0.65,56999.99999999985,56999.9964896747,0.0001499999197148741,18825.42363494597,-1.971329766092822e-09,0.00015,301.124,293.15,317.791,0.0,150000,1,114,11400000,11400000,11400000,0,301124,1,114,11400000,11400000,11400000,0,293150,1,114,11400000,11400000,11400000,0,317791,1,114,11400000,11400000,11400000,0,0,1,114,11400000,11400000,11400000,0,1.0,0.527498,0.65,1.0,0.527498,0.65,1.0,0.527498,0.65,114,11700000,False,1.0,5000.0,300.0,500.0,600000000000.0,100000000000.0,,113
1,near_tick_before,thermal_loop,116,controller_tick,11500000,11.5,1,0,11500000,115,11500000,RUNNING,,0,0,62,1,0,reconstructed_from_retained_wire,True,,,317.7911486181247,301.1244833134544,293.14999894751696,0.52749800000286,0.65,57499.99999999984,57499.996437141315,0.00014999991971478862,18825.42363492451,-2.0847892301389948e-09,0.00015,301.124,293.15,317.791,0.0,150000,1,115,11500000,11500000,11500000,0,301124,1,115,11500000,11500000,11500000,0,293150,1,115,11500000,11500000,11500000,0,317791,1,115,11500000,11500000,11500000,0,0,1,115,11500000,11500000,11500000,0,1.0,0.527498,0.65,1.0,0.527498,0.65,1.0,0.527498,0.65,115,11800000,False,1.0,5000.0,300.0,500.0,600000000000.0,100000000000.0,,114
1,near_tick_before,thermal_loop,117,controller_tick,11600000,11.6,1,0,11600000,116,11600000,RUNNING,,0,0,62,1,0,reconstructed_from_retained_wire,True,,,317.79114862221473,301.1244833202304,293.1499989439417,0.5274980000025877,0.65,57999.99999999983,57999.996384427504,0.0001499999197147112,18825.42363490508,-1.8358150555286556e-09,0.00015,301.124,293.15,317.791,0.0,150000,1,116,11600000,11600000,11600000,0,301124,1,116,11600000,11600000,11600000,0,293150,1,116,11600000,11600000,11600000,0,317791,1,116,11600000,11600000,11600000,0,0,1,116,11600000,11600000,11600000,0,1.0,0.527498,0.65,1.0,0.527498,0.65,1.0,0.527498,0.65,116,11900000,False,1.0,5000.0,300.0,500.0,600000000000.0,100000000000.0,,115
1,near_tick_before,thermal_loop,118,controller_tick,11700000,11.7,1,0,11700000,117,11700000,RUNNING,,0,0,62,1,0,reconstructed_from_retained_wire,True,,,317.7911486263127,301.12448332692,293.14999894043183,0.5274980000023415,0.65,58499.99999999983,58499.99633153657,0.00014999991971464117,18825.423634887506,-2.051820047199726e-09,0.00015,301.124,293.15,317.791,0.0,150000,1,117,11700000,11700000,11700000,0,301124,1,117,11700000,11700000,11700000,0,293150,1,117,11700000,11700000,11700000,0,317791,1,117,11700000,11700000,11700000,0,0,1,117,11700000,11700000,11700000,0,1.0,0.527498,0.65,1.0,0.527498,0.65,1.0,0.527498,0.65,117,12000000,False,1.0,5000.0,300.0,500.0,600000000000.0,100000000000.0,,116
1,near_tick_before,thermal_loop,119,controller_tick,11800000,11.8,1,0,11800000,118,11800000,RUNNING,,0,0,62,1,0,reconstructed_from_retained_wire,True,,,317.79114863041826,301.1244833335245,293.1499989369865,0.5274980000021187,0.65,58999.99999999983,58999.99627847176,0.00014999991971457782,18825.4236348716,-1.840135155362077e-09,0.00015,301.124,293.15,317.791,0.0,150000,1,118,11800000,11800000,11800000,0,301124,1,118,11800000,11800000,11800000,0,293150,1,118,11800000,11800000,11800000,0,317791,1,118,11800000,11800000,11800000,0,0,1,118,11800000,11800000,11800000,0,1.0,0.527498,0.65,1.0,0.527498,0.65,1.0,0.527498,0.65,118,12100000,False,1.0,5000.0,300.0,500.0,600000000000.0,100000000000.0,,117
1,near_tick_before,thermal_loop,120,controller_tick,11900000,11.9,1,0,11900000,119,11900000,RUNNING,,0,0,62,1,0,reconstructed_from_retained_wire,True,,,317.7911486345312,301.1244833400454,293.14999893360465,0.5274980000019169,0.65,59499.999999999825,59499.996225236275,0.00014999991971452044,18825.4236348572,-1.2162217899458483e-09,0.00015,301.124,293.15,317.791,0.0,150000,1,119,11900000,11900000,11900000,0,301124,1,119,11900000,11900000,11900000,0,293150,1,119,11900000,11900000,11900000,0,317791,1,119,11900000,11900000,11900000,0,0,1,119,11900000,11900000,11900000,0,1.0,0.527498,0.65,1.0,0.527498,0.65,1.0,0.527498,0.65,119,12200000,False,1.0,5000.0,300.0,500.0,600000000000.0,100000000000.0,,118
1,near_tick_before,thermal_loop,121,controller_tick,12000000,12.0,1,0,12000000,120,12000000,RUNNING,,0,0,62,1,0,reconstructed_from_retained_wire,True,,,317.79114863865124,301.1244833464841,293.1499989302852,0.5274980000017344,0.65,59999.99999999982,59999.99617183326,0.00014999991971446856,18825.423634844174,-2.1179857867537066e-09,0.00015,301.124,293.15,317.791,0.0,150000,1,120,12000000,12000000,12000000,0,301124,1,120,12000000,12000000,12000000,0,293150,1,120,12000000,12000000,12000000,0,317791,1,120,12000000,12000000,12000000,0,0,1,120,12000000,12000000,12000000,0,1.0,0.527498,0.65,1.0,0.527498,0.65,1.0,0.527498,0.65,120,12300000,False,1.0,5000.0,300.0,500.0,600000000000.0,100000000000.0,,119
1,near_tick_before,thermal_loop,122,controller_tick,12100000,12.1,1,0,12100000,121,12100000,RUNNING,,0,0,62,1,0,reconstructed_from_retained_wire,True,,,317.7911486427781,301.124483352842,293.14999892702735,0.5274980000015693,0.65,60499.99999999981,60499.99611826583,0.00014999991971442162,18825.42363483239,-2.431079337839037e-09,0.00015,301.124,293.15,317.791,0.0,150000,1,121,12100000,12100000,12100000,0,301124,1,121,12100000,12100000,12100000,0,293150,1,121,12100000,12100000,12100000,0,317791,1,121,12100000,12100000,12100000,0,0,1,121,12100000,12100000,12100000,0,1.0,0.527498,0.65,1.0,0.527498,0.65,1.0,0.527498,0.65,121,12400000,False,1.0,5000.0,300.0,500.0,600000000000.0,100000000000.0,,120
1,near_tick_before,thermal_loop,123,controller_tick,12200000,12.2,1,0,12200000,122,12200000,RUNNING,,0,0,62,1,0,reconstructed_from_retained_wire,True,,,317.79114864691155,301.12448335912046,293.1499989238301,0.52749800000142,0.65,60999.9999999998,60999.996064537016,0.00014999991971437914,18825.42363482173,-2.7623627829598263e-09,0.00015,301.124,293.15,317.791,0.0,150000,1,122,12200000,12200000,12200000,0,301124,1,122,12200000,12200000,12200000,0,293150,1,122,12200000,12200000,12200000,0,317791,1,122,12200000,12200000,12200000,0,0,1,122,12200000,12200000,12200000,0,1.0,0.527498,0.65,1.0,0.527498,0.65,1.0,0.527498,0.65,122,12500000,False,1.0,5000.0,300.0,500.0,600000000000.0,100000000000.0,,121
1,near_tick_before,thermal_loop,124,controller_tick,12300000,12.3,1,0,12300000,123,12300000,RUNNING,,0,0,62,1,0,reconstructed_from_retained_wire,True,,,317.7911486510513,301.1244833653208,293.1499989206925,0.5274980000012849,0.65,61499.999999999796,61499.99601064983,0.00014999991971434074,18825.42363481209,-2.8485374059528112e-09,0.00015,301.124,293.15,317.791,0.0,150000,1,123,12300000,12300000,12300000,0,301124,1,123,12300000,12300000,12300000,0,293150,1,123,12300000,12300000,12300000,0,317791,1,123,12300000,12300000,12300000,0,0,1,123,12300000,12300000,12300000,0,1.0,0.527498,0.65,1.0,0.527498,0.65,1.0,0.527498,0.65,123,12600000,False,1.0,5000.0,300.0,500.0,600000000000.0,100000000000.0,,122
1,near_tick_before,thermal_loop,125,controller_tick,12400000,12.4,1,0,12400000,124,12400000,RUNNING,,0,0,62,1,0,reconstructed_from_retained_wire,True,,,317.79114865519705,301.1244833714444,293.14999891761363,0.5274980000011626,0.65,61999.99999999979,61999.99595660725,0.00014999991971430596,18825.423634803366,-3.7512108974624425e-09,0.00015,301.124,293.15,317.791,0.0,150000,1,124,12400000,12400000,12400000,0,301124,1,124,12400000,12400000,12400000,0,293150,1,124,12400000,12400000,12400000,0,317791,1,124,12400000,12400000,12400000,0,0,1,124,12400000,12400000,12400000,0,1.0,0.527498,0.65,1.0,0.527498,0.65,1.0,0.527498,0.65,124,12700000,False,1.0,5000.0,300.0,500.0,600000000000.0,100000000000.0,,123
1,near_tick_before,thermal_loop,126,controller_tick,12500000,12.5,1,0,12500000,125,12500000,RUNNING,,0,0,62,1,0,reconstructed_from_retained_wire,True,,,317.79114865934866,301.1244833774926,293.14999891459263,0.527498000001052,0.65,62499.99999999978,62499.99590241216,0.0001499999197142745,18825.423634795465,-3.0918272386770695e-09,0.00015,301.124,293.15,317.791,0.0,150000,1,125,12500000,12500000,12500000,0,301124,1,125,12500000,12500000,12500000,0,293150,1,125,12500000,12500000,12500000,0,317791,1,125,12500000,12500000,12500000,0,0,1,125,12500000,12500000,12500000,0,1.0,0.527498,0.65,1.0,0.527498,0.65,1.0,0.527498,0.65,125,12800000,False,1.0,5000.0,300.0,500.0,600000000000.0,100000000000.0,,124
1,near_tick_before,thermal_loop,127,controller_tick,12600000,12.6,1,0,12600000,126,12600000,RUNNING,,0,0,62,1,0,reconstructed_from_retained_wire,True,,,317.7911486635058,301.1244833834666,293.1499989116285,0.5274980000009518,0.65,62999.999999999774,62999.995848067454,0.000149999919714246,18825.423634788316,-4.2509782360866666e-09,0.00015,301.124,293.15,317.791,0.0,150000,1,126,12600000,12600000,12600000,0,301124,1,126,12600000,12600000,12600000,0,293150,1,126,12600000,12600000,12600000,0,317791,1,126,12600000,12600000,12600000,0,0,1,126,12600000,12600000,12600000,0,1.0,0.527498,0.65,1.0,0.527498,0.65,1.0,0.527498,0.65,126,12900000,False,1.0,5000.0,300.0,500.0,600000000000.0,100000000000.0,,125
1,near_tick_before,thermal_loop,128,controller_tick,12700000,12.7,1,0,12700000,127,12700000,RUNNING,,0,0,62,1,0,reconstructed_from_retained_wire,True,,,317.79114866766827,301.1244833893677,293.1499989087205,0.5274980000008612,0.65,63499.99999999977,63499.995793575945,0.00014999991971422028,18825.423634781844,-4.210050974506885e-09,0.00015,301.124,293.15,317.791,0.0,150000,1,127,12700000,12700000,12700000,0,301124,1,127,12700000,12700000,12700000,0,293150,1,127,12700000,12700000,12700000,0,317791,1,127,12700000,12700000,12700000,0,0,1,127,12700000,12700000,12700000,0,1.0,0.527498,0.65,1.0,0.527498,0.65,1.0,0.527498,0.65,127,13000000,False,1.0,5000.0,300.0,500.0,600000000000.0,100000000000.0,,126
1,near_tick_before,thermal_loop,129,controller_tick,12800000,12.8,1,0,12800000,128,12800000,RUNNING,,0,0,62,1,0,reconstructed_from_retained_wire,True,,,317.79114867183586,301.1244833951971,293.1499989058677,0.5274980000007793,0.65,63999.99999999976,63999.99573894042,0.00014999991971419694,18825.423634776,-4.119328878005035e-09,0.00015,301.124,293.15,317.791,0.0,150000,1,128,12800000,12800000,12800000,0,301124,1,128,12800000,12800000,12800000,0,293150,1,128,12800000,12800000,12800000,0,317791,1,128,12800000,12800000,12800000,0,0,1,128,12800000,12800000,12800000,0,1.0,0.527498,0.65,1.0,0.527498,0.65,1.0,0.527498,0.65,128,13100000,False,1.0,5000.0,300.0,500.0,600000000000.0,100000000000.0,,127
1,near_tick_before,thermal_loop,130,controller_tick,12900000,12.9,1,0,12900000,129,12900000,RUNNING,,0,0,62,1,0,reconstructed_from_retained_wire,True,,,317.7911486760084,301.124483400956,293.1499989030692,0.5274980000007051,0.65,64499.99999999975,64499.99568416362,0.00014999991971417588,18825.42363477071,-3.6611709219869226e-09,0.00015,301.124,293.15,317.791,0.0,150000,1,129,12900000,12900000,12900000,0,301124,1,129,12900000,12900000,12900000,0,293150,1,129,12900000,12900000,12900000,0,317791,1,129,12900000,12900000,12900000,0,0,1,129,12900000,12900000,12900000,0,1.0,0.527498,0.65,1.0,0.527498,0.65,1.0,0.527498,0.65,129,13200000,False,1.0,5000.0,300.0,500.0,600000000000.0,100000000000.0,,128
1,near_tick_before,thermal_loop,131,controller_tick,13000000,13.0,1,0,13000000,130,13000000,RUNNING,,0,0,62,1,0,reconstructed_from_retained_wire,True,,,317.79114868018553,301.1244834066457,293.14999890032425,0.527498000000638,0.65,64999.999999999745,64999.99562924824,0.00014999991971415677,18825.423634765917,-3.791683411691338e-09,0.00015,301.124,293.15,317.791,0.0,150000,1,130,13000000,13000000,13000000,0,301124,1,130,13000000,13000000,13000000,0,293150,1,130,13000000,13000000,13000000,0,317791,1,130,13000000,13000000,13000000,0,0,1,130,13000000,13000000,13000000,0,1.0,0.527498,0.65,1.0,0.527498,0.65,1.0,0.527498,0.65,130,13300000,False,1.0,5000.0,300.0,500.0,600000000000.0,100000000000.0,,129
1,near_tick_before,thermal_loop,132,controller_tick,13100000,13.1,1,0,13100000,131,13100000,RUNNING,,0,0,62,1,0,reconstructed_from_retained_wire,True,,,317.79114868436704,301.1244834122673,293.14999889763203,0.5274980000005772,0.65,65499.99999999974,65499.99557419693,0.00014999991971413948,18825.42363476158,-3.88399712392129e-09,0.00015,301.124,293.15,317.791,0.0,150000,1,131,13100000,13100000,13100000,0,301124,1,131,13100000,13100000,13100000,0,293150,1,131,13100000,13100000,13100000,0,317791,1,131,13100000,13100000,13100000,0,0,1,131,13100000,13100000,13100000,0,1.0,0.527498,0.65,1.0,0.527498,0.65,1.0,0.527498,0.65,131,13400000,False,1.0,5000.0,300.0,500.0,600000000000.0,100000000000.0,,130
1,near_tick_before,thermal_loop,133,controller_tick,13200000,13.2,1,0,13200000,132,13200000,RUNNING,,0,0,62,1,0,reconstructed_from_retained_wire,True,,,317.7911486885528,301.1244834178219,293.14999889499165,0.5274980000005223,0.65,65999.99999999974,65999.99551901231,0.00014999991971412387,18825.42363475766,-4.371031536720693e-09,0.00015,301.124,293.15,317.791,0.0,150000,1,132,13200000,13200000,13200000,0,301124,1,132,13200000,13200000,13200000,0,293150,1,132,13200000,13200000,13200000,0,317791,1,132,13200000,13200000,13200000,0,0,1,132,13200000,13200000,13200000,0,1.0,0.527498,0.65,1.0,0.527498,0.65,1.0,0.527498,0.65,132,13500000,False,1.0,5000.0,300.0,500.0,600000000000.0,100000000000.0,,131
1,near_tick_before,thermal_loop,134,controller_tick,13300000,13.3,1,0,13300000,133,13300000,RUNNING,,0,0,62,1,0,reconstructed_from_retained_wire,True,,,317.7911486927426,301.1244834233107,293.14999889240244,0.5274980000004725,0.65,66499.99999999974,66499.99546369696,0.00014999991971410972,18825.42363475411,-4.5615706767421216e-09,0.00015,301.124,293.15,317.791,0.0,150000,1,133,13300000,13300000,13300000,0,301124,1,133,13300000,13300000,13300000,0,293150,1,133,13300000,13300000,13300000,0,317791,1,133,13300000,13300000,13300000,0,0,1,133,13300000,13300000,13300000,0,1.0,0.527498,0.65,1.0,0.527498,0.65,1.0,0.527498,0.65,133,13600000,False,1.0,5000.0,300.0,500.0,600000000000.0,100000000000.0,,132
1,near_tick_before,thermal_loop,135,controller_tick,13400000,13.4,1,0,13400000,134,13400000,RUNNING,,0,0,62,1,0,reconstructed_from_retained_wire,True,,,317.79114869693615,301.12448342873483,293.14999888986347,0.5274980000004277,0.65,66999.99999999974,66999.99540825341,0.00014999991971409695,18825.423634750907,-5.529727786779404e-09,0.00015,301.124,293.15,317.791,0.0,150000,1,134,13400000,13400000,13400000,0,301124,1,134,13400000,13400000,13400000,0,293150,1,134,13400000,13400000,13400000,0,317791,1,134,13400000,13400000,13400000,0,0,1,134,13400000,13400000,13400000,0,1.0,0.527498,0.65,1.0,0.527498,0.65,1.0,0.527498,0.65,134,13700000,False,1.0,5000.0,300.0,500.0,600000000000.0,100000000000.0,,133
1,near_tick_before,thermal_loop,136,controller_tick,13500000,13.5,1,0,13500000,135,13500000,RUNNING,,0,0,62,1,0,reconstructed_from_retained_wire,True,,,317.7911487011333,301.12448343409545,293.1499988873741,0.5274980000003869,0.65,67499.99999999972,67499.99535268414,0.00014999991971408538,18825.423634747996,-4.907860784442164e-09,0.00015,301.124,293.15,317.791,0.0,150000,1,135,13500000,13500000,13500000,0,301124,1,135,13500000,13500000,13500000,0,293150,1,135,13500000,13500000,13500000,0,317791,1,135,13500000,13500000,13500000,0,0,1,135,13500000,13500000,13500000,0,1.0,0.527498,0.65,1.0,0.527498,0.65,1.0,0.527498,0.65,135,13800000,False,1.0,5000.0,300.0,500.0,600000000000.0,100000000000.0,,134
1,near_tick_before,thermal_loop,137,controller_tick,13600000,13.6,1,0,13600000,136,13600000,RUNNING,,0,0,62,1,0,reconstructed_from_retained_wire,True,,,317.79114870533385,301.1244834393935,293.14999888493355,0.5274980000003501,0.65,67999.99999999972,67999.99529699163,0.00014999991971407492,18825.423634745363,-5.045421858085319e-09,0.00015,301.124,293.15,317.791,0.0,150000,1,136,13600000,13600000,13600000,0,301124,1,136,13600000,13600000,13600000,0,293150,1,136,13600000,13600000,13600000,0,317791,1,136,13600000,13600000,13600000,0,0,1,136,13600000,13600000,13600000,0,1.0,0.527498,0.65,1.0,0.527498,0.65,1.0,0.527498,0.65,136,13900000,False,1.0,5000.0,300.0,500.0,600000000000.0,100000000000.0,,135
1,near_tick_before,thermal_loop,138,controller_tick,13700000,13.7,1,0,13700000,137,13700000,RUNNING,,0,0,62,1,0,reconstructed_from_retained_wire,True,,,317.7911487095376,301.12448344463013,293.14999888254107,0.5274980000003168,0.65,68499.99999999972,68499.99524117829,0.00014999991971406543,18825.42363474299,-4.374896889203228e-09,0.00015,301.124,293.15,317.791,0.0,150000,1,137,13700000,13700000,13700000,0,301124,1,137,13700000,13700000,13700000,0,293150,1,137,13700000,13700000,13700000,0,317791,1,137,13700000,13700000,13700000,0,0,1,137,13700000,13700000,13700000,0,1.0,0.527498,0.65,1.0,0.527498,0.65,1.0,0.527498,0.65,137,14000000,False,1.0,5000.0,300.0,500.0,600000000000.0,100000000000.0,,136
1,near_tick_before,thermal_loop,139,controller_tick,13800000,13.8,1,0,13800000,138,13800000,RUNNING,,0,0,62,1,0,reconstructed_from_retained_wire,True,,,317.79114871374435,301.12448344980635,293.1499988801959,0.5274980000002867,0.65,68999.99999999972,68999.99518524652,0.00014999991971405686,18825.423634740844,-4.086814442416653e-09,0.00015,301.124,293.15,317.791,0.0,150000,1,138,13800000,13800000,13800000,0,301124,1,138,13800000,13800000,13800000,0,293150,1,138,13800000,13800000,13800000,0,317791,1,138,13800000,13800000,13800000,0,0,1,138,13800000,13800000,13800000,0,1.0,0.527498,0.65,1.0,0.527498,0.65,1.0,0.527498,0.65,138,14100000,False,1.0,5000.0,300.0,500.0,600000000000.0,100000000000.0,,137
1,near_tick_before,thermal_loop,140,controller_tick,13900000,13.9,1,0,13900000,139,13900000,RUNNING,,0,0,62,1,0,reconstructed_from_retained_wire,True,,,317.79114871795394,301.1244834549232,293.14999887789725,0.5274980000002595,0.65,69499.99999999971,69499.99512919865,0.00014999991971404914,18825.4236347389,-3.781224222620949e-09,0.00015,301.124,293.15,317.791,0.0,150000,1,139,13900000,13900000,13900000,0,301124,1,139,13900000,13900000,13900000,0,293150,1,139,13900000,13900000,13900000,0,317791,1,139,13900000,13900000,13900000,0,0,1,139,13900000,13900000,13900000,0,1.0,0.527498,0.65,1.0,0.527498,0.65,1.0,0.527498,0.65,139,14200000,False,1.0,5000.0,300.0,500.0,600000000000.0,100000000000.0,,138
1,near_tick_before,thermal_loop,141,controller_tick,14000000,14.0,1,0,14000000,140,14000000,RUNNING,,0,0,62,1,0,reconstructed_from_retained_wire,True,,,317.79114872216616,301.1244834599817,293.14999887564454,0.5274980000002347,0.65,69999.99999999971,69999.995073037,0.00014999991971404212,18825.423634737133,-3.2096068025566638e-09,0.00015,301.124,293.15,317.791,0.0,150000,1,140,14000000,14000000,14000000,0,301124,1,140,14000000,14000000,14000000,0,293150,1,140,14000000,14000000,14000000,0,317791,1,140,14000000,14000000,14000000,0,0,1,140,14000000,14000000,14000000,0,1.0,0.527498,0.65,1.0,0.527498,0.65,1.0,0.527498,0.65,140,14300000,False,1.0,5000.0,300.0,500.0,600000000000.0,100000000000.0,,139
1,near_tick_before,thermal_loop,142,controller_tick,14100000,14.1,1,0,14100000,141,14100000,RUNNING,,0,0,62,1,0,reconstructed_from_retained_wire,True,,,317.7911487263808,301.12448346498275,293.14999887343697,0.5274980000002124,0.65,70499.99999999971,70499.99501676386,0.00014999991971403575,18825.42363473554,-4.15411705034785e-09,0.00015,301.124,293.15,317.791,0.0,150000,1,141,14100000,14100000,14100000,0,301124,1,141,14100000,14100000,14100000,0,293150,1,141,14100000,14100000,14100000,0,317791,1,141,14100000,14100000,14100000,0,0,1,141,14100000,14100000,14100000,0,1.0,0.527498,0.65,1.0,0.527498,0.65,1.0,0.527498,0.65,141,14400000,False,1.0,5000.0,300.0,500.0,600000000000.0,100000000000.0,,140
1,near_tick_before,thermal_loop,143,controller_tick,14200000,14.2,1,0,14200000,142,14200000,RUNNING,,0,0,62,1,0,reconstructed_from_retained_wire,True,,,317.7911487305977,301.12448346992744,293.14999887127397,0.5274980000001922,0.65,70999.99999999971,70999.99496038146,0.00014999991971403003,18825.423634734096,-4.2714418668765575e-09,0.00015,301.124,293.15,317.791,0.0,150000,1,142,14200000,14200000,14200000,0,301124,1,142,14200000,14200000,14200000,0,293150,1,142,14200000,14200000,14200000,0,317791,1,142,14200000,14200000,14200000,0,0,1,142,14200000,14200000,14200000,0,1.0,0.527498,0.65,1.0,0.527498,0.65,1.0,0.527498,0.65,142,14500000,False,1.0,5000.0,300.0,500.0,600000000000.0,100000000000.0,,141
1,near_tick_before,thermal_loop,144,controller_tick,14300000,14.3,1,0,14300000,143,14300000,RUNNING,,0,0,62,1,0,reconstructed_from_retained_wire,True,,,317.7911487348167,301.12448347481666,293.1499988691548,0.5274980000001739,0.65,71499.9999999997,71499.994903892,0.0001499999197140248,18825.42363473279,-4.056573743582703e-09,0.00015,301.124,293.15,317.791,0.0,150000,1,143,14300000,14300000,14300000,0,301124,1,143,14300000,14300000,14300000,0,293150,1,143,14300000,14300000,14300000,0,317791,1,143,14300000,14300000,14300000,0,0,1,143,14300000,14300000,14300000,0,1.0,0.527498,0.65,1.0,0.527498,0.65,1.0,0.527498,0.65,143,14600000,False,1.0,5000.0,300.0,500.0,600000000000.0,100000000000.0,,142
1,near_tick_before,thermal_loop,145,controller_tick,14400000,14.4,1,0,14400000,144,14400000,RUNNING,,0,0,62,1,0,reconstructed_from_retained_wire,True,,,317.7911487390377,301.1244834796514,293.1499988670787,0.5274980000001573,0.65,71999.99999999968,71999.99484729767,0.0001499999197140201,18825.423634731607,-4.327830538386479e-09,0.00015,301.124,293.15,317.791,0.0,150000,1,144,14400000,14400000,14400000,0,301124,1,144,14400000,14400000,14400000,0,293150,1,144,14400000,14400000,14400000,0,317791,1,144,14400000,14400000,14400000,0,0,1,144,14400000,14400000,14400000,0,1.0,0.527498,0.65,1.0,0.527498,0.65,1.0,0.527498,0.65,144,14700000,False,1.0,5000.0,300.0,500.0,600000000000.0,100000000000.0,,143
1,near_tick_before,thermal_loop,146,controller_tick,14500000,14.5,1,0,14500000,145,14500000,RUNNING,,0,0,62,1,0,reconstructed_from_retained_wire,True,,,317.7911487432604,301.1244834844326,293.1499988650452,0.5274980000001424,0.65,72499.99999999967,72499.99479060057,0.00014999991971401583,18825.42363473054,-3.9676706364843994e-09,0.00015,301.124,293.15,317.791,0.0,150000,1,145,14500000,14500000,14500000,0,301124,1,145,14500000,14500000,14500000,0,293150,1,145,14500000,14500000,14500000,0,317791,1,145,14500000,14500000,14500000,0,0,1,145,14500000,14500000,14500000,0,1.0,0.527498,0.65,1.0,0.527498,0.65,1.0,0.527498,0.65,145,14800000,False,1.0,5000.0,300.0,500.0,600000000000.0,100000000000.0,,144
1,near_tick_before,thermal_loop,147,controller_tick,14600000,14.6,1,0,14600000,146,14600000,RUNNING,,0,0,62,1,0,reconstructed_from_retained_wire,True,,,317.79114874748467,301.1244834891611,293.1499988630535,0.5274980000001287,0.65,72999.99999999965,72999.99473380286,0.00014999991971401195,18825.423634729566,-4.2841747927013785e-09,0.00015,301.124,293.15,317.791,0.0,150000,1,146,14600000,14600000,14600000,0,301124,1,146,14600000,14600000,14600000,0,293150,1,146,14600000,14600000,14600000,0,317791,1,146,14600000,14600000,14600000,0,0,1,146,14600000,14600000,14600000,0,1.0,0.527498,0.65,1.0,0.527498,0.65,1.0,0.527498,0.65,146,14900000,False,1.0,5000.0,300.0,500.0,600000000000.0,100000000000.0,,145
1,near_tick_before,thermal_loop,148,controller_tick,14700000,14.7,1,0,14700000,147,14700000,RUNNING,,0,0,62,1,0,reconstructed_from_retained_wire,True,,,317.7911487517104,301.12448349383783,293.14999886110303,0.5274980000001165,0.65,73499.99999999965,73499.9946769066,0.00014999991971400848,18825.423634728693,-4.506773620960303e-09,0.00015,301.124,293.15,317.791,0.0,150000,1,147,14700000,14700000,14700000,0,301124,1,147,14700000,14700000,14700000,0,293150,1,147,14700000,14700000,14700000,0,317791,1,147,14700000,14700000,14700000,0,0,1,147,14700000,14700000,14700000,0,1.0,0.527498,0.65,1.0,0.527498,0.65,1.0,0.527498,0.65,147,15000000,False,1.0,5000.0,300.0,500.0,600000000000.0,100000000000.0,,146
1,near_tick_before,thermal_loop,149,controller_tick,14800000,14.8,1,0,14800000,148,14800000,RUNNING,,0,0,62,1,0,reconstructed_from_retained_wire,True,,,317.79114875593746,301.1244834984637,293.1499988591932,0.5274980000001054,0.65,73999.99999999965,73999.99461991384,0.00014999991971400534,18825.4236347279,-3.813738658209331e-09,0.00015,301.124,293.15,317.791,0.0,150000,1,148,14800000,14800000,14800000,0,301124,1,148,14800000,14800000,14800000,0,293150,1,148,14800000,14800000,14800000,0,317791,1,148,14800000,14800000,14800000,0,0,1,148,14800000,14800000,14800000,0,1.0,0.527498,0.65,1.0,0.527498,0.65,1.0,0.527498,0.65,148,15100000,False,1.0,5000.0,300.0,500.0,600000000000.0,100000000000.0,,147
1,near_tick_before,thermal_loop,150,controller_tick,14900000,14.9,1,0,14900000,149,14900000,RUNNING,,0,0,62,1,0,reconstructed_from_retained_wire,True,,,317.7911487601655,301.1244835030395,293.14999885732334,0.5274980000000953,0.65,74499.99999999964,74499.9945628266,0.00014999991971400246,18825.42363472718,-4.421053745318204e-09,0.00015,301.124,293.15,317.791,0.0,150000,1,149,14900000,14900000,14900000,0,301124,1,149,14900000,14900000,14900000,0,293150,1,149,14900000,14900000,14900000,0,317791,1,149,14900000,14900000,14900000,0,0,1,149,14900000,14900000,14900000,0,1.0,0.527498,0.65,1.0,0.527498,0.65,1.0,0.527498,0.65,149,15200000,False,1.0,5000.0,300.0,500.0,600000000000.0,100000000000.0,,148
1,near_tick_before,thermal_loop,151,controller_tick,15000000,15.0,1,0,15000000,150,15000000,RUNNING,,0,0,62,1,0,reconstructed_from_retained_wire,True,,,317.7911487643946,301.1244835075662,293.1499988554928,0.5274980000000862,0.65,74999.99999999964,74999.99450564684,0.00014999991971399986,18825.42363472653,-5.120682544657029e-09,0.00015,301.124,293.15,317.791,0.0,150000,1,150,15000000,15000000,15000000,0,301124,1,150,15000000,15000000,15000000,0,293150,1,150,15000000,15000000,15000000,0,317791,1,150,15000000,15000000,15000000,0,0,1,150,15000000,15000000,15000000,0,1.0,0.527498,0.65,1.0,0.527498,0.65,1.0,0.527498,0.65,150,15300000,False,1.0,5000.0,300.0,500.0,600000000000.0,100000000000.0,,149
1,near_tick_before,thermal_loop,152,controller_tick,15100000,15.1,1,0,15100000,151,15100000,RUNNING,,0,0,62,1,0,reconstructed_from_retained_wire,True,,,317.7911487686245,301.12448351204455,293.1499988537011,0.5274980000000778,0.65,75499.99999999962,75499.99444837653,0.0001499999197139975,18825.423634725936,-5.479932951857336e-09,0.00015,301.124,293.15,317.791,0.0,150000,1,151,15100000,15100000,15100000,0,301124,1,151,15100000,15100000,15100000,0,293150,1,151,15100000,15100000,15100000,0,317791,1,151,15100000,15100000,15100000,0,0,1,151,15100000,15100000,15100000,0,1.0,0.527498,0.65,1.0,0.527498,0.65,1.0,0.527498,0.65,151,15400000,False,1.0,5000.0,300.0,500.0,600000000000.0,100000000000.0,,150
1,near_tick_before,thermal_loop,153,controller_tick,15200000,15.2,1,0,15200000,152,15200000,RUNNING,,0,0,62,1,0,reconstructed_from_retained_wire,True,,,317.7911487728551,301.1244835164754,293.1499988519476,0.5274980000000705,0.65,75999.9999999996,75999.99439101758,0.00014999991971399542,18825.423634725412,-5.917399903410114e-09,0.00015,301.124,293.15,317.791,0.0,150000,1,152,15200000,15200000,15200000,0,301124,1,152,15200000,15200000,15200000,0,293150,1,152,15200000,15200000,15200000,0,317791,1,152,15200000,15200000,15200000,0,0,1,152,15200000,15200000,15200000,0,1.0,0.527498,0.65,1.0,0.527498,0.65,1.0,0.527498,0.65,152,15500000,False,1.0,5000.0,300.0,500.0,600000000000.0,100000000000.0,,151
1,near_tick_before,thermal_loop,154,controller_tick,15300000,15.3,1,0,15300000,153,15300000,RUNNING,,0,0,62,1,0,reconstructed_from_retained_wire,True,,,317.79114877708616,301.12448352085954,293.1499988502317,0.5274980000000639,0.65,76499.99999999959,76499.9943335719,0.00014999991971399352,18825.42363472494,-6.2320850702235475e-09,0.00015,301.124,293.15,317.791,0.0,150000,1,153,15300000,15300000,15300000,0,301124,1,153,15300000,15300000,15300000,0,293150,1,153,15300000,15300000,15300000,0,317791,1,153,15300000,15300000,15300000,0,0,1,153,15300000,15300000,15300000,0,1.0,0.527498,0.65,1.0,0.527498,0.65,1.0,0.527498,0.65,153,15600000,False,1.0,5000.0,300.0,500.0,600000000000.0,100000000000.0,,152
1,near_tick_before,thermal_loop,155,controller_tick,15400000,15.4,1,0,15400000,154,15400000,RUNNING,,0,0,62,1,0,reconstructed_from_retained_wire,True,,,317.79114878131764,301.1244835251978,293.1499988485529,0.5274980000000578,0.65,76999.99999999959,76999.99427604135,0.00014999991971399176,18825.423634724502,-6.6631855588639155e-09,0.00015,301.124,293.15,317.791,0.0,150000,1,154,15400000,15400000,15400000,0,301124,1,154,15400000,15400000,15400000,0,293150,1,154,15400000,15400000,15400000,0,317791,1,154,15400000,15400000,15400000,0,0,1,154,15400000,15400000,15400000,0,1.0,0.527498,0.65,1.0,0.527498,0.65,1.0,0.527498,0.65,154,15700000,False,1.0,5000.0,300.0,500.0,600000000000.0,100000000000.0,,153
1,near_tick_before,thermal_loop,156,controller_tick,15500000,15.5,1,0,15500000,155,15500000,RUNNING,,0,0,62,1,0,reconstructed_from_retained_wire,True,,,317.7911487855494,301.12448352949093,293.14999884691065,0.5274980000000522,0.65,77499.99999999958,77499.99421842779,0.00014999991971399019,18825.42363472411,-5.757556209573522e-09,0.00015,301.124,293.15,317.791,0.0,150000,1,155,15500000,15500000,15500000,0,301124,1,155,15500000,15500000,15500000,0,293150,1,155,15500000,15500000,15500000,0,317791,1,155,15500000,15500000,15500000,0,0,1,155,15500000,15500000,15500000,0,1.0,0.527498,0.65,1.0,0.527498,0.65,1.0,0.527498,0.65,155,15800000,False,1.0,5000.0,300.0,500.0,600000000000.0,100000000000.0,,154
1,near_tick_before,thermal_loop,157,controller_tick,15600000,15.6,1,0,15600000,156,15600000,RUNNING,,0,0,62,1,0,reconstructed_from_retained_wire,True,,,317.7911487897813,301.1244835337397,293.14999884530437,0.5274980000000473,0.65,77999.99999999956,77999.99416073301,0.0001499999197139888,18825.423634723757,-4.85624696011655e-09,0.00015,301.124,293.15,317.791,0.0,150000,1,156,15600000,15600000,15600000,0,301124,1,156,15600000,15600000,15600000,0,293150,1,156,15600000,15600000,15600000,0,317791,1,156,15600000,15600000,15600000,0,0,1,156,15600000,15600000,15600000,0,1.0,0.527498,0.65,1.0,0.527498,0.65,1.0,0.527498,0.65,156,15900000,False,1.0,5000.0,300.0,500.0,600000000000.0,100000000000.0,,155
1,near_tick_before,thermal_loop,158,controller_tick,15700000,15.7,1,0,15700000,157,15700000,RUNNING,,0,0,62,1,0,reconstructed_from_retained_wire,True,,,317.79114879401317,301.1244835379449,293.14999884373344,0.5274980000000429,0.65,78499.99999999955,78499.99410295881,0.00014999991971398753,18825.42363472344,-4.01905708713457e-09,0.00015,301.124,293.15,317.791,0.0,150000,1,157,15700000,15700000,15700000,0,301124,1,157,15700000,15700000,15700000,0,293150,1,157,15700000,15700000,15700000,0,317791,1,157,15700000,15700000,15700000,0,0,1,157,15700000,15700000,15700000,0,1.0,0.527498,0.65,1.0,0.527498,0.65,1.0,0.527498,0.65,157,16000000,False,1.0,5000.0,300.0,500.0,600000000000.0,100000000000.0,,156
1,near_tick_before,thermal_loop,159,controller_tick,15800000,15.8,1,0,15800000,158,15800000,RUNNING,,0,0,62,1,0,reconstructed_from_retained_wire,True,,,317.7911487982449,301.1244835421072,293.14999884219736,0.5274980000000388,0.65,78999.99999999955,78999.99404510693,0.00014999991971398636,18825.42363472315,-4.4076386984670535e-09,0.00015,301.124,293.15,317.791,0.0,150000,1,158,15800000,15800000,15800000,0,301124,1,158,15800000,15800000,15800000,0,293150,1,158,15800000,15800000,15800000,0,317791,1,158,15800000,15800000,15800000,0,0,1,158,15800000,15800000,15800000,0,1.0,0.527498,0.65,1.0,0.527498,0.65,1.0,0.527498,0.65,158,16100000,False,1.0,5000.0,300.0,500.0,600000000000.0,100000000000.0,,157
1,near_tick_before,thermal_loop,160,controller_tick,15900000,15.9,1,0,15900000,159,15900000,RUNNING,,0,0,62,1,0,reconstructed_from_retained_wire,True,,,317.7911488024763,301.12448354622745,293.1499988406957,0.5274980000000351,0.65,79499.99999999953,79499.9939871791,0.00014999991971398533,18825.423634722887,-3.972445483668707e-09,0.00015,301.124,293.15,317.791,0.0,150000,1,159,15900000,15900000,15900000,0,301124,1,159,15900000,15900000,15900000,0,293150,1,159,15900000,15900000,15900000,0,317791,1,159,15900000,15900000,15900000,0,0,1,159,15900000,15900000,15900000,0,1.0,0.527498,0.65,1.0,0.527498,0.65,1.0,0.527498,0.65,159,16200000,False,1.0,5000.0,300.0,500.0,600000000000.0,100000000000.0,,158
1,near_tick_before,thermal_loop,161,controller_tick,16000000,16.0,1,0,16000000,160,16000000,RUNNING,,0,0,62,1,0,reconstructed_from_retained_wire,True,,,317.7911488067073,301.12448355030625,293.1499988392278,0.5274980000000318,0.65,79999.99999999953,79999.99392917706,0.00014999991971398439,18825.423634722647,-4.04861566494219e-09,0.00015,301.124,293.15,317.791,0.0,150000,1,160,16000000,16000000,16000000,0,301124,1,160,16000000,16000000,16000000,0,293150,1,160,16000000,16000000,16000000,0,317791,1,160,16000000,16000000,16000000,0,0,1,160,16000000,16000000,16000000,0,1.0,0.527498,0.65,1.0,0.527498,0.65,1.0,0.527498,0.65,160,16300000,False,1.0,5000.0,300.0,500.0,600000000000.0,100000000000.0,,159
1,near_tick_before,thermal_loop,162,controller_tick,16100000,16.1,1,0,16100000,161,16100000,RUNNING,,0,0,62,1,0,reconstructed_from_retained_wire,True,,,317.7911488109379,301.12448355434435,293.14999883779325,0.5274980000000287,0.65,80499.99999999955,80499.99387110246,0.00014999991971398352,18825.42363472243,-3.783270585699938e-09,0.00015,301.124,293.15,317.791,0.0,150000,1,161,16100000,16100000,16100000,0,301124,1,161,16100000,16100000,16100000,0,293150,1,161,16100000,16100000,16100000,0,317791,1,161,16100000,16100000,16100000,0,0,1,161,16100000,16100000,16100000,0,1.0,0.527498,0.65,1.0,0.527498,0.65,1.0,0.527498,0.65,161,16400000,False,1.0,5000.0,300.0,500.0,600000000000.0,100000000000.0,,160
1,near_tick_before,thermal_loop,163,controller_tick,16200000,16.2,1,0,16200000,162,16200000,RUNNING,,0,0,62,1,0,reconstructed_from_retained_wire,True,,,317.7911488151678,301.12448355834243,293.14999883639155,0.527498000000026,0.65,80999.99999999955,80999.99381295696,0.00014999991971398276,18825.423634722232,-3.762124833883718e-09,0.00015,301.124,293.15,317.791,0.0,150000,1,162,16200000,16200000,16200000,0,301124,1,162,16200000,16200000,16200000,0,293150,1,162,16200000,16200000,16200000,0,317791,1,162,16200000,16200000,16200000,0,0,1,162,16200000,16200000,16200000,0,1.0,0.527498,0.65,1.0,0.527498,0.65,1.0,0.527498,0.65,162,16500000,False,1.0,5000.0,300.0,500.0,600000000000.0,100000000000.0,,161
1,near_tick_before,thermal_loop,164,controller_tick,16300000,16.3,1,0,16300000,163,16300000,RUNNING,,0,0,62,1,0,reconstructed_from_retained_wire,True,,,317.7911488193969,301.1244835623012,293.1499988350222,0.5274980000000236,0.65,81499.99999999956,81499.99375474219,0.00014999991971398205,18825.42363472206,-4.248704499332234e-09,0.00015,301.124,293.15,317.791,0.0,150000,1,163,16300000,16300000,16300000,0,301124,1,163,16300000,16300000,16300000,0,293150,1,163,16300000,16300000,16300000,0,317791,1,163,16300000,16300000,16300000,0,0,1,163,16300000,16300000,16300000,0,1.0,0.527498,0.65,1.0,0.527498,0.65,1.0,0.527498,0.65,163,16600000,False,1.0,5000.0,300.0,500.0,600000000000.0,100000000000.0,,162
1,near_tick_before,thermal_loop,165,controller_tick,16400000,16.4,1,0,16400000,164,16400000,RUNNING,,0,0,62,1,0,reconstructed_from_retained_wire,True,,,317.7911488236252,301.1244835662213,293.14999883368466,0.5274980000000212,0.65,81999.99999999958,81999.99369645973,0.0001499999197139814,18825.42363472189,-4.3405634642113e-09,0.00015,301.124,293.15,317.791,0.0,150000,1,164,16400000,16400000,16400000,0,301124,1,164,16400000,16400000,16400000,0,293150,1,164,16400000,16400000,16400000,0,317791,1,164,16400000,16400000,16400000,0,0,1,164,16400000,16400000,16400000,0,1.0,0.527498,0.65,1.0,0.527498,0.65,1.0,0.527498,0.65,164,16700000,False,1.0,5000.0,300.0,500.0,600000000000.0,100000000000.0,,163
1,near_tick_before,thermal_loop,166,controller_tick,16500000,16.5,1,0,16500000,165,16500000,RUNNING,,0,0,62,1,0,reconstructed_from_retained_wire,True,,,317.79114882785245,301.1244835701034,293.14999883237857,0.5274980000000192,0.65,82499.99999999958,82499.99363811118,0.0001499999197139808,18825.423634721752,-3.997911335318349e-09,0.00015,301.124,293.15,317.791,0.0,150000,1,165,16500000,16500000,16500000,0,301124,1,165,16500000,16500000,16500000,0,293150,1,165,16500000,16500000,16500000,0,317791,1,165,16500000,16500000,16500000,0,0,1,165,16500000,16500000,16500000,0,1.0,0.527498,0.65,1.0,0.527498,0.65,1.0,0.527498,0.65,165,16800000,False,1.0,5000.0,300.0,500.0,600000000000.0,100000000000.0,,164
1,near_tick_before,thermal_loop,167,controller_tick,16600000,16.6,1,0,16600000,166,16600000,RUNNING,,0,0,62,1,0,reconstructed_from_retained_wire,True,,,317.7911488320786,301.1244835739481,293.1499988311034,0.5274980000000175,0.65,82999.99999999959,82999.9935796981,0.00014999991971398032,18825.423634721625,-4.478351911529899e-09,0.00015,301.124,293.15,317.791,0.0,150000,1,166,16600000,16600000,16600000,0,301124,1,166,16600000,16600000,16600000,0,293150,1,166,16600000,16600000,16600000,0,317791,1,166,16600000,16600000,16600000,0,0,1,166,16600000,16600000,16600000,0,1.0,0.527498,0.65,1.0,0.527498,0.65,1.0,0.527498,0.65,166,16900000,False,1.0,5000.0,300.0,500.0,600000000000.0,100000000000.0,,165
1,near_tick_before,thermal_loop,168,controller_tick,16700000,16.7,1,0,16700000,167,16700000,RUNNING,,0,0,62,1,0,reconstructed_from_retained_wire,True,,,317.7911488363036,301.1244835777561,293.14999882985865,0.5274980000000158,0.65,83499.99999999959,83499.99352122204,0.00014999991971397986,18825.423634721505,-4.9230948206968606e-09,0.00015,301.124,293.15,317.791,0.0,150000,1,167,16700000,16700000,16700000,0,301124,1,167,16700000,16700000,16700000,0,293150,1,167,16700000,16700000,16700000,0,317791,1,167,16700000,16700000,16700000,0,0,1,167,16700000,16700000,16700000,0,1.0,0.527498,0.65,1.0,0.527498,0.65,1.0,0.527498,0.65,167,17000000,False,1.0,5000.0,300.0,500.0,600000000000.0,100000000000.0,,166
1,near_tick_before,thermal_loop,169,controller_tick,16800000,16.8,1,0,16800000,168,16800000,RUNNING,,0,0,62,1,0,reconstructed_from_retained_wire,True,,,317.7911488405272,301.12448358152807,293.14999882864385,0.5274980000000143,0.65,83999.99999999959,83999.99346268449,0.00014999991971397943,18825.423634721403,-6.136133379186504e-09,0.00015,301.124,293.15,317.791,0.0,150000,1,168,16800000,16800000,16800000,0,301124,1,168,16800000,16800000,16800000,0,293150,1,168,16800000,16800000,16800000,0,317791,1,168,16800000,16800000,16800000,0,0,1,168,16800000,16800000,16800000,0,1.0,0.527498,0.65,1.0,0.527498,0.65,1.0,0.527498,0.65,168,17100000,False,1.0,5000.0,300.0,500.0,600000000000.0,100000000000.0,,167
1,near_tick_before,thermal_loop,170,controller_tick,16900000,16.9,1,0,16900000,169,16900000,RUNNING,,0,0,62,1,0,reconstructed_from_retained_wire,True,,,317.79114884474956,301.12448358526456,293.14999882745866,0.527498000000013,0.65,84499.99999999959,84499.99340408694,0.00014999991971397907,18825.423634721305,-5.574975148192607e-09,0.00015,301.124,293.15,317.791,0.0,150000,1,169,16900000,16900000,16900000,0,301124,1,169,16900000,16900000,16900000,0,293150,1,169,16900000,16900000,16900000,0,317791,1,169,16900000,16900000,16900000,0,0,1,169,16900000,16900000,16900000,0,1.0,0.527498,0.65,1.0,0.527498,0.65,1.0,0.527498,0.65,169,17200000,False,1.0,5000.0,300.0,500.0,600000000000.0,100000000000.0,,168
1,near_tick_before,thermal_loop,171,controller_tick,17000000,17.0,1,0,17000000,170,17000000,RUNNING,,0,0,62,1,0,reconstructed_from_retained_wire,True,,,317.7911488489703,301.1244835889661,293.1499988263026,0.5274980000000117,0.65,84999.99999999959,84999.99334543086,0.00014999991971397867,18825.423634721214,-6.750497050234117e-09,0.00015,301.124,293.15,317.791,0.0,150000,1,170,17000000,17000000,17000000,0,301124,1,170,17000000,17000000,17000000,0,293150,1,170,17000000,17000000,17000000,0,317791,1,170,17000000,17000000,17000000,0,0,1,170,17000000,17000000,17000000,0,1.0,0.527498,0.65,1.0,0.527498,0.65,1.0,0.527498,0.65,170,17300000,False,1.0,5000.0,300.0,500.0,600000000000.0,100000000000.0,,169
1,near_tick_before,thermal_loop,172,controller_tick,17100000,17.1,1,0,17100000,171,17100000,RUNNING,,0,0,62,1,0,reconstructed_from_retained_wire,True,,,317.79114885318944,301.1244835926334,293.14999882517515,0.5274980000000106,0.65,85499.99999999959,85499.9932867177,0.00014999991971397837,18825.423634721134,-7.74684849602636e-09,0.00015,301.124,293.15,317.791,0.0,150000,1,171,17100000,17100000,17100000,0,301124,1,171,17100000,17100000,17100000,0,293150,1,171,17100000,17100000,17100000,0,317791,1,171,17100000,17100000,17100000,0,0,1,171,17100000,17100000,17100000,0,1.0,0.527498,0.65,1.0,0.527498,0.65,1.0,0.527498,0.65,171,17400000,False,1.0,5000.0,300.0,500.0,600000000000.0,100000000000.0,,170
1,near_tick_before,thermal_loop,173,controller_tick,17200000,17.2,1,0,17200000,172,17200000,RUNNING,,0,0,62,1,0,reconstructed_from_retained_wire,True,,,317.79114885740694,301.12448359626705,293.149998824076,0.5274980000000096,0.65,85999.9999999996,85999.99322794886,0.00014999991971397807,18825.42363472106,-7.260268830577843e-09,0.00015,301.124,293.15,317.791,0.0,150000,1,172,17200000,17200000,17200000,0,301124,1,172,17200000,17200000,17200000,0,293150,1,172,17200000,17200000,17200000,0,317791,1,172,17200000,17200000,17200000,0,0,1,172,17200000,17200000,17200000,0,1.0,0.527498,0.65,1.0,0.527498,0.65,1.0,0.527498,0.65,172,17500000,False,1.0,5000.0,300.0,500.0,600000000000.0,100000000000.0,,171
1,near_tick_before,thermal_loop,174,controller_tick,17300000,17.3,1,0,17300000,173,17300000,RUNNING,,0,0,62,1,0,reconstructed_from_retained_wire,True,,,317.79114886162256,301.1244835998676,293.1499988230047,0.5274980000000087,0.65,86499.9999999996,86499.99316912578,0.00014999991971397783,18825.423634721003,-8.233200787799433e-09,0.00015,301.124,293.15,317.791,0.0,150000,1,173,17300000,17300000,17300000,0,301124,1,173,17300000,17300000,17300000,0,293150,1,173,17300000,17300000,17300000,0,317791,1,173,17300000,17300000,17300000,0,0,1,173,17300000,17300000,17300000,0,1.0,0.527498,0.65,1.0,0.527498,0.65,1.0,0.527498,0.65,173,17600000,False,1.0,5000.0,300.0,500.0,600000000000.0,100000000000.0,,172
1,near_tick_before,thermal_loop,175,controller_tick,17400000,17.4,1,0,17400000,174,17400000,RUNNING,,0,0,62,1,0,reconstructed_from_retained_wire,True,,,317.79114886583636,301.1244836034356,293.1499988219608,0.5274980000000079,0.65,86999.9999999996,86999.99311024982,0.0001499999197139776,18825.42363472094,-7.808012014720589e-09,0.00015,301.124,293.15,317.791,0.0,150000,1,174,17400000,17400000,17400000,0,301124,1,174,17400000,17400000,17400000,0,293150,1,174,17400000,17400000,17400000,0,317791,1,174,17400000,17400000,17400000,0,0,1,174,17400000,17400000,17400000,0,1.0,0.527498,0.65,1.0,0.527498,0.65,1.0,0.527498,0.65,174,17700000,False,1.0,5000.0,300.0,500.0,600000000000.0,100000000000.0,,173
1,near_tick_before,thermal_loop,176,controller_tick,17500000,17.5,1,0,17500000,175,17500000,RUNNING,,0,0,62,1,0,reconstructed_from_retained_wire,True,,,317.7911488700481,301.1244836069716,293.149998820944,0.5274980000000072,0.65,87499.9999999996,87499.99305132235,0.00014999991971397742,18825.423634720893,-7.60337570682168e-09,0.00015,301.124,293.15,317.791,0.0,150000,1,175,17500000,17500000,17500000,0,301124,1,175,17500000,17500000,17500000,0,293150,1,175,17500000,17500000,17500000,0,317791,1,175,17500000,17500000,17500000,0,0,1,175,17500000,17500000,17500000,0,1.0,0.527498,0.65,1.0,0.527498,0.65,1.0,0.527498,0.65,175,17800000,False,1.0,5000.0,300.0,500.0,600000000000.0,100000000000.0,,174
1,near_tick_before,thermal_loop,177,controller_tick,17600000,17.6,1,0,17600000,176,17600000,RUNNING,,0,0,62,1,0,reconstructed_from_retained_wire,True,,,317.7911488742579,301.1244836104761,293.1499988199538,0.5274980000000066,0.65,87999.9999999996,87999.99299234469,0.0001499999197139772,18825.42363472085,-7.152266334742308e-09,0.00015,301.124,293.15,317.791,0.0,150000,1,176,17600000,17600000,17600000,0,301124,1,176,17600000,17600000,17600000,0,293150,1,176,17600000,17600000,17600000,0,317791,1,176,17600000,17600000,17600000,0,0,1,176,17600000,17600000,17600000,0,1.0,0.527498,0.65,1.0,0.527498,0.65,1.0,0.527498,0.65,176,17900000,False,1.0,5000.0,300.0,500.0,600000000000.0,100000000000.0,,175
1,near_tick_before,thermal_loop,178,controller_tick,17700000,17.7,1,0,17700000,177,17700000,RUNNING,,0,0,62,1,0,reconstructed_from_retained_wire,True,,,317.7911488784655,301.12448361394974,293.1499988189898,0.5274980000000059,0.65,88499.9999999996,88499.99293331818,0.000149999919713977,18825.423634720803,-6.583604772458784e-09,0.00015,301.124,293.15,317.791,0.0,150000,1,177,17700000,17700000,17700000,0,301124,1,177,17700000,17700000,17700000,0,293150,1,177,17700000,17700000,17700000,0,317791,1,177,17700000,17700000,17700000,0,0,1,177,17700000,17700000,17700000,0,1.0,0.527498,0.65,1.0,0.527498,0.65,1.0,0.527498,0.65,177,18000000,False,1.0,5000.0,300.0,500.0,600000000000.0,100000000000.0,,176
1,near_tick_before,thermal_loop,179,controller_tick,17800000,17.8,1,0,17800000,178,17800000,RUNNING,,0,0,62,1,0,reconstructed_from_retained_wire,True,,,317.7911488826708,301.1244836173929,293.14999881805164,0.5274980000000054,0.65,88999.9999999996,88999.99287424413,0.00014999991971397688,18825.423634720762,-6.6750089899869636e-09,0.00015,301.124,293.15,317.791,0.0,150000,1,178,17800000,17800000,17800000,0,301124,1,178,17800000,17800000,17800000,0,293150,1,178,17800000,17800000,17800000,0,317791,1,178,17800000,17800000,17800000,0,0,1,178,17800000,17800000,17800000,0,1.0,0.527498,0.65,1.0,0.527498,0.65,1.0,0.527498,0.65,178,18100000,False,1.0,5000.0,300.0,500.0,600000000000.0,100000000000.0,,177
1,near_tick_before,thermal_loop,180,controller_tick,17900000,17.9,1,0,17900000,179,17900000,RUNNING,,0,0,62,1,0,reconstructed_from_retained_wire,True,,,317.7911488868738,301.12448362080625,293.1499988171389,0.5274980000000048,0.65,89499.9999999996,89499.99281512378,0.00014999991971397671,18825.423634720726,-7.2186594479717314e-09,0.00015,301.124,293.15,317.791,0.0,150000,1,179,17900000,17900000,17900000,0,301124,1,179,17900000,17900000,17900000,0,293150,1,179,17900000,17900000,17900000,0,317791,1,179,17900000,17900000,17900000,0,0,1,179,17900000,17900000,17900000,0,1.0,0.527498,0.65,1.0,0.527498,0.65,1.0,0.527498,0.65,179,18200000,False,1.0,5000.0,300.0,500.0,600000000000.0,100000000000.0,,178
1,near_tick_before,thermal_loop,181,controller_tick,18000000,18.0,1,0,18000000,180,18000000,RUNNING,,0,0,62,1,0,reconstructed_from_retained_wire,True,,,317.7911488910744,301.12448362419025,293.1499988162513,0.5274980000000044,0.65,89999.9999999996,89999.99275595843,0.00014999991971397658,18825.42363472069,-7.358039511018433e-09,0.00015,301.124,293.15,317.791,0.0,150000,1,180,18000000,18000000,18000000,0,301124,1,180,18000000,18000000,18000000,0,293150,1,180,18000000,18000000,18000000,0,317791,1,180,18000000,18000000,18000000,0,0,1,180,18000000,18000000,18000000,0,1.0,0.527498,0.65,1.0,0.527498,0.65,1.0,0.527498,0.65,180,18300000,False,1.0,5000.0,300.0,500.0,600000000000.0,100000000000.0,,179
1,near_tick_before,thermal_loop,182,controller_tick,18100000,18.1,1,0,18100000,181,18100000,RUNNING,,0,0,62,1,0,reconstructed_from_retained_wire,True,,,317.79114889527244,301.1244836275454,293.1499988153884,0.5274980000000039,0.65,90499.9999999996,90499.99269674932,0.00014999991971397647,18825.423634720653,-7.598146112286486e-09,0.00015,301.124,293.15,317.791,0.0,150000,1,181,18100000,18100000,18100000,0,301124,1,181,18100000,18100000,18100000,0,293150,1,181,18100000,18100000,18100000,0,317791,1,181,18100000,18100000,18100000,0,0,1,181,18100000,18100000,18100000,0,1.0,0.527498,0.65,1.0,0.527498,0.65,1.0,0.527498,0.65,181,18400000,False,1.0,5000.0,300.0,500.0,600000000000.0,100000000000.0,,180
1,near_tick_before,thermal_loop,183,controller_tick,18200000,18.2,1,0,18200000,182,18200000,RUNNING,,0,0,62,1,0,reconstructed_from_retained_wire,True,,,317.791148899468,301.12448363087213,293.14999881454986,0.5274980000000035,0.65,90999.9999999996,90999.99263749768,0.00014999991971397636,18825.423634720624,-7.4294348451076075e-09,0.00015,301.124,293.15,317.791,0.0,150000,1,182,18200000,18200000,18200000,0,301124,1,182,18200000,18200000,18200000,0,293150,1,182,18200000,18200000,18200000,0,317791,1,182,18200000,18200000,18200000,0,0,1,182,18200000,18200000,18200000,0,1.0,0.527498,0.65,1.0,0.527498,0.65,1.0,0.527498,0.65,182,18500000,False,1.0,5000.0,300.0,500.0,600000000000.0,100000000000.0,,181
1,near_tick_before,thermal_loop,184,controller_tick,18300000,18.3,1,0,18300000,183,18300000,RUNNING,,0,0,62,1,0,reconstructed_from_retained_wire,True,,,317.7911489036608,301.12448363417104,293.1499988137353,0.5274980000000031,0.65,91499.99999999962,91499.99257820472,0.00014999991971397625,18825.423634720602,-7.91783349995967e-09,0.00015,301.124,293.15,317.791,0.0,150000,1,183,18300000,18300000,18300000,0,301124,1,183,18300000,18300000,18300000,0,293150,1,183,18300000,18300000,18300000,0,317791,1,183,18300000,18300000,18300000,0,0,1,183,18300000,18300000,18300000,0,1.0,0.527498,0.65,1.0,0.527498,0.65,1.0,0.527498,0.65,183,18600000,False,1.0,5000.0,300.0,500.0,600000000000.0,100000000000.0,,182
1,near_tick_before,thermal_loop,185,controller_tick,18400000,18.4,1,0,18400000,184,18400000,RUNNING,,0,0,62,1,0,reconstructed_from_retained_wire,True,,,317.791148907851,301.1244836374425,293.14999881294443,0.5274980000000029,0.65,91999.99999999962,91999.99251887163,0.00014999991971397617,18825.423634720588,-7.524704415118322e-09,0.00015,301.124,293.15,317.791,0.0,150000,1,184,18400000,18400000,18400000,0,301124,1,184,18400000,18400000,18400000,0,293150,1,184,18400000,18400000,18400000,0,317791,1,184,18400000,18400000,18400000,0,0,1,184,18400000,18400000,18400000,0,1.0,0.527498,0.65,1.0,0.527498,0.65,1.0,0.527498,0.65,184,18700000,False,1.0,5000.0,300.0,500.0,600000000000.0,100000000000.0,,183
1,near_tick_before,thermal_loop,186,controller_tick,18500000,18.5,1,0,18500000,185,18500000,RUNNING,,0,0,62,1,0,reconstructed_from_retained_wire,True,,,317.79114891203835,301.124483640687,293.1499988121768,0.5274980000000027,0.65,92499.99999999964,92499.99245949957,0.00014999991971397615,18825.423634720566,-7.677499525016174e-09,0.00015,301.124,293.15,317.791,0.0,150000,1,185,18500000,18500000,18500000,0,301124,1,185,18500000,18500000,18500000,0,293150,1,185,18500000,18500000,18500000,0,317791,1,185,18500000,18500000,18500000,0,0,1,185,18500000,18500000,18500000,0,1.0,0.527498,0.65,1.0,0.527498,0.65,1.0,0.527498,0.65,185,18800000,False,1.0,5000.0,300.0,500.0,600000000000.0,100000000000.0,,184
1,near_tick_before,thermal_loop,187,controller_tick,18600000,18.6,1,0,18600000,186,18600000,RUNNING,,0,0,62,1,0,reconstructed_from_retained_wire,True,,,317.7911489162228,301.1244836439051,293.1499988114321,0.5274980000000025,0.65,92999.99999999964,92999.9924000897,0.00014999991971397606,18825.42363472055,-8.319830158143304e-09,0.00015,301.124,293.15,317.791,0.0,150000,1,186,18600000,18600000,18600000,0,301124,1,186,18600000,18600000,18600000,0,293150,1,186,18600000,18600000,18600000,0,317791,1,186,18600000,18600000,18600000,0,0,1,186,18600000,18600000,18600000,0,1.0,0.527498,0.65,1.0,0.527498,0.65,1.0,0.527498,0.65,186,18900000,False,1.0,5000.0,300.0,500.0,600000000000.0,100000000000.0,,185
1,near_tick_before,thermal_loop,188,controller_tick,18700000,18.7,1,0,18700000,187,18700000,RUNNING,,0,0,62,1,0,reconstructed_from_retained_wire,True,,,317.79114892040445,301.1244836470971,293.14999881071003,0.5274980000000022,0.65,93499.99999999964,93499.99234064318,0.00014999991971397598,18825.42363472054,-7.985818228917196e-09,0.00015,301.124,293.15,317.791,0.0,150000,1,187,18700000,18700000,18700000,0,301124,1,187,18700000,18700000,18700000,0,293150,1,187,18700000,18700000,18700000,0,317791,1,187,18700000,18700000,18700000,0,0,1,187,18700000,18700000,18700000,0,1.0,0.527498,0.65,1.0,0.527498,0.65,1.0,0.527498,0.65,187,19000000,False,1.0,5000.0,300.0,500.0,600000000000.0,100000000000.0,,186
1,near_tick_before,thermal_loop,189,controller_tick,18800000,18.8,1,0,18800000,188,18800000,RUNNING,,0,0,62,1,0,reconstructed_from_retained_wire,True,,,317.791148924583,301.1244836502636,293.14999881001023,0.527498000000002,0.65,93999.99999999964,93999.99228116109,0.00014999991971397593,18825.423634720522,-8.333017831319012e-09,0.00015,301.124,293.15,317.791,0.0,150000,1,188,18800000,18800000,18800000,0,301124,1,188,18800000,18800000,18800000,0,293150,1,188,18800000,18800000,18800000,0,317791,1,188,18800000,18800000,18800000,0,0,1,188,18800000,18800000,18800000,0,1.0,0.527498,0.65,1.0,0.527498,0.65,1.0,0.527498,0.65,188,19100000,False,1.0,5000.0,300.0,500.0,600000000000.0,100000000000.0,,187
1,near_tick_before,thermal_loop,190,controller_tick,18900000,18.9,1,0,18900000,189,18900000,RUNNING,,0,0,62,1,0,reconstructed_from_retained_wire,True,,,317.7911489287585,301.12448365340487,293.1499988093324,0.5274980000000018,0.65,94499.99999999965,94499.99222164458,0.00014999991971397585,18825.423634720508,-9.176801540888846e-09,0.00015,301.124,293.15,317.791,0.0,150000,1,189,18900000,18900000,18900000,0,301124,1,189,18900000,18900000,18900000,0,293150,1,189,18900000,18900000,18900000,0,317791,1,189,18900000,18900000,18900000,0,0,1,189,18900000,18900000,18900000,0,1.0,0.527498,0.65,1.0,0.527498,0.65,1.0,0.527498,0.65,189,19200000,False,1.0,5000.0,300.0,500.0,600000000000.0,100000000000.0,,188
1,near_tick_before,thermal_loop,191,controller_tick,19000000,19.0,1,0,19000000,190,19000000,RUNNING,,0,0,62,1,0,reconstructed_from_retained_wire,True,,,317.79114893293087,301.1244836565215,293.1499988086762,0.5274980000000016,0.65,94999.99999999965,94999.99216209471,0.00014999991971397582,18825.423634720486,-9.2959453468211e-09,0.00015,301.124,293.15,317.791,0.0,150000,1,190,19000000,19000000,19000000,0,301124,1,190,19000000,19000000,19000000,0,293150,1,190,19000000,19000000,19000000,0,317791,1,190,19000000,19000000,19000000,0,0,1,190,19000000,19000000,19000000,0,1.0,0.527498,0.65,1.0,0.527498,0.65,1.0,0.527498,0.65,190,19300000,False,1.0,5000.0,300.0,500.0,600000000000.0,100000000000.0,,189
1,near_tick_before,thermal_loop,192,controller_tick,19100000,19.1,1,0,19100000,191,19100000,RUNNING,,0,0,62,1,0,reconstructed_from_retained_wire,True,,,317.79114893710005,301.12448365961376,293.14999880804135,0.5274980000000015,0.65,95499.99999999965,95499.99210251257,0.00014999991971397577,18825.423634720486,-8.894858183339238e-09,0.00015,301.124,293.15,317.791,0.0,150000,1,191,19100000,19100000,19100000,0,301124,1,191,19100000,19100000,19100000,0,293150,1,191,19100000,19100000,19100000,0,317791,1,191,19100000,19100000,19100000,0,0,1,191,19100000,19100000,19100000,0,1.0,0.527498,0.65,1.0,0.527498,0.65,1.0,0.527498,0.65,191,19400000,False,1.0,5000.0,300.0,500.0,600000000000.0,100000000000.0,,190
1,near_tick_before,thermal_loop,193,controller_tick,19200000,19.2,1,0,19200000,192,19200000,RUNNING,,0,0,62,1,0,reconstructed_from_retained_wire,True,,,317.791148941266,301.12448366268217,293.1499988074275,0.5274980000000014,0.65,95999.99999999967,95999.9920428992,0.00014999991971397574,18825.423634720475,-8.682263796799816e-09,0.00015,301.124,293.15,317.791,0.0,150000,1,192,19200000,19200000,19200000,0,301124,1,192,19200000,19200000,19200000,0,293150,1,192,19200000,19200000,19200000,0,317791,1,192,19200000,19200000,19200000,0,0,1,192,19200000,19200000,19200000,0,1.0,0.527498,0.65,1.0,0.527498,0.65,1.0,0.527498,0.65,192,19500000,False,1.0,5000.0,300.0,500.0,600000000000.0,100000000000.0,,191
1,near_tick_before,thermal_loop,194,controller_tick,19300000,19.3,1,0,19300000,193,19300000,RUNNING,,0,0,62,1,0,reconstructed_from_retained_wire,True,,,317.7911489454286,301.1244836657271,293.14999880683433,0.5274980000000012,0.65,96499.99999999968,96499.99198325566,0.0001499999197139757,18825.423634720468,-8.984898158814758e-09,0.00015,301.124,293.15,317.791,0.0,150000,1,193,19300000,19300000,19300000,0,301124,1,193,19300000,19300000,19300000,0,293150,1,193,19300000,19300000,19300000,0,317791,1,193,19300000,19300000,19300000,0,0,1,193,19300000,19300000,19300000,0,1.0,0.527498,0.65,1.0,0.527498,0.65,1.0,0.527498,0.65,193,19600000,False,1.0,5000.0,300.0,500.0,600000000000.0,100000000000.0,,192
1,near_tick_before,thermal_loop,195,controller_tick,19400000,19.4,1,0,19400000,194,19400000,RUNNING,,0,0,62,1,0,reconstructed_from_retained_wire,True,,,317.79114894958775,301.12448366874895,293.1499988062616,0.5274980000000011,0.65,96999.99999999968,96999.99192358299,0.00014999991971397566,18825.423634720464,-9.546511137159541e-09,0.00015,301.124,293.15,317.791,0.0,150000,1,194,19400000,19400000,19400000,0,301124,1,194,19400000,19400000,19400000,0,293150,1,194,19400000,19400000,19400000,0,317791,1,194,19400000,19400000,19400000,0,0,1,194,19400000,19400000,19400000,0,1.0,0.527498,0.65,1.0,0.527498,0.65,1.0,0.527498,0.65,194,19700000,False,1.0,5000.0,300.0,500.0,600000000000.0,100000000000.0,,193
1,near_tick_before,thermal_loop,196,controller_tick,19500000,19.5,1,0,19500000,195,19500000,RUNNING,,0,0,62,1,0,reconstructed_from_retained_wire,True,,,317.7911489537435,301.1244836717481,293.14999880570895,0.5274980000000011,0.65,97499.99999999968,97499.99186388217,0.00014999991971397566,18825.423634720464,-9.629729902371764e-09,0.00015,301.124,293.15,317.791,0.0,150000,1,195,19500000,19500000,19500000,0,301124,1,195,19500000,19500000,19500000,0,293150,1,195,19500000,19500000,19500000,0,317791,1,195,19500000,19500000,19500000,0,0,1,195,19500000,19500000,19500000,0,1.0,0.527498,0.65,1.0,0.527498,0.65,1.0,0.527498,0.65,195,19800000,False,1.0,5000.0,300.0,500.0,600000000000.0,100000000000.0,,194
1,near_tick_before,thermal_loop,197,controller_tick,19600000,19.6,1,0,19600000,196,19600000,RUNNING,,0,0,62,1,0,reconstructed_from_retained_wire,True,,,317.79114895789576,301.12448367472496,293.14999880517615,0.5274980000000011,0.65,97999.99999999968,97999.99180415423,0.00014999991971397566,18825.423634720464,-1.006560523819644e-08,0.00015,301.124,293.15,317.791,0.0,150000,1,196,19600000,19600000,19600000,0,301124,1,196,19600000,19600000,19600000,0,293150,1,196,19600000,19600000,19600000,0,317791,1,196,19600000,19600000,19600000,0,0,1,196,19600000,19600000,19600000,0,1.0,0.527498,0.65,1.0,0.527498,0.65,1.0,0.527498,0.65,196,19900000,False,1.0,5000.0,300.0,500.0,600000000000.0,100000000000.0,,195
1,near_tick_before,thermal_loop,198,controller_tick,19700000,19.7,1,0,19700000,197,19700000,RUNNING,,0,0,62,1,0,reconstructed_from_retained_wire,True,,,317.7911489620445,301.1244836776799,293.1499988046629,0.5274980000000011,0.65,98499.9999999997,98499.99174440013,0.00014999991971397566,18825.423634720464,-9.656105248723179e-09,0.00015,301.124,293.15,317.791,0.0,150000,1,197,19700000,19700000,19700000,0,301124,1,197,19700000,19700000,19700000,0,293150,1,197,19700000,19700000,19700000,0,317791,1,197,19700000,19700000,19700000,0,0,1,197,19700000,19700000,19700000,0,1.0,0.527498,0.65,1.0,0.527498,0.65,1.0,0.527498,0.65,197,20000000,False,1.0,5000.0,300.0,500.0,600000000000.0,100000000000.0,,196
1,near_tick_before,thermal_loop,199,controller_tick,19800000,19.8,1,0,19800000,198,19800000,RUNNING,,0,0,62,1,0,reconstructed_from_retained_wire,True,,,317.79114896618955,301.1244836806133,293.1499988041689,0.5274980000000011,0.65,98999.9999999997,98999.99168462085,0.00014999991971397566,18825.423634720464,-9.97420102066826e-09,0.00015,301.124,293.15,317.791,0.0,150000,1,198,19800000,19800000,19800000,0,301124,1,198,19800000,19800000,19800000,0,293150,1,198,19800000,19800000,19800000,0,317791,1,198,19800000,19800000,19800000,0,0,1,198,19800000,19800000,19800000,0,1.0,0.527498,0.65,1.0,0.527498,0.65,1.0,0.527498,0.65,198,20100000,False,1.0,5000.0,300.0,500.0,600000000000.0,100000000000.0,,197
1,near_tick_before,thermal_loop,200,controller_tick,19900000,19.9,1,0,19900000,199,19900000,RUNNING,,0,0,62,1,0,reconstructed_from_retained_wire,True,,,317.791148970331,301.12448368352557,293.1499988036938,0.5274980000000011,0.65,99499.9999999997,99499.99162481734,0.00014999991971397566,18825.423634720464,-1.0311623555026017e-08,0.00015,301.124,293.15,317.791,0.0,150000,1,199,19900000,19900000,19900000,0,301124,1,199,19900000,19900000,19900000,0,293150,1,199,19900000,19900000,19900000,0,317791,1,199,19900000,19900000,19900000,0,0,1,199,19900000,19900000,19900000,0,1.0,0.527498,0.65,1.0,0.527498,0.65,1.0,0.527498,0.65,199,20200000,False,1.0,5000.0,300.0,500.0,600000000000.0,100000000000.0,,198
1,near_tick_before,thermal_loop,201,controller_tick,20000000,20.0,1,0,20000000,200,20000000,RUNNING,,0,0,62,1,0,reconstructed_from_retained_wire,True,,,317.79114897446874,301.124483686417,293.1499988032374,0.5274980000000011,0.65,99999.99999999971,99999.99156499055,0.00014999991971397566,18825.423634720464,-1.030548446578905e-08,0.00015,301.124,293.15,317.791,0.0,150000,1,200,20000000,20000000,20000000,0,301124,1,200,20000000,20000000,20000000,0,293150,1,200,20000000,20000000,20000000,0,317791,1,200,20000000,20000000,20000000,0,0,1,200,20000000,20000000,20000000,0,1.0,0.527498,0.65,1.0,0.527498,0.65,1.0,0.527498,0.65,200,20300000,False,1.0,5000.0,300.0,500.0,600000000000.0,100000000000.0,,199
1,near_tick_before,thermal_loop,202,controller_tick,20100000,20.1,1,0,20100000,201,20100000,RUNNING,,0,0,62,1,0,reconstructed_from_retained_wire,True,,,317.7911489786027,301.124483689288,293.1499988027994,0.5274980000000011,0.65,100499.99999999972,100499.9915051414,0.00014999991971397566,18825.423634720464,-1.0859594112844206e-08,0.00015,301.124,293.15,317.791,0.0,150000,1,201,20100000,20100000,20100000,0,301124,1,201,20100000,20100000,20100000,0,293150,1,201,20100000,20100000,20100000,0,317791,1,201,20100000,20100000,20100000,0,0,1,201,20100000,20100000,20100000,0,1.0,0.527498,0.65,1.0,0.527498,0.65,1.0,0.527498,0.65,201,20400000,False,1.0,5000.0,300.0,500.0,600000000000.0,100000000000.0,,200
1,near_tick_before,thermal_loop,203,controller_tick,20200000,20.2,1,0,20200000,202,20200000,RUNNING,,0,0,62,1,0,reconstructed_from_retained_wire,True,,,317.79114898273286,301.1244836921389,293.1499988023796,0.5274980000000011,0.65,100999.99999999972,100999.9914452708,0.00014999991971397566,18825.423634720464,-1.0488747648196295e-08,0.00015,301.124,293.15,317.791,0.0,150000,1,202,20200000,20200000,20200000,0,301124,1,202,20200000,20200000,20200000,0,293150,1,202,20200000,20200000,20200000,0,317791,1,202,20200000,20200000,20200000,0,0,1,202,20200000,20200000,20200000,0,1.0,0.527498,0.65,1.0,0.527498,0.65,1.0,0.527498,0.65,202,20500000,False,1.0,5000.0,300.0,500.0,600000000000.0,100000000000.0,,201
1,near_tick_before,thermal_loop,204,controller_tick,20300000,20.3,1,0,20300000,203,20300000,RUNNING,,0,0,62,1,0,reconstructed_from_retained_wire,True,,,317.7911489868591,301.12448369496997,293.14999880197774,0.5274980000000011,0.65,101499.99999999972,101499.99138537968,0.00014999991971397566,18825.423634720464,-1.0708845366025344e-08,0.00015,301.124,293.15,317.791,0.0,150000,1,203,20300000,20300000,20300000,0,301124,1,203,20300000,20300000,20300000,0,293150,1,203,20300000,20300000,20300000,0,317791,1,203,20300000,20300000,20300000,0,0,1,203,20300000,20300000,20300000,0,1.0,0.527498,0.65,1.0,0.527498,0.65,1.0,0.527498,0.65,203,20600000,False,1.0,5000.0,300.0,500.0,600000000000.0,100000000000.0,,202
1,near_tick_before,thermal_loop,205,controller_tick,20400000,20.4,1,0,20400000,204,20400000,RUNNING,,0,0,62,1,0,reconstructed_from_retained_wire,True,,,317.79114899098147,301.1244836977816,293.1499988015935,0.5274980000000011,0.65,101999.99999999972,101999.99132546889,0.00014999991971397566,18825.423634720464,-1.1359588825143874e-08,0.00015,301.124,293.15,317.791,0.0,150000,1,204,20400000,20400000,20400000,0,301124,1,204,20400000,20400000,20400000,0,293150,1,204,20400000,20400000,20400000,0,317791,1,204,20400000,20400000,20400000,0,0,1,204,20400000,20400000,20400000,0,1.0,0.527498,0.65,1.0,0.527498,0.65,1.0,0.527498,0.65,204,20700000,False,1.0,5000.0,300.0,500.0,600000000000.0,100000000000.0,,203
1,near_tick_before,thermal_loop,206,controller_tick,20500000,20.5,1,0,20500000,205,20500000,RUNNING,,0,0,62,1,0,reconstructed_from_retained_wire,True,,,317.7911489950999,301.12448370057416,293.1499988012266,0.5274980000000011,0.65,102499.99999999972,102499.99126553933,0.00014999991971397566,18825.423634720464,-1.1553311196621507e-08,0.00015,301.124,293.15,317.791,0.0,150000,1,205,20500000,20500000,20500000,0,301124,1,205,20500000,20500000,20500000,0,293150,1,205,20500000,20500000,20500000,0,317791,1,205,20500000,20500000,20500000,0,0,1,205,20500000,20500000,20500000,0,1.0,0.527498,0.65,1.0,0.527498,0.65,1.0,0.527498,0.65,205,20800000,False,1.0,5000.0,300.0,500.0,600000000000.0,100000000000.0,,204
1,near_tick_before,thermal_loop,207,controller_tick,20600000,20.6,1,0,20600000,206,20600000,RUNNING,,0,0,62,1,0,reconstructed_from_retained_wire,True,,,317.79114899921433,301.1244837033479,293.1499988008769,0.5274980000000011,0.65,102999.99999999972,102999.99120559185,0.00014999991971397566,18825.423634720464,-1.1475094652269036e-08,0.00015,301.124,293.15,317.791,0.0,150000,1,206,20600000,20600000,20600000,0,301124,1,206,20600000,20600000,20600000,0,293150,1,206,20600000,20600000,20600000,0,317791,1,206,20600000,20600000,20600000,0,0,1,206,20600000,20600000,20600000,0,1.0,0.527498,0.65,1.0,0.527498,0.65,1.0,0.527498,0.65,206,20900000,False,1.0,5000.0,300.0,500.0,600000000000.0,100000000000.0,,205
1,near_tick_before,thermal_loop,208,controller_tick,20700000,20.7,1,0,20700000,207,20700000,RUNNING,,0,0,62,1,0,reconstructed_from_retained_wire,True,,,317.7911490033247,301.12448370610315,293.1499988005441,0.5274980000000011,0.65,103499.99999999974,103499.99114562731,0.00014999991971397566,18825.423634720464,-1.214516487380024e-08,0.00015,301.124,293.15,317.791,0.0,150000,1,207,20700000,20700000,20700000,0,301124,1,207,20700000,20700000,20700000,0,293150,1,207,20700000,20700000,20700000,0,317791,1,207,20700000,20700000,20700000,0,0,1,207,20700000,20700000,20700000,0,1.0,0.527498,0.65,1.0,0.527498,0.65,1.0,0.527498,0.65,207,21000000,False,1.0,5000.0,300.0,500.0,600000000000.0,100000000000.0,,206
1,near_tick_before,thermal_loop,209,controller_tick,20800000,20.8,1,0,20800000,208,20800000,RUNNING,,0,0,62,1,0,reconstructed_from_retained_wire,True,,,317.79114900743093,301.12448370884033,293.1499988002279,0.5274980000000011,0.65,103999.99999999975,103999.99108564656,0.00014999991971397566,18825.423634720464,-1.2928012438351288e-08,0.00015,301.124,293.15,317.791,0.0,150000,1,208,20800000,20800000,20800000,0,301124,1,208,20800000,20800000,20800000,0,293150,1,208,20800000,20800000,20800000,0,317791,1,208,20800000,20800000,20800000,0,0,1,208,20800000,20800000,20800000,0,1.0,0.527498,0.65,1.0,0.527498,0.65,1.0,0.527498,0.65,208,21100000,False,1.0,5000.0,300.0,500.0,600000000000.0,100000000000.0,,207
1,near_tick_before,thermal_loop,210,controller_tick,20900000,20.9,1,0,20900000,209,20900000,RUNNING,,0,0,62,1,0,reconstructed_from_retained_wire,True,,,317.7911490115331,301.12448371155966,293.14999879992814,0.5274980000000011,0.65,104499.99999999975,104499.9910256504,0.00014999991971397566,18825.423634720464,-1.253351911145728e-08,0.00015,301.124,293.15,317.791,0.0,150000,1,209,20900000,20900000,20900000,0,301124,1,209,20900000,20900000,20900000,0,293150,1,209,20900000,20900000,20900000,0,317791,1,209,20900000,20900000,20900000,0,0,1,209,20900000,20900000,20900000,0,1.0,0.527498,0.65,1.0,0.527498,0.65,1.0,0.527498,0.65,209,21200000,False,1.0,5000.0,300.0,500.0,600000000000.0,100000000000.0,,208
1,near_tick_before,thermal_loop,211,controller_tick,21000000,21.0,1,0,21000000,210,21000000,RUNNING,,0,0,62,1,0,reconstructed_from_retained_wire,True,,,317.79114901563105,301.1244837142615,293.14999879964455,0.5274980000000011,0.65,104999.99999999975,104999.99096563966,0.00014999991971397566,18825.423634720464,-1.2694727047346532e-08,0.00015,301.124,293.15,317.791,0.0,150000,1,210,21000000,21000000,21000000,0,301124,1,210,21000000,21000000,21000000,0,293150,1,210,21000000,21000000,21000000,0,317791,1,210,21000000,21000000,21000000,0,0,1,210,21000000,21000000,21000000,0,1.0,0.527498,0.65,1.0,0.527498,0.65,1.0,0.527498,0.65,210,21300000,False,1.0,5000.0,300.0,500.0,600000000000.0,100000000000.0,,209
1,near_tick_before,thermal_loop,212,controller_tick,21100000,21.1,1,0,21100000,211,21100000,RUNNING,,0,0,62,1,0,reconstructed_from_retained_wire,True,,,317.7911490197248,301.12448371694614,293.14999879937693,0.5274980000000011,0.65,105499.99999999977,105499.99090561514,0.00014999991971397566,18825.423634720464,-1.1942120181629434e-08,0.00015,301.124,293.15,317.791,0.0,150000,1,211,21100000,21100000,21100000,0,301124,1,211,21100000,21100000,21100000,0,293150,1,211,21100000,21100000,21100000,0,317791,1,211,21100000,21100000,21100000,0,0,1,211,21100000,21100000,21100000,0,1.0,0.527498,0.65,1.0,0.527498,0.65,1.0,0.527498,0.65,211,21400000,False,1.0,5000.0,300.0,500.0,600000000000.0,100000000000.0,,210
1,near_tick_before,thermal_loop,213,controller_tick,21200000,21.2,1,0,21200000,212,21200000,RUNNING,,0,0,62,1,0,reconstructed_from_retained_wire,True,,,317.79114902381434,301.1244837196138,293.149998799125,0.5274980000000011,0.65,105999.99999999977,105999.99084557763,0.00014999991971397566,18825.423634720464,-1.1570136848604307e-08,0.00015,301.124,293.15,317.791,0.0,150000,1,212,21200000,21200000,21200000,0,301124,1,212,21200000,21200000,21200000,0,293150,1,212,21200000,21200000,21200000,0,317791,1,212,21200000,21200000,21200000,0,0,1,212,21200000,21200000,21200000,0,1.0,0.527498,0.65,1.0,0.527498,0.65,1.0,0.527498,0.65,212,21500000,False,1.0,5000.0,300.0,500.0,600000000000.0,100000000000.0,,211
1,near_tick_before,thermal_loop,214,controller_tick,21300000,21.3,1,0,21300000,213,21300000,RUNNING,,0,0,62,1,0,reconstructed_from_retained_wire,True,,,317.79114902789956,301.1244837222648,293.14999879888853,0.5274980000000011,0.65,106499.99999999977,106499.99078552792,0.00014999991971397566,18825.423634720464,-1.1958945833612233e-08,0.00015,301.124,293.15,317.791,0.0,150000,1,213,21300000,21300000,21300000,0,301124,1,213,21300000,21300000,21300000,0,293150,1,213,21300000,21300000,21300000,0,317791,1,213,21300000,21300000,21300000,0,0,1,213,21300000,21300000,21300000,0,1.0,0.527498,0.65,1.0,0.527498,0.65,1.0,0.527498,0.65,213,21600000,False,1.0,5000.0,300.0,500.0,600000000000.0,100000000000.0,,212
1,near_tick_before,thermal_loop,215,controller_tick,21400000,21.4,1,0,21400000,214,21400000,RUNNING,,0,0,62,1,0,reconstructed_from_retained_wire,True,,,317.79114903198047,301.12448372489945,293.1499987986673,0.5274980000000011,0.65,106999.99999999978,106999.99072546676,0.00014999991971397566,18825.423634720464,-1.2827058526454493e-08,0.00015,301.124,293.15,317.791,0.0,150000,1,214,21400000,21400000,21400000,0,301124,1,214,21400000,21400000,21400000,0,293150,1,214,21400000,21400000,21400000,0,317791,1,214,21400000,21400000,21400000,0,0,1,214,21400000,21400000,21400000,0,1.0,0.527498,0.65,1.0,0.527498,0.65,1.0,0.527498,0.65,214,21700000,False,1.0,5000.0,300.0,500.0,600000000000.0,100000000000.0,,213
1,near_tick_before,thermal_loop,216,controller_tick,21500000,21.5,1,0,21500000,215,21500000,RUNNING,,0,0,62,1,0,reconstructed_from_retained_wire,True,,,317.79114903605705,301.12448372751794,293.1499987984612,0.5274980000000011,0.65,107499.99999999978,107499.99066539491,0.00014999991971397566,18825.423634720464,-1.2928012438351288e-08,0.00015,301.124,293.15,317.791,0.0,150000,1,215,21500000,21500000,21500000,0,301124,1,215,21500000,21500000,21500000,0,293150,1,215,21500000,21500000,21500000,0,317791,1,215,21500000,21500000,21500000,0,0,1,215,21500000,21500000,21500000,0,1.0,0.527498,0.65,1.0,0.527498,0.65,1.0,0.527498,0.65,215,21800000,False,1.0,5000.0,300.0,500.0,600000000000.0,100000000000.0,,214
1,near_tick_before,thermal_loop,217,controller_tick,21600000,21.6,1,0,21600000,216,21600000,RUNNING,,0,0,62,1,0,reconstructed_from_retained_wire,True,,,317.79114904012926,301.12448373012063,293.14999879826985,0.5274980000000011,0.65,107999.99999999978,107999.99060531313,0.00014999991971397566,18825.423634720464,-1.3513727026293054e-08,0.00015,301.124,293.15,317.791,0.0,150000,1,216,21600000,21600000,21600000,0,301124,1,216,21600000,21600000,21600000,0,293150,1,216,21600000,21600000,21600000,0,317791,1,216,21600000,21600000,21600000,0,0,1,216,21600000,21600000,21600000,0,1.0,0.527498,0.65,1.0,0.527498,0.65,1.0,0.527498,0.65,216,21900000,False,1.0,5000.0,300.0,500.0,600000000000.0,100000000000.0,,215
1,near_tick_before,thermal_loop,218,controller_tick,21700000,21.7,1,0,21700000,217,21700000,RUNNING,,0,0,62,1,0,reconstructed_from_retained_wire,True,,,317.791149044197,301.1244837327078,293.1499987980932,0.5274980000000011,0.65,108499.99999999978,108499.99054522216,0.00014999991971397566,18825.423634720464,-1.3445514923660085e-08,0.00015,301.124,293.15,317.791,0.0,150000,1,217,21700000,21700000,21700000,0,301124,1,217,21700000,21700000,21700000,0,293150,1,217,21700000,21700000,21700000,0,317791,1,217,21700000,21700000,21700000,0,0,1,217,21700000,21700000,21700000,0,1.0,0.527498,0.65,1.0,0.527498,0.65,1.0,0.527498,0.65,217,22000000,False,1.0,5000.0,300.0,500.0,600000000000.0,100000000000.0,,216
1,near_tick_before,thermal_loop,219,controller_tick,21800000,21.8,1,0,21800000,218,21800000,RUNNING,,0,0,62,1,0,reconstructed_from_retained_wire,True,,,317.7911490482603,301.1244837352797,293.1499987979309,0.5274980000000011,0.65,108999.9999999998,108999.99048512272,0.00014999991971397566,18825.423634720464,-1.4256556823966093e-08,0.00015,301.124,293.15,317.791,0.0,150000,1,218,21800000,21800000,21800000,0,301124,1,218,21800000,21800000,21800000,0,293150,1,218,21800000,21800000,21800000,0,317791,1,218,21800000,21800000,21800000,0,0,1,218,21800000,21800000,21800000,0,1.0,0.527498,0.65,1.0,0.527498,0.65,1.0,0.527498,0.65,218,22100000,False,1.0,5000.0,300.0,500.0,600000000000.0,100000000000.0,,217
1,near_tick_before,thermal_loop,220,controller_tick,21900000,21.9,1,0,21900000,219,21900000,RUNNING,,0,0,62,1,0,reconstructed_from_retained_wire,True,,,317.7911490523191,301.1244837378366,293.14999879778287,0.5274980000000011,0.65,109499.9999999998,109499.99042501551,0.00014999991971397566,18825.423634720464,-1.3793624020763673e-08,0.00015,301.124,293.15,317.791,0.0,150000,1,219,21900000,21900000,21900000,0,301124,1,219,21900000,21900000,21900000,0,293150,1,219,21900000,21900000,21900000,0,317791,1,219,21900000,21900000,21900000,0,0,1,219,21900000,21900000,21900000,0,1.0,0.527498,0.65,1.0,0.527498,0.65,1.0,0.527498,0.65,219,22200000,False,1.0,5000.0,300.0,500.0,600000000000.0,100000000000.0,,218
1,near_tick_before,thermal_loop,221,controller_tick,22000000,22.0,1,0,22000000,220,22000000,RUNNING,,0,0,62,1,0,reconstructed_from_retained_wire,True,,,317.7911490563734,301.1244837403787,293.14999879764883,0.5274980000000011,0.65,109999.9999999998,109999.99036490126,0.00014999991971397566,18825.423634720464,-1.39573330670828e-08,0.00015,301.124,293.15,317.791,0.0,150000,1,220,22000000,22000000,22000000,0,301124,1,220,22000000,22000000,22000000,0,293150,1,220,22000000,22000000,22000000,0,317791,1,220,22000000,22000000,22000000,0,0,1,220,22000000,22000000,22000000,0,1.0,0.527498,0.65,1.0,0.527498,0.65,1.0,0.527498,0.65,220,22300000,False,1.0,5000.0,300.0,500.0,600000000000.0,100000000000.0,,219
1,near_tick_before,thermal_loop,222,controller_tick,22100000,22.1,1,0,22100000,221,22100000,RUNNING,,0,0,62,1,0,reconstructed_from_retained_wire,True,,,317.79114906042315,301.12448374290625,293.1499987975286,0.5274980000000011,0.65,110499.9999999998,110499.99030478064,0.00014999991971397566,18825.423634720464,-1.4394572644960135e-08,0.00015,301.124,293.15,317.791,0.0,150000,1,221,22100000,22100000,22100000,0,301124,1,221,22100000,22100000,22100000,0,293150,1,221,22100000,22100000,22100000,0,317791,1,221,22100000,22100000,22100000,0,0,1,221,22100000,22100000,22100000,0,1.0,0.527498,0.65,1.0,0.527498,0.65,1.0,0.527498,0.65,221,22400000,False,1.0,5000.0,300.0,500.0,600000000000.0,100000000000.0,,220
1,near_tick_before,thermal_loop,223,controller_tick,22200000,22.2,1,0,22200000,222,22200000,RUNNING,,0,0,62,1,0,reconstructed_from_retained_wire,True,,,317.7911490644683,301.1244837454195,293.1499987974221,0.5274980000000011,0.65,110999.9999999998,110999.99024465437,0.00014999991971397566,18825.423634720464,-1.402486304868944e-08,0.00015,301.124,293.15,317.791,0.0,150000,1,222,22200000,22200000,22200000,0,301124,1,222,22200000,22200000,22200000,0,293150,1,222,22200000,22200000,22200000,0,317791,1,222,22200000,22200000,22200000,0,0,1,222,22200000,22200000,22200000,0,1.0,0.527498,0.65,1.0,0.527498,0.65,1.0,0.527498,0.65,222,22500000,False,1.0,5000.0,300.0,500.0,600000000000.0,100000000000.0,,221
1,near_tick_before,thermal_loop,224,controller_tick,22300000,22.3,1,0,22300000,223,22300000,RUNNING,,0,0,62,1,0,reconstructed_from_retained_wire,True,,,317.79114906850884,301.12448374791876,293.149998797329,0.5274980000000011,0.65,111499.99999999981,111499.99018452309,0.00014999991971397566,18825.423634720464,-1.3871158444089815e-08,0.00015,301.124,293.15,317.791,0.0,150000,1,223,22300000,22300000,22300000,0,301124,1,223,22300000,22300000,22300000,0,293150,1,223,22300000,22300000,22300000,0,317791,1,223,22300000,22300000,22300000,0,0,1,223,22300000,22300000,22300000,0,1.0,0.527498,0.65,1.0,0.527498,0.65,1.0,0.527498,0.65,223,22600000,False,1.0,5000.0,300.0,500.0,600000000000.0,100000000000.0,,222
1,near_tick_before,thermal_loop,225,controller_tick,22400000,22.4,1,0,22400000,224,22400000,RUNNING,,0,0,62,1,0,reconstructed_from_retained_wire,True,,,317.7911490725448,301.1244837504042,293.14999879724905,0.5274980000000011,0.65,111999.99999999983,111999.99012438748,0.00014999991971397566,18825.423634720464,-1.4199940778780729e-08,0.00015,301.124,293.15,317.791,0.0,150000,1,224,22400000,22400000,22400000,0,301124,1,224,22400000,22400000,22400000,0,293150,1,224,22400000,22400000,22400000,0,317791,1,224,22400000,22400000,22400000,0,0,1,224,22400000,22400000,22400000,0,1.0,0.527498,0.65,1.0,0.527498,0.65,1.0,0.527498,0.65,224,22700000,False,1.0,5000.0,300.0,500.0,600000000000.0,100000000000.0,,223
1,near_tick_before,thermal_loop,226,controller_tick,22500000,22.5,1,0,22500000,225,22500000,RUNNING,,0,0,62,1,0,reconstructed_from_retained_wire,True,,,317.79114907657606,301.1244837528761,293.1499987971822,0.5274980000000011,0.65,112499.99999999983,112499.99006424821,0.00014999991971397566,18825.423634720464,-1.3930730347055942e-08,0.00015,301.124,293.15,317.791,0.0,150000,1,225,22500000,22500000,22500000,0,301124,1,225,22500000,22500000,22500000,0,293150,1,225,22500000,22500000,22500000,0,317791,1,225,22500000,22500000,22500000,0,0,1,225,22500000,22500000,22500000,0,1.0,0.527498,0.65,1.0,0.527498,0.65,1.0,0.527498,0.65,225,22800000,False,1.0,5000.0,300.0,500.0,600000000000.0,100000000000.0,,224
1,near_tick_before,thermal_loop,227,controller_tick,22600000,22.6,1,0,22600000,226,22600000,RUNNING,,0,0,62,1,0,reconstructed_from_retained_wire,True,,,317.79114908060257,301.12448375533467,293.14999879712826,0.5274980000000011,0.65,112999.99999999983,112999.99000410592,0.00014999991971397566,18825.423634720464,-1.3826820577378385e-08,0.00015,301.124,293.15,317.791,0.0,150000,1,226,22600000,22600000,22600000,0,301124,1,226,22600000,22600000,22600000,0,293150,1,226,22600000,22600000,22600000,0,317791,1,226,22600000,22600000,22600000,0,0,1,226,22600000,22600000,22600000,0,1.0,0.527498,0.65,1.0,0.527498,0.65,1.0,0.527498,0.65,226,22900000,False,1.0,5000.0,300.0,500.0,600000000000.0,100000000000.0,,225
1,near_tick_before,thermal_loop,228,controller_tick,22700000,22.7,1,0,22700000,227,22700000,RUNNING,,0,0,62,1,0,reconstructed_from_retained_wire,True,,,317.7911490846244,301.1244837577801,293.14999879708694,0.5274980000000011,0.65,113499.99999999983,113499.98994396125,0.00014999991971397566,18825.423634720464,-1.4234956324798986e-08,0.00015,301.124,293.15,317.791,0.0,150000,1,227,22700000,22700000,22700000,0,301124,1,227,22700000,22700000,22700000,0,293150,1,227,22700000,22700000,22700000,0,317791,1,227,22700000,22700000,22700000,0,0,1,227,22700000,22700000,22700000,0,1.0,0.527498,0.65,1.0,0.527498,0.65,1.0,0.527498,0.65,227,23000000,False,1.0,5000.0,300.0,500.0,600000000000.0,100000000000.0,,226
1,near_tick_before,thermal_loop,229,controller_tick,22800000,22.8,1,0,22800000,228,22800000,RUNNING,,0,0,62,1,0,reconstructed_from_retained_wire,True,,,317.79114908864153,301.12448376021274,293.1499987970582,0.5274980000000011,0.65,113999.99999999983,113999.98988381484,0.00014999991971397566,18825.423634720464,-1.343460098723881e-08,0.00015,301.124,293.15,317.791,0.0,150000,1,228,22800000,22800000,22800000,0,301124,1,228,22800000,22800000,22800000,0,293150,1,228,22800000,22800000,22800000,0,317791,1,228,22800000,22800000,22800000,0,0,1,228,22800000,22800000,22800000,0,1.0,0.527498,0.65,1.0,0.527498,0.65,1.0,0.527498,0.65,228,23100000,False,1.0,5000.0,300.0,500.0,600000000000.0,100000000000.0,,227
1,near_tick_before,thermal_loop,230,controller_tick,22900000,22.9,1,0,22900000,229,22900000,RUNNING,,0,0,62,1,0,reconstructed_from_retained_wire,True,,,317.7911490926538,301.1244837626327,293.14999879704175,0.5274980000000011,0.65,114499.99999999983,114499.98982366729,0.00014999991971397566,18825.423634720464,-1.3377075447351672e-08,0.00015,301.124,293.15,317.791,0.0,150000,1,229,22900000,22900000,22900000,0,301124,1,229,22900000,22900000,22900000,0,293150,1,229,22900000,22900000,22900000,0,317791,1,229,22900000,22900000,22900000,0,0,1,229,22900000,22900000,22900000,0,1.0,0.527498,0.65,1.0,0.527498,0.65,1.0,0.527498,0.65,229,23200000,False,1.0,5000.0,300.0,500.0,600000000000.0,100000000000.0,,228
1,near_tick_before,thermal_loop,231,controller_tick,23000000,23.0,1,0,23000000,230,23000000,RUNNING,,0,0,62,1,0,reconstructed_from_retained_wire,True,,,317.79114909666134,301.1244837650401,293.1499987970374,0.5274980000000011,0.65,114999.99999999984,114999.98976351923,0.00014999991971397566,18825.423634720464,-1.430839802196715e-08,0.00015,301.124,293.15,317.791,0.0,150000,1,230,23000000,23000000,23000000,0,301124,1,230,23000000,23000000,23000000,0,293150,1,230,23000000,23000000,23000000,0,317791,1,230,23000000,23000000,23000000,0,0,1,230,23000000,23000000,23000000,0,1.0,0.527498,0.65,1.0,0.527498,0.65,1.0,0.527498,0.65,230,23300000,False,1.0,5000.0,300.0,500.0,600000000000.0,100000000000.0,,229
1,near_tick_before,thermal_loop,232,controller_tick,23100000,23.1,1,0,23100000,231,23100000,RUNNING,,0,0,62,1,0,reconstructed_from_retained_wire,True,,,317.7911491006641,301.1244837674353,293.1499987970451,0.5274980000000011,0.65,115499.99999999984,115499.98970337126,0.00014999991971397566,18825.423634720464,-1.465241439291276e-08,0.00015,301.124,293.15,317.791,0.0,150000,1,231,23100000,23100000,23100000,0,301124,1,231,23100000,23100000,23100000,0,293150,1,231,23100000,23100000,23100000,0,317791,1,231,23100000,23100000,23100000,0,0,1,231,23100000,23100000,23100000,0,1.0,0.527498,0.65,1.0,0.527498,0.65,1.0,0.527498,0.65,231,23400000,False,1.0,5000.0,300.0,500.0,600000000000.0,100000000000.0,,230
1,near_tick_before,thermal_loop,233,controller_tick,23200000,23.2,1,0,23200000,232,23200000,RUNNING,,0,0,62,1,0,reconstructed_from_retained_wire,True,,,317.79114910466194,301.12448376981854,293.14999879706465,0.5274980000000011,0.65,115999.99999999984,115999.98964322396,0.00014999991971397566,18825.423634720464,-1.4503257261822e-08,0.00015,301.124,293.15,317.791,0.0,150000,1,232,23200000,23200000,23200000,0,301124,1,232,23200000,23200000,23200000,0,293150,1,232,23200000,23200000,23200000,0,317791,1,232,23200000,23200000,23200000,0,0,1,232,23200000,23200000,23200000,0,1.0,0.527498,0.65,1.0,0.527498,0.65,1.0,0.527498,0.65,232,23500000,False,1.0,5000.0,300.0,500.0,600000000000.0,100000000000.0,,231
1,near_tick_before,thermal_loop,234,controller_tick,23300000,23.3,1,0,23300000,233,23300000,RUNNING,,0,0,62,1,0,reconstructed_from_retained_wire,True,,,317.79114910865496,301.12448377218993,293.1499987970958,0.5274980000000011,0.65,116499.99999999984,116499.98958307793,0.00014999991971397566,18825.423634720464,-1.4834313333267346e-08,0.00015,301.124,293.15,317.791,0.0,150000,1,233,23300000,23300000,23300000,0,301124,1,233,23300000,23300000,23300000,0,293150,1,233,23300000,23300000,23300000,0,317791,1,233,23300000,23300000,23300000,0,0,1,233,23300000,23300000,23300000,0,1.0,0.527498,0.65,1.0,0.527498,0.65,1.0,0.527498,0.65,233,23600000,False,1.0,5000.0,300.0,500.0,600000000000.0,100000000000.0,,232
1,near_tick_before,thermal_loop,235,controller_tick,23400000,23.4,1,0,23400000,234,23400000,RUNNING,,0,0,62,1,0,reconstructed_from_retained_wire,True,,,317.79114911264315,301.1244837745497,293.1499987971385,0.5274980000000011,0.65,116999.99999999984,116999.98952293374,0.00014999991971397566,18825.423634720464,-1.4350689525599591e-08,0.00015,301.124,293.15,317.791,0.0,150000,1,234,23400000,23400000,23400000,0,301124,1,234,23400000,23400000,23400000,0,293150,1,234,23400000,23400000,23400000,0,317791,1,234,23400000,23400000,23400000,0,0,1,234,23400000,23400000,23400000,0,1.0,0.527498,0.65,1.0,0.527498,0.65,1.0,0.527498,0.65,234,23700000,False,1.0,5000.0,300.0,500.0,600000000000.0,100000000000.0,,233
1,near_tick_before,thermal_loop,236,controller_tick,23500000,23.5,1,0,23500000,235,23500000,RUNNING,,0,0,62,1,0,reconstructed_from_retained_wire,True,,,317.7911491166264,301.124483776898,293.14999879719255,0.5274980000000011,0.65,117499.99999999984,117499.98946279197,0.00014999991971397566,18825.423634720464,-1.3859335012966767e-08,0.00015,301.124,293.15,317.791,0.0,150000,1,235,23500000,23500000,23500000,0,301124,1,235,23500000,23500000,23500000,0,293150,1,235,23500000,23500000,23500000,0,317791,1,235,23500000,23500000,23500000,0,0,1,235,23500000,23500000,23500000,0,1.0,0.527498,0.65,1.0,0.527498,0.65,1.0,0.527498,0.65,235,23800000,False,1.0,5000.0,300.0,500.0,600000000000.0,100000000000.0,,234
1,near_tick_before,thermal_loop,237,controller_tick,23600000,23.6,1,0,23600000,236,23600000,RUNNING,,0,0,62,1,0,reconstructed_from_retained_wire,True,,,317.79114912060476,301.124483779235,293.14999879725775,0.5274980000000011,0.65,117999.99999999985,117999.98940265318,0.00014999991971397566,18825.423634720464,-1.4139686754788272e-08,0.00015,301.124,293.15,317.791,0.0,150000,1,236,23600000,23600000,23600000,0,301124,1,236,23600000,23600000,23600000,0,293150,1,236,23600000,23600000,23600000,0,317791,1,236,23600000,23600000,23600000,0,0,1,236,23600000,23600000,23600000,0,1.0,0.527498,0.65,1.0,0.527498,0.65,1.0,0.527498,0.65,236,23900000,False,1.0,5000.0,300.0,500.0,600000000000.0,100000000000.0,,235
1,near_tick_before,thermal_loop,238,controller_tick,23700000,23.7,1,0,23700000,237,23700000,RUNNING,,0,0,62,1,0,reconstructed_from_retained_wire,True,,,317.79114912457817,301.12448378156097,293.149998797334,0.5274980000000011,0.65,118499.99999999985,118499.98934251795,0.00014999991971397566,18825.423634720464,-1.4213128451956436e-08,0.00015,301.124,293.15,317.791,0.0,150000,1,237,23700000,23700000,23700000,0,301124,1,237,23700000,23700000,23700000,0,293150,1,237,23700000,23700000,23700000,0,317791,1,237,23700000,23700000,23700000,0,0,1,237,23700000,23700000,23700000,0,1.0,0.527498,0.65,1.0,0.527498,0.65,1.0,0.527498,0.65,237,24000000,False,1.0,5000.0,300.0,500.0,600000000000.0,100000000000.0,,236
1,near_tick_before,thermal_loop,239,controller_tick,23800000,23.8,1,0,23800000,238,23800000,RUNNING,,0,0,62,1,0,reconstructed_from_retained_wire,True,,,317.79114912854664,301.12448378387614,293.149998797421,0.5274980000000011,0.65,118999.99999999987,118999.9892823868,0.00014999991971397566,18825.423634720464,-1.4520765034831129e-08,0.00015,301.124,293.15,317.791,0.0,150000,1,238,23800000,23800000,23800000,0,301124,1,238,23800000,23800000,23800000,0,293150,1,238,23800000,23800000,23800000,0,317791,1,238,23800000,23800000,23800000,0,0,1,238,23800000,23800000,23800000,0,1.0,0.527498,0.65,1.0,0.527498,0.65,1.0,0.527498,0.65,238,24100000,False,1.0,5000.0,300.0,500.0,600000000000.0,100000000000.0,,237
1,near_tick_before,thermal_loop,240,controller_tick,23900000,23.9,1,0,23900000,239,23900000,RUNNING,,0,0,62,1,0,reconstructed_from_retained_wire,True,,,317.7911491325101,301.1244837861806,293.14999879751883,0.5274980000000011,0.65,119499.99999999987,119499.98922226026,0.00014999991971397566,18825.423634720464,-1.4602846931666136e-08,0.00015,301.124,293.15,317.791,0.0,150000,1,239,23900000,23900000,23900000,0,301124,1,239,23900000,23900000,23900000,0,293150,1,239,23900000,23900000,23900000,0,317791,1,239,23900000,23900000,23900000,0,0,1,239,23900000,23900000,23900000,0,1.0,0.527498,0.65,1.0,0.527498,0.65,1.0,0.527498,0.65,239,24200000,False,1.0,5000.0,300.0,500.0,600000000000.0,100000000000.0,,238
1,near_tick_before,thermal_loop,241,controller_tick,24000000,24.0,1,0,24000000,240,24000000,RUNNING,,0,0,62,1,0,reconstructed_from_retained_wire,True,,,317.7911491364686,301.1244837884745,293.1499987976272,0.5274980000000011,0.65,119999.99999999987,119999.98916213888,0.00014999991971397566,18825.423634720464,-1.5030309441499412e-08,0.00015,301.124,293.15,317.791,0.0,150000,1,240,24000000,24000000,24000000,0,301124,1,240,24000000,24000000,24000000,0,293150,1,240,24000000,24000000,24000000,0,317791,1,240,24000000,24000000,24000000,0,0,1,240,24000000,24000000,24000000,0,1.0,0.527498,0.65,1.0,0.527498,0.65,1.0,0.527498,0.65,240,24300000,False,1.0,5000.0,300.0,500.0,600000000000.0,100000000000.0,,239
1,near_tick_before,thermal_loop,242,controller_tick,24100000,24.1,1,0,24100000,241,24100000,RUNNING,,0,0,62,1,0,reconstructed_from_retained_wire,True,,,317.79114914042214,301.1244837907581,293.149998797746,0.5274980000000011,0.65,120499.99999999987,120499.98910202317,0.00014999991971397566,18825.423634720464,-1.4659690350526944e-08,0.00015,301.124,293.15,317.791,0.0,150000,1,241,24100000,24100000,24100000,0,301124,1,241,24100000,24100000,24100000,0,293150,1,241,24100000,24100000,24100000,0,317791,1,241,24100000,24100000,24100000,0,0,1,241,24100000,24100000,24100000,0,1.0,0.527498,0.65,1.0,0.527498,0.65,1.0,0.527498,0.65,241,24400000,False,1.0,5000.0,300.0,500.0,600000000000.0,100000000000.0,,240
1,near_tick_before,thermal_loop,243,controller_tick,24200000,24.2,1,0,24200000,242,24200000,RUNNING,,0,0,62,1,0,reconstructed_from_retained_wire,True,,,317.7911491443706,301.1244837930316,293.149998797875,0.5274980000000011,0.65,120999.99999999987,120999.98904191366,0.00014999991971397566,18825.423634720464,-1.5436398825841025e-08,0.00015,301.124,293.15,317.791,0.0,150000,1,242,24200000,24200000,24200000,0,301124,1,242,24200000,24200000,24200000,0,293150,1,242,24200000,24200000,24200000,0,317791,1,242,24200000,24200000,24200000,0,0,1,242,24200000,24200000,24200000,0,1.0,0.527498,0.65,1.0,0.527498,0.65,1.0,0.527498,0.65,242,24500000,False,1.0,5000.0,300.0,500.0,600000000000.0,100000000000.0,,241
1,near_tick_before,thermal_loop,244,controller_tick,24300000,24.3,1,0,24300000,243,24300000,RUNNING,,0,0,62,1,0,reconstructed_from_retained_wire,True,,,317.79114914831405,301.1244837952951,293.14999879801417,0.5274980000000011,0.65,121499.99999999987,121499.98898181086,0.00014999991971397566,18825.423634720464,-1.580747266416438e-08,0.00015,301.124,293.15,317.791,0.0,150000,1,243,24300000,24300000,24300000,0,301124,1,243,24300000,24300000,24300000,0,293150,1,243,24300000,24300000,24300000,0,317791,1,243,24300000,24300000,24300000,0,0,1,243,24300000,24300000,24300000,0,1.0,0.527498,0.65,1.0,0.527498,0.65,1.0,0.527498,0.65,243,24600000,False,1.0,5000.0,300.0,500.0,600000000000.0,100000000000.0,,242
1,near_tick_before,thermal_loop,245,controller_tick,24400000,24.4,1,0,24400000,244,24400000,RUNNING,,0,0,62,1,0,reconstructed_from_retained_wire,True,,,317.7911491522525,301.1244837975487,293.1499987981633,0.5274980000000011,0.65,121999.99999999987,121999.98892171527,0.00014999991971397566,18825.423634720464,-1.6228568711085245e-08,0.00015,301.124,293.15,317.791,0.0,150000,1,244,24400000,24400000,24400000,0,301124,1,244,24400000,24400000,24400000,0,293150,1,244,24400000,24400000,24400000,0,317791,1,244,24400000,24400000,24400000,0,0,1,244,24400000,24400000,24400000,0,1.0,0.527498,0.65,1.0,0.527498,0.65,1.0,0.527498,0.65,244,24700000,False,1.0,5000.0,300.0,500.0,600000000000.0,100000000000.0,,243
1,near_tick_before,thermal_loop,246,controller_tick,24500000,24.5,1,0,24500000,245,24500000,RUNNING,,0,0,62,1,0,reconstructed_from_retained_wire,True,,,317.7911491561859,301.1244837997927,293.1499987983224,0.5274980000000011,0.65,122499.99999999988,122499.98886162738,0.00014999991971397566,18825.423634720464,-1.582293407409452e-08,0.00015,301.124,293.15,317.791,0.0,150000,1,245,24500000,24500000,24500000,0,301124,1,245,24500000,24500000,24500000,0,293150,1,245,24500000,24500000,24500000,0,317791,1,245,24500000,24500000,24500000,0,0,1,245,24500000,24500000,24500000,0,1.0,0.527498,0.65,1.0,0.527498,0.65,1.0,0.527498,0.65,245,24800000,False,1.0,5000.0,300.0,500.0,600000000000.0,100000000000.0,,244
1,near_tick_before,thermal_loop,247,controller_tick,24600000,24.6,1,0,24600000,246,24600000,RUNNING,,0,0,62,1,0,reconstructed_from_retained_wire,True,,,317.7911491601141,301.12448380202716,293.14999879849114,0.5274980000000011,0.65,122999.9999999999,122999.98880154768,0.00014999991971397566,18825.423634720464,-1.6910462363739498e-08,0.00015,301.124,293.15,317.791,0.0,150000,1,246,24600000,24600000,24600000,0,301124,1,246,24600000,24600000,24600000,0,293150,1,246,24600000,24600000,24600000,0,317791,1,246,24600000,24600000,24600000,0,0,1,246,24600000,24600000,24600000,0,1.0,0.527498,0.65,1.0,0.527498,0.65,1.0,0.527498,0.65,246,24900000,False,1.0,5000.0,300.0,500.0,600000000000.0,100000000000.0,,245
1,near_tick_before,thermal_loop,248,controller_tick,24700000,24.7,1,0,24700000,247,24700000,RUNNING,,0,0,62,1,0,reconstructed_from_retained_wire,True,,,317.79114916403734,301.1244838042523,293.1499987986695,0.5274980000000011,0.65,123499.9999999999,123499.98874147666,0.00014999991971397566,18825.423634720464,-1.678677108429838e-08,0.00015,301.124,293.15,317.791,0.0,150000,1,247,24700000,24700000,24700000,0,301124,1,247,24700000,24700000,24700000,0,293150,1,247,24700000,24700000,24700000,0,317791,1,247,24700000,24700000,24700000,0,0,1,247,24700000,24700000,24700000,0,1.0,0.527498,0.65,1.0,0.527498,0.65,1.0,0.527498,0.65,247,25000000,False,1.0,5000.0,300.0,500.0,600000000000.0,100000000000.0,,246
1,near_tick_before,thermal_loop,249,controller_tick,24800000,24.8,1,0,24800000,248,24800000,RUNNING,,0,0,62,1,0,reconstructed_from_retained_wire,True,,,317.79114916795544,301.12448380646833,293.1499987988574,0.5274980000000011,0.65,123999.9999999999,123999.98868141479,0.00014999991971397566,18825.423634720464,-1.5662408259231597e-08,0.00015,301.124,293.15,317.791,0.0,150000,1,248,24800000,24800000,24800000,0,301124,1,248,24800000,24800000,24800000,0,293150,1,248,24800000,24800000,24800000,0,317791,1,248,24800000,24800000,24800000,0,0,1,248,24800000,24800000,24800000,0,1.0,0.527498,0.65,1.0,0.527498,0.65,1.0,0.527498,0.65,248,25100000,False,1.0,5000.0,300.0,500.0,600000000000.0,100000000000.0,,247
1,near_tick_before,thermal_loop,250,controller_tick,24900000,24.9,1,0,24900000,249,24900000,RUNNING,,0,0,62,1,0,reconstructed_from_retained_wire,True,,,317.7911491718684,301.1244838086753,293.1499987990546,0.5274980000000011,0.65,124499.9999999999,124499.98862136256,0.00014999991971397566,18825.423634720464,-1.5195610103546642e-08,0.00015,301.124,293.15,317.791,0.0,150000,1,249,24900000,24900000,24900000,0,301124,1,249,24900000,24900000,24900000,0,293150,1,249,24900000,24900000,24900000,0,317791,1,249,24900000,24900000,24900000,0,0,1,249,24900000,24900000,24900000,0,1.0,0.527498,0.65,1.0,0.527498,0.65,1.0,0.527498,0.65,249,25200000,False,1.0,5000.0,300.0,500.0,600000000000.0,100000000000.0,,248
1,near_tick_before,thermal_loop,251,controller_tick,25000000,25.0,1,0,25000000,250,25000000,RUNNING,,0,0,62,1,0,reconstructed_from_retained_wire,True,,,317.7911491757763,301.12448381087336,293.14999879926097,0.5274980000000011,0.65,124999.9999999999,124999.98856132042,0.00014999991971397566,18825.423634720464,-1.444550434825942e-08,0.00015,301.124,293.15,317.791,0.0,150000,1,250,25000000,25000000,25000000,0,301124,1,250,25000000,25000000,25000000,0,293150,1,250,25000000,25000000,25000000,0,317791,1,250,25000000,25000000,25000000,0,0,1,250,25000000,25000000,25000000,0,1.0,0.527498,0.65,1.0,0.527498,0.65,1.0,0.527498,0.65,250,25300000,False,1.0,5000.0,300.0,500.0,600000000000.0,100000000000.0,,249
1,near_tick_before,thermal_loop,252,controller_tick,25100000,25.1,1,0,25100000,251,25100000,RUNNING,,0,0,62,1,0,reconstructed_from_retained_wire,True,,,317.79114917967905,301.12448381306274,293.14999879947635,0.5274980000000011,0.65,125499.99999999991,125499.98850128883,0.00014999991971397566,18825.423634720464,-1.4415718396776356e-08,0.00015,301.124,293.15,317.791,0.0,150000,1,251,25100000,25100000,25100000,0,301124,1,251,25100000,25100000,25100000,0,293150,1,251,25100000,25100000,25100000,0,317791,1,251,25100000,25100000,25100000,0,0,1,251,25100000,25100000,25100000,0,1.0,0.527498,0.65,1.0,0.527498,0.65,1.0,0.527498,0.65,251,25400000,False,1.0,5000.0,300.0,500.0,600000000000.0,100000000000.0,,250
1,near_tick_before,thermal_loop,253,controller_tick,25200000,25.2,1,0,25200000,252,25200000,RUNNING,,0,0,62,1,0,reconstructed_from_retained_wire,True,,,317.79114918357664,301.1244838152435,293.14999879970077,0.5274980000000011,0.65,125999.99999999993,125999.98844126823,0.00014999991971397566,18825.423634720464,-1.4006445780978538e-08,0.00015,301.124,293.15,317.791,0.0,150000,1,252,25200000,25200000,25200000,0,301124,1,252,25200000,25200000,25200000,0,293150,1,252,25200000,25200000,25200000,0,317791,1,252,25200000,25200000,25200000,0,0,1,252,25200000,25200000,25200000,0,1.0,0.527498,0.65,1.0,0.527498,0.65,1.0,0.527498,0.65,252,25500000,False,1.0,5000.0,300.0,500.0,600000000000.0,100000000000.0,,251
1,near_tick_before,thermal_loop,254,controller_tick,25300000,25.3,1,0,25300000,253,25300000,RUNNING,,0,0,62,1,0,reconstructed_from_retained_wire,True,,,317.79114918746905,301.12448381741575,293.14999879993394,0.5274980000000011,0.65,126499.99999999994,126499.98838125907,0.00014999991971397566,18825.423634720464,-1.4919578461558558e-08,0.00015,301.124,293.15,317.791,0.0,150000,1,253,25300000,25300000,25300000,0,301124,1,253,25300000,25300000,25300000,0,293150,1,253,25300000,25300000,25300000,0,317791,1,253,25300000,25300000,25300000,0,0,1,253,25300000,25300000,25300000,0,1.0,0.527498,0.65,1.0,0.527498,0.65,1.0,0.527498,0.65,253,25600000,False,1.0,5000.0,300.0,500.0,600000000000.0,100000000000.0,,252
1,near_tick_before,thermal_loop,255,controller_tick,25400000,25.4,1,0,25400000,254,25400000,RUNNING,,0,0,62,1,0,reconstructed_from_retained_wire,True,,,317.7911491913563,301.1244838195797,293.14999880017587,0.5274980000000011,0.65,126999.99999999996,126999.98832126179,0.00014999991971397566,18825.423634720464,-1.5292926036636345e-08,0.00015,301.124,293.15,317.791,0.0,150000,1,254,25400000,25400000,25400000,0,301124,1,254,25400000,25400000,25400000,0,293150,1,254,25400000,25400000,25400000,0,317791,1,254,25400000,25400000,25400000,0,0,1,254,25400000,25400000,25400000,0,1.0,0.527498,0.65,1.0,0.527498,0.65,1.0,0.527498,0.65,254,25700000,False,1.0,5000.0,300.0,500.0,600000000000.0,100000000000.0,,253
1,near_tick_before,thermal_loop,256,controller_tick,25500000,25.5,1,0,25500000,255,25500000,RUNNING,,0,0,62,1,0,reconstructed_from_retained_wire,True,,,317.79114919523835,301.12448382173557,293.1499988004263,0.5274980000000011,0.65,127499.99999999996,127499.98826127681,0.00014999991971397566,18825.423634720464,-1.6101012079161592e-08,0.00015,301.124,293.15,317.791,0.0,150000,1,255,25500000,25500000,25500000,0,301124,1,255,25500000,25500000,25500000,0,293150,1,255,25500000,25500000,25500000,0,317791,1,255,25500000,25500000,25500000,0,0,1,255,25500000,25500000,25500000,0,1.0,0.527498,0.65,1.0,0.527498,0.65,1.0,0.527498,0.65,255,25800000,False,1.0,5000.0,300.0,500.0,600000000000.0,100000000000.0,,254
1,near_tick_before,thermal_loop,257,controller_tick,25600000,25.6,1,0,25600000,256,25600000,RUNNING,,0,0,62,1,0,reconstructed_from_retained_wire,True,,,317.79114919911524,301.1244838238834,293.1499988006853,0.5274980000000011,0.65,127999.99999999996,127999.98820130457,0.00014999991971397566,18825.423634720464,-1.5985960999387316e-08,0.00015,301.124,293.15,317.791,0.0,150000,1,256,25600000,25600000,25600000,0,301124,1,256,25600000,25600000,25600000,0,293150,1,256,25600000,25600000,25600000,0,317791,1,256,25600000,25600000,25600000,0,0,1,256,25600000,25600000,25600000,0,1.0,0.527498,0.65,1.0,0.527498,0.65,1.0,0.527498,0.65,256,25900000,False,1.0,5000.0,300.0,500.0,600000000000.0,100000000000.0,,255
1,near_tick_before,thermal_loop,258,controller_tick,25700000,25.7,1,0,25700000,257,25700000,RUNNING,,0,0,62,1,0,reconstructed_from_retained_wire,True,,,317.79114920298696,301.1244838260234,293.14999880095263,0.5274980000000011,0.65,128499.99999999996,128499.98814134549,0.00014999991971397566,18825.423634720464,-1.5238583728205413e-08,0.00015,301.124,293.15,317.791,0.0,150000,1,257,25700000,25700000,25700000,0,301124,1,257,25700000,25700000,25700000,0,293150,1,257,25700000,25700000,25700000,0,317791,1,257,25700000,25700000,25700000,0,0,1,257,25700000,25700000,25700000,0,1.0,0.527498,0.65,1.0,0.527498,0.65,1.0,0.527498,0.65,257,26000000,False,1.0,5000.0,300.0,500.0,600000000000.0,100000000000.0,,256
1,near_tick_before,thermal_loop,259,controller_tick,25800000,25.8,1,0,25800000,258,25800000,RUNNING,,0,0,62,1,0,reconstructed_from_retained_wire,True,,,317.79114920685345,301.1244838281555,293.1499988012282,0.5274980000000011,0.65,128999.99999999996,128999.98808139998,0.00014999991971397566,18825.423634720464,-1.5430941857630387e-08,0.00015,301.124,293.15,317.791,0.0,150000,1,258,25800000,25800000,25800000,0,301124,1,258,25800000,25800000,25800000,0,293150,1,258,25800000,25800000,25800000,0,317791,1,258,25800000,25800000,25800000,0,0,1,258,25800000,25800000,25800000,0,1.0,0.527498,0.65,1.0,0.527498,0.65,1.0,0.527498,0.65,258,26100000,False,1.0,5000.0,300.0,500.0,600000000000.0,100000000000.0,,257
1,near_tick_before,thermal_loop,260,controller_tick,25900000,25.9,1,0,25900000,259,25900000,RUNNING,,0,0,62,1,0,reconstructed_from_retained_wire,True,,,317.79114921071476,301.12448383028004,293.1499988015119,0.5274980000000011,0.65,129499.99999999996,129499.98802146845,0.00014999991971397566,18825.423634720464,-1.5111936590983532e-08,0.00015,301.124,293.15,317.791,0.0,150000,1,259,25900000,25900000,25900000,0,301124,1,259,25900000,25900000,25900000,0,293150,1,259,25900000,25900000,25900000,0,317791,1,259,25900000,25900000,25900000,0,0,1,259,25900000,25900000,25900000,0,1.0,0.527498,0.65,1.0,0.527498,0.65,1.0,0.527498,0.65,259,26200000,False,1.0,5000.0,300.0,500.0,600000000000.0,100000000000.0,,258
1,near_tick_before,thermal_loop,261,controller_tick,26000000,26.0,1,0,26000000,260,26000000,RUNNING,,0,0,62,1,0,reconstructed_from_retained_wire,True,,,317.79114921457085,301.124483832397,293.14999880180363,0.5274980000000011,0.65,129999.99999999996,129999.98796155132,0.00014999991971397566,18825.423634720464,-1.5392970453831367e-08,0.00015,301.124,293.15,317.791,0.0,150000,1,260,26000000,26000000,26000000,0,301124,1,260,26000000,26000000,26000000,0,293150,1,260,26000000,26000000,26000000,0,317791,1,260,26000000,26000000,26000000,0,0,1,260,26000000,26000000,26000000,0,1.0,0.527498,0.65,1.0,0.527498,0.65,1.0,0.527498,0.65,260,26300000,False,1.0,5000.0,300.0,500.0,600000000000.0,100000000000.0,,259
1,near_tick_before,thermal_loop,262,controller_tick,26100000,26.1,1,0,26100000,261,26100000,RUNNING,,0,0,62,1,0,reconstructed_from_retained_wire,True,,,317.7911492184217,301.1244838345066,293.14999880210326,0.5274980000000011,0.65,130499.99999999996,130499.98790164897,0.00014999991971397566,18825.423634720464,-1.5881141735007986e-08,0.00015,301.124,293.15,317.791,0.0,150000,1,261,26100000,26100000,26100000,0,301124,1,261,26100000,26100000,26100000,0,293150,1,261,26100000,26100000,26100000,0,317791,1,261,26100000,26100000,26100000,0,0,1,261,26100000,26100000,26100000,0,1.0,0.527498,0.65,1.0,0.527498,0.65,1.0,0.527498,0.65,261,26400000,False,1.0,5000.0,300.0,500.0,600000000000.0,100000000000.0,,260
1,near_tick_before,thermal_loop,263,controller_tick,26200000,26.2,1,0,26200000,262,26200000,RUNNING,,0,0,62,1,0,reconstructed_from_retained_wire,True,,,317.79114922226734,301.124483836609,293.14999880241066,0.5274980000000011,0.65,130999.99999999997,130999.9878417618,0.00014999991971397566,18825.423634720464,-1.5722889656899497e-08,0.00015,301.124,293.15,317.791,0.0,150000,1,262,26200000,26200000,26200000,0,301124,1,262,26200000,26200000,26200000,0,293150,1,262,26200000,26200000,26200000,0,317791,1,262,26200000,26200000,26200000,0,0,1,262,26200000,26200000,26200000,0,1.0,0.527498,0.65,1.0,0.527498,0.65,1.0,0.527498,0.65,262,26500000,False,1.0,5000.0,300.0,500.0,600000000000.0,100000000000.0,,261
1,near_tick_before,thermal_loop,264,controller_tick,26300000,26.3,1,0,26300000,263,26300000,RUNNING,,0,0,62,1,0,reconstructed_from_retained_wire,True,,,317.79114922610773,301.12448383870424,293.1499988027258,0.5274980000000011,0.65,131499.99999999997,131499.98778189017,0.00014999991971397566,18825.423634720464,-1.5238128980854526e-08,0.00015,301.124,293.15,317.791,0.0,150000,1,263,26300000,26300000,26300000,0,301124,1,263,26300000,26300000,26300000,0,293150,1,263,26300000,26300000,26300000,0,317791,1,263,26300000,26300000,26300000,0,0,1,263,26300000,26300000,26300000,0,1.0,0.527498,0.65,1.0,0.527498,0.65,1.0,0.527498,0.65,263,26600000,False,1.0,5000.0,300.0,500.0,600000000000.0,100000000000.0,,262
1,near_tick_before,thermal_loop,265,controller_tick,26400000,26.4,1,0,26400000,264,26400000,RUNNING,,0,0,62,1,0,reconstructed_from_retained_wire,True,,,317.7911492299429,301.12448384079244,293.14999880304856,0.5274980000000011,0.65,131999.99999999997,131999.9877220345,0.00014999991971397566,18825.423634720464,-1.4494617062155157e-08,0.00015,301.124,293.15,317.791,0.0,150000,1,264,26400000,26400000,26400000,0,301124,1,264,26400000,26400000,26400000,0,293150,1,264,26400000,26400000,26400000,0,317791,1,264,26400000,26400000,26400000,0,0,1,264,26400000,26400000,26400000,0,1.0,0.527498,0.65,1.0,0.527498,0.65,1.0,0.527498,0.65,264,26700000,False,1.0,5000.0,300.0,500.0,600000000000.0,100000000000.0,,263
1,near_tick_before,thermal_loop,266,controller_tick,26500000,26.5,1,0,26500000,265,26500000,RUNNING,,0,0,62,1,0,reconstructed_from_retained_wire,True,,,317.79114923377284,301.1244838428737,293.14999880337876,0.5274980000000011,0.65,132499.99999999997,132499.98766219517,0.00014999991971397566,18825.423634720464,-1.4316583474283107e-08,0.00015,301.124,293.15,317.791,0.0,150000,1,265,26500000,26500000,26500000,0,301124,1,265,26500000,26500000,26500000,0,293150,1,265,26500000,26500000,26500000,0,317791,1,265,26500000,26500000,26500000,0,0,1,265,26500000,26500000,26500000,0,1.0,0.527498,0.65,1.0,0.527498,0.65,1.0,0.527498,0.65,265,26800000,False,1.0,5000.0,300.0,500.0,600000000000.0,100000000000.0,,264
1,near_tick_before,thermal_loop,267,controller_tick,26600000,26.6,1,0,26600000,266,26600000,RUNNING,,0,0,62,1,0,reconstructed_from_retained_wire,True,,,317.7911492375975,301.12448384494814,293.14999880371636,0.5274980000000011,0.65,133000.0,132999.9876023725,0.00014999991971397566,18825.423634720464,-1.4714714779984206e-08,0.00015,301.124,293.15,317.791,0.0,150000,1,266,26600000,26600000,26600000,0,301124,1,266,26600000,26600000,26600000,0,293150,1,266,26600000,26600000,26600000,0,317791,1,266,26600000,26600000,26600000,0,0,1,266,26600000,26600000,26600000,0,1.0,0.527498,0.65,1.0,0.527498,0.65,1.0,0.527498,0.65,266,26900000,False,1.0,5000.0,300.0,500.0,600000000000.0,100000000000.0,,265
1,near_tick_before,thermal_loop,268,controller_tick,26700000,26.7,1,0,26700000,267,26700000,RUNNING,,0,0,62,1,0,reconstructed_from_retained_wire,True,,,317.791149241417,301.12448384701594,293.1499988040613,0.5274980000000011,0.65,133500.0,133499.98754256693,0.00014999991971397566,18825.423634720464,-1.3373664842220023e-08,0.00015,301.124,293.15,317.791,0.0,150000,1,267,26700000,26700000,26700000,0,301124,1,267,26700000,26700000,26700000,0,293150,1,267,26700000,26700000,26700000,0,317791,1,267,26700000,26700000,26700000,0,0,1,267,26700000,26700000,26700000,0,1.0,0.527498,0.65,1.0,0.527498,0.65,1.0,0.527498,0.65,267,27000000,False,1.0,5000.0,300.0,500.0,600000000000.0,100000000000.0,,266
1,near_tick_before,thermal_loop,269,controller_tick,26800000,26.8,1,0,26800000,268,26800000,RUNNING,,0,0,62,1,0,reconstructed_from_retained_wire,True,,,317.7911492452311,301.12448384907714,293.14999880441337,0.5274980000000011,0.65,134000.0,133999.98748277876,0.00014999991971397566,18825.423634720464,-1.3370936358114704e-08,0.00015,301.124,293.15,317.791,0.0,150000,1,268,26800000,26800000,26800000,0,301124,1,268,26800000,26800000,26800000,0,293150,1,268,26800000,26800000,26800000,0,317791,1,268,26800000,26800000,26800000,0,0,1,268,26800000,26800000,26800000,0,1.0,0.527498,0.65,1.0,0.527498,0.65,1.0,0.527498,0.65,268,27100000,False,1.0,5000.0,300.0,500.0,600000000000.0,100000000000.0,,267
1,near_tick_before,thermal_loop,270,controller_tick,26900000,26.9,1,0,26900000,269,26900000,RUNNING,,0,0,62,1,0,reconstructed_from_retained_wire,True,,,317.79114924904,301.12448385113186,293.1499988047725,0.5274980000000011,0.65,134500.0,134499.98742300837,0.00014999991971397566,18825.423634720464,-1.3666522136190906e-08,0.00015,301.124,293.15,317.791,0.0,150000,1,269,26900000,26900000,26900000,0,301124,1,269,26900000,26900000,26900000,0,293150,1,269,26900000,26900000,26900000,0,317791,1,269,26900000,26900000,26900000,0,0,1,269,26900000,26900000,26900000,0,1.0,0.527498,0.65,1.0,0.527498,0.65,1.0,0.527498,0.65,269,27200000,False,1.0,5000.0,300.0,500.0,600000000000.0,100000000000.0,,268
1,near_tick_before,thermal_loop,271,controller_tick,27000000,27.0,1,0,27000000,270,27000000,RUNNING,,0,0,62,1,0,reconstructed_from_retained_wire,True,,,317.7911492528437,301.1244838531802,293.1499988051387,0.5274980000000011,0.65,135000.0,134999.98736325614,0.00014999991971397566,18825.423634720464,-1.293165041715838e-08,0.00015,301.124,293.15,317.791,0.0,150000,1,270,27000000,27000000,27000000,0,301124,1,270,27000000,27000000,27000000,0,293150,1,270,27000000,27000000,27000000,0,317791,1,270,27000000,27000000,27000000,0,0,1,270,27000000,27000000,27000000,0,1.0,0.527498,0.65,1.0,0.527498,0.65,1.0,0.527498,0.65,270,27300000,False,1.0,5000.0,300.0,500.0,600000000000.0,100000000000.0,,269
1,near_tick_before,thermal_loop,272,controller_tick,27100000,27.1,1,0,27100000,271,27100000,RUNNING,,0,0,62,1,0,reconstructed_from_retained_wire,True,,,317.7911492566421,301.1244838552223,293.14999880551176,0.5274980000000011,0.65,135500.0,135499.98730352236,0.00014999991971397566,18825.423634720464,-1.2631744539248757e-08,0.00015,301.124,293.15,317.791,0.0,150000,1,271,27100000,27100000,27100000,0,301124,1,271,27100000,27100000,27100000,0,293150,1,271,27100000,27100000,27100000,0,317791,1,271,27100000,27100000,27100000,0,0,1,271,27100000,27100000,27100000,0,1.0,0.527498,0.65,1.0,0.527498,0.65,1.0,0.527498,0.65,271,27400000,False,1.0,5000.0,300.0,500.0,600000000000.0,100000000000.0,,270
1,near_tick_before,thermal_loop,273,controller_tick,27200000,27.2,1,0,27200000,272,27200000,RUNNING,,0,0,62,1,0,reconstructed_from_retained_wire,True,,,317.7911492604352,301.12448385725827,293.1499988058916,0.5274980000000011,0.65,136000.0,135999.98724380744,0.00014999991971397566,18825.423634720464,-1.283456185774412e-08,0.00015,301.124,293.15,317.791,0.0,150000,1,272,27200000,27200000,27200000,0,301124,1,272,27200000,27200000,27200000,0,293150,1,272,27200000,27200000,27200000,0,317791,1,272,27200000,27200000,27200000,0,0,1,272,27200000,27200000,27200000,0,1.0,0.527498,0.65,1.0,0.527498,0.65,1.0,0.527498,0.65,272,27500000,False,1.0,5000.0,300.0,500.0,600000000000.0,100000000000.0,,271
1,near_tick_before,thermal_loop,274,controller_tick,27300000,27.3,1,0,27300000,273,27300000,RUNNING,,0,0,62,1,0,reconstructed_from_retained_wire,True,,,317.79114926422307,301.12448385928815,293.1499988062781,0.5274980000000011,0.65,136500.0,136499.98718411167,0.00014999991971397566,18825.423634720464,-1.291823537030723e-08,0.00015,301.124,293.15,317.791,0.0,150000,1,273,27300000,27300000,27300000,0,301124,1,273,27300000,27300000,27300000,0,293150,1,273,27300000,27300000,27300000,0,317791,1,273,27300000,27300000,27300000,0,0,1,273,27300000,27300000,27300000,0,1.0,0.527498,0.65,1.0,0.527498,0.65,1.0,0.527498,0.65,273,27600000,False,1.0,5000.0,300.0,500.0,600000000000.0,100000000000.0,,272
1,near_tick_before,thermal_loop,275,controller_tick,27400000,27.4,1,0,27400000,274,27400000,RUNNING,,0,0,62,1,0,reconstructed_from_retained_wire,True,,,317.7911492680056,301.12448386131206,293.14999880667136,0.5274980000000011,0.65,137000.0,136999.98712443537,0.00014999991971397566,18825.423634720464,-1.2749069355777465e-08,0.00015,301.124,293.15,317.791,0.0,150000,1,274,27400000,27400000,27400000,0,301124,1,274,27400000,27400000,27400000,0,293150,1,274,27400000,27400000,27400000,0,317791,1,274,27400000,27400000,27400000,0,0,1,274,27400000,27400000,27400000,0,1.0,0.527498,0.65,1.0,0.527498,0.65,1.0,0.527498,0.65,274,27700000,False,1.0,5000.0,300.0,500.0,600000000000.0,100000000000.0,,273
1,near_tick_before,thermal_loop,276,controller_tick,27500000,27.5,1,0,27500000,275,27500000,RUNNING,,0,0,62,1,0,reconstructed_from_retained_wire,True,,,317.7911492717829,301.1244838633301,293.14999880707114,0.5274980000000011,0.65,137500.0,137499.98706477892,0.00014999991971397566,18825.423634720464,-1.1999873095192015e-08,0.00015,301.124,293.15,317.791,0.0,150000,1,275,27500000,27500000,27500000,0,301124,1,275,27500000,27500000,27500000,0,293150,1,275,27500000,27500000,27500000,0,317791,1,275,27500000,27500000,27500000,0,0,1,275,27500000,27500000,27500000,0,1.0,0.527498,0.65,1.0,0.527498,0.65,1.0,0.527498,0.65,275,27800000,False,1.0,5000.0,300.0,500.0,600000000000.0,100000000000.0,,274
1,near_tick_before,thermal_loop,277,controller_tick,27600000,27.6,1,0,27600000,276,27600000,RUNNING,,0,0,62,1,0,reconstructed_from_retained_wire,True,,,317.79114927555486,301.12448386534237,293.14999880747735,0.5274980000000011,0.65,138000.0,137999.9870051426,0.00014999991971397566,18825.423634720464,-1.2466898624552414e-08,0.00015,301.124,293.15,317.791,0.0,150000,1,276,27600000,27600000,27600000,0,301124,1,276,27600000,27600000,27600000,0,293150,1,276,27600000,27600000,27600000,0,317791,1,276,27600000,27600000,27600000,0,0,1,276,27600000,27600000,27600000,0,1.0,0.527498,0.65,1.0,0.527498,0.65,1.0,0.527498,0.65,276,27900000,False,1.0,5000.0,300.0,500.0,600000000000.0,100000000000.0,,275
1,near_tick_before,thermal_loop,278,controller_tick,27700000,27.7,1,0,27700000,277,27700000,RUNNING,,0,0,62,1,0,reconstructed_from_retained_wire,True,,,317.7911492793216,301.12448386734894,293.1499988078899,0.5274980000000011,0.65,138500.0,138499.9869455268,0.00014999991971397566,18825.423634720464,-1.2426426110323519e-08,0.00015,301.124,293.15,317.791,0.0,150000,1,277,27700000,27700000,27700000,0,301124,1,277,27700000,27700000,27700000,0,293150,1,277,27700000,27700000,27700000,0,317791,1,277,27700000,27700000,27700000,0,0,1,277,27700000,27700000,27700000,0,1.0,0.527498,0.65,1.0,0.527498,0.65,1.0,0.527498,0.65,277,28000000,False,1.0,5000.0,300.0,500.0,600000000000.0,100000000000.0,,276
1,near_tick_before,thermal_loop,279,controller_tick,27800000,27.8,1,0,27800000,278,27800000,RUNNING,,0,0,62,1,0,reconstructed_from_retained_wire,True,,,317.79114928308303,301.1244838693499,293.1499988083088,0.5274980000000011,0.65,139000.0,138999.98688593175,0.00014999991971397566,18825.423634720464,-1.239345692738425e-08,0.00015,301.124,293.15,317.791,0.0,150000,1,278,27800000,27800000,27800000,0,301124,1,278,27800000,27800000,27800000,0,293150,1,278,27800000,27800000,27800000,0,317791,1,278,27800000,27800000,27800000,0,0,1,278,27800000,27800000,27800000,0,1.0,0.527498,0.65,1.0,0.527498,0.65,1.0,0.527498,0.65,278,28100000,False,1.0,5000.0,300.0,500.0,600000000000.0,100000000000.0,,277
1,near_tick_before,thermal_loop,280,controller_tick,27900000,27.9,1,0,27900000,279,27900000,RUNNING,,0,0,62,1,0,reconstructed_from_retained_wire,True,,,317.7911492868392,301.1244838713453,293.1499988087338,0.5274980000000011,0.65,139500.0,139499.98682635778,0.00014999991971397566,18825.423634720464,-1.3264980225358158e-08,0.00015,301.124,293.15,317.791,0.0,150000,1,279,27900000,27900000,27900000,0,301124,1,279,27900000,27900000,27900000,0,293150,1,279,27900000,27900000,27900000,0,317791,1,279,27900000,27900000,27900000,0,0,1,279,27900000,27900000,27900000,0,1.0,0.527498,0.65,1.0,0.527498,0.65,1.0,0.527498,0.65,279,28200000,False,1.0,5000.0,300.0,500.0,600000000000.0,100000000000.0,,278
1,near_tick_before,thermal_loop,281,controller_tick,28000000,28.0,1,0,28000000,280,28000000,RUNNING,,0,0,62,1,0,reconstructed_from_retained_wire,True,,,317.79114929059,301.12448387333535,293.149998809165,0.5274980000000011,0.65,140000.0,139999.98676680523,0.00014999991971397566,18825.423634720464,-1.3596945791505277e-08,0.00015,301.124,293.15,317.791,0.0,150000,1,280,28000000,28000000,28000000,0,301124,1,280,28000000,28000000,28000000,0,293150,1,280,28000000,28000000,28000000,0,317791,1,280,28000000,28000000,28000000,0,0,1,280,28000000,28000000,28000000,0,1.0,0.527498,0.65,1.0,0.527498,0.65,1.0,0.527498,0.65,280,28300000,False,1.0,5000.0,300.0,500.0,600000000000.0,100000000000.0,,279
1,near_tick_before,thermal_loop,282,controller_tick,28100000,28.1,1,0,28100000,281,28100000,RUNNING,,0,0,62,1,0,reconstructed_from_retained_wire,True,,,317.7911492943356,301.12448387532004,293.1499988096022,0.5274980000000011,0.65,140500.00000000003,140499.9867072744,0.00014999991971397566,18825.423634720464,-1.4366605682880618e-08,0.00015,301.124,293.15,317.791,0.0,150000,1,281,28100000,28100000,28100000,0,301124,1,281,28100000,28100000,28100000,0,293150,1,281,28100000,28100000,28100000,0,317791,1,281,28100000,28100000,28100000,0,0,1,281,28100000,28100000,28100000,0,1.0,0.527498,0.65,1.0,0.527498,0.65,1.0,0.527498,0.65,281,28400000,False,1.0,5000.0,300.0,500.0,600000000000.0,100000000000.0,,280
1,near_tick_before,thermal_loop,283,controller_tick,28200000,28.2,1,0,28200000,282,28200000,RUNNING,,0,0,62,1,0,reconstructed_from_retained_wire,True,,,317.7911492980759,301.12448387729955,293.14999881004536,0.5274980000000011,0.65,141000.00000000003,140999.9866477656,0.00014999991971397566,18825.423634720464,-1.4338411347125657e-08,0.00015,301.124,293.15,317.791,0.0,150000,1,282,28200000,28200000,28200000,0,301124,1,282,28200000,28200000,28200000,0,293150,1,282,28200000,28200000,28200000,0,317791,1,282,28200000,28200000,28200000,0,0,1,282,28200000,28200000,28200000,0,1.0,0.527498,0.65,1.0,0.527498,0.65,1.0,0.527498,0.65,282,28500000,False,1.0,5000.0,300.0,500.0,600000000000.0,100000000000.0,,281
1,near_tick_before,thermal_loop,284,controller_tick,28300000,28.3,1,0,28300000,283,28300000,RUNNING,,0,0,62,1,0,reconstructed_from_retained_wire,True,,,317.7911493018109,301.1244838792739,293.1499988104944,0.5274980000000011,0.65,141500.00000000003,141499.98658827908,0.00014999991971397566,18825.423634720464,-1.3992348613101058e-08,0.00015,301.124,293.15,317.791,0.0,150000,1,283,28300000,28300000,28300000,0,301124,1,283,28300000,28300000,28300000,0,293150,1,283,28300000,28300000,28300000,0,317791,1,283,28300000,28300000,28300000,0,0,1,283,28300000,28300000,28300000,0,1.0,0.527498,0.65,1.0,0.527498,0.65,1.0,0.527498,0.65,283,28600000,False,1.0,5000.0,300.0,500.0,600000000000.0,100000000000.0,,282
1,near_tick_before,thermal_loop,285,controller_tick,28400000,28.4,1,0,28400000,284,28400000,RUNNING,,0,0,62,1,0,reconstructed_from_retained_wire,True,,,317.79114930554067,301.1244838812431,293.1499988109493,0.5274980000000011,0.65,142000.00000000003,141999.98652881518,0.00014999991971397566,18825.423634720464,-1.339026312052738e-08,0.00015,301.124,293.15,317.791,0.0,150000,1,284,28400000,28400000,28400000,0,301124,1,284,28400000,28400000,28400000,0,293150,1,284,28400000,28400000,28400000,0,317791,1,284,28400000,28400000,28400000,0,0,1,284,28400000,28400000,28400000,0,1.0,0.527498,0.65,1.0,0.527498,0.65,1.0,0.527498,0.65,284,28700000,False,1.0,5000.0,300.0,500.0,600000000000.0,100000000000.0,,283
1,near_tick_before,thermal_loop,286,controller_tick,28500000,28.5,1,0,28500000,285,28500000,RUNNING,,0,0,62,1,0,reconstructed_from_retained_wire,True,,,317.7911493092651,301.12448388320735,293.14999881140983,0.5274980000000011,0.65,142500.00000000006,142499.98646937415,0.00014999991971397566,18825.423634720464,-1.3911403584643267e-08,0.00015,301.124,293.15,317.791,0.0,150000,1,285,28500000,28500000,28500000,0,301124,1,285,28500000,28500000,28500000,0,293150,1,285,28500000,28500000,28500000,0,317791,1,285,28500000,28500000,28500000,0,0,1,285,28500000,28500000,28500000,0,1.0,0.527498,0.65,1.0,0.527498,0.65,1.0,0.527498,0.65,285,28800000,False,1.0,5000.0,300.0,500.0,600000000000.0,100000000000.0,,284
1,near_tick_before,thermal_loop,287,controller_tick,28600000,28.6,1,0,28600000,286,28600000,RUNNING,,0,0,62,1,0,reconstructed_from_retained_wire,True,,,317.7911493129843,301.1244838851667,293.149998811876,0.5274980000000011,0.65,143000.00000000006,142999.98640995627,0.00014999991971397566,18825.423634720464,-1.3861154002370313e-08,0.00015,301.124,293.15,317.791,0.0,150000,1,286,28600000,28600000,28600000,0,301124,1,286,28600000,28600000,28600000,0,293150,1,286,28600000,28600000,28600000,0,317791,1,286,28600000,28600000,28600000,0,0,1,286,28600000,28600000,28600000,0,1.0,0.527498,0.65,1.0,0.527498,0.65,1.0,0.527498,0.65,286,28900000,False,1.0,5000.0,300.0,500.0,600000000000.0,100000000000.0,,285
1,near_tick_before,thermal_loop,288,controller_tick,28700000,28.7,1,0,28700000,287,28700000,RUNNING,,0,0,62,1,0,reconstructed_from_retained_wire,True,,,317.7911493166982,301.12448388712113,293.1499988123478,0.5274980000000011,0.65,143500.00000000006,143499.98635056187,0.00014999991971397566,18825.423634720464,-1.4056240615900606e-08,0.00015,301.124,293.15,317.791,0.0,150000,1,287,28700000,28700000,28700000,0,301124,1,287,28700000,28700000,28700000,0,293150,1,287,28700000,28700000,28700000,0,317791,1,287,28700000,28700000,28700000,0,0,1,287,28700000,28700000,28700000,0,1.0,0.527498,0.65,1.0,0.527498,0.65,1.0,0.527498,0.65,287,29000000,False,1.0,5000.0,300.0,500.0,600000000000.0,100000000000.0,,286
1,near_tick_before,thermal_loop,289,controller_tick,28800000,28.8,1,0,28800000,288,28800000,RUNNING,,0,0,62,1,0,reconstructed_from_retained_wire,True,,,317.7911493204068,301.1244838890708,293.14999881282506,0.5274980000000011,0.65,144000.00000000006,143999.9862911912,0.00014999991971397566,18825.423634720464,-1.4314991858555004e-08,0.00015,301.124,293.15,317.791,0.0,150000,1,288,28800000,28800000,28800000,0,301124,1,288,28800000,28800000,28800000,0,293150,1,288,28800000,28800000,28800000,0,317791,1,288,28800000,28800000,28800000,0,0,1,288,28800000,28800000,28800000,0,1.0,0.527498,0.65,1.0,0.527498,0.65,1.0,0.527498,0.65,288,29100000,False,1.0,5000.0,300.0,500.0,600000000000.0,100000000000.0,,287
1,near_tick_before,thermal_loop,290,controller_tick,28900000,28.9,1,0,28900000,289,28900000,RUNNING,,0,0,62,1,0,reconstructed_from_retained_wire,True,,,317.79114932411017,301.12448389101576,293.1499988133078,0.5274980000000011,0.65,144500.00000000006,144499.9862318445,0.00014999991971397566,18825.423634720464,-1.4468696463154629e-08,0.00015,301.124,293.15,317.791,0.0,150000,1,289,28900000,28900000,28900000,0,301124,1,289,28900000,28900000,28900000,0,293150,1,289,28900000,28900000,28900000,0,317791,1,289,28900000,28900000,28900000,0,0,1,289,28900000,28900000,28900000,0,1.0,0.527498,0.65,1.0,0.527498,0.65,1.0,0.527498,0.65,289,29200000,False,1.0,5000.0,300.0,500.0,600000000000.0,100000000000.0,,288
1,near_tick_before,thermal_loop,291,controller_tick,29000000,29.0,1,0,29000000,290,29000000,RUNNING,,0,0,62,1,0,reconstructed_from_retained_wire,True,,,317.7911493278082,301.12448389295616,293.14999881379583,0.5274980000000011,0.65,145000.00000000006,144999.98617252207,0.00014999991971397566,18825.423634720464,-1.4226316125132143e-08,0.00015,301.124,293.15,317.791,0.0,150000,1,290,29000000,29000000,29000000,0,301124,1,290,29000000,29000000,29000000,0,293150,1,290,29000000,29000000,29000000,0,317791,1,290,29000000,29000000,29000000,0,0,1,290,29000000,29000000,29000000,0,1.0,0.527498,0.65,1.0,0.527498,0.65,1.0,0.527498,0.65,290,29300000,False,1.0,5000.0,300.0,500.0,600000000000.0,100000000000.0,,289
1,near_tick_before,thermal_loop,292,controller_tick,29100000,29.1,1,0,29100000,291,29100000,RUNNING,,0,0,62,1,0,reconstructed_from_retained_wire,True,,,317.79114933150106,301.124483894892,293.1499988142891,0.5274980000000011,0.65,145500.00000000006,145499.98611322418,0.00014999991971397566,18825.423634720464,-1.418311512679793e-08,0.00015,301.124,293.15,317.791,0.0,150000,1,291,29100000,29100000,29100000,0,301124,1,291,29100000,29100000,29100000,0,293150,1,291,29100000,29100000,29100000,0,317791,1,291,29100000,29100000,29100000,0,0,1,291,29100000,29100000,29100000,0,1.0,0.527498,0.65,1.0,0.527498,0.65,1.0,0.527498,0.65,291,29400000,False,1.0,5000.0,300.0,500.0,600000000000.0,100000000000.0,,290
1,near_tick_before,thermal_loop,293,controller_tick,29200000,29.2,1,0,29200000,292,29200000,RUNNING,,0,0,62,1,0,reconstructed_from_retained_wire,True,,,317.79114933518855,301.12448389682334,293.1499988147877,0.5274980000000011,0.65,146000.00000000006,145999.98605395108,0.00014999991971397566,18825.423634720464,-1.4501210898743011e-08,0.00015,301.124,293.15,317.791,0.0,150000,1,292,29200000,29200000,29200000,0,301124,1,292,29200000,29200000,29200000,0,293150,1,292,29200000,29200000,29200000,0,317791,1,292,29200000,29200000,29200000,0,0,1,292,29200000,29200000,29200000,0,1.0,0.527498,0.65,1.0,0.527498,0.65,1.0,0.527498,0.65,292,29500000,False,1.0,5000.0,300.0,500.0,600000000000.0,100000000000.0,,291
1,near_tick_before,thermal_loop,294,controller_tick,29300000,29.3,1,0,29300000,293,29300000,RUNNING,,0,0,62,1,0,reconstructed_from_retained_wire,True,,,317.7911493388708,301.1244838987503,293.1499988152914,0.5274980000000011,0.65,146500.00000000006,146499.98599470305,0.00014999991971397566,18825.423634720464,-1.4019406080478802e-08,0.00015,301.124,293.15,317.791,0.0,150000,1,293,29300000,29300000,29300000,0,301124,1,293,29300000,29300000,29300000,0,293150,1,293,29300000,29300000,29300000,0,317791,1,293,29300000,29300000,29300000,0,0,1,293,29300000,29300000,29300000,0,1.0,0.527498,0.65,1.0,0.527498,0.65,1.0,0.527498,0.65,293,29600000,False,1.0,5000.0,300.0,500.0,600000000000.0,100000000000.0,,292
1,near_tick_before,thermal_loop,295,controller_tick,29400000,29.4,1,0,29400000,294,29400000,RUNNING,,0,0,62,1,0,reconstructed_from_retained_wire,True,,,317.79114934254784,301.1244839006729,293.1499988158002,0.5274980000000011,0.65,147000.00000000006,146999.9859354803,0.00014999991971397566,18825.423634720464,-1.3455291991704144e-08,0.00015,301.124,293.15,317.791,0.0,150000,1,294,29400000,29400000,29400000,0,301124,1,294,29400000,29400000,29400000,0,293150,1,294,29400000,29400000,29400000,0,317791,1,294,29400000,29400000,29400000,0,0,1,294,29400000,29400000,29400000,0,1.0,0.527498,0.65,1.0,0.527498,0.65,1.0,0.527498,0.65,294,29700000,False,1.0,5000.0,300.0,500.0,600000000000.0,100000000000.0,,293
1,near_tick_before,thermal_loop,296,controller_tick,29500000,29.5,1,0,29500000,295,29500000,RUNNING,,0,0,62,1,0,reconstructed_from_retained_wire,True,,,317.7911493462196,301.1244839025912,293.14999881631394,0.5274980000000011,0.65,147500.00000000006,147499.98587628314,0.00014999991971397566,18825.423634720464,-1.379908098897431e-08,0.00015,301.124,293.15,317.791,0.0,150000,1,295,29500000,29500000,29500000,0,301124,1,295,29500000,29500000,29500000,0,293150,1,295,29500000,29500000,29500000,0,317791,1,295,29500000,29500000,29500000,0,0,1,295,29500000,29500000,29500000,0,1.0,0.527498,0.65,1.0,0.527498,0.65,1.0,0.527498,0.65,295,29800000,False,1.0,5000.0,300.0,500.0,600000000000.0,100000000000.0,,294
1,near_tick_before,thermal_loop,297,controller_tick,29600000,29.6,1,0,29600000,296,29600000,RUNNING,,0,0,62,1,0,reconstructed_from_retained_wire,True,,,317.7911493498861,301.12448390450527,293.14999881683264,0.5274980000000011,0.65,148000.00000000006,147999.9858171118,0.00014999991971397566,18825.423634720464,-1.3774297258350998e-08,0.00015,301.124,293.15,317.791,0.0,150000,1,296,29600000,29600000,29600000,0,301124,1,296,29600000,29600000,29600000,0,293150,1,296,29600000,29600000,29600000,0,317791,1,296,29600000,29600000,29600000,0,0,1,296,29600000,29600000,29600000,0,1.0,0.527498,0.65,1.0,0.527498,0.65,1.0,0.527498,0.65,296,29900000,False,1.0,5000.0,300.0,500.0,600000000000.0,100000000000.0,,295
1,near_tick_before,thermal_loop,298,controller_tick,29700000,29.7,1,0,29700000,297,29700000,RUNNING,,0,0,62,1,0,reconstructed_from_retained_wire,True,,,317.7911493535474,301.1244839064152,293.1499988173562,0.5274980000000011,0.65,148500.00000000006,148499.9857579665,0.00014999991971397566,18825.423634720464,-1.3385715647018515e-08,0.00015,301.124,293.15,317.791,0.0,150000,1,297,29700000,29700000,29700000,0,301124,1,297,29700000,29700000,29700000,0,293150,1,297,29700000,29700000,29700000,0,317791,1,297,29700000,29700000,29700000,0,0,1,297,29700000,29700000,29700000,0,1.0,0.527498,0.65,1.0,0.527498,0.65,1.0,0.527498,0.65,297,30000000,False,1.0,5000.0,300.0,500.0,600000000000.0,100000000000.0,,296
1,near_tick_before,thermal_loop,299,controller_tick,29800000,29.8,1,0,29800000,298,29800000,RUNNING,,0,0,62,1,0,reconstructed_from_retained_wire,True,,,317.7911493572034,301.1244839083211,293.1499988178846,0.5274980000000011,0.65,149000.00000000006,148999.9856988475,0.00014999991971397566,18825.423634720464,-1.3415046851150692e-08,0.00015,301.124,293.15,317.791,0.0,150000,1,298,29800000,29800000,29800000,0,301124,1,298,29800000,29800000,29800000,0,293150,1,298,29800000,29800000,29800000,0,317791,1,298,29800000,29800000,29800000,0,0,1,298,29800000,29800000,29800000,0,1.0,0.527498,0.65,1.0,0.527498,0.65,1.0,0.527498,0.65,298,30100000,False,1.0,5000.0,300.0,500.0,600000000000.0,100000000000.0,,297
1,near_tick_before,thermal_loop,300,controller_tick,29900000,29.9,1,0,29900000,299,29900000,RUNNING,,0,0,62,1,0,reconstructed_from_retained_wire,True,,,317.7911493608541,301.1244839102229,293.1499988184177,0.5274980000000011,0.65,149500.00000000006,149499.98563975506,0.00014999991971397566,18825.423634720464,-1.4104671208770014e-08,0.00015,301.124,293.15,317.791,0.0,150000,1,299,29900000,29900000,29900000,0,301124,1,299,29900000,29900000,29900000,0,293150,1,299,29900000,29900000,29900000,0,317791,1,299,29900000,29900000,29900000,0,0,1,299,29900000,29900000,29900000,0,1.0,0.527498,0.65,1.0,0.527498,0.65,1.0,0.527498,0.65,299,30200000,False,1.0,5000.0,300.0,500.0,600000000000.0,100000000000.0,,298
1,near_tick_before,thermal_loop,301,controller_tick,30000000,30.0,1,0,30000000,300,30000000,RUNNING,,0,0,62,1,0,reconstructed_from_retained_wire,True,,,317.7911493644995,301.12448391212087,293.14999881895557,0.5274980000000011,0.65,150000.00000000006,149999.9855806894,0.00014999991971397566,18825.423634720464,-1.4033730622031726e-08,0.00015,301.124,293.15,317.791,0.0,150000,1,300,30000000,30000000,30000000,0,301124,1,300,30000000,30000000,30000000,0,293150,1,300,30000000,30000000,30000000,0,317791,1,300,30000000,30000000,30000000,0,0,1,300,30000000,30000000,30000000,0,1.0,0.527498,0.65,1.0,0.527498,0.65,1.0,0.527498,0.65,300,30300000,False,1.0,5000.0,300.0,500.0,600000000000.0,100000000000.0,,299
1,near_tick_before,thermal_loop,302,controller_tick,30100000,30.1,1,0,30100000,301,30100000,RUNNING,,0,0,62,1,0,reconstructed_from_retained_wire,True,,,317.79114936813977,301.12448391401483,293.149998819498,0.5274980000000011,0.65,150500.00000000006,150499.9855216507,0.00014999991971397566,18825.423634720464,-1.4237684808904305e-08,0.00015,301.124,293.15,317.791,0.0,150000,1,301,30100000,30100000,30100000,0,301124,1,301,30100000,30100000,30100000,0,293150,1,301,30100000,30100000,30100000,0,317791,1,301,30100000,30100000,30100000,0,0,1,301,30100000,30100000,30100000,0,1.0,0.527498,0.65,1.0,0.527498,0.65,1.0,0.527498,0.65,301,30400000,False,1.0,5000.0,300.0,500.0,600000000000.0,100000000000.0,,300
1,near_tick_before,thermal_loop,303,controller_tick,30200000,30.2,1,0,30200000,302,30200000,RUNNING,,0,0,62,1,0,reconstructed_from_retained_wire,True,,,317.79114937177474,301.12448391590505,293.1499988200451,0.5274980000000011,0.65,151000.0000000001,150999.98546263928,0.00014999991971397566,18825.423634720464,-1.3690623745787889e-08,0.00015,301.124,293.15,317.791,0.0,150000,1,302,30200000,30200000,30200000,0,301124,1,302,30200000,30200000,30200000,0,293150,1,302,30200000,30200000,30200000,0,317791,1,302,30200000,30200000,30200000,0,0,1,302,30200000,30200000,30200000,0,1.0,0.527498,0.65,1.0,0.527498,0.65,1.0,0.527498,0.65,302,30500000,False,1.0,5000.0,300.0,500.0,600000000000.0,100000000000.0,,301
1,near_tick_before,thermal_loop,304,controller_tick,30300000,30.3,1,0,30300000,303,30300000,RUNNING,,0,0,62,1,0,reconstructed_from_retained_wire,True,,,317.79114937540453,301.1244839177914,293.1499988205966,0.5274980000000011,0.65,151500.0000000001,151499.9854036553,0.00014999991971397566,18825.423634720464,-1.4111719792708755e-08,0.00015,301.124,293.15,317.791,0.0,150000,1,303,30300000,30300000,30300000,0,301124,1,303,30300000,30300000,30300000,0,293150,1,303,30300000,30300000,30300000,0,317791,1,303,30300000,30300000,30300000,0,0,1,303,30300000,30300000,30300000,0,1.0,0.527498,0.65,1.0,0.527498,0.65,1.0,0.527498,0.65,303,30600000,False,1.0,5000.0,300.0,500.0,600000000000.0,100000000000.0,,302
1,near_tick_before,thermal_loop,305,controller_tick,30400000,30.4,1,0,30400000,304,30400000,RUNNING,,0,0,62,1,0,reconstructed_from_retained_wire,True,,,317.7911493790291,301.12448391967405,293.1499988211525,0.5274980000000011,0.65,152000.0000000001,151999.98534469903,0.00014999991971397566,18825.423634720464,-1.4410943549592048e-08,0.00015,301.124,293.15,317.791,0.0,150000,1,304,30400000,30400000,30400000,0,301124,1,304,30400000,30400000,30400000,0,293150,1,304,30400000,30400000,30400000,0,317791,1,304,30400000,30400000,30400000,0,0,1,304,30400000,30400000,30400000,0,1.0,0.527498,0.65,1.0,0.527498,0.65,1.0,0.527498,0.65,304,30700000,False,1.0,5000.0,300.0,500.0,600000000000.0,100000000000.0,,303
1,near_tick_before,thermal_loop,306,controller_tick,30500000,30.5,1,0,30500000,305,30500000,RUNNING,,0,0,62,1,0,reconstructed_from_retained_wire,True,,,317.7911493826484,301.124483921553,293.14999882171287,0.5274980000000011,0.65,152500.0000000001,152499.98528577067,0.00014999991971397566,18825.423634720464,-1.4384568203240633e-08,0.00015,301.124,293.15,317.791,0.0,150000,1,305,30500000,30500000,30500000,0,301124,1,305,30500000,30500000,30500000,0,293150,1,305,30500000,30500000,30500000,0,317791,1,305,30500000,30500000,30500000,0,0,1,305,30500000,30500000,30500000,0,1.0,0.527498,0.65,1.0,0.527498,0.65,1.0,0.527498,0.65,305,30800000,False,1.0,5000.0,300.0,500.0,600000000000.0,100000000000.0,,304
1,near_tick_before,thermal_loop,307,controller_tick,30600000,30.6,1,0,30600000,306,30600000,RUNNING,,0,0,62,1,0,reconstructed_from_retained_wire,True,,,317.7911493862625,301.1244839234284,293.14999882227755,0.5274980000000011,0.65,153000.0000000001,152999.98522687043,0.00014999991971397566,18825.423634720464,-1.4872512110741809e-08,0.00015,301.124,293.15,317.791,0.0,150000,1,306,30600000,30600000,30600000,0,301124,1,306,30600000,30600000,30600000,0,293150,1,306,30600000,30600000,30600000,0,317791,1,306,30600000,30600000,30600000,0,0,1,306,30600000,30600000,30600000,0,1.0,0.527498,0.65,1.0,0.527498,0.65,1.0,0.527498,0.65,306,30900000,False,1.0,5000.0,300.0,500.0,600000000000.0,100000000000.0,,305
1,near_tick_before,thermal_loop,308,controller_tick,30700000,30.7,1,0,30700000,307,30700000,RUNNING,,0,0,62,1,0,reconstructed_from_retained_wire,True,,,317.79114938987135,301.1244839253002,293.14999882284656,0.5274980000000011,0.65,153500.0000000001,153499.9851679985,0.00014999991971397566,18825.423634720464,-1.453418008168228e-08,0.00015,301.124,293.15,317.791,0.0,150000,1,307,30700000,30700000,30700000,0,301124,1,307,30700000,30700000,30700000,0,293150,1,307,30700000,30700000,30700000,0,317791,1,307,30700000,30700000,30700000,0,0,1,307,30700000,30700000,30700000,0,1.0,0.527498,0.65,1.0,0.527498,0.65,1.0,0.527498,0.65,307,31000000,False,1.0,5000.0,300.0,500.0,600000000000.0,100000000000.0,,306
1,near_tick_before,thermal_loop,309,controller_tick,30800000,30.8,1,0,30800000,308,30800000,RUNNING,,0,0,62,1,0,reconstructed_from_retained_wire,True,,,317.79114939347505,301.12448392716846,293.14999882341976,0.5274980000000011,0.65,154000.0000000001,153999.98510915515,0.00014999991971397566,18825.423634720464,-1.4058059605304152e-08,0.00015,301.124,293.15,317.791,0.0,150000,1,308,30800000,30800000,30800000,0,301124,1,308,30800000,30800000,30800000,0,293150,1,308,30800000,30800000,30800000,0,317791,1,308,30800000,30800000,30800000,0,0,1,308,30800000,30800000,30800000,0,1.0,0.527498,0.65,1.0,0.527498,0.65,1.0,0.527498,0.65,308,31100000,False,1.0,5000.0,300.0,500.0,600000000000.0,100000000000.0,,307
1,near_tick_before,thermal_loop,310,controller_tick,30900000,30.9,1,0,30900000,309,30900000,RUNNING,,0,0,62,1,0,reconstructed_from_retained_wire,True,,,317.7911493970736,301.12448392903326,293.14999882399707,0.5274980000000011,0.65,154500.0000000001,154499.9850503406,0.00014999991971397566,18825.423634720464,-1.4190845831763e-08,0.00015,301.124,293.15,317.791,0.0,150000,1,309,30900000,30900000,30900000,0,301124,1,309,30900000,30900000,30900000,0,293150,1,309,30900000,30900000,30900000,0,317791,1,309,30900000,30900000,30900000,0,0,1,309,30900000,30900000,30900000,0,1.0,0.527498,0.65,1.0,0.527498,0.65,1.0,0.527498,0.65,309,31200000,False,1.0,5000.0,300.0,500.0,600000000000.0,100000000000.0,,308
1,near_tick_before,thermal_loop,311,controller_tick,31000000,31.0,1,0,31000000,310,31000000,RUNNING,,0,0,62,1,0,reconstructed_from_retained_wire,True,,,317.7911494006669,301.1244839308947,293.1499988245785,0.5274980000000011,0.65,155000.0000000001,154999.98499155496,0.00014999991971397566,18825.423634720464,-1.3692215361515991e-08,0.00015,301.124,293.15,317.791,0.0,150000,1,310,31000000,31000000,31000000,0,301124,1,310,31000000,31000000,31000000,0,293150,1,310,31000000,31000000,31000000,0,317791,1,310,31000000,31000000,31000000,0,0,1,310,31000000,31000000,31000000,0,1.0,0.527498,0.65,1.0,0.527498,0.65,1.0,0.527498,0.65,310,31300000,False,1.0,5000.0,300.0,500.0,600000000000.0,100000000000.0,,309
1,near_tick_before,thermal_loop,312,controller_tick,31100000,31.1,1,0,31100000,311,31100000,RUNNING,,0,0,62,1,0,reconstructed_from_retained_wire,True,,,317.79114940425495,301.12448393275275,293.14999882516406,0.5274980000000011,0.65,155500.0000000001,155499.9849327985,0.00014999991971397566,18825.423634720464,-1.3488261174643412e-08,0.00015,301.124,293.15,317.791,0.0,150000,1,311,31100000,31100000,31100000,0,301124,1,311,31100000,31100000,31100000,0,293150,1,311,31100000,31100000,31100000,0,317791,1,311,31100000,31100000,31100000,0,0,1,311,31100000,31100000,31100000,0,1.0,0.527498,0.65,1.0,0.527498,0.65,1.0,0.527498,0.65,311,31400000,False,1.0,5000.0,300.0,500.0,600000000000.0,100000000000.0,,310
1,near_tick_before,thermal_loop,313,controller_tick,31200000,31.2,1,0,31200000,312,31200000,RUNNING,,0,0,62,1,0,reconstructed_from_retained_wire,True,,,317.7911494078379,301.1244839346075,293.1499988257535,0.5274980000000011,0.65,156000.0000000001,155999.98487407144,0.00014999991971397566,18825.423634720464,-1.3455519365379587e-08,0.00015,301.124,293.15,317.791,0.0,150000,1,312,31200000,31200000,31200000,0,301124,1,312,31200000,31200000,31200000,0,293150,1,312,31200000,31200000,31200000,0,317791,1,312,31200000,31200000,31200000,0,0,1,312,31200000,31200000,31200000,0,1.0,0.527498,0.65,1.0,0.527498,0.65,1.0,0.527498,0.65,312,31500000,False,1.0,5000.0,300.0,500.0,600000000000.0,100000000000.0,,311
1,near_tick_before,thermal_loop,314,controller_tick,31300000,31.3,1,0,31300000,313,31300000,RUNNING,,0,0,62,1,0,reconstructed_from_retained_wire,True,,,317.7911494114156,301.124483936459,293.14999882634703,0.5274980000000011,0.65,156500.0000000001,156499.98481537393,0.00014999991971397566,18825.423634720464,-1.31947217596462e-08,0.00015,301.124,293.15,317.791,0.0,150000,1,313,31300000,31300000,31300000,0,301124,1,313,31300000,31300000,31300000,0,293150,1,313,31300000,31300000,31300000,0,317791,1,313,31300000,31300000,31300000,0,0,1,313,31300000,31300000,31300000,0,1.0,0.527498,0.65,1.0,0.527498,0.65,1.0,0.527498,0.65,313,31600000,False,1.0,5000.0,300.0,500.0,600000000000.0,100000000000.0,,312
1,near_tick_before,thermal_loop,315,controller_tick,31400000,31.4,1,0,31400000,314,31400000,RUNNING,,0,0,62,1,0,reconstructed_from_retained_wire,True,,,317.7911494149881,301.1244839383072,293.1499988269444,0.5274980000000011,0.65,157000.0000000001,156999.9847567062,0.00014999991971397566,18825.423634720464,-1.3410499377641827e-08,0.00015,301.124,293.15,317.791,0.0,150000,1,314,31400000,31400000,31400000,0,301124,1,314,31400000,31400000,31400000,0,293150,1,314,31400000,31400000,31400000,0,317791,1,314,31400000,31400000,31400000,0,0,1,314,31400000,31400000,31400000,0,1.0,0.527498,0.65,1.0,0.527498,0.65,1.0,0.527498,0.65,314,31700000,False,1.0,5000.0,300.0,500.0,600000000000.0,100000000000.0,,313
1,near_tick_before,thermal_loop,316,controller_tick,31500000,31.5,1,0,31500000,315,31500000,RUNNING,,0,0,62,1,0,reconstructed_from_retained_wire,True,,,317.7911494185555,301.12448394015234,293.1499988275456,0.5274980000000011,0.65,157500.0000000001,157499.98469806844,0.00014999991971397566,18825.423634720464,-1.3279532140586525e-08,0.00015,301.124,293.15,317.791,0.0,150000,1,315,31500000,31500000,31500000,0,301124,1,315,31500000,31500000,31500000,0,293150,1,315,31500000,31500000,31500000,0,317791,1,315,31500000,31500000,31500000,0,0,1,315,31500000,31500000,31500000,0,1.0,0.527498,0.65,1.0,0.527498,0.65,1.0,0.527498,0.65,315,31800000,False,1.0,5000.0,300.0,500.0,600000000000.0,100000000000.0,,314
1,near_tick_before,thermal_loop,317,controller_tick,31600000,31.6,1,0,31600000,316,31600000,RUNNING,,0,0,62,1,0,reconstructed_from_retained_wire,True,,,317.79114942211777,301.1244839419943,293.14999882815056,0.5274980000000011,0.65,158000.0000000001,157999.98463946083,0.00014999991971397566,18825.423634720464,-1.3009184840484522e-08,0.00015,301.124,293.15,317.791,0.0,150000,1,316,31600000,31600000,31600000,0,301124,1,316,31600000,31600000,31600000,0,293150,1,316,31600000,31600000,31600000,0,317791,1,316,31600000,31600000,31600000,0,0,1,316,31600000,31600000,31600000,0,1.0,0.527498,0.65,1.0,0.527498,0.65,1.0,0.527498,0.65,316,31900000,False,1.0,5000.0,300.0,500.0,600000000000.0,100000000000.0,,315
1,near_tick_before,thermal_loop,318,controller_tick,31700000,31.7,1,0,31700000,317,31700000,RUNNING,,0,0,62,1,0,reconstructed_from_retained_wire,True,,,317.7911494256748,301.1244839438332,293.1499988287593,0.5274980000000011,0.65,158500.0000000001,158499.98458088358,0.00014999991971397566,18825.423634720464,-1.3294993550516665e-08,0.00015,301.124,293.15,317.791,0.0,150000,1,317,31700000,31700000,31700000,0,301124,1,317,31700000,31700000,31700000,0,293150,1,317,31700000,31700000,31700000,0,317791,1,317,31700000,31700000,31700000,0,0,1,317,31700000,31700000,31700000,0,1.0,0.527498,0.65,1.0,0.527498,0.65,1.0,0.527498,0.65,317,32000000,False,1.0,5000.0,300.0,500.0,600000000000.0,100000000000.0,,316
1,near_tick_before,thermal_loop,319,controller_tick,31800000,31.8,1,0,31800000,318,31800000,RUNNING,,0,0,62,1,0,reconstructed_from_retained_wire,True,,,317.7911494292267,301.124483945669,293.1499988293718,0.5274980000000011,0.65,159000.0000000001,158999.98452233683,0.00014999991971397566,18825.423634720464,-1.2854570741183124e-08,0.00015,301.124,293.15,317.791,0.0,150000,1,318,31800000,31800000,31800000,0,301124,1,318,31800000,31800000,31800000,0,293150,1,318,31800000,31800000,31800000,0,317791,1,318,31800000,31800000,31800000,0,0,1,318,31800000,31800000,31800000,0,1.0,0.527498,0.65,1.0,0.527498,0.65,1.0,0.527498,0.65,318,32100000,False,1.0,5000.0,300.0,500.0,600000000000.0,100000000000.0,,317
1,near_tick_before,thermal_loop,320,controller_tick,31900000,31.9,1,0,31900000,319,31900000,RUNNING,,0,0,62,1,0,reconstructed_from_retained_wire,True,,,317.7911494327735,301.12448394750186,293.14999882998785,0.5274980000000011,0.65,159500.0000000001,159499.98446382082,0.00014999991971397566,18825.423634720464,-1.2643113223020919e-08,0.00015,301.124,293.15,317.791,0.0,150000,1,319,31900000,31900000,31900000,0,301124,1,319,31900000,31900000,31900000,0,293150,1,319,31900000,31900000,31900000,0,317791,1,319,31900000,31900000,31900000,0,0,1,319,31900000,31900000,31900000,0,1.0,0.527498,0.65,1.0,0.527498,0.65,1.0,0.527498,0.65,319,32200000,False,1.0,5000.0,300.0,500.0,600000000000.0,100000000000.0,,318
1,near_tick_before,thermal_loop,321,controller_tick,32000000,32.0,1,0,32000000,320,32000000,RUNNING,,0,0,62,1,0,reconstructed_from_retained_wire,True,,,317.7911494363151,301.12448394933176,293.14999883060756,0.5274980000000011,0.65,160000.0000000001,159999.98440533568,0.00014999991971397566,18825.423634720464,-1.2939153748448007e-08,0.00015,301.124,293.15,317.791,0.0,150000,1,320,32000000,32000000,32000000,0,301124,1,320,32000000,32000000,32000000,0,293150,1,320,32000000,32000000,32000000,0,317791,1,320,32000000,32000000,32000000,0,0,1,320,32000000,32000000,32000000,0,1.0,0.527498,0.65,1.0,0.527498,0.65,1.0,0.527498,0.65,320,32300000,False,1.0,5000.0,300.0,500.0,600000000000.0,100000000000.0,,319
1,near_tick_before,thermal_loop,322,controller_tick,32100000,32.1,1,0,32100000,321,32100000,RUNNING,,0,0,62,1,0,reconstructed_from_retained_wire,True,,,317.79114943985155,301.12448395115877,293.14999883123085,0.5274980000000011,0.65,160500.00000000012,160499.98434688165,0.00014999991971397566,18825.423634720464,-1.263970261788927e-08,0.00015,301.124,293.15,317.791,0.0,150000,1,321,32100000,32100000,32100000,0,301124,1,321,32100000,32100000,32100000,0,293150,1,321,32100000,32100000,32100000,0,317791,1,321,32100000,32100000,32100000,0,0,1,321,32100000,32100000,32100000,0,1.0,0.527498,0.65,1.0,0.527498,0.65,1.0,0.527498,0.65,321,32400000,False,1.0,5000.0,300.0,500.0,600000000000.0,100000000000.0,,320
1,near_tick_before,thermal_loop,323,controller_tick,32200000,32.2,1,0,32200000,322,32200000,RUNNING,,0,0,62,1,0,reconstructed_from_retained_wire,True,,,317.7911494433829,301.12448395298287,293.14999883185754,0.5274980000000011,0.65,161000.00000000015,160999.98428845886,0.00014999991971397566,18825.423634720464,-1.3737690096604638e-08,0.00015,301.124,293.15,317.791,0.0,150000,1,322,32200000,32200000,32200000,0,301124,1,322,32200000,32200000,32200000,0,293150,1,322,32200000,32200000,32200000,0,317791,1,322,32200000,32200000,32200000,0,0,1,322,32200000,32200000,32200000,0,1.0,0.527498,0.65,1.0,0.527498,0.65,1.0,0.527498,0.65,322,32500000,False,1.0,5000.0,300.0,500.0,600000000000.0,100000000000.0,,321
1,near_tick_before,thermal_loop,324,controller_tick,32300000,32.3,1,0,32300000,323,32300000,RUNNING,,0,0,62,1,0,reconstructed_from_retained_wire,True,,,317.7911494469091,301.12448395480413,293.14999883248777,0.5274980000000011,0.65,161500.00000000017,161499.9842300675,0.00014999991971397566,18825.423634720464,-1.4128545444691554e-08,0.00015,301.124,293.15,317.791,0.0,150000,1,323,32300000,32300000,32300000,0,301124,1,323,32300000,32300000,32300000,0,293150,1,323,32300000,32300000,32300000,0,317791,1,323,32300000,32300000,32300000,0,0,1,323,32300000,32300000,32300000,0,1.0,0.527498,0.65,1.0,0.527498,0.65,1.0,0.527498,0.65,323,32600000,False,1.0,5000.0,300.0,500.0,600000000000.0,100000000000.0,,322
1,near_tick_before,thermal_loop,325,controller_tick,32400000,32.4,1,0,32400000,324,32400000,RUNNING,,0,0,62,1,0,reconstructed_from_retained_wire,True,,,317.7911494504302,301.1244839566226,293.1499988331214,0.5274980000000011,0.65,162000.0000000002,161999.9841717077,0.00014999991971397566,18825.423634720464,-1.461717147321906e-08,0.00015,301.124,293.15,317.791,0.0,150000,1,324,32400000,32400000,32400000,0,301124,1,324,32400000,32400000,32400000,0,293150,1,324,32400000,32400000,32400000,0,317791,1,324,32400000,32400000,32400000,0,0,1,324,32400000,32400000,32400000,0,1.0,0.527498,0.65,1.0,0.527498,0.65,1.0,0.527498,0.65,324,32700000,False,1.0,5000.0,300.0,500.0,600000000000.0,100000000000.0,,323
1,near_tick_before,thermal_loop,326,controller_tick,32500000,32.5,1,0,32500000,325,32500000,RUNNING,,0,0,62,1,0,reconstructed_from_retained_wire,True,,,317.7911494539463,301.12448395843836,293.14999883375845,0.5274980000000011,0.65,162500.0000000002,162499.9841133797,0.00014999991971397566,18825.423634720464,-1.392709236824885e-08,0.00015,301.124,293.15,317.791,0.0,150000,1,325,32500000,32500000,32500000,0,301124,1,325,32500000,32500000,32500000,0,293150,1,325,32500000,32500000,32500000,0,317791,1,325,32500000,32500000,32500000,0,0,1,325,32500000,32500000,32500000,0,1.0,0.527498,0.65,1.0,0.527498,0.65,1.0,0.527498,0.65,325,32800000,False,1.0,5000.0,300.0,500.0,600000000000.0,100000000000.0,,324
1,near_tick_before,thermal_loop,327,controller_tick,32600000,32.6,1,0,32600000,326,32600000,RUNNING,,0,0,62,1,0,reconstructed_from_retained_wire,True,,,317.7911494574572,301.1244839602514,293.14999883439884,0.5274980000000011,0.65,163000.00000000023,162999.98405508362,0.00014999991971397566,18825.423634720464,-1.3252247299533337e-08,0.00015,301.124,293.15,317.791,0.0,150000,1,326,32600000,32600000,32600000,0,301124,1,326,32600000,32600000,32600000,0,293150,1,326,32600000,32600000,32600000,0,317791,1,326,32600000,32600000,32600000,0,0,1,326,32600000,32600000,32600000,0,1.0,0.527498,0.65,1.0,0.527498,0.65,1.0,0.527498,0.65,326,32900000,False,1.0,5000.0,300.0,500.0,600000000000.0,100000000000.0,,325
1,near_tick_before,thermal_loop,328,controller_tick,32700000,32.7,1,0,32700000,327,32700000,RUNNING,,0,0,62,1,0,reconstructed_from_retained_wire,True,,,317.791149460963,301.12448396206173,293.1499988350425,0.5274980000000011,0.65,163500.00000000023,163499.98399681965,0.00014999991971397566,18825.423634720464,-1.3310227586771362e-08,0.00015,301.124,293.15,317.791,0.0,150000,1,327,32700000,32700000,32700000,0,301124,1,327,32700000,32700000,32700000,0,293150,1,327,32700000,32700000,32700000,0,317791,1,327,32700000,32700000,32700000,0,0,1,327,32700000,32700000,32700000,0,1.0,0.527498,0.65,1.0,0.527498,0.65,1.0,0.527498,0.65,327,33000000,False,1.0,5000.0,300.0,500.0,600000000000.0,100000000000.0,,326
1,near_tick_before,thermal_loop,329,controller_tick,32800000,32.8,1,0,32800000,328,32800000,RUNNING,,0,0,62,1,0,reconstructed_from_retained_wire,True,,,317.7911494644638,301.1244839638694,293.14999883568936,0.5274980000000011,0.65,164000.00000000026,163999.98393858795,0.00014999991971397566,18825.423634720464,-1.3416183719527908e-08,0.00015,301.124,293.15,317.791,0.0,150000,1,328,32800000,32800000,32800000,0,301124,1,328,32800000,32800000,32800000,0,293150,1,328,32800000,32800000,32800000,0,317791,1,328,32800000,32800000,32800000,0,0,1,328,32800000,32800000,32800000,0,1.0,0.527498,0.65,1.0,0.527498,0.65,1.0,0.527498,0.65,328,33100000,False,1.0,5000.0,300.0,500.0,600000000000.0,100000000000.0,,327
1,near_tick_before,thermal_loop,330,controller_tick,32900000,32.9,1,0,32900000,329,32900000,RUNNING,,0,0,62,1,0,reconstructed_from_retained_wire,True,,,317.7911494679594,301.1244839656745,293.1499988363394,0.5274980000000011,0.65,164500.0000000003,164499.98388038864,0.00014999991971397566,18825.423634720464,-1.4230636224965565e-08,0.00015,301.124,293.15,317.791,0.0,150000,1,329,32900000,32900000,32900000,0,301124,1,329,32900000,32900000,32900000,0,293150,1,329,32900000,32900000,32900000,0,317791,1,329,32900000,32900000,32900000,0,0,1,329,32900000,32900000,32900000,0,1.0,0.527498,0.65,1.0,0.527498,0.65,1.0,0.527498,0.65,329,33200000,False,1.0,5000.0,300.0,500.0,600000000000.0,100000000000.0,,328
1,near_tick_before,thermal_loop,331,controller_tick,33000000,33.0,1,0,33000000,330,33000000,RUNNING,,0,0,62,1,0,reconstructed_from_retained_wire,True,,,317.79114947145,301.124483967477,293.14999883699267,0.5274980000000011,0.65,165000.00000000032,164999.98382222193,0.00014999991971397566,18825.423634720464,-1.4506213119602762e-08,0.00015,301.124,293.15,317.791,0.0,150000,1,330,33000000,33000000,33000000,0,301124,1,330,33000000,33000000,33000000,0,293150,1,330,33000000,33000000,33000000,0,317791,1,330,33000000,33000000,33000000,0,0,1,330,33000000,33000000,33000000,0,1.0,0.527498,0.65,1.0,0.527498,0.65,1.0,0.527498,0.65,330,33300000,False,1.0,5000.0,300.0,500.0,600000000000.0,100000000000.0,,329
1,near_tick_before,thermal_loop,332,controller_tick,33100000,33.1,1,0,33100000,331,33100000,RUNNING,,0,0,62,1,0,reconstructed_from_retained_wire,True,,,317.7911494749356,301.12448396927687,293.1499988376491,0.5274980000000011,0.65,165500.00000000032,165499.98376408796,0.00014999991971397566,18825.423634720464,-1.3975068213767372e-08,0.00015,301.124,293.15,317.791,0.0,150000,1,331,33100000,33100000,33100000,0,301124,1,331,33100000,33100000,33100000,0,293150,1,331,33100000,33100000,33100000,0,317791,1,331,33100000,33100000,33100000,0,0,1,331,33100000,33100000,33100000,0,1.0,0.527498,0.65,1.0,0.527498,0.65,1.0,0.527498,0.65,331,33400000,False,1.0,5000.0,300.0,500.0,600000000000.0,100000000000.0,,330
1,near_tick_before,thermal_loop,333,controller_tick,33200000,33.2,1,0,33200000,332,33200000,RUNNING,,0,0,62,1,0,reconstructed_from_retained_wire,True,,,317.7911494784161,301.1244839710743,293.1499988383086,0.5274980000000011,0.65,166000.00000000035,165999.9837059869,0.00014999991971397566,18825.423634720464,-1.308922037424054e-08,0.00015,301.124,293.15,317.791,0.0,150000,1,332,33200000,33200000,33200000,0,301124,1,332,33200000,33200000,33200000,0,293150,1,332,33200000,33200000,33200000,0,317791,1,332,33200000,33200000,33200000,0,0,1,332,33200000,33200000,33200000,0,1.0,0.527498,0.65,1.0,0.527498,0.65,1.0,0.527498,0.65,332,33500000,False,1.0,5000.0,300.0,500.0,600000000000.0,100000000000.0,,331
1,near_tick_before,thermal_loop,334,controller_tick,33300000,33.3,1,0,33300000,333,33300000,RUNNING,,0,0,62,1,0,reconstructed_from_retained_wire,True,,,317.7911494818915,301.12448397286926,293.1499988389711,0.5274980000000011,0.65,166500.00000000035,166499.98364791888,0.00014999991971397566,18825.423634720464,-1.3430508261080831e-08,0.00015,301.124,293.15,317.791,0.0,150000,1,333,33300000,33300000,33300000,0,301124,1,333,33300000,33300000,33300000,0,293150,1,333,33300000,33300000,33300000,0,317791,1,333,33300000,33300000,33300000,0,0,1,333,33300000,33300000,33300000,0,1.0,0.527498,0.65,1.0,0.527498,0.65,1.0,0.527498,0.65,333,33600000,False,1.0,5000.0,300.0,500.0,600000000000.0,100000000000.0,,332
1,near_tick_before,thermal_loop,335,controller_tick,33400000,33.4,1,0,33400000,334,33400000,RUNNING,,0,0,62,1,0,reconstructed_from_retained_wire,True,,,317.7911494853619,301.1244839746618,293.14999883963657,0.5274980000000011,0.65,167000.00000000038,166999.98358988407,0.00014999991971397566,18825.423634720464,-1.3508042684406973e-08,0.00015,301.124,293.15,317.791,0.0,150000,1,334,33400000,33400000,33400000,0,301124,1,334,33400000,33400000,33400000,0,293150,1,334,33400000,33400000,33400000,0,317791,1,334,33400000,33400000,33400000,0,0,1,334,33400000,33400000,33400000,0,1.0,0.527498,0.65,1.0,0.527498,0.65,1.0,0.527498,0.65,334,33700000,False,1.0,5000.0,300.0,500.0,600000000000.0,100000000000.0,,333
1,near_tick_before,thermal_loop,336,controller_tick,33500000,33.5,1,0,33500000,335,33500000,RUNNING,,0,0,62,1,0,reconstructed_from_retained_wire,True,,,317.7911494888273,301.12448397645187,293.14999884030505,0.5274980000000011,0.65,167500.0000000004,167499.9835318826,0.00014999991971397566,18825.423634720464,-1.3953240340924822e-08,0.00015,301.124,293.15,317.791,0.0,150000,1,335,33500000,33500000,33500000,0,301124,1,335,33500000,33500000,33500000,0,293150,1,335,33500000,33500000,33500000,0,317791,1,335,33500000,33500000,33500000,0,0,1,335,33500000,33500000,33500000,0,1.0,0.527498,0.65,1.0,0.527498,0.65,1.0,0.527498,0.65,335,33800000,False,1.0,5000.0,300.0,500.0,600000000000.0,100000000000.0,,334
1,near_tick_before,thermal_loop,337,controller_tick,33600000,33.6,1,0,33600000,336,33600000,RUNNING,,0,0,62,1,0,reconstructed_from_retained_wire,True,,,317.7911494922877,301.12448397823954,293.14999884097637,0.5274980000000011,0.65,168000.0000000004,167999.98347391462,0.00014999991971397566,18825.423634720464,-1.4671741155325435e-08,0.00015,301.124,293.15,317.791,0.0,150000,1,336,33600000,33600000,33600000,0,301124,1,336,33600000,33600000,33600000,0,293150,1,336,33600000,33600000,33600000,0,317791,1,336,33600000,33600000,33600000,0,0,1,336,33600000,33600000,33600000,0,1.0,0.527498,0.65,1.0,0.527498,0.65,1.0,0.527498,0.65,336,33900000,False,1.0,5000.0,300.0,500.0,600000000000.0,100000000000.0,,335
1,near_tick_before,thermal_loop,338,controller_tick,33700000,33.7,1,0,33700000,337,33700000,RUNNING,,0,0,62,1,0,reconstructed_from_retained_wire,True,,,317.79114949574307,301.1244839800249,293.14999884165064,0.5274980000000011,0.65,168500.00000000044,168499.98341598027,0.00014999991971397566,18825.423634720464,-1.4214720067684539e-08,0.00015,301.124,293.15,317.791,0.0,150000,1,337,33700000,33700000,33700000,0,301124,1,337,33700000,33700000,33700000,0,293150,1,337,33700000,33700000,33700000,0,317791,1,337,33700000,33700000,33700000,0,0,1,337,33700000,33700000,33700000,0,1.0,0.527498,0.65,1.0,0.527498,0.65,1.0,0.527498,0.65,337,34000000,False,1.0,5000.0,300.0,500.0,600000000000.0,100000000000.0,,336
1,near_tick_before,thermal_loop,339,controller_tick,33800000,33.8,1,0,33800000,338,33800000,RUNNING,,0,0,62,1,0,reconstructed_from_retained_wire,True,,,317.79114949919347,301.1244839818079,293.14999884232776,0.5274980000000011,0.65,169000.00000000044,168999.9833580797,0.00014999991971397566,18825.423634720464,-1.3804083209834062e-08,0.00015,301.124,293.15,317.791,0.0,150000,1,338,33800000,33800000,33800000,0,301124,1,338,33800000,33800000,33800000,0,293150,1,338,33800000,33800000,33800000,0,317791,1,338,33800000,33800000,33800000,0,0,1,338,33800000,33800000,33800000,0,1.0,0.527498,0.65,1.0,0.527498,0.65,1.0,0.527498,0.65,338,34100000,False,1.0,5000.0,300.0,500.0,600000000000.0,100000000000.0,,337
1,near_tick_before,thermal_loop,340,controller_tick,33900000,33.9,1,0,33900000,339,33900000,RUNNING,,0,0,62,1,0,reconstructed_from_retained_wire,True,,,317.79114950263886,301.1244839835886,293.1499988430077,0.5274980000000011,0.65,169500.00000000044,169499.98330021312,0.00014999991971397566,18825.423634720464,-1.281910044781398e-08,0.00015,301.124,293.15,317.791,0.0,150000,1,339,33900000,33900000,33900000,0,301124,1,339,33900000,33900000,33900000,0,293150,1,339,33900000,33900000,33900000,0,317791,1,339,33900000,33900000,33900000,0,0,1,339,33900000,33900000,33900000,0,1.0,0.527498,0.65,1.0,0.527498,0.65,1.0,0.527498,0.65,339,34200000,False,1.0,5000.0,300.0,500.0,600000000000.0,100000000000.0,,338
1,near_tick_before,thermal_loop,341,controller_tick,34000000,34.0,1,0,34000000,340,34000000,RUNNING,,0,0,62,1,0,reconstructed_from_retained_wire,True,,,317.79114950607925,301.124483985367,293.1499988436904,0.5274980000000011,0.65,170000.00000000044,169999.98324238055,0.00014999991971397566,18825.423634720464,-1.3102408047416247e-08,0.00015,301.124,293.15,317.791,0.0,150000,1,340,34000000,34000000,34000000,0,301124,1,340,34000000,34000000,34000000,0,293150,1,340,34000000,34000000,34000000,0,317791,1,340,34000000,34000000,34000000,0,0,1,340,34000000,34000000,34000000,0,1.0,0.527498,0.65,1.0,0.527498,0.65,1.0,0.527498,0.65,340,34300000,False,1.0,5000.0,300.0,500.0,600000000000.0,100000000000.0,,339
1,near_tick_before,thermal_loop,342,controller_tick,34100000,34.1,1,0,34100000,341,34100000,RUNNING,,0,0,62,1,0,reconstructed_from_retained_wire,True,,,317.79114950951464,301.12448398714315,293.14999884437583,0.5274980000000011,0.65,170500.00000000044,170499.9831845822,0.00014999991971397566,18825.423634720464,-1.3975068213767372e-08,0.00015,301.124,293.15,317.791,0.0,150000,1,341,34100000,34100000,34100000,0,301124,1,341,34100000,34100000,34100000,0,293150,1,341,34100000,34100000,34100000,0,317791,1,341,34100000,34100000,34100000,0,0,1,341,34100000,34100000,34100000,0,1.0,0.527498,0.65,1.0,0.527498,0.65,1.0,0.527498,0.65,341,34400000,False,1.0,5000.0,300.0,500.0,600000000000.0,100000000000.0,,340
1,near_tick_before,thermal_loop,343,controller_tick,34200000,34.2,1,0,34200000,342,34200000,RUNNING,,0,0,62,1,0,reconstructed_from_retained_wire,True,,,317.791149512945,301.1244839889172,293.149998845064,0.5274980000000011,0.65,171000.00000000047,170999.98312681823,0.00014999991971397566,18825.423634720464,-1.3895032680011354e-08,0.00015,301.124,293.15,317.791,0.0,150000,1,342,34200000,34200000,34200000,0,301124,1,342,34200000,34200000,34200000,0,293150,1,342,34200000,34200000,34200000,0,317791,1,342,34200000,34200000,34200000,0,0,1,342,34200000,34200000,34200000,0,1.0,0.527498,0.65,1.0,0.527498,0.65,1.0,0.527498,0.65,342,34500000,False,1.0,5000.0,300.0,500.0,600000000000.0,100000000000.0,,341
1,near_tick_before,thermal_loop,344,controller_tick,34300000,34.3,1,0,34300000,343,34300000,RUNNING,,0,0,62,1,0,reconstructed_from_retained_wire,True,,,317.7911495163704,301.12448399068904,293.1499988457548,0.5274980000000011,0.65,171500.00000000047,171499.9830690887,0.00014999991971397566,18825.423634720464,-1.3933913578512147e-08,0.00015,301.124,293.15,317.791,0.0,150000,1,343,34300000,34300000,34300000,0,301124,1,343,34300000,34300000,34300000,0,293150,1,343,34300000,34300000,34300000,0,317791,1,343,34300000,34300000,34300000,0,0,1,343,34300000,34300000,34300000,0,1.0,0.527498,0.65,1.0,0.527498,0.65,1.0,0.527498,0.65,343,34600000,False,1.0,5000.0,300.0,500.0,600000000000.0,100000000000.0,,342
1,near_tick_before,thermal_loop,345,controller_tick,34400000,34.4,1,0,34400000,344,34400000,RUNNING,,0,0,62,1,0,reconstructed_from_retained_wire,True,,,317.7911495197909,301.1244839924587,293.1499988464482,0.5274980000000011,0.65,172000.0000000005,171999.98301139375,0.00014999991971397566,18825.423634720464,-1.4026454664417543e-08,0.00015,301.124,293.15,317.791,0.0,150000,1,344,34400000,34400000,34400000,0,301124,1,344,34400000,34400000,34400000,0,293150,1,344,34400000,34400000,34400000,0,317791,1,344,34400000,34400000,34400000,0,0,1,344,34400000,34400000,34400000,0,1.0,0.527498,0.65,1.0,0.527498,0.65,1.0,0.527498,0.65,344,34700000,False,1.0,5000.0,300.0,500.0,600000000000.0,100000000000.0,,343
1,near_tick_before,thermal_loop,346,controller_tick,34500000,34.5,1,0,34500000,345,34500000,RUNNING,,0,0,62,1,0,reconstructed_from_retained_wire,True,,,317.7911495232064,301.1244839942262,293.1499988471443,0.5274980000000011,0.65,172500.00000000052,172499.98295373353,0.00014999991971397566,18825.423634720464,-1.4688794180983678e-08,0.00015,301.124,293.15,317.791,0.0,150000,1,345,34500000,34500000,34500000,0,301124,1,345,34500000,34500000,34500000,0,293150,1,345,34500000,34500000,34500000,0,317791,1,345,34500000,34500000,34500000,0,0,1,345,34500000,34500000,34500000,0,1.0,0.527498,0.65,1.0,0.527498,0.65,1.0,0.527498,0.65,345,34800000,False,1.0,5000.0,300.0,500.0,600000000000.0,100000000000.0,,344
1,near_tick_before,thermal_loop,347,controller_tick,34600000,34.6,1,0,34600000,346,34600000,RUNNING,,0,0,62,1,0,reconstructed_from_retained_wire,True,,,317.791149526617,301.1244839959916,293.14999884784294,0.5274980000000011,0.65,173000.00000000055,172999.9828961082,0.00014999991971397566,18825.423634720464,-1.365901880490128e-08,0.00015,301.124,293.15,317.791,0.0,150000,1,346,34600000,34600000,34600000,0,301124,1,346,34600000,34600000,34600000,0,293150,1,346,34600000,34600000,34600000,0,317791,1,346,34600000,34600000,34600000,0,0,1,346,34600000,34600000,34600000,0,1.0,0.527498,0.65,1.0,0.527498,0.65,1.0,0.527498,0.65,346,34900000,False,1.0,5000.0,300.0,500.0,600000000000.0,100000000000.0,,345
1,near_tick_before,thermal_loop,348,controller_tick,34700000,34.7,1,0,34700000,347,34700000,RUNNING,,0,0,62,1,0,reconstructed_from_retained_wire,True,,,317.79114953002266,301.1244839977549,293.1499988485441,0.5274980000000011,0.65,173500.00000000058,173499.98283851787,0.00014999991971397566,18825.423634720464,-1.3794306141790003e-08,0.00015,301.124,293.15,317.791,0.0,150000,1,347,34700000,34700000,34700000,0,301124,1,347,34700000,34700000,34700000,0,293150,1,347,34700000,34700000,34700000,0,317791,1,347,34700000,34700000,34700000,0,0,1,347,34700000,34700000,34700000,0,1.0,0.527498,0.65,1.0,0.527498,0.65,1.0,0.527498,0.65,347,35000000,False,1.0,5000.0,300.0,500.0,600000000000.0,100000000000.0,,346
1,near_tick_before,thermal_loop,349,controller_tick,34800000,34.8,1,0,34800000,348,34800000,RUNNING,,0,0,62,1,0,reconstructed_from_retained_wire,True,,,317.7911495334234,301.12448399951614,293.14999884924777,0.5274980000000011,0.65,174000.00000000058,173999.98278096266,0.00014999991971397566,18825.423634720464,-1.3969611245556735e-08,0.00015,301.124,293.15,317.791,0.0,150000,1,348,34800000,34800000,34800000,0,301124,1,348,34800000,34800000,34800000,0,293150,1,348,34800000,34800000,34800000,0,317791,1,348,34800000,34800000,34800000,0,0,1,348,34800000,34800000,34800000,0,1.0,0.527498,0.65,1.0,0.527498,0.65,1.0,0.527498,0.65,348,35100000,False,1.0,5000.0,300.0,500.0,600000000000.0,100000000000.0,,347
1,near_tick_before,thermal_loop,350,controller_tick,34900000,34.9,1,0,34900000,349,34900000,RUNNING,,0,0,62,1,0,reconstructed_from_retained_wire,True,,,317.7911495368192,301.1244840012754,293.1499988499539,0.5274980000000011,0.65,174500.0000000006,174499.9827234427,0.00014999991971397566,18825.423634720464,-1.3795897757518105e-08,0.00015,301.124,293.15,317.791,0.0,150000,1,349,34900000,34900000,34900000,0,301124,1,349,34900000,34900000,34900000,0,293150,1,349,34900000,34900000,34900000,0,317791,1,349,34900000,34900000,34900000,0,0,1,349,34900000,34900000,34900000,0,1.0,0.527498,0.65,1.0,0.527498,0.65,1.0,0.527498,0.65,349,35200000,False,1.0,5000.0,300.0,500.0,600000000000.0,100000000000.0,,348
1,near_tick_before,thermal_loop,351,controller_tick,35000000,35.0,1,0,35000000,350,35000000,RUNNING,,0,0,62,1,0,reconstructed_from_retained_wire,True,,,317.79114954021014,301.1244840030326,293.1499988506624,0.5274980000000011,0.65,175000.00000000064,174999.9826659581,0.00014999991971397566,18825.423634720464,-1.3602857507066801e-08,0.00015,301.124,293.15,317.791,0.0,150000,1,350,35000000,35000000,35000000,0,301124,1,350,35000000,35000000,35000000,0,293150,1,350,35000000,35000000,35000000,0,317791,1,350,35000000,35000000,35000000,0,0,1,350,35000000,35000000,35000000,0,1.0,0.527498,0.65,1.0,0.527498,0.65,1.0,0.527498,0.65,350,35300000,False,1.0,5000.0,300.0,500.0,600000000000.0,100000000000.0,,349
1,near_tick_before,thermal_loop,352,controller_tick,35100000,35.1,1,0,35100000,351,35100000,RUNNING,,0,0,62,1,0,reconstructed_from_retained_wire,True,,,317.7911495435962,301.1244840047878,293.1499988513734,0.5274980000000011,0.65,175500.00000000064,175499.982608509,0.00014999991971397566,18825.423634720464,-1.2740656529786065e-08,0.00015,301.124,293.15,317.791,0.0,150000,1,351,35100000,35100000,35100000,0,301124,1,351,35100000,35100000,35100000,0,293150,1,351,35100000,35100000,35100000,0,317791,1,351,35100000,35100000,35100000,0,0,1,351,35100000,35100000,35100000,0,1.0,0.527498,0.65,1.0,0.527498,0.65,1.0,0.527498,0.65,351,35400000,False,1.0,5000.0,300.0,500.0,600000000000.0,100000000000.0,,350
1,near_tick_before,thermal_loop,353,controller_tick,35200000,35.2,1,0,35200000,352,35200000,RUNNING,,0,0,62,1,0,reconstructed_from_retained_wire,True,,,317.79114954697735,301.1244840065411,293.14999885208675,0.5274980000000011,0.65,176000.00000000064,175999.98255109548,0.00014999991971397566,18825.423634720464,-1.210150912811514e-08,0.00015,301.124,293.15,317.791,0.0,150000,1,352,35200000,35200000,35200000,0,301124,1,352,35200000,35200000,35200000,0,293150,1,352,35200000,35200000,35200000,0,317791,1,352,35200000,35200000,35200000,0,0,1,352,35200000,35200000,35200000,0,1.0,0.527498,0.65,1.0,0.527498,0.65,1.0,0.527498,0.65,352,35500000,False,1.0,5000.0,300.0,500.0,600000000000.0,100000000000.0,,351
1,near_tick_before,thermal_loop,354,controller_tick,35300000,35.3,1,0,35300000,353,35300000,RUNNING,,0,0,62,1,0,reconstructed_from_retained_wire,True,,,317.7911495503536,301.1244840082924,293.14999885280236,0.5274980000000011,0.65,176500.00000000067,176499.9824937177,0.00014999991971397566,18825.423634720464,-1.2310920283198357e-08,0.00015,301.124,293.15,317.791,0.0,150000,1,353,35300000,35300000,35300000,0,301124,1,353,35300000,35300000,35300000,0,293150,1,353,35300000,35300000,35300000,0,317791,1,353,35300000,35300000,35300000,0,0,1,353,35300000,35300000,35300000,0,1.0,0.527498,0.65,1.0,0.527498,0.65,1.0,0.527498,0.65,353,35600000,False,1.0,5000.0,300.0,500.0,600000000000.0,100000000000.0,,352
1,near_tick_before,thermal_loop,355,controller_tick,35400000,35.4,1,0,35400000,354,35400000,RUNNING,,0,0,62,1,0,reconstructed_from_retained_wire,True,,,317.791149553725,301.1244840100418,293.14999885352034,0.5274980000000011,0.65,177000.00000000067,176999.98243637575,0.00014999991971397566,18825.423634720464,-1.221474121848587e-08,0.00015,301.124,293.15,317.791,0.0,150000,1,354,35400000,35400000,35400000,0,301124,1,354,35400000,35400000,35400000,0,293150,1,354,35400000,35400000,35400000,0,317791,1,354,35400000,35400000,35400000,0,0,1,354,35400000,35400000,35400000,0,1.0,0.527498,0.65,1.0,0.527498,0.65,1.0,0.527498,0.65,354,35700000,False,1.0,5000.0,300.0,500.0,600000000000.0,100000000000.0,,353
1,near_tick_before,thermal_loop,356,controller_tick,35500000,35.5,1,0,35500000,355,35500000,RUNNING,,0,0,62,1,0,reconstructed_from_retained_wire,True,,,317.7911495570915,301.1244840117892,293.1499988542406,0.5274980000000011,0.65,177500.00000000067,177499.98237906976,0.00014999991971397566,18825.423634720464,-1.2705186236416921e-08,0.00015,301.124,293.15,317.791,0.0,150000,1,355,35500000,35500000,35500000,0,301124,1,355,35500000,35500000,35500000,0,293150,1,355,35500000,35500000,35500000,0,317791,1,355,35500000,35500000,35500000,0,0,1,355,35500000,35500000,35500000,0,1.0,0.527498,0.65,1.0,0.527498,0.65,1.0,0.527498,0.65,355,35800000,False,1.0,5000.0,300.0,500.0,600000000000.0,100000000000.0,,354
1,near_tick_before,thermal_loop,357,controller_tick,35600000,35.6,1,0,35600000,356,35600000,RUNNING,,0,0,62,1,0,reconstructed_from_retained_wire,True,,,317.7911495604532,301.1244840135348,293.1499988549631,0.5274980000000011,0.65,178000.0000000007,177999.98232179985,0.00014999991971397566,18825.423634720464,-1.2291366147110239e-08,0.00015,301.124,293.15,317.791,0.0,150000,1,356,35600000,35600000,35600000,0,301124,1,356,35600000,35600000,35600000,0,293150,1,356,35600000,35600000,35600000,0,317791,1,356,35600000,35600000,35600000,0,0,1,356,35600000,35600000,35600000,0,1.0,0.527498,0.65,1.0,0.527498,0.65,1.0,0.527498,0.65,356,35900000,False,1.0,5000.0,300.0,500.0,600000000000.0,100000000000.0,,355
1,near_tick_before,thermal_loop,358,controller_tick,35700000,35.7,1,0,35700000,357,35700000,RUNNING,,0,0,62,1,0,reconstructed_from_retained_wire,True,,,317.79114956381005,301.12448401527854,293.1499988556878,0.5274980000000011,0.65,178500.00000000073,178499.98226456612,0.00014999991971397566,18825.423634720464,-1.2468944987631403e-08,0.00015,301.124,293.15,317.791,0.0,150000,1,357,35700000,35700000,35700000,0,301124,1,357,35700000,35700000,35700000,0,293150,1,357,35700000,35700000,35700000,0,317791,1,357,35700000,35700000,35700000,0,0,1,357,35700000,35700000,35700000,0,1.0,0.527498,0.65,1.0,0.527498,0.65,1.0,0.527498,0.65,357,36000000,False,1.0,5000.0,300.0,500.0,600000000000.0,100000000000.0,,356
1,near_tick_before,thermal_loop,359,controller_tick,35800000,35.8,1,0,35800000,358,35800000,RUNNING,,0,0,62,1,0,reconstructed_from_retained_wire,True,,,317.79114956716205,301.1244840170204,293.14999885641464,0.5274980000000011,0.65,179000.00000000076,178999.98220736868,0.00014999991971397566,18825.423634720464,-1.3265889720059931e-08,0.00015,301.124,293.15,317.791,0.0,150000,1,358,35800000,35800000,35800000,0,301124,1,358,35800000,35800000,35800000,0,293150,1,358,35800000,35800000,35800000,0,317791,1,358,35800000,35800000,35800000,0,0,1,358,35800000,35800000,35800000,0,1.0,0.527498,0.65,1.0,0.527498,0.65,1.0,0.527498,0.65,358,36100000,False,1.0,5000.0,300.0,500.0,600000000000.0,100000000000.0,,357
1,near_tick_before,thermal_loop,360,controller_tick,35900000,35.9,1,0,35900000,359,35900000,RUNNING,,0,0,62,1,0,reconstructed_from_retained_wire,True,,,317.7911495705092,301.1244840187605,293.1499988571437,0.5274980000000011,0.65,179500.0000000008,179499.98215020762,0.00014999991971397566,18825.423634720464,-1.293165041715838e-08,0.00015,301.124,293.15,317.791,0.0,150000,1,359,35900000,35900000,35900000,0,301124,1,359,35900000,35900000,35900000,0,293150,1,359,35900000,35900000,35900000,0,317791,1,359,35900000,35900000,35900000,0,0,1,359,35900000,35900000,35900000,0,1.0,0.527498,0.65,1.0,0.527498,0.65,1.0,0.527498,0.65,359,36200000,False,1.0,5000.0,300.0,500.0,600000000000.0,100000000000.0,,358
1,near_tick_before,thermal_loop,361,controller_tick,36000000,36.0,1,0,36000000,360,36000000,RUNNING,,0,0,62,1,0,reconstructed_from_retained_wire,True,,,317.79114957385156,301.1244840204987,293.1499988578749,0.5274980000000011,0.65,180000.0000000008,179999.9820930831,0.00014999991971397566,18825.423634720464,-1.3667659004568122e-08,0.00015,301.124,293.15,317.791,0.0,150000,1,360,36000000,36000000,36000000,0,301124,1,360,36000000,36000000,36000000,0,293150,1,360,36000000,36000000,36000000,0,317791,1,360,36000000,36000000,36000000,0,0,1,360,36000000,36000000,36000000,0,1.0,0.527498,0.65,1.0,0.527498,0.65,1.0,0.527498,0.65,360,36300000,False,1.0,5000.0,300.0,500.0,600000000000.0,100000000000.0,,359
1,near_tick_before,thermal_loop,362,controller_tick,36100000,36.1,1,0,36100000,361,36100000,RUNNING,,0,0,62,1,0,reconstructed_from_retained_wire,True,,,317.79114957718906,301.12448402223515,293.14999885860817,0.5274980000000011,0.65,180500.00000000081,180499.98203599517,0.00014999991971397566,18825.423634720464,-1.4494389688479714e-08,0.00015,301.124,293.15,317.791,0.0,150000,1,361,36100000,36100000,36100000,0,301124,1,361,36100000,36100000,36100000,0,293150,1,361,36100000,36100000,36100000,0,317791,1,361,36100000,36100000,36100000,0,0,1,361,36100000,36100000,36100000,0,1.0,0.527498,0.65,1.0,0.527498,0.65,1.0,0.527498,0.65,361,36400000,False,1.0,5000.0,300.0,500.0,600000000000.0,100000000000.0,,360
1,near_tick_before,thermal_loop,363,controller_tick,36200000,36.2,1,0,36200000,362,36200000,RUNNING,,0,0,62,1,0,reconstructed_from_retained_wire,True,,,317.7911495805218,301.1244840239699,293.1499988593436,0.5274980000000011,0.65,181000.00000000084,180999.98197894398,0.00014999991971397566,18825.423634720464,-1.350986167381052e-08,0.00015,301.124,293.15,317.791,0.0,150000,1,362,36200000,36200000,36200000,0,301124,1,362,36200000,36200000,36200000,0,293150,1,362,36200000,36200000,36200000,0,317791,1,362,36200000,36200000,36200000,0,0,1,362,36200000,36200000,36200000,0,1.0,0.527498,0.65,1.0,0.527498,0.65,1.0,0.527498,0.65,362,36500000,False,1.0,5000.0,300.0,500.0,600000000000.0,100000000000.0,,361
1,near_tick_before,thermal_loop,364,controller_tick,36300000,36.3,1,0,36300000,363,36300000,RUNNING,,0,0,62,1,0,reconstructed_from_retained_wire,True,,,317.79114958384974,301.1244840257028,293.1499988600811,0.5274980000000011,0.65,181500.00000000087,181499.9819219296,0.00014999991971397566,18825.423634720464,-1.3002818377572112e-08,0.00015,301.124,293.15,317.791,0.0,150000,1,363,36300000,36300000,36300000,0,301124,1,363,36300000,36300000,36300000,0,293150,1,363,36300000,36300000,36300000,0,317791,1,363,36300000,36300000,36300000,0,0,1,363,36300000,36300000,36300000,0,1.0,0.527498,0.65,1.0,0.527498,0.65,1.0,0.527498,0.65,363,36600000,False,1.0,5000.0,300.0,500.0,600000000000.0,100000000000.0,,362
1,near_tick_before,thermal_loop,365,controller_tick,36400000,36.4,1,0,36400000,364,36400000,RUNNING,,0,0,62,1,0,reconstructed_from_retained_wire,True,,,317.7911495871729,301.124484027434,293.1499988608206,0.5274980000000011,0.65,182000.00000000087,181999.98186495213,0.00014999991971397566,18825.423634720464,-1.3094449968775734e-08,0.00015,301.124,293.15,317.791,0.0,150000,1,364,36400000,36400000,36400000,0,301124,1,364,36400000,36400000,36400000,0,293150,1,364,36400000,36400000,36400000,0,317791,1,364,36400000,36400000,36400000,0,0,1,364,36400000,36400000,36400000,0,1.0,0.527498,0.65,1.0,0.527498,0.65,1.0,0.527498,0.65,364,36700000,False,1.0,5000.0,300.0,500.0,600000000000.0,100000000000.0,,363
1,near_tick_before,thermal_loop,366,controller_tick,36500000,36.5,1,0,36500000,365,36500000,RUNNING,,0,0,62,1,0,reconstructed_from_retained_wire,True,,,317.79114959049133,301.12448402916345,293.14999886156204,0.5274980000000011,0.65,182500.0000000009,182499.9818080117,0.00014999991971397566,18825.423634720464,-1.322223397437483e-08,0.00015,301.124,293.15,317.791,0.0,150000,1,365,36500000,36500000,36500000,0,301124,1,365,36500000,36500000,36500000,0,293150,1,365,36500000,36500000,36500000,0,317791,1,365,36500000,36500000,36500000,0,0,1,365,36500000,36500000,36500000,0,1.0,0.527498,0.65,1.0,0.527498,0.65,1.0,0.527498,0.65,365,36800000,False,1.0,5000.0,300.0,500.0,600000000000.0,100000000000.0,,364
1,near_tick_before,thermal_loop,367,controller_tick,36600000,36.6,1,0,36600000,366,36600000,RUNNING,,0,0,62,1,0,reconstructed_from_retained_wire,True,,,317.79114959380496,301.12448403089127,293.1499988623055,0.5274980000000011,0.65,183000.00000000093,182999.9817511084,0.00014999991971397566,18825.423634720464,-1.2823647921322845e-08,0.00015,301.124,293.15,317.791,0.0,150000,1,366,36600000,36600000,36600000,0,301124,1,366,36600000,36600000,36600000,0,293150,1,366,36600000,36600000,36600000,0,317791,1,366,36600000,36600000,36600000,0,0,1,366,36600000,36600000,36600000,0,1.0,0.527498,0.65,1.0,0.527498,0.65,1.0,0.527498,0.65,366,36900000,False,1.0,5000.0,300.0,500.0,600000000000.0,100000000000.0,,365
1,near_tick_before,thermal_loop,368,controller_tick,36700000,36.7,1,0,36700000,367,36700000,RUNNING,,0,0,62,1,0,reconstructed_from_retained_wire,True,,,317.7911495971139,301.1244840326174,293.1499988630508,0.5274980000000011,0.65,183500.00000000096,183499.9816942423,0.00014999991971397566,18825.423634720464,-1.3114686225890182e-08,0.00015,301.124,293.15,317.791,0.0,150000,1,367,36700000,36700000,36700000,0,301124,1,367,36700000,36700000,36700000,0,293150,1,367,36700000,36700000,36700000,0,317791,1,367,36700000,36700000,36700000,0,0,1,367,36700000,36700000,36700000,0,1.0,0.527498,0.65,1.0,0.527498,0.65,1.0,0.527498,0.65,367,37000000,False,1.0,5000.0,300.0,500.0,600000000000.0,100000000000.0,,366
1,near_tick_before,thermal_loop,369,controller_tick,36800000,36.8,1,0,36800000,368,36800000,RUNNING,,0,0,62,1,0,reconstructed_from_retained_wire,True,,,317.791149600418,301.12448403434183,293.1499988637981,0.5274980000000011,0.65,184000.000000001,183999.98163741353,0.00014999991971397566,18825.423634720464,-1.3388444131123833e-08,0.00015,301.124,293.15,317.791,0.0,150000,1,368,36800000,36800000,36800000,0,301124,1,368,36800000,36800000,36800000,0,293150,1,368,36800000,36800000,36800000,0,317791,1,368,36800000,36800000,36800000,0,0,1,368,36800000,36800000,36800000,0,1.0,0.527498,0.65,1.0,0.527498,0.65,1.0,0.527498,0.65,368,37100000,False,1.0,5000.0,300.0,500.0,600000000000.0,100000000000.0,,367
1,near_tick_before,thermal_loop,370,controller_tick,36900000,36.9,1,0,36900000,369,36900000,RUNNING,,0,0,62,1,0,reconstructed_from_retained_wire,True,,,317.79114960371743,301.1244840360646,293.1499988645473,0.5274980000000011,0.65,184500.000000001,184499.98158062214,0.00014999991971397566,18825.423634720464,-1.3435283108265139e-08,0.00015,301.124,293.15,317.791,0.0,150000,1,369,36900000,36900000,36900000,0,301124,1,369,36900000,36900000,36900000,0,293150,1,369,36900000,36900000,36900000,0,317791,1,369,36900000,36900000,36900000,0,0,1,369,36900000,36900000,36900000,0,1.0,0.527498,0.65,1.0,0.527498,0.65,1.0,0.527498,0.65,369,37200000,False,1.0,5000.0,300.0,500.0,600000000000.0,100000000000.0,,368
1,near_tick_before,thermal_loop,371,controller_tick,37000000,37.0,1,0,37000000,370,37000000,RUNNING,,0,0,62,1,0,reconstructed_from_retained_wire,True,,,317.7911496070121,301.12448403778575,293.1499988652983,0.5274980000000011,0.65,185000.00000000102,184999.9815238683,0.00014999991971397566,18825.423634720464,-1.4211536836228333e-08,0.00015,301.124,293.15,317.791,0.0,150000,1,370,37000000,37000000,37000000,0,301124,1,370,37000000,37000000,37000000,0,293150,1,370,37000000,37000000,37000000,0,317791,1,370,37000000,37000000,37000000,0,0,1,370,37000000,37000000,37000000,0,1.0,0.527498,0.65,1.0,0.527498,0.65,1.0,0.527498,0.65,370,37300000,False,1.0,5000.0,300.0,500.0,600000000000.0,100000000000.0,,369
1,near_tick_before,thermal_loop,372,controller_tick,37100000,37.1,1,0,37100000,371,37100000,RUNNING,,0,0,62,1,0,reconstructed_from_retained_wire,True,,,317.79114961030206,301.12448403950526,293.14999886605125,0.5274980000000011,0.65,185500.00000000102,185499.98146715207,0.00014999991971397566,18825.423634720464,-1.3513499652617611e-08,0.00015,301.124,293.15,317.791,0.0,150000,1,371,37100000,37100000,37100000,0,301124,1,371,37100000,37100000,37100000,0,293150,1,371,37100000,37100000,37100000,0,317791,1,371,37100000,37100000,37100000,0,0,1,371,37100000,37100000,37100000,0,1.0,0.527498,0.65,1.0,0.527498,0.65,1.0,0.527498,0.65,371,37400000,False,1.0,5000.0,300.0,500.0,600000000000.0,100000000000.0,,370
1,near_tick_before,thermal_loop,373,controller_tick,37200000,37.2,1,0,37200000,372,37200000,RUNNING,,0,0,62,1,0,reconstructed_from_retained_wire,True,,,317.79114961358727,301.1244840412232,293.1499988668059,0.5274980000000011,0.65,186000.00000000102,185999.9814104735,0.00014999991971397566,18825.423634720464,-1.4824991012574174e-08,0.00015,301.124,293.15,317.791,0.0,150000,1,372,37200000,37200000,37200000,0,301124,1,372,37200000,37200000,37200000,0,293150,1,372,37200000,37200000,37200000,0,317791,1,372,37200000,37200000,37200000,0,0,1,372,37200000,37200000,37200000,0,1.0,0.527498,0.65,1.0,0.527498,0.65,1.0,0.527498,0.65,372,37500000,False,1.0,5000.0,300.0,500.0,600000000000.0,100000000000.0,,371
1,near_tick_before,thermal_loop,374,controller_tick,37300000,37.3,1,0,37300000,373,37300000,RUNNING,,0,0,62,1,0,reconstructed_from_retained_wire,True,,,317.7911496168678,301.12448404293946,293.14999886756243,0.5274980000000011,0.65,186500.00000000105,186499.9813538327,0.00014999991971397566,18825.423634720464,-1.5258592611644417e-08,0.00015,301.124,293.15,317.791,0.0,150000,1,373,37300000,37300000,37300000,0,301124,1,373,37300000,37300000,37300000,0,293150,1,373,37300000,37300000,37300000,0,317791,1,373,37300000,37300000,37300000,0,0,1,373,37300000,37300000,37300000,0,1.0,0.527498,0.65,1.0,0.527498,0.65,1.0,0.527498,0.65,373,37600000,False,1.0,5000.0,300.0,500.0,600000000000.0,100000000000.0,,372
1,near_tick_before,thermal_loop,375,controller_tick,37400000,37.4,1,0,37400000,374,37400000,RUNNING,,0,0,62,1,0,reconstructed_from_retained_wire,True,,,317.7911496201437,301.1244840446542,293.1499988683207,0.5274980000000011,0.65,187000.00000000108,186999.9812972298,0.00014999991971397566,18825.423634720464,-1.5143996279221028e-08,0.00015,301.124,293.15,317.791,0.0,150000,1,374,37400000,37400000,37400000,0,301124,1,374,37400000,37400000,37400000,0,293150,1,374,37400000,37400000,37400000,0,317791,1,374,37400000,37400000,37400000,0,0,1,374,37400000,37400000,37400000,0,1.0,0.527498,0.65,1.0,0.527498,0.65,1.0,0.527498,0.65,374,37700000,False,1.0,5000.0,300.0,500.0,600000000000.0,100000000000.0,,373
1,near_tick_before,thermal_loop,376,controller_tick,37500000,37.5,1,0,37500000,375,37500000,RUNNING,,0,0,62,1,0,reconstructed_from_retained_wire,True,,,317.7911496234149,301.1244840463674,293.1499988690807,0.5274980000000011,0.65,187500.00000000108,187499.9812406648,0.00014999991971397566,18825.423634720464,-1.5135810826905072e-08,0.00015,301.124,293.15,317.791,0.0,150000,1,375,37500000,37500000,37500000,0,301124,1,375,37500000,37500000,37500000,0,293150,1,375,37500000,37500000,37500000,0,317791,1,375,37500000,37500000,37500000,0,0,1,375,37500000,37500000,37500000,0,1.0,0.527498,0.65,1.0,0.527498,0.65,1.0,0.527498,0.65,375,37800000,False,1.0,5000.0,300.0,500.0,600000000000.0,100000000000.0,,374
1,near_tick_before,thermal_loop,377,controller_tick,37600000,37.6,1,0,37600000,376,37600000,RUNNING,,0,0,62,1,0,reconstructed_from_retained_wire,True,,,317.7911496266815,301.12448404807907,293.1499988698425,0.5274980000000011,0.65,188000.0000000011,187999.98118413787,0.00014999991971397566,18825.423634720464,-1.4463012121268548e-08,0.00015,301.124,293.15,317.791,0.0,150000,1,376,37600000,37600000,37600000,0,301124,1,376,37600000,37600000,37600000,0,293150,1,376,37600000,37600000,37600000,0,317791,1,376,37600000,37600000,37600000,0,0,1,376,37600000,37600000,37600000,0,1.0,0.527498,0.65,1.0,0.527498,0.65,1.0,0.527498,0.65,376,37900000,False,1.0,5000.0,300.0,500.0,600000000000.0,100000000000.0,,375
1,near_tick_before,thermal_loop,378,controller_tick,37700000,37.7,1,0,37700000,377,37700000,RUNNING,,0,0,62,1,0,reconstructed_from_retained_wire,True,,,317.79114962994333,301.12448404978915,293.14999887060594,0.5274980000000011,0.65,188500.0000000011,188499.98112764908,0.00014999991971397566,18825.423634720464,-1.4707438822370023e-08,0.00015,301.124,293.15,317.791,0.0,150000,1,377,37700000,37700000,37700000,0,301124,1,377,37700000,37700000,37700000,0,293150,1,377,37700000,37700000,37700000,0,317791,1,377,37700000,37700000,37700000,0,0,1,377,37700000,37700000,37700000,0,1.0,0.527498,0.65,1.0,0.527498,0.65,1.0,0.527498,0.65,377,38000000,False,1.0,5000.0,300.0,500.0,600000000000.0,100000000000.0,,376
1,near_tick_before,thermal_loop,379,controller_tick,37800000,37.8,1,0,37800000,378,37800000,RUNNING,,0,0,62,1,0,reconstructed_from_retained_wire,True,,,317.7911496332005,301.1244840514977,293.14999887137105,0.5274980000000011,0.65,189000.00000000114,188999.98107119853,0.00014999991971397566,18825.423634720464,-1.550915840198286e-08,0.00015,301.124,293.15,317.791,0.0,150000,1,378,37800000,37800000,37800000,0,301124,1,378,37800000,37800000,37800000,0,293150,1,378,37800000,37800000,37800000,0,317791,1,378,37800000,37800000,37800000,0,0,1,378,37800000,37800000,37800000,0,1.0,0.527498,0.65,1.0,0.527498,0.65,1.0,0.527498,0.65,378,38100000,False,1.0,5000.0,300.0,500.0,600000000000.0,100000000000.0,,377
1,near_tick_before,thermal_loop,380,controller_tick,37900000,37.9,1,0,37900000,379,37900000,RUNNING,,0,0,62,1,0,reconstructed_from_retained_wire,True,,,317.7911496364531,301.12448405320475,293.1499988721378,0.5274980000000011,0.65,189500.00000000114,189499.98101478626,0.00014999991971397566,18825.423634720464,-1.573721419845242e-08,0.00015,301.124,293.15,317.791,0.0,150000,1,379,37900000,37900000,37900000,0,301124,1,379,37900000,37900000,37900000,0,293150,1,379,37900000,37900000,37900000,0,317791,1,379,37900000,37900000,37900000,0,0,1,379,37900000,37900000,37900000,0,1.0,0.527498,0.65,1.0,0.527498,0.65,1.0,0.527498,0.65,379,38200000,False,1.0,5000.0,300.0,500.0,600000000000.0,100000000000.0,,378
1,near_tick_before,thermal_loop,381,controller_tick,38000000,38.0,1,0,38000000,380,38000000,RUNNING,,0,0,62,1,0,reconstructed_from_retained_wire,True,,,317.791149639701,301.1244840549103,293.1499988729062,0.5274980000000011,0.65,190000.00000000116,189999.98095841237,0.00014999991971397566,18825.423634720464,-1.6377043721149676e-08,0.00015,301.124,293.15,317.791,0.0,150000,1,380,38000000,38000000,38000000,0,301124,1,380,38000000,38000000,38000000,0,293150,1,380,38000000,38000000,38000000,0,317791,1,380,38000000,38000000,38000000,0,0,1,380,38000000,38000000,38000000,0,1.0,0.527498,0.65,1.0,0.527498,0.65,1.0,0.527498,0.65,380,38300000,False,1.0,5000.0,300.0,500.0,600000000000.0,100000000000.0,,379
1,near_tick_before,thermal_loop,382,controller_tick,38100000,38.1,1,0,38100000,381,38100000,RUNNING,,0,0,62,1,0,reconstructed_from_retained_wire,True,,,317.79114964294433,301.1244840566144,293.1499988736762,0.5274980000000011,0.65,190500.0000000012,190499.98090207693,0.00014999991971397566,18825.423634720464,-1.6535295799258165e-08,0.00015,301.124,293.15,317.791,0.0,150000,1,381,38100000,38100000,38100000,0,301124,1,381,38100000,38100000,38100000,0,293150,1,381,38100000,38100000,38100000,0,317791,1,381,38100000,38100000,38100000,0,0,1,381,38100000,38100000,38100000,0,1.0,0.527498,0.65,1.0,0.527498,0.65,1.0,0.527498,0.65,381,38400000,False,1.0,5000.0,300.0,500.0,600000000000.0,100000000000.0,,380
1,near_tick_before,thermal_loop,383,controller_tick,38200000,38.2,1,0,38200000,382,38200000,RUNNING,,0,0,62,1,0,reconstructed_from_retained_wire,True,,,317.79114964618304,301.124484058317,293.1499988744479,0.5274980000000011,0.65,191000.00000000122,190999.98084578005,0.00014999991971397566,18825.423634720464,-1.5857949620112777e-08,0.00015,301.124,293.15,317.791,0.0,150000,1,382,38200000,38200000,38200000,0,301124,1,382,38200000,38200000,38200000,0,293150,1,382,38200000,38200000,38200000,0,317791,1,382,38200000,38200000,38200000,0,0,1,382,38200000,38200000,38200000,0,1.0,0.527498,0.65,1.0,0.527498,0.65,1.0,0.527498,0.65,382,38500000,False,1.0,5000.0,300.0,500.0,600000000000.0,100000000000.0,,381
1,near_tick_before,thermal_loop,384,controller_tick,38300000,38.3,1,0,38300000,383,38300000,RUNNING,,0,0,62,1,0,reconstructed_from_retained_wire,True,,,317.79114964941715,301.1244840600182,293.1499988752211,0.5274980000000011,0.65,191500.00000000125,191499.9807895218,0.00014999991971397566,18825.423634720464,-1.4999613995314576e-08,0.00015,301.124,293.15,317.791,0.0,150000,1,383,38300000,38300000,38300000,0,301124,1,383,38300000,38300000,38300000,0,293150,1,383,38300000,38300000,38300000,0,317791,1,383,38300000,38300000,38300000,0,0,1,383,38300000,38300000,38300000,0,1.0,0.527498,0.65,1.0,0.527498,0.65,1.0,0.527498,0.65,383,38600000,False,1.0,5000.0,300.0,500.0,600000000000.0,100000000000.0,,382
1,near_tick_before,thermal_loop,385,controller_tick,38400000,38.4,1,0,38400000,384,38400000,RUNNING,,0,0,62,1,0,reconstructed_from_retained_wire,True,,,317.79114965264665,301.12448406171785,293.14999887599583,0.5274980000000011,0.65,192000.00000000128,191999.98073330225,0.00014999991971397566,18825.423634720464,-1.5298610378522426e-08,0.00015,301.124,293.15,317.791,0.0,150000,1,384,38400000,38400000,38400000,0,301124,1,384,38400000,38400000,38400000,0,293150,1,384,38400000,38400000,38400000,0,317791,1,384,38400000,38400000,38400000,0,0,1,384,38400000,38400000,38400000,0,1.0,0.527498,0.65,1.0,0.527498,0.65,1.0,0.527498,0.65,384,38700000,False,1.0,5000.0,300.0,500.0,600000000000.0,100000000000.0,,383
1,near_tick_before,thermal_loop,386,controller_tick,38500000,38.5,1,0,38500000,385,38500000,RUNNING,,0,0,62,1,0,reconstructed_from_retained_wire,True,,,317.7911496558716,301.1244840634161,293.1499988767721,0.5274980000000011,0.65,192500.00000000128,192499.98067712144,0.00014999991971397566,18825.423634720464,-1.4940269466023892e-08,0.00015,301.124,293.15,317.791,0.0,150000,1,385,38500000,38500000,38500000,0,301124,1,385,38500000,38500000,38500000,0,293150,1,385,38500000,38500000,38500000,0,317791,1,385,38500000,38500000,38500000,0,0,1,385,38500000,38500000,38500000,0,1.0,0.527498,0.65,1.0,0.527498,0.65,1.0,0.527498,0.65,385,38800000,False,1.0,5000.0,300.0,500.0,600000000000.0,100000000000.0,,384
1,near_tick_before,thermal_loop,387,controller_tick,38600000,38.6,1,0,38600000,386,38600000,RUNNING,,0,0,62,1,0,reconstructed_from_retained_wire,True,,,317.79114965909196,301.12448406511294,293.1499988775499,0.5274980000000011,0.65,193000.0000000013,192999.98062097948,0.00014999991971397566,18825.423634720464,-1.4434817785513587e-08,0.00015,301.124,293.15,317.791,0.0,150000,1,386,38600000,38600000,38600000,0,301124,1,386,38600000,38600000,38600000,0,293150,1,386,38600000,38600000,38600000,0,317791,1,386,38600000,38600000,38600000,0,0,1,386,38600000,38600000,38600000,0,1.0,0.527498,0.65,1.0,0.527498,0.65,1.0,0.527498,0.65,386,38900000,False,1.0,5000.0,300.0,500.0,600000000000.0,100000000000.0,,385
1,near_tick_before,thermal_loop,388,controller_tick,38700000,38.7,1,0,38700000,387,38700000,RUNNING,,0,0,62,1,0,reconstructed_from_retained_wire,True,,,317.7911496623077,301.1244840668083,293.14999887832914,0.5274980000000011,0.65,193500.00000000134,193499.98056487643,0.00014999991971397566,18825.423634720464,-1.4882971299812198e-08,0.00015,301.124,293.15,317.791,0.0,150000,1,387,38700000,38700000,38700000,0,301124,1,387,38700000,38700000,38700000,0,293150,1,387,38700000,38700000,38700000,0,317791,1,387,38700000,38700000,38700000,0,0,1,387,38700000,38700000,38700000,0,1.0,0.527498,0.65,1.0,0.527498,0.65,1.0,0.527498,0.65,387,39000000,False,1.0,5000.0,300.0,500.0,600000000000.0,100000000000.0,,386
1,near_tick_before,thermal_loop,389,controller_tick,38800000,38.8,1,0,38800000,388,38800000,RUNNING,,0,0,62,1,0,reconstructed_from_retained_wire,True,,,317.7911496655189,301.1244840685023,293.14999887910983,0.5274980000000011,0.65,194000.00000000137,193999.98050881238,0.00014999991971397566,18825.423634720464,-1.5391378838103265e-08,0.00015,301.124,293.15,317.791,0.0,150000,1,388,38800000,38800000,38800000,0,301124,1,388,38800000,38800000,38800000,0,293150,1,388,38800000,38800000,38800000,0,317791,1,388,38800000,38800000,38800000,0,0,1,388,38800000,38800000,38800000,0,1.0,0.527498,0.65,1.0,0.527498,0.65,1.0,0.527498,0.65,388,39100000,False,1.0,5000.0,300.0,500.0,600000000000.0,100000000000.0,,387
1,near_tick_before,thermal_loop,390,controller_tick,38900000,38.9,1,0,38900000,389,38900000,RUNNING,,0,0,62,1,0,reconstructed_from_retained_wire,True,,,317.79114966872555,301.12448407019485,293.14999887989194,0.5274980000000011,0.65,194500.00000000137,194499.98045278742,0.00014999991971397566,18825.423634720464,-1.6318836060236208e-08,0.00015,301.124,293.15,317.791,0.0,150000,1,389,38900000,38900000,38900000,0,301124,1,389,38900000,38900000,38900000,0,293150,1,389,38900000,38900000,38900000,0,317791,1,389,38900000,38900000,38900000,0,0,1,389,38900000,38900000,38900000,0,1.0,0.527498,0.65,1.0,0.527498,0.65,1.0,0.527498,0.65,389,39200000,False,1.0,5000.0,300.0,500.0,600000000000.0,100000000000.0,,388
1,near_tick_before,thermal_loop,391,controller_tick,39000000,39.0,1,0,39000000,390,39000000,RUNNING,,0,0,62,1,0,reconstructed_from_retained_wire,True,,,317.79114967192766,301.124484071886,293.1499988806755,0.5274980000000011,0.65,195000.0000000014,194999.98039680163,0.00014999991971397566,18825.423634720464,-1.6923422663239762e-08,0.00015,301.124,293.15,317.791,0.0,150000,1,390,39000000,39000000,39000000,0,301124,1,390,39000000,39000000,39000000,0,293150,1,390,39000000,39000000,39000000,0,317791,1,390,39000000,39000000,39000000,0,0,1,390,39000000,39000000,39000000,0,1.0,0.527498,0.65,1.0,0.527498,0.65,1.0,0.527498,0.65,390,39300000,False,1.0,5000.0,300.0,500.0,600000000000.0,100000000000.0,,389
1,near_tick_before,thermal_loop,392,controller_tick,39100000,39.1,1,0,39100000,391,39100000,RUNNING,,0,0,62,1,0,reconstructed_from_retained_wire,True,,,317.7911496751253,301.12448407357584,293.1499988814605,0.5274980000000011,0.65,195500.00000000143,195499.98034085505,0.00014999991971397566,18825.423634720464,-1.6485273590660654e-08,0.00015,301.124,293.15,317.791,0.0,150000,1,391,39100000,39100000,39100000,0,301124,1,391,39100000,39100000,39100000,0,293150,1,391,39100000,39100000,39100000,0,317791,1,391,39100000,39100000,39100000,0,0,1,391,39100000,39100000,39100000,0,1.0,0.527498,0.65,1.0,0.527498,0.65,1.0,0.527498,0.65,391,39400000,False,1.0,5000.0,300.0,500.0,600000000000.0,100000000000.0,,390
1,near_tick_before,thermal_loop,393,controller_tick,39200000,39.2,1,0,39200000,392,39200000,RUNNING,,0,0,62,1,0,reconstructed_from_retained_wire,True,,,317.79114967831845,301.12448407526426,293.1499988822468,0.5274980000000011,0.65,196000.00000000146,195999.98028494773,0.00014999991971397566,18825.423634720464,-1.7033471522154287e-08,0.00015,301.124,293.15,317.791,0.0,150000,1,392,39200000,39200000,39200000,0,301124,1,392,39200000,39200000,39200000,0,293150,1,392,39200000,39200000,39200000,0,317791,1,392,39200000,39200000,39200000,0,0,1,392,39200000,39200000,39200000,0,1.0,0.527498,0.65,1.0,0.527498,0.65,1.0,0.527498,0.65,392,39500000,False,1.0,5000.0,300.0,500.0,600000000000.0,100000000000.0,,391
1,near_tick_before,thermal_loop,394,controller_tick,39300000,39.3,1,0,39300000,393,39300000,RUNNING,,0,0,62,1,0,reconstructed_from_retained_wire,True,,,317.791149681507,301.1244840769513,293.1499988830345,0.5274980000000011,0.65,196500.00000000146,196499.98022907975,0.00014999991971397566,18825.423634720464,-1.7263573681702837e-08,0.00015,301.124,293.15,317.791,0.0,150000,1,393,39300000,39300000,39300000,0,301124,1,393,39300000,39300000,39300000,0,293150,1,393,39300000,39300000,39300000,0,317791,1,393,39300000,39300000,39300000,0,0,1,393,39300000,39300000,39300000,0,1.0,0.527498,0.65,1.0,0.527498,0.65,1.0,0.527498,0.65,393,39600000,False,1.0,5000.0,300.0,500.0,600000000000.0,100000000000.0,,392
1,near_tick_before,thermal_loop,395,controller_tick,39400000,39.4,1,0,39400000,394,39400000,RUNNING,,0,0,62,1,0,reconstructed_from_retained_wire,True,,,317.7911496846911,301.12448407863707,293.14999888382357,0.5274980000000011,0.65,197000.00000000148,196999.9801732512,0.00014999991971397566,18825.423634720464,-1.7528464013594203e-08,0.00015,301.124,293.15,317.791,0.0,150000,1,394,39400000,39400000,39400000,0,301124,1,394,39400000,39400000,39400000,0,293150,1,394,39400000,39400000,39400000,0,317791,1,394,39400000,39400000,39400000,0,0,1,394,39400000,39400000,39400000,0,1.0,0.527498,0.65,1.0,0.527498,0.65,1.0,0.527498,0.65,394,39700000,False,1.0,5000.0,300.0,500.0,600000000000.0,100000000000.0,,393
1,near_tick_before,thermal_loop,396,controller_tick,39500000,39.5,1,0,39500000,395,39500000,RUNNING,,0,0,62,1,0,reconstructed_from_retained_wire,True,,,317.7911496878707,301.1244840803214,293.149998884614,0.5274980000000011,0.65,197500.0000000015,197499.98011746214,0.00014999991971397566,18825.423634720464,-1.8007540347753093e-08,0.00015,301.124,293.15,317.791,0.0,150000,1,395,39500000,39500000,39500000,0,301124,1,395,39500000,39500000,39500000,0,293150,1,395,39500000,39500000,39500000,0,317791,1,395,39500000,39500000,39500000,0,0,1,395,39500000,39500000,39500000,0,1.0,0.527498,0.65,1.0,0.527498,0.65,1.0,0.527498,0.65,395,39800000,False,1.0,5000.0,300.0,500.0,600000000000.0,100000000000.0,,394
1,near_tick_before,thermal_loop,397,controller_tick,39600000,39.6,1,0,39600000,396,39600000,RUNNING,,0,0,62,1,0,reconstructed_from_retained_wire,True,,,317.7911496910458,301.1244840820044,293.14999888540564,0.5274980000000011,0.65,198000.00000000154,197999.98006171265,0.00014999991971397566,18825.423634720464,-1.9059598344028927e-08,0.00015,301.124,293.15,317.791,0.0,150000,1,396,39600000,39600000,39600000,0,301124,1,396,39600000,39600000,39600000,0,293150,1,396,39600000,39600000,39600000,0,317791,1,396,39600000,39600000,39600000,0,0,1,396,39600000,39600000,39600000,0,1.0,0.527498,0.65,1.0,0.527498,0.65,1.0,0.527498,0.65,396,39900000,False,1.0,5000.0,300.0,500.0,600000000000.0,100000000000.0,,395
1,near_tick_before,thermal_loop,398,controller_tick,39700000,39.7,1,0,39700000,397,39700000,RUNNING,,0,0,62,1,0,reconstructed_from_retained_wire,True,,,317.7911496942164,301.1244840836861,293.14999888619866,0.5274980000000011,0.65,198500.00000000154,198499.98000600276,0.00014999991971397566,18825.423634720464,-1.9200797396479174e-08,0.00015,301.124,293.15,317.791,0.0,150000,1,397,39700000,39700000,39700000,0,301124,1,397,39700000,39700000,39700000,0,293150,1,397,39700000,39700000,39700000,0,317791,1,397,39700000,39700000,39700000,0,0,1,397,39700000,39700000,39700000,0,1.0,0.527498,0.65,1.0,0.527498,0.65,1.0,0.527498,0.65,397,40000000,False,1.0,5000.0,300.0,500.0,600000000000.0,100000000000.0,,396
1,near_tick_before,thermal_loop,399,controller_tick,39800000,39.8,1,0,39800000,398,39800000,RUNNING,,0,0,62,1,0,reconstructed_from_retained_wire,True,,,317.7911496973826,301.12448408536653,293.14999888699293,0.5274980000000011,0.65,199000.00000000157,198999.97995033255,0.00014999991971397566,18825.423634720464,-1.928833626152482e-08,0.00015,301.124,293.15,317.791,0.0,150000,1,398,39800000,39800000,39800000,0,301124,1,398,39800000,39800000,39800000,0,293150,1,398,39800000,39800000,39800000,0,317791,1,398,39800000,39800000,39800000,0,0,1,398,39800000,39800000,39800000,0,1.0,0.527498,0.65,1.0,0.527498,0.65,1.0,0.527498,0.65,398,40100000,False,1.0,5000.0,300.0,500.0,600000000000.0,100000000000.0,,397
1,near_tick_before,thermal_loop,400,controller_tick,39900000,39.9,1,0,39900000,399,39900000,RUNNING,,0,0,62,1,0,reconstructed_from_retained_wire,True,,,317.7911497005443,301.12448408704563,293.14999888778846,0.5274980000000011,0.65,199500.0000000016,199499.9798947021,0.00014999991971397566,18825.423634720464,-1.9774233805947006e-08,0.00015,301.124,293.15,317.791,0.0,150000,1,399,39900000,39900000,39900000,0,301124,1,399,39900000,39900000,39900000,0,293150,1,399,39900000,39900000,39900000,0,317791,1,399,39900000,39900000,39900000,0,0,1,399,39900000,39900000,39900000,0,1.0,0.527498,0.65,1.0,0.527498,0.65,1.0,0.527498,0.65,399,40200000,False,1.0,5000.0,300.0,500.0,600000000000.0,100000000000.0,,398
1,near_tick_before,thermal_loop,401,controller_tick,40000000,40.0,1,0,40000000,400,40000000,RUNNING,,0,0,62,1,0,reconstructed_from_retained_wire,True,,,317.79114970370154,301.1244840887235,293.14999888858523,0.5274980000000011,0.65,200000.00000000163,199999.97983911145,0.00014999991971397566,18825.423634720464,-1.9556637198547833e-08,0.00015,301.124,293.15,317.791,0.0,150000,1,400,40000000,40000000,40000000,0,301124,1,400,40000000,40000000,40000000,0,293150,1,400,40000000,40000000,40000000,0,317791,1,400,40000000,40000000,40000000,0,0,1,400,40000000,40000000,40000000,0,1.0,0.527498,0.65,1.0,0.527498,0.65,1.0,0.527498,0.65,400,40300000,False,1.0,5000.0,300.0,500.0,600000000000.0,100000000000.0,,399
1,near_tick_before,thermal_loop,402,controller_tick,40100000,40.1,1,0,40100000,401,40100000,RUNNING,,0,0,62,1,0,reconstructed_from_retained_wire,True,,,317.7911497068544,301.12448409039996,293.14999888938326,0.5274980000000011,0.65,200500.00000000166,200499.97978356067,0.00014999991971397566,18825.423634720464,-1.8959326553158462e-08,0.00015,301.124,293.15,317.791,0.0,150000,1,401,40100000,40100000,40100000,0,301124,1,401,40100000,40100000,40100000,0,293150,1,401,40100000,40100000,40100000,0,317791,1,401,40100000,40100000,40100000,0,0,1,401,40100000,40100000,40100000,0,1.0,0.527498,0.65,1.0,0.527498,0.65,1.0,0.527498,0.65,401,40400000,False,1.0,5000.0,300.0,500.0,600000000000.0,100000000000.0,,400
1,near_tick_before,thermal_loop,403,controller_tick,40200000,40.2,1,0,40200000,402,40200000,RUNNING,,0,0,62,1,0,reconstructed_from_retained_wire,True,,,317.79114971000286,301.1244840920752,293.1499988901825,0.5274980000000011,0.65,201000.0000000017,200999.97972804983,0.00014999991971397566,18825.423634720464,-1.825492290663533e-08,0.00015,301.124,293.15,317.791,0.0,150000,1,402,40200000,40200000,40200000,0,301124,1,402,40200000,40200000,40200000,0,293150,1,402,40200000,40200000,40200000,0,317791,1,402,40200000,40200000,40200000,0,0,1,402,40200000,40200000,40200000,0,1.0,0.527498,0.65,1.0,0.527498,0.65,1.0,0.527498,0.65,402,40500000,False,1.0,5000.0,300.0,500.0,600000000000.0,100000000000.0,,401
1,near_tick_before,thermal_loop,404,controller_tick,40300000,40.3,1,0,40300000,403,40300000,RUNNING,,0,0,62,1,0,reconstructed_from_retained_wire,True,,,317.79114971314686,301.1244840937492,293.1499988909829,0.5274980000000011,0.65,201500.00000000172,201499.97967257895,0.00014999991971397566,18825.423634720464,-1.74143224285217e-08,0.00015,301.124,293.15,317.791,0.0,150000,1,403,40300000,40300000,40300000,0,301124,1,403,40300000,40300000,40300000,0,293150,1,403,40300000,40300000,40300000,0,317791,1,403,40300000,40300000,40300000,0,0,1,403,40300000,40300000,40300000,0,1.0,0.527498,0.65,1.0,0.527498,0.65,1.0,0.527498,0.65,403,40600000,False,1.0,5000.0,300.0,500.0,600000000000.0,100000000000.0,,402
1,near_tick_before,thermal_loop,405,controller_tick,40400000,40.4,1,0,40400000,404,40400000,RUNNING,,0,0,62,1,0,reconstructed_from_retained_wire,True,,,317.79114971628644,301.1244840954218,293.1499988917845,0.5274980000000011,0.65,202000.00000000175,201999.97961714814,0.00014999991971397566,18825.423634720464,-1.727153176034335e-08,0.00015,301.124,293.15,317.791,0.0,150000,1,404,40400000,40400000,40400000,0,301124,1,404,40400000,40400000,40400000,0,293150,1,404,40400000,40400000,40400000,0,317791,1,404,40400000,40400000,40400000,0,0,1,404,40400000,40400000,40400000,0,1.0,0.527498,0.65,1.0,0.527498,0.65,1.0,0.527498,0.65,404,40700000,False,1.0,5000.0,300.0,500.0,600000000000.0,100000000000.0,,403
1,near_tick_before,thermal_loop,406,controller_tick,40500000,40.5,1,0,40500000,405,40500000,RUNNING,,0,0,62,1,0,reconstructed_from_retained_wire,True,,,317.79114971942164,301.12448409709316,293.14999889258723,0.5274980000000011,0.65,202500.00000000178,202499.97956175744,0.00014999991971397566,18825.423634720464,-1.699140739219729e-08,0.00015,301.124,293.15,317.791,0.0,150000,1,405,40500000,40500000,40500000,0,301124,1,405,40500000,40500000,40500000,0,293150,1,405,40500000,40500000,40500000,0,317791,1,405,40500000,40500000,40500000,0,0,1,405,40500000,40500000,40500000,0,1.0,0.527498,0.65,1.0,0.527498,0.65,1.0,0.527498,0.65,405,40800000,False,1.0,5000.0,300.0,500.0,600000000000.0,100000000000.0,,404
1,near_tick_before,thermal_loop,407,controller_tick,40600000,40.6,1,0,40600000,406,40600000,RUNNING,,0,0,62,1,0,reconstructed_from_retained_wire,True,,,317.79114972255246,301.1244840987633,293.14999889339106,0.5274980000000011,0.65,203000.0000000018,202999.9795064069,0.00014999991971397566,18825.423634720464,-1.722855813568458e-08,0.00015,301.124,293.15,317.791,0.0,150000,1,406,40600000,40600000,40600000,0,301124,1,406,40600000,40600000,40600000,0,293150,1,406,40600000,40600000,40600000,0,317791,1,406,40600000,40600000,40600000,0,0,1,406,40600000,40600000,40600000,0,1.0,0.527498,0.65,1.0,0.527498,0.65,1.0,0.527498,0.65,406,40900000,False,1.0,5000.0,300.0,500.0,600000000000.0,100000000000.0,,405
1,near_tick_before,thermal_loop,408,controller_tick,40700000,40.7,1,0,40700000,407,40700000,RUNNING,,0,0,62,1,0,reconstructed_from_retained_wire,True,,,317.79114972567896,301.12448410043214,293.149998894196,0.5274980000000011,0.65,203500.00000000183,203499.9794510966,0.00014999991971397566,18825.423634720464,-1.6643525668769144e-08,0.00015,301.124,293.15,317.791,0.0,150000,1,407,40700000,40700000,40700000,0,301124,1,407,40700000,40700000,40700000,0,293150,1,407,40700000,40700000,40700000,0,317791,1,407,40700000,40700000,40700000,0,0,1,407,40700000,40700000,40700000,0,1.0,0.527498,0.65,1.0,0.527498,0.65,1.0,0.527498,0.65,407,41000000,False,1.0,5000.0,300.0,500.0,600000000000.0,100000000000.0,,406
1,near_tick_before,thermal_loop,409,controller_tick,40800000,40.8,1,0,40800000,408,40800000,RUNNING,,0,0,62,1,0,reconstructed_from_retained_wire,True,,,317.79114972880103,301.12448410209976,293.14999889500206,0.5274980000000011,0.65,204000.00000000186,203999.97939582652,0.00014999991971397566,18825.423634720464,-1.705689101072494e-08,0.00015,301.124,293.15,317.791,0.0,150000,1,408,40800000,40800000,40800000,0,301124,1,408,40800000,40800000,40800000,0,293150,1,408,40800000,40800000,40800000,0,317791,1,408,40800000,40800000,40800000,0,0,1,408,40800000,40800000,40800000,0,1.0,0.527498,0.65,1.0,0.527498,0.65,1.0,0.527498,0.65,408,41100000,False,1.0,5000.0,300.0,500.0,600000000000.0,100000000000.0,,407
1,near_tick_before,thermal_loop,410,controller_tick,40900000,40.9,1,0,40900000,409,40900000,RUNNING,,0,0,62,1,0,reconstructed_from_retained_wire,True,,,317.7911497319188,301.1244841037662,293.14999889580923,0.5274980000000011,0.65,204500.0000000019,204499.9793405968,0.00014999991971397566,18825.423634720464,-1.6056446838774718e-08,0.00015,301.124,293.15,317.791,0.0,150000,1,409,40900000,40900000,40900000,0,301124,1,409,40900000,40900000,40900000,0,293150,1,409,40900000,40900000,40900000,0,317791,1,409,40900000,40900000,40900000,0,0,1,409,40900000,40900000,40900000,0,1.0,0.527498,0.65,1.0,0.527498,0.65,1.0,0.527498,0.65,409,41200000,False,1.0,5000.0,300.0,500.0,600000000000.0,100000000000.0,,408
1,near_tick_before,thermal_loop,411,controller_tick,41000000,41.0,1,0,41000000,410,41000000,RUNNING,,0,0,62,1,0,reconstructed_from_retained_wire,True,,,317.79114973503215,301.12448410543135,293.14999889661743,0.5274980000000011,0.65,205000.00000000192,204999.97928540743,0.00014999991971397566,18825.423634720464,-1.6082367437775247e-08,0.00015,301.124,293.15,317.791,0.0,150000,1,410,41000000,41000000,41000000,0,301124,1,410,41000000,41000000,41000000,0,293150,1,410,41000000,41000000,41000000,0,317791,1,410,41000000,41000000,41000000,0,0,1,410,41000000,41000000,41000000,0,1.0,0.527498,0.65,1.0,0.527498,0.65,1.0,0.527498,0.65,410,41300000,False,1.0,5000.0,300.0,500.0,600000000000.0,100000000000.0,,409
1,near_tick_before,thermal_loop,412,controller_tick,41100000,41.1,1,0,41100000,411,41100000,RUNNING,,0,0,62,1,0,reconstructed_from_retained_wire,True,,,317.79114973814114,301.12448410709527,293.1499988974267,0.5274980000000011,0.65,205500.00000000195,205499.97923025853,0.00014999991971397566,18825.423634720464,-1.633452484384179e-08,0.00015,301.124,293.15,317.791,0.0,150000,1,411,41100000,41100000,41100000,0,301124,1,411,41100000,41100000,41100000,0,293150,1,411,41100000,41100000,41100000,0,317791,1,411,41100000,41100000,41100000,0,0,1,411,41100000,41100000,41100000,0,1.0,0.527498,0.65,1.0,0.527498,0.65,1.0,0.527498,0.65,411,41400000,False,1.0,5000.0,300.0,500.0,600000000000.0,100000000000.0,,410
1,near_tick_before,thermal_loop,413,controller_tick,41200000,41.2,1,0,41200000,412,41200000,RUNNING,,0,0,62,1,0,reconstructed_from_retained_wire,True,,,317.7911497412458,301.12448410875794,293.149998898237,0.5274980000000011,0.65,206000.00000000198,205999.9791751501,0.00014999991971397566,18825.423634720464,-1.692819751042407e-08,0.00015,301.124,293.15,317.791,0.0,150000,1,412,41200000,41200000,41200000,0,301124,1,412,41200000,41200000,41200000,0,293150,1,412,41200000,41200000,41200000,0,317791,1,412,41200000,41200000,41200000,0,0,1,412,41200000,41200000,41200000,0,1.0,0.527498,0.65,1.0,0.527498,0.65,1.0,0.527498,0.65,412,41500000,False,1.0,5000.0,300.0,500.0,600000000000.0,100000000000.0,,411
1,near_tick_before,thermal_loop,414,controller_tick,41300000,41.3,1,0,41300000,413,41300000,RUNNING,,0,0,62,1,0,reconstructed_from_retained_wire,True,,,317.79114974434617,301.1244841104194,293.14999889904834,0.5274980000000011,0.65,206500.00000000198,206499.97912008225,0.00014999991971397566,18825.423634720464,-1.7271759134018794e-08,0.00015,301.124,293.15,317.791,0.0,150000,1,413,41300000,41300000,41300000,0,301124,1,413,41300000,41300000,41300000,0,293150,1,413,41300000,41300000,41300000,0,317791,1,413,41300000,41300000,41300000,0,0,1,413,41300000,41300000,41300000,0,1.0,0.527498,0.65,1.0,0.527498,0.65,1.0,0.527498,0.65,413,41600000,False,1.0,5000.0,300.0,500.0,600000000000.0,100000000000.0,,412
1,near_tick_before,thermal_loop,415,controller_tick,41400000,41.4,1,0,41400000,414,41400000,RUNNING,,0,0,62,1,0,reconstructed_from_retained_wire,True,,,317.7911497474422,301.12448411207976,293.1499988998607,0.5274980000000011,0.65,207000.000000002,206999.97906505497,0.00014999991971397566,18825.423634720464,-1.6948206393863074e-08,0.00015,301.124,293.15,317.791,0.0,150000,1,414,41400000,41400000,41400000,0,301124,1,414,41400000,41400000,41400000,0,293150,1,414,41400000,41400000,41400000,0,317791,1,414,41400000,41400000,41400000,0,0,1,414,41400000,41400000,41400000,0,1.0,0.527498,0.65,1.0,0.527498,0.65,1.0,0.527498,0.65,414,41700000,False,1.0,5000.0,300.0,500.0,600000000000.0,100000000000.0,,413
1,near_tick_before,thermal_loop,416,controller_tick,41500000,41.5,1,0,41500000,415,41500000,RUNNING,,0,0,62,1,0,reconstructed_from_retained_wire,True,,,317.79114975053403,301.12448411373884,293.149998900674,0.5274980000000011,0.65,207500.00000000204,207499.97901006835,0.00014999991971397566,18825.423634720464,-1.636749402678106e-08,0.00015,301.124,293.15,317.791,0.0,150000,1,415,41500000,41500000,41500000,0,301124,1,415,41500000,41500000,41500000,0,293150,1,415,41500000,41500000,41500000,0,317791,1,415,41500000,41500000,41500000,0,0,1,415,41500000,41500000,41500000,0,1.0,0.527498,0.65,1.0,0.527498,0.65,1.0,0.527498,0.65,415,41800000,False,1.0,5000.0,300.0,500.0,600000000000.0,100000000000.0,,414
1,near_tick_before,thermal_loop,417,controller_tick,41600000,41.6,1,0,41600000,416,41600000,RUNNING,,0,0,62,1,0,reconstructed_from_retained_wire,True,,,317.79114975362154,301.1244841153968,293.14999890148835,0.5274980000000011,0.65,208000.00000000207,207999.9789551224,0.00014999991971397566,18825.423634720464,-1.4974148143664934e-08,0.00015,301.124,293.15,317.791,0.0,150000,1,416,41600000,41600000,41600000,0,301124,1,416,41600000,41600000,41600000,0,293150,1,416,41600000,41600000,41600000,0,317791,1,416,41600000,41600000,41600000,0,0,1,416,41600000,41600000,41600000,0,1.0,0.527498,0.65,1.0,0.527498,0.65,1.0,0.527498,0.65,416,41900000,False,1.0,5000.0,300.0,500.0,600000000000.0,100000000000.0,,415
1,near_tick_before,thermal_loop,418,controller_tick,41700000,41.7,1,0,41700000,417,41700000,RUNNING,,0,0,62,1,0,reconstructed_from_retained_wire,True,,,317.7911497567047,301.1244841170535,293.1499989023036,0.5274980000000011,0.65,208500.0000000021,208499.97890021722,0.00014999991971397566,18825.423634720464,-1.5086015991983004e-08,0.00015,301.124,293.15,317.791,0.0,150000,1,417,41700000,41700000,41700000,0,301124,1,417,41700000,41700000,41700000,0,293150,1,417,41700000,41700000,41700000,0,317791,1,417,41700000,41700000,41700000,0,0,1,417,41700000,41700000,41700000,0,1.0,0.527498,0.65,1.0,0.527498,0.65,1.0,0.527498,0.65,417,42000000,False,1.0,5000.0,300.0,500.0,600000000000.0,100000000000.0,,416
1,near_tick_before,thermal_loop,419,controller_tick,41800000,41.8,1,0,41800000,418,41800000,RUNNING,,0,0,62,1,0,reconstructed_from_retained_wire,True,,,317.7911497597837,301.124484118709,293.1499989031198,0.5274980000000011,0.65,209000.00000000212,208999.9788453528,0.00014999991971397566,18825.423634720464,-1.4349097909871489e-08,0.00015,301.124,293.15,317.791,0.0,150000,1,418,41800000,41800000,41800000,0,301124,1,418,41800000,41800000,41800000,0,293150,1,418,41800000,41800000,41800000,0,317791,1,418,41800000,41800000,41800000,0,0,1,418,41800000,41800000,41800000,0,1.0,0.527498,0.65,1.0,0.527498,0.65,1.0,0.527498,0.65,418,42100000,False,1.0,5000.0,300.0,500.0,600000000000.0,100000000000.0,,417
1,near_tick_before,thermal_loop,420,controller_tick,41900000,41.9,1,0,41900000,419,41900000,RUNNING,,0,0,62,1,0,reconstructed_from_retained_wire,True,,,317.79114976285837,301.1244841203633,293.149998903937,0.5274980000000011,0.65,209500.00000000215,209499.97879052922,0.00014999991971397566,18825.423634720464,-1.3842054613633081e-08,0.00015,301.124,293.15,317.791,0.0,150000,1,419,41900000,41900000,41900000,0,301124,1,419,41900000,41900000,41900000,0,293150,1,419,41900000,41900000,41900000,0,317791,1,419,41900000,41900000,41900000,0,0,1,419,41900000,41900000,41900000,0,1.0,0.527498,0.65,1.0,0.527498,0.65,1.0,0.527498,0.65,419,42200000,False,1.0,5000.0,300.0,500.0,600000000000.0,100000000000.0,,418
1,near_tick_before,thermal_loop,421,controller_tick,42000000,42.0,1,0,42000000,420,42000000,RUNNING,,0,0,62,1,0,reconstructed_from_retained_wire,True,,,317.79114976592876,301.12448412201644,293.1499989047551,0.5274980000000011,0.65,210000.00000000215,209999.97873574652,0.00014999991971397566,18825.423634720464,-1.3621956895804033e-08,0.00015,301.124,293.15,317.791,0.0,150000,1,420,42000000,42000000,42000000,0,301124,1,420,42000000,42000000,42000000,0,293150,1,420,42000000,42000000,42000000,0,317791,1,420,42000000,42000000,42000000,0,0,1,420,42000000,42000000,42000000,0,1.0,0.527498,0.65,1.0,0.527498,0.65,1.0,0.527498,0.65,420,42300000,False,1.0,5000.0,300.0,500.0,600000000000.0,100000000000.0,,419
1,near_tick_before,thermal_loop,422,controller_tick,42100000,42.1,1,0,42100000,421,42100000,RUNNING,,0,0,62,1,0,reconstructed_from_retained_wire,True,,,317.7911497689949,301.12448412366837,293.149998905574,0.5274980000000011,0.65,210500.00000000215,210499.97868100475,0.00014999991971397566,18825.423634720464,-1.4401621228898875e-08,0.00015,301.124,293.15,317.791,0.0,150000,1,421,42100000,42100000,42100000,0,301124,1,421,42100000,42100000,42100000,0,293150,1,421,42100000,42100000,42100000,0,317791,1,421,42100000,42100000,42100000,0,0,1,421,42100000,42100000,42100000,0,1.0,0.527498,0.65,1.0,0.527498,0.65,1.0,0.527498,0.65,421,42400000,False,1.0,5000.0,300.0,500.0,600000000000.0,100000000000.0,,420
1,near_tick_before,thermal_loop,423,controller_tick,42200000,42.2,1,0,42200000,422,42200000,RUNNING,,0,0,62,1,0,reconstructed_from_retained_wire,True,,,317.79114977205677,301.12448412531916,293.14999890639393,0.5274980000000011,0.65,211000.00000000218,210999.97862630393,0.00014999991971397566,18825.423634720464,-1.428020368621219e-08,0.00015,301.124,293.15,317.791,0.0,150000,1,422,42200000,42200000,42200000,0,301124,1,422,42200000,42200000,42200000,0,293150,1,422,42200000,42200000,42200000,0,317791,1,422,42200000,42200000,42200000,0,0,1,422,42200000,42200000,42200000,0,1.0,0.527498,0.65,1.0,0.527498,0.65,1.0,0.527498,0.65,422,42500000,False,1.0,5000.0,300.0,500.0,600000000000.0,100000000000.0,,421
1,near_tick_before,thermal_loop,424,controller_tick,42300000,42.3,1,0,42300000,423,42300000,RUNNING,,0,0,62,1,0,reconstructed_from_retained_wire,True,,,317.7911497751145,301.12448412696875,293.14999890721464,0.5274980000000011,0.65,211500.0000000022,211499.97857164417,0.00014999991971397566,18825.423634720464,-1.4588977137464099e-08,0.00015,301.124,293.15,317.791,0.0,150000,1,423,42300000,42300000,42300000,0,301124,1,423,42300000,42300000,42300000,0,293150,1,423,42300000,42300000,42300000,0,317791,1,423,42300000,42300000,42300000,0,0,1,423,42300000,42300000,42300000,0,1.0,0.527498,0.65,1.0,0.527498,0.65,1.0,0.527498,0.65,423,42600000,False,1.0,5000.0,300.0,500.0,600000000000.0,100000000000.0,,422
1,near_tick_before,thermal_loop,425,controller_tick,42400000,42.4,1,0,42400000,424,42400000,RUNNING,,0,0,62,1,0,reconstructed_from_retained_wire,True,,,317.79114977816795,301.12448412861727,293.14999890803625,0.5274980000000011,0.65,212000.00000000224,211999.97851702545,0.00014999991971397566,18825.423634720464,-1.4117858881945722e-08,0.00015,301.124,293.15,317.791,0.0,150000,1,424,42400000,42400000,42400000,0,301124,1,424,42400000,42400000,42400000,0,293150,1,424,42400000,42400000,42400000,0,317791,1,424,42400000,42400000,42400000,0,0,1,424,42400000,42400000,42400000,0,1.0,0.527498,0.65,1.0,0.527498,0.65,1.0,0.527498,0.65,424,42700000,False,1.0,5000.0,300.0,500.0,600000000000.0,100000000000.0,,423
1,near_tick_before,thermal_loop,426,controller_tick,42500000,42.5,1,0,42500000,425,42500000,RUNNING,,0,0,62,1,0,reconstructed_from_retained_wire,True,,,317.7911497812172,301.1244841302646,293.14999890885866,0.5274980000000011,0.65,212500.00000000227,212499.97846244785,0.00014999991971397566,18825.423634720464,-1.4587158148060553e-08,0.00015,301.124,293.15,317.791,0.0,150000,1,425,42500000,42500000,42500000,0,301124,1,425,42500000,42500000,42500000,0,293150,1,425,42500000,42500000,42500000,0,317791,1,425,42500000,42500000,42500000,0,0,1,425,42500000,42500000,42500000,0,1.0,0.527498,0.65,1.0,0.527498,0.65,1.0,0.527498,0.65,425,42800000,False,1.0,5000.0,300.0,500.0,600000000000.0,100000000000.0,,424
1,near_tick_before,thermal_loop,427,controller_tick,42600000,42.6,1,0,42600000,426,42600000,RUNNING,,0,0,62,1,0,reconstructed_from_retained_wire,True,,,317.79114978426225,301.1244841319107,293.1499989096819,0.5274980000000011,0.65,213000.0000000023,212999.97840791137,0.00014999991971397566,18825.423634720464,-1.528405846329406e-08,0.00015,301.124,293.15,317.791,0.0,150000,1,426,42600000,42600000,42600000,0,301124,1,426,42600000,42600000,42600000,0,293150,1,426,42600000,42600000,42600000,0,317791,1,426,42600000,42600000,42600000,0,0,1,426,42600000,42600000,42600000,0,1.0,0.527498,0.65,1.0,0.527498,0.65,1.0,0.527498,0.65,426,42900000,False,1.0,5000.0,300.0,500.0,600000000000.0,100000000000.0,,425
1,near_tick_before,thermal_loop,428,controller_tick,42700000,42.7,1,0,42700000,427,42700000,RUNNING,,0,0,62,1,0,reconstructed_from_retained_wire,True,,,317.7911497873031,301.1244841335557,293.1499989105061,0.5274980000000011,0.65,213500.0000000023,213499.97835341608,0.00014999991971397566,18825.423634720464,-1.4933220882085152e-08,0.00015,301.124,293.15,317.791,0.0,150000,1,427,42700000,42700000,42700000,0,301124,1,427,42700000,42700000,42700000,0,293150,1,427,42700000,42700000,42700000,0,317791,1,427,42700000,42700000,42700000,0,0,1,427,42700000,42700000,42700000,0,1.0,0.527498,0.65,1.0,0.527498,0.65,1.0,0.527498,0.65,427,43000000,False,1.0,5000.0,300.0,500.0,600000000000.0,100000000000.0,,426
1,near_tick_before,thermal_loop,429,controller_tick,42800000,42.8,1,0,42800000,428,42800000,RUNNING,,0,0,62,1,0,reconstructed_from_retained_wire,True,,,317.7911497903398,301.12448413519957,293.14999891133107,0.5274980000000011,0.65,214000.0000000023,213999.97829896203,0.00014999991971397566,18825.423634720464,-1.4362740330398083e-08,0.00015,301.124,293.15,317.791,0.0,150000,1,428,42800000,42800000,42800000,0,301124,1,428,42800000,42800000,42800000,0,293150,1,428,42800000,42800000,42800000,0,317791,1,428,42800000,42800000,42800000,0,0,1,428,42800000,42800000,42800000,0,1.0,0.527498,0.65,1.0,0.527498,0.65,1.0,0.527498,0.65,428,43100000,False,1.0,5000.0,300.0,500.0,600000000000.0,100000000000.0,,427
1,near_tick_before,thermal_loop,430,controller_tick,42900000,42.9,1,0,42900000,429,42900000,RUNNING,,0,0,62,1,0,reconstructed_from_retained_wire,True,,,317.7911497933722,301.1244841368423,293.14999891215683,0.5274980000000011,0.65,214500.00000000233,214499.97824454922,0.00014999991971397566,18825.423634720464,-1.4738589015905745e-08,0.00015,301.124,293.15,317.791,0.0,150000,1,429,42900000,42900000,42900000,0,301124,1,429,42900000,42900000,42900000,0,293150,1,429,42900000,42900000,42900000,0,317791,1,429,42900000,42900000,42900000,0,0,1,429,42900000,42900000,42900000,0,1.0,0.527498,0.65,1.0,0.527498,0.65,1.0,0.527498,0.65,429,43200000,False,1.0,5000.0,300.0,500.0,600000000000.0,100000000000.0,,428
1,near_tick_before,thermal_loop,431,controller_tick,43000000,43.0,1,0,43000000,430,43000000,RUNNING,,0,0,62,1,0,reconstructed_from_retained_wire,True,,,317.79114979640053,301.12448413848387,293.14999891298334,0.5274980000000011,0.65,215000.00000000236,214999.9781901777,0.00014999991971397566,18825.423634720464,-1.498096935392823e-08,0.00015,301.124,293.15,317.791,0.0,150000,1,430,43000000,43000000,43000000,0,301124,1,430,43000000,43000000,43000000,0,293150,1,430,43000000,43000000,43000000,0,317791,1,430,43000000,43000000,43000000,0,0,1,430,43000000,43000000,43000000,0,1.0,0.527498,0.65,1.0,0.527498,0.65,1.0,0.527498,0.65,430,43300000,False,1.0,5000.0,300.0,500.0,600000000000.0,100000000000.0,,429
1,near_tick_before,thermal_loop,432,controller_tick,43100000,43.1,1,0,43100000,431,43100000,RUNNING,,0,0,62,1,0,reconstructed_from_retained_wire,True,,,317.7911497994247,301.1244841401243,293.14999891381063,0.5274980000000011,0.65,215500.0000000024,215499.97813584757,0.00014999991971397566,18825.423634720464,-1.4858187569188885e-08,0.00015,301.124,293.15,317.791,0.0,150000,1,431,43100000,43100000,43100000,0,301124,1,431,43100000,43100000,43100000,0,293150,1,431,43100000,43100000,43100000,0,317791,1,431,43100000,43100000,43100000,0,0,1,431,43100000,43100000,43100000,0,1.0,0.527498,0.65,1.0,0.527498,0.65,1.0,0.527498,0.65,431,43400000,False,1.0,5000.0,300.0,500.0,600000000000.0,100000000000.0,,430
1,near_tick_before,thermal_loop,433,controller_tick,43200000,43.2,1,0,43200000,432,43200000,RUNNING,,0,0,62,1,0,reconstructed_from_retained_wire,True,,,317.79114980244475,301.1244841417636,293.14999891463873,0.5274980000000011,0.65,216000.00000000242,215999.9780815588,0.00014999991971397566,18825.423634720464,-1.4399347492144443e-08,0.00015,301.124,293.15,317.791,0.0,150000,1,432,43200000,43200000,43200000,0,301124,1,432,43200000,43200000,43200000,0,293150,1,432,43200000,43200000,43200000,0,317791,1,432,43200000,43200000,43200000,0,0,1,432,43200000,43200000,43200000,0,1.0,0.527498,0.65,1.0,0.527498,0.65,1.0,0.527498,0.65,432,43500000,False,1.0,5000.0,300.0,500.0,600000000000.0,100000000000.0,,431
1,near_tick_before,thermal_loop,434,controller_tick,43300000,43.3,1,0,43300000,433,43300000,RUNNING,,0,0,62,1,0,reconstructed_from_retained_wire,True,,,317.79114980546063,301.1244841434018,293.14999891546756,0.5274980000000011,0.65,216500.00000000244,216499.97802731144,0.00014999991971397566,18825.423634720464,-1.4259057934395969e-08,0.00015,301.124,293.15,317.791,0.0,150000,1,433,43300000,43300000,43300000,0,301124,1,433,43300000,43300000,43300000,0,293150,1,433,43300000,43300000,43300000,0,317791,1,433,43300000,43300000,43300000,0,0,1,433,43300000,43300000,43300000,0,1.0,0.527498,0.65,1.0,0.527498,0.65,1.0,0.527498,0.65,433,43600000,False,1.0,5000.0,300.0,500.0,600000000000.0,100000000000.0,,432
1,near_tick_before,thermal_loop,435,controller_tick,43400000,43.4,1,0,43400000,434,43400000,RUNNING,,0,0,62,1,0,reconstructed_from_retained_wire,True,,,317.79114980847237,301.1244841450388,293.14999891629714,0.5274980000000011,0.65,217000.00000000247,216999.97797310556,0.00014999991971397566,18825.423634720464,-1.4379111235029995e-08,0.00015,301.124,293.15,317.791,0.0,150000,1,434,43400000,43400000,43400000,0,301124,1,434,43400000,43400000,43400000,0,293150,1,434,43400000,43400000,43400000,0,317791,1,434,43400000,43400000,43400000,0,0,1,434,43400000,43400000,43400000,0,1.0,0.527498,0.65,1.0,0.527498,0.65,1.0,0.527498,0.65,434,43700000,False,1.0,5000.0,300.0,500.0,600000000000.0,100000000000.0,,433
1,near_tick_before,thermal_loop,436,controller_tick,43500000,43.5,1,0,43500000,435,43500000,RUNNING,,0,0,62,1,0,reconstructed_from_retained_wire,True,,,317.79114981148,301.1244841466748,293.14999891712745,0.5274980000000011,0.65,217500.0000000025,217499.97791894118,0.00014999991971397566,18825.423634720464,-1.3686758393305354e-08,0.00015,301.124,293.15,317.791,0.0,150000,1,435,43500000,43500000,43500000,0,301124,1,435,43500000,43500000,43500000,0,293150,1,435,43500000,43500000,43500000,0,317791,1,435,43500000,43500000,43500000,0,0,1,435,43500000,43500000,43500000,0,1.0,0.527498,0.65,1.0,0.527498,0.65,1.0,0.527498,0.65,435,43800000,False,1.0,5000.0,300.0,500.0,600000000000.0,100000000000.0,,434
1,near_tick_before,thermal_loop,437,controller_tick,43600000,43.6,1,0,43600000,436,43600000,RUNNING,,0,0,62,1,0,reconstructed_from_retained_wire,True,,,317.79114981448356,301.12448414830965,293.14999891795844,0.5274980000000011,0.65,218000.00000000253,217999.97786481833,0.00014999991971397566,18825.423634720464,-1.2865712051279843e-08,0.00015,301.124,293.15,317.791,0.0,150000,1,436,43600000,43600000,43600000,0,301124,1,436,43600000,43600000,43600000,0,293150,1,436,43600000,43600000,43600000,0,317791,1,436,43600000,43600000,43600000,0,0,1,436,43600000,43600000,43600000,0,1.0,0.527498,0.65,1.0,0.527498,0.65,1.0,0.527498,0.65,436,43900000,False,1.0,5000.0,300.0,500.0,600000000000.0,100000000000.0,,435
1,near_tick_before,thermal_loop,438,controller_tick,43700000,43.7,1,0,43700000,437,43700000,RUNNING,,0,0,62,1,0,reconstructed_from_retained_wire,True,,,317.79114981748296,301.1244841499433,293.14999891879006,0.5274980000000011,0.65,218500.00000000256,218499.97781073707,0.00014999991971397566,18825.423634720464,-1.4089437172515318e-08,0.00015,301.124,293.15,317.791,0.0,150000,1,437,43700000,43700000,43700000,0,301124,1,437,43700000,43700000,43700000,0,293150,1,437,43700000,43700000,43700000,0,317791,1,437,43700000,43700000,43700000,0,0,1,437,43700000,43700000,43700000,0,1.0,0.527498,0.65,1.0,0.527498,0.65,1.0,0.527498,0.65,437,44000000,False,1.0,5000.0,300.0,500.0,600000000000.0,100000000000.0,,436
1,near_tick_before,thermal_loop,439,controller_tick,43800000,43.8,1,0,43800000,438,43800000,RUNNING,,0,0,62,1,0,reconstructed_from_retained_wire,True,,,317.79114982047827,301.1244841515759,293.14999891962236,0.5274980000000011,0.65,219000.00000000256,218999.97775669736,0.00014999991971397566,18825.423634720464,-1.5126261132536456e-08,0.00015,301.124,293.15,317.791,0.0,150000,1,438,43800000,43800000,43800000,0,301124,1,438,43800000,43800000,43800000,0,293150,1,438,43800000,43800000,43800000,0,317791,1,438,43800000,43800000,43800000,0,0,1,438,43800000,43800000,43800000,0,1.0,0.527498,0.65,1.0,0.527498,0.65,1.0,0.527498,0.65,438,44100000,False,1.0,5000.0,300.0,500.0,600000000000.0,100000000000.0,,437
1,near_tick_before,thermal_loop,440,controller_tick,43900000,43.9,1,0,43900000,439,43900000,RUNNING,,0,0,62,1,0,reconstructed_from_retained_wire,True,,,317.79114982346954,301.1244841532074,293.1499989204554,0.5274980000000011,0.65,219500.0000000026,219499.9777026993,0.00014999991971397566,18825.423634720464,-1.5141040421440266e-08,0.00015,301.124,293.15,317.791,0.0,150000,1,439,43900000,43900000,43900000,0,301124,1,439,43900000,43900000,43900000,0,293150,1,439,43900000,43900000,43900000,0,317791,1,439,43900000,43900000,43900000,0,0,1,439,43900000,43900000,43900000,0,1.0,0.527498,0.65,1.0,0.527498,0.65,1.0,0.527498,0.65,439,44200000,False,1.0,5000.0,300.0,500.0,600000000000.0,100000000000.0,,438
1,near_tick_before,thermal_loop,441,controller_tick,44000000,44.0,1,0,44000000,440,44000000,RUNNING,,0,0,62,1,0,reconstructed_from_retained_wire,True,,,317.7911498264567,301.1244841548378,293.1499989212891,0.5274980000000011,0.65,220000.00000000262,219999.97764874293,0.00014999991971397566,18825.423634720464,-1.4881607057759538e-08,0.00015,301.124,293.15,317.791,0.0,150000,1,440,44000000,44000000,44000000,0,301124,1,440,44000000,44000000,44000000,0,293150,1,440,44000000,44000000,44000000,0,317791,1,440,44000000,44000000,44000000,0,0,1,440,44000000,44000000,44000000,0,1.0,0.527498,0.65,1.0,0.527498,0.65,1.0,0.527498,0.65,440,44300000,False,1.0,5000.0,300.0,500.0,600000000000.0,100000000000.0,,439
1,near_tick_before,thermal_loop,442,controller_tick,44100000,44.1,1,0,44100000,441,44100000,RUNNING,,0,0,62,1,0,reconstructed_from_retained_wire,True,,,317.7911498294398,301.124484156467,293.14999892212353,0.5274980000000011,0.65,220500.00000000265,220499.9775948283,0.00014999991971397566,18825.423634720464,-1.476496436225716e-08,0.00015,301.124,293.15,317.791,0.0,150000,1,441,44100000,44100000,44100000,0,301124,1,441,44100000,44100000,44100000,0,293150,1,441,44100000,44100000,44100000,0,317791,1,441,44100000,44100000,44100000,0,0,1,441,44100000,44100000,44100000,0,1.0,0.527498,0.65,1.0,0.527498,0.65,1.0,0.527498,0.65,441,44400000,False,1.0,5000.0,300.0,500.0,600000000000.0,100000000000.0,,440
1,near_tick_before,thermal_loop,443,controller_tick,44200000,44.2,1,0,44200000,442,44200000,RUNNING,,0,0,62,1,0,reconstructed_from_retained_wire,True,,,317.79114983241885,301.1244841580952,293.1499989229586,0.5274980000000011,0.65,221000.00000000268,220999.97754095535,0.00014999991971397566,18825.423634720464,-1.377657099510543e-08,0.00015,301.124,293.15,317.791,0.0,150000,1,442,44200000,44200000,44200000,0,301124,1,442,44200000,44200000,44200000,0,293150,1,442,44200000,44200000,44200000,0,317791,1,442,44200000,44200000,44200000,0,0,1,442,44200000,44200000,44200000,0,1.0,0.527498,0.65,1.0,0.527498,0.65,1.0,0.527498,0.65,442,44500000,False,1.0,5000.0,300.0,500.0,600000000000.0,100000000000.0,,441
1,near_tick_before,thermal_loop,444,controller_tick,44300000,44.3,1,0,44300000,443,44300000,RUNNING,,0,0,62,1,0,reconstructed_from_retained_wire,True,,,317.79114983539387,301.12448415972233,293.1499989237942,0.5274980000000011,0.65,221500.0000000027,221499.97748712418,0.00014999991971397566,18825.423634720464,-1.3521457731258124e-08,0.00015,301.124,293.15,317.791,0.0,150000,1,443,44300000,44300000,44300000,0,301124,1,443,44300000,44300000,44300000,0,293150,1,443,44300000,44300000,44300000,0,317791,1,443,44300000,44300000,44300000,0,0,1,443,44300000,44300000,44300000,0,1.0,0.527498,0.65,1.0,0.527498,0.65,1.0,0.527498,0.65,443,44600000,False,1.0,5000.0,300.0,500.0,600000000000.0,100000000000.0,,442
1,near_tick_before,thermal_loop,445,controller_tick,44400000,44.4,1,0,44400000,444,44400000,RUNNING,,0,0,62,1,0,reconstructed_from_retained_wire,True,,,317.79114983836484,301.1244841613483,293.1499989246305,0.5274980000000011,0.65,222000.00000000274,221999.9774333348,0.00014999991971397566,18825.423634720464,-1.3257704267743975e-08,0.00015,301.124,293.15,317.791,0.0,150000,1,444,44400000,44400000,44400000,0,301124,1,444,44400000,44400000,44400000,0,293150,1,444,44400000,44400000,44400000,0,317791,1,444,44400000,44400000,44400000,0,0,1,444,44400000,44400000,44400000,0,1.0,0.527498,0.65,1.0,0.527498,0.65,1.0,0.527498,0.65,444,44700000,False,1.0,5000.0,300.0,500.0,600000000000.0,100000000000.0,,443
1,near_tick_before,thermal_loop,446,controller_tick,44500000,44.5,1,0,44500000,445,44500000,RUNNING,,0,0,62,1,0,reconstructed_from_retained_wire,True,,,317.7911498413318,301.12448416297315,293.1499989254674,0.5274980000000011,0.65,222500.00000000276,222499.97737958728,0.00014999991971397566,18825.423634720464,-1.2689497452811338e-08,0.00015,301.124,293.15,317.791,0.0,150000,1,445,44500000,44500000,44500000,0,301124,1,445,44500000,44500000,44500000,0,293150,1,445,44500000,44500000,44500000,0,317791,1,445,44500000,44500000,44500000,0,0,1,445,44500000,44500000,44500000,0,1.0,0.527498,0.65,1.0,0.527498,0.65,1.0,0.527498,0.65,445,44800000,False,1.0,5000.0,300.0,500.0,600000000000.0,100000000000.0,,444
1,near_tick_before,thermal_loop,447,controller_tick,44600000,44.6,1,0,44600000,446,44600000,RUNNING,,0,0,62,1,0,reconstructed_from_retained_wire,True,,,317.7911498442947,301.12448416459694,293.1499989263048,0.5274980000000011,0.65,223000.00000000276,222999.9773258816,0.00014999991971397566,18825.423634720464,-1.3213366401032545e-08,0.00015,301.124,293.15,317.791,0.0,150000,1,446,44600000,44600000,44600000,0,301124,1,446,44600000,44600000,44600000,0,293150,1,446,44600000,44600000,44600000,0,317791,1,446,44600000,44600000,44600000,0,0,1,446,44600000,44600000,44600000,0,1.0,0.527498,0.65,1.0,0.527498,0.65,1.0,0.527498,0.65,446,44900000,False,1.0,5000.0,300.0,500.0,600000000000.0,100000000000.0,,445
1,near_tick_before,thermal_loop,448,controller_tick,44700000,44.7,1,0,44700000,447,44700000,RUNNING,,0,0,62,1,0,reconstructed_from_retained_wire,True,,,317.79114984725356,301.12448416621964,293.14999892714286,0.5274980000000011,0.65,223500.0000000028,223499.9772722178,0.00014999991971397566,18825.423634720464,-1.3432781997835264e-08,0.00015,301.124,293.15,317.791,0.0,150000,1,447,44700000,44700000,44700000,0,301124,1,447,44700000,44700000,44700000,0,293150,1,447,44700000,44700000,44700000,0,317791,1,447,44700000,44700000,44700000,0,0,1,447,44700000,44700000,44700000,0,1.0,0.527498,0.65,1.0,0.527498,0.65,1.0,0.527498,0.65,447,45000000,False,1.0,5000.0,300.0,500.0,600000000000.0,100000000000.0,,446
1,near_tick_before,thermal_loop,449,controller_tick,44800000,44.8,1,0,44800000,448,44800000,RUNNING,,0,0,62,1,0,reconstructed_from_retained_wire,True,,,317.79114985020846,301.1244841678412,293.14999892798147,0.5274980000000011,0.65,224000.00000000282,223999.97721859592,0.00014999991971397566,18825.423634720464,-1.3909129847888835e-08,0.00015,301.124,293.15,317.791,0.0,150000,1,448,44800000,44800000,44800000,0,301124,1,448,44800000,44800000,44800000,0,293150,1,448,44800000,44800000,44800000,0,317791,1,448,44800000,44800000,44800000,0,0,1,448,44800000,44800000,44800000,0,1.0,0.527498,0.65,1.0,0.527498,0.65,1.0,0.527498,0.65,448,45100000,False,1.0,5000.0,300.0,500.0,600000000000.0,100000000000.0,,447
1,near_tick_before,thermal_loop,450,controller_tick,44900000,44.9,1,0,44900000,449,44900000,RUNNING,,0,0,62,1,0,reconstructed_from_retained_wire,True,,,317.79114985315937,301.12448416946177,293.14999892882065,0.5274980000000011,0.65,224500.00000000285,224499.977165016,0.00014999991971397566,18825.423634720464,-1.363378032692708e-08,0.00015,301.124,293.15,317.791,0.0,150000,1,449,44900000,44900000,44900000,0,301124,1,449,44900000,44900000,44900000,0,293150,1,449,44900000,44900000,44900000,0,317791,1,449,44900000,44900000,44900000,0,0,1,449,44900000,44900000,44900000,0,1.0,0.527498,0.65,1.0,0.527498,0.65,1.0,0.527498,0.65,449,45200000,False,1.0,5000.0,300.0,500.0,600000000000.0,100000000000.0,,448
1,near_tick_before,thermal_loop,451,controller_tick,45000000,45.0,1,0,45000000,450,45000000,RUNNING,,0,0,62,1,0,reconstructed_from_retained_wire,True,,,317.7911498561063,301.1244841710812,293.1499989296604,0.5274980000000011,0.65,225000.00000000288,224999.97711147802,0.00014999991971397566,18825.423634720464,-1.3586259228759445e-08,0.00015,301.124,293.15,317.791,0.0,150000,1,450,45000000,45000000,45000000,0,301124,1,450,45000000,45000000,45000000,0,293150,1,450,45000000,45000000,45000000,0,317791,1,450,45000000,45000000,45000000,0,0,1,450,45000000,45000000,45000000,0,1.0,0.527498,0.65,1.0,0.527498,0.65,1.0,0.527498,0.65,450,45300000,False,1.0,5000.0,300.0,500.0,600000000000.0,100000000000.0,,449
1,near_tick_before,thermal_loop,452,controller_tick,45100000,45.1,1,0,45100000,451,45100000,RUNNING,,0,0,62,1,0,reconstructed_from_retained_wire,True,,,317.79114985904926,301.12448417269957,293.14999893050066,0.5274980000000011,0.65,225500.0000000029,225499.97705798206,0.00014999991971397566,18825.423634720464,-1.344164957117755e-08,0.00015,301.124,293.15,317.791,0.0,150000,1,451,45100000,45100000,45100000,0,301124,1,451,45100000,45100000,45100000,0,293150,1,451,45100000,45100000,45100000,0,317791,1,451,45100000,45100000,45100000,0,0,1,451,45100000,45100000,45100000,0,1.0,0.527498,0.65,1.0,0.527498,0.65,1.0,0.527498,0.65,451,45400000,False,1.0,5000.0,300.0,500.0,600000000000.0,100000000000.0,,450
1,near_tick_before,thermal_loop,453,controller_tick,45200000,45.2,1,0,45200000,452,45200000,RUNNING,,0,0,62,1,0,reconstructed_from_retained_wire,True,,,317.7911498619883,301.12448417431676,293.1499989313415,0.5274980000000011,0.65,226000.0000000029,225999.9770045281,0.00014999991971397566,18825.423634720464,-1.3344333638087846e-08,0.00015,301.124,293.15,317.791,0.0,150000,1,452,45200000,45200000,45200000,0,301124,1,452,45200000,45200000,45200000,0,293150,1,452,45200000,45200000,45200000,0,317791,1,452,45200000,45200000,45200000,0,0,1,452,45200000,45200000,45200000,0,1.0,0.527498,0.65,1.0,0.527498,0.65,1.0,0.527498,0.65,452,45500000,False,1.0,5000.0,300.0,500.0,600000000000.0,100000000000.0,,451
1,near_tick_before,thermal_loop,454,controller_tick,45300000,45.3,1,0,45300000,453,45300000,RUNNING,,0,0,62,1,0,reconstructed_from_retained_wire,True,,,317.79114986492334,301.12448417593293,293.1499989321828,0.5274980000000011,0.65,226500.00000000294,226499.97695111623,0.00014999991971397566,18825.423634720464,-1.312082531512715e-08,0.00015,301.124,293.15,317.791,0.0,150000,1,453,45300000,45300000,45300000,0,301124,1,453,45300000,45300000,45300000,0,293150,1,453,45300000,45300000,45300000,0,317791,1,453,45300000,45300000,45300000,0,0,1,453,45300000,45300000,45300000,0,1.0,0.527498,0.65,1.0,0.527498,0.65,1.0,0.527498,0.65,453,45600000,False,1.0,5000.0,300.0,500.0,600000000000.0,100000000000.0,,452
1,near_tick_before,thermal_loop,455,controller_tick,45400000,45.4,1,0,45400000,454,45400000,RUNNING,,0,0,62,1,0,reconstructed_from_retained_wire,True,,,317.7911498678544,301.12448417754797,293.14999893302473,0.5274980000000011,0.65,227000.00000000297,226999.97689774644,0.00014999991971397566,18825.423634720464,-1.2979626262676902e-08,0.00015,301.124,293.15,317.791,0.0,150000,1,454,45400000,45400000,45400000,0,301124,1,454,45400000,45400000,45400000,0,293150,1,454,45400000,45400000,45400000,0,317791,1,454,45400000,45400000,45400000,0,0,1,454,45400000,45400000,45400000,0,1.0,0.527498,0.65,1.0,0.527498,0.65,1.0,0.527498,0.65,454,45700000,False,1.0,5000.0,300.0,500.0,600000000000.0,100000000000.0,,453
1,near_tick_before,thermal_loop,456,controller_tick,45500000,45.5,1,0,45500000,455,45500000,RUNNING,,0,0,62,1,0,reconstructed_from_retained_wire,True,,,317.7911498707815,301.124484179162,293.1499989338671,0.5274980000000011,0.65,227500.000000003,227499.9768444187,0.00014999991971397566,18825.423634720464,-1.3425051292870194e-08,0.00015,301.124,293.15,317.791,0.0,150000,1,455,45500000,45500000,45500000,0,301124,1,455,45500000,45500000,45500000,0,293150,1,455,45500000,45500000,45500000,0,317791,1,455,45500000,45500000,45500000,0,0,1,455,45500000,45500000,45500000,0,1.0,0.527498,0.65,1.0,0.527498,0.65,1.0,0.527498,0.65,455,45800000,False,1.0,5000.0,300.0,500.0,600000000000.0,100000000000.0,,454
1,near_tick_before,thermal_loop,457,controller_tick,45600000,45.6,1,0,45600000,456,45600000,RUNNING,,0,0,62,1,0,reconstructed_from_retained_wire,True,,,317.79114987370474,301.1244841807749,293.14999893470997,0.5274980000000011,0.65,228000.00000000303,227999.97679113311,0.00014999991971397566,18825.423634720464,-1.2995315046282485e-08,0.00015,301.124,293.15,317.791,0.0,150000,1,456,45600000,45600000,45600000,0,301124,1,456,45600000,45600000,45600000,0,293150,1,456,45600000,45600000,45600000,0,317791,1,456,45600000,45600000,45600000,0,0,1,456,45600000,45600000,45600000,0,1.0,0.527498,0.65,1.0,0.527498,0.65,1.0,0.527498,0.65,456,45900000,False,1.0,5000.0,300.0,500.0,600000000000.0,100000000000.0,,455
1,near_tick_before,thermal_loop,458,controller_tick,45700000,45.7,1,0,45700000,457,45700000,RUNNING,,0,0,62,1,0,reconstructed_from_retained_wire,True,,,317.791149876624,301.12448418238677,293.1499989355533,0.5274980000000011,0.65,228500.00000000306,228499.9767378897,0.00014999991971397566,18825.423634720464,-1.3510998542187735e-08,0.00015,301.124,293.15,317.791,0.0,150000,1,457,45700000,45700000,45700000,0,301124,1,457,45700000,45700000,45700000,0,293150,1,457,45700000,45700000,45700000,0,317791,1,457,45700000,45700000,45700000,0,0,1,457,45700000,45700000,45700000,0,1.0,0.527498,0.65,1.0,0.527498,0.65,1.0,0.527498,0.65,457,46000000,False,1.0,5000.0,300.0,500.0,600000000000.0,100000000000.0,,456
1,near_tick_before,thermal_loop,459,controller_tick,45800000,45.8,1,0,45800000,458,45800000,RUNNING,,0,0,62,1,0,reconstructed_from_retained_wire,True,,,317.7911498795394,301.12448418399765,293.14999893639714,0.5274980000000011,0.65,229000.00000000306,228999.97668468847,0.00014999991971397566,18825.423634720464,-1.2113787306589074e-08,0.00015,301.124,293.15,317.791,0.0,150000,1,458,45800000,45800000,45800000,0,301124,1,458,45800000,45800000,45800000,0,293150,1,458,45800000,45800000,45800000,0,317791,1,458,45800000,45800000,45800000,0,0,1,458,45800000,45800000,45800000,0,1.0,0.527498,0.65,1.0,0.527498,0.65,1.0,0.527498,0.65,458,46100000,False,1.0,5000.0,300.0,500.0,600000000000.0,100000000000.0,,457
1,near_tick_before,thermal_loop,460,controller_tick,45900000,45.9,1,0,45900000,459,45900000,RUNNING,,0,0,62,1,0,reconstructed_from_retained_wire,True,,,317.7911498824508,301.1244841856074,293.14999893724143,0.5274980000000011,0.65,229500.00000000309,229499.97663152945,0.00014999991971397566,18825.423634720464,-1.2137206795159727e-08,0.00015,301.124,293.15,317.791,0.0,150000,1,459,45900000,45900000,45900000,0,301124,1,459,45900000,45900000,45900000,0,293150,1,459,45900000,45900000,45900000,0,317791,1,459,45900000,45900000,45900000,0,0,1,459,45900000,45900000,45900000,0,1.0,0.527498,0.65,1.0,0.527498,0.65,1.0,0.527498,0.65,459,46200000,False,1.0,5000.0,300.0,500.0,600000000000.0,100000000000.0,,458
1,near_tick_before,thermal_loop,461,controller_tick,46000000,46.0,1,0,46000000,460,46000000,RUNNING,,0,0,62,1,0,reconstructed_from_retained_wire,True,,,317.7911498853583,301.1244841872161,293.1499989380862,0.5274980000000011,0.65,230000.0000000031,229999.97657841264,0.00014999991971397566,18825.423634720464,-1.146486283687409e-08,0.00015,301.124,293.15,317.791,0.0,150000,1,460,46000000,46000000,46000000,0,301124,1,460,46000000,46000000,46000000,0,293150,1,460,46000000,46000000,46000000,0,317791,1,460,46000000,46000000,46000000,0,0,1,460,46000000,46000000,46000000,0,1.0,0.527498,0.65,1.0,0.527498,0.65,1.0,0.527498,0.65,460,46300000,False,1.0,5000.0,300.0,500.0,600000000000.0,100000000000.0,,459
1,near_tick_before,thermal_loop,462,controller_tick,46100000,46.1,1,0,46100000,461,46100000,RUNNING,,0,0,62,1,0,reconstructed_from_retained_wire,True,,,317.79114988826194,301.1244841888237,293.1499989389314,0.5274980000000011,0.65,230500.00000000314,230499.97652533805,0.00014999991971397566,18825.423634720464,-1.158650775323622e-08,0.00015,301.124,293.15,317.791,0.0,150000,1,461,46100000,46100000,46100000,0,301124,1,461,46100000,46100000,46100000,0,293150,1,461,46100000,46100000,46100000,0,317791,1,461,46100000,46100000,46100000,0,0,1,461,46100000,46100000,46100000,0,1.0,0.527498,0.65,1.0,0.527498,0.65,1.0,0.527498,0.65,461,46400000,False,1.0,5000.0,300.0,500.0,600000000000.0,100000000000.0,,460
1,near_tick_before,thermal_loop,463,controller_tick,46200000,46.2,1,0,46200000,462,46200000,RUNNING,,0,0,62,1,0,reconstructed_from_retained_wire,True,,,317.7911498911617,301.1244841904303,293.149998939777,0.5274980000000011,0.65,231000.00000000317,230999.97647230577,0.00014999991971397566,18825.423634720464,-1.1608790373429656e-08,0.00015,301.124,293.15,317.791,0.0,150000,1,462,46200000,46200000,46200000,0,301124,1,462,46200000,46200000,46200000,0,293150,1,462,46200000,46200000,46200000,0,317791,1,462,46200000,46200000,46200000,0,0,1,462,46200000,46200000,46200000,0,1.0,0.527498,0.65,1.0,0.527498,0.65,1.0,0.527498,0.65,462,46500000,False,1.0,5000.0,300.0,500.0,600000000000.0,100000000000.0,,461
1,near_tick_before,thermal_loop,464,controller_tick,46300000,46.3,1,0,46300000,463,46300000,RUNNING,,0,0,62,1,0,reconstructed_from_retained_wire,True,,,317.7911498940576,301.12448419203577,293.1499989406231,0.5274980000000011,0.65,231500.0000000032,231499.9764193158,0.00014999991971397566,18825.423634720464,-1.0610392564558424e-08,0.00015,301.124,293.15,317.791,0.0,150000,1,463,46300000,46300000,46300000,0,301124,1,463,46300000,46300000,46300000,0,293150,1,463,46300000,46300000,46300000,0,317791,1,463,46300000,46300000,46300000,0,0,1,463,46300000,46300000,46300000,0,1.0,0.527498,0.65,1.0,0.527498,0.65,1.0,0.527498,0.65,463,46600000,False,1.0,5000.0,300.0,500.0,600000000000.0,100000000000.0,,462
1,near_tick_before,thermal_loop,465,controller_tick,46400000,46.4,1,0,46400000,464,46400000,RUNNING,,0,0,62,1,0,reconstructed_from_retained_wire,True,,,317.7911498969496,301.12448419364017,293.14999894146956,0.5274980000000011,0.65,232000.00000000323,231999.97636636812,0.00014999991971397566,18825.423634720464,-1.0700659913709387e-08,0.00015,301.124,293.15,317.791,0.0,150000,1,464,46400000,46400000,46400000,0,301124,1,464,46400000,46400000,46400000,0,293150,1,464,46400000,46400000,46400000,0,317791,1,464,46400000,46400000,46400000,0,0,1,464,46400000,46400000,46400000,0,1.0,0.527498,0.65,1.0,0.527498,0.65,1.0,0.527498,0.65,464,46700000,False,1.0,5000.0,300.0,500.0,600000000000.0,100000000000.0,,463
1,near_tick_before,thermal_loop,466,controller_tick,46500000,46.5,1,0,46500000,465,46500000,RUNNING,,0,0,62,1,0,reconstructed_from_retained_wire,True,,,317.79114989983776,301.1244841952435,293.1499989423164,0.5274980000000011,0.65,232500.00000000326,232499.97631346277,0.00014999991971397566,18825.423634720464,-1.1166775948368013e-08,0.00015,301.124,293.15,317.791,0.0,150000,1,465,46500000,46500000,46500000,0,301124,1,465,46500000,46500000,46500000,0,293150,1,465,46500000,46500000,46500000,0,317791,1,465,46500000,46500000,46500000,0,0,1,465,46500000,46500000,46500000,0,1.0,0.527498,0.65,1.0,0.527498,0.65,1.0,0.527498,0.65,465,46800000,False,1.0,5000.0,300.0,500.0,600000000000.0,100000000000.0,,464
1,near_tick_before,thermal_loop,467,controller_tick,46600000,46.6,1,0,46600000,466,46600000,RUNNING,,0,0,62,1,0,reconstructed_from_retained_wire,True,,,317.79114990272205,301.1244841968458,293.1499989431637,0.5274980000000011,0.65,233000.0000000033,232999.97626059977,0.00014999991971397566,18825.423634720464,-1.079160938388668e-08,0.00015,301.124,293.15,317.791,0.0,150000,1,466,46600000,46600000,46600000,0,301124,1,466,46600000,46600000,46600000,0,293150,1,466,46600000,46600000,46600000,0,317791,1,466,46600000,46600000,46600000,0,0,1,466,46600000,46600000,46600000,0,1.0,0.527498,0.65,1.0,0.527498,0.65,1.0,0.527498,0.65,466,46900000,False,1.0,5000.0,300.0,500.0,600000000000.0,100000000000.0,,465
1,near_tick_before,thermal_loop,468,controller_tick,46700000,46.7,1,0,46700000,467,46700000,RUNNING,,0,0,62,1,0,reconstructed_from_retained_wire,True,,,317.7911499056025,301.124484198447,293.14999894401143,0.5274980000000011,0.65,233500.00000000332,233499.97620777914,0.00014999991971397566,18825.423634720464,-1.0734083843999542e-08,0.00015,301.124,293.15,317.791,0.0,150000,1,467,46700000,46700000,46700000,0,301124,1,467,46700000,46700000,46700000,0,293150,1,467,46700000,46700000,46700000,0,317791,1,467,46700000,46700000,46700000,0,0,1,467,46700000,46700000,46700000,0,1.0,0.527498,0.65,1.0,0.527498,0.65,1.0,0.527498,0.65,467,47000000,False,1.0,5000.0,300.0,500.0,600000000000.0,100000000000.0,,466
1,near_tick_before,thermal_loop,469,controller_tick,46800000,46.8,1,0,46800000,468,46800000,RUNNING,,0,0,62,1,0,reconstructed_from_retained_wire,True,,,317.79114990847904,301.12448420004716,293.1499989448595,0.5274980000000011,0.65,234000.00000000335,233999.9761550009,0.00014999991971397566,18825.423634720464,-1.1677911970764399e-08,0.00015,301.124,293.15,317.791,0.0,150000,1,468,46800000,46800000,46800000,0,301124,1,468,46800000,46800000,46800000,0,293150,1,468,46800000,46800000,46800000,0,317791,1,468,46800000,46800000,46800000,0,0,1,468,46800000,46800000,46800000,0,1.0,0.527498,0.65,1.0,0.527498,0.65,1.0,0.527498,0.65,468,47100000,False,1.0,5000.0,300.0,500.0,600000000000.0,100000000000.0,,467
1,near_tick_before,thermal_loop,470,controller_tick,46900000,46.9,1,0,46900000,469,46900000,RUNNING,,0,0,62,1,0,reconstructed_from_retained_wire,True,,,317.79114991135185,301.1244842016463,293.1499989457079,0.5274980000000011,0.65,234500.00000000338,234499.9761022651,0.00014999991971397566,18825.423634720464,-1.1298197932774201e-08,0.00015,301.124,293.15,317.791,0.0,150000,1,469,46900000,46900000,46900000,0,301124,1,469,46900000,46900000,46900000,0,293150,1,469,46900000,46900000,46900000,0,317791,1,469,46900000,46900000,46900000,0,0,1,469,46900000,46900000,46900000,0,1.0,0.527498,0.65,1.0,0.527498,0.65,1.0,0.527498,0.65,469,47200000,False,1.0,5000.0,300.0,500.0,600000000000.0,100000000000.0,,468
1,near_tick_before,thermal_loop,471,controller_tick,47000000,47.0,1,0,47000000,470,47000000,RUNNING,,0,0,62,1,0,reconstructed_from_retained_wire,True,,,317.7911499142208,301.1244842032443,293.14999894655676,0.5274980000000011,0.65,235000.0000000034,234999.9760495717,0.00014999991971397566,18825.423634720464,-1.1177917258464731e-08,0.00015,301.124,293.15,317.791,0.0,150000,1,470,47000000,47000000,47000000,0,301124,1,470,47000000,47000000,47000000,0,293150,1,470,47000000,47000000,47000000,0,317791,1,470,47000000,47000000,47000000,0,0,1,470,47000000,47000000,47000000,0,1.0,0.527498,0.65,1.0,0.527498,0.65,1.0,0.527498,0.65,470,47300000,False,1.0,5000.0,300.0,500.0,600000000000.0,100000000000.0,,469
1,near_tick_before,thermal_loop,472,controller_tick,47100000,47.1,1,0,47100000,471,47100000,RUNNING,,0,0,62,1,0,reconstructed_from_retained_wire,True,,,317.791149917086,301.12448420484134,293.14999894740595,0.5274980000000011,0.65,235500.00000000343,235499.97599692078,0.00014999991971397566,18825.423634720464,-1.0388703231001273e-08,0.00015,301.124,293.15,317.791,0.0,150000,1,471,47100000,47100000,47100000,0,301124,1,471,47100000,47100000,47100000,0,293150,1,471,47100000,47100000,47100000,0,317791,1,471,47100000,47100000,47100000,0,0,1,471,47100000,47100000,47100000,0,1.0,0.527498,0.65,1.0,0.527498,0.65,1.0,0.527498,0.65,471,47400000,False,1.0,5000.0,300.0,500.0,600000000000.0,100000000000.0,,470
1,near_tick_before,thermal_loop,473,controller_tick,47200000,47.2,1,0,47200000,472,47200000,RUNNING,,0,0,62,1,0,reconstructed_from_retained_wire,True,,,317.7911499199474,301.1244842064373,293.1499989482555,0.5274980000000011,0.65,236000.00000000343,235999.97594431232,0.00014999991971397566,18825.423634720464,-9.945097190211527e-09,0.00015,301.124,293.15,317.791,0.0,150000,1,472,47200000,47200000,47200000,0,301124,1,472,47200000,47200000,47200000,0,293150,1,472,47200000,47200000,47200000,0,317791,1,472,47200000,47200000,47200000,0,0,1,472,47200000,47200000,47200000,0,1.0,0.527498,0.65,1.0,0.527498,0.65,1.0,0.527498,0.65,472,47500000,False,1.0,5000.0,300.0,500.0,600000000000.0,100000000000.0,,471
1,near_tick_before,thermal_loop,474,controller_tick,47300000,47.3,1,0,47300000,473,47300000,RUNNING,,0,0,62,1,0,reconstructed_from_retained_wire,True,,,317.79114992280495,301.1244842080321,293.14999894910534,0.5274980000000011,0.65,236500.00000000343,236499.97589174635,0.00014999991971397566,18825.423634720464,-1.0322310117771849e-08,0.00015,301.124,293.15,317.791,0.0,150000,1,473,47300000,47300000,47300000,0,301124,1,473,47300000,47300000,47300000,0,293150,1,473,47300000,47300000,47300000,0,317791,1,473,47300000,47300000,47300000,0,0,1,473,47300000,47300000,47300000,0,1.0,0.527498,0.65,1.0,0.527498,0.65,1.0,0.527498,0.65,473,47600000,False,1.0,5000.0,300.0,500.0,600000000000.0,100000000000.0,,472
1,near_tick_before,thermal_loop,475,controller_tick,47400000,47.4,1,0,47400000,474,47400000,RUNNING,,0,0,62,1,0,reconstructed_from_retained_wire,True,,,317.7911499256587,301.1244842096259,293.14999894995555,0.5274980000000011,0.65,237000.00000000346,236999.97583922287,0.00014999991971397566,18825.423634720464,-1.0123812899109907e-08,0.00015,301.124,293.15,317.791,0.0,150000,1,474,47400000,47400000,47400000,0,301124,1,474,47400000,47400000,47400000,0,293150,1,474,47400000,47400000,47400000,0,317791,1,474,47400000,47400000,47400000,0,0,1,474,47400000,47400000,47400000,0,1.0,0.527498,0.65,1.0,0.527498,0.65,1.0,0.527498,0.65,474,47700000,False,1.0,5000.0,300.0,500.0,600000000000.0,100000000000.0,,473
1,near_tick_before,thermal_loop,476,controller_tick,47500000,47.5,1,0,47500000,475,47500000,RUNNING,,0,0,62,1,0,reconstructed_from_retained_wire,True,,,317.79114992850873,301.12448421121866,293.1499989508061,0.5274980000000011,0.65,237500.00000000346,237499.9757867419,0.00014999991971397566,18825.423634720464,-9.644281817600131e-09,0.00015,301.124,293.15,317.791,0.0,150000,1,475,47500000,47500000,47500000,0,301124,1,475,47500000,47500000,47500000,0,293150,1,475,47500000,47500000,47500000,0,317791,1,475,47500000,47500000,47500000,0,0,1,475,47500000,47500000,47500000,0,1.0,0.527498,0.65,1.0,0.527498,0.65,1.0,0.527498,0.65,475,47800000,False,1.0,5000.0,300.0,500.0,600000000000.0,100000000000.0,,474
1,near_tick_before,thermal_loop,477,controller_tick,47600000,47.6,1,0,47600000,476,47600000,RUNNING,,0,0,62,1,0,reconstructed_from_retained_wire,True,,,317.79114993135494,301.12448421281033,293.1499989516569,0.5274980000000011,0.65,238000.0000000035,237999.9757343035,0.00014999991971397566,18825.423634720464,-1.0194071364821866e-08,0.00015,301.124,293.15,317.791,0.0,150000,1,476,47600000,47600000,47600000,0,301124,1,476,47600000,47600000,47600000,0,293150,1,476,47600000,47600000,47600000,0,317791,1,476,47600000,47600000,47600000,0,0,1,476,47600000,47600000,47600000,0,1.0,0.527498,0.65,1.0,0.527498,0.65,1.0,0.527498,0.65,476,47900000,False,1.0,5000.0,300.0,500.0,600000000000.0,100000000000.0,,475
1,near_tick_before,thermal_loop,478,controller_tick,47700000,47.7,1,0,47700000,477,47700000,RUNNING,,0,0,62,1,0,reconstructed_from_retained_wire,True,,,317.79114993419745,301.124484214401,293.14999895250804,0.5274980000000011,0.65,238500.00000000352,238499.97568190764,0.00014999991971397566,18825.423634720464,-1.0131998351425864e-08,0.00015,301.124,293.15,317.791,0.0,150000,1,477,47700000,47700000,47700000,0,301124,1,477,47700000,47700000,47700000,0,293150,1,477,47700000,47700000,47700000,0,317791,1,477,47700000,47700000,47700000,0,0,1,477,47700000,47700000,47700000,0,1.0,0.527498,0.65,1.0,0.527498,0.65,1.0,0.527498,0.65,477,48000000,False,1.0,5000.0,300.0,500.0,600000000000.0,100000000000.0,,476
1,near_tick_before,thermal_loop,479,controller_tick,47800000,47.8,1,0,47800000,478,47800000,RUNNING,,0,0,62,1,0,reconstructed_from_retained_wire,True,,,317.79114993703615,301.12448421599055,293.1499989533595,0.5274980000000011,0.65,239000.00000000355,238999.97562955433,0.00014999991971397566,18825.423634720464,-1.0357325663790107e-08,0.00015,301.124,293.15,317.791,0.0,150000,1,478,47800000,47800000,47800000,0,301124,1,478,47800000,47800000,47800000,0,293150,1,478,47800000,47800000,47800000,0,317791,1,478,47800000,47800000,47800000,0,0,1,478,47800000,47800000,47800000,0,1.0,0.527498,0.65,1.0,0.527498,0.65,1.0,0.527498,0.65,478,48100000,False,1.0,5000.0,300.0,500.0,600000000000.0,100000000000.0,,477
1,near_tick_before,thermal_loop,480,controller_tick,47900000,47.9,1,0,47900000,479,47900000,RUNNING,,0,0,62,1,0,reconstructed_from_retained_wire,True,,,317.79114993987116,301.12448421757915,293.1499989542112,0.5274980000000011,0.65,239500.00000000358,239499.9755772436,0.00014999991971397566,18825.423634720464,-1.0179292075918056e-08,0.00015,301.124,293.15,317.791,0.0,150000,1,479,47900000,47900000,47900000,0,301124,1,479,47900000,47900000,47900000,0,293150,1,479,47900000,47900000,47900000,0,317791,1,479,47900000,47900000,47900000,0,0,1,479,47900000,47900000,47900000,0,1.0,0.527498,0.65,1.0,0.527498,0.65,1.0,0.527498,0.65,479,48200000,False,1.0,5000.0,300.0,500.0,600000000000.0,100000000000.0,,478
1,near_tick_before,thermal_loop,481,controller_tick,48000000,48.0,1,0,48000000,480,48000000,RUNNING,,0,0,62,1,0,reconstructed_from_retained_wire,True,,,317.79114994270236,301.1244842191666,293.1499989550632,0.5274980000000011,0.65,240000.0000000036,239999.97552497548,0.00014999991971397566,18825.423634720464,-1.0705662134569138e-08,0.00015,301.124,293.15,317.791,0.0,150000,1,480,48000000,48000000,48000000,0,301124,1,480,48000000,48000000,48000000,0,293150,1,480,48000000,48000000,48000000,0,317791,1,480,48000000,48000000,48000000,0,0,1,480,48000000,48000000,48000000,0,1.0,0.527498,0.65,1.0,0.527498,0.65,1.0,0.527498,0.65,480,48300000,False,1.0,5000.0,300.0,500.0,600000000000.0,100000000000.0,,479
1,near_tick_before,thermal_loop,482,controller_tick,48100000,48.1,1,0,48100000,481,48100000,RUNNING,,0,0,62,1,0,reconstructed_from_retained_wire,True,,,317.7911499455299,301.124484220753,293.1499989559155,0.5274980000000011,0.65,240500.00000000364,240499.97547274997,0.00014999991971397566,18825.423634720464,-1.046873876475729e-08,0.00015,301.124,293.15,317.791,0.0,150000,1,481,48100000,48100000,48100000,0,301124,1,481,48100000,48100000,48100000,0,293150,1,481,48100000,48100000,48100000,0,317791,1,481,48100000,48100000,48100000,0,0,1,481,48100000,48100000,48100000,0,1.0,0.527498,0.65,1.0,0.527498,0.65,1.0,0.527498,0.65,481,48400000,False,1.0,5000.0,300.0,500.0,600000000000.0,100000000000.0,,480
1,near_tick_before,thermal_loop,483,controller_tick,48200000,48.2,1,0,48200000,482,48200000,RUNNING,,0,0,62,1,0,reconstructed_from_retained_wire,True,,,317.79114994835373,301.1244842223384,293.14999895676806,0.5274980000000011,0.65,241000.00000000367,240999.97542056706,0.00014999991971397566,18825.423634720464,-1.0367784852860495e-08,0.00015,301.124,293.15,317.791,0.0,150000,1,482,48200000,48200000,48200000,0,301124,1,482,48200000,48200000,48200000,0,293150,1,482,48200000,48200000,48200000,0,317791,1,482,48200000,48200000,48200000,0,0,1,482,48200000,48200000,48200000,0,1.0,0.527498,0.65,1.0,0.527498,0.65,1.0,0.527498,0.65,482,48500000,False,1.0,5000.0,300.0,500.0,600000000000.0,100000000000.0,,481
1,near_tick_before,thermal_loop,484,controller_tick,48300000,48.3,1,0,48300000,483,48300000,RUNNING,,0,0,62,1,0,reconstructed_from_retained_wire,True,,,317.79114995117385,301.12448422392276,293.1499989576209,0.5274980000000011,0.65,241500.0000000037,241499.9753684268,0.00014999991971397566,18825.423634720464,-1.0042867870652117e-08,0.00015,301.124,293.15,317.791,0.0,150000,1,483,48300000,48300000,48300000,0,301124,1,483,48300000,48300000,48300000,0,293150,1,483,48300000,48300000,48300000,0,317791,1,483,48300000,48300000,48300000,0,0,1,483,48300000,48300000,48300000,0,1.0,0.527498,0.65,1.0,0.527498,0.65,1.0,0.527498,0.65,483,48600000,False,1.0,5000.0,300.0,500.0,600000000000.0,100000000000.0,,482
1,near_tick_before,thermal_loop,485,controller_tick,48400000,48.4,1,0,48400000,484,48400000,RUNNING,,0,0,62,1,0,reconstructed_from_retained_wire,True,,,317.7911499539902,301.124484225506,293.149998958474,0.5274980000000011,0.65,242000.00000000373,241999.9753163292,0.00014999991971397566,18825.423634720464,-1.0033318176283501e-08,0.00015,301.124,293.15,317.791,0.0,150000,1,484,48400000,48400000,48400000,0,301124,1,484,48400000,48400000,48400000,0,293150,1,484,48400000,48400000,48400000,0,317791,1,484,48400000,48400000,48400000,0,0,1,484,48400000,48400000,48400000,0,1.0,0.527498,0.65,1.0,0.527498,0.65,1.0,0.527498,0.65,484,48700000,False,1.0,5000.0,300.0,500.0,600000000000.0,100000000000.0,,483
1,near_tick_before,thermal_loop,486,controller_tick,48500000,48.5,1,0,48500000,485,48500000,RUNNING,,0,0,62,1,0,reconstructed_from_retained_wire,True,,,317.7911499568029,301.1244842270882,293.1499989593273,0.5274980000000011,0.65,242500.00000000375,242499.97526427425,0.00014999991971397566,18825.423634720464,-1.04835180536611e-08,0.00015,301.124,293.15,317.791,0.0,150000,1,485,48500000,48500000,48500000,0,301124,1,485,48500000,48500000,48500000,0,293150,1,485,48500000,48500000,48500000,0,317791,1,485,48500000,48500000,48500000,0,0,1,485,48500000,48500000,48500000,0,1.0,0.527498,0.65,1.0,0.527498,0.65,1.0,0.527498,0.65,485,48800000,False,1.0,5000.0,300.0,500.0,600000000000.0,100000000000.0,,484
1,near_tick_before,thermal_loop,487,controller_tick,48600000,48.6,1,0,48600000,486,48600000,RUNNING,,0,0,62,1,0,reconstructed_from_retained_wire,True,,,317.7911499596119,301.1244842286694,293.1499989601809,0.5274980000000011,0.65,243000.00000000375,242999.97521226195,0.00014999991971397566,18825.423634720464,-9.874611350824125e-09,0.00015,301.124,293.15,317.791,0.0,150000,1,486,48600000,48600000,48600000,0,301124,1,486,48600000,48600000,48600000,0,293150,1,486,48600000,48600000,48600000,0,317791,1,486,48600000,48600000,48600000,0,0,1,486,48600000,48600000,48600000,0,1.0,0.527498,0.65,1.0,0.527498,0.65,1.0,0.527498,0.65,486,48900000,False,1.0,5000.0,300.0,500.0,600000000000.0,100000000000.0,,485
1,near_tick_before,thermal_loop,488,controller_tick,48700000,48.7,1,0,48700000,487,48700000,RUNNING,,0,0,62,1,0,reconstructed_from_retained_wire,True,,,317.7911499624172,301.12448423024955,293.14999896103467,0.5274980000000011,0.65,243500.00000000375,243499.97516029238,0.00014999991971397566,18825.423634720464,-1.0235680747427978e-08,0.00015,301.124,293.15,317.791,0.0,150000,1,487,48700000,48700000,48700000,0,301124,1,487,48700000,48700000,48700000,0,293150,1,487,48700000,48700000,48700000,0,317791,1,487,48700000,48700000,48700000,0,0,1,487,48700000,48700000,48700000,0,1.0,0.527498,0.65,1.0,0.527498,0.65,1.0,0.527498,0.65,487,49000000,False,1.0,5000.0,300.0,500.0,600000000000.0,100000000000.0,,486
1,near_tick_before,thermal_loop,489,controller_tick,48800000,48.8,1,0,48800000,488,48800000,RUNNING,,0,0,62,1,0,reconstructed_from_retained_wire,True,,,317.79114996521884,301.1244842318286,293.1499989618887,0.5274980000000011,0.65,244000.00000000378,243999.97510836547,0.00014999991971397566,18825.423634720464,-1.0517169357626699e-08,0.00015,301.124,293.15,317.791,0.0,150000,1,488,48800000,48800000,48800000,0,301124,1,488,48800000,48800000,48800000,0,293150,1,488,48800000,48800000,48800000,0,317791,1,488,48800000,48800000,48800000,0,0,1,488,48800000,48800000,48800000,0,1.0,0.527498,0.65,1.0,0.527498,0.65,1.0,0.527498,0.65,488,49100000,False,1.0,5000.0,300.0,500.0,600000000000.0,100000000000.0,,487
1,near_tick_before,thermal_loop,490,controller_tick,48900000,48.9,1,0,48900000,489,48900000,RUNNING,,0,0,62,1,0,reconstructed_from_retained_wire,True,,,317.79114996801684,301.1244842334066,293.1499989627429,0.5274980000000011,0.65,244500.0000000038,244499.9750564813,0.00014999991971397566,18825.423634720464,-1.0631765690050088e-08,0.00015,301.124,293.15,317.791,0.0,150000,1,489,48900000,48900000,48900000,0,301124,1,489,48900000,48900000,48900000,0,293150,1,489,48900000,48900000,48900000,0,317791,1,489,48900000,48900000,48900000,0,0,1,489,48900000,48900000,48900000,0,1.0,0.527498,0.65,1.0,0.527498,0.65,1.0,0.527498,0.65,489,49200000,False,1.0,5000.0,300.0,500.0,600000000000.0,100000000000.0,,488
1,near_tick_before,thermal_loop,491,controller_tick,49000000,49.0,1,0,49000000,490,49000000,RUNNING,,0,0,62,1,0,reconstructed_from_retained_wire,True,,,317.7911499708112,301.1244842349836,293.1499989635974,0.5274980000000011,0.65,245000.00000000384,244999.9750046398,0.00014999991971397566,18825.423634720464,-9.658151611802168e-09,0.00015,301.124,293.15,317.791,0.0,150000,1,490,49000000,49000000,49000000,0,301124,1,490,49000000,49000000,49000000,0,293150,1,490,49000000,49000000,49000000,0,317791,1,490,49000000,49000000,49000000,0,0,1,490,49000000,49000000,49000000,0,1.0,0.527498,0.65,1.0,0.527498,0.65,1.0,0.527498,0.65,490,49300000,False,1.0,5000.0,300.0,500.0,600000000000.0,100000000000.0,,489
1,near_tick_before,thermal_loop,492,controller_tick,49100000,49.1,1,0,49100000,491,49100000,RUNNING,,0,0,62,1,0,reconstructed_from_retained_wire,True,,,317.79114997360193,301.1244842365595,293.14999896445204,0.5274980000000011,0.65,245500.00000000384,245499.97495284106,0.00014999991971397566,18825.423634720464,-9.172254067379981e-09,0.00015,301.124,293.15,317.791,0.0,150000,1,491,49100000,49100000,49100000,0,301124,1,491,49100000,49100000,49100000,0,293150,1,491,49100000,49100000,49100000,0,317791,1,491,49100000,49100000,49100000,0,0,1,491,49100000,49100000,49100000,0,1.0,0.527498,0.65,1.0,0.527498,0.65,1.0,0.527498,0.65,491,49400000,False,1.0,5000.0,300.0,500.0,600000000000.0,100000000000.0,,490
1,near_tick_before,thermal_loop,493,controller_tick,49200000,49.2,1,0,49200000,492,49200000,RUNNING,,0,0,62,1,0,reconstructed_from_retained_wire,True,,,317.791149976389,301.12448423813436,293.14999896530685,0.5274980000000011,0.65,246000.00000000387,245999.97490108505,0.00014999991971397566,18825.423634720464,-9.261384548153728e-09,0.00015,301.124,293.15,317.791,0.0,150000,1,492,49200000,49200000,49200000,0,301124,1,492,49200000,49200000,49200000,0,293150,1,492,49200000,49200000,49200000,0,317791,1,492,49200000,49200000,49200000,0,0,1,492,49200000,49200000,49200000,0,1.0,0.527498,0.65,1.0,0.527498,0.65,1.0,0.527498,0.65,492,49500000,False,1.0,5000.0,300.0,500.0,600000000000.0,100000000000.0,,491
1,near_tick_before,thermal_loop,494,controller_tick,49300000,49.3,1,0,49300000,493,49300000,RUNNING,,0,0,62,1,0,reconstructed_from_retained_wire,True,,,317.7911499791725,301.1244842397082,293.1499989661619,0.5274980000000011,0.65,246500.0000000039,246499.97484937176,0.00014999991971397566,18825.423634720464,-8.708411769475788e-09,0.00015,301.124,293.15,317.791,0.0,150000,1,493,49300000,49300000,49300000,0,301124,1,493,49300000,49300000,49300000,0,293150,1,493,49300000,49300000,49300000,0,317791,1,493,49300000,49300000,49300000,0,0,1,493,49300000,49300000,49300000,0,1.0,0.527498,0.65,1.0,0.527498,0.65,1.0,0.527498,0.65,493,49600000,False,1.0,5000.0,300.0,500.0,600000000000.0,100000000000.0,,492
1,near_tick_before,thermal_loop,495,controller_tick,49400000,49.4,1,0,49400000,494,49400000,RUNNING,,0,0,62,1,0,reconstructed_from_retained_wire,True,,,317.7911499819523,301.1244842412809,293.1499989670171,0.5274980000000011,0.65,247000.00000000393,246999.97479770126,0.00014999991971397566,18825.423634720464,-8.64315552462358e-09,0.00015,301.124,293.15,317.791,0.0,150000,1,494,49400000,49400000,49400000,0,301124,1,494,49400000,49400000,49400000,0,293150,1,494,49400000,49400000,49400000,0,317791,1,494,49400000,49400000,49400000,0,0,1,494,49400000,49400000,49400000,0,1.0,0.527498,0.65,1.0,0.527498,0.65,1.0,0.527498,0.65,494,49700000,False,1.0,5000.0,300.0,500.0,600000000000.0,100000000000.0,,493
1,near_tick_before,thermal_loop,496,controller_tick,49500000,49.5,1,0,49500000,495,49500000,RUNNING,,0,0,62,1,0,reconstructed_from_retained_wire,True,,,317.79114998472846,301.1244842428527,293.1499989678725,0.5274980000000011,0.65,247500.00000000396,247499.9747460735,0.00014999991971397566,18825.423634720464,-8.144297680701129e-09,0.00015,301.124,293.15,317.791,0.0,150000,1,495,49500000,49500000,49500000,0,301124,1,495,49500000,49500000,49500000,0,293150,1,495,49500000,49500000,49500000,0,317791,1,495,49500000,49500000,49500000,0,0,1,495,49500000,49500000,49500000,0,1.0,0.527498,0.65,1.0,0.527498,0.65,1.0,0.527498,0.65,495,49800000,False,1.0,5000.0,300.0,500.0,600000000000.0,100000000000.0,,494
1,near_tick_before,thermal_loop,497,controller_tick,49600000,49.6,1,0,49600000,496,49600000,RUNNING,,0,0,62,1,0,reconstructed_from_retained_wire,True,,,317.791149987501,301.12448424442334,293.1499989687281,0.5274980000000011,0.65,248000.000000004,247999.97469448854,0.00014999991971397566,18825.423634720464,-7.895550879766233e-09,0.00015,301.124,293.15,317.791,0.0,150000,1,496,49600000,49600000,49600000,0,301124,1,496,49600000,49600000,49600000,0,293150,1,496,49600000,49600000,49600000,0,317791,1,496,49600000,49600000,49600000,0,0,1,496,49600000,49600000,49600000,0,1.0,0.527498,0.65,1.0,0.527498,0.65,1.0,0.527498,0.65,496,49900000,False,1.0,5000.0,300.0,500.0,600000000000.0,100000000000.0,,495
1,near_tick_before,thermal_loop,498,controller_tick,49700000,49.7,1,0,49700000,497,49700000,RUNNING,,0,0,62,1,0,reconstructed_from_retained_wire,True,,,317.79114999027,301.12448424599296,293.14999896958375,0.5274980000000011,0.65,248500.00000000402,248499.97464294633,0.00014999991971397566,18825.423634720464,-7.977178029250354e-09,0.00015,301.124,293.15,317.791,0.0,150000,1,497,49700000,49700000,49700000,0,301124,1,497,49700000,49700000,49700000,0,293150,1,497,49700000,49700000,49700000,0,317791,1,497,49700000,49700000,49700000,0,0,1,497,49700000,49700000,49700000,0,1.0,0.527498,0.65,1.0,0.527498,0.65,1.0,0.527498,0.65,497,50000000,False,1.0,5000.0,300.0,500.0,600000000000.0,100000000000.0,,496
1,near_tick_before,thermal_loop,499,controller_tick,49800000,49.8,1,0,49800000,498,49800000,RUNNING,,0,0,62,1,0,reconstructed_from_retained_wire,True,,,317.7911499930354,301.12448424756155,293.1499989704396,0.5274980000000011,0.65,249000.00000000402,248999.97459144692,0.00014999991971397566,18825.423634720464,-8.013103069970384e-09,0.00015,301.124,293.15,317.791,0.0,150000,1,498,49800000,49800000,49800000,0,301124,1,498,49800000,49800000,49800000,0,293150,1,498,49800000,49800000,49800000,0,317791,1,498,49800000,49800000,49800000,0,0,1,498,49800000,49800000,49800000,0,1.0,0.527498,0.65,1.0,0.527498,0.65,1.0,0.527498,0.65,498,50100000,False,1.0,5000.0,300.0,500.0,600000000000.0,100000000000.0,,497
1,near_tick_before,thermal_loop,500,controller_tick,49900000,49.9,1,0,49900000,499,49900000,RUNNING,,0,0,62,1,0,reconstructed_from_retained_wire,True,,,317.7911499957972,301.12448424912907,293.1499989712956,0.5274980000000011,0.65,249500.00000000405,249499.9745399903,0.00014999991971397566,18825.423634720464,-7.997414286364801e-09,0.00015,301.124,293.15,317.791,0.0,150000,1,499,49900000,49900000,49900000,0,301124,1,499,49900000,49900000,49900000,0,293150,1,499,49900000,49900000,49900000,0,317791,1,499,49900000,49900000,49900000,0,0,1,499,49900000,49900000,49900000,0,1.0,0.527498,0.65,1.0,0.527498,0.65,1.0,0.527498,0.65,499,50200000,False,1.0,5000.0,300.0,500.0,600000000000.0,100000000000.0,,498
1,near_tick_before,thermal_loop,501,controller_tick,50000000,50.0,1,0,50000000,500,50000000,RUNNING,,0,0,62,1,0,reconstructed_from_retained_wire,True,,,317.79114999855534,301.12448425069556,293.1499989721517,0.5274980000000011,0.65,250000.00000000407,249999.9744885765,0.00014999991971397566,18825.423634720464,-8.677943696966395e-09,0.00015,301.124,293.15,317.791,0.0,150000,1,500,50000000,50000000,50000000,0,301124,1,500,50000000,50000000,50000000,0,293150,1,500,50000000,50000000,50000000,0,317791,1,500,50000000,50000000,50000000,0,0,1,500,50000000,50000000,50000000,0,1.0,0.527498,0.65,1.0,0.527498,0.65,1.0,0.527498,0.65,500,50300000,False,1.0,5000.0,300.0,500.0,600000000000.0,100000000000.0,,499
1,near_tick_before,thermal_loop,502,controller_tick,50100000,50.1,1,0,50100000,501,50100000,RUNNING,,0,0,62,1,0,reconstructed_from_retained_wire,True,,,317.79115000131,301.12448425226097,293.149998973008,0.5274980000000011,0.65,250500.0000000041,250499.9744372055,0.00014999991971397566,18825.423634720464,-8.680217433720827e-09,0.00015,301.124,293.15,317.791,0.0,150000,1,501,50100000,50100000,50100000,0,301124,1,501,50100000,50100000,50100000,0,293150,1,501,50100000,50100000,50100000,0,317791,1,501,50100000,50100000,50100000,0,0,1,501,50100000,50100000,50100000,0,1.0,0.527498,0.65,1.0,0.527498,0.65,1.0,0.527498,0.65,501,50400000,False,1.0,5000.0,300.0,500.0,600000000000.0,100000000000.0,,500
1,near_tick_before,thermal_loop,503,controller_tick,50200000,50.2,1,0,50200000,502,50200000,RUNNING,,0,0,62,1,0,reconstructed_from_retained_wire,True,,,317.791150004061,301.1244842538253,293.1499989738644,0.5274980000000011,0.65,251000.00000000413,250999.9743858773,0.00014999991971397566,18825.423634720464,-9.285486157750711e-09,0.00015,301.124,293.15,317.791,0.0,150000,1,502,50200000,50200000,50200000,0,301124,1,502,50200000,50200000,50200000,0,293150,1,502,50200000,50200000,50200000,0,317791,1,502,50200000,50200000,50200000,0,0,1,502,50200000,50200000,50200000,0,1.0,0.527498,0.65,1.0,0.527498,0.65,1.0,0.527498,0.65,502,50500000,False,1.0,5000.0,300.0,500.0,600000000000.0,100000000000.0,,501
1,near_tick_before,thermal_loop,504,controller_tick,50300000,50.3,1,0,50300000,503,50300000,RUNNING,,0,0,62,1,0,reconstructed_from_retained_wire,True,,,317.79115000680855,301.1244842553886,293.1499989747209,0.5274980000000011,0.65,251500.00000000416,251499.97433459197,0.00014999991971397566,18825.423634720464,-9.421000868314877e-09,0.00015,301.124,293.15,317.791,0.0,150000,1,503,50300000,50300000,50300000,0,301124,1,503,50300000,50300000,50300000,0,293150,1,503,50300000,50300000,50300000,0,317791,1,503,50300000,50300000,50300000,0,0,1,503,50300000,50300000,50300000,0,1.0,0.527498,0.65,1.0,0.527498,0.65,1.0,0.527498,0.65,503,50600000,False,1.0,5000.0,300.0,500.0,600000000000.0,100000000000.0,,502
1,near_tick_before,thermal_loop,505,controller_tick,50400000,50.4,1,0,50400000,504,50400000,RUNNING,,0,0,62,1,0,reconstructed_from_retained_wire,True,,,317.7911500095525,301.1244842569509,293.14999897557755,0.5274980000000011,0.65,252000.0000000042,251999.97428334944,0.00014999991971397566,18825.423634720464,-9.68429958447814e-09,0.00015,301.124,293.15,317.791,0.0,150000,1,504,50400000,50400000,50400000,0,301124,1,504,50400000,50400000,50400000,0,293150,1,504,50400000,50400000,50400000,0,317791,1,504,50400000,50400000,50400000,0,0,1,504,50400000,50400000,50400000,0,1.0,0.527498,0.65,1.0,0.527498,0.65,1.0,0.527498,0.65,504,50700000,False,1.0,5000.0,300.0,500.0,600000000000.0,100000000000.0,,503
1,near_tick_before,thermal_loop,506,controller_tick,50500000,50.5,1,0,50500000,505,50500000,RUNNING,,0,0,62,1,0,reconstructed_from_retained_wire,True,,,317.7911500122929,301.1244842585121,293.1499989764343,0.5274980000000011,0.65,252500.00000000422,252499.97423214975,0.00014999991971397566,18825.423634720464,-9.95305526885204e-09,0.00015,301.124,293.15,317.791,0.0,150000,1,505,50500000,50500000,50500000,0,301124,1,505,50500000,50500000,50500000,0,293150,1,505,50500000,50500000,50500000,0,317791,1,505,50500000,50500000,50500000,0,0,1,505,50500000,50500000,50500000,0,1.0,0.527498,0.65,1.0,0.527498,0.65,1.0,0.527498,0.65,505,50800000,False,1.0,5000.0,300.0,500.0,600000000000.0,100000000000.0,,504
1,near_tick_before,thermal_loop,507,controller_tick,50600000,50.6,1,0,50600000,506,50600000,RUNNING,,0,0,62,1,0,reconstructed_from_retained_wire,True,,,317.79115001502976,301.1244842600722,293.14999897729115,0.5274980000000011,0.65,253000.00000000425,252999.9741809929,0.00014999991971397566,18825.423634720464,-1.0795702110044658e-08,0.00015,301.124,293.15,317.791,0.0,150000,1,506,50600000,50600000,50600000,0,301124,1,506,50600000,50600000,50600000,0,293150,1,506,50600000,50600000,50600000,0,317791,1,506,50600000,50600000,50600000,0,0,1,506,50600000,50600000,50600000,0,1.0,0.527498,0.65,1.0,0.527498,0.65,1.0,0.527498,0.65,506,50900000,False,1.0,5000.0,300.0,500.0,600000000000.0,100000000000.0,,505
1,near_tick_before,thermal_loop,508,controller_tick,50700000,50.7,1,0,50700000,507,50700000,RUNNING,,0,0,62,1,0,reconstructed_from_retained_wire,True,,,317.7911500177631,301.1244842616313,293.1499989781481,0.5274980000000011,0.65,253500.00000000425,253499.9741298789,0.00014999991971397566,18825.423634720464,-1.1139491107314825e-08,0.00015,301.124,293.15,317.791,0.0,150000,1,507,50700000,50700000,50700000,0,301124,1,507,50700000,50700000,50700000,0,293150,1,507,50700000,50700000,50700000,0,317791,1,507,50700000,50700000,50700000,0,0,1,507,50700000,50700000,50700000,0,1.0,0.527498,0.65,1.0,0.527498,0.65,1.0,0.527498,0.65,507,51000000,False,1.0,5000.0,300.0,500.0,600000000000.0,100000000000.0,,506
1,near_tick_before,thermal_loop,509,controller_tick,50800000,50.8,1,0,50800000,508,50800000,RUNNING,,0,0,62,1,0,reconstructed_from_retained_wire,True,,,317.7911500204929,301.12448426318934,293.1499989790052,0.5274980000000011,0.65,254000.00000000428,253999.97407880775,0.00014999991971397566,18825.423634720464,-1.092030288418755e-08,0.00015,301.124,293.15,317.791,0.0,150000,1,508,50800000,50800000,50800000,0,301124,1,508,50800000,50800000,50800000,0,293150,1,508,50800000,50800000,50800000,0,317791,1,508,50800000,50800000,50800000,0,0,1,508,50800000,50800000,50800000,0,1.0,0.527498,0.65,1.0,0.527498,0.65,1.0,0.527498,0.65,508,51100000,False,1.0,5000.0,300.0,500.0,600000000000.0,100000000000.0,,507
1,near_tick_before,thermal_loop,510,controller_tick,50900000,50.9,1,0,50900000,509,50900000,RUNNING,,0,0,62,1,0,reconstructed_from_retained_wire,True,,,317.7911500232193,301.12448426474634,293.1499989798623,0.5274980000000011,0.65,254500.0000000043,254499.97402777945,0.00014999991971397566,18825.423634720464,-1.1088559404015541e-08,0.00015,301.124,293.15,317.791,0.0,150000,1,509,50900000,50900000,50900000,0,301124,1,509,50900000,50900000,50900000,0,293150,1,509,50900000,50900000,50900000,0,317791,1,509,50900000,50900000,50900000,0,0,1,509,50900000,50900000,50900000,0,1.0,0.527498,0.65,1.0,0.527498,0.65,1.0,0.527498,0.65,509,51200000,False,1.0,5000.0,300.0,500.0,600000000000.0,100000000000.0,,508
1,near_tick_before,thermal_loop,511,controller_tick,51000000,51.0,1,0,51000000,510,51000000,RUNNING,,0,0,62,1,0,reconstructed_from_retained_wire,True,,,317.79115002594216,301.12448426630226,293.1499989807195,0.5274980000000011,0.65,255000.0000000043,254999.973976794,0.00014999991971397566,18825.423634720464,-1.1233169061597437e-08,0.00015,301.124,293.15,317.791,0.0,150000,1,510,51000000,51000000,51000000,0,301124,1,510,51000000,51000000,51000000,0,293150,1,510,51000000,51000000,51000000,0,317791,1,510,51000000,51000000,51000000,0,0,1,510,51000000,51000000,51000000,0,1.0,0.527498,0.65,1.0,0.527498,0.65,1.0,0.527498,0.65,510,51300000,False,1.0,5000.0,300.0,500.0,600000000000.0,100000000000.0,,509
1,near_tick_before,thermal_loop,512,controller_tick,51100000,51.1,1,0,51100000,511,51100000,RUNNING,,0,0,62,1,0,reconstructed_from_retained_wire,True,,,317.7911500286615,301.12448426785716,293.14999898157674,0.5274980000000011,0.65,255500.0000000043,255499.9739258514,0.00014999991971397566,18825.423634720464,-1.1591737347771414e-08,0.00015,301.124,293.15,317.791,0.0,150000,1,511,51100000,51100000,51100000,0,301124,1,511,51100000,51100000,51100000,0,293150,1,511,51100000,51100000,51100000,0,317791,1,511,51100000,51100000,51100000,0,0,1,511,51100000,51100000,51100000,0,1.0,0.527498,0.65,1.0,0.527498,0.65,1.0,0.527498,0.65,511,51400000,False,1.0,5000.0,300.0,500.0,600000000000.0,100000000000.0,,510
1,near_tick_before,thermal_loop,513,controller_tick,51200000,51.2,1,0,51200000,512,51200000,RUNNING,,0,0,62,1,0,reconstructed_from_retained_wire,True,,,317.7911500313773,301.12448426941097,293.14999898243406,0.5274980000000011,0.65,256000.00000000434,255999.97387495168,0.00014999991971397566,18825.423634720464,-1.266857907467056e-08,0.00015,301.124,293.15,317.791,0.0,150000,1,512,51200000,51200000,51200000,0,301124,1,512,51200000,51200000,51200000,0,293150,1,512,51200000,51200000,51200000,0,317791,1,512,51200000,51200000,51200000,0,0,1,512,51200000,51200000,51200000,0,1.0,0.527498,0.65,1.0,0.527498,0.65,1.0,0.527498,0.65,512,51500000,False,1.0,5000.0,300.0,500.0,600000000000.0,100000000000.0,,511
1,near_tick_before,thermal_loop,514,controller_tick,51300000,51.3,1,0,51300000,513,51300000,RUNNING,,0,0,62,1,0,reconstructed_from_retained_wire,True,,,317.79115003408964,301.12448427096376,293.1499989832915,0.5274980000000011,0.65,256500.00000000437,256499.97382409484,0.00014999991971397566,18825.423634720464,-1.2678128769039176e-08,0.00015,301.124,293.15,317.791,0.0,150000,1,513,51300000,51300000,51300000,0,301124,1,513,51300000,51300000,51300000,0,293150,1,513,51300000,51300000,51300000,0,317791,1,513,51300000,51300000,51300000,0,0,1,513,51300000,51300000,51300000,0,1.0,0.527498,0.65,1.0,0.527498,0.65,1.0,0.527498,0.65,513,51600000,False,1.0,5000.0,300.0,500.0,600000000000.0,100000000000.0,,512
1,near_tick_before,thermal_loop,515,controller_tick,51400000,51.4,1,0,51400000,514,51400000,RUNNING,,0,0,62,1,0,reconstructed_from_retained_wire,True,,,317.7911500367985,301.12448427251553,293.14999898414897,0.5274980000000011,0.65,257000.00000000437,256999.97377328086,0.00014999991971397566,18825.423634720464,-1.230409907293506e-08,0.00015,301.124,293.15,317.791,0.0,150000,1,514,51400000,51400000,51400000,0,301124,1,514,51400000,51400000,51400000,0,293150,1,514,51400000,51400000,51400000,0,317791,1,514,51400000,51400000,51400000,0,0,1,514,51400000,51400000,51400000,0,1.0,0.527498,0.65,1.0,0.527498,0.65,1.0,0.527498,0.65,514,51700000,False,1.0,5000.0,300.0,500.0,600000000000.0,100000000000.0,,513
1,near_tick_before,thermal_loop,516,controller_tick,51500000,51.5,1,0,51500000,515,51500000,RUNNING,,0,0,62,1,0,reconstructed_from_retained_wire,True,,,317.791150039504,301.1244842740663,293.1499989850065,0.5274980000000011,0.65,257500.0000000044,257499.97372250975,0.00014999991971397566,18825.423634720464,-1.1036263458663598e-08,0.00015,301.124,293.15,317.791,0.0,150000,1,515,51500000,51500000,51500000,0,301124,1,515,51500000,51500000,51500000,0,293150,1,515,51500000,51500000,51500000,0,317791,1,515,51500000,51500000,51500000,0,0,1,515,51500000,51500000,51500000,0,1.0,0.527498,0.65,1.0,0.527498,0.65,1.0,0.527498,0.65,515,51800000,False,1.0,5000.0,300.0,500.0,600000000000.0,100000000000.0,,514
1,near_tick_before,thermal_loop,517,controller_tick,51600000,51.6,1,0,51600000,516,51600000,RUNNING,,0,0,62,1,0,reconstructed_from_retained_wire,True,,,317.7911500422059,301.1244842756159,293.14999898586404,0.5274980000000011,0.65,258000.00000000442,257999.9736717815,0.00014999991971397566,18825.423634720464,-1.164562490885146e-08,0.00015,301.124,293.15,317.791,0.0,150000,1,516,51600000,51600000,51600000,0,301124,1,516,51600000,51600000,51600000,0,293150,1,516,51600000,51600000,51600000,0,317791,1,516,51600000,51600000,51600000,0,0,1,516,51600000,51600000,51600000,0,1.0,0.527498,0.65,1.0,0.527498,0.65,1.0,0.527498,0.65,516,51900000,False,1.0,5000.0,300.0,500.0,600000000000.0,100000000000.0,,515
1,near_tick_before,thermal_loop,518,controller_tick,51700000,51.7,1,0,51700000,517,51700000,RUNNING,,0,0,62,1,0,reconstructed_from_retained_wire,True,,,317.79115004490444,301.1244842771644,293.14999898672164,0.5274980000000011,0.65,258500.00000000445,258499.97362109614,0.00014999991971397566,18825.423634720464,-1.1807287592091598e-08,0.00015,301.124,293.15,317.791,0.0,150000,1,517,51700000,51700000,51700000,0,301124,1,517,51700000,51700000,51700000,0,293150,1,517,51700000,51700000,51700000,0,317791,1,517,51700000,51700000,51700000,0,0,1,517,51700000,51700000,51700000,0,1.0,0.527498,0.65,1.0,0.527498,0.65,1.0,0.527498,0.65,517,52000000,False,1.0,5000.0,300.0,500.0,600000000000.0,100000000000.0,,516
1,near_tick_before,thermal_loop,519,controller_tick,51800000,51.8,1,0,51800000,518,51800000,RUNNING,,0,0,62,1,0,reconstructed_from_retained_wire,True,,,317.7911500475995,301.1244842787119,293.1499989875793,0.5274980000000011,0.65,259000.00000000448,258999.97357045367,0.00014999991971397566,18825.423634720464,-1.1585370884859003e-08,0.00015,301.124,293.15,317.791,0.0,150000,1,518,51800000,51800000,51800000,0,301124,1,518,51800000,51800000,51800000,0,293150,1,518,51800000,51800000,51800000,0,317791,1,518,51800000,51800000,51800000,0,0,1,518,51800000,51800000,51800000,0,1.0,0.527498,0.65,1.0,0.527498,0.65,1.0,0.527498,0.65,518,52100000,False,1.0,5000.0,300.0,500.0,600000000000.0,100000000000.0,,517
1,near_tick_before,thermal_loop,520,controller_tick,51900000,51.9,1,0,51900000,519,51900000,RUNNING,,0,0,62,1,0,reconstructed_from_retained_wire,True,,,317.79115005029115,301.12448428025834,293.14999898843695,0.5274980000000011,0.65,259500.00000000448,259499.97351985407,0.00014999991971397566,18825.423634720464,-1.1599468052736484e-08,0.00015,301.124,293.15,317.791,0.0,150000,1,519,51900000,51900000,51900000,0,301124,1,519,51900000,51900000,51900000,0,293150,1,519,51900000,51900000,51900000,0,317791,1,519,51900000,51900000,51900000,0,0,1,519,51900000,51900000,51900000,0,1.0,0.527498,0.65,1.0,0.527498,0.65,1.0,0.527498,0.65,519,52200000,False,1.0,5000.0,300.0,500.0,600000000000.0,100000000000.0,,518
1,near_tick_before,thermal_loop,521,controller_tick,52000000,52.0,1,0,52000000,520,52000000,RUNNING,,0,0,62,1,0,reconstructed_from_retained_wire,True,,,317.79115005297933,301.12448428180375,293.1499989892946,0.5274980000000011,0.65,260000.0000000045,259999.97346929737,0.00014999991971397566,18825.423634720464,-1.1971906133112498e-08,0.00015,301.124,293.15,317.791,0.0,150000,1,520,52000000,52000000,52000000,0,301124,1,520,52000000,52000000,52000000,0,293150,1,520,52000000,52000000,52000000,0,317791,1,520,52000000,52000000,52000000,0,0,1,520,52000000,52000000,52000000,0,1.0,0.527498,0.65,1.0,0.527498,0.65,1.0,0.527498,0.65,520,52300000,False,1.0,5000.0,300.0,500.0,600000000000.0,100000000000.0,,519
1,near_tick_before,thermal_loop,522,controller_tick,52100000,52.1,1,0,52100000,521,52100000,RUNNING,,0,0,62,1,0,reconstructed_from_retained_wire,True,,,317.7911500556641,301.1244842833481,293.14999899015226,0.5274980000000011,0.65,260500.00000000454,260499.97341878354,0.00014999991971397566,18825.423634720464,-1.2134250937378965e-08,0.00015,301.124,293.15,317.791,0.0,150000,1,521,52100000,52100000,52100000,0,301124,1,521,52100000,52100000,52100000,0,293150,1,521,52100000,52100000,52100000,0,317791,1,521,52100000,52100000,52100000,0,0,1,521,52100000,52100000,52100000,0,1.0,0.527498,0.65,1.0,0.527498,0.65,1.0,0.527498,0.65,521,52400000,False,1.0,5000.0,300.0,500.0,600000000000.0,100000000000.0,,520
1,near_tick_before,thermal_loop,523,controller_tick,52200000,52.2,1,0,52200000,522,52200000,RUNNING,,0,0,62,1,0,reconstructed_from_retained_wire,True,,,317.79115005834547,301.1244842848914,293.14999899100997,0.5274980000000011,0.65,261000.00000000457,260999.9733683126,0.00014999991971397566,18825.423634720464,-1.1819793144240975e-08,0.00015,301.124,293.15,317.791,0.0,150000,1,522,52200000,52200000,52200000,0,301124,1,522,52200000,52200000,52200000,0,293150,1,522,52200000,52200000,52200000,0,317791,1,522,52200000,52200000,52200000,0,0,1,522,52200000,52200000,52200000,0,1.0,0.527498,0.65,1.0,0.527498,0.65,1.0,0.527498,0.65,522,52500000,False,1.0,5000.0,300.0,500.0,600000000000.0,100000000000.0,,521
1,near_tick_before,thermal_loop,524,controller_tick,52300000,52.3,1,0,52300000,523,52300000,RUNNING,,0,0,62,1,0,reconstructed_from_retained_wire,True,,,317.7911500610234,301.12448428643364,293.1499989918677,0.5274980000000011,0.65,261500.0000000046,261499.97331788455,0.00014999991971397566,18825.423634720464,-1.1770453056669794e-08,0.00015,301.124,293.15,317.791,0.0,150000,1,523,52300000,52300000,52300000,0,301124,1,523,52300000,52300000,52300000,0,293150,1,523,52300000,52300000,52300000,0,317791,1,523,52300000,52300000,52300000,0,0,1,523,52300000,52300000,52300000,0,1.0,0.527498,0.65,1.0,0.527498,0.65,1.0,0.527498,0.65,523,52600000,False,1.0,5000.0,300.0,500.0,600000000000.0,100000000000.0,,522
1,near_tick_before,thermal_loop,525,controller_tick,52400000,52.4,1,0,52400000,524,52400000,RUNNING,,0,0,62,1,0,reconstructed_from_retained_wire,True,,,317.7911500636979,301.12448428797484,293.14999899272533,0.5274980000000011,0.65,262000.00000000463,261999.97326749942,0.00014999991971397566,18825.423634720464,-1.2734062693198211e-08,0.00015,301.124,293.15,317.791,0.0,150000,1,524,52400000,52400000,52400000,0,301124,1,524,52400000,52400000,52400000,0,293150,1,524,52400000,52400000,52400000,0,317791,1,524,52400000,52400000,52400000,0,0,1,524,52400000,52400000,52400000,0,1.0,0.527498,0.65,1.0,0.527498,0.65,1.0,0.527498,0.65,524,52700000,False,1.0,5000.0,300.0,500.0,600000000000.0,100000000000.0,,523
1,near_tick_before,thermal_loop,526,controller_tick,52500000,52.5,1,0,52500000,525,52500000,RUNNING,,0,0,62,1,0,reconstructed_from_retained_wire,True,,,317.791150066369,301.124484289515,293.14999899358304,0.5274980000000011,0.65,262500.00000000466,262499.9732171571,0.00014999991971397566,18825.423634720464,-1.2235432222951204e-08,0.00015,301.124,293.15,317.791,0.0,150000,1,525,52500000,52500000,52500000,0,301124,1,525,52500000,52500000,52500000,0,293150,1,525,52500000,52500000,52500000,0,317791,1,525,52500000,52500000,52500000,0,0,1,525,52500000,52500000,52500000,0,1.0,0.527498,0.65,1.0,0.527498,0.65,1.0,0.527498,0.65,525,52800000,False,1.0,5000.0,300.0,500.0,600000000000.0,100000000000.0,,524
1,near_tick_before,thermal_loop,527,controller_tick,52600000,52.6,1,0,52600000,526,52600000,RUNNING,,0,0,62,1,0,reconstructed_from_retained_wire,True,,,317.79115006903675,301.12448429105405,293.14999899444075,0.5274980000000011,0.65,263000.00000000466,262999.9731668577,0.00014999991971397566,18825.423634720464,-1.247713043994736e-08,0.00015,301.124,293.15,317.791,0.0,150000,1,526,52600000,52600000,52600000,0,301124,1,526,52600000,52600000,52600000,0,293150,1,526,52600000,52600000,52600000,0,317791,1,526,52600000,52600000,52600000,0,0,1,526,52600000,52600000,52600000,0,1.0,0.527498,0.65,1.0,0.527498,0.65,1.0,0.527498,0.65,526,52900000,False,1.0,5000.0,300.0,500.0,600000000000.0,100000000000.0,,525
1,near_tick_before,thermal_loop,528,controller_tick,52700000,52.7,1,0,52700000,527,52700000,RUNNING,,0,0,62,1,0,reconstructed_from_retained_wire,True,,,317.79115007170117,301.12448429259206,293.1499989952984,0.5274980000000011,0.65,263500.0000000047,263499.9731166012,0.00014999991971397566,18825.423634720464,-1.2055579645675607e-08,0.00015,301.124,293.15,317.791,0.0,150000,1,527,52700000,52700000,52700000,0,301124,1,527,52700000,52700000,52700000,0,293150,1,527,52700000,52700000,52700000,0,317791,1,527,52700000,52700000,52700000,0,0,1,527,52700000,52700000,52700000,0,1.0,0.527498,0.65,1.0,0.527498,0.65,1.0,0.527498,0.65,527,53000000,False,1.0,5000.0,300.0,500.0,600000000000.0,100000000000.0,,526
1,near_tick_before,thermal_loop,529,controller_tick,52800000,52.8,1,0,52800000,528,52800000,RUNNING,,0,0,62,1,0,reconstructed_from_retained_wire,True,,,317.7911500743621,301.12448429412905,293.14999899615606,0.5274980000000011,0.65,264000.0000000047,263999.9730663876,0.00014999991971397566,18825.423634720464,-1.1905058272532187e-08,0.00015,301.124,293.15,317.791,0.0,150000,1,528,52800000,52800000,52800000,0,301124,1,528,52800000,52800000,52800000,0,293150,1,528,52800000,52800000,52800000,0,317791,1,528,52800000,52800000,52800000,0,0,1,528,52800000,52800000,52800000,0,1.0,0.527498,0.65,1.0,0.527498,0.65,1.0,0.527498,0.65,528,53100000,False,1.0,5000.0,300.0,500.0,600000000000.0,100000000000.0,,527
1,near_tick_before,thermal_loop,530,controller_tick,52900000,52.9,1,0,52900000,529,52900000,RUNNING,,0,0,62,1,0,reconstructed_from_retained_wire,True,,,317.7911500770197,301.1244842956649,293.1499989970137,0.5274980000000011,0.65,264500.0000000048,264499.9730162168,0.00014999991971397566,18825.423634720464,-1.2013742889394052e-08,0.00015,301.124,293.15,317.791,0.0,150000,1,529,52900000,52900000,52900000,0,301124,1,529,52900000,52900000,52900000,0,293150,1,529,52900000,52900000,52900000,0,317791,1,529,52900000,52900000,52900000,0,0,1,529,52900000,52900000,52900000,0,1.0,0.527498,0.65,1.0,0.527498,0.65,1.0,0.527498,0.65,529,53200000,False,1.0,5000.0,300.0,500.0,600000000000.0,100000000000.0,,528
1,near_tick_before,thermal_loop,531,controller_tick,53000000,53.0,1,0,53000000,530,53000000,RUNNING,,0,0,62,1,0,reconstructed_from_retained_wire,True,,,317.79115007967397,301.12448429719973,293.1499989978713,0.5274980000000011,0.65,265000.0000000048,264999.972966089,0.00014999991971397566,18825.423634720464,-1.1969405022682622e-08,0.00015,301.124,293.15,317.791,0.0,150000,1,530,53000000,53000000,53000000,0,301124,1,530,53000000,53000000,53000000,0,293150,1,530,53000000,53000000,53000000,0,317791,1,530,53000000,53000000,53000000,0,0,1,530,53000000,53000000,53000000,0,1.0,0.527498,0.65,1.0,0.527498,0.65,1.0,0.527498,0.65,530,53300000,False,1.0,5000.0,300.0,500.0,600000000000.0,100000000000.0,,529
1,near_tick_before,thermal_loop,532,controller_tick,53100000,53.1,1,0,53100000,531,53100000,RUNNING,,0,0,62,1,0,reconstructed_from_retained_wire,True,,,317.79115008232486,301.12448429873353,293.14999899872885,0.5274980000000011,0.65,265500.00000000483,265499.97291600396,0.00014999991971397566,18825.423634720464,-1.1946667655138299e-08,0.00015,301.124,293.15,317.791,0.0,150000,1,531,53100000,53100000,53100000,0,301124,1,531,53100000,53100000,53100000,0,293150,1,531,53100000,53100000,53100000,0,317791,1,531,53100000,53100000,53100000,0,0,1,531,53100000,53100000,53100000,0,1.0,0.527498,0.65,1.0,0.527498,0.65,1.0,0.527498,0.65,531,53400000,False,1.0,5000.0,300.0,500.0,600000000000.0,100000000000.0,,530
1,near_tick_before,thermal_loop,533,controller_tick,53200000,53.2,1,0,53200000,532,53200000,RUNNING,,0,0,62,1,0,reconstructed_from_retained_wire,True,,,317.7911500849724,301.1244843002662,293.1499989995864,0.5274980000000011,0.65,266000.0000000049,265999.97286596184,0.00014999991971397566,18825.423634720464,-1.2066720955772325e-08,0.00015,301.124,293.15,317.791,0.0,150000,1,532,53200000,53200000,53200000,0,301124,1,532,53200000,53200000,53200000,0,293150,1,532,53200000,53200000,53200000,0,317791,1,532,53200000,53200000,53200000,0,0,1,532,53200000,53200000,53200000,0,1.0,0.527498,0.65,1.0,0.527498,0.65,1.0,0.527498,0.65,532,53500000,False,1.0,5000.0,300.0,500.0,600000000000.0,100000000000.0,,531
1,near_tick_before,thermal_loop,534,controller_tick,53300000,53.3,1,0,53300000,533,53300000,RUNNING,,0,0,62,1,0,reconstructed_from_retained_wire,True,,,317.7911500876166,301.12448430179785,293.1499990004438,0.5274980000000011,0.65,266500.00000000495,266499.9728159626,0.00014999991971397566,18825.423634720464,-1.2804775906261057e-08,0.00015,301.124,293.15,317.791,0.0,150000,1,533,53300000,53300000,53300000,0,301124,1,533,53300000,53300000,53300000,0,293150,1,533,53300000,53300000,53300000,0,317791,1,533,53300000,53300000,53300000,0,0,1,533,53300000,53300000,53300000,0,1.0,0.527498,0.65,1.0,0.527498,0.65,1.0,0.527498,0.65,533,53600000,False,1.0,5000.0,300.0,500.0,600000000000.0,100000000000.0,,532
1,near_tick_before,thermal_loop,535,controller_tick,53400000,53.4,1,0,53400000,534,53400000,RUNNING,,0,0,62,1,0,reconstructed_from_retained_wire,True,,,317.7911500902574,301.12448430332836,293.14999900130124,0.5274980000000011,0.65,267000.00000000495,266999.97276600625,0.00014999991971397566,18825.423634720464,-1.3685621524928138e-08,0.00015,301.124,293.15,317.791,0.0,150000,1,534,53400000,53400000,53400000,0,301124,1,534,53400000,53400000,53400000,0,293150,1,534,53400000,53400000,53400000,0,317791,1,534,53400000,53400000,53400000,0,0,1,534,53400000,53400000,53400000,0,1.0,0.527498,0.65,1.0,0.527498,0.65,1.0,0.527498,0.65,534,53700000,False,1.0,5000.0,300.0,500.0,600000000000.0,100000000000.0,,533
1,near_tick_before,thermal_loop,536,controller_tick,53500000,53.5,1,0,53500000,535,53500000,RUNNING,,0,0,62,1,0,reconstructed_from_retained_wire,True,,,317.79115009289495,301.12448430485784,293.1499990021586,0.5274980000000011,0.65,267500.000000005,267499.9727160928,0.00014999991971397566,18825.423634720464,-1.3961425793240778e-08,0.00015,301.124,293.15,317.791,0.0,150000,1,535,53500000,53500000,53500000,0,301124,1,535,53500000,53500000,53500000,0,293150,1,535,53500000,53500000,53500000,0,317791,1,535,53500000,53500000,53500000,0,0,1,535,53500000,53500000,53500000,0,1.0,0.527498,0.65,1.0,0.527498,0.65,1.0,0.527498,0.65,535,53800000,False,1.0,5000.0,300.0,500.0,600000000000.0,100000000000.0,,534
1,near_tick_before,thermal_loop,537,controller_tick,53600000,53.6,1,0,53600000,536,53600000,RUNNING,,0,0,62,1,0,reconstructed_from_retained_wire,True,,,317.79115009552925,301.12448430638625,293.1499990030159,0.5274980000000011,0.65,268000.00000000506,267999.97266622214,0.00014999991971397566,18825.423634720464,-1.3538965504267253e-08,0.00015,301.124,293.15,317.791,0.0,150000,1,536,53600000,53600000,53600000,0,301124,1,536,53600000,53600000,53600000,0,293150,1,536,53600000,53600000,53600000,0,317791,1,536,53600000,53600000,53600000,0,0,1,536,53600000,53600000,53600000,0,1.0,0.527498,0.65,1.0,0.527498,0.65,1.0,0.527498,0.65,536,53900000,False,1.0,5000.0,300.0,500.0,600000000000.0,100000000000.0,,535
1,near_tick_before,thermal_loop,538,controller_tick,53700000,53.7,1,0,53700000,537,53700000,RUNNING,,0,0,62,1,0,reconstructed_from_retained_wire,True,,,317.79115009816013,301.1244843079136,293.1499990038732,0.5274980000000011,0.65,268500.00000000506,268499.9726163944,0.00014999991971397566,18825.423634720464,-1.4007127902004868e-08,0.00015,301.124,293.15,317.791,0.0,150000,1,537,53700000,53700000,53700000,0,301124,1,537,53700000,53700000,53700000,0,293150,1,537,53700000,53700000,53700000,0,317791,1,537,53700000,53700000,53700000,0,0,1,537,53700000,53700000,53700000,0,1.0,0.527498,0.65,1.0,0.527498,0.65,1.0,0.527498,0.65,537,54000000,False,1.0,5000.0,300.0,500.0,600000000000.0,100000000000.0,,536
1,near_tick_before,thermal_loop,539,controller_tick,53800000,53.8,1,0,53800000,538,53800000,RUNNING,,0,0,62,1,0,reconstructed_from_retained_wire,True,,,317.7911501007877,301.1244843094398,293.1499990047303,0.5274980000000011,0.65,269000.00000000506,268999.97256660945,0.00014999991971397566,18825.423634720464,-1.5116484064492397e-08,0.00015,301.124,293.15,317.791,0.0,150000,1,538,53800000,53800000,53800000,0,301124,1,538,53800000,53800000,53800000,0,293150,1,538,53800000,53800000,53800000,0,317791,1,538,53800000,53800000,53800000,0,0,1,538,53800000,53800000,53800000,0,1.0,0.527498,0.65,1.0,0.527498,0.65,1.0,0.527498,0.65,538,54100000,False,1.0,5000.0,300.0,500.0,600000000000.0,100000000000.0,,537
1,near_tick_before,thermal_loop,540,controller_tick,53900000,53.9,1,0,53900000,539,53900000,RUNNING,,0,0,62,1,0,reconstructed_from_retained_wire,True,,,317.791150103412,301.12448431096504,293.1499990055874,0.5274980000000011,0.65,269500.0000000051,269499.97251686733,0.00014999991971397566,18825.423634720464,-1.5679006537538953e-08,0.00015,301.124,293.15,317.791,0.0,150000,1,539,53900000,53900000,53900000,0,301124,1,539,53900000,53900000,53900000,0,293150,1,539,53900000,53900000,53900000,0,317791,1,539,53900000,53900000,53900000,0,0,1,539,53900000,53900000,53900000,0,1.0,0.527498,0.65,1.0,0.527498,0.65,1.0,0.527498,0.65,539,54200000,False,1.0,5000.0,300.0,500.0,600000000000.0,100000000000.0,,538
1,near_tick_before,thermal_loop,541,controller_tick,54000000,54.0,1,0,54000000,540,54000000,RUNNING,,0,0,62,1,0,reconstructed_from_retained_wire,True,,,317.791150106033,301.1244843124892,293.14999900644443,0.5274980000000011,0.65,270000.0000000051,269999.9724671682,0.00014999991971397566,18825.423634720464,-1.593707565916702e-08,0.00015,301.124,293.15,317.791,0.0,150000,1,540,54000000,54000000,54000000,0,301124,1,540,54000000,54000000,54000000,0,293150,1,540,54000000,54000000,54000000,0,317791,1,540,54000000,54000000,54000000,0,0,1,540,54000000,54000000,54000000,0,1.0,0.527498,0.65,1.0,0.527498,0.65,1.0,0.527498,0.65,540,54300000,False,1.0,5000.0,300.0,500.0,600000000000.0,100000000000.0,,539
1,near_tick_before,thermal_loop,542,controller_tick,54100000,54.1,1,0,54100000,541,54100000,RUNNING,,0,0,62,1,0,reconstructed_from_retained_wire,True,,,317.7911501086507,301.1244843140123,293.1499990073014,0.5274980000000011,0.65,270500.0000000051,270499.97241751186,0.00014999991971397566,18825.423634720464,-1.559010343044065e-08,0.00015,301.124,293.15,317.791,0.0,150000,1,541,54100000,54100000,54100000,0,301124,1,541,54100000,54100000,54100000,0,293150,1,541,54100000,54100000,54100000,0,317791,1,541,54100000,54100000,54100000,0,0,1,541,54100000,54100000,54100000,0,1.0,0.527498,0.65,1.0,0.527498,0.65,1.0,0.527498,0.65,541,54400000,False,1.0,5000.0,300.0,500.0,600000000000.0,100000000000.0,,540
1,near_tick_before,thermal_loop,543,controller_tick,54200000,54.2,1,0,54200000,542,54200000,RUNNING,,0,0,62,1,0,reconstructed_from_retained_wire,True,,,317.79115011126515,301.1244843155343,293.14999900815826,0.5274980000000011,0.65,271000.0000000052,270999.9723678984,0.00014999991971397566,18825.423634720464,-1.5791101759532467e-08,0.00015,301.124,293.15,317.791,0.0,150000,1,542,54200000,54200000,54200000,0,301124,1,542,54200000,54200000,54200000,0,293150,1,542,54200000,54200000,54200000,0,317791,1,542,54200000,54200000,54200000,0,0,1,542,54200000,54200000,54200000,0,1.0,0.527498,0.65,1.0,0.527498,0.65,1.0,0.527498,0.65,542,54500000,False,1.0,5000.0,300.0,500.0,600000000000.0,100000000000.0,,541
1,near_tick_before,thermal_loop,544,controller_tick,54300000,54.3,1,0,54300000,543,54300000,RUNNING,,0,0,62,1,0,reconstructed_from_retained_wire,True,,,317.79115011387637,301.12448431705525,293.14999900901506,0.5274980000000011,0.65,271500.00000000524,271499.97231832775,0.00014999991971397566,18825.423634720464,-1.4818624549661763e-08,0.00015,301.124,293.15,317.791,0.0,150000,1,543,54300000,54300000,54300000,0,301124,1,543,54300000,54300000,54300000,0,293150,1,543,54300000,54300000,54300000,0,317791,1,543,54300000,54300000,54300000,0,0,1,543,54300000,54300000,54300000,0,1.0,0.527498,0.65,1.0,0.527498,0.65,1.0,0.527498,0.65,543,54600000,False,1.0,5000.0,300.0,500.0,600000000000.0,100000000000.0,,542
1,near_tick_before,thermal_loop,545,controller_tick,54400000,54.4,1,0,54400000,544,54400000,RUNNING,,0,0,62,1,0,reconstructed_from_retained_wire,True,,,317.79115011648423,301.1244843185751,293.1499990098717,0.5274980000000011,0.65,272000.00000000524,271999.97226879996,0.00014999991971397566,18825.423634720464,-1.5652176443836652e-08,0.00015,301.124,293.15,317.791,0.0,150000,1,544,54400000,54400000,54400000,0,301124,1,544,54400000,54400000,54400000,0,293150,1,544,54400000,54400000,54400000,0,317791,1,544,54400000,54400000,54400000,0,0,1,544,54400000,54400000,54400000,0,1.0,0.527498,0.65,1.0,0.527498,0.65,1.0,0.527498,0.65,544,54700000,False,1.0,5000.0,300.0,500.0,600000000000.0,100000000000.0,,543
1,near_tick_before,thermal_loop,546,controller_tick,54500000,54.5,1,0,54500000,545,54500000,RUNNING,,0,0,62,1,0,reconstructed_from_retained_wire,True,,,317.79115011908885,301.1244843200939,293.14999901072827,0.5274980000000011,0.65,272500.00000000524,272499.97221931495,0.00014999991971397566,18825.423634720464,-1.5845671441638842e-08,0.00015,301.124,293.15,317.791,0.0,150000,1,545,54500000,54500000,54500000,0,301124,1,545,54500000,54500000,54500000,0,293150,1,545,54500000,54500000,54500000,0,317791,1,545,54500000,54500000,54500000,0,0,1,545,54500000,54500000,54500000,0,1.0,0.527498,0.65,1.0,0.527498,0.65,1.0,0.527498,0.65,545,54800000,False,1.0,5000.0,300.0,500.0,600000000000.0,100000000000.0,,544
1,near_tick_before,thermal_loop,547,controller_tick,54600000,54.6,1,0,54600000,546,54600000,RUNNING,,0,0,62,1,0,reconstructed_from_retained_wire,True,,,317.79115012169024,301.1244843216117,293.14999901158467,0.5274980000000011,0.65,273000.00000000524,272999.9721698728,0.00014999991971397566,18825.423634720464,-1.6291323845507577e-08,0.00015,301.124,293.15,317.791,0.0,150000,1,546,54600000,54600000,54600000,0,301124,1,546,54600000,54600000,54600000,0,293150,1,546,54600000,54600000,54600000,0,317791,1,546,54600000,54600000,54600000,0,0,1,546,54600000,54600000,54600000,0,1.0,0.527498,0.65,1.0,0.527498,0.65,1.0,0.527498,0.65,546,54900000,False,1.0,5000.0,300.0,500.0,600000000000.0,100000000000.0,,545
1,near_tick_before,thermal_loop,548,controller_tick,54700000,54.7,1,0,54700000,547,54700000,RUNNING,,0,0,62,1,0,reconstructed_from_retained_wire,True,,,317.7911501242884,301.12448432312834,293.149999012441,0.5274980000000011,0.65,273500.00000000524,273499.97212047345,0.00014999991971397566,18825.423634720464,-1.65139226737665e-08,0.00015,301.124,293.15,317.791,0.0,150000,1,547,54700000,54700000,54700000,0,301124,1,547,54700000,54700000,54700000,0,293150,1,547,54700000,54700000,54700000,0,317791,1,547,54700000,54700000,54700000,0,0,1,547,54700000,54700000,54700000,0,1.0,0.527498,0.65,1.0,0.527498,0.65,1.0,0.527498,0.65,547,55000000,False,1.0,5000.0,300.0,500.0,600000000000.0,100000000000.0,,546
1,near_tick_before,thermal_loop,549,controller_tick,54800000,54.8,1,0,54800000,548,54800000,RUNNING,,0,0,62,1,0,reconstructed_from_retained_wire,True,,,317.7911501268833,301.12448432464396,293.14999901329725,0.5274980000000011,0.65,274000.00000000524,273999.9720711169,0.00014999991971397566,18825.423634720464,-1.6334070096490905e-08,0.00015,301.124,293.15,317.791,0.0,150000,1,548,54800000,54800000,54800000,0,301124,1,548,54800000,54800000,54800000,0,293150,1,548,54800000,54800000,54800000,0,317791,1,548,54800000,54800000,54800000,0,0,1,548,54800000,54800000,54800000,0,1.0,0.527498,0.65,1.0,0.527498,0.65,1.0,0.527498,0.65,548,55100000,False,1.0,5000.0,300.0,500.0,600000000000.0,100000000000.0,,547
1,near_tick_before,thermal_loop,550,controller_tick,54900000,54.9,1,0,54900000,549,54900000,RUNNING,,0,0,62,1,0,reconstructed_from_retained_wire,True,,,317.79115012947494,301.1244843261585,293.1499990141533,0.5274980000000011,0.65,274500.00000000524,274499.9720218032,0.00014999991971397566,18825.423634720464,-1.6881585906958207e-08,0.00015,301.124,293.15,317.791,0.0,150000,1,549,54900000,54900000,54900000,0,301124,1,549,54900000,54900000,54900000,0,293150,1,549,54900000,54900000,54900000,0,317791,1,549,54900000,54900000,54900000,0,0,1,549,54900000,54900000,54900000,0,1.0,0.527498,0.65,1.0,0.527498,0.65,1.0,0.527498,0.65,549,55200000,False,1.0,5000.0,300.0,500.0,600000000000.0,100000000000.0,,548
1,near_tick_before,thermal_loop,551,controller_tick,55000000,55.0,1,0,55000000,550,55000000,RUNNING,,0,0,62,1,0,reconstructed_from_retained_wire,True,,,317.7911501320634,301.1244843276719,293.1499990150093,0.5274980000000011,0.65,275000.00000000524,274999.9719725323,0.00014999991971397566,18825.423634720464,-1.6695821614121087e-08,0.00015,301.124,293.15,317.791,0.0,150000,1,550,55000000,55000000,55000000,0,301124,1,550,55000000,55000000,55000000,0,293150,1,550,55000000,55000000,55000000,0,317791,1,550,55000000,55000000,55000000,0,0,1,550,55000000,55000000,55000000,0,1.0,0.527498,0.65,1.0,0.527498,0.65,1.0,0.527498,0.65,550,55300000,False,1.0,5000.0,300.0,500.0,600000000000.0,100000000000.0,,549
1,near_tick_before,thermal_loop,552,controller_tick,55100000,55.1,1,0,55100000,551,55100000,RUNNING,,0,0,62,1,0,reconstructed_from_retained_wire,True,,,317.7911501346487,301.1244843291843,293.14999901586515,0.5274980000000011,0.65,275500.0000000053,275499.9719233042,0.00014999991971397566,18825.423634720464,-1.5776777217979543e-08,0.00015,301.124,293.15,317.791,0.0,150000,1,551,55100000,55100000,55100000,0,301124,1,551,55100000,55100000,55100000,0,293150,1,551,55100000,55100000,55100000,0,317791,1,551,55100000,55100000,55100000,0,0,1,551,55100000,55100000,55100000,0,1.0,0.527498,0.65,1.0,0.527498,0.65,1.0,0.527498,0.65,551,55400000,False,1.0,5000.0,300.0,500.0,600000000000.0,100000000000.0,,550
1,near_tick_before,thermal_loop,553,controller_tick,55200000,55.2,1,0,55200000,552,55200000,RUNNING,,0,0,62,1,0,reconstructed_from_retained_wire,True,,,317.79115013723066,301.1244843306956,293.14999901672087,0.5274980000000011,0.65,276000.0000000053,275999.97187411884,0.00014999991971397566,18825.423634720464,-1.654257175687235e-08,0.00015,301.124,293.15,317.791,0.0,150000,1,552,55200000,55200000,55200000,0,301124,1,552,55200000,55200000,55200000,0,293150,1,552,55200000,55200000,55200000,0,317791,1,552,55200000,55200000,55200000,0,0,1,552,55200000,55200000,55200000,0,1.0,0.527498,0.65,1.0,0.527498,0.65,1.0,0.527498,0.65,552,55500000,False,1.0,5000.0,300.0,500.0,600000000000.0,100000000000.0,,551
1,near_tick_before,thermal_loop,554,controller_tick,55300000,55.3,1,0,55300000,553,55300000,RUNNING,,0,0,62,1,0,reconstructed_from_retained_wire,True,,,317.7911501398094,301.12448433220584,293.1499990175765,0.5274980000000011,0.65,276500.00000000536,276499.9718249763,0.00014999991971397566,18825.423634720464,-1.6812691683298908e-08,0.00015,301.124,293.15,317.791,0.0,150000,1,553,55300000,55300000,55300000,0,301124,1,553,55300000,55300000,55300000,0,293150,1,553,55300000,55300000,55300000,0,317791,1,553,55300000,55300000,55300000,0,0,1,553,55300000,55300000,55300000,0,1.0,0.527498,0.65,1.0,0.527498,0.65,1.0,0.527498,0.65,553,55600000,False,1.0,5000.0,300.0,500.0,600000000000.0,100000000000.0,,552
1,near_tick_before,thermal_loop,555,controller_tick,55400000,55.4,1,0,55400000,554,55400000,RUNNING,,0,0,62,1,0,reconstructed_from_retained_wire,True,,,317.791150142385,301.124484333715,293.1499990184319,0.5274980000000011,0.65,277000.00000000536,276999.97177587653,0.00014999991971397566,18825.423634720464,-1.7299953469773754e-08,0.00015,301.124,293.15,317.791,0.0,150000,1,554,55400000,55400000,55400000,0,301124,1,554,55400000,55400000,55400000,0,293150,1,554,55400000,55400000,55400000,0,317791,1,554,55400000,55400000,55400000,0,0,1,554,55400000,55400000,55400000,0,1.0,0.527498,0.65,1.0,0.527498,0.65,1.0,0.527498,0.65,554,55700000,False,1.0,5000.0,300.0,500.0,600000000000.0,100000000000.0,,553
1,near_tick_before,thermal_loop,556,controller_tick,55500000,55.5,1,0,55500000,555,55500000,RUNNING,,0,0,62,1,0,reconstructed_from_retained_wire,True,,,317.7911501449574,301.1244843352231,293.14999901928724,0.5274980000000011,0.65,277500.00000000536,277499.9717268195,0.00014999991971397566,18825.423634720464,-1.6816329662106e-08,0.00015,301.124,293.15,317.791,0.0,150000,1,555,55500000,55500000,55500000,0,301124,1,555,55500000,55500000,55500000,0,293150,1,555,55500000,55500000,55500000,0,317791,1,555,55500000,55500000,55500000,0,0,1,555,55500000,55500000,55500000,0,1.0,0.527498,0.65,1.0,0.527498,0.65,1.0,0.527498,0.65,555,55800000,False,1.0,5000.0,300.0,500.0,600000000000.0,100000000000.0,,554
1,near_tick_before,thermal_loop,557,controller_tick,55600000,55.6,1,0,55600000,556,55600000,RUNNING,,0,0,62,1,0,reconstructed_from_retained_wire,True,,,317.7911501475266,301.12448433673006,293.1499990201424,0.5274980000000011,0.65,278000.00000000536,277999.9716778053,0.00014999991971397566,18825.423634720464,-1.7025058696162887e-08,0.00015,301.124,293.15,317.791,0.0,150000,1,556,55600000,55600000,55600000,0,301124,1,556,55600000,55600000,55600000,0,293150,1,556,55600000,55600000,55600000,0,317791,1,556,55600000,55600000,55600000,0,0,1,556,55600000,55600000,55600000,0,1.0,0.527498,0.65,1.0,0.527498,0.65,1.0,0.527498,0.65,556,55900000,False,1.0,5000.0,300.0,500.0,600000000000.0,100000000000.0,,555
1,near_tick_before,thermal_loop,558,controller_tick,55700000,55.7,1,0,55700000,557,55700000,RUNNING,,0,0,62,1,0,reconstructed_from_retained_wire,True,,,317.7911501500926,301.12448433823596,293.14999902099737,0.5274980000000011,0.65,278500.00000000536,278499.97162883374,0.00014999991971397566,18825.423634720464,-1.7567344912094995e-08,0.00015,301.124,293.15,317.791,0.0,150000,1,557,55700000,55700000,55700000,0,301124,1,557,55700000,55700000,55700000,0,293150,1,557,55700000,55700000,55700000,0,317791,1,557,55700000,55700000,55700000,0,0,1,557,55700000,55700000,55700000,0,1.0,0.527498,0.65,1.0,0.527498,0.65,1.0,0.527498,0.65,557,56000000,False,1.0,5000.0,300.0,500.0,600000000000.0,100000000000.0,,556
1,near_tick_before,thermal_loop,559,controller_tick,55800000,55.8,1,0,55800000,558,55800000,RUNNING,,0,0,62,1,0,reconstructed_from_retained_wire,True,,,317.7911501526555,301.12448433974083,293.1499990218522,0.5274980000000011,0.65,279000.00000000536,278999.97157990496,0.00014999991971397566,18825.423634720464,-1.7283127817790955e-08,0.00015,301.124,293.15,317.791,0.0,150000,1,558,55800000,55800000,55800000,0,301124,1,558,55800000,55800000,55800000,0,293150,1,558,55800000,55800000,55800000,0,317791,1,558,55800000,55800000,55800000,0,0,1,558,55800000,55800000,55800000,0,1.0,0.527498,0.65,1.0,0.527498,0.65,1.0,0.527498,0.65,558,56100000,False,1.0,5000.0,300.0,500.0,600000000000.0,100000000000.0,,557
1,near_tick_before,thermal_loop,560,controller_tick,55900000,55.9,1,0,55900000,559,55900000,RUNNING,,0,0,62,1,0,reconstructed_from_retained_wire,True,,,317.79115015521523,301.1244843412446,293.1499990227069,0.5274980000000011,0.65,279500.00000000536,279499.97153101896,0.00014999991971397566,18825.423634720464,-1.650323611102067e-08,0.00015,301.124,293.15,317.791,0.0,150000,1,559,55900000,55900000,55900000,0,301124,1,559,55900000,55900000,55900000,0,293150,1,559,55900000,55900000,55900000,0,317791,1,559,55900000,55900000,55900000,0,0,1,559,55900000,55900000,55900000,0,1.0,0.527498,0.65,1.0,0.527498,0.65,1.0,0.527498,0.65,559,56200000,False,1.0,5000.0,300.0,500.0,600000000000.0,100000000000.0,,558
1,near_tick_before,thermal_loop,561,controller_tick,56000000,56.0,1,0,56000000,560,56000000,RUNNING,,0,0,62,1,0,reconstructed_from_retained_wire,True,,,317.79115015777177,301.1244843427473,293.14999902356135,0.5274980000000011,0.65,280000.00000000536,279999.9714821757,0.00014999991971397566,18825.423634720464,-1.7186721379403025e-08,0.00015,301.124,293.15,317.791,0.0,150000,1,560,56000000,56000000,56000000,0,301124,1,560,56000000,56000000,56000000,0,293150,1,560,56000000,56000000,56000000,0,317791,1,560,56000000,56000000,56000000,0,0,1,560,56000000,56000000,56000000,0,1.0,0.527498,0.65,1.0,0.527498,0.65,1.0,0.527498,0.65,560,56300000,False,1.0,5000.0,300.0,500.0,600000000000.0,100000000000.0,,559
1,near_tick_before,thermal_loop,562,controller_tick,56100000,56.1,1,0,56100000,561,56100000,RUNNING,,0,0,62,1,0,reconstructed_from_retained_wire,True,,,317.7911501603251,301.1244843442489,293.1499990244157,0.5274980000000011,0.65,280500.00000000536,280499.97143337515,0.00014999991971397566,18825.423634720464,-1.6957528714556247e-08,0.00015,301.124,293.15,317.791,0.0,150000,1,561,56100000,56100000,56100000,0,301124,1,561,56100000,56100000,56100000,0,293150,1,561,56100000,56100000,56100000,0,317791,1,561,56100000,56100000,56100000,0,0,1,561,56100000,56100000,56100000,0,1.0,0.527498,0.65,1.0,0.527498,0.65,1.0,0.527498,0.65,561,56400000,False,1.0,5000.0,300.0,500.0,600000000000.0,100000000000.0,,560
1,near_tick_before,thermal_loop,563,controller_tick,56200000,56.2,1,0,56200000,562,56200000,RUNNING,,0,0,62,1,0,reconstructed_from_retained_wire,True,,,317.79115016287534,301.1244843457494,293.14999902526984,0.5274980000000011,0.65,281000.00000000536,280999.9713846173,0.00014999991971397566,18825.423634720464,-1.762327883625403e-08,0.00015,301.124,293.15,317.791,0.0,150000,1,562,56200000,56200000,56200000,0,301124,1,562,56200000,56200000,56200000,0,293150,1,562,56200000,56200000,56200000,0,317791,1,562,56200000,56200000,56200000,0,0,1,562,56200000,56200000,56200000,0,1.0,0.527498,0.65,1.0,0.527498,0.65,1.0,0.527498,0.65,562,56500000,False,1.0,5000.0,300.0,500.0,600000000000.0,100000000000.0,,561
1,near_tick_before,thermal_loop,564,controller_tick,56300000,56.3,1,0,56300000,563,56300000,RUNNING,,0,0,62,1,0,reconstructed_from_retained_wire,True,,,317.7911501654224,301.1244843472488,293.14999902612385,0.5274980000000011,0.65,281500.0000000054,281499.9713359022,0.00014999991971397566,18825.423634720464,-1.7909769667312503e-08,0.00015,301.124,293.15,317.791,0.0,150000,1,563,56300000,56300000,56300000,0,301124,1,563,56300000,56300000,56300000,0,293150,1,563,56300000,56300000,56300000,0,317791,1,563,56300000,56300000,56300000,0,0,1,563,56300000,56300000,56300000,0,1.0,0.527498,0.65,1.0,0.527498,0.65,1.0,0.527498,0.65,563,56600000,False,1.0,5000.0,300.0,500.0,600000000000.0,100000000000.0,,562
1,near_tick_before,thermal_loop,565,controller_tick,56400000,56.4,1,0,56400000,564,56400000,RUNNING,,0,0,62,1,0,reconstructed_from_retained_wire,True,,,317.79115016796624,301.12448434874716,293.1499990269777,0.5274980000000011,0.65,282000.0000000054,281999.9712872298,0.00014999991971397566,18825.423634720464,-1.847161001933273e-08,0.00015,301.124,293.15,317.791,0.0,150000,1,564,56400000,56400000,56400000,0,301124,1,564,56400000,56400000,56400000,0,293150,1,564,56400000,56400000,56400000,0,317791,1,564,56400000,56400000,56400000,0,0,1,564,56400000,56400000,56400000,0,1.0,0.527498,0.65,1.0,0.527498,0.65,1.0,0.527498,0.65,564,56700000,False,1.0,5000.0,300.0,500.0,600000000000.0,100000000000.0,,563
1,near_tick_before,thermal_loop,566,controller_tick,56500000,56.5,1,0,56500000,565,56500000,RUNNING,,0,0,62,1,0,reconstructed_from_retained_wire,True,,,317.791150170507,301.1244843502445,293.1499990278313,0.5274980000000011,0.65,282500.0000000054,282499.97123860003,0.00014999991971397566,18825.423634720464,-1.8467744666850194e-08,0.00015,301.124,293.15,317.791,0.0,150000,1,565,56500000,56500000,56500000,0,301124,1,565,56500000,56500000,56500000,0,293150,1,565,56500000,56500000,56500000,0,317791,1,565,56500000,56500000,56500000,0,0,1,565,56500000,56500000,56500000,0,1.0,0.527498,0.65,1.0,0.527498,0.65,1.0,0.527498,0.65,565,56800000,False,1.0,5000.0,300.0,500.0,600000000000.0,100000000000.0,,564
1,near_tick_before,thermal_loop,567,controller_tick,56600000,56.6,1,0,56600000,566,56600000,RUNNING,,0,0,62,1,0,reconstructed_from_retained_wire,True,,,317.7911501730447,301.1244843517407,293.1499990286848,0.5274980000000011,0.65,283000.0000000054,282999.971190013,0.00014999991971397566,18825.423634720464,-1.74579781742068e-08,0.00015,301.124,293.15,317.791,0.0,150000,1,566,56600000,56600000,56600000,0,301124,1,566,56600000,56600000,56600000,0,293150,1,566,56600000,56600000,56600000,0,317791,1,566,56600000,56600000,56600000,0,0,1,566,56600000,56600000,56600000,0,1.0,0.527498,0.65,1.0,0.527498,0.65,1.0,0.527498,0.65,566,56900000,False,1.0,5000.0,300.0,500.0,600000000000.0,100000000000.0,,565
1,near_tick_before,thermal_loop,568,controller_tick,56700000,56.7,1,0,56700000,567,56700000,RUNNING,,0,0,62,1,0,reconstructed_from_retained_wire,True,,,317.7911501755792,301.12448435323586,293.1499990295381,0.5274980000000011,0.65,283500.0000000054,283499.97114146856,0.00014999991971397566,18825.423634720464,-1.698435880825855e-08,0.00015,301.124,293.15,317.791,0.0,150000,1,567,56700000,56700000,56700000,0,301124,1,567,56700000,56700000,56700000,0,293150,1,567,56700000,56700000,56700000,0,317791,1,567,56700000,56700000,56700000,0,0,1,567,56700000,56700000,56700000,0,1.0,0.527498,0.65,1.0,0.527498,0.65,1.0,0.527498,0.65,567,57000000,False,1.0,5000.0,300.0,500.0,600000000000.0,100000000000.0,,566
1,near_tick_before,thermal_loop,569,controller_tick,56800000,56.8,1,0,56800000,568,56800000,RUNNING,,0,0,62,1,0,reconstructed_from_retained_wire,True,,,317.7911501781106,301.1244843547299,293.14999903039114,0.5274980000000011,0.65,284000.0000000055,283999.9710929668,0.00014999991971397566,18825.423634720464,-1.7522097550681792e-08,0.00015,301.124,293.15,317.791,0.0,150000,1,568,56800000,56800000,56800000,0,301124,1,568,56800000,56800000,56800000,0,293150,1,568,56800000,56800000,56800000,0,317791,1,568,56800000,56800000,56800000,0,0,1,568,56800000,56800000,56800000,0,1.0,0.527498,0.65,1.0,0.527498,0.65,1.0,0.527498,0.65,568,57100000,False,1.0,5000.0,300.0,500.0,600000000000.0,100000000000.0,,567
1,near_tick_before,thermal_loop,570,controller_tick,56900000,56.9,1,0,56900000,569,56900000,RUNNING,,0,0,62,1,0,reconstructed_from_retained_wire,True,,,317.7911501806389,301.12448435622287,293.149999031244,0.5274980000000011,0.65,284500.0000000055,284499.9710445077,0.00014999991971397566,18825.423634720464,-1.7291540643782355e-08,0.00015,301.124,293.15,317.791,0.0,150000,1,569,56900000,56900000,56900000,0,301124,1,569,56900000,56900000,56900000,0,293150,1,569,56900000,56900000,56900000,0,317791,1,569,56900000,56900000,56900000,0,0,1,569,56900000,56900000,56900000,0,1.0,0.527498,0.65,1.0,0.527498,0.65,1.0,0.527498,0.65,569,57200000,False,1.0,5000.0,300.0,500.0,600000000000.0,100000000000.0,,568
1,near_tick_before,thermal_loop,571,controller_tick,57000000,57.0,1,0,57000000,570,57000000,RUNNING,,0,0,62,1,0,reconstructed_from_retained_wire,True,,,317.7911501831641,301.1244843577147,293.14999903209673,0.5274980000000011,0.65,285000.0000000055,284999.9709960912,0.00014999991971397566,18825.423634720464,-1.67910911841318e-08,0.00015,301.124,293.15,317.791,0.0,150000,1,570,57000000,57000000,57000000,0,301124,1,570,57000000,57000000,57000000,0,293150,1,570,57000000,57000000,57000000,0,317791,1,570,57000000,57000000,57000000,0,0,1,570,57000000,57000000,57000000,0,1.0,0.527498,0.65,1.0,0.527498,0.65,1.0,0.527498,0.65,570,57300000,False,1.0,5000.0,300.0,500.0,600000000000.0,100000000000.0,,569
1,near_tick_before,thermal_loop,572,controller_tick,57100000,57.1,1,0,57100000,571,57100000,RUNNING,,0,0,62,1,0,reconstructed_from_retained_wire,True,,,317.7911501856862,301.12448435920555,293.14999903294915,0.5274980000000011,0.65,285500.0000000055,285499.9709477174,0.00014999991971397566,18825.423634720464,-1.70061866811011e-08,0.00015,301.124,293.15,317.791,0.0,150000,1,571,57100000,57100000,57100000,0,301124,1,571,57100000,57100000,57100000,0,293150,1,571,57100000,57100000,57100000,0,317791,1,571,57100000,57100000,57100000,0,0,1,571,57100000,57100000,57100000,0,1.0,0.527498,0.65,1.0,0.527498,0.65,1.0,0.527498,0.65,571,57400000,False,1.0,5000.0,300.0,500.0,600000000000.0,100000000000.0,,570
1,near_tick_before,thermal_loop,573,controller_tick,57200000,57.2,1,0,57200000,572,57200000,RUNNING,,0,0,62,1,0,reconstructed_from_retained_wire,True,,,317.79115018820517,301.12448436069525,293.1499990338014,0.5274980000000011,0.65,286000.0000000055,285999.97089938616,0.00014999991971397566,18825.423634720464,-1.751982381392736e-08,0.00015,301.124,293.15,317.791,0.0,150000,1,572,57200000,57200000,57200000,0,301124,1,572,57200000,57200000,57200000,0,293150,1,572,57200000,57200000,57200000,0,317791,1,572,57200000,57200000,57200000,0,0,1,572,57200000,57200000,57200000,0,1.0,0.527498,0.65,1.0,0.527498,0.65,1.0,0.527498,0.65,572,57500000,False,1.0,5000.0,300.0,500.0,600000000000.0,100000000000.0,,571
1,near_tick_before,thermal_loop,574,controller_tick,57300000,57.3,1,0,57300000,573,57300000,RUNNING,,0,0,62,1,0,reconstructed_from_retained_wire,True,,,317.7911501907211,301.12448436218386,293.14999903465343,0.5274980000000011,0.65,286500.00000000553,286499.97085109755,0.00014999991971397566,18825.423634720464,-1.749094735714607e-08,0.00015,301.124,293.15,317.791,0.0,150000,1,573,57300000,57300000,57300000,0,301124,1,573,57300000,57300000,57300000,0,293150,1,573,57300000,57300000,57300000,0,317791,1,573,57300000,57300000,57300000,0,0,1,573,57300000,57300000,57300000,0,1.0,0.527498,0.65,1.0,0.527498,0.65,1.0,0.527498,0.65,573,57600000,False,1.0,5000.0,300.0,500.0,600000000000.0,100000000000.0,,572
1,near_tick_before,thermal_loop,575,controller_tick,57400000,57.4,1,0,57400000,574,57400000,RUNNING,,0,0,62,1,0,reconstructed_from_retained_wire,True,,,317.79115019323393,301.1244843636714,293.14999903550523,0.5274980000000011,0.65,287000.00000000553,286999.97080285155,0.00014999991971397566,18825.423634720464,-1.7940010366146453e-08,0.00015,301.124,293.15,317.791,0.0,150000,1,574,57400000,57400000,57400000,0,301124,1,574,57400000,57400000,57400000,0,293150,1,574,57400000,57400000,57400000,0,317791,1,574,57400000,57400000,57400000,0,0,1,574,57400000,57400000,57400000,0,1.0,0.527498,0.65,1.0,0.527498,0.65,1.0,0.527498,0.65,574,57700000,False,1.0,5000.0,300.0,500.0,600000000000.0,100000000000.0,,573
1,near_tick_before,thermal_loop,576,controller_tick,57500000,57.5,1,0,57500000,575,57500000,RUNNING,,0,0,62,1,0,reconstructed_from_retained_wire,True,,,317.7911501957437,301.1244843651578,293.14999903635686,0.5274980000000011,0.65,287500.00000000553,287499.97075464815,0.00014999991971397566,18825.423634720464,-1.811918082239572e-08,0.00015,301.124,293.15,317.791,0.0,150000,1,575,57500000,57500000,57500000,0,301124,1,575,57500000,57500000,57500000,0,293150,1,575,57500000,57500000,57500000,0,317791,1,575,57500000,57500000,57500000,0,0,1,575,57500000,57500000,57500000,0,1.0,0.527498,0.65,1.0,0.527498,0.65,1.0,0.527498,0.65,575,57800000,False,1.0,5000.0,300.0,500.0,600000000000.0,100000000000.0,,574
1,near_tick_before,thermal_loop,577,controller_tick,57600000,57.6,1,0,57600000,576,57600000,RUNNING,,0,0,62,1,0,reconstructed_from_retained_wire,True,,,317.7911501982504,301.1244843666432,293.14999903720826,0.5274980000000011,0.65,288000.0000000056,287999.97070648725,0.00014999991971397566,18825.423634720464,-1.7397042029188015e-08,0.00015,301.124,293.15,317.791,0.0,150000,1,576,57600000,57600000,57600000,0,301124,1,576,57600000,57600000,57600000,0,293150,1,576,57600000,57600000,57600000,0,317791,1,576,57600000,57600000,57600000,0,0,1,576,57600000,57600000,57600000,0,1.0,0.527498,0.65,1.0,0.527498,0.65,1.0,0.527498,0.65,576,57900000,False,1.0,5000.0,300.0,500.0,600000000000.0,100000000000.0,,575
1,near_tick_before,thermal_loop,578,controller_tick,57700000,57.7,1,0,57700000,577,57700000,RUNNING,,0,0,62,1,0,reconstructed_from_retained_wire,True,,,317.79115020075403,301.1244843681274,293.14999903805943,0.5274980000000011,0.65,288500.0000000056,288499.97065836895,0.00014999991971397566,18825.423634720464,-1.7628053683438338e-08,0.00015,301.124,293.15,317.791,0.0,150000,1,577,57700000,57700000,57700000,0,301124,1,577,57700000,57700000,57700000,0,293150,1,577,57700000,57700000,57700000,0,317791,1,577,57700000,57700000,57700000,0,0,1,577,57700000,57700000,57700000,0,1.0,0.527498,0.65,1.0,0.527498,0.65,1.0,0.527498,0.65,577,58000000,False,1.0,5000.0,300.0,500.0,600000000000.0,100000000000.0,,576
1,near_tick_before,thermal_loop,579,controller_tick,57800000,57.8,1,0,57800000,578,57800000,RUNNING,,0,0,62,1,0,reconstructed_from_retained_wire,True,,,317.79115020325463,301.12448436961057,293.1499990389104,0.5274980000000011,0.65,289000.0000000056,288999.97061029327,0.00014999991971397566,18825.423634720464,-1.7258344087167643e-08,0.00015,301.124,293.15,317.791,0.0,150000,1,578,57800000,57800000,57800000,0,301124,1,578,57800000,57800000,57800000,0,293150,1,578,57800000,57800000,57800000,0,317791,1,578,57800000,57800000,57800000,0,0,1,578,57800000,57800000,57800000,0,1.0,0.527498,0.65,1.0,0.527498,0.65,1.0,0.527498,0.65,578,58100000,False,1.0,5000.0,300.0,500.0,600000000000.0,100000000000.0,,577
1,near_tick_before,thermal_loop,580,controller_tick,57900000,57.9,1,0,57900000,579,57900000,RUNNING,,0,0,62,1,0,reconstructed_from_retained_wire,True,,,317.79115020575216,301.1244843710926,293.14999903976104,0.5274980000000011,0.65,289500.0000000056,289499.9705622601,0.00014999991971397566,18825.423634720464,-1.816079020500183e-08,0.00015,301.124,293.15,317.791,0.0,150000,1,579,57900000,57900000,57900000,0,301124,1,579,57900000,57900000,57900000,0,293150,1,579,57900000,57900000,57900000,0,317791,1,579,57900000,57900000,57900000,0,0,1,579,57900000,57900000,57900000,0,1.0,0.527498,0.65,1.0,0.527498,0.65,1.0,0.527498,0.65,579,58200000,False,1.0,5000.0,300.0,500.0,600000000000.0,100000000000.0,,578
1,near_tick_before,thermal_loop,581,controller_tick,58000000,58.0,1,0,58000000,580,58000000,RUNNING,,0,0,62,1,0,reconstructed_from_retained_wire,True,,,317.7911502082467,301.12448437257353,293.1499990406115,0.5274980000000011,0.65,290000.0000000056,289999.9705142694,0.00014999991971397566,18825.423634720464,-1.8578930394141935e-08,0.00015,301.124,293.15,317.791,0.0,150000,1,580,58000000,58000000,58000000,0,301124,1,580,58000000,58000000,58000000,0,293150,1,580,58000000,58000000,58000000,0,317791,1,580,58000000,58000000,58000000,0,0,1,580,58000000,58000000,58000000,0,1.0,0.527498,0.65,1.0,0.527498,0.65,1.0,0.527498,0.65,580,58300000,False,1.0,5000.0,300.0,500.0,600000000000.0,100000000000.0,,579
1,near_tick_before,thermal_loop,582,controller_tick,58100000,58.1,1,0,58100000,581,58100000,RUNNING,,0,0,62,1,0,reconstructed_from_retained_wire,True,,,317.7911502107381,301.12448437405345,293.1499990414617,0.5274980000000011,0.65,290500.0000000056,290499.9704663212,0.00014999991971397566,18825.423634720464,-1.8547780200606212e-08,0.00015,301.124,293.15,317.791,0.0,150000,1,581,58100000,58100000,58100000,0,301124,1,581,58100000,58100000,58100000,0,293150,1,581,58100000,58100000,58100000,0,317791,1,581,58100000,58100000,58100000,0,0,1,581,58100000,58100000,58100000,0,1.0,0.527498,0.65,1.0,0.527498,0.65,1.0,0.527498,0.65,581,58400000,False,1.0,5000.0,300.0,500.0,600000000000.0,100000000000.0,,580
1,near_tick_before,thermal_loop,583,controller_tick,58200000,58.2,1,0,58200000,582,58200000,RUNNING,,0,0,62,1,0,reconstructed_from_retained_wire,True,,,317.79115021322656,301.12448437553223,293.14999904231166,0.5274980000000011,0.65,291000.0000000056,290999.97041841556,0.00014999991971397566,18825.423634720464,-1.850753506005276e-08,0.00015,301.124,293.15,317.791,0.0,150000,1,582,58200000,58200000,58200000,0,301124,1,582,58200000,58200000,58200000,0,293150,1,582,58200000,58200000,58200000,0,317791,1,582,58200000,58200000,58200000,0,0,1,582,58200000,58200000,58200000,0,1.0,0.527498,0.65,1.0,0.527498,0.65,1.0,0.527498,0.65,582,58500000,False,1.0,5000.0,300.0,500.0,600000000000.0,100000000000.0,,581
1,near_tick_before,thermal_loop,584,controller_tick,58300000,58.3,1,0,58300000,583,58300000,RUNNING,,0,0,62,1,0,reconstructed_from_retained_wire,True,,,317.791150215712,301.12448437700994,293.14999904316136,0.5274980000000011,0.65,291500.0000000056,291499.9703705524,0.00014999991971397566,18825.423634720464,-1.8695800463319756e-08,0.00015,301.124,293.15,317.791,0.0,150000,1,583,58300000,58300000,58300000,0,301124,1,583,58300000,58300000,58300000,0,293150,1,583,58300000,58300000,58300000,0,317791,1,583,58300000,58300000,58300000,0,0,1,583,58300000,58300000,58300000,0,1.0,0.527498,0.65,1.0,0.527498,0.65,1.0,0.527498,0.65,583,58600000,False,1.0,5000.0,300.0,500.0,600000000000.0,100000000000.0,,582
1,near_tick_before,thermal_loop,585,controller_tick,58400000,58.4,1,0,58400000,584,58400000,RUNNING,,0,0,62,1,0,reconstructed_from_retained_wire,True,,,317.7911502181944,301.12448437848656,293.1499990440109,0.5274980000000011,0.65,292000.00000000565,291999.9703227317,0.00014999991971397566,18825.423634720464,-1.7745151126291603e-08,0.00015,301.124,293.15,317.791,0.0,150000,1,584,58400000,58400000,58400000,0,301124,1,584,58400000,58400000,58400000,0,293150,1,584,58400000,58400000,58400000,0,317791,1,584,58400000,58400000,58400000,0,0,1,584,58400000,58400000,58400000,0,1.0,0.527498,0.65,1.0,0.527498,0.65,1.0,0.527498,0.65,584,58700000,False,1.0,5000.0,300.0,500.0,600000000000.0,100000000000.0,,583
1,near_tick_before,thermal_loop,586,controller_tick,58500000,58.5,1,0,58500000,585,58500000,RUNNING,,0,0,62,1,0,reconstructed_from_retained_wire,True,,,317.7911502206738,301.12448437996204,293.1499990448601,0.5274980000000011,0.65,292500.00000000565,292499.9702749535,0.00014999991971397566,18825.423634720464,-1.7440015653846785e-08,0.00015,301.124,293.15,317.791,0.0,150000,1,585,58500000,58500000,58500000,0,301124,1,585,58500000,58500000,58500000,0,293150,1,585,58500000,58500000,58500000,0,317791,1,585,58500000,58500000,58500000,0,0,1,585,58500000,58500000,58500000,0,1.0,0.527498,0.65,1.0,0.527498,0.65,1.0,0.527498,0.65,585,58800000,False,1.0,5000.0,300.0,500.0,600000000000.0,100000000000.0,,584
1,near_tick_before,thermal_loop,587,controller_tick,58600000,58.6,1,0,58600000,586,58600000,RUNNING,,0,0,62,1,0,reconstructed_from_retained_wire,True,,,317.79115022315017,301.12448438143645,293.1499990457091,0.5274980000000011,0.65,293000.0000000057,292999.97022721777,0.00014999991971397566,18825.423634720464,-1.747980604704935e-08,0.00015,301.124,293.15,317.791,0.0,150000,1,586,58600000,58600000,58600000,0,301124,1,586,58600000,58600000,58600000,0,293150,1,586,58600000,58600000,58600000,0,317791,1,586,58600000,58600000,58600000,0,0,1,586,58600000,58600000,58600000,0,1.0,0.527498,0.65,1.0,0.527498,0.65,1.0,0.527498,0.65,586,58900000,False,1.0,5000.0,300.0,500.0,600000000000.0,100000000000.0,,585
1,near_tick_before,thermal_loop,588,controller_tick,58700000,58.7,1,0,58700000,587,58700000,RUNNING,,0,0,62,1,0,reconstructed_from_retained_wire,True,,,317.79115022562354,301.12448438290977,293.14999904655775,0.5274980000000011,0.65,293500.0000000057,293499.9701795245,0.00014999991971397566,18825.423634720464,-1.7689899323158897e-08,0.00015,301.124,293.15,317.791,0.0,150000,1,587,58700000,58700000,58700000,0,301124,1,587,58700000,58700000,58700000,0,293150,1,587,58700000,58700000,58700000,0,317791,1,587,58700000,58700000,58700000,0,0,1,587,58700000,58700000,58700000,0,1.0,0.527498,0.65,1.0,0.527498,0.65,1.0,0.527498,0.65,587,59000000,False,1.0,5000.0,300.0,500.0,600000000000.0,100000000000.0,,586
1,near_tick_before,thermal_loop,589,controller_tick,58800000,58.8,1,0,58800000,588,58800000,RUNNING,,0,0,62,1,0,reconstructed_from_retained_wire,True,,,317.7911502280939,301.12448438438196,293.1499990474062,0.5274980000000011,0.65,294000.0000000057,293999.9701318736,0.00014999991971397566,18825.423634720464,-1.800731297407765e-08,0.00015,301.124,293.15,317.791,0.0,150000,1,588,58800000,58800000,58800000,0,301124,1,588,58800000,58800000,58800000,0,293150,1,588,58800000,58800000,58800000,0,317791,1,588,58800000,58800000,58800000,0,0,1,588,58800000,58800000,58800000,0,1.0,0.527498,0.65,1.0,0.527498,0.65,1.0,0.527498,0.65,588,59100000,False,1.0,5000.0,300.0,500.0,600000000000.0,100000000000.0,,587
1,near_tick_before,thermal_loop,590,controller_tick,58900000,58.9,1,0,58900000,589,58900000,RUNNING,,0,0,62,1,0,reconstructed_from_retained_wire,True,,,317.7911502305613,301.1244843858531,293.14999904825436,0.5274980000000011,0.65,294500.0000000057,294499.97008426517,0.00014999991971397566,18825.423634720464,-1.7567799659445882e-08,0.00015,301.124,293.15,317.791,0.0,150000,1,589,58900000,58900000,58900000,0,301124,1,589,58900000,58900000,58900000,0,293150,1,589,58900000,58900000,58900000,0,317791,1,589,58900000,58900000,58900000,0,0,1,589,58900000,58900000,58900000,0,1.0,0.527498,0.65,1.0,0.527498,0.65,1.0,0.527498,0.65,589,59200000,False,1.0,5000.0,300.0,500.0,600000000000.0,100000000000.0,,588
1,near_tick_before,thermal_loop,591,controller_tick,59000000,59.0,1,0,59000000,590,59000000,RUNNING,,0,0,62,1,0,reconstructed_from_retained_wire,True,,,317.7911502330257,301.12448438732315,293.1499990491023,0.5274980000000011,0.65,295000.00000000576,294999.9700366991,0.00014999991971397566,18825.423634720464,-1.7293814380536787e-08,0.00015,301.124,293.15,317.791,0.0,150000,1,590,59000000,59000000,59000000,0,301124,1,590,59000000,59000000,59000000,0,293150,1,590,59000000,59000000,59000000,0,317791,1,590,59000000,59000000,59000000,0,0,1,590,59000000,59000000,59000000,0,1.0,0.527498,0.65,1.0,0.527498,0.65,1.0,0.527498,0.65,590,59300000,False,1.0,5000.0,300.0,500.0,600000000000.0,100000000000.0,,589
1,near_tick_before,thermal_loop,592,controller_tick,59100000,59.1,1,0,59100000,591,59100000,RUNNING,,0,0,62,1,0,reconstructed_from_retained_wire,True,,,317.7911502354871,301.12448438879204,293.14999904994994,0.5274980000000011,0.65,295500.00000000576,295499.9699891754,0.00014999991971397566,18825.423634720464,-1.7213324099429883e-08,0.00015,301.124,293.15,317.791,0.0,150000,1,591,59100000,59100000,59100000,0,301124,1,591,59100000,59100000,59100000,0,293150,1,591,59100000,59100000,59100000,0,317791,1,591,59100000,59100000,59100000,0,0,1,591,59100000,59100000,59100000,0,1.0,0.527498,0.65,1.0,0.527498,0.65,1.0,0.527498,0.65,591,59400000,False,1.0,5000.0,300.0,500.0,600000000000.0,100000000000.0,,590
1,near_tick_before,thermal_loop,593,controller_tick,59200000,59.2,1,0,59200000,592,59200000,RUNNING,,0,0,62,1,0,reconstructed_from_retained_wire,True,,,317.79115023794554,301.1244843902599,293.1499990507973,0.5274980000000011,0.65,296000.00000000576,295999.9699416941,0.00014999991971397566,18825.423634720464,-1.694434104138054e-08,0.00015,301.124,293.15,317.791,0.0,150000,1,592,59200000,59200000,59200000,0,301124,1,592,59200000,59200000,59200000,0,293150,1,592,59200000,59200000,59200000,0,317791,1,592,59200000,59200000,59200000,0,0,1,592,59200000,59200000,59200000,0,1.0,0.527498,0.65,1.0,0.527498,0.65,1.0,0.527498,0.65,592,59500000,False,1.0,5000.0,300.0,500.0,600000000000.0,100000000000.0,,591
1,near_tick_before,thermal_loop,594,controller_tick,59300000,59.3,1,0,59300000,593,59300000,RUNNING,,0,0,62,1,0,reconstructed_from_retained_wire,True,,,317.79115024040095,301.12448439172664,293.1499990516444,0.5274980000000011,0.65,296500.0000000058,296499.96989425516,0.00014999991971397566,18825.423634720464,-1.761191015248187e-08,0.00015,301.124,293.15,317.791,0.0,150000,1,593,59300000,59300000,59300000,0,301124,1,593,59300000,59300000,59300000,0,293150,1,593,59300000,59300000,59300000,0,317791,1,593,59300000,59300000,59300000,0,0,1,593,59300000,59300000,59300000,0,1.0,0.527498,0.65,1.0,0.527498,0.65,1.0,0.527498,0.65,593,59600000,False,1.0,5000.0,300.0,500.0,600000000000.0,100000000000.0,,592
1,near_tick_before,thermal_loop,595,controller_tick,59400000,59.4,1,0,59400000,594,59400000,RUNNING,,0,0,62,1,0,reconstructed_from_retained_wire,True,,,317.7911502428534,301.12448439319223,293.1499990524912,0.5274980000000011,0.65,297000.0000000058,296999.9698468586,0.00014999991971397566,18825.423634720464,-1.847297426138539e-08,0.00015,301.124,293.15,317.791,0.0,150000,1,594,59400000,59400000,59400000,0,301124,1,594,59400000,59400000,59400000,0,293150,1,594,59400000,59400000,59400000,0,317791,1,594,59400000,59400000,59400000,0,0,1,594,59400000,59400000,59400000,0,1.0,0.527498,0.65,1.0,0.527498,0.65,1.0,0.527498,0.65,594,59700000,False,1.0,5000.0,300.0,500.0,600000000000.0,100000000000.0,,593
1,near_tick_before,thermal_loop,596,controller_tick,59500000,59.5,1,0,59500000,595,59500000,RUNNING,,0,0,62,1,0,reconstructed_from_retained_wire,True,,,317.79115024530296,301.1244843946568,293.1499990533377,0.5274980000000011,0.65,297500.0000000058,297499.9697995043,0.00014999991971397566,18825.423634720464,-1.8125092537957244e-08,0.00015,301.124,293.15,317.791,0.0,150000,1,595,59500000,59500000,59500000,0,301124,1,595,59500000,59500000,59500000,0,293150,1,595,59500000,59500000,59500000,0,317791,1,595,59500000,59500000,59500000,0,0,1,595,59500000,59500000,59500000,0,1.0,0.527498,0.65,1.0,0.527498,0.65,1.0,0.527498,0.65,595,59800000,False,1.0,5000.0,300.0,500.0,600000000000.0,100000000000.0,,594
1,near_tick_before,thermal_loop,597,controller_tick,59600000,59.6,1,0,59600000,596,59600000,RUNNING,,0,0,62,1,0,reconstructed_from_retained_wire,True,,,317.79115024774956,301.12448439612024,293.1499990541839,0.5274980000000011,0.65,298000.0000000058,297999.9697521924,0.00014999991971397566,18825.423634720464,-1.8087121134158224e-08,0.00015,301.124,293.15,317.791,0.0,150000,1,596,59600000,59600000,59600000,0,301124,1,596,59600000,59600000,59600000,0,293150,1,596,59600000,59600000,59600000,0,317791,1,596,59600000,59600000,59600000,0,0,1,596,59600000,59600000,59600000,0,1.0,0.527498,0.65,1.0,0.527498,0.65,1.0,0.527498,0.65,596,59900000,False,1.0,5000.0,300.0,500.0,600000000000.0,100000000000.0,,595
1,near_tick_before,thermal_loop,598,controller_tick,59700000,59.7,1,0,59700000,597,59700000,RUNNING,,0,0,62,1,0,reconstructed_from_retained_wire,True,,,317.79115025019314,301.12448439758253,293.14999905502987,0.5274980000000011,0.65,298500.0000000059,298499.96970492275,0.00014999991971397566,18825.423634720464,-1.8985701899509877e-08,0.00015,301.124,293.15,317.791,0.0,150000,1,597,59700000,59700000,59700000,0,301124,1,597,59700000,59700000,59700000,0,293150,1,597,59700000,59700000,59700000,0,317791,1,597,59700000,59700000,59700000,0,0,1,597,59700000,59700000,59700000,0,1.0,0.527498,0.65,1.0,0.527498,0.65,1.0,0.527498,0.65,597,60000000,False,1.0,5000.0,300.0,500.0,600000000000.0,100000000000.0,,596
1,near_tick_before,thermal_loop,599,controller_tick,59800000,59.8,1,0,59800000,598,59800000,RUNNING,,0,0,62,1,0,reconstructed_from_retained_wire,True,,,317.7911502526339,301.1244843990438,293.1499990558755,0.5274980000000011,0.65,299000.0000000059,298999.9696576954,0.00014999991971397566,18825.423634720464,-1.8106902643921785e-08,0.00015,301.124,293.15,317.791,0.0,150000,1,598,59800000,59800000,59800000,0,301124,1,598,59800000,59800000,59800000,0,293150,1,598,59800000,59800000,59800000,0,317791,1,598,59800000,59800000,59800000,0,0,1,598,59800000,59800000,59800000,0,1.0,0.527498,0.65,1.0,0.527498,0.65,1.0,0.527498,0.65,598,60100000,False,1.0,5000.0,300.0,500.0,600000000000.0,100000000000.0,,597
1,near_tick_before,thermal_loop,600,controller_tick,59900000,59.9,1,0,59900000,599,59900000,RUNNING,,0,0,62,1,0,reconstructed_from_retained_wire,True,,,317.79115025507167,301.12448440050395,293.14999905672084,0.5274980000000011,0.65,299500.0000000059,299499.96961051034,0.00014999991971397566,18825.423634720464,-1.825083018047735e-08,0.00015,301.124,293.15,317.791,0.0,150000,1,599,59900000,59900000,59900000,0,301124,1,599,59900000,59900000,59900000,0,293150,1,599,59900000,59900000,59900000,0,317791,1,599,59900000,59900000,59900000,0,0,1,599,59900000,59900000,59900000,0,1.0,0.527498,0.65,1.0,0.527498,0.65,1.0,0.527498,0.65,599,60200000,False,1.0,5000.0,300.0,500.0,600000000000.0,100000000000.0,,598
1,near_tick_before,thermal_loop,601,controller_tick,60000000,60.0,1,0,60000000,600,60000000,RUNNING,,0,0,62,1,0,reconstructed_from_retained_wire,True,,,317.7911502575065,301.12448440196295,293.14999905756594,0.5274980000000011,0.65,300000.00000000594,299999.96956336754,0.00014999991971397566,18825.423634720464,-1.8108266885974444e-08,0.00015,301.124,293.15,317.791,0.0,150000,1,600,60000000,60000000,60000000,0,301124,1,600,60000000,60000000,60000000,0,293150,1,600,60000000,60000000,60000000,0,317791,1,600,60000000,60000000,60000000,0,0,1,600,60000000,60000000,60000000,0,1.0,0.527498,0.65,1.0,0.527498,0.65,1.0,0.527498,0.65,600,60300000,False,1.0,5000.0,300.0,500.0,600000000000.0,100000000000.0,,599
1,near_tick_before,thermal_loop,602,event_boundary,60099000,60.099,1,0,60099000,,60000000,RUNNING,,0,0,62,1,0,reconstructed_from_retained_wire,True,flow_link_fault,before,317.7911502599141,301.12448440340626,293.1499990584023,0.5274980000000011,0.65,300495.00000000594,300494.96951673774,0.00014999991971397566,18825.423634720464,-1.813532435335219e-08,0.00015,301.124,293.15,317.791,0.0,150000,1,600,60000000,60000000,60000000,99000,301124,1,600,60000000,60000000,60000000,99000,293150,1,600,60000000,60000000,60000000,99000,317791,1,600,60000000,60000000,60000000,99000,0,1,600,60000000,60000000,60000000,99000,1.0,0.527498,0.65,1.0,0.527498,0.65,1.0,0.527498,0.65,600,60300000,False,1.0,5000.0,300.0,500.0,600000000000.0,100000000000.0,,600
1,near_tick_before,thermal_loop,603,event_boundary,60099000,60.099,1,0,60099000,,60000000,RUNNING,,0,0,62,1,0,reconstructed_from_retained_wire,True,flow_link_fault,after,317.7911502599141,301.12448440340626,293.1499990584023,0.5274980000000011,0.65,300495.00000000594,300494.96951673774,0.00014999991971397566,18825.423634720464,-1.813532435335219e-08,0.00015,301.124,293.15,317.791,0.0,150000,1,600,60000000,60000000,60000000,99000,301124,1,600,60000000,60000000,60000000,99000,293150,1,600,60000000,60000000,60000000,99000,317791,1,600,60000000,60000000,60000000,99000,0,1,600,60000000,60000000,60000000,99000,1.0,0.527498,0.65,1.0,0.527498,0.65,1.0,0.527498,0.65,600,60300000,False,1.0,5000.0,300.0,500.0,600000000000.0,100000000000.0,,600
1,near_tick_before,thermal_loop,604,controller_tick,60100000,60.1,1,0,60100000,601,60100000,RUNNING,,0,0,62,1,100000,reconstructed_from_retained_wire,True,,,317.79115025993843,301.1244844034208,293.14999905841074,0.5274980000000011,0.65,300500.00000000594,300499.96951626695,0.00014999991971397566,18825.423634720464,-1.776538738340605e-08,0.00015,301.124,293.15,317.791,0.0,150000,1,600,60000000,60000000,60000000,100000,301124,1,601,60100000,60100000,60100000,0,293150,1,601,60100000,60100000,60100000,0,317791,1,601,60100000,60100000,60100000,0,0,1,601,60100000,60100000,60100000,0,1.0,0.527498,0.65,1.0,0.527498,0.65,1.0,0.527498,0.65,601,60400000,False,1.0,5000.0,300.0,500.0,600000000000.0,100000000000.0,,601
1,near_tick_before,thermal_loop,605,controller_tick,60200000,60.2,1,0,60200000,602,60200000,RUNNING,,0,0,62,1,200000,reconstructed_from_retained_wire,True,,,317.7911502623674,301.12448440487765,293.1499990592552,0.5274980000000011,0.65,301000.00000000594,300999.9694692086,0.00014999991971397566,18825.423634720464,-1.7553020370542072e-08,0.00015,301.124,293.15,317.791,0.0,150000,1,600,60000000,60000000,60000000,200000,301124,1,602,60200000,60200000,60200000,0,293150,1,602,60200000,60200000,60200000,0,317791,1,602,60200000,60200000,60200000,0,0,1,602,60200000,60200000,60200000,0,1.0,0.527498,0.65,1.0,0.527498,0.65,1.0,0.527498,0.65,602,60500000,False,1.0,5000.0,300.0,500.0,600000000000.0,100000000000.0,,602
1,near_tick_before,thermal_loop,606,controller_tick,60300000,60.3,1,0,60300000,603,60300000,RUNNING,,0,0,62,1,300000,reconstructed_from_retained_wire,True,,,317.7911502647935,301.1244844063334,293.14999906009933,0.5274980000000011,0.65,301500.00000000594,301499.96942219243,0.00014999991971397566,18825.423634720464,-1.7494357962277718e-08,0.00015,301.124,293.15,317.791,0.0,150000,1,600,60000000,60000000,60000000,300000,301124,1,603,60300000,60300000,60300000,0,293150,1,603,60300000,60300000,60300000,0,317791,1,603,60300000,60300000,60300000,0,0,1,603,60300000,60300000,60300000,0,1.0,0.527498,0.65,1.0,0.527498,0.65,1.0,0.527498,0.65,603,60600000,False,1.0,5000.0,300.0,500.0,600000000000.0,100000000000.0,,603
1,near_tick_before,thermal_loop,607,controller_tick,60400000,60.4,1,0,60400000,604,60400000,TRIPPED,stale_input,0,0,62,3,400000,reconstructed_from_retained_wire,True,,,317.7911502672166,301.124484407788,293.1499990609432,0.5274980000000011,0.65,302000.00000000594,301999.9693752185,0.00014999991971397566,18825.423634720464,-1.8279024516232312e-08,0.00015,301.124,293.15,317.791,0.0,150000,1,600,60000000,60000000,60000000,400000,301124,1,604,60400000,60400000,60400000,0,293150,1,604,60400000,60400000,60400000,0,317791,1,604,60400000,60400000,60400000,0,0,1,604,60400000,60400000,60400000,0,0.0,1.0,1.0,0.0,1.0,1.0,0.0,1.0,1.0,604,60700000,False,1.0,0.0,300.0,500.0,600000000000.0,100000000000.0,,604
1,near_tick_before,thermal_loop,608,controller_tick,60500000,60.5,1,0,60500000,605,60500000,TRIPPED,stale_input,0,0,62,3,500000,reconstructed_from_retained_wire,True,,,317.74122193172093,301.121257276189,293.1520905233156,0.5724625103009668,0.7134442363200045,302000.00000000594,302500.0046121923,0.0001654998037525934,21815.25855314968,-1.8227865439257585e-08,0.00015,301.121,293.152,317.741,0.0,150000,1,600,60000000,60000000,60000000,500000,301121,1,605,60500000,60500000,60500000,0,293152,1,605,60500000,60500000,60500000,0,317741,1,605,60500000,60500000,60500000,0,0,1,605,60500000,60500000,60500000,0,0.0,1.0,1.0,0.0,1.0,1.0,0.0,1.0,1.0,605,60800000,False,1.0,0.0,300.0,500.0,600000000000.0,100000000000.0,,605
1,near_tick_before,thermal_loop,609,controller_tick,60600000,60.6,1,0,60600000,606,60600000,TRIPPED,stale_input,0,0,62,3,600000,reconstructed_from_retained_wire,True,,,317.6914244766158,301.11215380489847,293.15797908156856,0.613148081705179,0.7653879837203953,302000.00000000594,303000.2416627406,0.00017920178505993718,24749.745102406916,-1.83063093572855e-08,0.00015,301.112,293.158,317.691,0.0,150000,1,600,60000000,60000000,60000000,600000,301112,1,606,60600000,60600000,60600000,0,293158,1,606,60600000,60600000,60600000,0,317691,1,606,60600000,60600000,60600000,0,0,1,606,60600000,60600000,60600000,0,0.0,1.0,1.0,0.0,1.0,1.0,0.0,1.0,1.0,606,60900000,False,1.0,0.0,300.0,500.0,600000000000.0,100000000000.0,,606
1,near_tick_before,thermal_loop,610,controller_tick,60700000,60.7,1,0,60700000,607,60700000,TRIPPED,stale_input,0,0,62,3,700000,reconstructed_from_retained_wire,True,,,317.64174109257397,301.0979459597669,293.1671494091769,0.6499619090860903,0.8079159271629623,302000.00000000594,303500.85718025174,0.00019139694344034563,27591.932342960765,-1.697117113508284e-08,0.00015,301.098,293.167,317.642,0.0,150000,1,600,60000000,60000000,60000000,700000,301098,1,607,60700000,60700000,60700000,0,293167,1,607,60700000,60700000,60700000,0,317642,1,607,60700000,60700000,60700000,0,0,1,607,60700000,60700000,60700000,0,0.0,1.0,1.0,0.0,1.0,1.0,0.0,1.0,1.0,607,61000000,False,1.0,0.0,300.0,500.0,600000000000.0,100000000000.0,,607
1,near_tick_before,thermal_loop,611,controller_tick,60800000,60.8,1,0,60800000,608,60800000,TRIPPED,stale_input,0,0,62,3,800000,reconstructed_from_retained_wire,True,,,317.59215717705075,301.07930616189856,293.17915269903386,0.6832724376016377,0.8427348623372249,302000.00000000594,304002.0037908573,0.00020229641850573392,30316.586022509568,-1.6284730008919723e-08,0.00015,301.079,293.179,317.592,0.0,150000,1,600,60000000,60000000,60000000,800000,301079,1,608,60800000,60800000,60800000,0,293179,1,608,60800000,60800000,60800000,0,317592,1,608,60800000,60800000,60800000,0,0,1,608,60800000,60800000,60800000,0,0.0,1.0,1.0,0.0,1.0,1.0,0.0,1.0,1.0,608,61100000,False,1.0,0.0,300.0,500.0,600000000000.0,100000000000.0,,608
1,near_tick_before,thermal_loop,612,controller_tick,60900000,60.9,1,0,60900000,609,60900000,TRIPPED,stale_input,0,0,62,3,900000,reconstructed_from_retained_wire,True,,,317.5426600638403,301.05682828893185,293.19359264354426,0.71341305021722,0.871242195364044,302000.00000000594,304503.81303680333,0.00021206424583763194,32907.32027695033,-1.6147168935276568e-08,0.00015,301.057,293.194,317.543,0.0,150000,1,600,60000000,60000000,60000000,900000,301057,1,609,60900000,60900000,60900000,0,293194,1,609,60900000,60900000,60900000,0,317543,1,609,60900000,60900000,60900000,0,0,1,609,60900000,60900000,60900000,0,0.0,1.0,1.0,0.0,1.0,1.0,0.0,1.0,1.0,609,61200000,False,1.0,0.0,300.0,500.0,600000000000.0,100000000000.0,,609
1,near_tick_before,thermal_loop,613,controller_tick,61000000,61.0,1,0,61000000,610,61000000,TRIPPED,stale_input,0,0,62,3,1000000,reconstructed_from_retained_wire,True,,,317.49323880252865,301.03104044996854,293.2101169027924,0.7406854043144687,0.8945820256095994,302000.00000000594,305006.3977726807,0.00022083396843077007,35354.430171295855,-1.70766725204885e-08,0.00015,301.031,293.21,317.493,0.0,150000,1,600,60000000,60000000,60000000,1000000,301031,1,610,61000000,61000000,61000000,0,293210,1,610,61000000,61000000,61000000,0,317493,1,610,61000000,61000000,61000000,0,0,1,610,61000000,61000000,61000000,0,0.0,1.0,1.0,0.0,1.0,1.0,0.0,1.0,1.0,610,61300000,False,1.0,0.0,300.0,500.0,600000000000.0,100000000000.0,,610
1,near_tick_before,thermal_loop,614,controller_tick,61100000,61.1,1,0,61100000,611,61100000,TRIPPED,stale_input,0,0,62,3,1100000,reconstructed_from_retained_wire,True,,,317.443883970095,301.0024136844904,293.22841129241607,0.765362450779713,0.9136910624099466,302000.00000000594,305509.8542105331,0.0002287177618303082,37653.242275686614,-1.7336788005195558e-08,0.00015,301.002,293.228,317.444,0.0,150000,1,600,60000000,60000000,60000000,1100000,301002,1,611,61100000,61100000,61100000,0,293228,1,611,61100000,61100000,61100000,0,317444,1,611,61100000,61100000,61100000,0,0,1,611,61100000,61100000,61100000,0,0.0,1.0,1.0,0.0,1.0,1.0,0.0,1.0,1.0,611,61400000,False,1.0,0.0,300.0,500.0,600000000000.0,100000000000.0,,611
1,near_tick_before,thermal_loop,615,controller_tick,61200000,61.2,1,0,61200000,612,61200000,TRIPPED,stale_input,0,0,62,3,1200000,reconstructed_from_retained_wire,True,,,317.39458750556685,300.9713684926385,293.24819541885995,0.7876911657881916,0.9293362185055163,302000.00000000594,306014.26371409075,0.00023581184322913178,39802.847103227796,-1.7073489289032295e-08,0.00015,300.971,293.248,317.395,0.0,150000,1,600,60000000,60000000,60000000,1200000,300971,1,612,61200000,61200000,61200000,0,293248,1,612,61200000,61200000,61200000,0,317395,1,612,61200000,61200000,61200000,0,0,1,612,61200000,61200000,61200000,0,0.0,1.0,1.0,0.0,1.0,1.0,0.0,1.0,1.0,612,61500000,False,1.0,0.0,300.0,500.0,600000000000.0,100000000000.0,,612
1,near_tick_before,thermal_loop,616,controller_tick,61300000,61.3,1,0,61300000,613,61300000,TRIPPED,stale_input,0,0,62,3,1300000,reconstructed_from_retained_wire,True,,,317.34534256270695,300.9382801194917,293.26921914652127,0.8078950226246256,0.9421453889420714,302000.00000000594,306519.694397324,0.00024219991047967575,41805.11810361926,-1.6906597011256963e-08,0.00015,300.938,293.269,317.345,0.0,150000,1,600,60000000,60000000,60000000,1300000,300938,1,613,61300000,61300000,61300000,0,293269,1,613,61300000,61300000,61300000,0,317345,1,613,61300000,61300000,61300000,0,0,1,613,61300000,61300000,61300000,0,0.0,1.0,1.0,0.0,1.0,1.0,0.0,1.0,1.0,613,61600000,False,1.0,0.0,300.0,500.0,600000000000.0,100000000000.0,,613
1,near_tick_before,thermal_loop,617,controller_tick,61400000,61.4,1,0,61400000,614,61400000,TRIPPED,stale_input,0,0,62,3,1400000,reconstructed_from_retained_wire,True,,,317.29614337771875,300.90348305861784,293.2912595863787,0.8261762282789634,0.9526326507034795,302000.00000000594,307026.20256029884,0.00024795547214242954,43663.94955117532,-1.7181264411192387e-08,0.00015,300.903,293.291,317.296,0.0,150000,1,600,60000000,60000000,60000000,1400000,300903,1,614,61400000,61400000,61400000,0,293291,1,614,61400000,61400000,61400000,0,317296,1,614,61400000,61400000,61400000,0,0,1,614,61400000,61400000,61400000,0,0.0,1.0,1.0,0.0,1.0,1.0,0.0,1.0,1.0,614,61700000,False,1.0,0.0,300.0,500.0,600000000000.0,100000000000.0,,614
1,near_tick_before,thermal_loop,618,controller_tick,61500000,61.5,1,0,61500000,615,61500000,TRIPPED,stale_input,0,0,62,3,1500000,reconstructed_from_retained_wire,True,,,317.2469851499902,300.8672750180881,293.31411844383376,0.8427177472019,0.9612188944260392,302000.00000000594,307533.8339839276,0.0002531435176496839,45384.6639336822,-1.601438270881772e-08,0.00015,300.867,293.314,317.247,0.0,150000,1,600,60000000,60000000,60000000,1500000,300867,1,615,61500000,61500000,61500000,0,293314,1,615,61500000,61500000,61500000,0,317247,1,615,61500000,61500000,61500000,0,0,1,615,61500000,61500000,61500000,0,0.0,1.0,1.0,0.0,1.0,1.0,0.0,1.0,1.0,615,61800000,False,1.0,0.0,300.0,500.0,600000000000.0,100000000000.0,,615
1,near_tick_before,thermal_loop,619,controller_tick,61600000,61.6,1,0,61600000,616,61600000,TRIPPED,stale_input,0,0,62,3,1600000,reconstructed_from_retained_wire,True,,,317.19786393444247,300.82992048073476,293.33761963781444,0.8576851324745957,0.9682487162174976,302000.00000000594,308042.62509916135,0.0002578217737263682,46973.55184383222,-1.6047124518081546e-08,0.00015,300.83,293.338,317.198,0.0,150000,1,600,60000000,60000000,60000000,1600000,300830,1,616,61600000,61600000,61600000,0,293338,1,616,61600000,61600000,61600000,0,317198,1,616,61600000,61600000,61600000,0,0,1,616,61600000,61600000,61600000,0,0.0,1.0,1.0,0.0,1.0,1.0,0.0,1.0,1.0,616,61900000,False,1.0,0.0,300.0,500.0,600000000000.0,100000000000.0,,616
1,near_tick_before,thermal_loop,620,controller_tick,61700000,61.7,1,0,61700000,617,61700000,TRIPPED,stale_input,0,0,62,3,1700000,reconstructed_from_retained_wire,True,,,317.1487765443556,300.79165393331385,293.36160714129437,0.8712281827195564,0.9740042475087601,302000.00000000594,308552.60404283,0.0002620416881958645,48437.51609546659,-1.6503690858371556e-08,0.00015,300.792,293.362,317.149,0.0,150000,1,600,60000000,60000000,60000000,1700000,300792,1,617,61700000,61700000,61700000,0,293362,1,617,61700000,61700000,61700000,0,317149,1,617,61700000,61700000,61700000,0,0,1,617,61700000,61700000,61700000,0,0.0,1.0,1.0,0.0,1.0,1.0,0.0,1.0,1.0,617,62000000,False,1.0,0.0,300.0,500.0,600000000000.0,100000000000.0,,617
1,near_tick_before,thermal_loop,621,controller_tick,61800000,61.8,1,0,61800000,618,61800000,TRIPPED,stale_input,0,0,62,3,1800000,reconstructed_from_retained_wire,True,,,317.09972046372155,300.75268280962814,293.38594301312804,0.8834824413355965,0.978716477978801,302000.00000000594,309063.79161039006,0.0002658492255269689,49783.79812951491,-1.52222128235735e-08,0.00015,300.753,293.386,317.1,0.0,150000,1,600,60000000,60000000,60000000,1800000,300753,1,618,61800000,61800000,61800000,0,293386,1,618,61800000,61800000,61800000,0,317100,1,618,61800000,61800000,61800000,0,0,1,618,61800000,61800000,61800000,0,0.0,1.0,1.0,0.0,1.0,1.0,0.0,1.0,1.0,618,62100000,False,1.0,0.0,300.0,500.0,600000000000.0,100000000000.0,,618
1,near_tick_before,thermal_loop,622,controller_tick,61900000,61.9,1,0,61900000,619,61900000,TRIPPED,stale_input,0,0,62,3,1900000,reconstructed_from_retained_wire,True,,,317.05069376828425,300.7131901772983,293.4105056013594,0.8945705530617318,0.9825745259815067,302000.00000000594,309576.2021146198,0.0002692855265669704,51019.76951313707,-1.4979377738200128e-08,0.00015,300.713,293.411,317.051,0.0,150000,1,600,60000000,60000000,60000000,1900000,300713,1,619,61900000,61900000,61900000,0,293411,1,619,61900000,61900000,61900000,0,317051,1,619,61900000,61900000,61900000,0,0,1,619,61900000,61900000,61900000,0,0.0,1.0,1.0,0.0,1.0,1.0,0.0,1.0,1.0,619,62200000,False,1.0,0.0,300.0,500.0,600000000000.0,100000000000.0,,619
1,near_tick_before,thermal_loop,623,controller_tick,62000000,62.0,1,0,62000000,620,62000000,TRIPPED,stale_input,0,0,62,3,2000000,reconstructed_from_retained_wire,True,,,317.00169505450936,300.6733371899323,293.4351879034559,0.9046034914469496,0.9857332285292295,302000.00000000594,310089.8441584572,0.00027238746632801995,52152.77494876187,-1.5783371054567397e-08,0.00015,300.673,293.435,317.002,0.0,150000,1,600,60000000,60000000,60000000,2000000,300673,1,620,62000000,62000000,62000000,0,293435,1,620,62000000,62000000,62000000,0,317002,1,620,62000000,62000000,62000000,0,0,1,620,62000000,62000000,62000000,0,0.0,1.0,1.0,0.0,1.0,1.0,0.0,1.0,1.0,620,62300000,False,1.0,0.0,300.0,500.0,600000000000.0,100000000000.0,,620
1,near_tick_before,thermal_loop,624,controller_tick,62100000,62.1,1,0,62100000,621,62100000,TRIPPED,stale_input,0,0,62,3,2100000,reconstructed_from_retained_wire,True,,,316.9527233757824,300.63326532238653,293.45989607162886,0.9136816695107867,0.9883193554457403,302000.00000000594,310604.7213295218,0.00027518813252573506,53190.01600680123,-1.4588295016437769e-08,0.00015,300.633,293.46,316.953,0.0,150000,1,600,60000000,60000000,60000000,2100000,300633,1,621,62100000,62100000,62100000,0,293460,1,621,62100000,62100000,62100000,0,316953,1,621,62100000,62100000,62100000,0,0,1,621,62100000,62100000,62100000,0,0.0,1.0,1.0,0.0,1.0,1.0,0.0,1.0,1.0,621,62400000,False,1.0,0.0,300.0,500.0,600000000000.0,100000000000.0,,621
1,near_tick_before,thermal_loop,625,controller_tick,62200000,62.2,1,0,62200000,622,62200000,TRIPPED,stale_input,0,0,62,3,2200000,reconstructed_from_retained_wire,True,,,316.90377818518834,300.59309840472645,293.4845480527923,0.9218959447105779,0.9904366970843583,302000.00000000594,311120.8328233107,0.0002777172406506386,54138.466985539,-1.480293576605618e-08,0.00015,300.593,293.485,316.904,0.0,150000,1,600,60000000,60000000,60000000,2200000,300593,1,622,62200000,62200000,62200000,0,293485,1,622,62200000,62200000,62200000,0,316904,1,622,62200000,62200000,62200000,0,0,1,622,62200000,62200000,62200000,0,0.0,1.0,1.0,0.0,1.0,1.0,0.0,1.0,1.0,622,62500000,False,1.0,0.0,300.0,500.0,600000000000.0,100000000000.0,,622
1,near_tick_before,thermal_loop,626,controller_tick,62300000,62.3,1,0,62300000,623,62300000,TRIPPED,stale_input,0,0,62,3,2300000,reconstructed_from_retained_wire,True,,,316.8548592842725,300.5529444693752,293.50907235346614,0.9293285282734285,0.9921702297992474,302000.00000000594,311638.17400155496,0.0002800014969421354,55004.81603035101,-1.598345988895744e-08,0.00015,300.553,293.509,316.855,0.0,150000,1,600,60000000,60000000,60000000,2300000,300553,1,623,62300000,62300000,62300000,0,293509,1,623,62300000,62300000,62300000,0,316855,1,623,62300000,62300000,62300000,0,0,1,623,62300000,62300000,62300000,0,0.0,1.0,1.0,0.0,1.0,1.0,0.0,1.0,1.0,623,62600000,False,1.0,0.0,300.0,500.0,600000000000.0,100000000000.0,,623
1,near_tick_before,thermal_loop,627,controller_tick,62400000,62.4,1,0,62400000,624,62400000,TRIPPED,stale_input,0,0,62,3,2400000,reconstructed_from_retained_wire,True,,,316.8059667772248,300.5128974252438,293.53340692038944,0.9360538079938059,0.9935895263448695,302000.00000000594,312156.73689175217,0.00028206491774135476,55795.42601779559,-1.5801560948602855e-08,0.00015,300.513,293.533,316.806,0.0,150000,1,600,60000000,60000000,60000000,2400000,300513,1,624,62400000,62400000,62400000,0,293533,1,624,62400000,62400000,62400000,0,316806,1,624,62400000,62400000,62400000,0,0,1,624,62400000,62400000,62400000,0,0.0,1.0,1.0,0.0,1.0,1.0,0.0,1.0,1.0,624,62700000,False,1.0,0.0,300.0,500.0,600000000000.0,100000000000.0,,624
1,near_tick_before,thermal_loop,628,controller_tick,62500000,62.5,1,0,62500000,625,62500000,TRIPPED,stale_input,0,0,62,3,2500000,reconstructed_from_retained_wire,True,,,316.75710102997357,300.473038572096,293.55749812797666,0.9421390927315898,0.994751548074898,302000.00000000594,312676.5106334364,0.0002839291117458919,56516.310806585854,-1.5674231690354645e-08,0.00015,300.473,293.557,316.757,0.0,150000,1,600,60000000,60000000,60000000,2500000,300473,1,625,62500000,62500000,62500000,0,293557,1,625,62500000,62500000,62500000,0,316757,1,625,62500000,62500000,62500000,0,0,1,625,62500000,62500000,62500000,0,0.0,1.0,1.0,0.0,1.0,1.0,0.0,1.0,1.0,625,62800000,False,1.0,0.0,300.0,500.0,600000000000.0,100000000000.0,,625
1,near_tick_before,thermal_loop,629,controller_tick,62600000,62.6,1,0,62600000,626,62600000,TRIPPED,stale_input,0,0,62,3,2600000,reconstructed_from_retained_wire,True,,,316.7082626337151,300.4334379678779,293.5812998640987,0.9476452860617651,0.9957029310013377,302000.00000000594,313197.48187631415,0.00028561353033140774,57173.123336160475,-1.5552359400317073e-08,0.00015,300.433,293.581,316.708,0.0,150000,1,600,60000000,60000000,60000000,2600000,300433,1,626,62600000,62600000,62600000,0,293581,1,626,62600000,62600000,62600000,0,316708,1,626,62600000,62600000,62600000,0,0,1,626,62600000,62600000,62600000,0,0.0,1.0,1.0,0.0,1.0,1.0,0.0,1.0,1.0,626,62900000,False,1.0,0.0,300.0,500.0,600000000000.0,100000000000.0,,626
1,near_tick_before,thermal_loop,630,controller_tick,62700000,62.7,1,0,62700000,627,62700000,TRIPPED,stale_input,0,0,62,3,2700000,reconstructed_from_retained_wire,True,,,316.6594523724428,300.3941556611863,293.6047727060446,0.9526274958178708,0.9964818574614317,302000.00000000594,313719.635134977,0.0002871356901319622,57771.152759799465,-1.5850673662498593e-08,0.00015,300.394,293.605,316.659,0.0,150000,1,600,60000000,60000000,60000000,2700000,300394,1,627,62700000,62700000,62700000,0,293605,1,627,62700000,62700000,62700000,0,316659,1,627,62700000,62700000,62700000,0,0,1,627,62700000,62700000,62700000,0,0.0,1.0,1.0,0.0,1.0,1.0,0.0,1.0,1.0,627,63000000,False,1.0,0.0,300.0,500.0,600000000000.0,100000000000.0,,627
1,near_tick_before,thermal_loop,631,controller_tick,62800000,62.8,1,0,62800000,628,62800000,TRIPPED,stale_input,0,0,62,3,2800000,reconstructed_from_retained_wire,True,,,316.6106711940782,300.35524280044024,293.62788317892785,0.95713558562972,0.9971195885089151,302000.00000000594,314242.95310450444,0.0002885113713522899,58315.32836804315,-1.5919795259833336e-08,0.00015,300.355,293.628,316.611,0.0,150000,1,600,60000000,60000000,60000000,2800000,300355,1,628,62800000,62800000,62800000,0,293628,1,628,62800000,62800000,62800000,0,316611,1,628,62800000,62800000,62800000,0,0,1,628,62800000,62800000,62800000,0,0.0,1.0,1.0,0.0,1.0,1.0,0.0,1.0,1.0,628,63100000,False,1.0,0.0,300.0,500.0,600000000000.0,100000000000.0,,628
1,near_tick_before,thermal_loop,632,controller_tick,62900000,62.9,1,0,62900000,629,62900000,TRIPPED,stale_input,0,0,62,3,2900000,reconstructed_from_retained_wire,True,,,316.5619201848399,300.31674263066753,293.65060308923825,0.9612146739753669,0.9976417185298625,302000.00000000594,314767.41694089567,0.0002897547947385421,58810.22851696721,-1.4955730875954032e-08,0.00015,300.317,293.651,316.562,0.0,150000,1,600,60000000,60000000,60000000,2900000,300317,1,629,62900000,62900000,62900000,0,293651,1,629,62900000,62900000,62900000,0,316562,1,629,62900000,62900000,62900000,0,0,1,629,62900000,62900000,62900000,0,0.0,1.0,1.0,0.0,1.0,1.0,0.0,1.0,1.0,629,63200000,False,1.0,0.0,300.0,500.0,600000000000.0,100000000000.0,,629
1,near_tick_before,thermal_loop,633,controller_tick,63000000,63.0,1,0,63000000,630,63000000,TRIPPED,stale_input,0,0,62,3,3000000,reconstructed_from_retained_wire,True,,,316.5132005465193,300.27869138813054,293.6729089267022,0.9649055857419998,0.9980692024352656,302000.00000000594,315293.0065099138,0.0002908787797064124,59260.09314621454,-1.461012288928032e-08,0.00015,300.279,293.673,316.513,0.0,150000,1,600,60000000,60000000,60000000,3000000,300279,1,630,63000000,63000000,63000000,0,293673,1,630,63000000,63000000,63000000,0,316513,1,630,63000000,63000000,63000000,0,0,1,630,63000000,63000000,63000000,0,0.0,1.0,1.0,0.0,1.0,1.0,0.0,1.0,1.0,630,63300000,False,1.0,0.0,300.0,500.0,600000000000.0,100000000000.0,,630
1,near_tick_before,thermal_loop,634,controller_tick,63100000,63.1,1,0,63100000,631,63100000,TRIPPED,stale_input,0,0,62,3,3100000,reconstructed_from_retained_wire,True,,,316.4645135763634,300.2411191023143,293.69478132808166,0.9682452608151342,0.9984191966551876,302000.00000000594,315819.7006075972,0.00029189488578259,59668.83877068421,-1.482476363889873e-08,0.00015,300.241,293.695,316.465,0.0,150000,1,600,60000000,60000000,60000000,3100000,300241,1,631,63100000,63100000,63100000,0,293695,1,631,63100000,63100000,63100000,0,316465,1,631,63100000,63100000,63100000,0,0,1,631,63100000,63100000,63100000,0,0.0,1.0,1.0,0.0,1.0,1.0,0.0,1.0,1.0,631,63400000,False,1.0,0.0,300.0,500.0,600000000000.0,100000000000.0,,631
1,near_tick_before,thermal_loop,635,controller_tick,63200000,63.2,1,0,63200000,632,63200000,TRIPPED,stale_input,0,0,62,3,3200000,reconstructed_from_retained_wire,True,,,316.4158606492928,300.2040503140951,293.71620459701546,0.9712671237854024,0.9987057476865386,302000.00000000594,316347.4771553856,0.0002928135392343246,60040.07507106427,-1.471926225349307e-08,0.00015,300.204,293.716,316.416,0.0,150000,1,600,60000000,60000000,60000000,3200000,300204,1,632,63200000,63200000,63200000,0,293716,1,632,63200000,63200000,63200000,0,316416,1,632,63200000,63200000,63200000,0,0,1,632,63200000,63200000,63200000,0,0.0,1.0,1.0,0.0,1.0,1.0,0.0,1.0,1.0,632,63500000,False,1.0,0.0,300.0,500.0,600000000000.0,100000000000.0,,632
1,near_tick_before,thermal_loop,636,controller_tick,63300000,63.3,1,0,63300000,633,63300000,TRIPPED,stale_input,0,0,62,3,3300000,reconstructed_from_retained_wire,True,,,316.36724320220833,300.1675047182157,293.7371662744682,0.9740014184730913,0.9989403558283158,302000.00000000594,316876.3133725248,0.00029364414652717063,60377.122402891204,-1.4901161193847656e-08,0.00015,300.168,293.737,316.367,0.0,150000,1,600,60000000,60000000,60000000,3300000,300168,1,633,63300000,63300000,63300000,0,293737,1,633,63300000,63300000,63300000,0,316367,1,633,63300000,63300000,63300000,0,0,1,633,63300000,63300000,63300000,0,0.0,1.0,1.0,0.0,1.0,1.0,0.0,1.0,1.0,633,63600000,False,1.0,0.0,300.0,500.0,600000000000.0,100000000000.0,,633
1,near_tick_before,thermal_loop,637,controller_tick,63400000,63.4,1,0,63400000,634,63400000,TRIPPED,stale_input,0,0,62,3,3400000,reconstructed_from_retained_wire,True,,,316.3186627201653,300.1314977375216,293.75765675480335,0.9764755106184609,0.9991324367289807,302000.00000000594,317406.18592815474,0.0002943951960521302,60683.029700329535,-1.5086698113009334e-08,0.00015,300.131,293.758,316.319,0.0,150000,1,600,60000000,60000000,60000000,3400000,300131,1,634,63400000,63400000,63400000,0,293758,1,634,63400000,63400000,63400000,0,316319,1,634,63400000,63400000,63400000,0,0,1,634,63400000,63400000,63400000,0,0.0,1.0,1.0,0.0,1.0,1.0,0.0,1.0,1.0,634,63700000,False,1.0,0.0,300.0,500.0,600000000000.0,100000000000.0,,634
1,near_tick_before,thermal_loop,638,controller_tick,63500000,63.5,1,0,63500000,635,63500000,TRIPPED,stale_input,0,0,62,3,3500000,reconstructed_from_retained_wire,True,,,316.27012072421604,300.09604103577254,293.77766894292336,0.9787141617672711,0.9992896992694916,302000.00000000594,317937.0710752456,0.0002950743493930062,60960.592376498855,-1.4329998521134257e-08,0.00015,300.096,293.778,316.27,0.0,150000,1,600,60000000,60000000,60000000,3500000,300096,1,635,63500000,63500000,63500000,0,293778,1,635,63500000,63500000,63500000,0,316270,1,635,63500000,63500000,63500000,0,0,1,635,63500000,63500000,63500000,0,0.0,1.0,1.0,0.0,1.0,1.0,0.0,1.0,1.0,635,63800000,False,1.0,0.0,300.0,500.0,600000000000.0,100000000000.0,,635
1,near_tick_before,thermal_loop,639,controller_tick,63600000,63.6,1,0,63600000,636,63600000,TRIPPED,stale_input,0,0,62,3,3600000,reconstructed_from_retained_wire,True,,,316.2216187607402,300.06114297523504,293.79719794832744,0.9807397770926537,0.999418454947763,302000.00000000594,318468.94476833055,0.00029568852325743446,61212.36992270987,-1.3878889149054885e-08,0.00015,300.061,293.797,316.222,0.0,150000,1,600,60000000,60000000,60000000,3600000,300061,1,636,63600000,63600000,63600000,0,293797,1,636,63600000,63600000,63600000,0,316222,1,636,63600000,63600000,63600000,0,0,1,636,63600000,63600000,63600000,0,0.0,1.0,1.0,0.0,1.0,1.0,0.0,1.0,1.0,636,63900000,False,1.0,0.0,300.0,500.0,600000000000.0,100000000000.0,,636
1,near_tick_before,thermal_loop,640,controller_tick,63700000,63.7,1,0,63700000,637,63700000,TRIPPED,stale_input,0,0,62,3,3700000,reconstructed_from_retained_wire,True,,,316.1731583921026,300.0268090246937,293.8162408123184,0.9825726296336162,0.9995238711812372,302000.00000000594,319001.782766785,0.0002962439630668245,61440.70298909673,-1.4199031284078956e-08,0.00015,300.027,293.816,316.173,0.0,150000,1,600,60000000,60000000,60000000,3700000,300027,1,637,63700000,63700000,63700000,0,293816,1,637,63700000,63700000,63700000,0,316173,1,637,63700000,63700000,63700000,0,0,1,637,63700000,63700000,63700000,0,0.0,1.0,1.0,0.0,1.0,1.0,0.0,1.0,1.0,637,64000000,False,1.0,0.0,300.0,500.0,600000000000.0,100000000000.0,,637
1,near_tick_before,thermal_loop,641,controller_tick,63800000,63.8,1,0,63800000,638,63800000,TRIPPED,stale_input,0,0,62,3,3800000,reconstructed_from_retained_wire,True,,,316.124741188493,299.9930421229884,293.8347962649431,0.9842310631944299,0.9996101786934894,302000.00000000594,319535.5607252232,0.00029674630908825577,61647.72979268274,-1.4857505448162556e-08,0.00015,299.993,293.835,316.125,0.0,150000,1,600,60000000,60000000,60000000,3800000,299993,1,638,63800000,63800000,63800000,0,293835,1,638,63800000,63800000,63800000,0,316125,1,638,63800000,63800000,63800000,0,0,1,638,63800000,63800000,63800000,0,0.0,1.0,1.0,0.0,1.0,1.0,0.0,1.0,1.0,638,64100000,False,1.0,0.0,300.0,500.0,600000000000.0,100000000000.0,,638
1,near_tick_before,thermal_loop,642,controller_tick,63900000,63.9,1,0,63900000,639,63900000,TRIPPED,stale_input,0,0,62,3,3900000,reconstructed_from_retained_wire,True,,,316.0763687208187,299.9598430026951,293.8528645085794,0.9857316759355885,0.9996808413080196,302000.00000000594,320070.2542724199,0.00029720065589287947,61835.40174901532,-1.4104443835094571e-08,0.00015,299.96,293.853,316.076,0.0,150000,1,600,60000000,60000000,60000000,3900000,299960,1,639,63900000,63900000,63900000,0,293853,1,639,63900000,63900000,63900000,0,316076,1,639,63900000,63900000,63900000,0,0,1,639,63900000,63900000,63900000,0,0.0,1.0,1.0,0.0,1.0,1.0,0.0,1.0,1.0,639,64200000,False,1.0,0.0,300.0,500.0,600000000000.0,100000000000.0,,639
1,near_tick_before,thermal_loop,643,controller_tick,64000000,64.0,1,0,64000000,640,64000000,TRIPPED,stale_input,0,0,62,3,4000000,reconstructed_from_retained_wire,True,,,316.02804255453356,299.92721047811585,293.8704470253844,0.9870894864937777,0.9997386949636513,302000.00000000594,320605.8390800193,0.0002976116058386546,62005.49826270989,-1.3878889149054885e-08,0.00015,299.927,293.87,316.028,0.0,150000,1,600,60000000,60000000,60000000,4000000,299927,1,640,64000000,64000000,64000000,0,293870,1,640,64000000,64000000,64000000,0,316028,1,640,64000000,64000000,64000000,0,0,1,640,64000000,64000000,64000000,0,0.0,1.0,1.0,0.0,1.0,1.0,0.0,1.0,1.0,640,64300000,False,1.0,0.0,300.0,500.0,600000000000.0,100000000000.0,,640
1,near_tick_before,thermal_loop,644,controller_tick,64100000,64.1,1,0,64100000,641,64100000,TRIPPED,stale_input,0,0,62,3,4100000,reconstructed_from_retained_wire,True,,,315.9797642442992,299.8951417013334,293.8875464060945,0.9883180842934381,0.9997860615307144,302000.00000000594,321142.29092215974,0.0002979833171987281,62159.64064264203,-1.4111719792708755e-08,0.00015,299.895,293.888,315.98,0.0,150000,1,600,60000000,60000000,60000000,4100000,299895,1,641,64100000,64100000,64100000,0,293888,1,641,64100000,64100000,64100000,0,315980,1,641,64100000,64100000,64100000,0,0,1,641,64100000,64100000,64100000,0,0.0,1.0,1.0,0.0,1.0,1.0,0.0,1.0,1.0,641,64400000,False,1.0,0.0,300.0,500.0,600000000000.0,100000000000.0,,641
1,near_tick_before,thermal_loop,645,controller_tick,64200000,64.2,1,0,64200000,642,64200000,TRIPPED,stale_input,0,0,62,3,4200000,reconstructed_from_retained_wire,True,,,315.93153532938595,299.8636323897051,293.904166197919,0.9894297655542937,0.9998248419958525,302000.00000000594,321679.5857270251,0.000298319547489144,62299.30513083141,-1.4268152881413698e-08,0.00015,299.864,293.904,315.932,0.0,150000,1,600,60000000,60000000,60000000,4200000,299864,1,642,64200000,64200000,64200000,0,293904,1,642,64200000,64200000,64200000,0,315932,1,642,64200000,64200000,64200000,0,0,1,642,64200000,64200000,64200000,0,0.0,1.0,1.0,0.0,1.0,1.0,0.0,1.0,1.0,642,64500000,False,1.0,0.0,300.0,500.0,600000000000.0,100000000000.0,,642
1,near_tick_before,thermal_loop,646,controller_tick,64300000,64.3,1,0,64300000,643,64300000,TRIPPED,stale_input,0,0,62,3,4300000,reconstructed_from_retained_wire,True,,,315.88335732972985,299.8326770278325,293.92031076949917,0.9904356563560512,0.9998565927552931,302000.00000000594,322217.6996212252,0.0002986236924897169,62425.835051666996,-1.4664692571386695e-08,0.00015,299.833,293.92,315.883,0.0,150000,1,600,60000000,60000000,60000000,4300000,299833,1,643,64300000,64300000,64300000,0,293920,1,643,64300000,64300000,64300000,0,315883,1,643,64300000,64300000,64300000,0,0,1,643,64300000,64300000,64300000,0,0.0,1.0,1.0,0.0,1.0,1.0,0.0,1.0,1.0,643,64600000,False,1.0,0.0,300.0,500.0,600000000000.0,100000000000.0,,643
1,near_tick_before,thermal_loop,647,controller_tick,64400000,64.4,1,0,64400000,644,64400000,TRIPPED,stale_input,0,0,62,3,4400000,reconstructed_from_retained_wire,True,,,315.8352317425717,299.80226904672816,293.93598519111214,0.9913458239919449,0.9998825880784917,302000.00000000594,322756.60896781215,0.00029889882139888074,62540.45210117082,-1.503576640971005e-08,0.00015,299.802,293.936,315.835,0.0,150000,1,600,60000000,60000000,60000000,4400000,299802,1,644,64400000,64400000,64400000,0,293936,1,644,64400000,64400000,64400000,0,315835,1,644,64400000,64400000,64400000,0,0,1,644,64400000,64400000,64400000,0,0.0,1.0,1.0,0.0,1.0,1.0,0.0,1.0,1.0,644,64700000,False,1.0,0.0,300.0,500.0,600000000000.0,100000000000.0,,644
1,near_tick_before,thermal_loop,648,controller_tick,64500000,64.5,1,0,64500000,645,64500000,TRIPPED,stale_input,0,0,62,3,4500000,reconstructed_from_retained_wire,True,,,315.7871600396117,299.7724009826236,293.95119512848623,0.9921693777255918,0.9999038712490399,302000.00000000594,323296.29039865447,0.0002991477085162958,62644.26680541853,-1.557054929435253e-08,0.00015,299.772,293.951,315.787,0.0,150000,1,600,60000000,60000000,60000000,4500000,299772,1,645,64500000,64500000,64500000,0,293951,1,645,64500000,64500000,64500000,0,315787,1,645,64500000,64500000,64500000,0,0,1,645,64500000,64500000,64500000,0,0.0,1.0,1.0,0.0,1.0,1.0,0.0,1.0,1.0,645,64800000,False,1.0,0.0,300.0,500.0,600000000000.0,100000000000.0,,645
1,near_tick_before,thermal_loop,649,controller_tick,64600000,64.6,1,0,64600000,646,64600000,TRIPPED,stale_input,0,0,62,3,4600000,reconstructed_from_retained_wire,True,,,315.7391436646208,299.74306461760597,293.96594674876536,0.9929145599595632,0.9999212964352983,302000.00000000594,323836.72084181075,0.0002993728618052494,62738.28818378333,-1.5195837477222085e-08,0.00015,299.743,293.966,315.739,0.0,150000,1,600,60000000,60000000,60000000,4600000,299743,1,646,64600000,64600000,64600000,0,293966,1,646,64600000,64600000,64600000,0,315739,1,646,64600000,64600000,64600000,0,0,1,646,64600000,64600000,64600000,0,0.0,1.0,1.0,0.0,1.0,1.0,0.0,1.0,1.0,646,64900000,False,1.0,0.0,300.0,500.0,600000000000.0,100000000000.0,,646
1,near_tick_before,thermal_loop,650,controller_tick,64700000,64.7,1,0,64700000,647,64700000,TRIPPED,stale_input,0,0,62,3,4700000,reconstructed_from_retained_wire,True,,,315.6911840314555,299.7142511040435,293.98024663731144,0.9935888287281204,0.9999355629711725,302000.00000000594,324377.87754447776,0.00029957654864979424,62823.4326569628,-1.5555997379124165e-08,0.00015,299.714,293.98,315.691,0.0,150000,1,600,60000000,60000000,60000000,4700000,299714,1,647,64700000,64700000,64700000,0,293980,1,647,64700000,64700000,64700000,0,315691,1,647,64700000,64700000,64700000,0,0,1,647,64700000,64700000,64700000,0,0.0,1.0,1.0,0.0,1.0,1.0,0.0,1.0,1.0,647,65000000,False,1.0,0.0,300.0,500.0,600000000000.0,100000000000.0,,647
1,near_tick_before,thermal_loop,651,controller_tick,64800000,64.8,1,0,64800000,648,64800000,TRIPPED,stale_input,0,0,62,3,4800000,reconstructed_from_retained_wire,True,,,315.6432825224293,299.68595107455354,293.99410172417356,0.9941989323397278,0.9999472434228378,302000.00000000594,324919.73809202545,0.0002997608190885822,62900.53224228237,-1.5457771951332688e-08,0.00015,299.686,293.994,315.643,0.0,150000,1,600,60000000,60000000,60000000,4800000,299686,1,648,64800000,64800000,64800000,0,293994,1,648,64800000,64800000,64800000,0,315643,1,648,64800000,64800000,64800000,0,0,1,648,64800000,64800000,64800000,0,0.0,1.0,1.0,0.0,1.0,1.0,0.0,1.0,1.0,648,65100000,False,1.0,0.0,300.0,500.0,600000000000.0,100000000000.0,,648
1,near_tick_before,thermal_loop,652,controller_tick,64900000,64.9,1,0,64900000,649,64900000,TRIPPED,stale_input,0,0,62,3,4900000,reconstructed_from_retained_wire,True,,,315.59544048699877,299.6581547390815,294.0075192191738,0.9947509769163925,0.9999568065678304,302000.00000000594,325462.2804235742,0.00029992752677799234,62970.3420799464,-1.5115801943466067e-08,0.00015,299.658,294.008,315.595,0.0,150000,1,600,60000000,60000000,60000000,4900000,299658,1,649,64900000,64900000,64900000,0,294008,1,649,64900000,64900000,64900000,0,315595,1,649,64900000,64900000,64900000,0,0,1,649,64900000,64900000,64900000,0,0.0,1.0,1.0,0.0,1.0,1.0,0.0,1.0,1.0,649,65200000,False,1.0,0.0,300.0,500.0,600000000000.0,100000000000.0,,649
1,near_tick_before,thermal_loop,653,controller_tick,65000000,65.0,1,0,65000000,650,65000000,TRIPPED,stale_input,0,0,62,3,5000000,reconstructed_from_retained_wire,True,,,315.54765924072706,299.63085197049384,294.02050655467315,0.9952504875057857,0.9999646362087354,302000.00000000594,326005.4828445225,0.00030007834791100405,63033.54733405137,-1.4893885236233473e-08,0.00015,299.631,294.021,315.548,0.0,150000,1,600,60000000,60000000,60000000,5000000,299631,1,650,65000000,65000000,65000000,0,294021,1,650,65000000,65000000,65000000,0,315548,1,650,65000000,65000000,65000000,0,0,1,650,65000000,65000000,65000000,0,0.0,1.0,1.0,0.0,1.0,1.0,0.0,1.0,1.0,650,65300000,False,1.0,0.0,300.0,500.0,600000000000.0,100000000000.0,,650
1,near_tick_before,thermal_loop,654,event_boundary,65099000,65.099,1,0,65099000,,65000000,TRIPPED,stale_input,0,0,62,3,5000000,reconstructed_from_retained_wire,True,flow_link_fault,before,315.500416944887,299.60429821873356,294.0329477537183,0.99569816369167,0.9999709886117405,302000.00000000594,326543.8825316136,0.00030021350031210714,63090.22501003734,-1.4253600966185331e-08,0.00015,299.631,294.021,315.548,0.0,150000,1,600,60000000,60000000,60000000,5099000,299631,1,650,65000000,65000000,65000000,99000,294021,1,650,65000000,65000000,65000000,99000,315548,1,650,65000000,65000000,65000000,99000,0,1,650,65000000,65000000,65000000,99000,0.0,1.0,1.0,0.0,1.0,1.0,0.0,1.0,1.0,650,65300000,False,1.0,0.0,300.0,500.0,600000000000.0,100000000000.0,,651
1,near_tick_before,thermal_loop,655,event_boundary,65099000,65.099,1,0,65099000,,65000000,TRIPPED,stale_input,0,0,62,3,5000000,reconstructed_from_retained_wire,True,flow_link_fault,after,315.500416944887,299.60429821873356,294.0329477537183,0.99569816369167,0.9999709886117405,302000.00000000594,326543.8825316136,0.00030021350031210714,63090.22501003734,-1.4253600966185331e-08,0.00015,299.631,294.021,315.548,0.0,150000,1,600,60000000,60000000,60000000,5099000,299631,1,650,65000000,65000000,65000000,99000,294021,1,650,65000000,65000000,65000000,99000,315548,1,650,65000000,65000000,65000000,99000,0,1,650,65000000,65000000,65000000,99000,0.0,1.0,1.0,0.0,1.0,1.0,0.0,1.0,1.0,650,65300000,False,1.0,0.0,300.0,500.0,600000000000.0,100000000000.0,,651
1,near_tick_before,thermal_loop,656,controller_tick,65100000,65.1,1,0,65100000,651,65100000,TRIPPED,stale_input,0,0,62,1,0,reconstructed_from_retained_wire,True,,,315.4999400644907,299.6040323799376,294.03307133517944,0.9957024633777769,0.9999710465765329,302000.00000000594,326549.32403638755,0.0003002147982949463,63090.769511547194,-1.4289980754256248e-08,0.000300215,299.604,294.033,315.5,0.0,300215,1,651,65100000,65100000,65100000,0,299604,1,651,65100000,65100000,65100000,0,294033,1,651,65100000,65100000,65100000,0,315500,1,651,65100000,65100000,65100000,0,0,1,651,65100000,65100000,65100000,0,0.0,1.0,1.0,0.0,1.0,1.0,0.0,1.0,1.0,651,65400000,False,1.0,0.0,300.0,500.0,600000000000.0,100000000000.0,,652
1,near_tick_before,thermal_loop,657,controller_tick,65200000,65.2,1,0,65200000,652,65200000,TRIPPED,stale_input,0,0,62,1,0,reconstructed_from_retained_wire,True,,,315.4522842039011,299.57768538308744,294.04522129304786,0.9961114280588066,0.9999762949417895,302000.00000000594,327093.7830642807,0.0003003382487704544,63142.57224113417,-1.4701072359457612e-08,0.000300338,299.578,294.045,315.452,0.0,300338,1,652,65200000,65200000,65200000,0,299578,1,652,65200000,65200000,65200000,0,294045,1,652,65200000,65200000,65200000,0,315452,1,652,65200000,65200000,65200000,0,0,1,652,65200000,65200000,65200000,0,0.0,1.0,1.0,0.0,1.0,1.0,0.0,1.0,1.0,652,65500000,False,1.0,0.0,300.0,500.0,600000000000.0,100000000000.0,,653
1,near_tick_before,thermal_loop,658,controller_tick,65300000,65.3,1,0,65300000,653,65300000,TRIPPED,stale_input,0,0,62,1,0,reconstructed_from_retained_wire,True,,,315.40469286891386,299.5518002582793,294.05696424960627,0.9964814746048597,0.9999805919398305,302000.00000000594,327638.8393823069,0.0003004499391353881,63189.46655248419,-1.4839315554127097e-08,0.00030045,299.552,294.057,315.405,0.0,300450,1,653,65300000,65300000,65300000,0,299552,1,653,65300000,65300000,65300000,0,294057,1,653,65300000,65300000,65300000,0,315405,1,653,65300000,65300000,65300000,0,0,1,653,65300000,65300000,65300000,0,0.0,1.0,1.0,0.0,1.0,1.0,0.0,1.0,1.0,653,65600000,False,1.0,0.0,300.0,500.0,600000000000.0,100000000000.0,,654
1,near_tick_before,thermal_loop,659,controller_tick,65400000,65.4,1,0,65400000,654,65400000,TRIPPED,stale_input,0,0,62,1,0,reconstructed_from_retained_wire,True,,,315.3571672336018,299.52636619742424,294.0683080811081,0.9968163065661458,0.9999841100242741,302000.00000000594,328184.4728371433,0.00030055099072085986,63231.9156943011,-1.4199031284078956e-08,0.000300551,299.526,294.068,315.357,0.0,300551,1,654,65400000,65400000,65400000,0,299526,1,654,65400000,65400000,65400000,0,294068,1,654,65400000,65400000,65400000,0,315357,1,654,65400000,65400000,65400000,0,0,1,654,65400000,65400000,65400000,0,0.0,1.0,1.0,0.0,1.0,1.0,0.0,1.0,1.0,654,65700000,False,1.0,0.0,300.0,500.0,600000000000.0,100000000000.0,,655
1,near_tick_before,thermal_loop,660,controller_tick,65500000,65.5,1,0,65500000,655,65500000,TRIPPED,stale_input,0,0,62,1,0,reconstructed_from_retained_wire,True,,,315.3097084360719,299.5013723504997,294.0792606889795,0.9971192750534739,0.9999869903882014,302000.00000000594,328730.66367002454,0.00030064241775167245,63270.33952768808,-1.3649696484208107e-08,0.000300642,299.501,294.079,315.31,0.0,300642,1,655,65500000,65500000,65500000,0,299501,1,655,65500000,65500000,65500000,0,294079,1,655,65500000,65500000,65500000,0,315310,1,655,65500000,65500000,65500000,0,0,1,655,65500000,65500000,65500000,0,0.0,1.0,1.0,0.0,1.0,1.0,0.0,1.0,1.0,655,65800000,False,1.0,0.0,300.0,500.0,600000000000.0,100000000000.0,,656
1,near_tick_before,thermal_loop,661,controller_tick,65600000,65.6,1,0,65600000,656,65600000,TRIPPED,stale_input,0,0,62,1,0,reconstructed_from_retained_wire,True,,,315.26231757850695,299.4768078643297,294.0898299738852,0.9973934122772958,0.9999893486307299,302000.00000000594,329277.3925173382,0.0003007251376101752,63305.11852915125,-1.3500539353117347e-08,0.000300725,299.477,294.09,315.262,0.0,300725,1,656,65600000,65600000,65600000,0,299477,1,656,65600000,65600000,65600000,0,294090,1,656,65600000,65600000,65600000,0,315262,1,656,65600000,65600000,65600000,0,0,1,656,65600000,65600000,65600000,0,0.0,1.0,1.0,0.0,1.0,1.0,0.0,1.0,1.0,656,65900000,False,1.0,0.0,300.0,500.0,600000000000.0,100000000000.0,,657
1,near_tick_before,thermal_loop,662,controller_tick,65700000,65.7,1,0,65700000,657,65700000,TRIPPED,stale_input,0,0,62,1,0,reconstructed_from_retained_wire,True,,,315.21499572731545,299.45266191628855,294.10002381318884,0.9976414618950881,0.9999912793964121,302000.00000000594,329824.64041001024,0.00030079998011063564,63336.59743539333,-1.2612872524186969e-08,0.0003008,299.453,294.1,315.215,0.0,300800,1,657,65700000,65700000,65700000,0,299453,1,657,65700000,65700000,65700000,0,294100,1,657,65700000,65700000,65700000,0,315215,1,657,65700000,65700000,65700000,0,0,1,657,65700000,65700000,65700000,0,0.0,1.0,1.0,0.0,1.0,1.0,0.0,1.0,1.0,657,66000000,False,1.0,0.0,300.0,500.0,600000000000.0,100000000000.0,,658
1,near_tick_before,thermal_loop,663,controller_tick,65800000,65.8,1,0,65800000,658,65800000,TRIPPED,stale_input,0,0,62,1,0,reconstructed_from_retained_wire,True,,,315.16774391337486,299.4289237434953,294.1098500414288,0.9978659064707976,0.9999928601736537,302000.00000000594,330372.3887718393,0.00030086769588055453,63365.08855988912,-1.1932570487260818e-08,0.000300868,299.429,294.11,315.168,0.0,300868,1,658,65800000,65800000,65800000,0,299429,1,658,65800000,65800000,65800000,0,294110,1,658,65800000,65800000,65800000,0,315168,1,658,65800000,65800000,65800000,0,0,1,658,65800000,65800000,65800000,0,0.0,1.0,1.0,0.0,1.0,1.0,0.0,1.0,1.0,658,66100000,False,1.0,0.0,300.0,500.0,600000000000.0,100000000000.0,,659
1,near_tick_before,thermal_loop,664,controller_tick,65900000,65.9,1,0,65900000,659,65900000,TRIPPED,stale_input,0,0,62,1,0,reconstructed_from_retained_wire,True,,,315.12056313235587,299.4055826680038,294.1193164334714,0.9980689923211762,0.9999941544045959,302000.00000000594,330920.6194169244,0.0003009289639357746,63390.874809117326,-1.1736119631677866e-08,0.000300929,299.406,294.119,315.121,0.0,300929,1,659,65900000,65900000,65900000,0,299406,1,659,65900000,65900000,65900000,0,294119,1,659,65900000,65900000,65900000,0,315121,1,659,65900000,65900000,65900000,0,0,1,659,65900000,65900000,65900000,0,0.0,1.0,1.0,0.0,1.0,1.0,0.0,1.0,1.0,659,66200000,False,1.0,0.0,300.0,500.0,600000000000.0,100000000000.0,,660
1,near_tick_before,thermal_loop,665,controller_tick,66000000,66.0,1,0,66000000,660,66000000,TRIPPED,stale_input,0,0,62,1,0,reconstructed_from_retained_wire,True,,,315.0734543451155,299.38262811843896,294.1284306900407,0.9982527519976735,0.9999952140312705,302000.00000000594,331469.31454631005,0.00030098439852763983,63414.21242427481,-1.2176315067335963e-08,0.000300984,299.383,294.128,315.073,0.0,300984,1,660,66000000,66000000,66000000,0,299383,1,660,66000000,66000000,66000000,0,294128,1,660,66000000,66000000,66000000,0,315073,1,660,66000000,66000000,66000000,0,0,1,660,66000000,66000000,66000000,0,0.0,1.0,1.0,0.0,1.0,1.0,0.0,1.0,1.0,660,66300000,False,1.0,0.0,300.0,500.0,600000000000.0,100000000000.0,,661
1,near_tick_before,thermal_loop,666,controller_tick,66100000,66.1,1,0,66100000,661,66100000,TRIPPED,stale_input,0,0,62,1,0,reconstructed_from_retained_wire,True,,,315.0264184781493,299.36004964848183,294.1372004253559,0.9984190246288956,0.9999960815802159,302000.00000000594,332018.45674396155,0.00030103455533274305,63435.33347233861,-1.1954398360103369e-08,0.000301035,299.36,294.137,315.026,0.0,301035,1,661,66100000,66100000,66100000,0,299360,1,661,66100000,66100000,66100000,0,294137,1,661,66100000,66100000,66100000,0,315026,1,661,66100000,66100000,66100000,0,0,1,661,66100000,66100000,66100000,0,0.0,1.0,1.0,0.0,1.0,1.0,0.0,1.0,1.0,661,66400000,False,1.0,0.0,300.0,500.0,600000000000.0,100000000000.0,,662
1,near_tick_before,thermal_loop,667,controller_tick,66200000,66.2,1,0,66200000,662,66200000,TRIPPED,stale_input,0,0,62,1,0,reconstructed_from_retained_wire,True,,,314.9794564240924,299.33783695256125,294.1456331566363,0.9985694743272218,0.9999967918692177,302000.00000000594,332568.02897217055,0.00030107993704886384,63454.44810847528,-1.2154487194493413e-08,0.00030108,299.338,294.146,314.979,0.0,301080,1,662,66200000,66200000,66200000,0,299338,1,662,66200000,66200000,66200000,0,294146,1,662,66200000,66200000,66200000,0,314979,1,662,66200000,66200000,66200000,0,0,1,662,66200000,66200000,66200000,0,0.0,1.0,1.0,0.0,1.0,1.0,0.0,1.0,1.0,662,66500000,False,1.0,0.0,300.0,500.0,600000000000.0,100000000000.0,,663
1,near_tick_before,thermal_loop,668,controller_tick,66300000,66.3,1,0,66300000,663,66300000,TRIPPED,stale_input,0,0,62,1,0,reconstructed_from_retained_wire,True,,,314.93256904226365,299.3159798790723,294.15373629526056,0.9987056068438004,0.9999973734046674,302000.00000000594,333118.0145664771,0.00030112099845445924,63471.74663004017,-1.227454049512744e-08,0.000301121,299.316,294.154,314.933,0.0,301121,1,663,66300000,66300000,66300000,0,299316,1,663,66300000,66300000,66300000,0,294154,1,663,66300000,66300000,66300000,0,314933,1,663,66300000,66300000,66300000,0,0,1,663,66300000,66300000,66300000,0,0.0,1.0,1.0,0.0,1.0,1.0,0.0,1.0,1.0,663,66600000,False,1.0,0.0,300.0,500.0,600000000000.0,100000000000.0,,664
1,near_tick_before,thermal_loop,669,controller_tick,66400000,66.4,1,0,66400000,664,66400000,TRIPPED,stale_input,0,0,62,1,0,reconstructed_from_retained_wire,True,,,314.8857571592433,299.29446844140585,294.16151713939007,0.998828784638613,0.9999978495256242,302000.00000000594,333668.39723018795,0.0003011581509834606,63487.40134075414,-1.2070813681930304e-08,0.000301158,299.294,294.162,314.886,0.0,301158,1,664,66400000,66400000,66400000,0,299294,1,664,66400000,66400000,66400000,0,294162,1,664,66400000,66400000,66400000,0,314886,1,664,66400000,66400000,66400000,0,0,1,664,66400000,66400000,66400000,0,0.0,1.0,1.0,0.0,1.0,1.0,0.0,1.0,1.0,664,66700000,False,1.0,0.0,300.0,500.0,600000000000.0,100000000000.0,,665
1,near_tick_before,thermal_loop,670,controller_tick,66500000,66.5,1,0,66500000,665,66500000,TRIPPED,stale_input,0,0,62,1,0,reconstructed_from_retained_wire,True,,,314.83902156947954,299.2732928270433,294.1689828678859,0.9989402405164314,0.999998239340494,302000.00000000594,334219.161028558,0.0003011917668620797,63501.568242102025,-1.302032615058124e-08,0.000301192,299.273,294.169,314.839,0.0,301192,1,665,66500000,66500000,66500000,0,299273,1,665,66500000,66500000,66500000,0,294169,1,665,66500000,66500000,66500000,0,314839,1,665,66500000,66500000,66500000,0,0,1,665,66500000,66500000,66500000,0,0.0,1.0,1.0,0.0,1.0,1.0,0.0,1.0,1.0,665,66800000,False,1.0,0.0,300.0,500.0,600000000000.0,100000000000.0,,666
1,near_tick_before,thermal_loop,671,controller_tick,66600000,66.6,1,0,66600000,666,66600000,TRIPPED,stale_input,0,0,62,1,0,reconstructed_from_retained_wire,True,,,314.79236303591745,299.25244340494305,294.1761405353691,0.9990410899651421,0.9999985584939161,302000.00000000594,334770.29038269754,0.0003012221828497773,63514.38856756004,-1.3467797543853521e-08,0.000301222,299.252,294.176,314.792,0.0,301222,1,666,66600000,66600000,66600000,0,299252,1,666,66600000,66600000,66600000,0,294176,1,666,66600000,66600000,66600000,0,314792,1,666,66600000,66600000,66600000,0,0,1,666,66600000,66600000,66600000,0,0.0,1.0,1.0,0.0,1.0,1.0,0.0,1.0,1.0,666,66900000,False,1.0,0.0,300.0,500.0,600000000000.0,100000000000.0,,667
1,near_tick_before,thermal_loop,672,controller_tick,66700000,66.7,1,0,66700000,667,66700000,TRIPPED,stale_input,0,0,62,1,0,reconstructed_from_retained_wire,True,,,314.74578229064656,299.23191073141993,294.1829970682879,0.9991323423199244,0.9999988197946378,302000.00000000594,335321.7700632583,0.00030124970362245394,63525.99017392332,-1.3256794773042202e-08,0.00030125,299.232,294.183,314.746,0.0,301250,1,667,66700000,66700000,66700000,0,299232,1,667,66700000,66700000,66700000,0,294183,1,667,66700000,66700000,66700000,0,314746,1,667,66700000,66700000,66700000,0,0,1,667,66700000,66700000,66700000,0,0.0,1.0,1.0,0.0,1.0,1.0,0.0,1.0,1.0,667,67000000,False,1.0,0.0,300.0,500.0,600000000000.0,100000000000.0,,668
1,near_tick_before,thermal_loop,673,controller_tick,66800000,66.8,1,0,66800000,668,66800000,TRIPPED,stale_input,0,0,62,1,0,reconstructed_from_retained_wire,True,,,314.6992800355612,299.21168555469745,294.18955926187374,0.999214910865016,0.9999990337295745,302000.00000000594,335873.5851839449,0.00030127460483222947,63536.48880277178,-1.367880031466484e-08,0.000301275,299.212,294.19,314.699,0.0,301275,1,668,66800000,66800000,66800000,0,299212,1,668,66800000,66800000,66800000,0,294190,1,668,66800000,66800000,66800000,0,314699,1,668,66800000,66800000,66800000,0,0,1,668,66800000,66800000,66800000,0,0.0,1.0,1.0,0.0,1.0,1.0,0.0,1.0,1.0,668,67100000,False,1.0,0.0,300.0,500.0,600000000000.0,100000000000.0,,669
1,near_tick_before,thermal_loop,674,controller_tick,66900000,66.9,1,0,66900000,669,66900000,TRIPPED,stale_input,0,0,62,1,0,reconstructed_from_retained_wire,True,,,314.6528569430315,299.19175881829244,294.195833777878,0.9992896219741682,0.9999992088846865,302000.00000000594,336425.72119489434,0.00030129713587485,63545.98922397245,-1.30821717903018e-08,0.000301297,299.192,294.196,314.653,0.0,301297,1,669,66900000,66900000,66900000,0,299192,1,669,66900000,66900000,66900000,0,294196,1,669,66900000,66900000,66900000,0,314653,1,669,66900000,66900000,66900000,0,0,1,669,66900000,66900000,66900000,0,0.0,1.0,1.0,0.0,1.0,1.0,0.0,1.0,1.0,669,67200000,False,1.0,0.0,300.0,500.0,600000000000.0,100000000000.0,,670
1,near_tick_before,thermal_loop,675,controller_tick,67000000,67.0,1,0,67000000,670,67000000,TRIPPED,stale_input,0,0,62,1,0,reconstructed_from_retained_wire,True,,,314.6065136565805,299.1721216633751,294.20182714299386,0.9993572233812723,0.9999993522895634,302000.00000000594,336978.1638759601,0.00030131752239276175,63554.58627206764,-1.3882527127861977e-08,0.000301318,299.172,294.202,314.607,0.0,301318,1,670,67000000,67000000,67000000,0,299172,1,670,67000000,67000000,67000000,0,294202,1,670,67000000,67000000,67000000,0,314607,1,670,67000000,67000000,67000000,0,0,1,670,67000000,67000000,67000000,0,0.0,1.0,1.0,0.0,1.0,1.0,0.0,1.0,1.0,670,67300000,False,1.0,0.0,300.0,500.0,600000000000.0,100000000000.0,,671
1,near_tick_before,thermal_loop,676,controller_tick,67100000,67.1,1,0,67100000,671,67100000,TRIPPED,stale_input,0,0,62,1,0,reconstructed_from_retained_wire,True,,,314.56025079156495,299.1527654302307,294.2075457478798,0.9994183916639326,0.9999994696995462,302000.00000000594,337530.8993299324,0.0003013359685391816,63562.365785433525,-1.4224497135728598e-08,0.000301336,299.153,294.208,314.56,0.0,301336,1,671,67100000,67100000,67100000,0,299153,1,671,67100000,67100000,67100000,0,294208,1,671,67100000,67100000,67100000,0,314560,1,671,67100000,67100000,67100000,0,0,1,671,67100000,67100000,67100000,0,0.0,1.0,1.0,0.0,1.0,1.0,0.0,1.0,1.0,671,67400000,False,1.0,0.0,300.0,500.0,600000000000.0,100000000000.0,,672
1,near_tick_before,thermal_loop,677,controller_tick,67200000,67.2,1,0,67200000,672,67200000,TRIPPED,stale_input,0,0,62,1,0,reconstructed_from_retained_wire,True,,,314.51406893585744,299.1336816589358,294.21299584670834,0.9994737390148811,0.9999995658267099,302000.00000000594,338083.913975723,0.00030135265902605455,63569.405457209265,-1.4406396076083183e-08,0.000301353,299.134,294.213,314.514,0.0,301353,1,672,67200000,67200000,67200000,0,299134,1,672,67200000,67200000,67200000,0,294213,1,672,67200000,67200000,67200000,0,314514,1,672,67200000,67200000,67200000,0,0,1,672,67200000,67200000,67200000,0,0.0,1.0,1.0,0.0,1.0,1.0,0.0,1.0,1.0,672,67500000,False,1.0,0.0,300.0,500.0,600000000000.0,100000000000.0,,673
1,near_tick_before,thermal_loop,678,controller_tick,67300000,67.3,1,0,67300000,673,67300000,TRIPPED,stale_input,0,0,62,1,0,reconstructed_from_retained_wire,True,,,314.46796865052727,299.11486208934986,294.2181835571728,0.9995238193690087,0.999999644528975,302000.00000000594,338637.19454153936,0.0003013677609765823,63575.7756061857,-1.4231773093342781e-08,0.000301368,299.115,294.218,314.468,0.0,301368,1,673,67300000,67300000,67300000,0,299115,1,673,67300000,67300000,67300000,0,294218,1,673,67300000,67300000,67300000,0,314468,1,673,67300000,67300000,67300000,0,0,1,673,67300000,67300000,67300000,0,0.0,1.0,1.0,0.0,1.0,1.0,0.0,1.0,1.0,673,67600000,False,1.0,0.0,300.0,500.0,600000000000.0,100000000000.0,,674
1,near_tick_before,thermal_loop,679,controller_tick,67400000,67.4,1,0,67400000,674,67400000,TRIPPED,stale_input,0,0,62,1,0,reconstructed_from_retained_wire,True,,,314.4219504705183,299.0962986605106,294.22311486089325,0.999569133947332,0.99999970896494,302000.00000000594,339190.7280580696,0.0003013814256010182,63581.5398751011,-1.4857505448162556e-08,0.000301381,299.096,294.223,314.422,0.0,301381,1,674,67400000,67400000,67400000,0,299096,1,674,67400000,67400000,67400000,0,294223,1,674,67400000,67400000,67400000,0,314422,1,674,67400000,67400000,67400000,0,0,1,674,67400000,67400000,67400000,0,0.0,1.0,1.0,0.0,1.0,1.0,0.0,1.0,1.0,674,67700000,False,1.0,0.0,300.0,500.0,600000000000.0,100000000000.0,,675
1,near_tick_before,thermal_loop,680,controller_tick,67500000,67.5,1,0,67500000,675,67500000,TRIPPED,stale_input,0,0,62,1,0,reconstructed_from_retained_wire,True,,,314.3760149053228,299.0779835095137,294.22779560416785,0.9996101362733819,0.999999761720646,302000.00000000594,339744.5018516958,0.0003013937897126269,63586.755863113256,-1.4828401617705822e-08,0.000301394,299.078,294.228,314.376,0.0,301394,1,675,67500000,67500000,67500000,0,299078,1,675,67500000,67500000,67500000,0,294228,1,675,67500000,67500000,67500000,0,314376,1,675,67500000,67500000,67500000,0,0,1,675,67500000,67500000,67500000,0,0.0,1.0,1.0,0.0,1.0,1.0,0.0,1.0,1.0,675,67800000,False,1.0,0.0,300.0,500.0,600000000000.0,100000000000.0,,676
1,near_tick_before,thermal_loop,681,controller_tick,67600000,67.6,1,0,67600000,676,67600000,TRIPPED,stale_input,0,0,62,1,0,reconstructed_from_retained_wire,True,,,314.330162439648,299.0599089699457,294.2322314990226,0.9996472367122186,0.9999998049133649,302000.00000000594,340298.5035377533,0.0003014049770990834,63591.475698597846,-1.5068508218973875e-08,0.000301405,299.06,294.232,314.33,0.0,301405,1,676,67600000,67600000,67600000,0,299060,1,676,67600000,67600000,67600000,0,294232,1,676,67600000,67600000,67600000,0,314330,1,676,67600000,67600000,67600000,0,0,1,676,67600000,67600000,67600000,0,0.0,1.0,1.0,0.0,1.0,1.0,0.0,1.0,1.0,676,67900000,False,1.0,0.0,300.0,500.0,600000000000.0,100000000000.0,,677
1,near_tick_before,thermal_loop,682,controller_tick,67700000,67.7,1,0,67700000,677,67700000,TRIPPED,stale_input,0,0,62,1,0,reconstructed_from_retained_wire,True,,,314.28439353407674,299.0420675699348,294.23642812451766,0.9996808065775038,0.9999998402765723,302000.00000000594,340852.72101384844,0.00030141509976312433,63595.74655785919,-1.5730620361864567e-08,0.000301415,299.042,294.236,314.284,0.0,301415,1,677,67700000,67700000,67700000,0,299042,1,677,67700000,67700000,67700000,0,294236,1,677,67700000,67700000,67700000,0,314284,1,677,67700000,67700000,67700000,0,0,1,677,67700000,67700000,67700000,0,0.0,1.0,1.0,0.0,1.0,1.0,0.0,1.0,1.0,677,68000000,False,1.0,0.0,300.0,500.0,600000000000.0,100000000000.0,,678
1,near_tick_before,thermal_loop,683,controller_tick,67800000,67.8,1,0,67800000,678,67800000,TRIPPED,stale_input,0,0,62,1,0,reconstructed_from_retained_wire,True,,,314.23870862571874,299.0244520298729,294.2403909282734,0.9997111818477324,0.9999998692295178,302000.00000000594,341407.14245324803,0.0003014242590449347,63599.61113482385,-1.5868863556534052e-08,0.000301424,299.024,294.24,314.239,0.0,301424,1,678,67800000,67800000,67800000,0,299024,1,678,67800000,67800000,67800000,0,294240,1,678,67800000,67800000,67800000,0,314239,1,678,67800000,67800000,67800000,0,0,1,678,67800000,67800000,67800000,0,0.0,1.0,1.0,0.0,1.0,1.0,0.0,1.0,1.0,678,68100000,False,1.0,0.0,300.0,500.0,600000000000.0,100000000000.0,,679
1,near_tick_before,thermal_loop,684,controller_tick,67900000,67.9,1,0,67900000,679,67900000,TRIPPED,stale_input,0,0,62,1,0,reconstructed_from_retained_wire,True,,,314.1931081288533,299.0070552598599,294.2441252281828,0.9997386665288186,0.9999998929341847,302000.00000000594,341961.7562983493,0.000301432546637564,63603.10806631915,-1.4784745872020721e-08,0.000301433,299.007,294.244,314.193,0.0,301433,1,679,67900000,67900000,67900000,0,299007,1,679,67900000,67900000,67900000,0,294244,1,679,67900000,67900000,67900000,0,314193,1,679,67900000,67900000,67900000,0,0,1,679,67900000,67900000,67900000,0,0.0,1.0,1.0,0.0,1.0,1.0,0.0,1.0,1.0,679,68200000,False,1.0,0.0,300.0,500.0,600000000000.0,100000000000.0,,680
1,near_tick_before,thermal_loop,685,controller_tick,68000000,68.0,1,0,68000000,680,68000000,TRIPPED,stale_input,0,0,62,1,0,reconstructed_from_retained_wire,True,,,314.1475924355615,298.98987035691266,294.2476362142806,0.9997635356966882,0.9999999123419243,302000.00000000594,342516.5512542394,0.0003014400455055768,63606.27231711263,-1.509761204943061e-08,0.00030144,298.99,294.248,314.148,0.0,301440,1,680,68000000,68000000,68000000,0,298990,1,680,68000000,68000000,68000000,0,294248,1,680,68000000,68000000,68000000,0,314148,1,680,68000000,68000000,68000000,0,0,1,680,68000000,68000000,68000000,0,0.0,1.0,1.0,0.0,1.0,1.0,0.0,1.0,1.0,680,68300000,False,1.0,0.0,300.0,500.0,600000000000.0,100000000000.0,,681
1,near_tick_before,thermal_loop,686,controller_tick,68100000,68.1,1,0,68100000,681,68100000,TRIPPED,stale_input,0,0,62,1,0,reconstructed_from_retained_wire,True,,,314.1021619163486,298.9728906019788,294.25092895074494,0.9997860382503322,0.9999999282316376,302000.00000000594,343071.5162823522,0.0003014468307161742,63609.13552849916,-1.5010300558060408e-08,0.000301447,298.973,294.251,314.102,0.0,301447,1,681,68100000,68100000,68100000,0,298973,1,681,68100000,68100000,68100000,0,294251,1,681,68100000,68100000,68100000,0,314102,1,681,68100000,68100000,68100000,0,0,1,681,68100000,68100000,68100000,0,0.0,1.0,1.0,0.0,1.0,1.0,0.0,1.0,1.0,681,68400000,False,1.0,0.0,300.0,500.0,600000000000.0,100000000000.0,,682
1,near_tick_before,thermal_loop,687,controller_tick,68200000,68.2,1,0,68200000,682,68200000,TRIPPED,stale_input,0,0,62,1,0,reconstructed_from_retained_wire,True,,,314.0568169207548,298.95610945678783,294.2540083780064,0.9998063994028707,0.9999999412410345,302000.00000000594,343626.64059422794,0.0003014529701911334,63611.72633387073,-1.5388650353997946e-08,0.000301453,298.956,294.254,314.057,0.0,301453,1,682,68200000,68200000,68200000,0,298956,1,682,68200000,68200000,68200000,0,294254,1,682,68200000,68200000,68200000,0,314057,1,682,68200000,68200000,68200000,0,0,1,682,68200000,68200000,68200000,0,0.0,1.0,1.0,0.0,1.0,1.0,0.0,1.0,1.0,682,68500000,False,1.0,0.0,300.0,500.0,600000000000.0,100000000000.0,,683
1,near_tick_before,thermal_loop,688,controller_tick,68300000,68.3,1,0,68300000,683,68300000,TRIPPED,stale_input,0,0,62,1,0,reconstructed_from_retained_wire,True,,,314.0115577779545,298.9395205605713,294.2568793149459,0.9998248229355621,0.9999999518922279,302000.00000000594,344181.91364538035,0.00030145852538711684,63614.070644382824,-1.4937540981918573e-08,0.000301459,298.94,294.257,314.012,0.0,301459,1,683,68300000,68300000,68300000,0,298940,1,683,68300000,68300000,68300000,0,294257,1,683,68300000,68300000,68300000,0,314012,1,683,68300000,68300000,68300000,0,0,1,683,68300000,68300000,68300000,0,0.0,1.0,1.0,0.0,1.0,1.0,0.0,1.0,1.0,683,68600000,False,1.0,0.0,300.0,500.0,600000000000.0,100000000000.0,,684
1,near_tick_before,thermal_loop,689,controller_tick,68400000,68.4,1,0,68400000,684,68400000,TRIPPED,stale_input,0,0,62,1,0,reconstructed_from_retained_wire,True,,,313.96638479734423,298.9231177266778,294.2595464611625,0.9998414932373137,0.9999999606126876,302000.00000000594,344737.3251292754,0.0003014635519111815,63616.19190753988,-1.6305421013385057e-08,0.000301464,298.923,294.26,313.966,0.0,301464,1,684,68400000,68400000,68400000,0,298923,1,684,68400000,68400000,68400000,0,294260,1,684,68400000,68400000,68400000,0,313966,1,684,68400000,68400000,68400000,0,0,1,684,68400000,68400000,68400000,0,0.0,1.0,1.0,0.0,1.0,1.0,0.0,1.0,1.0,684,68700000,False,1.0,0.0,300.0,500.0,600000000000.0,100000000000.0,,685
1,near_tick_before,thermal_loop,690,controller_tick,68500000,68.5,1,0,68500000,685,68500000,TRIPPED,stale_input,0,0,62,1,0,reconstructed_from_retained_wire,True,,,313.9212982691182,298.9068949391069,294.2620143992967,0.9998565771501088,0.9999999677523961,302000.00000000594,345292.86497142544,0.00030146810007766577,63618.11134125814,-1.6145349945873022e-08,0.000301468,298.907,294.262,313.921,0.0,301468,1,685,68500000,68500000,68500000,0,298907,1,685,68500000,68500000,68500000,0,294262,1,685,68500000,68500000,68500000,0,313921,1,685,68500000,68500000,68500000,0,0,1,685,68500000,68500000,68500000,0,0.0,1.0,1.0,0.0,1.0,1.0,0.0,1.0,1.0,685,68800000,False,1.0,0.0,300.0,500.0,600000000000.0,100000000000.0,,686
1,near_tick_before,thermal_loop,691,controller_tick,68600000,68.6,1,0,68600000,686,68600000,TRIPPED,stale_input,0,0,62,1,0,reconstructed_from_retained_wire,True,,,313.8762984648316,298.8908463489824,294.2642875973933,0.9998702256388161,0.9999999735978949,302000.00000000594,345848.5233236,0.00030147221541204037,63619.84814572424,-1.6465492080897093e-08,0.000301472,298.891,294.264,313.876,0.0,301472,1,686,68600000,68600000,68600000,0,298891,1,686,68600000,68600000,68600000,0,294264,1,686,68600000,68600000,68600000,0,313876,1,686,68600000,68600000,68600000,0,0,1,686,68600000,68600000,68600000,0,0.0,1.0,1.0,0.0,1.0,1.0,0.0,1.0,1.0,686,68900000,False,1.0,0.0,300.0,500.0,600000000000.0,100000000000.0,,687
1,near_tick_before,thermal_loop,692,controller_tick,68700000,68.7,1,0,68700000,687,68700000,TRIPPED,stale_input,0,0,62,1,0,reconstructed_from_retained_wire,True,,,313.83138563795194,298.8749662709831,294.2663704112941,0.9998825753020983,0.9999999783837846,302000.00000000594,346404.29055815574,0.00030147593910677915,63621.41969514988,-1.5956175047904253e-08,0.000301476,298.875,294.266,313.831,0.0,301476,1,687,68700000,68700000,68700000,0,298875,1,687,68700000,68700000,68700000,0,294266,1,687,68700000,68700000,68700000,0,313831,1,687,68700000,68700000,68700000,0,0,1,687,68700000,68700000,68700000,0,0.0,1.0,1.0,0.0,1.0,1.0,0.0,1.0,1.0,687,69000000,False,1.0,0.0,300.0,500.0,600000000000.0,100000000000.0,,688
1,near_tick_before,thermal_loop,693,controller_tick,68800000,68.8,1,0,68800000,688,68800000,TRIPPED,stale_input,0,0,62,1,0,reconstructed_from_retained_wire,True,,,313.7865600243975,298.8592491797478,294.26826708704704,0.9998937497395364,0.9999999823021397,302000.00000000594,346960.1572624865,0.0003014793084338205,63622.84171132521,-1.4944816939532757e-08,0.000301479,298.859,294.268,313.787,0.0,301479,1,688,68800000,68800000,68800000,0,298859,1,688,68800000,68800000,68800000,0,294268,1,688,68800000,68800000,68800000,0,313787,1,688,68800000,68800000,68800000,0,0,1,688,68800000,68800000,68800000,0,0.0,1.0,1.0,0.0,1.0,1.0,0.0,1.0,1.0,688,69100000,False,1.0,0.0,300.0,500.0,600000000000.0,100000000000.0,,689
1,near_tick_before,thermal_loop,694,controller_tick,68900000,68.9,1,0,68900000,689,68900000,TRIPPED,stale_input,0,0,62,1,0,reconstructed_from_retained_wire,True,,,313.741821843064,298.84368970626696,294.2699817633252,0.9999038607886558,0.9999999855102175,302000.00000000594,347516.1142335941,0.00030148235711775605,63624.12842069467,-1.4406396076083183e-08,0.000301482,298.844,294.27,313.742,0.0,301482,1,689,68900000,68900000,68900000,0,298844,1,689,68900000,68900000,68900000,0,294270,1,689,68900000,68900000,68900000,0,313742,1,689,68900000,68900000,68900000,0,0,1,689,68900000,68900000,68900000,0,0.0,1.0,1.0,0.0,1.0,1.0,0.0,1.0,1.0,689,69200000,False,1.0,0.0,300.0,500.0,600000000000.0,100000000000.0,,690
1,near_tick_before,thermal_loop,695,controller_tick,69000000,69.0,1,0,69000000,690,69000000,TRIPPED,stale_input,0,0,62,1,0,reconstructed_from_retained_wire,True,,,313.6971712963381,298.8282826342755,294.2715184738452,0.9999130096442346,0.9999999881367695,302000.00000000594,348072.15247277997,0.00030148511567348716,63625.29269651674,-1.4049874152988195e-08,0.000301485,298.828,294.272,313.697,0.0,301485,1,690,69000000,69000000,69000000,0,298828,1,690,69000000,69000000,69000000,0,294272,1,690,69000000,69000000,69000000,0,313697,1,690,69000000,69000000,69000000,0,0,1,690,69000000,69000000,69000000,0,0.0,1.0,1.0,0.0,1.0,1.0,0.0,1.0,1.0,690,69300000,False,1.0,0.0,300.0,500.0,600000000000.0,100000000000.0,,691
1,near_tick_before,thermal_loop,696,controller_tick,69100000,69.1,1,0,69100000,691,69100000,TRIPPED,stale_input,0,0,62,1,0,reconstructed_from_retained_wire,True,,,313.6526085705996,298.813022896655,294.27288114977944,0.9999212878710947,0.9999999902872083,302000.00000000594,348628.2631804578,0.000301487611711735,63626.3461875205,-1.3606040738523006e-08,0.000301488,298.813,294.273,313.653,0.0,301488,1,691,69100000,69100000,69100000,0,298813,1,691,69100000,69100000,69100000,0,294273,1,691,69100000,69100000,69100000,0,313653,1,691,69100000,69100000,69100000,0,0,1,691,69100000,69100000,69100000,0,0.0,1.0,1.0,0.0,1.0,1.0,0.0,1.0,1.0,691,69400000,False,1.0,0.0,300.0,500.0,600000000000.0,100000000000.0,,692
1,near_tick_before,thermal_loop,697,controller_tick,69200000,69.2,1,0,69200000,692,69200000,TRIPPED,stale_input,0,0,62,1,0,reconstructed_from_retained_wire,True,,,313.6081338367102,298.7979055718563,294.2740736221545,0.9999287783205127,0.9999999920478388,302000.00000000594,349184.4377510862,0.00030148987021546414,63627.299434340355,-1.365697244182229e-08,0.00030149,298.798,294.274,313.608,0.0,301490,1,692,69200000,69200000,69200000,0,298798,1,692,69200000,69200000,69200000,0,294274,1,692,69200000,69200000,69200000,0,313608,1,692,69200000,69200000,69200000,0,0,1,692,69200000,69200000,69200000,0,0.0,1.0,1.0,0.0,1.0,1.0,0.0,1.0,1.0,692,69500000,False,1.0,0.0,300.0,500.0,600000000000.0,100000000000.0,,693
1,near_tick_before,thermal_loop,698,controller_tick,69300000,69.3,1,0,69300000,693,69300000,TRIPPED,stale_input,0,0,62,1,0,reconstructed_from_retained_wire,True,,,313.563747250491,298.78292588034947,294.2750996242322,0.9999355559594242,0.9999999934893211,302000.00000000594,349740.6677682212,0.0003014919137899926,63628.16197488734,-1.287116901949048e-08,0.000301492,298.783,294.275,313.564,0.0,301492,1,693,69300000,69300000,69300000,0,298783,1,693,69300000,69300000,69300000,0,294275,1,693,69300000,69300000,69300000,0,313564,1,693,69300000,69300000,69300000,0,0,1,693,69300000,69300000,69300000,0,0.0,1.0,1.0,0.0,1.0,1.0,0.0,1.0,1.0,693,69600000,False,1.0,0.0,300.0,500.0,600000000000.0,100000000000.0,,694
1,near_tick_before,thermal_loop,699,controller_tick,69400000,69.4,1,0,69400000,694,69400000,TRIPPED,stale_input,0,0,62,1,0,reconstructed_from_retained_wire,True,,,313.5194489531877,298.7680791811087,294.27596279386694,0.9999416886207172,0.9999999946695071,302000.00000000594,350296.944999687,0.00030149376288929103,63628.94243970752,-1.3620592653751373e-08,0.000301494,298.768,294.276,313.519,0.0,301494,1,694,69400000,69400000,69400000,0,298768,1,694,69400000,69400000,69400000,0,294276,1,694,69400000,69400000,69400000,0,313519,1,694,69400000,69400000,69400000,0,0,1,694,69400000,69400000,69400000,0,0.0,1.0,1.0,0.0,1.0,1.0,0.0,1.0,1.0,694,69700000,False,1.0,0.0,300.0,500.0,600000000000.0,100000000000.0,,695
1,near_tick_before,thermal_loop,700,controller_tick,69500000,69.5,1,0,69500000,695,69500000,TRIPPED,stale_input,0,0,62,1,0,reconstructed_from_retained_wire,True,,,313.4752390719239,298.7533609681376,294.27666667583657,0.9999472376821272,0.9999999956357615,302000.00000000594,350853.26139286393,0.00030149543602074077,63629.64863827703,-1.3831595424562693e-08,0.000301495,298.753,294.277,313.475,0.0,301495,1,695,69500000,69500000,69500000,0,298753,1,695,69500000,69500000,69500000,0,294277,1,695,69500000,69500000,69500000,0,313475,1,695,69500000,69500000,69500000,0,0,1,695,69500000,69500000,69500000,0,0.0,1.0,1.0,0.0,1.0,1.0,0.0,1.0,1.0,695,69800000,False,1.0,0.0,300.0,500.0,600000000000.0,100000000000.0,,696
1,near_tick_before,thermal_loop,701,controller_tick,69600000,69.6,1,0,69600000,696,69600000,TRIPPED,stale_input,0,0,62,1,0,reconstructed_from_retained_wire,True,,,313.43111772014265,298.7387668670395,294.27721472414316,0.9999522586805261,0.9999999964268638,302000.00000000594,351409.6090700921,0.0003014969499304018,63630.28763709447,-1.3722456060349941e-08,0.000301497,298.739,294.277,313.431,0.0,301497,1,696,69600000,69600000,69600000,0,298739,1,696,69600000,69600000,69600000,0,294277,1,696,69600000,69600000,69600000,0,313431,1,696,69600000,69600000,69600000,0,0,1,696,69600000,69600000,69600000,0,0.0,1.0,1.0,0.0,1.0,1.0,0.0,1.0,1.0,696,69900000,False,1.0,0.0,300.0,500.0,600000000000.0,100000000000.0,,697
1,near_tick_before,thermal_loop,702,controller_tick,69700000,69.7,1,0,69700000,697,69700000,TRIPPED,stale_input,0,0,62,1,0,reconstructed_from_retained_wire,True,,,313.3870849980367,298.7242926316384,294.27761030427996,0.9999568018677533,0.9999999970745634,302000.00000000594,351965.98032418994,0.0003014983197706436,63630.86583035001,-1.3264070730656385e-08,0.000301498,298.724,294.278,313.387,0.0,301498,1,697,69700000,69700000,69700000,0,298724,1,697,69700000,69700000,69700000,0,294278,1,697,69700000,69700000,69700000,0,313387,1,697,69700000,69700000,69700000,0,0,1,697,69700000,69700000,69700000,0,0.0,1.0,1.0,0.0,1.0,1.0,0.0,1.0,1.0,697,70000000,False,1.0,0.0,300.0,500.0,600000000000.0,100000000000.0,,698
1,near_tick_before,thermal_loop,703,controller_tick,69800000,69.8,1,0,69800000,698,69800000,TRIPPED,stale_input,0,0,62,1,0,reconstructed_from_retained_wire,True,,,313.34314099296716,298.70993414065236,294.2778566954637,0.9999609127135536,0.999999997604855,302000.00000000594,352522.3676140842,0.00030149955925182263,63631.38900387499,-1.3329554349184036e-08,0.0003015,298.71,294.278,313.343,0.0,301500,1,698,69800000,69800000,69800000,0,298710,1,698,69800000,69800000,69800000,0,294278,1,698,69800000,69800000,69800000,0,313343,1,698,69800000,69800000,69800000,0,0,1,698,69800000,69800000,69800000,0,0.0,1.0,1.0,0.0,1.0,1.0,0.0,1.0,1.0,698,70100000,False,1.0,0.0,300.0,500.0,600000000000.0,100000000000.0,,699
1,near_tick_before,thermal_loop,704,controller_tick,69900000,69.9,1,0,69900000,699,69900000,TRIPPED,stale_input,0,0,62,1,0,reconstructed_from_retained_wire,True,,,313.29928577987124,298.69568739442377,294.2779570928292,0.9999646323606536,0.9999999980390212,302000.00000000594,353078.7635605514,0.00030150068077952104,63631.862393011856,-1.3234966900199652e-08,0.000301501,298.696,294.278,313.299,0.0,301501,1,699,69900000,69900000,69900000,0,298696,1,699,69900000,69900000,69900000,0,294278,1,699,69900000,69900000,69900000,0,313299,1,699,69900000,69900000,69900000,0,0,1,699,69900000,69900000,69900000,0,0.0,1.0,1.0,0.0,1.0,1.0,0.0,1.0,1.0,699,70200000,False,1.0,0.0,300.0,500.0,600000000000.0,100000000000.0,,700
1,near_tick_before,thermal_loop,705,controller_tick,70000000,70.0,1,0,70000000,700,70000000,TRIPPED,stale_input,0,0,62,1,0,reconstructed_from_retained_wire,True,,,313.2555194216589,298.6815485117073,294.27791460958485,0.9999679980365316,0.9999999983944863,302000.00000000594,353635.1609420678,0.0003015016955787232,63632.29073498086,-1.3620592653751373e-08,0.000301502,298.682,294.278,313.256,0.0,301502,1,700,70000000,70000000,70000000,0,298682,1,700,70000000,70000000,70000000,0,294278,1,700,70000000,70000000,70000000,0,313256,1,700,70000000,70000000,70000000,0,0,1,700,70000000,70000000,70000000,0,0.0,1.0,1.0,0.0,1.0,1.0,0.0,1.0,1.0,700,70300000,False,1.0,0.0,300.0,500.0,600000000000.0,100000000000.0,,701
1,near_tick_before,thermal_loop,706,controller_tick,70100000,70.1,1,0,70100000,701,70100000,TRIPPED,stale_input,0,0,62,1,0,reconstructed_from_retained_wire,True,,,313.2118419695989,298.6675137265196,294.2777322791281,0.999971043426003,0.9999999986855165,302000.00000000594,354191.55269076605,0.00030150261380617433,63632.67831626687,-1.2907548807561398e-08,0.000301503,298.668,294.278,313.212,0.0,301503,1,701,70100000,70100000,70100000,0,298668,1,701,70100000,70100000,70100000,0,294278,1,701,70100000,70100000,70100000,0,313212,1,701,70100000,70100000,70100000,0,0,1,701,70100000,70100000,70100000,0,0.0,1.0,1.0,0.0,1.0,1.0,0.0,1.0,1.0,701,70400000,False,1.0,0.0,300.0,500.0,600000000000.0,100000000000.0,,702
1,near_tick_before,thermal_loop,707,controller_tick,70200000,70.2,1,0,70200000,702,70200000,TRIPPED,stale_input,0,0,62,1,0,reconstructed_from_retained_wire,True,,,313.16825346369404,298.6535793850497,294.277413057119,0.9999737990083492,0.999999998923792,302000.00000000594,354747.93188849674,0.0003015034446520435,63633.029015499895,-1.2703821994364262e-08,0.000301503,298.654,294.277,313.168,0.0,301503,1,702,70200000,70200000,70200000,0,298654,1,702,70200000,70200000,70200000,0,294277,1,702,70200000,70200000,70200000,0,313168,1,702,70200000,70200000,70200000,0,0,1,702,70200000,70200000,70200000,0,0.0,1.0,1.0,0.0,1.0,1.0,0.0,1.0,1.0,702,70500000,False,1.0,0.0,300.0,500.0,600000000000.0,100000000000.0,,703
1,near_tick_before,thermal_loop,708,controller_tick,70300000,70.3,1,0,70300000,703,70300000,TRIPPED,stale_input,0,0,62,1,0,reconstructed_from_retained_wire,True,,,313.1247539330469,298.63974194263335,294.27695982351264,0.9999762923623645,0.9999999991188754,302000.00000000594,355304.2917629922,0.00030150419643191226,63633.34634225686,-1.2994860298931599e-08,0.000301504,298.64,294.277,313.125,0.0,301504,1,703,70300000,70300000,70300000,0,298640,1,703,70300000,70300000,70300000,0,294277,1,703,70300000,70300000,70300000,0,313125,1,703,70300000,70300000,70300000,0,0,1,703,70300000,70300000,70300000,0,0.0,1.0,1.0,0.0,1.0,1.0,0.0,1.0,1.0,703,70600000,False,1.0,0.0,300.0,500.0,600000000000.0,100000000000.0,,704
1,near_tick_before,thermal_loop,709,controller_tick,70400000,70.4,1,0,70400000,704,70400000,TRIPPED,stale_input,0,0,62,1,0,reconstructed_from_retained_wire,True,,,313.0813433962145,298.6259979607912,294.27637538454803,0.999978548442374,0.9999999992785962,302000.00000000594,355860.6256841318,0.0003015048766700072,63633.63347217322,-1.414446160197258e-08,0.000301505,298.626,294.276,313.081,0.0,301505,1,704,70400000,70400000,70400000,0,298626,1,704,70400000,70400000,70400000,0,294276,1,704,70400000,70400000,70400000,0,313081,1,704,70400000,70400000,70400000,0,0,1,704,70400000,70400000,70400000,0,0.0,1.0,1.0,0.0,1.0,1.0,0.0,1.0,1.0,704,70700000,False,1.0,0.0,300.0,500.0,600000000000.0,100000000000.0,,705
1,near_tick_before,thermal_loop,710,controller_tick,70500000,70.5,1,0,70500000,705,70500000,TRIPPED,stale_input,0,0,62,1,0,reconstructed_from_retained_wire,True,,,313.0380218615539,298.6123441043308,294.2756624746949,0.9999805898279847,0.9999999994093646,302000.00000000594,356416.92716030433,0.0003015054921745117,63633.8932787146,-1.4704710338264704e-08,0.000301505,298.612,294.276,313.038,0.0,301505,1,705,70500000,70500000,70500000,0,298612,1,705,70500000,70500000,70500000,0,294276,1,705,70500000,70500000,70500000,0,313038,1,705,70500000,70500000,70500000,0,0,1,705,70500000,70500000,70500000,0,0.0,1.0,1.0,0.0,1.0,1.0,0.0,1.0,1.0,705,70800000,False,1.0,0.0,300.0,500.0,600000000000.0,100000000000.0,,706
1,near_tick_before,thermal_loop,711,controller_tick,70600000,70.6,1,0,70600000,706,70600000,TRIPPED,stale_input,0,0,62,1,0,reconstructed_from_retained_wire,True,,,312.9947893275576,298.598777138514,294.27482375855686,0.9999824369500699,0.9999999995164286,302000.00000000594,356973.18983486766,0.00030150604910570984,63634.12836192618,-1.3998942449688911e-08,0.000301506,298.599,294.275,312.995,0.0,301506,1,706,70600000,70600000,70600000,0,298599,1,706,70600000,70600000,70600000,0,294275,1,706,70600000,70600000,70600000,0,312995,1,706,70600000,70600000,70600000,0,0,1,706,70600000,70600000,70600000,0,0.0,1.0,1.0,0.0,1.0,1.0,0.0,1.0,1.0,706,70900000,False,1.0,0.0,300.0,500.0,600000000000.0,100000000000.0,,707
1,near_tick_before,thermal_loop,712,controller_tick,70700000,70.7,1,0,70700000,707,70700000,TRIPPED,stale_input,0,0,62,1,0,reconstructed_from_retained_wire,True,,,312.95164578318014,298.58529392628816,294.27386183273137,0.9999841082952484,0.9999999996040853,302000.00000000594,357529.407482702,0.0003015065530376445,63634.34107444755,-1.3918906915932894e-08,0.000301507,298.585,294.274,312.952,0.0,301507,1,707,70700000,70700000,70700000,0,298585,1,707,70700000,70700000,70700000,0,294274,1,707,70700000,70700000,70700000,0,312952,1,707,70700000,70700000,70700000,0,0,1,707,70700000,70700000,70700000,0,0.0,1.0,1.0,0.0,1.0,1.0,0.0,1.0,1.0,707,71000000,False,1.0,0.0,300.0,500.0,600000000000.0,100000000000.0,,708
1,near_tick_before,thermal_loop,713,controller_tick,70800000,70.8,1,0,70800000,708,70800000,TRIPPED,stale_input,0,0,62,1,0,reconstructed_from_retained_wire,True,,,312.90859120815503,298.5718914255829,294.27277922762715,0.9999856205909042,0.9999999996758525,302000.00000000594,358085.5740068552,0.0003015070090139082,63634.53354505243,-1.4500983525067568e-08,0.000301507,298.572,294.273,312.909,0.0,301507,1,708,70800000,70800000,70800000,0,298572,1,708,70800000,70800000,70800000,0,294273,1,708,70800000,70800000,70800000,0,312909,1,708,70800000,70800000,70800000,0,0,1,708,70800000,70800000,70800000,0,0.0,1.0,1.0,0.0,1.0,1.0,0.0,1.0,1.0,708,71100000,False,1.0,0.0,300.0,500.0,600000000000.0,100000000000.0,,709
1,near_tick_before,thermal_loop,714,controller_tick,70900000,70.9,1,0,70900000,709,70900000,TRIPPED,stale_input,0,0,62,1,0,reconstructed_from_retained_wire,True,,,312.865625573303,298.55856668667013,294.27157840923866,0.9999869889726007,0.9999999997346105,302000.00000000594,358641.683435278,0.00030150742159812394,63634.7076999493,-1.442094799131155e-08,0.000301507,298.559,294.272,312.866,0.0,301507,1,709,70900000,70900000,70900000,0,298559,1,709,70900000,70900000,70900000,0,294272,1,709,70900000,70900000,70900000,0,312866,1,709,70900000,70900000,70900000,0,0,1,709,70900000,70900000,70900000,0,0.0,1.0,1.0,0.0,1.0,1.0,0.0,1.0,1.0,709,71200000,False,1.0,0.0,300.0,500.0,600000000000.0,100000000000.0,,710
1,near_tick_before,thermal_loop,715,controller_tick,71000000,71.0,1,0,71000000,710,71000000,TRIPPED,stale_input,0,0,62,1,0,reconstructed_from_retained_wire,True,,,312.8227488408315,298.5453168495883,294.2702617808775,0.999988227135562,0.9999999997827175,302000.00000000594,359197.7299176467,0.00030150779491962173,63634.86528205537,-1.442094799131155e-08,0.000301508,298.545,294.27,312.823,0.0,301508,1,710,71000000,71000000,71000000,0,298545,1,710,71000000,71000000,71000000,0,294270,1,710,71000000,71000000,71000000,0,312823,1,710,71000000,71000000,71000000,0,0,1,710,71000000,71000000,71000000,0,0.0,1.0,1.0,0.0,1.0,1.0,0.0,1.0,1.0,710,71300000,False,1.0,0.0,300.0,500.0,600000000000.0,100000000000.0,,711
1,near_tick_before,thermal_loop,716,controller_tick,71100000,71.1,1,0,71100000,711,71100000,TRIPPED,stale_input,0,0,62,1,0,reconstructed_from_retained_wire,True,,,312.77996096462533,298.53213914162933,294.2688316848627,0.999989347471739,0.9999999998221041,302000.00000000594,359753.70772227115,0.00030150813271476835,63635.007868436885,-1.4108081813901663e-08,0.000301508,298.532,294.269,312.78,0.0,301508,1,711,71100000,71100000,71100000,0,298532,1,711,71100000,71100000,71100000,0,294269,1,711,71100000,71100000,71100000,0,312780,1,711,71100000,71100000,71100000,0,0,1,711,71100000,71100000,71100000,0,0.0,1.0,1.0,0.0,1.0,1.0,0.0,1.0,1.0,711,71400000,False,1.0,0.0,300.0,500.0,600000000000.0,100000000000.0,,712
1,near_tick_before,thermal_loop,717,controller_tick,71200000,71.2,1,0,71200000,712,71200000,TRIPPED,stale_input,0,0,62,1,0,reconstructed_from_retained_wire,True,,,312.7372618905296,298.51903087488853,294.26729040416836,0.9999903611938327,0.9999999998543512,302000.00000000594,360309.61123308697,0.0003015084383643638,63635.13688609023,-1.514126779511571e-08,0.000301508,298.519,294.267,312.737,0.0,301508,1,712,71200000,71200000,71200000,0,298519,1,712,71200000,71200000,71200000,0,294267,1,712,71200000,71200000,71200000,0,312737,1,712,71200000,71200000,71200000,0,0,1,712,71200000,71200000,71200000,0,0.0,1.0,1.0,0.0,1.0,1.0,0.0,1.0,1.0,712,71500000,False,1.0,0.0,300.0,500.0,600000000000.0,100000000000.0,,713
1,near_tick_before,thermal_loop,718,controller_tick,71300000,71.3,1,0,71300000,713,71300000,TRIPPED,stale_input,0,0,62,1,0,reconstructed_from_retained_wire,True,,,312.69465155662414,298.50598944387565,294.26564016403125,0.9999912784475146,0.9999999998807528,302000.00000000594,360865.43494672835,0.00030150871492747836,63635.25362622171,-1.565058482810855e-08,0.000301509,298.506,294.266,312.695,0.0,301509,1,713,71300000,71300000,71300000,0,298506,1,713,71300000,71300000,71300000,0,294266,1,713,71300000,71300000,71300000,0,312695,1,713,71300000,71300000,71300000,0,0,1,713,71300000,71300000,71300000,0,0.0,1.0,1.0,0.0,1.0,1.0,0.0,1.0,1.0,713,71600000,False,1.0,0.0,300.0,500.0,600000000000.0,100000000000.0,,714
1,near_tick_before,thermal_loop,719,controller_tick,71400000,71.4,1,0,71400000,714,71400000,TRIPPED,stale_input,0,0,62,1,0,reconstructed_from_retained_wire,True,,,312.65212989348987,298.4930123231867,294.26388313351686,0.9999921084129678,0.9999999999023687,302000.00000000594,361421.17346968065,0.00030150896517207066,63635.3592571681,-1.6261765267699957e-08,0.000301509,298.493,294.264,312.652,0.0,301509,1,714,71400000,71400000,71400000,0,298493,1,714,71400000,71400000,71400000,0,294264,1,714,71400000,71400000,71400000,0,312652,1,714,71400000,71400000,71400000,0,0,1,714,71400000,71400000,71400000,0,0.0,1.0,1.0,0.0,1.0,1.0,0.0,1.0,1.0,714,71700000,False,1.0,0.0,300.0,500.0,600000000000.0,100000000000.0,,715
1,near_tick_before,thermal_loop,720,controller_tick,71500000,71.5,1,0,71500000,715,71500000,TRIPPED,stale_input,0,0,62,1,0,reconstructed_from_retained_wire,True,,,312.6096968244682,298.48009706523567,294.26202142704614,0.9999928593967655,0.9999999999200662,302000.00000000594,361976.82151551015,0.00030150919160269035,63635.45483608879,-1.6960257198661566e-08,0.000301509,298.48,294.262,312.61,0.0,301509,1,715,71500000,71500000,71500000,0,298480,1,715,71500000,71500000,71500000,0,294262,1,715,71500000,71500000,71500000,0,312610,1,715,71500000,71500000,71500000,0,0,1,715,71500000,71500000,71500000,0,0.0,1.0,1.0,0.0,1.0,1.0,0.0,1.0,1.0,715,71800000,False,1.0,0.0,300.0,500.0,600000000000.0,100000000000.0,,716
1,near_tick_before,thermal_loop,721,controller_tick,71600000,71.6,1,0,71600000,716,71600000,TRIPPED,stale_input,0,0,62,1,0,reconstructed_from_retained_wire,True,,,312.56735226591206,298.4672412980451,294.26005710588305,0.999993538915006,0.9999999999345558,302000.00000000594,362532.3739021691,0.00030150939648554583,63635.54131954452,-1.7411366570740938e-08,0.000301509,298.467,294.26,312.567,0.0,301509,1,716,71600000,71600000,71600000,0,298467,1,716,71600000,71600000,71600000,0,294260,1,716,71600000,71600000,71600000,0,312567,1,716,71600000,71600000,71600000,0,0,1,716,71600000,71600000,71600000,0,0.0,1.0,1.0,0.0,1.0,1.0,0.0,1.0,1.0,716,71900000,False,1.0,0.0,300.0,500.0,600000000000.0,100000000000.0,,717
1,near_tick_before,thermal_loop,722,controller_tick,71700000,71.7,1,0,71700000,717,71700000,TRIPPED,stale_input,0,0,62,1,0,reconstructed_from_retained_wire,True,,,312.5250961274306,298.45444272309413,294.25799217958325,0.9999941537685363,0.9999999999464189,302000.00000000594,363087.8255493741,0.00030150958187118566,63635.619573070224,-1.6938429325819016e-08,0.00030151,298.454,294.258,312.525,0.0,301510,1,717,71700000,71700000,71700000,0,298454,1,717,71700000,71700000,71700000,0,294258,1,717,71700000,71700000,71700000,0,312525,1,717,71700000,71700000,71700000,0,0,1,717,71700000,71700000,71700000,0,0.0,1.0,1.0,0.0,1.0,1.0,0.0,1.0,1.0,717,72000000,False,1.0,0.0,300.0,500.0,600000000000.0,100000000000.0,,718
1,near_tick_before,thermal_loop,723,controller_tick,71800000,71.8,1,0,71800000,718,71800000,TRIPPED,stale_input,0,0,62,1,0,reconstructed_from_retained_wire,True,,,312.48292831212547,298.44169911322365,294.25582860740514,0.9999947101110171,0.9999999999561315,302000.00000000594,363643.1714760565,0.0003015097496150213,63635.69037983659,-1.6450940165668726e-08,0.00030151,298.442,294.256,312.483,0.0,301510,1,718,71800000,71800000,71800000,0,298442,1,718,71800000,71800000,71800000,0,294256,1,718,71800000,71800000,71800000,0,312483,1,718,71800000,71800000,71800000,0,0,1,718,71800000,71800000,71800000,0,0.0,1.0,1.0,0.0,1.0,1.0,0.0,1.0,1.0,718,72100000,False,1.0,0.0,300.0,500.0,600000000000.0,100000000000.0,,719
1,near_tick_before,thermal_loop,724,controller_tick,71900000,71.9,1,0,71900000,719,71900000,TRIPPED,stale_input,0,0,62,1,0,reconstructed_from_retained_wire,True,,,312.44084871682196,298.4290083105964,294.25356829968376,0.999995213510511,0.9999999999640836,302000.00000000594,364198.4067978819,0.00030150990139589753,63635.7544484877,-1.6167177818715572e-08,0.00030151,298.429,294.254,312.441,0.0,301510,1,719,71900000,71900000,71900000,0,298429,1,719,71900000,71900000,71900000,0,294254,1,719,71900000,71900000,71900000,0,312441,1,719,71900000,71900000,71900000,0,0,1,719,71900000,71900000,71900000,0,0.0,1.0,1.0,0.0,1.0,1.0,0.0,1.0,1.0,719,72200000,False,1.0,0.0,300.0,500.0,600000000000.0,100000000000.0,,720
1,near_tick_before,thermal_loop,725,controller_tick,72000000,72.0,1,0,72000000,720,72000000,TRIPPED,stale_input,0,0,62,1,0,reconstructed_from_retained_wire,True,,,312.39885723229173,298.41636822471224,294.2512131191685,0.9999956690052093,0.9999999999705941,302000.00000000594,364753.52672483725,0.000301510038732895,63635.812420232876,-1.601438270881772e-08,0.00030151,298.416,294.251,312.399,0.0,301510,1,720,72000000,72000000,72000000,0,298416,1,720,72000000,72000000,72000000,0,294251,1,720,72000000,72000000,72000000,0,312399,1,720,72000000,72000000,72000000,0,0,1,720,72000000,72000000,72000000,0,0.0,1.0,1.0,0.0,1.0,1.0,0.0,1.0,1.0,720,72300000,False,1.0,0.0,300.0,500.0,600000000000.0,100000000000.0,,721
1,near_tick_before,thermal_loop,726,controller_tick,72100000,72.1,1,0,72100000,721,72100000,TRIPPED,stale_input,0,0,62,1,0,reconstructed_from_retained_wire,True,,,312.3569537434701,298.40377683047626,294.24876488232485,0.9999960811538561,0.9999999999759244,302000.00000000594,365308.5265588848,0.0003015101630005337,63635.86487526359,-1.658918336033821e-08,0.00030151,298.404,294.249,312.357,0.0,301510,1,721,72100000,72100000,72100000,0,298404,1,721,72100000,72100000,72100000,0,294249,1,721,72100000,72100000,72100000,0,312357,1,721,72100000,72100000,72100000,0,0,1,721,72100000,72100000,72100000,0,0.0,1.0,1.0,0.0,1.0,1.0,0.0,1.0,1.0,721,72400000,False,1.0,0.0,300.0,500.0,600000000000.0,100000000000.0,,722
1,near_tick_before,thermal_loop,727,controller_tick,72200000,72.2,1,0,72200000,722,72200000,TRIPPED,stale_input,0,0,62,1,0,reconstructed_from_retained_wire,True,,,312.31513812966654,298.39123216631907,294.24622536060195,0.9999964540813734,0.9999999999802885,302000.00000000594,365863.4016916794,0.0003015102754425305,63635.912338559785,-1.7040292732417583e-08,0.00030151,298.391,294.246,312.315,0.0,301510,1,722,72200000,72200000,72200000,0,298391,1,722,72200000,72200000,72200000,0,294246,1,722,72200000,72200000,72200000,0,312315,1,722,72200000,72200000,72200000,0,0,1,722,72200000,72200000,72200000,0,0.0,1.0,1.0,0.0,1.0,1.0,0.0,1.0,1.0,722,72500000,False,1.0,0.0,300.0,500.0,600000000000.0,100000000000.0,,723
1,near_tick_before,thermal_loop,728,controller_tick,72300000,72.3,1,0,72300000,723,72300000,TRIPPED,stale_input,0,0,62,1,0,reconstructed_from_retained_wire,True,,,312.27341026476915,298.3787323323684,294.2435962816652,0.9999967915201453,0.9999999999838617,302000.00000000594,366418.1476023484,0.00030151037718424624,63635.95528514392,-1.6676494851708412e-08,0.00030151,298.379,294.244,312.273,0.0,301510,1,723,72300000,72300000,72300000,0,298379,1,723,72300000,72300000,72300000,0,294244,1,723,72300000,72300000,72300000,0,312273,1,723,72300000,72300000,72300000,0,0,1,723,72300000,72300000,72300000,0,0.0,1.0,1.0,0.0,1.0,1.0,0.0,1.0,1.0,723,72600000,False,1.0,0.0,300.0,500.0,600000000000.0,100000000000.0,,724
1,near_tick_before,thermal_loop,729,controller_tick,72400000,72.4,1,0,72400000,724,72400000,TRIPPED,stale_input,0,0,62,1,0,reconstructed_from_retained_wire,True,,,312.2317700174428,298.3662754886701,294.2408793305964,0.9999970968473724,0.9999999999867871,302000.00000000594,366972.7598553333,0.0003015104692439492,63635.994144834716,-1.57597241923213e-08,0.00030151,298.366,294.241,312.232,0.0,301510,1,724,72400000,72400000,72400000,0,298366,1,724,72400000,72400000,72400000,0,294241,1,724,72400000,72400000,72400000,0,312232,1,724,72400000,72400000,72400000,0,0,1,724,72400000,72400000,72400000,0,0.0,1.0,1.0,0.0,1.0,1.0,0.0,1.0,1.0,724,72700000,False,1.0,0.0,300.0,500.0,600000000000.0,100000000000.0,,725
1,near_tick_before,thermal_loop,730,controller_tick,72500000,72.5,1,0,72500000,725,72500000,TRIPPED,stale_input,0,0,62,1,0,reconstructed_from_retained_wire,True,,,312.19021725132177,298.3538598534584,294.23807615106085,0.9999973731188722,0.9999999999891822,302000.00000000594,367527.2340982893,0.0003015105525430062,63636.02930654893,-1.541775418445468e-08,0.000301511,298.354,294.238,312.19,0.0,301511,1,725,72500000,72500000,72500000,0,298354,1,725,72500000,72500000,72500000,0,294238,1,725,72500000,72500000,72500000,0,312190,1,725,72500000,72500000,72500000,0,0,1,725,72500000,72500000,72500000,0,0.0,1.0,1.0,0.0,1.0,1.0,0.0,1.0,1.0,725,72800000,False,1.0,0.0,300.0,500.0,600000000000.0,100000000000.0,,726
1,near_tick_before,thermal_loop,731,controller_tick,72600000,72.6,1,0,72600000,726,72600000,TRIPPED,stale_input,0,0,62,1,0,reconstructed_from_retained_wire,True,,,312.1487518251968,298.3414837014733,294.23518834644295,0.9999976230996629,0.9999999999911432,302000.00000000594,368081.56606004306,0.0003015106279151043,63636.06112219335,-1.5032128430902958e-08,0.000301511,298.341,294.235,312.149,0.0,301511,1,726,72600000,72600000,72600000,0,298341,1,726,72600000,72600000,72600000,0,294235,1,726,72600000,72600000,72600000,0,312149,1,726,72600000,72600000,72600000,0,0,1,726,72600000,72600000,72600000,0,0.0,1.0,1.0,0.0,1.0,1.0,0.0,1.0,1.0,726,72900000,False,1.0,0.0,300.0,500.0,600000000000.0,100000000000.0,,727
1,near_tick_before,thermal_loop,732,controller_tick,72700000,72.7,1,0,72700000,727,72700000,TRIPPED,stale_input,0,0,62,1,0,reconstructed_from_retained_wire,True,,,312.1073735931962,298.3291453623243,294.23221748095074,0.999997849291636,0.9999999999927487,302000.00000000594,368635.7515486068,0.00030151069611459425,63636.089910186885,-1.543958205729723e-08,0.000301511,298.329,294.232,312.107,0.0,301511,1,727,72700000,72700000,72700000,0,298329,1,727,72700000,72700000,72700000,0,294232,1,727,72700000,72700000,72700000,0,312107,1,727,72700000,72700000,72700000,0,0,1,727,72700000,72700000,72700000,0,0.0,1.0,1.0,0.0,1.0,1.0,0.0,1.0,1.0,727,73000000,False,1.0,0.0,300.0,500.0,600000000000.0,100000000000.0,,728
1,near_tick_before,thermal_loop,733,controller_tick,72800000,72.8,1,0,72800000,728,72800000,TRIPPED,stale_input,0,0,62,1,0,reconstructed_from_retained_wire,True,,,312.06608240496166,298.31684321890015,294.22916508069017,0.999998053958597,0.9999999999940632,302000.00000000594,369189.7864492459,0.00030151075782404094,63636.11595864711,-1.5323166735470295e-08,0.000301511,298.317,294.229,312.066,0.0,301511,1,728,72800000,72800000,72800000,0,298317,1,728,72800000,72800000,72800000,0,294229,1,728,72800000,72800000,72800000,0,312066,1,728,72800000,72800000,72800000,0,0,1,728,72800000,72800000,72800000,0,0.0,1.0,1.0,0.0,1.0,1.0,0.0,1.0,1.0,728,73100000,False,1.0,0.0,300.0,500.0,600000000000.0,100000000000.0,,729
1,near_tick_before,thermal_loop,734,controller_tick,72900000,72.9,1,0,72900000,729,72900000,TRIPPED,stale_input,0,0,62,1,0,reconstructed_from_retained_wire,True,,,312.02487810581925,298.30457570582155,294.22603263470984,0.9999982391489215,0.9999999999951393,302000.00000000594,369743.6667226004,0.0003015108136610542,63636.139528274,-1.5235855244100094e-08,0.000301511,298.305,294.226,312.025,0.0,301511,1,729,72900000,72900000,72900000,0,298305,1,729,72900000,72900000,72900000,0,294226,1,729,72900000,72900000,72900000,0,312025,1,729,72900000,72900000,72900000,0,0,1,729,72900000,72900000,72900000,0,0.0,1.0,1.0,0.0,1.0,1.0,0.0,1.0,1.0,729,73200000,False,1.0,0.0,300.0,500.0,600000000000.0,100000000000.0,,730
1,near_tick_before,thermal_loop,735,controller_tick,73000000,73.0,1,0,73000000,730,73000000,TRIPPED,stale_input,0,0,62,1,0,reconstructed_from_retained_wire,True,,,311.9837605369448,298.29234130793816,294.22282159601707,0.9999984067160566,0.9999999999960204,302000.00000000594,370297.3884028577,0.00030151086418447046,63636.160854958674,-1.4668330550193787e-08,0.000301511,298.292,294.223,311.984,0.0,301511,1,730,73000000,73000000,73000000,0,298292,1,730,73000000,73000000,73000000,0,294223,1,730,73000000,73000000,73000000,0,311984,1,730,73000000,73000000,73000000,0,0,1,730,73000000,73000000,73000000,0,0.0,1.0,1.0,0.0,1.0,1.0,0.0,1.0,1.0,730,73300000,False,1.0,0.0,300.0,500.0,600000000000.0,100000000000.0,,731
1,near_tick_before,thermal_loop,736,controller_tick,73100000,73.1,1,0,73100000,731,73100000,TRIPPED,stale_input,0,0,62,1,0,reconstructed_from_retained_wire,True,,,311.94272953552485,298.2801385588668,294.21953338256566,0.9999985583370704,0.9999999999967417,302000.00000000594,370850.947595975,0.000301510909899946,63636.18015214458,-1.4595570974051952e-08,0.000301511,298.28,294.22,311.943,0.0,301511,1,731,73100000,73100000,73100000,0,298280,1,731,73100000,73100000,73100000,0,294220,1,731,73100000,73100000,73100000,0,311943,1,731,73100000,73100000,73100000,0,0,1,731,73100000,73100000,73100000,0,0.0,1.0,1.0,0.0,1.0,1.0,0.0,1.0,1.0,731,73400000,False,1.0,0.0,300.0,500.0,600000000000.0,100000000000.0,,732
1,near_tick_before,thermal_loop,737,controller_tick,73200000,73.2,1,0,73200000,732,73200000,TRIPPED,stale_input,0,0,62,1,0,reconstructed_from_retained_wire,True,,,311.9017849349122,298.26796603957075,294.21616937821676,0.9999986955294372,0.9999999999973324,302000.00000000594,371404.340477951,0.0003015109512650172,63636.197612963384,-1.5046680346131325e-08,0.000301511,298.268,294.216,311.902,0.0,301511,1,732,73200000,73200000,73200000,0,298268,1,732,73200000,73200000,73200000,0,294216,1,732,73200000,73200000,73200000,0,311902,1,732,73200000,73200000,73200000,0,0,1,732,73200000,73200000,73200000,0,0.0,1.0,1.0,0.0,1.0,1.0,0.0,1.0,1.0,732,73500000,False,1.0,0.0,300.0,500.0,600000000000.0,100000000000.0,,733
1,near_tick_before,thermal_loop,738,controller_tick,73300000,73.3,1,0,73300000,733,73300000,TRIPPED,stale_input,0,0,62,1,0,reconstructed_from_retained_wire,True,,,311.8609265647774,298.2558223769792,294.2127309336729,0.9999988196662241,0.9999999999978159,302000.00000000594,371957.56329314463,0.00030151098869367994,63636.21341216796,-1.469743438065052e-08,0.000301511,298.256,294.213,311.861,0.0,301511,1,733,73300000,73300000,73300000,0,298256,1,733,73300000,73300000,73300000,0,294213,1,733,73300000,73300000,73300000,0,311861,1,733,73300000,73300000,73300000,0,0,1,733,73300000,73300000,73300000,0,0.0,1.0,1.0,0.0,1.0,1.0,0.0,1.0,1.0,733,73600000,False,1.0,0.0,300.0,500.0,600000000000.0,100000000000.0,,734
1,near_tick_before,thermal_loop,739,controller_tick,73400000,73.4,1,0,73400000,734,73400000,TRIPPED,stale_input,0,0,62,1,0,reconstructed_from_retained_wire,True,,,311.8201542512555,298.24370624264486,294.20921936738574,0.9999989319898337,0.9999999999982118,302000.00000000594,372510.61235263996,0.0003015110225605334,63636.227707881415,-1.4770193956792355e-08,0.000301511,298.244,294.209,311.82,0.0,301511,1,734,73400000,73400000,73400000,0,298244,1,734,73400000,73400000,73400000,0,294209,1,734,73400000,73400000,73400000,0,311820,1,734,73400000,73400000,73400000,0,0,1,734,73400000,73400000,73400000,0,0.0,1.0,1.0,0.0,1.0,1.0,0.0,1.0,1.0,734,73700000,False,1.0,0.0,300.0,500.0,600000000000.0,100000000000.0,,735
1,near_tick_before,thermal_loop,740,controller_tick,73500000,73.5,1,0,73500000,735,73500000,TRIPPED,stale_input,0,0,62,1,0,reconstructed_from_retained_wire,True,,,311.779467817088,298.23161635144004,294.2056359664393,0.9999990336244386,0.999999999998536,302000.00000000594,373063.48403265583,0.00030151105320452864,63636.24064317947,-1.4624674804508686e-08,0.000301511,298.232,294.206,311.779,0.0,301511,1,735,73500000,73500000,73500000,0,298232,1,735,73500000,73500000,73500000,0,294206,1,735,73500000,73500000,73500000,0,311779,1,735,73500000,73500000,73500000,0,0,1,735,73500000,73500000,73500000,0,0.0,1.0,1.0,0.0,1.0,1.0,0.0,1.0,1.0,735,73800000,False,1.0,0.0,300.0,500.0,600000000000.0,100000000000.0,,736
1,near_tick_before,thermal_loop,741,controller_tick,73600000,73.6,1,0,73600000,736,73600000,TRIPPED,stale_input,0,0,62,1,0,reconstructed_from_retained_wire,True,,,311.7388670817613,298.2195514602892,294.20198198740775,0.9999991255872323,0.9999999999988014,302000.00000000594,373616.1747729989,0.0003015110809323615,63636.252347522495,-1.4581019058823586e-08,0.000301511,298.22,294.202,311.739,0.0,301511,1,736,73600000,73600000,73600000,0,298220,1,736,73600000,73600000,73600000,0,294202,1,736,73600000,73600000,73600000,0,311739,1,736,73600000,73600000,73600000,0,0,1,736,73600000,73600000,73600000,0,0.0,1.0,1.0,0.0,1.0,1.0,0.0,1.0,1.0,736,73900000,False,1.0,0.0,300.0,500.0,600000000000.0,100000000000.0,,737
1,near_tick_before,thermal_loop,742,controller_tick,73700000,73.7,1,0,73700000,737,73700000,TRIPPED,stale_input,0,0,62,1,0,reconstructed_from_retained_wire,True,,,311.6983518616404,298.2075103669374,294.1982586571901,0.9999992087986089,0.9999999999990186,302000.00000000594,374168.68107555946,0.0003015111060215415,63636.262938051084,-1.3955286704003811e-08,0.000301511,298.208,294.198,311.698,0.0,301511,1,737,73700000,73700000,73700000,0,298208,1,737,73700000,73700000,73700000,0,294198,1,737,73700000,73700000,73700000,0,311698,1,737,73700000,73700000,73700000,0,0,1,737,73700000,73700000,73700000,0,0.0,1.0,1.0,0.0,1.0,1.0,0.0,1.0,1.0,737,74000000,False,1.0,0.0,300.0,500.0,600000000000.0,100000000000.0,,738
1,near_tick_before,thermal_loop,743,controller_tick,73800000,73.8,1,0,73800000,738,73800000,TRIPPED,stale_input,0,0,62,1,0,reconstructed_from_retained_wire,True,,,311.65792197009836,298.19549190875347,294.1944671738209,0.9999992840913762,0.9999999999991964,302000.00000000594,374720.9995028476,0.0003015111287231699,63636.27252075852,-1.3504177331924438e-08,0.000301511,298.195,294.194,311.658,0.0,301511,1,738,73800000,73800000,73800000,0,298195,1,738,73800000,73800000,73800000,0,294194,1,738,73800000,73800000,73800000,0,311658,1,738,73800000,73800000,73800000,0,0,1,738,73800000,73800000,73800000,0,0.0,1.0,1.0,0.0,1.0,1.0,0.0,1.0,1.0,738,74100000,False,1.0,0.0,300.0,500.0,600000000000.0,100000000000.0,,739
1,near_tick_before,thermal_loop,744,controller_tick,73900000,73.9,1,0,73900000,739,73900000,TRIPPED,stale_input,0,0,62,1,0,reconstructed_from_retained_wire,True,,,311.6175772176429,298.18349496156736,294.19060870725855,0.9999993522190892,0.9999999999993421,302000.00000000594,375273.1266765701,0.0003015111492644522,63636.28119155149,-1.3111275620758533e-08,0.000301511,298.183,294.191,311.618,0.0,301511,1,739,73900000,73900000,73900000,0,298183,1,739,73900000,73900000,73900000,0,294191,1,739,73900000,73900000,73900000,0,311618,1,739,73900000,73900000,73900000,0,0,1,739,73900000,73900000,73900000,0,0.0,1.0,1.0,0.0,1.0,1.0,0.0,1.0,1.0,739,74200000,False,1.0,0.0,300.0,500.0,600000000000.0,100000000000.0,,740
1,near_tick_before,thermal_loop,745,controller_tick,74000000,74.0,1,0,74000000,740,74000000,TRIPPED,stale_input,0,0,62,1,0,reconstructed_from_retained_wire,True,,,311.577317412038,298.17151843854026,294.1866844001517,0.9999994138635933,0.9999999999994613,302000.00000000594,375825.05927624577,0.0003015111678509728,63636.28903721001,-1.3140379451215267e-08,0.000301511,298.172,294.187,311.577,0.0,301511,1,740,74000000,74000000,74000000,0,298172,1,740,74000000,74000000,74000000,0,294187,1,740,74000000,74000000,74000000,0,311577,1,740,74000000,74000000,74000000,0,0,1,740,74000000,74000000,74000000,0,0.0,1.0,1.0,0.0,1.0,1.0,0.0,1.0,1.0,740,74300000,False,1.0,0.0,300.0,500.0,600000000000.0,100000000000.0,,741
1,near_tick_before,thermal_loop,746,controller_tick,74100000,74.1,1,0,74100000,741,74100000,TRIPPED,stale_input,0,0,62,1,0,reconstructed_from_retained_wire,True,,,311.5371423584223,298.1595612890671,294.18269536858395,0.999999469641847,0.9999999999995589,302000.00000000594,376376.79403785855,0.0003015111846687518,63636.29613625589,-1.2878444977104664e-08,0.000301511,298.16,294.183,311.537,0.0,301511,1,741,74100000,74100000,74100000,0,298160,1,741,74100000,74100000,74100000,0,294183,1,741,74100000,74100000,74100000,0,311537,1,741,74100000,74100000,74100000,0,0,1,741,74100000,74100000,74100000,0,0.0,1.0,1.0,0.0,1.0,1.0,0.0,1.0,1.0,741,74400000,False,1.0,0.0,300.0,500.0,600000000000.0,100000000000.0,,742
1,near_tick_before,thermal_loop,747,controller_tick,74200000,74.2,1,0,74200000,742,74200000,TRIPPED,stale_input,0,0,62,1,0,reconstructed_from_retained_wire,True,,,311.4970518594241,298.1476224977099,294.1786427027975,0.9999995201120983,0.9999999999996388,302000.00000000594,376928.3277525477,0.0003015111998861073,63636.30255973862,-1.335865817964077e-08,0.000301511,298.148,294.179,311.497,0.0,301511,1,742,74200000,74200000,74200000,0,298148,1,742,74200000,74200000,74200000,0,294179,1,742,74200000,74200000,74200000,0,311497,1,742,74200000,74200000,74200000,0,0,1,742,74200000,74200000,74200000,0,0.0,1.0,1.0,0.0,1.0,1.0,0.0,1.0,1.0,742,74500000,False,1.0,0.0,300.0,500.0,600000000000.0,100000000000.0,,743
1,near_tick_before,thermal_loop,748,controller_tick,74300000,74.3,1,0,74300000,743,74300000,TRIPPED,stale_input,0,0,62,1,0,reconstructed_from_retained_wire,True,,,311.4570457152727,298.1357010831621,294.17452746789706,0.9999995657794701,0.9999999999997043,302000.00000000594,377479.6572653332,0.0003015112136553398,63636.3083719465,-1.3067619875073433e-08,0.000301511,298.136,294.175,311.457,0.0,301511,1,743,74300000,74300000,74300000,0,298136,1,743,74300000,74300000,74300000,0,294175,1,743,74300000,74300000,74300000,0,311457,1,743,74300000,74300000,74300000,0,0,1,743,74300000,74300000,74300000,0,0.0,1.0,1.0,0.0,1.0,1.0,0.0,1.0,1.0,743,74600000,False,1.0,0.0,300.0,500.0,600000000000.0,100000000000.0,,744
1,near_tick_before,thermal_loop,749,controller_tick,74400000,74.4,1,0,74400000,744,74400000,TRIPPED,stale_input,0,0,62,1,0,reconstructed_from_retained_wire,True,,,311.4171237239061,298.1237960972416,294.1703507045333,0.9999996071010169,0.999999999999758,302000.00000000594,378030.7794738762,0.0003015112261142563,63636.31363104994,-1.3067619875073433e-08,0.000301511,298.124,294.17,311.417,0.0,301511,1,744,74400000,74400000,74400000,0,298124,1,744,74400000,74400000,74400000,0,294170,1,744,74400000,74400000,74400000,0,311417,1,744,74400000,74400000,74400000,0,0,1,744,74400000,74400000,74400000,0,0.0,1.0,1.0,0.0,1.0,1.0,0.0,1.0,1.0,744,74700000,False,1.0,0.0,300.0,500.0,600000000000.0,100000000000.0,,745
1,near_tick_before,thermal_loop,750,controller_tick,74500000,74.5,1,0,74500000,745,74500000,TRIPPED,stale_input,0,0,62,1,0,reconstructed_from_retained_wire,True,,,311.3772856810757,298.11190662391357,294.16611342956764,0.9999996444902985,0.9999999999998019,302000.00000000594,378581.6913272727,0.0003015112373875501,63636.31838968371,-1.2281816452741623e-08,0.000301511,298.112,294.166,311.377,0.0,301511,1,745,74500000,74500000,74500000,0,298112,1,745,74500000,74500000,74500000,0,294166,1,745,74500000,74500000,74500000,0,311377,1,745,74500000,74500000,74500000,0,0,1,745,74500000,74500000,74500000,0,0.0,1.0,1.0,0.0,1.0,1.0,0.0,1.0,1.0,745,74800000,False,1.0,0.0,300.0,500.0,600000000000.0,100000000000.0,,746
1,near_tick_before,thermal_loop,751,controller_tick,74600000,74.6,1,0,74600000,746,74600000,TRIPPED,stale_input,0,0,62,1,0,reconstructed_from_retained_wire,True,,,311.3375313804476,298.1000317783401,294.16181663671813,0.9999996783215197,0.9999999999998378,302000.00000000594,379132.38982488064,0.00030151124758804807,63636.32269547381,-1.2281816452741623e-08,0.000301511,298.1,294.162,311.338,0.0,301511,1,746,74600000,74600000,74600000,0,298100,1,746,74600000,74600000,74600000,0,294162,1,746,74600000,74600000,74600000,0,311338,1,746,74600000,74600000,74600000,0,0,1,746,74600000,74600000,74600000,0,0.0,1.0,1.0,0.0,1.0,1.0,0.0,1.0,1.0,746,74900000,False,1.0,0.0,300.0,500.0,600000000000.0,100000000000.0,,747
1,near_tick_before,thermal_loop,752,controller_tick,74700000,74.7,1,0,74700000,747,74700000,TRIPPED,stale_input,0,0,62,1,0,reconstructed_from_retained_wire,True,,,311.2978606137013,298.08817070595796,294.157461297187,0.9999997089332745,0.9999999999998671,302000.00000000594,379682.87201517855,0.00030151125681784024,63636.326591513935,-1.257285475730896e-08,0.000301511,298.088,294.157,311.298,0.0,301511,1,747,74700000,74700000,74700000,0,298088,1,747,74700000,74700000,74700000,0,294157,1,747,74700000,74700000,74700000,0,311298,1,747,74700000,74700000,74700000,0,0,1,747,74700000,74700000,74700000,0,0.0,1.0,1.0,0.0,1.0,1.0,0.0,1.0,1.0,747,75000000,False,1.0,0.0,300.0,500.0,600000000000.0,100000000000.0,,748
1,near_tick_before,thermal_loop,753,controller_tick,74800000,74.8,1,0,74800000,748,74800000,TRIPPED,stale_input,0,0,62,1,0,reconstructed_from_retained_wire,True,,,311.2582731706245,298.07632258158225,294.153048360271,0.9999997366319356,0.9999999999998912,302000.00000000594,380233.1349946547,0.00030151126516930147,63636.330116796926,-1.2514647096395493e-08,0.000301511,298.076,294.153,311.258,0.0,301511,1,748,74800000,74800000,74800000,0,298076,1,748,74800000,74800000,74800000,0,294153,1,748,74800000,74800000,74800000,0,311258,1,748,74800000,74800000,74800000,0,0,1,748,74800000,74800000,74800000,0,0.0,1.0,1.0,0.0,1.0,1.0,0.0,1.0,1.0,748,75100000,False,1.0,0.0,300.0,500.0,600000000000.0,100000000000.0,,749
1,near_tick_before,thermal_loop,754,controller_tick,74900000,74.9,1,0,74900000,749,74900000,TRIPPED,stale_input,0,0,62,1,0,reconstructed_from_retained_wire,True,,,311.2187688392058,298.06448660853573,294.14857875395387,0.9999997616947206,0.9999999999999108,302000.00000000594,380783.17590672703,0.000301511272726016,63636.333306605,-1.2660166248679161e-08,0.000301511,298.064,294.149,311.219,0.0,301511,1,749,74900000,74900000,74900000,0,298064,1,749,74900000,74900000,74900000,0,294149,1,749,74900000,74900000,74900000,0,311219,1,749,74900000,74900000,74900000,0,0,1,749,74900000,74900000,74900000,0,0.0,1.0,1.0,0.0,1.0,1.0,0.0,1.0,1.0,749,75200000,False,1.0,0.0,300.0,500.0,600000000000.0,100000000000.0,,750
1,near_tick_before,thermal_loop,755,controller_tick,75000000,75.0,1,0,75000000,750,75000000,TRIPPED,stale_input,0,0,62,1,0,reconstructed_from_retained_wire,True,,,311.17934740572395,298.05266201780364,294.1440533854829,0.9999997843724663,0.9999999999999271,302000.00000000594,381332.991940692,0.0003015112795636141,63636.336192862764,-1.2369127944111824e-08,0.000301511,298.053,294.144,311.179,0.0,301511,1,750,75000000,75000000,75000000,0,298053,1,750,75000000,75000000,75000000,0,294144,1,750,75000000,75000000,75000000,0,311179,1,750,75000000,75000000,75000000,0,0,1,750,75000000,75000000,75000000,0,0.0,1.0,1.0,0.0,1.0,1.0,0.0,1.0,1.0,750,75300000,False,1.0,0.0,300.0,500.0,600000000000.0,100000000000.0,,751
1,near_tick_before,thermal_loop,756,controller_tick,75100000,75.1,1,0,75100000,751,75100000,TRIPPED,stale_input,0,0,62,1,0,reconstructed_from_retained_wire,True,,,311.1400086548349,298.0408480672117,294.1394731419286,0.9999998048921391,0.9999999999999403,302000.00000000594,381882.5803307015,0.0003015112857505285,63636.338804456886,-1.2922100722789764e-08,0.000301511,298.041,294.139,311.14,0.0,301511,1,751,75100000,75100000,75100000,0,298041,1,751,75100000,75100000,75100000,0,294139,1,751,75100000,75100000,75100000,0,311140,1,751,75100000,75100000,75100000,0,0,1,751,75100000,75100000,75100000,0,0.0,1.0,1.0,0.0,1.0,1.0,0.0,1.0,1.0,751,75400000,False,1.0,0.0,300.0,500.0,600000000000.0,100000000000.0,,752
1,near_tick_before,thermal_loop,757,controller_tick,75200000,75.2,1,0,75200000,752,75200000,TRIPPED,stale_input,0,0,62,1,0,reconstructed_from_retained_wire,True,,,311.1007523696556,298.02904404062906,294.134838890729,0.9999998234591069,0.999999999999951,302000.00000000594,382431.938354768,0.00030151129134868023,63636.34116752499,-1.3373210094869137e-08,0.000301511,298.029,294.135,311.101,0.0,301511,1,752,75200000,75200000,75200000,0,298029,1,752,75200000,75200000,75200000,0,294135,1,752,75200000,75200000,75200000,0,311101,1,752,75200000,75200000,75200000,0,0,1,752,75200000,75200000,75200000,0,0.0,1.0,1.0,0.0,1.0,1.0,0.0,1.0,1.0,752,75500000,False,1.0,0.0,300.0,500.0,600000000000.0,100000000000.0,,753
1,near_tick_before,thermal_loop,758,controller_tick,75300000,75.3,1,0,75300000,753,75300000,TRIPPED,stale_input,0,0,62,1,0,reconstructed_from_retained_wire,True,,,311.0615783318456,298.01724924719304,294.13015148021833,0.9999998402591941,0.9999999999999599,302000.00000000594,382981.06333379616,0.0003015112964140974,63636.343305717484,-1.367880031466484e-08,0.000301511,298.017,294.13,311.062,0.0,301511,1,753,75300000,75300000,75300000,0,298017,1,753,75300000,75300000,75300000,0,294130,1,753,75300000,75300000,75300000,0,311062,1,753,75300000,75300000,75300000,0,0,1,753,75300000,75300000,75300000,0,0.0,1.0,1.0,0.0,1.0,1.0,0.0,1.0,1.0,753,75600000,False,1.0,0.0,300.0,500.0,600000000000.0,100000000000.0,,754
1,near_tick_before,thermal_loop,759,controller_tick,75400000,75.4,1,0,75400000,754,75400000,TRIPPED,stale_input,0,0,62,1,0,reconstructed_from_retained_wire,True,,,311.02248632168596,298.00546302055665,294.12541174014115,0.9999998554605416,0.9999999999999671,302000.00000000594,383529.9526306404,0.00030151130099747626,63636.34524043412,-1.4159013517200947e-08,0.000301511,298.005,294.125,311.022,0.0,301511,1,754,75400000,75400000,75400000,0,298005,1,754,75400000,75400000,75400000,0,294125,1,754,75400000,75400000,75400000,0,311022,1,754,75400000,75400000,75400000,0,0,1,754,75400000,75400000,75400000,0,0.0,1.0,1.0,0.0,1.0,1.0,0.0,1.0,1.0,754,75700000,False,1.0,0.0,300.0,500.0,600000000000.0,100000000000.0,,755
1,near_tick_before,thermal_loop,760,controller_tick,75500000,75.5,1,0,75500000,755,75500000,TRIPPED,stale_input,0,0,62,1,0,reconstructed_from_retained_wire,True,,,310.98347611815564,297.9936847181577,294.12062048215154,0.9999998692152896,0.999999999999973,302000.00000000594,384078.6036491881,0.000301511305144689,63636.346991038125,-1.4755642041563988e-08,0.000301511,297.994,294.121,310.983,0.0,301511,1,755,75500000,75500000,75500000,0,297994,1,755,75500000,75500000,75500000,0,294121,1,755,75500000,75500000,75500000,0,310983,1,755,75500000,75500000,75500000,0,0,1,755,75500000,75500000,75500000,0,0.0,1.0,1.0,0.0,1.0,1.0,0.0,1.0,1.0,755,75800000,False,1.0,0.0,300.0,500.0,600000000000.0,100000000000.0,,756
1,near_tick_before,thermal_loop,761,controller_tick,75600000,75.6,1,0,75600000,756,75600000,TRIPPED,stale_input,0,0,62,1,0,reconstructed_from_retained_wire,True,,,310.9445474990056,297.98191372050894,294.11577850029863,0.9999998816611003,0.9999999999999779,302000.00000000594,384627.0138334673,0.0003015113088972423,63636.34857505017,-1.5003024600446224e-08,0.000301511,297.982,294.116,310.945,0.0,301511,1,756,75600000,75600000,75600000,0,297982,1,756,75600000,75600000,75600000,0,294116,1,756,75600000,75600000,75600000,0,310945,1,756,75600000,75600000,75600000,0,0,1,756,75600000,75600000,75600000,0,0.0,1.0,1.0,0.0,1.0,1.0,0.0,1.0,1.0,756,75900000,False,1.0,0.0,300.0,500.0,600000000000.0,100000000000.0,,757
1,near_tick_before,thermal_loop,762,controller_tick,75700000,75.7,1,0,75700000,757,75700000,TRIPPED,stale_input,0,0,62,1,0,reconstructed_from_retained_wire,True,,,310.9057002408306,297.9701494305086,294.11088657149816,0.9999998929225355,0.9999999999999819,302000.00000000594,385175.18066677806,0.0003015113122926929,63636.350008323534,-1.4828401617705822e-08,0.000301511,297.97,294.111,310.906,0.0,301511,1,757,75700000,75700000,75700000,0,297970,1,757,75700000,75700000,75700000,0,294111,1,757,75700000,75700000,75700000,0,310906,1,757,75700000,75700000,75700000,0,0,1,757,75700000,75700000,75700000,0,0.0,1.0,1.0,0.0,1.0,1.0,0.0,1.0,1.0,757,76000000,False,1.0,0.0,300.0,500.0,600000000000.0,100000000000.0,,758
1,near_tick_before,thermal_loop,763,controller_tick,75800000,75.8,1,0,75800000,758,75800000,TRIPPED,stale_input,0,0,62,1,0,reconstructed_from_retained_wire,True,,,310.8669341191387,297.9583912727709,294.10594545599076,0.9999999031123035,0.9999999999999851,302000.00000000594,385723.1016708476,0.0003015113153650236,63636.351305202945,-1.4289980754256248e-08,0.000301511,297.958,294.106,310.867,0.0,301511,1,758,75800000,75800000,75800000,0,297958,1,758,75800000,75800000,75800000,0,294106,1,758,75800000,75800000,75800000,0,310867,1,758,75800000,75800000,75800000,0,0,1,758,75800000,75800000,75800000,0,0.0,1.0,1.0,0.0,1.0,1.0,0.0,1.0,1.0,758,76100000,False,1.0,0.0,300.0,500.0,600000000000.0,100000000000.0,,759
1,near_tick_before,thermal_loop,764,controller_tick,75900000,75.9,1,0,75900000,759,75900000,TRIPPED,stale_input,0,0,62,1,0,reconstructed_from_retained_wire,True,,,310.82824890841863,297.94663869297534,294.10095589778757,0.9999999123323869,0.9999999999999879,302000.00000000594,386270.7744050076,0.0003015113181449834,63636.352478667985,-1.3838871382176876e-08,0.000301511,297.947,294.101,310.828,0.0,301511,1,759,75900000,75900000,75900000,0,297947,1,759,75900000,75900000,75900000,0,294101,1,759,75900000,75900000,75900000,0,310828,1,759,75900000,75900000,75900000,0,0,1,759,75900000,75900000,75900000,0,0.0,1.0,1.0,0.0,1.0,1.0,0.0,1.0,1.0,759,76200000,False,1.0,0.0,300.0,500.0,600000000000.0,100000000000.0,,760
1,near_tick_before,thermal_loop,765,controller_tick,76000000,76.0,1,0,76000000,760,76000000,TRIPPED,stale_input,0,0,62,1,0,reconstructed_from_retained_wire,True,,,310.7896443822049,297.9348911572358,294.0959186251028,0.9999999206750634,0.99999999999999,302000.00000000594,386818.19646539347,0.0003015113206603951,63636.35354046306,-1.4406396076083183e-08,0.000301511,297.935,294.096,310.79,0.0,301511,1,760,76000000,76000000,76000000,0,297935,1,760,76000000,76000000,76000000,0,294096,1,760,76000000,76000000,76000000,0,310790,1,760,76000000,76000000,76000000,0,0,1,760,76000000,76000000,76000000,0,0.0,1.0,1.0,0.0,1.0,1.0,0.0,1.0,1.0,760,76300000,False,1.0,0.0,300.0,500.0,600000000000.0,100000000000.0,,761
1,near_tick_before,thermal_loop,766,controller_tick,76100000,76.1,1,0,76100000,761,76100000,TRIPPED,stale_input,0,0,62,1,0,reconstructed_from_retained_wire,True,,,310.75112031314103,297.9231481514868,294.0908343507749,0.9999999282238292,0.9999999999999919,302000.00000000594,387365.3654841654,0.0003015113229364337,63636.354501215,-1.4770193956792355e-08,0.000301511,297.923,294.091,310.751,0.0,301511,1,761,76100000,76100000,76100000,0,297923,1,761,76100000,76100000,76100000,0,294091,1,761,76100000,76100000,76100000,0,310751,1,761,76100000,76100000,76100000,0,0,1,761,76100000,76100000,76100000,0,0.0,1.0,1.0,0.0,1.0,1.0,0.0,1.0,1.0,761,76400000,False,1.0,0.0,300.0,500.0,600000000000.0,100000000000.0,,762
1,near_tick_before,thermal_loop,767,controller_tick,76200000,76.2,1,0,76200000,762,76200000,TRIPPED,stale_input,0,0,62,1,0,reconstructed_from_retained_wire,True,,,310.7126764730406,297.911409180888,294.085703772675,0.9999999350542349,0.9999999999999933,302000.00000000594,387912.27912874945,0.0003015113249958785,63636.35537053931,-1.4537363313138485e-08,0.000301511,297.911,294.086,310.713,0.0,301511,1,762,76200000,76200000,76200000,0,297911,1,762,76200000,76200000,76200000,0,294086,1,762,76200000,76200000,76200000,0,310713,1,762,76200000,76200000,76200000,0,0,1,762,76200000,76200000,76200000,0,0.0,1.0,1.0,0.0,1.0,1.0,0.0,1.0,1.0,762,76500000,False,1.0,0.0,300.0,500.0,600000000000.0,100000000000.0,,763
1,near_tick_before,thermal_loop,768,controller_tick,76300000,76.3,1,0,76300000,763,76300000,TRIPPED,stale_input,0,0,62,1,0,reconstructed_from_retained_wire,True,,,310.67431263294645,297.89967376924557,294.08052757410417,0.9999999412346416,0.9999999999999944,302000.00000000594,388458.9351010995,0.0003015113268593413,63636.35615713645,-1.4508259482681751e-08,0.000301511,297.9,294.081,310.674,0.0,301511,1,763,76300000,76300000,76300000,0,297900,1,763,76300000,76300000,76300000,0,294081,1,763,76300000,76300000,76300000,0,310674,1,763,76300000,76300000,76300000,0,0,1,763,76300000,76300000,76300000,0,0.0,1.0,1.0,0.0,1.0,1.0,0.0,1.0,1.0,763,76600000,False,1.0,0.0,300.0,500.0,600000000000.0,100000000000.0,,764
1,near_tick_before,thermal_loop,769,controller_tick,76400000,76.4,1,0,76400000,764,76400000,TRIPPED,stale_input,0,0,62,1,0,reconstructed_from_retained_wire,True,,,310.6360285631883,297.88794145845094,294.0753064241796,0.9999999468269049,0.9999999999999953,302000.00000000594,389005.33113697823,0.0003015113285454721,63636.356868879,-1.4711986295878887e-08,0.000301511,297.888,294.075,310.636,0.0,301511,1,764,76400000,76400000,76400000,0,297888,1,764,76400000,76400000,76400000,0,294075,1,764,76400000,76400000,76400000,0,310636,1,764,76400000,76400000,76400000,0,0,1,764,76400000,76400000,76400000,0,0.0,1.0,1.0,0.0,1.0,1.0,0.0,1.0,1.0,764,76700000,False,1.0,0.0,300.0,500.0,600000000000.0,100000000000.0,,765
1,near_tick_before,thermal_loop,770,controller_tick,76500000,76.5,1,0,76500000,765,76500000,TRIPPED,stale_input,0,0,62,1,0,reconstructed_from_retained_wire,True,,,310.59782403343775,297.8762118079348,294.07004097821,0.9999999518869939,0.9999999999999962,302000.00000000594,389551.4650052574,0.0003015113300711464,63636.35751289028,-1.4726538211107254e-08,0.000301511,297.876,294.07,310.598,0.0,301511,1,765,76500000,76500000,76500000,0,297876,1,765,76500000,76500000,76500000,0,294070,1,765,76500000,76500000,76500000,0,310598,1,765,76500000,76500000,76500000,0,0,1,765,76500000,76500000,76500000,0,0.0,1.0,1.0,0.0,1.0,1.0,0.0,1.0,1.0,765,76800000,False,1.0,0.0,300.0,500.0,600000000000.0,100000000000.0,,766
1,near_tick_before,thermal_loop,771,controller_tick,76600000,76.6,1,0,76600000,766,76600000,TRIPPED,stale_input,0,0,62,1,0,reconstructed_from_retained_wire,True,,,310.5596988127624,297.8644843941377,294.0647318780599,0.9999999564655517,0.9999999999999969,302000.00000000594,390097.3345072367,0.0003015113314516336,63636.3580956158,-1.461012288928032e-08,0.000301511,297.864,294.065,310.56,0.0,301511,1,766,76600000,76600000,76600000,0,297864,1,766,76600000,76600000,76600000,0,294065,1,766,76600000,76600000,76600000,0,310560,1,766,76600000,76600000,76600000,0,0,1,766,76600000,76600000,76600000,0,0.0,1.0,1.0,0.0,1.0,1.0,0.0,1.0,1.0,766,76900000,False,1.0,0.0,300.0,500.0,600000000000.0,100000000000.0,,767
1,near_tick_before,thermal_loop,772,controller_tick,76700000,76.7,1,0,76700000,767,76700000,TRIPPED,stale_input,0,0,62,1,0,reconstructed_from_retained_wire,True,,,310.52165266967756,297.85275880999563,294.0593797525043,0.9999999606084022,0.9999999999999973,302000.00000000594,390642.93747598026,0.00030151133270075,63636.35862288765,-1.4406396076083183e-08,0.000301511,297.853,294.059,310.522,0.0,301511,1,767,76700000,76700000,76700000,0,297853,1,767,76700000,76700000,76700000,0,294059,1,767,76700000,76700000,76700000,0,310522,1,767,76700000,76700000,76700000,0,0,1,767,76700000,76700000,76700000,0,0.0,1.0,1.0,0.0,1.0,1.0,0.0,1.0,1.0,767,77000000,False,1.0,0.0,300.0,500.0,600000000000.0,100000000000.0,,768
1,near_tick_before,thermal_loop,773,controller_tick,76800000,76.8,1,0,76800000,768,76800000,TRIPPED,stale_input,0,0,62,1,0,reconstructed_from_retained_wire,True,,,310.48368537219676,297.8410346644403,294.0539852175729,0.9999999643570084,0.9999999999999978,302000.00000000594,391188.271775671,0.0003015113338309973,63636.359099982976,-1.3737007975578308e-08,0.000301511,297.841,294.054,310.484,0.0,301511,1,768,76800000,76800000,76800000,0,297841,1,768,76800000,76800000,76800000,0,294054,1,768,76800000,76800000,76800000,0,310484,1,768,76800000,76800000,76800000,0,0,1,768,76800000,76800000,76800000,0,0.0,1.0,1.0,0.0,1.0,1.0,0.0,1.0,1.0,768,77100000,False,1.0,0.0,300.0,500.0,600000000000.0,100000000000.0,,769
1,near_tick_before,thermal_loop,774,controller_tick,76900000,76.9,1,0,76900000,769,76900000,TRIPPED,stale_input,0,0,62,1,0,reconstructed_from_retained_wire,True,,,310.4457966878804,297.8293115819142,294.04854887688487,0.9999999677488877,0.9999999999999982,302000.00000000594,391733.3353009816,0.00030151133485368733,63636.3595316767,-1.3242242857813835e-08,0.000301511,297.829,294.049,310.446,0.0,301511,1,769,76900000,76900000,76900000,0,297829,1,769,76900000,76900000,76900000,0,294049,1,769,76900000,76900000,76900000,0,310446,1,769,76900000,76900000,76900000,0,0,1,769,76900000,76900000,76900000,0,0.0,1.0,1.0,0.0,1.0,1.0,0.0,1.0,1.0,769,77200000,False,1.0,0.0,300.0,500.0,600000000000.0,100000000000.0,,770
1,near_tick_before,thermal_loop,775,controller_tick,77000000,77.0,1,0,77000000,770,77000000,TRIPPED,stale_input,0,0,62,1,0,reconstructed_from_retained_wire,True,,,310.4079863838827,297.8175892018996,294.0430713219741,0.9999999708179867,0.9999999999999984,302000.00000000594,392278.12597646227,0.00030151133577905557,63636.35992228928,-1.2980308383703232e-08,0.000301511,297.818,294.043,310.408,0.0,301511,1,770,77000000,77000000,77000000,0,297818,1,770,77000000,77000000,77000000,0,294043,1,770,77000000,77000000,77000000,0,310408,1,770,77000000,77000000,77000000,0,0,1,770,77000000,77000000,77000000,0,0.0,1.0,1.0,0.0,1.0,1.0,0.0,1.0,1.0,770,77300000,False,1.0,0.0,300.0,500.0,600000000000.0,100000000000.0,,771
1,near_tick_before,thermal_loop,776,controller_tick,77100000,77.1,1,0,77100000,771,77100000,TRIPPED,stale_input,0,0,62,1,0,reconstructed_from_retained_wire,True,,,310.37025422699753,297.8058671784612,294.0375531326053,0.9999999735950226,0.9999999999999987,302000.00000000594,392822.6417559444,0.00030151133661636333,63636.36027573021,-1.1961674317717552e-08,0.000301511,297.806,294.038,310.37,0.0,301511,1,771,77100000,77100000,77100000,0,297806,1,771,77100000,77100000,77100000,0,294038,1,771,77100000,77100000,77100000,0,310370,1,771,77100000,77100000,77100000,0,0,1,771,77100000,77100000,77100000,0,0.0,1.0,1.0,0.0,1.0,1.0,0.0,1.0,1.0,771,77400000,False,1.0,0.0,300.0,500.0,600000000000.0,100000000000.0,,772
1,near_tick_before,thermal_loop,777,controller_tick,77200000,77.2,1,0,77200000,772,77200000,TRIPPED,stale_input,0,0,62,1,0,reconstructed_from_retained_wire,True,,,310.33259998370227,297.79414517980194,294.0319948770813,0.9999999761077885,0.9999999999999989,302000.00000000594,393366.8806219597,0.00030151133737399074,63636.360595536746,-1.1918018572032452e-08,0.000301511,297.794,294.032,310.333,0.0,301511,1,772,77200000,77200000,77200000,0,297794,1,772,77200000,77200000,77200000,0,294032,1,772,77200000,77200000,77200000,0,310333,1,772,77200000,77200000,77200000,0,0,1,772,77200000,77200000,77200000,0,0.0,1.0,1.0,0.0,1.0,1.0,0.0,1.0,1.0,772,77500000,False,1.0,0.0,300.0,500.0,600000000000.0,100000000000.0,,773
1,near_tick_before,thermal_loop,778,controller_tick,77300000,77.3,1,0,77300000,773,77300000,TRIPPED,stale_input,0,0,62,1,0,reconstructed_from_retained_wire,True,,,310.29502342020055,297.78242288783173,294.0263971125416,0.999999978381433,0.9999999999999991,302000.00000000594,393910.84058517485,0.00030151133805952045,63636.36088490966,-1.2601958587765694e-08,0.000301511,297.782,294.026,310.295,0.0,301511,1,773,77300000,77300000,77300000,0,297782,1,773,77300000,77300000,77300000,0,294026,1,773,77300000,77300000,77300000,0,310295,1,773,77300000,77300000,77300000,0,0,1,773,77300000,77300000,77300000,0,0.0,1.0,1.0,0.0,1.0,1.0,0.0,1.0,1.0,773,77600000,False,1.0,0.0,300.0,500.0,600000000000.0,100000000000.0,,774
1,near_tick_before,thermal_loop,779,controller_tick,77400000,77.4,1,0,77400000,774,77400000,TRIPPED,stale_input,0,0,62,1,0,reconstructed_from_retained_wire,True,,,310.25752430246365,297.77069999774875,294.02076038525263,0.9999999804387116,0.9999999999999993,302000.00000000594,394454.5196838405,0.00030151133867981333,63636.361146745134,-1.3184035196900368e-08,0.000301511,297.771,294.021,310.258,0.0,301511,1,774,77400000,77400000,77400000,0,297771,1,774,77400000,77400000,77400000,0,294021,1,774,77400000,77400000,77400000,0,310258,1,774,77400000,77400000,77400000,0,0,1,774,77400000,77400000,77400000,0,0.0,1.0,1.0,0.0,1.0,1.0,0.0,1.0,1.0,774,77700000,False,1.0,0.0,300.0,500.0,600000000000.0,100000000000.0,,775
1,near_tick_before,thermal_loop,780,controller_tick,77500000,77.5,1,0,77500000,775,77500000,TRIPPED,stale_input,0,0,62,1,0,reconstructed_from_retained_wire,True,,,310.22010239627025,297.7589762176328,294.0150852308898,0.9999999823002144,0.9999999999999994,302000.00000000594,394997.9159832546,0.00030151133924107747,63636.36138366366,-1.2732925824820995e-08,0.000301511,297.759,294.015,310.22,0.0,301511,1,775,77500000,77500000,77500000,0,297759,1,775,77500000,77500000,77500000,0,294015,1,775,77500000,77500000,77500000,0,310220,1,775,77500000,77500000,77500000,0,0,1,775,77500000,77500000,77500000,0,0.0,1.0,1.0,0.0,1.0,1.0,0.0,1.0,1.0,775,77800000,False,1.0,0.0,300.0,500.0,600000000000.0,100000000000.0,,776
1,near_tick_before,thermal_loop,781,controller_tick,77600000,77.6,1,0,77600000,776,77600000,TRIPPED,stale_input,0,0,62,1,0,reconstructed_from_retained_wire,True,,,310.1827574672448,297.74725126805055,294.0093721748114,0.9999999839845716,0.9999999999999994,302000.00000000594,395541.0275752398,0.00030151133974893024,63636.36159803641,-1.2238160707056522e-08,0.000301511,297.747,294.009,310.183,0.0,301511,1,776,77600000,77600000,77600000,0,297747,1,776,77600000,77600000,77600000,0,294009,1,776,77600000,77600000,77600000,0,310183,1,776,77600000,77600000,77600000,0,0,1,776,77600000,77600000,77600000,0,0.0,1.0,1.0,0.0,1.0,1.0,0.0,1.0,1.0,776,77900000,False,1.0,0.0,300.0,500.0,600000000000.0,100000000000.0,,777
1,near_tick_before,thermal_loop,782,controller_tick,77700000,77.7,1,0,77700000,777,77700000,TRIPPED,stale_input,0,0,62,1,0,reconstructed_from_retained_wire,True,,,310.1454892808953,297.7355248816721,294.00362173232537,0.9999999855086411,0.9999999999999994,302000.00000000594,396083.85257763433,0.00030151134020845453,63636.36179200887,-1.1568772606551647e-08,0.000301511,297.736,294.004,310.145,0.0,301511,1,777,77700000,77700000,77700000,0,297736,1,777,77700000,77700000,77700000,0,294004,1,777,77700000,77700000,77700000,0,310145,1,777,77700000,77700000,77700000,0,0,1,777,77700000,77700000,77700000,0,0.0,1.0,1.0,0.0,1.0,1.0,0.0,1.0,1.0,777,78000000,False,1.0,0.0,300.0,500.0,600000000000.0,100000000000.0,,778
1,near_tick_before,thermal_loop,783,controller_tick,77800000,77.8,1,0,77800000,778,77800000,TRIPPED,stale_input,0,0,62,1,0,reconstructed_from_retained_wire,True,,,310.10829760264863,297.72379680289896,293.997834408948,0.9999999868876762,0.9999999999999994,302000.00000000594,396626.38913379604,0.00030151134062424926,63636.36196752243,-1.2194504961371422e-08,0.000301511,297.724,293.998,310.108,0.0,301511,1,778,77800000,77800000,77800000,0,297724,1,778,77800000,77800000,77800000,0,293998,1,778,77800000,77800000,77800000,0,310108,1,778,77800000,77800000,77800000,0,0,1,778,77800000,77800000,77800000,0,0.0,1.0,1.0,0.0,1.0,1.0,0.0,1.0,1.0,778,78100000,False,1.0,0.0,300.0,500.0,600000000000.0,100000000000.0,,779
1,near_tick_before,thermal_loop,784,controller_tick,77900000,77.9,1,0,77900000,779,77900000,TRIPPED,stale_input,0,0,62,1,0,reconstructed_from_retained_wire,True,,,310.0711821978863,297.71206678750224,293.9920107006559,0.9999999881354789,0.9999999999999994,302000.00000000594,397168.635412119,0.0003015113410004759,63636.362126333675,-1.2223608791828156e-08,0.000301511,297.712,293.992,310.071,0.0,301511,1,779,77900000,77900000,77900000,0,297712,1,779,77900000,77900000,77900000,0,293992,1,779,77900000,77900000,77900000,0,310071,1,779,77900000,77900000,77900000,0,0,1,779,77900000,77900000,77900000,0,0.0,1.0,1.0,0.0,1.0,1.0,0.0,1.0,1.0,779,78200000,False,1.0,0.0,300.0,500.0,600000000000.0,100000000000.0,,780
1,near_tick_before,thermal_loop,785,controller_tick,78000000,78.0,1,0,78000000,780,78000000,TRIPPED,stale_input,0,0,62,1,0,reconstructed_from_retained_wire,True,,,310.0341428319773,297.7003346022722,293.98615109413026,0.9999999892645374,0.9999999999999994,302000.00000000594,397710.58960556274,0.00030151134134089985,63636.36227003204,-1.2645614333450794e-08,0.000301511,297.7,293.986,310.034,0.0,301511,1,780,78000000,78000000,78000000,0,297700,1,780,78000000,78000000,78000000,0,293986,1,780,78000000,78000000,78000000,0,310034,1,780,78000000,78000000,78000000,0,0,1,780,78000000,78000000,78000000,0,0.0,1.0,1.0,0.0,1.0,1.0,0.0,1.0,1.0,780,78300000,False,1.0,0.0,300.0,500.0,600000000000.0,100000000000.0,,781
1,near_tick_before,thermal_loop,786,controller_tick,78100000,78.1,1,0,78100000,781,78100000,TRIPPED,stale_input,0,0,62,1,0,reconstructed_from_retained_wire,True,,,309.9971792703111,297.6886000246774,293.980256066995,0.9999999902861517,0.9999999999999994,302000.00000000594,398252.2499311934,0.00030151134164892814,63636.362400055696,-1.2674718163907528e-08,0.000301511,297.689,293.98,309.997,0.0,301511,1,781,78100000,78100000,78100000,0,297689,1,781,78100000,78100000,78100000,0,293980,1,781,78100000,78100000,78100000,0,309997,1,781,78100000,78100000,78100000,0,0,1,781,78100000,78100000,78100000,0,0.0,1.0,1.0,0.0,1.0,1.0,0.0,1.0,1.0,781,78400000,False,1.0,0.0,300.0,500.0,600000000000.0,100000000000.0,,782
1,near_tick_before,thermal_loop,787,controller_tick,78200000,78.2,1,0,78200000,782,78200000,TRIPPED,stale_input,0,0,62,1,0,reconstructed_from_retained_wire,True,,,309.96029127832895,297.67686284253364,293.97432608804763,0.9999999912105466,0.9999999999999994,302000.00000000594,398793.6146297368,0.0003015113419276437,63636.36251770594,-1.2863893061876297e-08,0.000301511,297.677,293.974,309.96,0.0,301511,1,782,78200000,78200000,78200000,0,297677,1,782,78200000,78200000,78200000,0,293974,1,782,78200000,78200000,78200000,0,309960,1,782,78200000,78200000,78200000,0,0,1,782,78200000,78200000,78200000,0,0.0,1.0,1.0,0.0,1.0,1.0,0.0,1.0,1.0,782,78500000,False,1.0,0.0,300.0,500.0,600000000000.0,100000000000.0,,783
1,near_tick_before,thermal_loop,788,controller_tick,78300000,78.3,1,0,78300000,783,78300000,TRIPPED,stale_input,0,0,62,1,0,reconstructed_from_retained_wire,True,,,309.9234786215541,297.6651228536832,293.96836161748394,0.9999999920469737,0.9999999999999994,302000.00000000594,399334.68196514255,0.000301511342179836,63636.36262416029,-1.3693352229893208e-08,0.000301511,297.665,293.968,309.923,0.0,301511,1,783,78300000,78300000,78300000,0,297665,1,783,78300000,78300000,78300000,0,293968,1,783,78300000,78300000,78300000,0,309923,1,783,78300000,78300000,78300000,0,0,1,783,78300000,78300000,78300000,0,0.0,1.0,1.0,0.0,1.0,1.0,0.0,1.0,1.0,783,78600000,False,1.0,0.0,300.0,500.0,600000000000.0,100000000000.0,,784
1,near_tick_before,thermal_loop,789,controller_tick,78400000,78.4,1,0,78400000,784,78400000,TRIPPED,stale_input,0,0,62,1,0,reconstructed_from_retained_wire,True,,,309.88674106562144,297.65337986568284,293.9623631071166,0.9999999928038041,0.9999999999999994,302000.00000000594,399875.4502241596,0.0003015113424080289,63636.362720484176,-1.3445969671010971e-08,0.000301511,297.653,293.962,309.887,0.0,301511,1,784,78400000,78400000,78400000,0,297653,1,784,78400000,78400000,78400000,0,293962,1,784,78400000,78400000,78400000,0,309887,1,784,78400000,78400000,78400000,0,0,1,784,78400000,78400000,78400000,0,0.0,1.0,1.0,0.0,1.0,1.0,0.0,1.0,1.0,784,78700000,False,1.0,0.0,300.0,500.0,600000000000.0,100000000000.0,,785
1,near_tick_before,thermal_loop,790,controller_tick,78500000,78.5,1,0,78500000,785,78500000,TRIPPED,stale_input,0,0,62,1,0,reconstructed_from_retained_wire,True,,,309.8500783763055,297.6416336955008,293.956331000587,0.9999999934886127,0.9999999999999994,302000.00000000594,400415.91771592246,0.0003015113426145065,63636.3628076416,-1.2951204553246498e-08,0.000301511,297.642,293.956,309.85,0.0,301511,1,785,78500000,78500000,78500000,0,297642,1,785,78500000,78500000,78500000,0,293956,1,785,78500000,78500000,78500000,0,309850,1,785,78500000,78500000,78500000,0,0,1,785,78500000,78500000,78500000,0,0.0,1.0,1.0,0.0,1.0,1.0,0.0,1.0,1.0,785,78800000,False,1.0,0.0,300.0,500.0,600000000000.0,100000000000.0,,786
1,near_tick_before,thermal_loop,791,controller_tick,78600000,78.6,1,0,78600000,786,78600000,TRIPPED,stale_input,0,0,62,1,0,reconstructed_from_retained_wire,True,,,309.8134903195477,297.6298841692233,293.950265733572,0.999999994108253,0.9999999999999994,302000.00000000594,400956.0827715478,0.0003015113428013351,63636.362886504925,-1.2936652638018131e-08,0.000301511,297.63,293.95,309.813,0.0,301511,1,786,78600000,78600000,78600000,0,297630,1,786,78600000,78600000,78600000,0,293950,1,786,78600000,78600000,78600000,0,309813,1,786,78600000,78600000,78600000,0,0,1,786,78600000,78600000,78600000,0,0.0,1.0,1.0,0.0,1.0,1.0,0.0,1.0,1.0,786,78900000,False,1.0,0.0,300.0,500.0,600000000000.0,100000000000.0,,787
1,near_tick_before,thermal_loop,792,controller_tick,78700000,78.7,1,0,78700000,787,78700000,TRIPPED,stale_input,0,0,62,1,0,reconstructed_from_retained_wire,True,,,309.7769766614834,297.618131121769,293.94416773398416,0.999999994668927,0.9999999999999994,302000.00000000594,401495.9437437409,0.00030151134297038464,63636.36295786342,-1.2645614333450794e-08,0.000301511,297.618,293.944,309.777,0.0,301511,1,787,78700000,78700000,78700000,0,297618,1,787,78700000,78700000,78700000,0,293944,1,787,78700000,78700000,78700000,0,309777,1,787,78700000,78700000,78700000,0,0,1,787,78700000,78700000,78700000,0,0.0,1.0,1.0,0.0,1.0,1.0,0.0,1.0,1.0,787,79000000,False,1.0,0.0,300.0,500.0,600000000000.0,100000000000.0,,788
1,near_tick_before,thermal_loop,793,controller_tick,78800000,78.8,1,0,78800000,788,78800000,TRIPPED,stale_input,0,0,62,1,0,reconstructed_from_retained_wire,True,,,309.74053716846646,297.60637439661184,293.9380374221669,0.9999999951762457,0.9999999999999994,302000.00000000594,402035.499006413,0.00030151134312334703,63636.363022431266,-1.2587406672537327e-08,0.000301511,297.606,293.938,309.741,0.0,301511,1,788,78800000,78800000,78800000,0,297606,1,788,78800000,78800000,78800000,0,293938,1,788,78800000,78800000,78800000,0,309741,1,788,78800000,78800000,78800000,0,0,1,788,78800000,78800000,78800000,0,0.0,1.0,1.0,0.0,1.0,1.0,0.0,1.0,1.0,788,79100000,False,1.0,0.0,300.0,500.0,600000000000.0,100000000000.0,,789
1,near_tick_before,thermal_loop,794,controller_tick,78900000,78.9,1,0,78900000,789,78900000,TRIPPED,stale_input,0,0,62,1,0,reconstructed_from_retained_wire,True,,,309.70417160709445,297.59461384551213,293.93187521108393,0.9999999956352866,0.9999999999999994,302000.00000000594,402574.7469543071,0.000301511343261753,63636.36308085466,-1.2194504961371422e-08,0.000301511,297.595,293.932,309.704,0.0,301511,1,789,78900000,78900000,78900000,0,297595,1,789,78900000,78900000,78900000,0,293932,1,789,78900000,78900000,78900000,0,309704,1,789,78900000,78900000,78900000,0,0,1,789,78900000,78900000,78900000,0,0.0,1.0,1.0,0.0,1.0,1.0,0.0,1.0,1.0,789,79200000,False,1.0,0.0,300.0,500.0,600000000000.0,100000000000.0,,790
1,near_tick_before,thermal_loop,795,controller_tick,79000000,79.0,1,0,79000000,790,79000000,TRIPPED,stale_input,0,0,62,1,0,reconstructed_from_retained_wire,True,,,309.66787974423204,297.5828493282556,293.92568150650357,0.999999996050644,0.9999999999999994,302000.00000000594,403113.6860026336,0.00030151134338698803,63636.36313371834,-1.2412783689796925e-08,0.000301511,297.583,293.926,309.668,0.0,301511,1,790,79000000,79000000,79000000,0,297583,1,790,79000000,79000000,79000000,0,293926,1,790,79000000,79000000,79000000,0,309668,1,790,79000000,79000000,79000000,0,0,1,790,79000000,79000000,79000000,0,0.0,1.0,1.0,0.0,1.0,1.0,0.0,1.0,1.0,790,79300000,False,1.0,0.0,300.0,500.0,600000000000.0,100000000000.0,,791
1,near_tick_before,thermal_loop,796,controller_tick,79100000,79.1,1,0,79100000,791,79100000,TRIPPED,stale_input,0,0,62,1,0,reconstructed_from_retained_wire,True,,,309.6316613470341,297.5710807123995,293.91945670717774,0.9999999964264749,0.9999999999999994,302000.00000000594,403652.3145867154,0.00030151134350030526,63636.363181551336,-1.2558302842080593e-08,0.000301511,297.571,293.919,309.632,0.0,301511,1,791,79100000,79100000,79100000,0,297571,1,791,79100000,79100000,79100000,0,293919,1,791,79100000,79100000,79100000,0,309632,1,791,79100000,79100000,79100000,0,0,1,791,79100000,79100000,79100000,0,0.0,1.0,1.0,0.0,1.0,1.0,0.0,1.0,1.0,791,79400000,False,1.0,0.0,300.0,500.0,600000000000.0,100000000000.0,,792
1,near_tick_before,thermal_loop,797,controller_tick,79200000,79.2,1,0,79200000,792,79200000,TRIPPED,stale_input,0,0,62,1,0,reconstructed_from_retained_wire,True,,,309.59551618296734,297.5593078730272,293.9132012050162,0.9999999967665407,0.9999999999999994,302000.00000000594,404190.6311616411,0.000301511343602839,63636.36322483244,-1.2587406672537327e-08,0.000301511,297.559,293.913,309.596,0.0,301511,1,792,79200000,79200000,79200000,0,297559,1,792,79200000,79200000,79200000,0,293913,1,792,79200000,79200000,79200000,0,309596,1,792,79200000,79200000,79200000,0,0,1,792,79200000,79200000,79200000,0,0.0,1.0,1.0,0.0,1.0,1.0,0.0,1.0,1.0,792,79500000,False,1.0,0.0,300.0,500.0,600000000000.0,100000000000.0,,793
1,near_tick_before,thermal_loop,798,controller_tick,79300000,79.3,1,0,79300000,793,79300000,TRIPPED,stale_input,0,0,62,1,0,reconstructed_from_retained_wire,True,,,309.55944401983214,297.5475306925085,293.9069153852556,0.999999997074245,0.9999999999999994,302000.00000000594,404728.6342019272,0.00030151134369561534,63636.36326399482,-1.2820237316191196e-08,0.000301511,297.548,293.907,309.559,0.0,301511,1,793,79300000,79300000,79300000,0,297548,1,793,79300000,79300000,79300000,0,293907,1,793,79300000,79300000,79300000,0,309559,1,793,79300000,79300000,79300000,0,0,1,793,79300000,79300000,79300000,0,0.0,1.0,1.0,0.0,1.0,1.0,0.0,1.0,1.0,793,79600000,False,1.0,0.0,300.0,500.0,600000000000.0,100000000000.0,,794
1,near_tick_before,thermal_loop,799,controller_tick,79400000,79.4,1,0,79400000,794,79400000,TRIPPED,stale_input,0,0,62,1,0,reconstructed_from_retained_wire,True,,,309.5234446257824,297.5357490602681,293.90059962662446,0.9999999973526674,0.9999999999999994,302000.00000000594,405266.3222011889,0.00030151134377956283,63636.36329943039,-1.2878444977104664e-08,0.000301511,297.536,293.901,309.523,0.0,301511,1,794,79400000,79400000,79400000,0,297536,1,794,79400000,79400000,79400000,0,293901,1,794,79400000,79400000,79400000,0,309523,1,794,79400000,79400000,79400000,0,0,1,794,79400000,79400000,79400000,0,0.0,1.0,1.0,0.0,1.0,1.0,0.0,1.0,1.0,794,79700000,False,1.0,0.0,300.0,500.0,600000000000.0,100000000000.0,,795
1,near_tick_before,thermal_loop,800,controller_tick,79500000,79.5,1,0,79500000,795,79500000,TRIPPED,stale_input,0,0,62,1,0,reconstructed_from_retained_wire,True,,,309.48751776934574,297.52396287256056,293.8942543015026,0.9999999976045945,0.9999999999999994,302000.00000000594,405803.6936718182,0.0003015113438555217,63636.363331493834,-1.3242242857813835e-08,0.000301511,297.524,293.894,309.488,0.0,301511,1,795,79500000,79500000,79500000,0,297524,1,795,79500000,79500000,79500000,0,293894,1,795,79500000,79500000,79500000,0,309488,1,795,79500000,79500000,79500000,0,0,1,795,79500000,79500000,79500000,0,0.0,1.0,1.0,0.0,1.0,1.0,0.0,1.0,1.0,795,79800000,False,1.0,0.0,300.0,500.0,600000000000.0,100000000000.0,,796
1,near_tick_before,thermal_loop,801,controller_tick,79600000,79.6,1,0,79600000,796,79600000,TRIPPED,stale_input,0,0,62,1,0,reconstructed_from_retained_wire,True,,,309.45166321944237,297.5121720322515,293.88787977607717,0.9999999978325474,0.9999999999999994,302000.00000000594,406340.7471446707,0.0003015113439242521,63636.36336050604,-1.3111275620758533e-08,0.000301511,297.512,293.888,309.452,0.0,301511,1,796,79600000,79600000,79600000,0,297512,1,796,79600000,79600000,79600000,0,293888,1,796,79600000,79600000,79600000,0,309452,1,796,79600000,79600000,79600000,0,0,1,796,79600000,79600000,79600000,0,0.0,1.0,1.0,0.0,1.0,1.0,0.0,1.0,1.0,796,79900000,False,1.0,0.0,300.0,500.0,600000000000.0,100000000000.0,,797
1,near_tick_before,thermal_loop,802,controller_tick,79700000,79.7,1,0,79700000,797,79700000,TRIPPED,stale_input,0,0,62,1,0,reconstructed_from_retained_wire,True,,,309.41588074540323,297.5003764486055,293.88147641049363,0.9999999980388079,0.9999999999999994,302000.00000000594,406877.48116875975,0.00030151134398644194,63636.36338675739,-1.359148882329464e-08,0.000301511,297.5,293.881,309.416,0.0,301511,1,797,79700000,79700000,79700000,0,297500,1,797,79700000,79700000,79700000,0,293881,1,797,79700000,79700000,79700000,0,309416,1,797,79700000,79700000,79700000,0,0,1,797,79700000,79700000,79700000,0,0.0,1.0,1.0,0.0,1.0,1.0,0.0,1.0,1.0,797,80000000,False,1.0,0.0,300.0,500.0,600000000000.0,100000000000.0,,798
1,near_tick_before,thermal_loop,803,controller_tick,79800000,79.8,1,0,79800000,798,79800000,TRIPPED,stale_input,0,0,62,1,0,reconstructed_from_retained_wire,True,,,309.3801701169879,297.4885760370803,293.87504455900284,0.99999999822544,0.9999999999999994,302000.00000000594,407413.89431095804,0.00030151134404271366,63636.36341051052,-1.3504177331924438e-08,0.000301511,297.489,293.875,309.38,0.0,301511,1,798,79800000,79800000,79800000,0,297489,1,798,79800000,79800000,79800000,0,293875,1,798,79800000,79800000,79800000,0,309380,1,798,79800000,79800000,79800000,0,0,1,798,79800000,79800000,79800000,0,0.0,1.0,1.0,0.0,1.0,1.0,0.0,1.0,1.0,798,80100000,False,1.0,0.0,300.0,500.0,600000000000.0,100000000000.0,,799
1,near_tick_before,thermal_loop,804,controller_tick,79900000,79.9,1,0,79900000,799,79900000,TRIPPED,stale_input,0,0,62,1,0,reconstructed_from_retained_wire,True,,,309.34453110440137,297.47677071912665,293.8685845701041,0.9999999983943116,0.9999999999999994,302000.00000000594,407949.9851557063,0.00030151134409363035,63636.363432003316,-1.3838871382176876e-08,0.000301511,297.477,293.869,309.345,0.0,301511,1,799,79900000,79900000,79900000,0,297477,1,799,79900000,79900000,79900000,0,293869,1,799,79900000,79900000,79900000,0,309345,1,799,79900000,79900000,79900000,0,0,1,799,79900000,79900000,79900000,0,0.0,1.0,1.0,0.0,1.0,1.0,0.0,1.0,1.0,799,80200000,False,1.0,0.0,300.0,500.0,600000000000.0,100000000000.0,,800
1,near_tick_before,thermal_loop,805,controller_tick,80000000,80.0,1,0,80000000,800,80000000,TRIPPED,stale_input,0,0,62,1,0,reconstructed_from_retained_wire,True,,,309.30896347831043,297.4649604219945,293.86209678668394,0.9999999985471132,0.9999999999999994,302000.00000000594,408485.7523047294,0.0003015113441397018,63636.363451450765,-1.3606040738523006e-08,0.000301511,297.465,293.862,309.309,0.0,301511,1,800,80000000,80000000,80000000,0,297465,1,800,80000000,80000000,80000000,0,293862,1,800,80000000,80000000,80000000,0,309309,1,800,80000000,80000000,80000000,0,0,1,800,80000000,80000000,80000000,0,0.0,1.0,1.0,0.0,1.0,1.0,0.0,1.0,1.0,800,80300000,False,1.0,0.0,300.0,500.0,600000000000.0,100000000000.0,,801
1,near_tick_before,thermal_loop,806,controller_tick,80100000,80.1,1,0,80100000,801,80100000,TRIPPED,stale_input,0,0,62,1,0,reconstructed_from_retained_wire,True,,,309.27346700985936,297.4531450785443,293.8555815461516,0.9999999986853737,0.9999999999999994,302000.00000000594,409021.19437675906,0.0003015113441813889,63636.36346904756,-1.359148882329464e-08,0.000301511,297.453,293.856,309.273,0.0,301511,1,801,80100000,80100000,80100000,0,297453,1,801,80100000,80100000,80100000,0,293856,1,801,80100000,80100000,80100000,0,309273,1,801,80100000,80100000,80100000,0,0,1,801,80100000,80100000,80100000,0,0.0,1.0,1.0,0.0,1.0,1.0,0.0,1.0,1.0,801,80400000,False,1.0,0.0,300.0,500.0,600000000000.0,100000000000.0,,802
1,near_tick_before,thermal_loop,807,controller_tick,80200000,80.2,1,0,80200000,802,80200000,TRIPPED,stale_input,0,0,62,1,0,reconstructed_from_retained_wire,True,,,309.23804147068506,297.4413246270647,293.8490391805702,0.999999998810477,0.9999999999999994,302000.00000000594,409556.31000726327,0.0003015113442191089,63636.36348496981,-1.2834789231419563e-08,0.000301511,297.441,293.849,309.238,0.0,301511,1,802,80200000,80200000,80200000,0,297441,1,802,80200000,80200000,80200000,0,293849,1,802,80200000,80200000,80200000,0,309238,1,802,80200000,80200000,80200000,0,0,1,802,80200000,80200000,80200000,0,0.0,1.0,1.0,0.0,1.0,1.0,0.0,1.0,1.0,802,80500000,False,1.0,0.0,300.0,500.0,600000000000.0,100000000000.0,,803
1,near_tick_before,thermal_loop,808,controller_tick,80300000,80.3,1,0,80300000,803,80300000,TRIPPED,stale_input,0,0,62,1,0,reconstructed_from_retained_wire,True,,,309.20268663293155,297.42949901109455,293.8424700167845,0.999999998923675,0.9999999999999994,302000.00000000594,410091.09784818214,0.00030151134425323943,63636.363499376814,-1.2209056876599789e-08,0.000301511,297.429,293.842,309.203,0.0,301511,1,803,80300000,80300000,80300000,0,297429,1,803,80300000,80300000,80300000,0,293842,1,803,80300000,80300000,80300000,0,309203,1,803,80300000,80300000,80300000,0,0,1,803,80300000,80300000,80300000,0,0.0,1.0,1.0,0.0,1.0,1.0,0.0,1.0,1.0,803,80600000,False,1.0,0.0,300.0,500.0,600000000000.0,100000000000.0,,804
1,near_tick_before,thermal_loop,809,controller_tick,80400000,80.4,1,0,80400000,804,80400000,TRIPPED,stale_input,0,0,62,1,0,reconstructed_from_retained_wire,True,,,309.1674022692639,297.4176681792508,293.8358743765454,0.9999999990261009,0.9999999999999994,302000.00000000594,410625.5565676702,0.000301511344284122,63636.363512412856,-1.2209056876599789e-08,0.000301511,297.418,293.836,309.167,0.0,301511,1,804,80400000,80400000,80400000,0,297418,1,804,80400000,80400000,80400000,0,293836,1,804,80400000,80400000,80400000,0,309167,1,804,80400000,80400000,80400000,0,0,1,804,80400000,80400000,80400000,0,0.0,1.0,1.0,0.0,1.0,1.0,0.0,1.0,1.0,804,80700000,False,1.0,0.0,300.0,500.0,600000000000.0,100000000000.0,,805
1,near_tick_before,thermal_loop,810,controller_tick,80500000,80.5,1,0,80500000,805,80500000,TRIPPED,stale_input,0,0,62,1,0,reconstructed_from_retained_wire,True,,,309.13218815288167,297.4058320850616,293.8292525766307,0.9999999991187796,0.9999999999999994,302000.00000000594,411159.68484984466,0.00030151134431206564,63636.363524208304,-1.2121745385229588e-08,0.000301511,297.406,293.829,309.132,0.0,301511,1,805,80500000,80500000,80500000,0,297406,1,805,80500000,80500000,80500000,0,293829,1,805,80500000,80500000,80500000,0,309132,1,805,80500000,80500000,80500000,0,0,1,805,80500000,80500000,80500000,0,0.0,1.0,1.0,0.0,1.0,1.0,0.0,1.0,1.0,805,80800000,False,1.0,0.0,300.0,500.0,600000000000.0,100000000000.0,,806
1,near_tick_before,thermal_loop,811,controller_tick,80600000,80.6,1,0,80600000,806,80600000,TRIPPED,stale_input,0,0,62,1,0,reconstructed_from_retained_wire,True,,,309.09704405753166,297.39399068680353,293.8226049289626,0.9999999992026388,0.9999999999999994,302000.00000000594,411693.48139453994,0.0003015113443373502,63636.363534881304,-1.2369127944111824e-08,0.000301511,297.394,293.823,309.097,0.0,301511,1,806,80600000,80600000,80600000,0,297394,1,806,80600000,80600000,80600000,0,293823,1,806,80600000,80600000,80600000,0,309097,1,806,80600000,80600000,80600000,0,0,1,806,80600000,80600000,80600000,0,0.0,1.0,1.0,0.0,1.0,1.0,0.0,1.0,1.0,806,80900000,False,1.0,0.0,300.0,500.0,600000000000.0,100000000000.0,,807
1,near_tick_before,thermal_loop,812,controller_tick,80700000,80.7,1,0,80700000,807,80700000,TRIPPED,stale_input,0,0,62,1,0,reconstructed_from_retained_wire,True,,,309.06196975752056,297.3821439473446,293.8159317407218,0.9999999992785178,0.9999999999999994,302000.00000000594,412226.94491706725,0.00030151134436022856,63636.363544538624,-1.2601958587765694e-08,0.000301511,297.382,293.816,309.062,0.0,301511,1,807,80700000,80700000,80700000,0,297382,1,807,80700000,80700000,80700000,0,293816,1,807,80700000,80700000,80700000,0,309062,1,807,80700000,80700000,80700000,0,0,1,807,80700000,80700000,80700000,0,0.0,1.0,1.0,0.0,1.0,1.0,0.0,1.0,1.0,807,81000000,False,1.0,0.0,300.0,500.0,600000000000.0,100000000000.0,,808
1,near_tick_before,thermal_loop,813,controller_tick,80800000,80.8,1,0,80800000,808,80800000,TRIPPED,stale_input,0,0,62,1,0,reconstructed_from_retained_wire,True,,,309.0269650277264,297.3702918339911,293.80923331445894,0.999999999347176,0.9999999999999994,302000.00000000594,412760.07414798083,0.00030151134438092977,63636.36355327696,-1.2238160707056522e-08,0.000301511,297.37,293.809,309.027,0.0,301511,1,808,80800000,80800000,80800000,0,297370,1,808,80800000,80800000,80800000,0,293809,1,808,80800000,80800000,80800000,0,309027,1,808,80800000,80800000,80800000,0,0,1,808,80800000,80800000,80800000,0,0.0,1.0,1.0,0.0,1.0,1.0,0.0,1.0,1.0,808,81100000,False,1.0,0.0,300.0,500.0,600000000000.0,100000000000.0,,809
1,near_tick_before,thermal_loop,814,controller_tick,80900000,80.9,1,0,80900000,809,80900000,TRIPPED,stale_input,0,0,62,1,0,reconstructed_from_retained_wire,True,,,308.9920296436101,297.35843431833916,293.80250994820256,0.9999999994093004,0.9999999999999994,302000.00000000594,413292.8678328489,0.00030151134439966105,63636.363561183665,-1.210719347000122e-08,0.000301511,297.358,293.803,308.992,0.0,301511,1,809,80900000,80900000,80900000,0,297358,1,809,80900000,80900000,80900000,0,293803,1,809,80900000,80900000,80900000,0,308992,1,809,80900000,80900000,80900000,0,0,1,809,80900000,80900000,80900000,0,0.0,1.0,1.0,0.0,1.0,1.0,0.0,1.0,1.0,809,81200000,False,1.0,0.0,300.0,500.0,600000000000.0,100000000000.0,,810
1,near_tick_before,thermal_loop,815,controller_tick,81000000,81.0,1,0,81000000,810,81000000,TRIPPED,stale_input,0,0,62,1,0,reconstructed_from_retained_wire,True,,,308.95716338122645,297.3465713761311,293.7957619355642,0.9999999994655128,0.9999999999999994,302000.00000000594,413825.32473203033,0.0003015113444166097,63636.36356833799,-1.1612428352236748e-08,0.000301511,297.347,293.796,308.957,0.0,301511,1,810,81000000,81000000,81000000,0,297347,1,810,81000000,81000000,81000000,0,293796,1,810,81000000,81000000,81000000,0,308957,1,810,81000000,81000000,81000000,0,0,1,810,81000000,81000000,81000000,0,0.0,1.0,1.0,0.0,1.0,1.0,0.0,1.0,1.0,810,81300000,False,1.0,0.0,300.0,500.0,600000000000.0,100000000000.0,,811
1,near_tick_before,thermal_loop,816,controller_tick,81100000,81.1,1,0,81100000,811,81100000,TRIPPED,stale_input,0,0,62,1,0,reconstructed_from_retained_wire,True,,,308.92236601723425,297.3347029871155,293.78898956584067,0.999999999516376,0.9999999999999994,302000.00000000594,414357.44362045615,0.0003015113444319455,63636.36357481149,-1.1335941962897778e-08,0.000301511,297.335,293.789,308.922,0.0,301511,1,811,81100000,81100000,81100000,0,297335,1,811,81100000,81100000,81100000,0,293789,1,811,81100000,81100000,81100000,0,308922,1,811,81100000,81100000,81100000,0,0,1,811,81100000,81100000,81100000,0,0.0,1.0,1.0,0.0,1.0,1.0,0.0,1.0,1.0,811,81400000,False,1.0,0.0,300.0,500.0,600000000000.0,100000000000.0,,812
1,near_tick_before,thermal_loop,817,controller_tick,81200000,81.2,1,0,81200000,812,81200000,TRIPPED,stale_input,0,0,62,1,0,reconstructed_from_retained_wire,True,,,308.8876373289067,297.3228291349115,293.78219312411346,0.9999999995623988,0.9999999999999994,302000.00000000594,414889.2232874165,0.00030151134444582193,63636.36358066894,-1.1335941962897778e-08,0.000301511,297.323,293.782,308.888,0.0,301511,1,812,81200000,81200000,81200000,0,297323,1,812,81200000,81200000,81200000,0,293782,1,812,81200000,81200000,81200000,0,308888,1,812,81200000,81200000,81200000,0,0,1,812,81200000,81200000,81200000,0,0.0,1.0,1.0,0.0,1.0,1.0,0.0,1.0,1.0,812,81500000,False,1.0,0.0,300.0,500.0,600000000000.0,100000000000.0,,813
1,near_tick_before,thermal_loop,818,controller_tick,81300000,81.3,1,0,81300000,813,81300000,TRIPPED,stale_input,0,0,62,1,0,reconstructed_from_retained_wire,True,,,308.8529770941408,297.3109498068774,293.77537289134546,0.9999999996040421,0.9999999999999994,302000.00000000594,415420.66253635235,0.0003015113444583778,63636.363585969,-1.068110577762127e-08,0.000301511,297.311,293.775,308.853,0.0,301511,1,813,81300000,81300000,81300000,0,297311,1,813,81300000,81300000,81300000,0,293775,1,813,81300000,81300000,81300000,0,308853,1,813,81300000,81300000,81300000,0,0,1,813,81300000,81300000,81300000,0,0.0,1.0,1.0,0.0,1.0,1.0,0.0,1.0,1.0,813,81600000,False,1.0,0.0,300.0,500.0,600000000000.0,100000000000.0,,814
1,near_tick_before,thermal_loop,819,controller_tick,81400000,81.4,1,0,81400000,814,81400000,TRIPPED,stale_input,0,0,62,1,0,reconstructed_from_retained_wire,True,,,308.8183850914661,297.29906499398277,293.76852914447517,0.9999999996417225,0.9999999999999994,302000.00000000594,415951.76018465153,0.00030151134446973894,63636.363590764675,-1.0666553862392902e-08,0.000301511,297.299,293.769,308.818,0.0,301511,1,814,81400000,81400000,81400000,0,297299,1,814,81400000,81400000,81400000,0,293769,1,814,81400000,81400000,81400000,0,308818,1,814,81400000,81400000,81400000,0,0,1,814,81400000,81400000,81400000,0,0.0,1.0,1.0,0.0,1.0,1.0,0.0,1.0,1.0,814,81700000,False,1.0,0.0,300.0,500.0,600000000000.0,100000000000.0,,815
1,near_tick_before,thermal_loop,820,controller_tick,81500000,81.5,1,0,81500000,815,81500000,TRIPPED,stale_input,0,0,62,1,0,reconstructed_from_retained_wire,True,,,308.7838611000541,297.28717469068465,293.7616621565081,0.9999999996758172,0.9999999999999994,302000.00000000594,416482.5150634503,0.0003015113444800188,63636.36359510402,-1.1030351743102074e-08,0.000301511,297.287,293.762,308.784,0.0,301511,1,815,81500000,81500000,81500000,0,297287,1,815,81500000,81500000,81500000,0,293762,1,815,81500000,81500000,81500000,0,308784,1,815,81500000,81500000,81500000,0,0,1,815,81500000,81500000,81500000,0,0.0,1.0,1.0,0.0,1.0,1.0,0.0,1.0,1.0,815,81800000,False,1.0,0.0,300.0,500.0,600000000000.0,100000000000.0,,816
1,near_tick_before,thermal_loop,821,controller_tick,81600000,81.6,1,0,81600000,816,81600000,TRIPPED,stale_input,0,0,62,1,0,reconstructed_from_retained_wire,True,,,308.74940489972613,297.27527889480734,293.7547721966058,0.9999999997066674,0.9999999999999994,302000.00000000594,417012.92601743876,0.0003015113444893205,63636.3635990304,-1.1379597708582878e-08,0.000301511,297.275,293.755,308.749,0.0,301511,1,816,81600000,81600000,81600000,0,297275,1,816,81600000,81600000,81600000,0,293755,1,816,81600000,81600000,81600000,0,308749,1,816,81600000,81600000,81600000,0,0,1,816,81600000,81600000,81600000,0,0.0,1.0,1.0,0.0,1.0,1.0,0.0,1.0,1.0,816,81900000,False,1.0,0.0,300.0,500.0,600000000000.0,100000000000.0,,817
1,near_tick_before,thermal_loop,822,controller_tick,81700000,81.7,1,0,81700000,817,81700000,TRIPPED,stale_input,0,0,62,1,0,reconstructed_from_retained_wire,True,,,308.7150162709614,297.26337760742547,293.74785953017255,0.9999999997345818,0.9999999999999994,302000.00000000594,417542.9919046707,0.00030151134449773705,63636.36360258313,-1.2048985809087753e-08,0.000301511,297.263,293.748,308.715,0.0,301511,1,817,81700000,81700000,81700000,0,297263,1,817,81700000,81700000,81700000,0,293748,1,817,81700000,81700000,81700000,0,308715,1,817,81700000,81700000,81700000,0,0,1,817,81700000,81700000,81700000,0,0.0,1.0,1.0,0.0,1.0,1.0,0.0,1.0,1.0,817,82000000,False,1.0,0.0,300.0,500.0,600000000000.0,100000000000.0,,818
1,near_tick_before,thermal_loop,823,controller_tick,81800000,81.8,1,0,81800000,818,81800000,TRIPPED,stale_input,0,0,62,1,0,reconstructed_from_retained_wire,True,,,308.68069499490485,297.25147083275107,293.7409244189394,0.9999999997598397,0.9999999999999994,302000.00000000594,418072.711596378,0.0003015113445053526,63636.36360579777,-1.1976226232945919e-08,0.000301511,297.251,293.741,308.681,0.0,301511,1,818,81800000,81800000,81800000,0,297251,1,818,81800000,81800000,81800000,0,293741,1,818,81800000,81800000,81800000,0,308681,1,818,81800000,81800000,81800000,0,0,1,818,81800000,81800000,81800000,0,0.0,1.0,1.0,0.0,1.0,1.0,0.0,1.0,1.0,818,82100000,False,1.0,0.0,300.0,500.0,600000000000.0,100000000000.0,,819
1,near_tick_before,thermal_loop,824,controller_tick,81900000,81.9,1,0,81900000,819,81900000,TRIPPED,stale_input,0,0,62,1,0,reconstructed_from_retained_wire,True,,,308.6464408533739,297.23955857802343,293.7339671210464,0.9999999997826939,0.9999999999999994,302000.00000000594,418602.08397678897,0.00030151134451224335,63636.3636087065,-1.1568772606551647e-08,0.000301511,297.24,293.734,308.646,0.0,301511,1,819,81900000,81900000,81900000,0,297240,1,819,81900000,81900000,81900000,0,293734,1,819,81900000,81900000,81900000,0,308646,1,819,81900000,81900000,81900000,0,0,1,819,81900000,81900000,81900000,0,0.0,1.0,1.0,0.0,1.0,1.0,0.0,1.0,1.0,819,82200000,False,1.0,0.0,300.0,500.0,600000000000.0,100000000000.0,,820
1,near_tick_before,thermal_loop,825,controller_tick,82000000,82.0,1,0,82000000,820,82000000,TRIPPED,stale_input,0,0,62,1,0,reconstructed_from_retained_wire,True,,,308.6122536288658,297.22764085340265,293.7269878911222,0.9999999998033733,0.9999999999999994,302000.00000000594,419131.10794295074,0.00030151134451847844,63636.363611338435,-1.0739313438534737e-08,0.000301511,297.228,293.727,308.612,0.0,301511,1,820,82000000,82000000,82000000,0,297228,1,820,82000000,82000000,82000000,0,293727,1,820,82000000,82000000,82000000,0,308612,1,820,82000000,82000000,82000000,0,0,1,820,82000000,82000000,82000000,0,0.0,1.0,1.0,0.0,1.0,1.0,0.0,1.0,1.0,820,82300000,False,1.0,0.0,300.0,500.0,600000000000.0,100000000000.0,,821
1,near_tick_before,thermal_loop,826,controller_tick,82100000,82.1,1,0,82100000,821,82100000,TRIPPED,stale_input,0,0,62,1,0,reconstructed_from_retained_wire,True,,,308.57813310456396,297.21571767186606,293.71998698036134,0.9999999998220849,0.9999999999999994,302000.00000000594,419659.78240455576,0.00030151134452412025,63636.36361371989,-1.0870280675590038e-08,0.000301511,297.216,293.72,308.578,0.0,301511,1,821,82100000,82100000,82100000,0,297216,1,821,82100000,82100000,82100000,0,293720,1,821,82100000,82100000,82100000,0,308578,1,821,82100000,82100000,82100000,0,0,1,821,82100000,82100000,82100000,0,0.0,1.0,1.0,0.0,1.0,1.0,0.0,1.0,1.0,821,82400000,False,1.0,0.0,300.0,500.0,600000000000.0,100000000000.0,,822
1,near_tick_before,thermal_loop,827,controller_tick,82200000,82.2,1,0,82200000,822,82200000,TRIPPED,stale_input,0,0,62,1,0,reconstructed_from_retained_wire,True,,,308.54407906434426,297.203789049108,293.7129646366004,0.9999999998390157,0.9999999999999994,302000.00000000594,420188.10628377204,0.00030151134452922505,63636.36361587471,-1.0753865353763103e-08,0.000301511,297.204,293.713,308.544,0.0,301511,1,822,82200000,82200000,82200000,0,297204,1,822,82200000,82200000,82200000,0,293713,1,822,82200000,82200000,82200000,0,308544,1,822,82200000,82200000,82200000,0,0,1,822,82200000,82200000,82200000,0,0.0,1.0,1.0,0.0,1.0,1.0,0.0,1.0,1.0,822,82500000,False,1.0,0.0,300.0,500.0,600000000000.0,100000000000.0,,823
1,near_tick_before,thermal_loop,828,controller_tick,82300000,82.3,1,0,82300000,823,82300000,TRIPPED,stale_input,0,0,62,1,0,reconstructed_from_retained_wire,True,,,308.51009129278094,297.19185500344247,293.70592110439094,0.9999999998543354,0.9999999999999994,302000.00000000594,420716.0785150768,0.00030151134453384413,63636.36361782451,-1.0113581083714962e-08,0.000301511,297.192,293.706,308.51,0.0,301511,1,823,82300000,82300000,82300000,0,297192,1,823,82300000,82300000,82300000,0,293706,1,823,82300000,82300000,82300000,0,308510,1,823,82300000,82300000,82300000,0,0,1,823,82300000,82300000,82300000,0,0.0,1.0,1.0,0.0,1.0,1.0,0.0,1.0,1.0,823,82600000,False,1.0,0.0,300.0,500.0,600000000000.0,100000000000.0,,824
1,near_tick_before,thermal_loop,829,controller_tick,82400000,82.4,1,0,82400000,824,82400000,TRIPPED,stale_input,0,0,62,1,0,reconstructed_from_retained_wire,True,,,308.47616957515214,297.1799155557084,293.6988566250709,0.9999999998681972,0.9999999999999994,302000.00000000594,421243.6980450943,0.0003015113445380236,63636.36361958872,-1.0477378964424133e-08,0.000301511,297.18,293.699,308.476,0.0,301511,1,824,82400000,82400000,82400000,0,297180,1,824,82400000,82400000,82400000,0,293699,1,824,82400000,82400000,82400000,0,308476,1,824,82400000,82400000,82400000,0,0,1,824,82400000,82400000,82400000,0,0.0,1.0,1.0,0.0,1.0,1.0,0.0,1.0,1.0,824,82700000,False,1.0,0.0,300.0,500.0,600000000000.0,100000000000.0,,825
1,near_tick_before,thermal_loop,830,controller_tick,82500000,82.5,1,0,82500000,825,82500000,TRIPPED,stale_input,0,0,62,1,0,reconstructed_from_retained_wire,True,,,308.44231369744546,297.16797072917836,293.69177143683453,0.99999999988074,0.9999999999999994,302000.00000000594,421770.96383243694,0.00030151134454180537,63636.363621185075,-1.0099029168486595e-08,0.000301511,297.168,293.692,308.442,0.0,301511,1,825,82500000,82500000,82500000,0,297168,1,825,82500000,82500000,82500000,0,293692,1,825,82500000,82500000,82500000,0,308442,1,825,82500000,82500000,82500000,0,0,1,825,82500000,82500000,82500000,0,0.0,1.0,1.0,0.0,1.0,1.0,0.0,1.0,1.0,825,82800000,False,1.0,0.0,300.0,500.0,600000000000.0,100000000000.0,,826
1,near_tick_before,thermal_loop,831,controller_tick,82600000,82.6,1,0,82600000,826,82600000,TRIPPED,stale_input,0,0,62,1,0,reconstructed_from_retained_wire,True,,,308.40852344636266,297.15602054946936,293.6846657747996,0.9999999998920891,0.9999999999999994,302000.00000000594,422297.8748475495,0.0003015113445452273,63636.36362262952,-1.0608346201479435e-08,0.000301511,297.156,293.685,308.409,0.0,301511,1,826,82600000,82600000,82600000,0,297156,1,826,82600000,82600000,82600000,0,293685,1,826,82600000,82600000,82600000,0,308409,1,826,82600000,82600000,82600000,0,0,1,826,82600000,82600000,82600000,0,0.0,1.0,1.0,0.0,1.0,1.0,0.0,1.0,1.0,826,82900000,False,1.0,0.0,300.0,500.0,600000000000.0,100000000000.0,,827
1,near_tick_before,thermal_loop,832,controller_tick,82700000,82.7,1,0,82700000,827,82700000,TRIPPED,stale_input,0,0,62,1,0,reconstructed_from_retained_wire,True,,,308.3747986093247,297.14406504445674,293.6775398710737,0.9999999999023581,0.9999999999999994,302000.00000000594,422824.430072557,0.00030151134454832354,63636.36362393647,-1.1015799827873707e-08,0.000301511,297.144,293.678,308.375,0.0,301511,1,827,82700000,82700000,82700000,0,297144,1,827,82700000,82700000,82700000,0,293678,1,827,82700000,82700000,82700000,0,308375,1,827,82700000,82700000,82700000,0,0,1,827,82700000,82700000,82700000,0,0.0,1.0,1.0,0.0,1.0,1.0,0.0,1.0,1.0,827,83000000,False,1.0,0.0,300.0,500.0,600000000000.0,100000000000.0,,828
1,near_tick_before,thermal_loop,833,controller_tick,82800000,82.8,1,0,82800000,828,82800000,TRIPPED,stale_input,0,0,62,1,0,reconstructed_from_retained_wire,True,,,308.341138974476,297.1321042441905,293.670393954818,0.9999999999116499,0.9999999999999994,302000.00000000594,423350.62850111624,0.00030151134455112506,63636.363625119084,-1.1394149623811245e-08,0.000301511,297.132,293.67,308.341,0.0,301511,1,828,82800000,82800000,82800000,0,297132,1,828,82800000,82800000,82800000,0,293670,1,828,82800000,82800000,82800000,0,308341,1,828,82800000,82800000,82800000,0,0,1,828,82800000,82800000,82800000,0,0.0,1.0,1.0,0.0,1.0,1.0,0.0,1.0,1.0,828,83100000,False,1.0,0.0,300.0,500.0,600000000000.0,100000000000.0,,829
1,near_tick_before,thermal_loop,834,controller_tick,82900000,82.9,1,0,82900000,829,82900000,TRIPPED,stale_input,0,0,62,1,0,reconstructed_from_retained_wire,True,,,308.30754433068876,297.1201381808141,293.6632282523097,0.9999999999200575,0.9999999999999994,302000.00000000594,423876.4691382695,0.0003015113445536601,63636.363626189115,-1.1394149623811245e-08,0.000301511,297.12,293.663,308.308,0.0,301511,1,829,82900000,82900000,82900000,0,297120,1,829,82900000,82900000,82900000,0,293663,1,829,82900000,82900000,82900000,0,308308,1,829,82900000,82900000,82900000,0,0,1,829,82900000,82900000,82900000,0,0.0,1.0,1.0,0.0,1.0,1.0,0.0,1.0,1.0,829,83200000,False,1.0,0.0,300.0,500.0,600000000000.0,100000000000.0,,830
1,near_tick_before,thermal_loop,835,controller_tick,83000000,83.0,1,0,83000000,830,83000000,TRIPPED,stale_input,0,0,62,1,0,reconstructed_from_retained_wire,True,,,308.27401446756704,297.10816688848564,293.65604298700265,0.999999999927665,0.9999999999999994,302000.00000000594,424401.95100030204,0.0003015113445559538,63636.36362715735,-1.206353772431612e-08,0.000301511,297.108,293.656,308.274,0.0,301511,1,830,83000000,83000000,83000000,0,297108,1,830,83000000,83000000,83000000,0,293656,1,830,83000000,83000000,83000000,0,308274,1,830,83000000,83000000,83000000,0,0,1,830,83000000,83000000,83000000,0,0.0,1.0,1.0,0.0,1.0,1.0,0.0,1.0,1.0,830,83300000,False,1.0,0.0,300.0,500.0,600000000000.0,100000000000.0,,831
1,near_tick_before,thermal_loop,836,controller_tick,83100000,83.1,1,0,83100000,831,83100000,TRIPPED,stale_input,0,0,62,1,0,reconstructed_from_retained_wire,True,,,308.2405491754503,297.09619040330165,293.6488383795867,0.9999999999345486,0.9999999999999994,302000.00000000594,424927.0731146027,0.0003015113445580293,63636.36362803344,-1.2485543265938759e-08,0.000301511,297.096,293.649,308.241,0.0,301511,1,831,83100000,83100000,83100000,0,297096,1,831,83100000,83100000,83100000,0,293649,1,831,83100000,83100000,83100000,0,308241,1,831,83100000,83100000,83100000,0,0,1,831,83100000,83100000,83100000,0,0.0,1.0,1.0,0.0,1.0,1.0,0.0,1.0,1.0,831,83400000,False,1.0,0.0,300.0,500.0,600000000000.0,100000000000.0,,832
1,near_tick_before,thermal_loop,837,controller_tick,83200000,83.2,1,0,83200000,832,83200000,TRIPPED,stale_input,0,0,62,1,0,reconstructed_from_retained_wire,True,,,308.2071482454171,297.08420876322293,293.64161464804494,0.999999999940777,0.9999999999999994,302000.00000000594,425451.8345195267,0.0003015113445599072,63636.36362882618,-1.280568540096283e-08,0.000301511,297.084,293.642,308.207,0.0,301511,1,832,83200000,83200000,83200000,0,297084,1,832,83200000,83200000,83200000,0,293642,1,832,83200000,83200000,83200000,0,308207,1,832,83200000,83200000,83200000,0,0,1,832,83200000,83200000,83200000,0,0.0,1.0,1.0,0.0,1.0,1.0,0.0,1.0,1.0,832,83500000,False,1.0,0.0,300.0,500.0,600000000000.0,100000000000.0,,833
1,near_tick_before,thermal_loop,838,controller_tick,83300000,83.3,1,0,83300000,833,83300000,TRIPPED,stale_input,0,0,62,1,0,reconstructed_from_retained_wire,True,,,308.17381146928807,297.07222200800265,293.6343720077097,0.9999999999464129,0.9999999999999994,302000.00000000594,425976.234264262,0.0003015113445616065,63636.363629543455,-1.3009412214159966e-08,0.000301511,297.072,293.634,308.174,0.0,301511,1,833,83300000,83300000,83300000,0,297072,1,833,83300000,83300000,83300000,0,293634,1,833,83300000,83300000,83300000,0,308174,1,833,83300000,83300000,83300000,0,0,1,833,83300000,83300000,83300000,0,0.0,1.0,1.0,0.0,1.0,1.0,0.0,1.0,1.0,833,83600000,False,1.0,0.0,300.0,500.0,600000000000.0,100000000000.0,,834
1,near_tick_before,thermal_loop,839,controller_tick,83400000,83.4,1,0,83400000,834,83400000,TRIPPED,stale_input,0,0,62,1,0,reconstructed_from_retained_wire,True,,,308.14053863962926,297.06023017911684,293.62711067131727,0.9999999999515123,0.9999999999999994,302000.00000000594,426500.2714086981,0.00030151134456314404,63636.36363019247,-1.1699739843606949e-08,0.000301511,297.06,293.627,308.141,0.0,301511,1,834,83400000,83400000,83400000,0,297060,1,834,83400000,83400000,83400000,0,293627,1,834,83400000,83400000,83400000,0,308141,1,834,83400000,83400000,83400000,0,0,1,834,83400000,83400000,83400000,0,0.0,1.0,1.0,0.0,1.0,1.0,0.0,1.0,1.0,834,83700000,False,1.0,0.0,300.0,500.0,600000000000.0,100000000000.0,,835
1,near_tick_before,thermal_loop,840,controller_tick,83500000,83.5,1,0,83500000,835,83500000,TRIPPED,stale_input,0,0,62,1,0,reconstructed_from_retained_wire,True,,,308.10732954975464,297.0482333196966,293.6198308490604,0.9999999999561267,0.9999999999999994,302000.00000000594,427023.9450232974,0.0003015113445645353,63636.36363077977,-1.3053067959845066e-08,0.000301511,297.048,293.62,308.107,0.0,301511,1,835,83500000,83500000,83500000,0,297048,1,835,83500000,83500000,83500000,0,293620,1,835,83500000,83500000,83500000,0,308107,1,835,83500000,83500000,83500000,0,0,1,835,83500000,83500000,83500000,0,0.0,1.0,1.0,0.0,1.0,1.0,0.0,1.0,1.0,835,83800000,False,1.0,0.0,300.0,500.0,600000000000.0,100000000000.0,,836
1,near_tick_before,thermal_loop,841,controller_tick,83600000,83.6,1,0,83600000,836,83600000,TRIPPED,stale_input,0,0,62,1,0,reconstructed_from_retained_wire,True,,,308.07418399372915,297.03623147446274,293.6125327486407,0.9999999999603018,0.9999999999999994,302000.00000000594,427547.25418896944,0.00030151134456579416,63636.363631311135,-1.367880031466484e-08,0.000301511,297.036,293.613,308.074,0.0,301511,1,836,83600000,83600000,83600000,0,297036,1,836,83600000,83600000,83600000,0,293613,1,836,83600000,83600000,83600000,0,308074,1,836,83600000,83600000,83600000,0,0,1,836,83600000,83600000,83600000,0,0.0,1.0,1.0,0.0,1.0,1.0,0.0,1.0,1.0,836,83900000,False,1.0,0.0,300.0,500.0,600000000000.0,100000000000.0,,837
1,near_tick_before,thermal_loop,842,controller_tick,83700000,83.7,1,0,83700000,837,83700000,TRIPPED,stale_input,0,0,62,1,0,reconstructed_from_retained_wire,True,,,308.04110176637073,297.02422468966216,293.6052165753184,0.9999999999640795,0.9999999999999994,302000.00000000594,428070.19799694774,0.00030151134456693317,63636.36363179193,-1.3998942449688911e-08,0.000301511,297.024,293.605,308.041,0.0,301511,1,837,83700000,83700000,83700000,0,297024,1,837,83700000,83700000,83700000,0,293605,1,837,83700000,83700000,83700000,0,308041,1,837,83700000,83700000,83700000,0,0,1,837,83700000,83700000,83700000,0,0.0,1.0,1.0,0.0,1.0,1.0,0.0,1.0,1.0,837,84000000,False,1.0,0.0,300.0,500.0,600000000000.0,100000000000.0,,838
1,near_tick_before,thermal_loop,843,controller_tick,83800000,83.8,1,0,83800000,838,83800000,TRIPPED,stale_input,0,0,62,1,0,reconstructed_from_retained_wire,True,,,308.0080826632527,297.01221301300626,293.5978825319614,0.9999999999674979,0.9999999999999994,302000.00000000594,428592.7755486687,0.00030151134456796386,63636.363632227,-1.3955286704003811e-08,0.000301511,297.012,293.598,308.008,0.0,301511,1,838,83800000,83800000,83800000,0,297012,1,838,83800000,83800000,83800000,0,293598,1,838,83800000,83800000,83800000,0,308008,1,838,83800000,83800000,83800000,0,0,1,838,83800000,83800000,83800000,0,0.0,1.0,1.0,0.0,1.0,1.0,0.0,1.0,1.0,838,84100000,False,1.0,0.0,300.0,500.0,600000000000.0,100000000000.0,,839
1,near_tick_before,thermal_loop,844,controller_tick,83900000,83.9,1,0,83900000,839,83900000,TRIPPED,stale_input,0,0,62,1,0,reconstructed_from_retained_wire,True,,,307.97512648070585,297.00019649361104,293.5905308190928,0.9999999999705909,0.9999999999999994,302000.00000000594,429114.98595565325,0.00030151134456889644,63636.363632620654,-1.3838871382176876e-08,0.000301511,297.0,293.591,307.975,0.0,301511,1,839,83900000,83900000,83900000,0,297000,1,839,83900000,83900000,83900000,0,293591,1,839,83900000,83900000,83900000,0,307975,1,839,83900000,83900000,83900000,0,0,1,839,83900000,83900000,83900000,0,0.0,1.0,1.0,0.0,1.0,1.0,0.0,1.0,1.0,839,84200000,False,1.0,0.0,300.0,500.0,600000000000.0,100000000000.0,,840
1,near_tick_before,thermal_loop,845,controller_tick,84000000,84.0,1,0,84000000,840,84000000,TRIPPED,stale_input,0,0,62,1,0,reconstructed_from_retained_wire,True,,,307.94223301582014,296.9881751819393,293.58316163493777,0.9999999999733895,0.9999999999999994,302000.00000000594,429636.82833939104,0.0003015113445697403,63636.36363297684,-1.30821717903018e-08,0.000301511,296.988,293.583,307.942,0.0,301511,1,840,84000000,84000000,84000000,0,296988,1,840,84000000,84000000,84000000,0,293583,1,840,84000000,84000000,84000000,0,307942,1,840,84000000,84000000,84000000,0,0,1,840,84000000,84000000,84000000,0,0.0,1.0,1.0,0.0,1.0,1.0,0.0,1.0,1.0,840,84300000,False,1.0,0.0,300.0,500.0,600000000000.0,100000000000.0,,841
1,near_tick_before,thermal_loop,846,controller_tick,84100000,84.1,1,0,84100000,841,84100000,TRIPPED,stale_input,0,0,62,1,0,reconstructed_from_retained_wire,True,,,307.9094020664465,296.9761491297444,293.57577517546815,0.9999999999759219,0.9999999999999994,302000.00000000594,430158.3018312263,0.0003015113445705038,63636.36363329916,-1.284934114664793e-08,0.000301511,296.976,293.576,307.909,0.0,301511,1,841,84100000,84100000,84100000,0,296976,1,841,84100000,84100000,84100000,0,293576,1,841,84100000,84100000,84100000,0,307909,1,841,84100000,84100000,84100000,0,0,1,841,84100000,84100000,84100000,0,0.0,1.0,1.0,0.0,1.0,1.0,0.0,1.0,1.0,841,84400000,False,1.0,0.0,300.0,500.0,600000000000.0,100000000000.0,,842
1,near_tick_before,thermal_loop,847,controller_tick,84200000,84.2,1,0,84200000,842,84200000,TRIPPED,stale_input,0,0,62,1,0,reconstructed_from_retained_wire,True,,,307.8766334311983,296.9641183900157,293.5683716344469,0.9999999999782133,0.9999999999999994,302000.00000000594,430679.4055722464,0.00030151134457119473,63636.36363359077,-1.284934114664793e-08,0.000301511,296.964,293.568,307.877,0.0,301511,1,842,84200000,84200000,84200000,0,296964,1,842,84200000,84200000,84200000,0,293568,1,842,84200000,84200000,84200000,0,307877,1,842,84200000,84200000,84200000,0,0,1,842,84200000,84200000,84200000,0,0.0,1.0,1.0,0.0,1.0,1.0,0.0,1.0,1.0,842,84500000,False,1.0,0.0,300.0,500.0,600000000000.0,100000000000.0,,843
1,near_tick_before,thermal_loop,848,controller_tick,84300000,84.3,1,0,84300000,843,84300000,TRIPPED,stale_input,0,0,62,1,0,reconstructed_from_retained_wire,True,,,307.8439269094526,296.952083016926,293.5609512034709,0.9999999999802867,0.9999999999999994,302000.00000000594,431200.13871317275,0.00030151134457181983,63636.363633854664,-1.2732925824820995e-08,0.000301511,296.952,293.561,307.844,0.0,301511,1,843,84300000,84300000,84300000,0,296952,1,843,84300000,84300000,84300000,0,293561,1,843,84300000,84300000,84300000,0,307844,1,843,84300000,84300000,84300000,0,0,1,843,84300000,84300000,84300000,0,0.0,1.0,1.0,0.0,1.0,1.0,0.0,1.0,1.0,843,84600000,False,1.0,0.0,300.0,500.0,600000000000.0,100000000000.0,,844
1,near_tick_before,thermal_loop,849,controller_tick,84400000,84.4,1,0,84400000,844,84400000,TRIPPED,stale_input,0,0,62,1,0,reconstructed_from_retained_wire,True,,,307.8112823013514,296.94004306578006,293.55351407201243,0.9999999999821626,0.9999999999999994,302000.00000000594,431720.50041425315,0.00030151134457238546,63636.36363409341,-1.3242242857813835e-08,0.000301511,296.94,293.554,307.811,0.0,301511,1,844,84400000,84400000,84400000,0,296940,1,844,84400000,84400000,84400000,0,293554,1,844,84400000,84400000,84400000,0,307811,1,844,84400000,84400000,84400000,0,0,1,844,84400000,84400000,84400000,0,0.0,1.0,1.0,0.0,1.0,1.0,0.0,1.0,1.0,844,84700000,False,1.0,0.0,300.0,500.0,600000000000.0,100000000000.0,,845
1,near_tick_before,thermal_loop,850,controller_tick,84500000,84.5,1,0,84500000,845,84500000,TRIPPED,stale_input,0,0,62,1,0,reconstructed_from_retained_wire,True,,,307.7786994078029,296.9279985929651,293.5460604274602,0.99999999998386,0.9999999999999994,302000.00000000594,432240.48984515684,0.00030151134457289725,63636.363634309455,-1.3111275620758533e-08,0.000301511,296.928,293.546,307.779,0.0,301511,1,845,84500000,84500000,84500000,0,296928,1,845,84500000,84500000,84500000,0,293546,1,845,84500000,84500000,84500000,0,307779,1,845,84500000,84500000,84500000,0,0,1,845,84500000,84500000,84500000,0,0.0,1.0,1.0,0.0,1.0,1.0,0.0,1.0,1.0,845,84800000,False,1.0,0.0,300.0,500.0,600000000000.0,100000000000.0,,846
1,near_tick_before,thermal_loop,851,controller_tick,84600000,84.6,1,0,84600000,846,84600000,TRIPPED,stale_input,0,0,62,1,0,reconstructed_from_retained_wire,True,,,307.7461780304819,296.9159496559026,293.5385904551586,0.9999999999853959,0.9999999999999994,302000.00000000594,432760.10618487105,0.0003015113445733603,63636.36363450492,-1.3373210094869137e-08,0.000301511,296.916,293.539,307.746,0.0,301511,1,846,84600000,84600000,84600000,0,296916,1,846,84600000,84600000,84600000,0,293539,1,846,84600000,84600000,84600000,0,307746,1,846,84600000,84600000,84600000,0,0,1,846,84600000,84600000,84600000,0,0.0,1.0,1.0,0.0,1.0,1.0,0.0,1.0,1.0,846,84900000,False,1.0,0.0,300.0,500.0,600000000000.0,100000000000.0,,847
1,near_tick_before,thermal_loop,852,controller_tick,84700000,84.7,1,0,84700000,847,84700000,TRIPPED,stale_input,0,0,62,1,0,reconstructed_from_retained_wire,True,,,307.7137179718309,296.9038963130018,293.5311043384466,0.9999999999867857,0.9999999999999994,302000.00000000594,433279.3486216002,0.00030151134457377936,63636.36363468182,-1.3562384992837906e-08,0.000301511,296.904,293.531,307.714,0.0,301511,1,847,84700000,84700000,84700000,0,296904,1,847,84700000,84700000,84700000,0,293531,1,847,84700000,84700000,84700000,0,307714,1,847,84700000,84700000,84700000,0,0,1,847,84700000,84700000,84700000,0,0.0,1.0,1.0,0.0,1.0,1.0,0.0,1.0,1.0,847,85000000,False,1.0,0.0,300.0,500.0,600000000000.0,100000000000.0,,848
1,near_tick_before,thermal_loop,853,controller_tick,84800000,84.8,1,0,84800000,848,84800000,TRIPPED,stale_input,0,0,62,1,0,reconstructed_from_retained_wire,True,,,307.68131903506054,296.89183862361443,293.5236022586951,0.9999999999880432,0.9999999999999994,302000.00000000594,433798.21635266615,0.00030151134457415856,63636.363634841866,-1.2689270079135895e-08,0.000301511,296.892,293.524,307.681,0.0,301511,1,848,84800000,84800000,84800000,0,296892,1,848,84800000,84800000,84800000,0,293524,1,848,84800000,84800000,84800000,0,307681,1,848,84800000,84800000,84800000,0,0,1,848,84800000,84800000,84800000,0,0.0,1.0,1.0,0.0,1.0,1.0,0.0,1.0,1.0,848,85100000,False,1.0,0.0,300.0,500.0,600000000000.0,100000000000.0,,849
1,near_tick_before,thermal_loop,854,controller_tick,84900000,84.9,1,0,84900000,849,84900000,TRIPPED,stale_input,0,0,62,1,0,reconstructed_from_retained_wire,True,,,307.6489810241501,296.8797766479908,293.51608439534374,0.9999999999891811,0.9999999999999994,302000.00000000594,434316.7085844108,0.0003015113445745016,63636.36363498669,-1.2398231774568558e-08,0.000301511,296.88,293.516,307.649,0.0,301511,1,849,84900000,84900000,84900000,0,296880,1,849,84900000,84900000,84900000,0,293516,1,849,84900000,84900000,84900000,0,307649,1,849,84900000,84900000,84900000,0,0,1,849,84900000,84900000,84900000,0,0.0,1.0,1.0,0.0,1.0,1.0,0.0,1.0,1.0,849,85200000,False,1.0,0.0,300.0,500.0,600000000000.0,100000000000.0,,850
1,near_tick_before,thermal_loop,855,controller_tick,85000000,85.0,1,0,85000000,850,85000000,TRIPPED,stale_input,0,0,62,1,0,reconstructed_from_retained_wire,True,,,307.6167037438478,296.8677104472375,293.5085509259363,0.9999999999902107,0.9999999999999994,302000.00000000594,434834.8245321006,0.00030151134457481206,63636.363635117734,-1.2718373909592628e-08,0.000301511,296.868,293.509,307.617,0.0,301511,1,850,85000000,85000000,85000000,0,296868,1,850,85000000,85000000,85000000,0,293509,1,850,85000000,85000000,85000000,0,307617,1,850,85000000,85000000,85000000,0,0,1,850,85000000,85000000,85000000,0,0.0,1.0,1.0,0.0,1.0,1.0,0.0,1.0,1.0,850,85300000,False,1.0,0.0,300.0,500.0,600000000000.0,100000000000.0,,851
1,near_tick_before,thermal_loop,856,controller_tick,85100000,85.1,1,0,85100000,851,85100000,TRIPPED,stale_input,0,0,62,1,0,reconstructed_from_retained_wire,True,,,307.58448699967107,296.85564008327617,293.50100202615573,0.9999999999911423,0.9999999999999994,302000.00000000594,435352.5634198325,0.0003015113445750929,63636.36363523628,-1.2863893061876297e-08,0.000301511,296.856,293.501,307.584,0.0,301511,1,851,85100000,85100000,85100000,0,296856,1,851,85100000,85100000,85100000,0,293501,1,851,85100000,85100000,85100000,0,307584,1,851,85100000,85100000,85100000,0,0,1,851,85100000,85100000,85100000,0,0.0,1.0,1.0,0.0,1.0,1.0,0.0,1.0,1.0,851,85400000,False,1.0,0.0,300.0,500.0,600000000000.0,100000000000.0,,852
1,near_tick_before,thermal_loop,857,controller_tick,85200000,85.2,1,0,85200000,852,85200000,TRIPPED,stale_input,0,0,62,1,0,reconstructed_from_retained_wire,True,,,307.5523305979065,296.84356561880355,293.49343786985804,0.9999999999919852,0.9999999999999994,302000.00000000594,435869.9244804418,0.00030151134457534706,63636.36363534358,-1.3184035196900368e-08,0.000301511,296.844,293.493,307.552,0.0,301511,1,852,85200000,85200000,85200000,0,296844,1,852,85200000,85200000,85200000,0,293493,1,852,85200000,85200000,85200000,0,307552,1,852,85200000,85200000,85200000,0,0,1,852,85200000,85200000,85200000,0,0.0,1.0,1.0,0.0,1.0,1.0,0.0,1.0,1.0,852,85500000,False,1.0,0.0,300.0,500.0,600000000000.0,100000000000.0,,853
1,near_tick_before,thermal_loop,858,controller_tick,85300000,85.3,1,0,85300000,853,85300000,TRIPPED,stale_input,0,0,62,1,0,reconstructed_from_retained_wire,True,,,307.52023434560994,296.831487117253,293.4858586291051,0.9999999999927478,0.9999999999999994,302000.00000000594,436386.9069554116,0.000301511344575577,63636.36363544062,-1.3562384992837906e-08,0.000301511,296.831,293.486,307.52,0.0,301511,1,853,85300000,85300000,85300000,0,296831,1,853,85300000,85300000,85300000,0,293486,1,853,85300000,85300000,85300000,0,307520,1,853,85300000,85300000,85300000,0,0,1,853,85300000,85300000,85300000,0,0.0,1.0,1.0,0.0,1.0,1.0,0.0,1.0,1.0,853,85600000,False,1.0,0.0,300.0,500.0,600000000000.0,100000000000.0,,854
1,near_tick_before,thermal_loop,859,controller_tick,85400000,85.4,1,0,85400000,854,85400000,TRIPPED,stale_input,0,0,62,1,0,reconstructed_from_retained_wire,True,,,307.4881980506062,296.819404642757,293.4782644741971,0.9999999999934379,0.9999999999999994,302000.00000000594,436903.5100947839,0.0003015113445757851,63636.363635528476,-1.225271262228489e-08,0.000301511,296.819,293.478,307.488,0.0,301511,1,854,85400000,85400000,85400000,0,296819,1,854,85400000,85400000,85400000,0,293478,1,854,85400000,85400000,85400000,0,307488,1,854,85400000,85400000,85400000,0,0,1,854,85400000,85400000,85400000,0,0.0,1.0,1.0,0.0,1.0,1.0,0.0,1.0,1.0,854,85700000,False,1.0,0.0,300.0,500.0,600000000000.0,100000000000.0,,855
1,near_tick_before,thermal_loop,860,controller_tick,85500000,85.5,1,0,85500000,855,85500000,TRIPPED,stale_input,0,0,62,1,0,reconstructed_from_retained_wire,True,,,307.4562215214888,296.80731826011066,293.47065557370337,0.9999999999940624,0.9999999999999994,302000.00000000594,437419.7331570724,0.00030151134457597335,63636.363635607944,-1.1670636013150215e-08,0.000301511,296.807,293.471,307.456,0.0,301511,1,855,85500000,85500000,85500000,0,296807,1,855,85500000,85500000,85500000,0,293471,1,855,85500000,85500000,85500000,0,307456,1,855,85500000,85500000,85500000,0,0,1,855,85500000,85500000,85500000,0,0.0,1.0,1.0,0.0,1.0,1.0,0.0,1.0,1.0,855,85800000,False,1.0,0.0,300.0,500.0,600000000000.0,100000000000.0,,856
1,near_tick_before,thermal_loop,861,controller_tick,85600000,85.6,1,0,85600000,856,85600000,TRIPPED,stale_input,0,0,62,1,0,reconstructed_from_retained_wire,True,,,307.4243045676199,296.795228034737,293.4630320944935,0.9999999999946275,0.9999999999999994,302000.00000000594,437935.5754091765,0.0003015113445761438,63636.363635679874,-1.225271262228489e-08,0.000301511,296.795,293.463,307.424,0.0,301511,1,856,85600000,85600000,85600000,0,296795,1,856,85600000,85600000,85600000,0,293463,1,856,85600000,85600000,85600000,0,307424,1,856,85600000,85600000,85600000,0,0,1,856,85600000,85600000,85600000,0,0.0,1.0,1.0,0.0,1.0,1.0,0.0,1.0,1.0,856,85900000,False,1.0,0.0,300.0,500.0,600000000000.0,100000000000.0,,857
1,near_tick_before,thermal_loop,862,controller_tick,85700000,85.7,1,0,85700000,857,85700000,TRIPPED,stale_input,0,0,62,1,0,reconstructed_from_retained_wire,True,,,307.39244699912945,296.7831340326527,293.4553942017669,0.9999999999951388,0.9999999999999994,302000.00000000594,438451.0361262973,0.0003015113445762979,63636.363635744936,-1.2165401130914688e-08,0.000301511,296.783,293.455,307.392,0.0,301511,1,857,85700000,85700000,85700000,0,296783,1,857,85700000,85700000,85700000,0,293455,1,857,85700000,85700000,85700000,0,307392,1,857,85700000,85700000,85700000,0,0,1,857,85700000,85700000,85700000,0,0.0,1.0,1.0,0.0,1.0,1.0,0.0,1.0,1.0,857,86000000,False,1.0,0.0,300.0,500.0,600000000000.0,100000000000.0,,858
1,near_tick_before,thermal_loop,863,controller_tick,85800000,85.8,1,0,85800000,858,85800000,TRIPPED,stale_input,0,0,62,1,0,reconstructed_from_retained_wire,True,,,307.36064862691467,296.77103632043486,293.44774205908203,0.9999999999956014,0.9999999999999994,302000.00000000594,438966.11459185474,0.0003015113445764374,63636.36363580381,-1.2194504961371422e-08,0.000301511,296.771,293.448,307.361,0.0,301511,1,858,85800000,85800000,85800000,0,296771,1,858,85800000,85800000,85800000,0,293448,1,858,85800000,85800000,85800000,0,307361,1,858,85800000,85800000,85800000,0,0,1,858,85800000,85800000,85800000,0,0.0,1.0,1.0,0.0,1.0,1.0,0.0,1.0,1.0,858,86100000,False,1.0,0.0,300.0,500.0,600000000000.0,100000000000.0,,859
1,near_tick_before,thermal_loop,864,controller_tick,85900000,85.9,1,0,85900000,859,85900000,TRIPPED,stale_input,0,0,62,1,0,reconstructed_from_retained_wire,True,,,307.3289092626396,296.7589349651896,293.4400758283842,0.9999999999960201,0.9999999999999994,302000.00000000594,439480.81009740615,0.00030151134457656365,63636.363635857095,-1.2514647096395493e-08,0.000301511,296.759,293.44,307.329,0.0,301511,1,859,85900000,85900000,85900000,0,296759,1,859,85900000,85900000,85900000,0,293440,1,859,85900000,85900000,85900000,0,307329,1,859,85900000,85900000,85900000,0,0,1,859,85900000,85900000,85900000,0,0.0,1.0,1.0,0.0,1.0,1.0,0.0,1.0,1.0,859,86200000,False,1.0,0.0,300.0,500.0,600000000000.0,100000000000.0,,860
1,near_tick_before,thermal_loop,865,controller_tick,86000000,86.0,1,0,86000000,860,86000000,TRIPPED,stale_input,0,0,62,1,0,reconstructed_from_retained_wire,True,,,307.2972287187342,296.74683003452066,293.43239567003377,0.9999999999963988,0.9999999999999994,302000.00000000594,439995.1219425665,0.0003015113445766778,63636.36363590531,-1.3329554349184036e-08,0.000301511,296.747,293.432,307.297,0.0,301511,1,860,86000000,86000000,86000000,0,296747,1,860,86000000,86000000,86000000,0,293432,1,860,86000000,86000000,86000000,0,307297,1,860,86000000,86000000,86000000,0,0,1,860,86000000,86000000,86000000,0,0.0,1.0,1.0,0.0,1.0,1.0,0.0,1.0,1.0,860,86300000,False,1.0,0.0,300.0,500.0,600000000000.0,100000000000.0,,861
1,near_tick_before,thermal_loop,866,controller_tick,86100000,86.1,1,0,86100000,861,86100000,TRIPPED,stale_input,0,0,62,1,0,reconstructed_from_retained_wire,True,,,307.26560680839344,296.7347215964997,293.42470174283284,0.9999999999967415,0.9999999999999994,302000.00000000594,440509.04943492956,0.00030151134457678114,63636.36363594893,-1.2485543265938759e-08,0.000301511,296.735,293.425,307.266,0.0,301511,1,861,86100000,86100000,86100000,0,296735,1,861,86100000,86100000,86100000,0,293425,1,861,86100000,86100000,86100000,0,307266,1,861,86100000,86100000,86100000,0,0,1,861,86100000,86100000,86100000,0,0.0,1.0,1.0,0.0,1.0,1.0,0.0,1.0,1.0,861,86400000,False,1.0,0.0,300.0,500.0,600000000000.0,100000000000.0,,862
1,near_tick_before,thermal_loop,867,controller_tick,86200000,86.2,1,0,86200000,862,86200000,TRIPPED,stale_input,0,0,62,1,0,reconstructed_from_retained_wire,True,,,307.2340433455764,296.7226097196371,293.41699420405126,0.9999999999970516,0.9999999999999994,302000.00000000594,441022.5918899909,0.00030151134457687465,63636.3636359884,-1.3620592653751373e-08,0.000301511,296.723,293.417,307.234,0.0,301511,1,862,86200000,86200000,86200000,0,296723,1,862,86200000,86200000,86200000,0,293417,1,862,86200000,86200000,86200000,0,307234,1,862,86200000,86200000,86200000,0,0,1,862,86200000,86200000,86200000,0,0.0,1.0,1.0,0.0,1.0,1.0,0.0,1.0,1.0,862,86500000,False,1.0,0.0,300.0,500.0,600000000000.0,100000000000.0,,863
1,near_tick_before,thermal_loop,868,controller_tick,86300000,86.3,1,0,86300000,863,86300000,TRIPPED,stale_input,0,0,62,1,0,reconstructed_from_retained_wire,True,,,307.2025381450056,296.71049447285424,293.4092732094526,0.9999999999973321,0.9999999999999994,302000.00000000594,441535.7486310718,0.0003015113445769592,63636.36363602411,-1.3387762010097504e-08,0.000301511,296.71,293.409,307.203,0.0,301511,1,863,86300000,86300000,86300000,0,296710,1,863,86300000,86300000,86300000,0,293409,1,863,86300000,86300000,86300000,0,307203,1,863,86300000,86300000,86300000,0,0,1,863,86300000,86300000,86300000,0,0.0,1.0,1.0,0.0,1.0,1.0,0.0,1.0,1.0,863,86600000,False,1.0,0.0,300.0,500.0,600000000000.0,100000000000.0,,864
1,near_tick_before,thermal_loop,869,controller_tick,86400000,86.4,1,0,86400000,864,86400000,TRIPPED,stale_input,0,0,62,1,0,reconstructed_from_retained_wire,True,,,307.1710910221652,296.6983759254557,293.40153891331886,0.999999999997586,0.9999999999999994,302000.00000000594,442048.5189892446,0.0003015113445770358,63636.36363605638,-1.3213139027357101e-08,0.000301511,296.698,293.402,307.171,0.0,301511,1,864,86400000,86400000,86400000,0,296698,1,864,86400000,86400000,86400000,0,293402,1,864,86400000,86400000,86400000,0,307171,1,864,86400000,86400000,86400000,0,0,1,864,86400000,86400000,86400000,0,0.0,1.0,1.0,0.0,1.0,1.0,0.0,1.0,1.0,864,86700000,False,1.0,0.0,300.0,500.0,600000000000.0,100000000000.0,,865
1,near_tick_before,thermal_loop,870,controller_tick,86500000,86.5,1,0,86500000,865,86500000,TRIPPED,stale_input,0,0,62,1,0,reconstructed_from_retained_wire,True,,,307.1397017933004,296.6862541471036,293.3937914684749,0.9999999999978157,0.9999999999999994,302000.00000000594,442560.90230325924,0.0003015113445771051,63636.36363608563,-1.3213139027357101e-08,0.000301511,296.686,293.394,307.14,0.0,301511,1,865,86500000,86500000,86500000,0,296686,1,865,86500000,86500000,86500000,0,293394,1,865,86500000,86500000,86500000,0,307140,1,865,86500000,86500000,86500000,0,0,1,865,86500000,86500000,86500000,0,0.0,1.0,1.0,0.0,1.0,1.0,0.0,1.0,1.0,865,86800000,False,1.0,0.0,300.0,500.0,600000000000.0,100000000000.0,,866
1,near_tick_before,thermal_loop,871,controller_tick,86600000,86.6,1,0,86600000,866,86600000,TRIPPED,stale_input,0,0,62,1,0,reconstructed_from_retained_wire,True,,,307.10837027541606,296.6741292077917,293.3860310263122,0.9999999999980237,0.9999999999999994,302000.00000000594,443072.89791947085,0.0003015113445771677,63636.36363611212,-1.2863893061876297e-08,0.000301511,296.674,293.386,307.108,0.0,301511,1,866,86600000,86600000,86600000,0,296674,1,866,86600000,86600000,86600000,0,293386,1,866,86600000,86600000,86600000,0,307108,1,866,86600000,86600000,86600000,0,0,1,866,86600000,86600000,86600000,0,0.0,1.0,1.0,0.0,1.0,1.0,0.0,1.0,1.0,866,86900000,False,1.0,0.0,300.0,500.0,600000000000.0,100000000000.0,,867
1,near_tick_before,thermal_loop,872,controller_tick,86700000,86.7,1,0,86700000,867,86700000,TRIPPED,stale_input,0,0,62,1,0,reconstructed_from_retained_wire,True,,,307.07709628627526,296.66200117782057,293.3782577368121,0.9999999999982117,0.9999999999999994,302000.00000000594,443584.50519176887,0.0003015113445772244,63636.36363613604,-1.2631062418222427e-08,0.000301511,296.662,293.378,307.077,0.0,301511,1,867,86700000,86700000,86700000,0,296662,1,867,86700000,86700000,86700000,0,293378,1,867,86700000,86700000,86700000,0,307077,1,867,86700000,86700000,86700000,0,0,1,867,86700000,86700000,86700000,0,0.0,1.0,1.0,0.0,1.0,1.0,0.0,1.0,1.0,867,87000000,False,1.0,0.0,300.0,500.0,600000000000.0,100000000000.0,,868
1,near_tick_before,thermal_loop,873,controller_tick,86800000,86.8,1,0,86800000,868,86800000,TRIPPED,stale_input,0,0,62,1,0,reconstructed_from_retained_wire,True,,,307.04587964439804,296.6498701277743,293.37047174856815,0.9999999999983818,0.9999999999999994,302000.00000000594,444095.72348150704,0.00030151134457727575,63636.36363615768,-1.2456439435482025e-08,0.000301511,296.65,293.37,307.046,0.0,301511,1,868,86800000,86800000,86800000,0,296650,1,868,86800000,86800000,86800000,0,293370,1,868,86800000,86800000,86800000,0,307046,1,868,86800000,86800000,86800000,0,0,1,868,86800000,86800000,86800000,0,0.0,1.0,1.0,0.0,1.0,1.0,0.0,1.0,1.0,868,87100000,False,1.0,0.0,300.0,500.0,600000000000.0,100000000000.0,,869
1,near_tick_before,thermal_loop,874,controller_tick,86900000,86.9,1,0,86900000,869,86900000,TRIPPED,stale_input,0,0,62,1,0,reconstructed_from_retained_wire,True,,,307.0147201690598,296.63773612849695,293.3626732088085,0.9999999999985358,0.9999999999999994,302000.00000000594,444606.5521574345,0.0003015113445773222,63636.363636177266,-1.2543750926852226e-08,0.000301511,296.638,293.363,307.015,0.0,301511,1,869,86900000,86900000,86900000,0,296638,1,869,86900000,86900000,86900000,0,293363,1,869,86900000,86900000,86900000,0,307015,1,869,86900000,86900000,86900000,0,0,1,869,86900000,86900000,86900000,0,0.0,1.0,1.0,0.0,1.0,1.0,0.0,1.0,1.0,869,87200000,False,1.0,0.0,300.0,500.0,600000000000.0,100000000000.0,,870
1,near_tick_before,thermal_loop,875,controller_tick,87000000,87.0,1,0,87000000,870,87000000,TRIPPED,stale_input,0,0,62,1,0,reconstructed_from_retained_wire,True,,,306.98361768028997,296.62559925107024,293.3548622634171,0.9999999999986752,0.9999999999999994,302000.00000000594,445116.99059562804,0.0003015113445773642,63636.36363619501,-1.2485543265938759e-08,0.000301511,296.626,293.355,306.984,0.0,301511,1,870,87000000,87000000,87000000,0,296626,1,870,87000000,87000000,87000000,0,293355,1,870,87000000,87000000,87000000,0,306984,1,870,87000000,87000000,87000000,0,0,1,870,87000000,87000000,87000000,0,0.0,1.0,1.0,0.0,1.0,1.0,0.0,1.0,1.0,870,87300000,False,1.0,0.0,300.0,500.0,600000000000.0,100000000000.0,,871
1,near_tick_before,thermal_loop,876,controller_tick,87100000,87.1,1,0,87100000,871,87100000,TRIPPED,stale_input,0,0,62,1,0,reconstructed_from_retained_wire,True,,,306.9525719988703,296.61345956679196,293.347039056955,0.9999999999988012,0.9999999999999994,302000.00000000594,445627.0381794257,0.0003015113445774022,63636.363636211056,-1.2310920283198357e-08,0.000301511,296.613,293.347,306.953,0.0,301511,1,871,87100000,87100000,87100000,0,296613,1,871,87100000,87100000,87100000,0,293347,1,871,87100000,87100000,87100000,0,306953,1,871,87100000,87100000,87100000,0,0,1,871,87100000,87100000,87100000,0,0.0,1.0,1.0,0.0,1.0,1.0,0.0,1.0,1.0,871,87400000,False,1.0,0.0,300.0,500.0,600000000000.0,100000000000.0,,872
1,near_tick_before,thermal_loop,877,controller_tick,87200000,87.2,1,0,87200000,872,87200000,TRIPPED,stale_input,0,0,62,1,0,reconstructed_from_retained_wire,True,,,306.92158294633333,296.6013171471552,293.3392037326806,0.9999999999989152,0.9999999999999994,302000.00000000594,446136.69429936074,0.00030151134457743654,63636.363636225564,-1.1699739843606949e-08,0.000301511,296.601,293.339,306.922,0.0,301511,1,872,87200000,87200000,87200000,0,296601,1,872,87200000,87200000,87200000,0,293339,1,872,87200000,87200000,87200000,0,306922,1,872,87200000,87200000,87200000,0,0,1,872,87200000,87200000,87200000,0,0.0,1.0,1.0,0.0,1.0,1.0,0.0,1.0,1.0,872,87500000,False,1.0,0.0,300.0,500.0,600000000000.0,100000000000.0,,873
1,near_tick_before,thermal_loop,878,controller_tick,87300000,87.3,1,0,87300000,873,87300000,TRIPPED,stale_input,0,0,62,1,0,reconstructed_from_retained_wire,True,,,306.8906503449605,296.5891720638278,293.3313564325697,0.9999999999990185,0.9999999999999994,302000.00000000594,446645.9583530972,0.00030151134457746765,63636.36363623872,-1.1496013030409813e-08,0.000301511,296.589,293.331,306.891,0.0,301511,1,873,87300000,87300000,87300000,0,296589,1,873,87300000,87300000,87300000,0,293331,1,873,87300000,87300000,87300000,0,306891,1,873,87300000,87300000,87300000,0,0,1,873,87300000,87300000,87300000,0,0.0,1.0,1.0,0.0,1.0,1.0,0.0,1.0,1.0,873,87600000,False,1.0,0.0,300.0,500.0,600000000000.0,100000000000.0,,874
1,near_tick_before,thermal_loop,879,controller_tick,87400000,87.4,1,0,87400000,874,87400000,TRIPPED,stale_input,0,0,62,1,0,reconstructed_from_retained_wire,True,,,306.8597740177805,296.5770243886329,293.32349729733517,0.9999999999991117,0.9999999999999994,302000.00000000594,447154.8297453663,0.0003015113445774958,63636.36363625059,-1.234002411365509e-08,0.000301511,296.577,293.323,306.86,0.0,301511,1,874,87400000,87400000,87400000,0,296577,1,874,87400000,87400000,87400000,0,293323,1,874,87400000,87400000,87400000,0,306860,1,874,87400000,87400000,87400000,0,0,1,874,87400000,87400000,87400000,0,0.0,1.0,1.0,0.0,1.0,1.0,0.0,1.0,1.0,874,87700000,False,1.0,0.0,300.0,500.0,600000000000.0,100000000000.0,,875
1,near_tick_before,thermal_loop,880,controller_tick,87500000,87.5,1,0,87500000,875,87500000,TRIPPED,stale_input,0,0,62,1,0,reconstructed_from_retained_wire,True,,,306.8289537885678,296.5648741935302,293.3156264664459,0.9999999999991962,0.9999999999999994,302000.00000000594,447663.30788790376,0.00030151134457752127,63636.363636261325,-1.1845258995890617e-08,0.000301511,296.565,293.316,306.829,0.0,301511,1,875,87500000,87500000,87500000,0,296565,1,875,87500000,87500000,87500000,0,293316,1,875,87500000,87500000,87500000,0,306829,1,875,87500000,87500000,87500000,0,0,1,875,87500000,87500000,87500000,0,0.0,1.0,1.0,0.0,1.0,1.0,0.0,1.0,1.0,875,87800000,False,1.0,0.0,300.0,500.0,600000000000.0,100000000000.0,,876
1,near_tick_before,thermal_loop,881,controller_tick,87600000,87.6,1,0,87600000,876,87600000,TRIPPED,stale_input,0,0,62,1,0,reconstructed_from_retained_wire,True,,,306.7981894818401,296.55272155059737,293.3077440781454,0.9999999999992727,0.9999999999999994,302000.00000000594,448171.392199388,0.00030151134457754436,63636.36363627106,-1.1525116860866547e-08,0.000301511,296.553,293.308,306.798,0.0,301511,1,876,87600000,87600000,87600000,0,296553,1,876,87600000,87600000,87600000,0,293308,1,876,87600000,87600000,87600000,0,306798,1,876,87600000,87600000,87600000,0,0,1,876,87600000,87600000,87600000,0,0.0,1.0,1.0,0.0,1.0,1.0,0.0,1.0,1.0,876,87900000,False,1.0,0.0,300.0,500.0,600000000000.0,100000000000.0,,877
1,near_tick_before,thermal_loop,882,controller_tick,87700000,87.7,1,0,87700000,877,87700000,TRIPPED,stale_input,0,0,62,1,0,reconstructed_from_retained_wire,True,,,306.767480922857,296.5405665320124,293.2998502694699,0.999999999999342,0.9999999999999994,302000.00000000594,448679.0821053794,0.00030151134457756523,63636.363636279886,-1.2136297300457954e-08,0.000301511,296.541,293.3,306.767,0.0,301511,1,877,87700000,87700000,87700000,0,296541,1,877,87700000,87700000,87700000,0,293300,1,877,87700000,87700000,87700000,0,306767,1,877,87700000,87700000,87700000,0,0,1,877,87700000,87700000,87700000,0,0.0,1.0,1.0,0.0,1.0,1.0,0.0,1.0,1.0,877,88000000,False,1.0,0.0,300.0,500.0,600000000000.0,100000000000.0,,878
1,near_tick_before,thermal_loop,883,controller_tick,87800000,87.8,1,0,87800000,878,87800000,TRIPPED,stale_input,0,0,62,1,0,reconstructed_from_retained_wire,True,,,306.73682793761793,296.5284092100366,293.2919451762664,0.9999999999994046,0.9999999999999994,302000.00000000594,449186.37703826017,0.00030151134457758415,63636.36363628783,-1.1728843674063683e-08,0.000301511,296.528,293.292,306.737,0.0,301511,1,878,87800000,87800000,87800000,0,296528,1,878,87800000,87800000,87800000,0,293292,1,878,87800000,87800000,87800000,0,306737,1,878,87800000,87800000,87800000,0,0,1,878,87800000,87800000,87800000,0,0.0,1.0,1.0,0.0,1.0,1.0,0.0,1.0,1.0,878,88100000,False,1.0,0.0,300.0,500.0,600000000000.0,100000000000.0,,879
1,near_tick_before,thermal_loop,884,controller_tick,87900000,87.9,1,0,87900000,879,87900000,TRIPPED,stale_input,0,0,62,1,0,reconstructed_from_retained_wire,True,,,306.70623035286,296.51624965699796,293.2840289332095,0.9999999999994613,0.9999999999999994,302000.00000000594,449693.27643717575,0.00030151134457760123,63636.363636295064,-1.1408701539039612e-08,0.000301511,296.516,293.284,306.706,0.0,301511,1,879,87900000,87900000,87900000,0,296516,1,879,87900000,87900000,87900000,0,293284,1,879,87900000,87900000,87900000,0,306706,1,879,87900000,87900000,87900000,0,0,1,879,87900000,87900000,87900000,0,0.0,1.0,1.0,0.0,1.0,1.0,0.0,1.0,1.0,879,88200000,False,1.0,0.0,300.0,500.0,600000000000.0,100000000000.0,,880
1,near_tick_before,thermal_loop,885,controller_tick,88000000,88.0,1,0,88000000,880,88000000,TRIPPED,stale_input,0,0,62,1,0,reconstructed_from_retained_wire,True,,,306.6756879960561,296.5040879452751,293.2761016738189,0.9999999999995126,0.9999999999999994,302000.00000000594,450199.7797479762,0.00030151134457761673,63636.3636363016,-1.1175870895385742e-08,0.000301511,296.504,293.276,306.676,0.0,301511,1,880,88000000,88000000,88000000,0,296504,1,880,88000000,88000000,88000000,0,293276,1,880,88000000,88000000,88000000,0,306676,1,880,88000000,88000000,88000000,0,0,1,880,88000000,88000000,88000000,0,0.0,1.0,1.0,0.0,1.0,1.0,0.0,1.0,1.0,880,88300000,False,1.0,0.0,300.0,500.0,600000000000.0,100000000000.0,,881
1,near_tick_before,thermal_loop,886,controller_tick,88100000,88.1,1,0,88100000,881,88100000,TRIPPED,stale_input,0,0,62,1,0,reconstructed_from_retained_wire,True,,,306.6452006954129,296.4919241472819,293.2681635304754,0.9999999999995589,0.9999999999999994,302000.00000000594,450705.88642315904,0.00030151134457763066,63636.3636363075,-1.1379597708582878e-08,0.000301511,296.492,293.268,306.645,0.0,301511,1,881,88100000,88100000,88100000,0,296492,1,881,88100000,88100000,88100000,0,293268,1,881,88100000,88100000,88100000,0,306645,1,881,88100000,88100000,88100000,0,0,1,881,88100000,88100000,88100000,0,0.0,1.0,1.0,0.0,1.0,1.0,0.0,1.0,1.0,881,88400000,False,1.0,0.0,300.0,500.0,600000000000.0,100000000000.0,,882
1,near_tick_before,thermal_loop,887,controller_tick,88200000,88.2,1,0,88200000,882,88200000,TRIPPED,stale_input,0,0,62,1,0,reconstructed_from_retained_wire,True,,,306.61476827986843,296.47975833545263,293.2602146344374,0.9999999999996009,0.9999999999999994,302000.00000000594,451211.59592181275,0.00030151134457764335,63636.36363631282,-1.201988197863102e-08,0.000301511,296.48,293.26,306.615,0.0,301511,1,882,88200000,88200000,88200000,0,296480,1,882,88200000,88200000,88200000,0,293260,1,882,88200000,88200000,88200000,0,306615,1,882,88200000,88200000,88200000,0,0,1,882,88200000,88200000,88200000,0,0.0,1.0,1.0,0.0,1.0,1.0,0.0,1.0,1.0,882,88500000,False,1.0,0.0,300.0,500.0,600000000000.0,100000000000.0,,883
1,near_tick_before,thermal_loop,888,controller_tick,88300000,88.3,1,0,88300000,883,88300000,TRIPPED,stale_input,0,0,62,1,0,reconstructed_from_retained_wire,True,,,306.58439057909027,296.4675905822274,293.25225511585654,0.9999999999996388,0.9999999999999994,302000.00000000594,451716.90770956094,0.00030151134457765473,63636.36363631766,-1.2078089639544487e-08,0.000301511,296.468,293.252,306.584,0.0,301511,1,883,88300000,88300000,88300000,0,296468,1,883,88300000,88300000,88300000,0,293252,1,883,88300000,88300000,88300000,0,306584,1,883,88300000,88300000,88300000,0,0,1,883,88300000,88300000,88300000,0,0.0,1.0,1.0,0.0,1.0,1.0,0.0,1.0,1.0,883,88600000,False,1.0,0.0,300.0,500.0,600000000000.0,100000000000.0,,884
1,near_tick_before,thermal_loop,889,controller_tick,88400000,88.4,1,0,88400000,884,88400000,TRIPPED,stale_input,0,0,62,1,0,reconstructed_from_retained_wire,True,,,306.55406742347316,296.4554209600383,293.2442851037932,0.9999999999996732,0.9999999999999994,302000.00000000594,452221.82125850755,0.0003015113445776651,63636.363636322036,-1.2165401130914688e-08,0.000301511,296.455,293.244,306.554,0.0,301511,1,884,88400000,88400000,88400000,0,296455,1,884,88400000,88400000,88400000,0,293244,1,884,88400000,88400000,88400000,0,306554,1,884,88400000,88400000,88400000,0,0,1,884,88400000,88400000,88400000,0,0.0,1.0,1.0,0.0,1.0,1.0,0.0,1.0,1.0,884,88700000,False,1.0,0.0,300.0,500.0,600000000000.0,100000000000.0,,885
1,near_tick_before,thermal_loop,890,controller_tick,88500000,88.5,1,0,88500000,885,88500000,TRIPPED,stale_input,0,0,62,1,0,reconstructed_from_retained_wire,True,,,306.52379864413683,296.4432495412958,293.2363047262314,0.9999999999997042,0.9999999999999994,302000.00000000594,452726.3360471825,0.00030151134457767447,63636.363636326,-1.1845258995890617e-08,0.000301511,296.443,293.236,306.524,0.0,301511,1,885,88500000,88500000,88500000,0,296443,1,885,88500000,88500000,88500000,0,293236,1,885,88500000,88500000,88500000,0,306524,1,885,88500000,88500000,88500000,0,0,1,885,88500000,88500000,88500000,0,0.0,1.0,1.0,0.0,1.0,1.0,0.0,1.0,1.0,885,88800000,False,1.0,0.0,300.0,500.0,600000000000.0,100000000000.0,,886
1,near_tick_before,thermal_loop,891,controller_tick,88600000,88.6,1,0,88600000,886,88600000,TRIPPED,stale_input,0,0,62,1,0,reconstructed_from_retained_wire,True,,,306.49358407292385,296.4310763983761,293.2283141100937,0.9999999999997324,0.9999999999999994,302000.00000000594,453230.45156048826,0.0003015113445776829,63636.36363632958,-1.155422069132328e-08,0.000301511,296.431,293.228,306.494,0.0,301511,1,886,88600000,88600000,88600000,0,296431,1,886,88600000,88600000,88600000,0,293228,1,886,88600000,88600000,88600000,0,306494,1,886,88600000,88600000,88600000,0,0,1,886,88600000,88600000,88600000,0,0.0,1.0,1.0,0.0,1.0,1.0,0.0,1.0,1.0,886,88900000,False,1.0,0.0,300.0,500.0,600000000000.0,100000000000.0,,887
1,near_tick_before,thermal_loop,892,controller_tick,88700000,88.7,1,0,88700000,887,88700000,TRIPPED,stale_input,0,0,62,1,0,reconstructed_from_retained_wire,True,,,306.46342354239704,296.4189016036082,293.22031338125555,0.9999999999997579,0.9999999999999994,302000.00000000594,453734.16728964733,0.0003015113445776906,63636.36363633282,-1.068110577762127e-08,0.000301511,296.419,293.22,306.463,0.0,301511,1,887,88700000,88700000,88700000,0,296419,1,887,88700000,88700000,88700000,0,293220,1,887,88700000,88700000,88700000,0,306463,1,887,88700000,88700000,88700000,0,0,1,887,88700000,88700000,88700000,0,0.0,1.0,1.0,0.0,1.0,1.0,0.0,1.0,1.0,887,89000000,False,1.0,0.0,300.0,500.0,600000000000.0,100000000000.0,,888
1,near_tick_before,thermal_loop,893,controller_tick,88800000,88.8,1,0,88800000,888,88800000,TRIPPED,stale_input,0,0,62,1,0,reconstructed_from_retained_wire,True,,,306.4333168858376,296.40672522926195,293.2123026645591,0.9999999999997808,0.9999999999999994,302000.00000000594,454237.48273215,0.00030151134457769756,63636.363636335744,-1.0652001947164536e-08,0.000301511,296.407,293.212,306.433,0.0,301511,1,888,88800000,88800000,88800000,0,296407,1,888,88800000,88800000,88800000,0,293212,1,888,88800000,88800000,88800000,0,306433,1,888,88800000,88800000,88800000,0,0,1,888,88800000,88800000,88800000,0,0.0,1.0,1.0,0.0,1.0,1.0,0.0,1.0,1.0,888,89100000,False,1.0,0.0,300.0,500.0,600000000000.0,100000000000.0,,889
1,near_tick_before,thermal_loop,894,controller_tick,88900000,88.9,1,0,88900000,889,88900000,TRIPPED,stale_input,0,0,62,1,0,reconstructed_from_retained_wire,True,,,306.4032639372423,296.3945473475364,293.2042820838274,0.9999999999998017,0.9999999999999994,302000.00000000594,454740.39739170315,0.00030151134457770385,63636.363636338385,-1.1612428352236748e-08,0.000301511,296.395,293.204,306.403,0.0,301511,1,889,88900000,88900000,88900000,0,296395,1,889,88900000,88900000,88900000,0,293204,1,889,88900000,88900000,88900000,0,306403,1,889,88900000,88900000,88900000,0,0,1,889,88900000,88900000,88900000,0,0.0,1.0,1.0,0.0,1.0,1.0,0.0,1.0,1.0,889,89200000,False,1.0,0.0,300.0,500.0,600000000000.0,100000000000.0,,890
1,near_tick_before,thermal_loop,895,controller_tick,89000000,89.0,1,0,89000000,890,89000000,TRIPPED,stale_input,0,0,62,1,0,reconstructed_from_retained_wire,True,,,306.37326453132147,296.38236803054855,293.1962517618777,0.9999999999998206,0.9999999999999994,302000.00000000594,455242.9107781796,0.00030151134457770954,63636.36363634079,-1.1175870895385742e-08,0.000301511,296.382,293.196,306.373,0.0,301511,1,890,89000000,89000000,89000000,0,296382,1,890,89000000,89000000,89000000,0,293196,1,890,89000000,89000000,89000000,0,306373,1,890,89000000,89000000,89000000,0,0,1,890,89000000,89000000,89000000,0,0.0,1.0,1.0,0.0,1.0,1.0,0.0,1.0,1.0,890,89300000,False,1.0,0.0,300.0,500.0,600000000000.0,100000000000.0,,891
1,near_tick_before,thermal_loop,896,controller_tick,89100000,89.1,1,0,89100000,891,89100000,TRIPPED,stale_input,0,0,62,1,0,reconstructed_from_retained_wire,True,,,306.34331850349633,296.37018735032245,293.1882118205342,0.9999999999998377,0.9999999999999994,302000.00000000594,455745.0224075681,0.0003015113445777147,63636.36363634299,-1.1583324521780014e-08,0.000301511,296.37,293.188,306.343,0.0,301511,1,891,89100000,89100000,89100000,0,296370,1,891,89100000,89100000,89100000,0,293188,1,891,89100000,89100000,89100000,0,306343,1,891,89100000,89100000,89100000,0,0,1,891,89100000,89100000,89100000,0,0.0,1.0,1.0,0.0,1.0,1.0,0.0,1.0,1.0,891,89400000,False,1.0,0.0,300.0,500.0,600000000000.0,100000000000.0,,892
1,near_tick_before,thermal_loop,897,controller_tick,89200000,89.2,1,0,89200000,892,89200000,TRIPPED,stale_input,0,0,62,1,0,reconstructed_from_retained_wire,True,,,306.31342568989686,296.3580053787785,293.18016238064155,0.9999999999998531,0.9999999999999994,302000.00000000594,456246.7318019243,0.00030151134457771935,63636.36363634495,-1.155422069132328e-08,0.000301511,296.358,293.18,306.313,0.0,301511,1,892,89200000,89200000,89200000,0,296358,1,892,89200000,89200000,89200000,0,293180,1,892,89200000,89200000,89200000,0,306313,1,892,89200000,89200000,89200000,0,0,1,892,89200000,89200000,89200000,0,0.0,1.0,1.0,0.0,1.0,1.0,0.0,1.0,1.0,892,89500000,False,1.0,0.0,300.0,500.0,600000000000.0,100000000000.0,,893
1,near_tick_before,thermal_loop,898,controller_tick,89300000,89.3,1,0,89300000,893,89300000,TRIPPED,stale_input,0,0,62,1,0,reconstructed_from_retained_wire,True,,,306.28358592735907,296.3458221877237,293.17210356207687,0.9999999999998671,0.9999999999999994,302000.00000000594,456748.03848932154,0.0003015113445777236,63636.36363634672,-1.1525116860866547e-08,0.000301511,296.346,293.172,306.284,0.0,301511,1,893,89300000,89300000,89300000,0,296346,1,893,89300000,89300000,89300000,0,293172,1,893,89300000,89300000,89300000,0,306284,1,893,89300000,89300000,89300000,0,0,1,893,89300000,89300000,89300000,0,0.0,1.0,1.0,0.0,1.0,1.0,0.0,1.0,1.0,893,89600000,False,1.0,0.0,300.0,500.0,600000000000.0,100000000000.0,,894
1,near_tick_before,thermal_loop,899,controller_tick,89400000,89.4,1,0,89400000,894,89400000,TRIPPED,stale_input,0,0,62,1,0,reconstructed_from_retained_wire,True,,,306.25379905342265,296.3336378488416,293.1640354837624,0.9999999999998798,0.9999999999999994,302000.00000000594,457248.94200380327,0.0003015113445777274,63636.36363634834,-1.1670636013150215e-08,0.000301511,296.334,293.164,306.254,0.0,301511,1,894,89400000,89400000,89400000,0,296334,1,894,89400000,89400000,89400000,0,293164,1,894,89400000,89400000,89400000,0,306254,1,894,89400000,89400000,89400000,0,0,1,894,89400000,89400000,89400000,0,0.0,1.0,1.0,0.0,1.0,1.0,0.0,1.0,1.0,894,89700000,False,1.0,0.0,300.0,500.0,600000000000.0,100000000000.0,,895
1,near_tick_before,thermal_loop,900,controller_tick,89500000,89.5,1,0,89500000,895,89500000,TRIPPED,stale_input,0,0,62,1,0,reconstructed_from_retained_wire,True,,,306.2240649063285,296.3214524336832,293.15595826367735,0.9999999999998912,0.9999999999999994,302000.00000000594,457749.4418853354,0.00030151134457773084,63636.36363634977,-1.1699739843606949e-08,0.000301511,296.321,293.156,306.224,0.0,301511,1,895,89500000,89500000,89500000,0,296321,1,895,89500000,89500000,89500000,0,293156,1,895,89500000,89500000,89500000,0,306224,1,895,89500000,89500000,89500000,0,0,1,895,89500000,89500000,89500000,0,0.0,1.0,1.0,0.0,1.0,1.0,0.0,1.0,1.0,895,89800000,False,1.0,0.0,300.0,500.0,600000000000.0,100000000000.0,,896
1,near_tick_before,thermal_loop,901,controller_tick,89600000,89.6,1,0,89600000,896,89600000,TRIPPED,stale_input,0,0,62,1,0,reconstructed_from_retained_wire,True,,,306.1943833250162,296.30926601365763,293.1478720188698,0.9999999999999015,0.9999999999999994,302000.00000000594,458249.53767975944,0.00030151134457773393,63636.363636351096,-1.1204974725842476e-08,0.000301511,296.309,293.148,306.194,0.0,301511,1,896,89600000,89600000,89600000,0,296309,1,896,89600000,89600000,89600000,0,293148,1,896,89600000,89600000,89600000,0,306194,1,896,89600000,89600000,89600000,0,0,1,896,89600000,89600000,89600000,0,0.0,1.0,1.0,0.0,1.0,1.0,0.0,1.0,1.0,896,89900000,False,1.0,0.0,300.0,500.0,600000000000.0,100000000000.0,,897
1,near_tick_before,thermal_loop,902,controller_tick,89700000,89.7,1,0,89700000,897,89700000,TRIPPED,stale_input,0,0,62,1,0,reconstructed_from_retained_wire,True,,,306.1647541491214,296.29707866002343,293.13977686546815,0.9999999999999108,0.9999999999999994,302000.00000000594,458749.22893874627,0.00030151134457773675,63636.363636352275,-1.1059455573558807e-08,0.000301511,296.297,293.14,306.165,0.0,301511,1,897,89700000,89700000,89700000,0,296297,1,897,89700000,89700000,89700000,0,293140,1,897,89700000,89700000,89700000,0,306165,1,897,89700000,89700000,89700000,0,0,1,897,89700000,89700000,89700000,0,0.0,1.0,1.0,0.0,1.0,1.0,0.0,1.0,1.0,897,90000000,False,1.0,0.0,300.0,500.0,600000000000.0,100000000000.0,,898
1,near_tick_before,thermal_loop,903,controller_tick,89800000,89.8,1,0,89800000,898,89800000,TRIPPED,stale_input,0,0,62,1,0,reconstructed_from_retained_wire,True,,,306.1351772189734,296.28489044388044,293.13167291869235,0.9999999999999193,0.9999999999999994,302000.00000000594,459248.51521975046,0.0003015113445777393,63636.36363635335,-1.0622898116707802e-08,0.000301511,296.285,293.132,306.135,0.0,301511,1,898,89800000,89800000,89800000,0,296285,1,898,89800000,89800000,89800000,0,293132,1,898,89800000,89800000,89800000,0,306135,1,898,89800000,89800000,89800000,0,0,1,898,89800000,89800000,89800000,0,0.0,1.0,1.0,0.0,1.0,1.0,0.0,1.0,1.0,898,90100000,False,1.0,0.0,300.0,500.0,600000000000.0,100000000000.0,,899
1,near_tick_before,thermal_loop,904,controller_tick,89900000,89.9,1,0,89900000,899,89900000,TRIPPED,stale_input,0,0,62,1,0,reconstructed_from_retained_wire,True,,,306.1056523755925,296.27270143616136,293.1235602928651,0.9999999999999271,0.9999999999999994,302000.00000000594,459747.3960859651,0.00030151134457774163,63636.36363635436,-1.0477378964424133e-08,0.000301511,296.273,293.124,306.106,0.0,301511,1,899,89900000,89900000,89900000,0,296273,1,899,89900000,89900000,89900000,0,293124,1,899,89900000,89900000,89900000,0,306106,1,899,89900000,89900000,89900000,0,0,1,899,89900000,89900000,89900000,0,0.0,1.0,1.0,0.0,1.0,1.0,0.0,1.0,1.0,899,90200000,False,1.0,0.0,300.0,500.0,600000000000.0,100000000000.0,,900
1,near_tick_before,thermal_loop,905,controller_tick,90000000,90.0,1,0,90000000,900,90000000,TRIPPED,stale_input,0,0,62,1,0,reconstructed_from_retained_wire,True,,,306.07617946068757,296.2605117076241,293.1154391014224,0.9999999999999339,0.9999999999999994,302000.00000000594,460245.87110627716,0.0003015113445777437,63636.36363635523,-1.0390067473053932e-08,0.000301511,296.261,293.115,306.076,0.0,301511,1,900,90000000,90000000,90000000,0,296261,1,900,90000000,90000000,90000000,0,293115,1,900,90000000,90000000,90000000,0,306076,1,900,90000000,90000000,90000000,0,0,1,900,90000000,90000000,90000000,0,0.0,1.0,1.0,0.0,1.0,1.0,0.0,1.0,1.0,900,90300000,False,1.0,0.0,300.0,500.0,600000000000.0,100000000000.0,,901
1,near_tick_before,thermal_loop,906,controller_tick,90100000,90.1,1,0,90100000,901,90100000,TRIPPED,stale_input,0,0,62,1,0,reconstructed_from_retained_wire,True,,,306.0467583166531,296.24832132884455,293.10730945692444,0.9999999999999403,0.9999999999999994,302000.00000000594,460743.9398552235,0.00030151134457774564,63636.36363635604,-1.0302755981683731e-08,0.000301511,296.248,293.107,306.047,0.0,301511,1,901,90100000,90100000,90100000,0,296248,1,901,90100000,90100000,90100000,0,293107,1,901,90100000,90100000,90100000,0,306047,1,901,90100000,90100000,90100000,0,0,1,901,90100000,90100000,90100000,0,0.0,1.0,1.0,0.0,1.0,1.0,0.0,1.0,1.0,901,90400000,False,1.0,0.0,300.0,500.0,600000000000.0,100000000000.0,,902
1,near_tick_before,thermal_loop,907,controller_tick,90200000,90.2,1,0,90200000,902,90200000,TRIPPED,stale_input,0,0,62,1,0,reconstructed_from_retained_wire,True,,,306.017388786567,296.236130370209,293.09917147106563,0.9999999999999459,0.9999999999999994,302000.00000000594,461241.6019129474,0.0003015113445777473,63636.36363635674,-1.0069925338029861e-08,0.000301511,296.236,293.099,306.017,0.0,301511,1,902,90200000,90200000,90200000,0,296236,1,902,90200000,90200000,90200000,0,293099,1,902,90200000,90200000,90200000,0,306017,1,902,90200000,90200000,90200000,0,0,1,902,90200000,90200000,90200000,0,0.0,1.0,1.0,0.0,1.0,1.0,0.0,1.0,1.0,902,90500000,False,1.0,0.0,300.0,500.0,600000000000.0,100000000000.0,,903
1,near_tick_before,thermal_loop,908,controller_tick,90300000,90.3,1,0,90300000,903,90300000,TRIPPED,stale_input,0,0,62,1,0,reconstructed_from_retained_wire,True,,,305.9880707141877,296.2239389019074,293.091025254685,0.9999999999999512,0.9999999999999994,302000.00000000594,461738.85686515516,0.0003015113445777489,63636.36363635741,-9.778887033462524e-09,0.000301511,296.224,293.091,305.988,0.0,301511,1,903,90300000,90300000,90300000,0,296224,1,903,90300000,90300000,90300000,0,293091,1,903,90300000,90300000,90300000,0,305988,1,903,90300000,90300000,90300000,0,0,1,903,90300000,90300000,90300000,0,0.0,1.0,1.0,0.0,1.0,1.0,0.0,1.0,1.0,903,90600000,False,1.0,0.0,300.0,500.0,600000000000.0,100000000000.0,,904
1,near_tick_before,thermal_loop,909,controller_tick,90400000,90.4,1,0,90400000,904,90400000,TRIPPED,stale_input,0,0,62,1,0,reconstructed_from_retained_wire,True,,,305.95880394395164,296.21174699392657,293.08287091777606,0.9999999999999557,0.9999999999999994,302000.00000000594,462235.70430307416,0.00030151134457775025,63636.363636358015,-9.255018085241318e-09,0.000301511,296.212,293.083,305.959,0.0,301511,1,904,90400000,90400000,90400000,0,296212,1,904,90400000,90400000,90400000,0,293083,1,904,90400000,90400000,90400000,0,305959,1,904,90400000,90400000,90400000,0,0,1,904,90400000,90400000,90400000,0,0.0,1.0,1.0,0.0,1.0,1.0,0.0,1.0,1.0,904,90700000,False,1.0,0.0,300.0,500.0,600000000000.0,100000000000.0,,905
1,near_tick_before,thermal_loop,910,controller_tick,90500000,90.5,1,0,90500000,905,90500000,TRIPPED,stale_input,0,0,62,1,0,reconstructed_from_retained_wire,True,,,305.9295883209705,296.1995547160441,293.07470856949635,0.99999999999996,0.9999999999999994,302000.00000000594,462732.1438234104,0.0003015113445777516,63636.36363635853,-9.778887033462524e-09,0.000301511,296.2,293.075,305.93,0.0,301511,1,905,90500000,90500000,90500000,0,296200,1,905,90500000,90500000,90500000,0,293075,1,905,90500000,90500000,90500000,0,305930,1,905,90500000,90500000,90500000,0,0,1,905,90500000,90500000,90500000,0,0.0,1.0,1.0,0.0,1.0,1.0,0.0,1.0,1.0,905,90800000,False,1.0,0.0,300.0,500.0,600000000000.0,100000000000.0,,906
1,near_tick_before,thermal_loop,911,controller_tick,90600000,90.6,1,0,90600000,906,90600000,TRIPPED,stale_input,0,0,62,1,0,reconstructed_from_retained_wire,True,,,305.9004236910287,296.1873621378218,293.0665383181773,0.9999999999999639,0.9999999999999994,302000.00000000594,463228.1750283069,0.00030151134457775275,63636.36363635904,-9.575160220265388e-09,0.000301511,296.187,293.067,305.9,0.0,301511,1,906,90600000,90600000,90600000,0,296187,1,906,90600000,90600000,90600000,0,293067,1,906,90600000,90600000,90600000,0,305900,1,906,90600000,90600000,90600000,0,0,1,906,90600000,90600000,90600000,0,0.0,1.0,1.0,0.0,1.0,1.0,0.0,1.0,1.0,906,90900000,False,1.0,0.0,300.0,500.0,600000000000.0,100000000000.0,,907
1,near_tick_before,thermal_loop,912,controller_tick,90700000,90.7,1,0,90700000,907,90700000,TRIPPED,stale_input,0,0,62,1,0,reconstructed_from_retained_wire,True,,,305.87130990058074,296.1751693286002,293.0583602713333,0.9999999999999674,0.9999999999999994,302000.00000000594,463723.79752530303,0.0003015113445777538,63636.36363635949,-1.0128132998943329e-08,0.000301511,296.175,293.058,305.871,0.0,301511,1,907,90700000,90700000,90700000,0,296175,1,907,90700000,90700000,90700000,0,293058,1,907,90700000,90700000,90700000,0,305871,1,907,90700000,90700000,90700000,0,0,1,907,90700000,90700000,90700000,0,0.0,1.0,1.0,0.0,1.0,1.0,0.0,1.0,1.0,907,91000000,False,1.0,0.0,300.0,500.0,600000000000.0,100000000000.0,,908
1,near_tick_before,thermal_loop,913,controller_tick,90800000,90.8,1,0,90800000,908,90800000,TRIPPED,stale_input,0,0,62,1,0,reconstructed_from_retained_wire,True,,,305.8422467967484,296.16297635749254,293.05017453567086,0.9999999999999706,0.9999999999999994,302000.00000000594,464219.0109272936,0.00030151134457775475,63636.3636363599,-1.0011717677116394e-08,0.000301511,296.163,293.05,305.842,0.0,301511,1,908,90800000,90800000,90800000,0,296163,1,908,90800000,90800000,90800000,0,293050,1,908,90800000,90800000,90800000,0,305842,1,908,90800000,90800000,90800000,0,0,1,908,90800000,90800000,90800000,0,0.0,1.0,1.0,0.0,1.0,1.0,0.0,1.0,1.0,908,91100000,False,1.0,0.0,300.0,500.0,600000000000.0,100000000000.0,,909
1,near_tick_before,thermal_loop,914,controller_tick,90900000,90.9,1,0,90900000,909,90900000,TRIPPED,stale_input,0,0,62,1,0,reconstructed_from_retained_wire,True,,,305.8132342273178,296.1507832933796,293.04198121709777,0.9999999999999734,0.9999999999999994,302000.00000000594,464713.8148524887,0.0003015113445777556,63636.36363636024,-1.1146767064929008e-08,0.000301511,296.151,293.042,305.813,0.0,301511,1,909,90900000,90900000,90900000,0,296151,1,909,90900000,90900000,90900000,0,293042,1,909,90900000,90900000,90900000,0,305813,1,909,90900000,90900000,90900000,0,0,1,909,90900000,90900000,90900000,0,0.0,1.0,1.0,0.0,1.0,1.0,0.0,1.0,1.0,909,91200000,False,1.0,0.0,300.0,500.0,600000000000.0,100000000000.0,,910
1,near_tick_before,thermal_loop,915,controller_tick,91000000,91.0,1,0,91000000,910,91000000,TRIPPED,stale_input,0,0,62,1,0,reconstructed_from_retained_wire,True,,,305.7842720407375,296.13859020490446,293.0337804207317,0.9999999999999758,0.9999999999999994,302000.00000000594,465208.20892437396,0.0003015113445777563,63636.36363636056,-1.1699739843606949e-08,0.000301511,296.139,293.034,305.784,0.0,301511,1,910,91000000,91000000,91000000,0,296139,1,910,91000000,91000000,91000000,0,293034,1,910,91000000,91000000,91000000,0,305784,1,910,91000000,91000000,91000000,0,0,1,910,91000000,91000000,91000000,0,0.0,1.0,1.0,0.0,1.0,1.0,0.0,1.0,1.0,910,91300000,False,1.0,0.0,300.0,500.0,600000000000.0,100000000000.0,,911
1,near_tick_before,thermal_loop,916,controller_tick,91100000,91.1,1,0,91100000,911,91100000,TRIPPED,stale_input,0,0,62,1,0,reconstructed_from_retained_wire,True,,,305.7553600861149,296.12639716046726,293.0255722509091,0.999999999999978,0.9999999999999994,302000.00000000594,465702.19277167134,0.00030151134457775703,63636.36363636083,-1.146690919995308e-08,0.000301511,296.126,293.026,305.755,0.0,301511,1,911,91100000,91100000,91100000,0,296126,1,911,91100000,91100000,91100000,0,293026,1,911,91100000,91100000,91100000,0,305755,1,911,91100000,91100000,91100000,0,0,1,911,91100000,91100000,91100000,0,0.0,1.0,1.0,0.0,1.0,1.0,0.0,1.0,1.0,911,91400000,False,1.0,0.0,300.0,500.0,600000000000.0,100000000000.0,,912
1,near_tick_before,thermal_loop,917,controller_tick,91200000,91.2,1,0,91200000,912,91200000,TRIPPED,stale_input,0,0,62,1,0,reconstructed_from_retained_wire,True,,,305.72649821321403,296.11420422822073,293.01735681119294,0.99999999999998,0.9999999999999994,302000.00000000594,466195.76602830034,0.0003015113445777576,63636.36363636109,-1.234002411365509e-08,0.000301511,296.114,293.017,305.726,0.0,301511,1,912,91200000,91200000,91200000,0,296114,1,912,91200000,91200000,91200000,0,293017,1,912,91200000,91200000,91200000,0,305726,1,912,91200000,91200000,91200000,0,0,1,912,91200000,91200000,91200000,0,0.0,1.0,1.0,0.0,1.0,1.0,0.0,1.0,1.0,912,91500000,False,1.0,0.0,300.0,500.0,600000000000.0,100000000000.0,,913
1,near_tick_before,thermal_loop,918,controller_tick,91300000,91.3,1,0,91300000,913,91300000,TRIPPED,stale_input,0,0,62,1,0,reconstructed_from_retained_wire,True,,,305.69768627245287,296.1020114760655,293.00913420438195,0.9999999999999818,0.9999999999999994,302000.00000000594,466688.9283333394,0.00030151134457775817,63636.36363636131,-1.2281816452741623e-08,0.000301511,296.102,293.009,305.698,0.0,301511,1,913,91300000,91300000,91300000,0,296102,1,913,91300000,91300000,91300000,0,293009,1,913,91300000,91300000,91300000,0,305698,1,913,91300000,91300000,91300000,0,0,1,913,91300000,91300000,91300000,0,0.0,1.0,1.0,0.0,1.0,1.0,0.0,1.0,1.0,913,91600000,False,1.0,0.0,300.0,500.0,600000000000.0,100000000000.0,,914
1,near_tick_before,thermal_loop,919,controller_tick,91400000,91.4,1,0,91400000,914,91400000,TRIPPED,stale_input,0,0,62,1,0,reconstructed_from_retained_wire,True,,,305.6689241149003,296.0898189716456,293.0009045325181,0.9999999999999836,0.9999999999999994,302000.00000000594,467181.67933098803,0.0003015113445777587,63636.36363636153,-1.2223608791828156e-08,0.000301511,296.09,293.001,305.669,0.0,301511,1,914,91400000,91400000,91400000,0,296090,1,914,91400000,91400000,91400000,0,293001,1,914,91400000,91400000,91400000,0,305669,1,914,91400000,91400000,91400000,0,0,1,914,91400000,91400000,91400000,0,0.0,1.0,1.0,0.0,1.0,1.0,0.0,1.0,1.0,914,91700000,False,1.0,0.0,300.0,500.0,600000000000.0,100000000000.0,,915
1,near_tick_before,thermal_loop,920,controller_tick,91500000,91.5,1,0,91500000,915,91500000,TRIPPED,stale_input,0,0,62,1,0,reconstructed_from_retained_wire,True,,,305.64021159227354,296.0776267823445,292.9926678968948,0.9999999999999851,0.9999999999999994,302000.00000000594,467674.01867052895,0.00030151134457775914,63636.36363636175,-1.2776581570506096e-08,0.000301511,296.078,292.993,305.64,0.0,301511,1,915,91500000,91500000,91500000,0,296078,1,915,91500000,91500000,91500000,0,292993,1,915,91500000,91500000,91500000,0,305640,1,915,91500000,91500000,91500000,0,0,1,915,91500000,91500000,91500000,0,0.0,1.0,1.0,0.0,1.0,1.0,0.0,1.0,1.0,915,91800000,False,1.0,0.0,300.0,500.0,600000000000.0,100000000000.0,,916
1,near_tick_before,thermal_loop,921,controller_tick,91600000,91.6,1,0,91600000,916,91600000,TRIPPED,stale_input,0,0,62,1,0,reconstructed_from_retained_wire,True,,,305.61154855693565,296.065434975281,292.9844243980645,0.9999999999999865,0.9999999999999994,302000.00000000594,468165.94600629114,0.0003015113445777596,63636.36363636191,-1.2136297300457954e-08,0.000301511,296.065,292.984,305.612,0.0,301511,1,916,91600000,91600000,91600000,0,296065,1,916,91600000,91600000,91600000,0,292984,1,916,91600000,91600000,91600000,0,305612,1,916,91600000,91600000,91600000,0,0,1,916,91600000,91600000,91600000,0,0.0,1.0,1.0,0.0,1.0,1.0,0.0,1.0,1.0,916,91900000,False,1.0,0.0,300.0,500.0,600000000000.0,100000000000.0,,917
1,near_tick_before,thermal_loop,922,controller_tick,91700000,91.7,1,0,91700000,917,91700000,TRIPPED,stale_input,0,0,62,1,0,reconstructed_from_retained_wire,True,,,305.5829348618924,296.05324361730516,292.9761741358467,0.9999999999999878,0.9999999999999994,302000.00000000594,468657.4609976126,0.00030151134457775996,63636.363636362075,-1.2514647096395493e-08,0.000301511,296.053,292.976,305.583,0.0,301511,1,917,91700000,91700000,91700000,0,296053,1,917,91700000,91700000,91700000,0,292976,1,917,91700000,91700000,91700000,0,305583,1,917,91700000,91700000,91700000,0,0,1,917,91700000,91700000,91700000,0,0.0,1.0,1.0,0.0,1.0,1.0,0.0,1.0,1.0,917,92000000,False,1.0,0.0,300.0,500.0,600000000000.0,100000000000.0,,918
1,near_tick_before,thermal_loop,923,controller_tick,91800000,91.8,1,0,91800000,918,91800000,TRIPPED,stale_input,0,0,62,1,0,reconstructed_from_retained_wire,True,,,305.55437036078985,296.04105277499525,292.9679172093351,0.9999999999999889,0.9999999999999994,302000.00000000594,469148.5633088045,0.0003015113445777603,63636.36363636223,-1.2281816452741623e-08,0.000301511,296.041,292.968,305.554,0.0,301511,1,918,91800000,91800000,91800000,0,296041,1,918,91800000,91800000,91800000,0,292968,1,918,91800000,91800000,91800000,0,305554,1,918,91800000,91800000,91800000,0,0,1,918,91800000,91800000,91800000,0,0.0,1.0,1.0,0.0,1.0,1.0,0.0,1.0,1.0,918,92100000,False,1.0,0.0,300.0,500.0,600000000000.0,100000000000.0,,919
1,near_tick_before,thermal_loop,924,controller_tick,91900000,91.9,1,0,91900000,919,91900000,TRIPPED,stale_input,0,0,62,1,0,reconstructed_from_retained_wire,True,,,305.5258549079114,296.0288625146536,292.9596537169053,0.99999999999999,0.9999999999999994,302000.00000000594,469639.2526091145,0.0003015113445777606,63636.36363636235,-1.2601958587765694e-08,0.000301511,296.029,292.96,305.526,0.0,301511,1,919,91900000,91900000,91900000,0,296029,1,919,91900000,91900000,91900000,0,292960,1,919,91900000,91900000,91900000,0,305526,1,919,91900000,91900000,91900000,0,0,1,919,91900000,91900000,91900000,0,0.0,1.0,1.0,0.0,1.0,1.0,0.0,1.0,1.0,919,92200000,False,1.0,0.0,300.0,500.0,600000000000.0,100000000000.0,,920
1,near_tick_before,thermal_loop,925,controller_tick,92000000,92.0,1,0,92000000,920,92000000,TRIPPED,stale_input,0,0,62,1,0,reconstructed_from_retained_wire,True,,,305.4973883581752,296.01667290230387,292.95138375622184,0.9999999999999909,0.9999999999999994,302000.00000000594,470129.5285726912,0.0003015113445777609,63636.36363636246,-1.2136297300457954e-08,0.000301511,296.017,292.951,305.497,0.0,301511,1,920,92000000,92000000,92000000,0,296017,1,920,92000000,92000000,92000000,0,292951,1,920,92000000,92000000,92000000,0,305497,1,920,92000000,92000000,92000000,0,0,1,920,92000000,92000000,92000000,0,0.0,1.0,1.0,0.0,1.0,1.0,0.0,1.0,1.0,920,92300000,False,1.0,0.0,300.0,500.0,600000000000.0,100000000000.0,,921
1,near_tick_before,thermal_loop,926,controller_tick,92100000,92.1,1,0,92100000,921,92100000,TRIPPED,stale_input,0,0,62,1,0,reconstructed_from_retained_wire,True,,,305.4689705671313,296.0044840036873,292.9431074242454,0.9999999999999918,0.9999999999999994,302000.00000000594,470619.3908785488,0.00030151134457776115,63636.36363636261,-1.280568540096283e-08,0.000301511,296.004,292.943,305.469,0.0,301511,1,921,92100000,92100000,92100000,0,296004,1,921,92100000,92100000,92100000,0,292943,1,921,92100000,92100000,92100000,0,305469,1,921,92100000,92100000,92100000,0,0,1,921,92100000,92100000,92100000,0,0.0,1.0,1.0,0.0,1.0,1.0,0.0,1.0,1.0,921,92400000,False,1.0,0.0,300.0,500.0,600000000000.0,100000000000.0,,922
1,near_tick_before,thermal_loop,927,controller_tick,92200000,92.2,1,0,92200000,922,92200000,TRIPPED,stale_input,0,0,62,1,0,reconstructed_from_retained_wire,True,,,305.44060139095893,295.9922958842604,292.9348248172398,0.9999999999999925,0.9999999999999994,302000.00000000594,471108.83921053226,0.00030151134457776136,63636.363636362665,-1.201988197863102e-08,0.000301511,295.992,292.935,305.441,0.0,301511,1,922,92200000,92200000,92200000,0,295992,1,922,92200000,92200000,92200000,0,292935,1,922,92200000,92200000,92200000,0,305441,1,922,92200000,92200000,92200000,0,0,1,922,92200000,92200000,92200000,0,0.0,1.0,1.0,0.0,1.0,1.0,0.0,1.0,1.0,922,92500000,False,1.0,0.0,300.0,500.0,600000000000.0,100000000000.0,,923
1,near_tick_before,thermal_loop,928,controller_tick,92300000,92.3,1,0,92300000,923,92300000,TRIPPED,stale_input,0,0,62,1,0,reconstructed_from_retained_wire,True,,,305.4122806864638,295.98010860919135,292.9265360307787,0.9999999999999931,0.9999999999999994,302000.00000000594,471597.87325728225,0.0003015113445777616,63636.36363636276,-1.2485543265938759e-08,0.000301511,295.98,292.927,305.412,0.0,301511,1,923,92300000,92300000,92300000,0,295980,1,923,92300000,92300000,92300000,0,292927,1,923,92300000,92300000,92300000,0,305412,1,923,92300000,92300000,92300000,0,0,1,923,92300000,92300000,92300000,0,0.0,1.0,1.0,0.0,1.0,1.0,0.0,1.0,1.0,923,92600000,False,1.0,0.0,300.0,500.0,600000000000.0,100000000000.0,,924
1,near_tick_before,thermal_loop,929,controller_tick,92400000,92.4,1,0,92400000,924,92400000,TRIPPED,stale_input,0,0,62,1,0,reconstructed_from_retained_wire,True,,,305.38400831107543,295.9679222433579,292.9182411597526,0.9999999999999938,0.9999999999999994,302000.00000000594,472086.4927122011,0.00030151134457776174,63636.36363636284,-1.2543750926852226e-08,0.000301511,295.968,292.918,305.384,0.0,301511,1,924,92400000,92400000,92400000,0,295968,1,924,92400000,92400000,92400000,0,292918,1,924,92400000,92400000,92400000,0,305384,1,924,92400000,92400000,92400000,0,0,1,924,92400000,92400000,92400000,0,0.0,1.0,1.0,0.0,1.0,1.0,0.0,1.0,1.0,924,92700000,False,1.0,0.0,300.0,500.0,600000000000.0,100000000000.0,,925
1,near_tick_before,thermal_loop,930,controller_tick,92500000,92.5,1,0,92500000,925,92500000,TRIPPED,stale_input,0,0,62,1,0,reconstructed_from_retained_wire,True,,,305.35578412284417,295.9557368513445,292.90994029837515,0.9999999999999944,0.9999999999999994,302000.00000000594,472574.69727341866,0.00030151134457776196,63636.363636362934,-1.289299689233303e-08,0.000301511,295.956,292.91,305.356,0.0,301511,1,925,92500000,92500000,92500000,0,295956,1,925,92500000,92500000,92500000,0,292910,1,925,92500000,92500000,92500000,0,305356,1,925,92500000,92500000,92500000,0,0,1,925,92500000,92500000,92500000,0,0.0,1.0,1.0,0.0,1.0,1.0,0.0,1.0,1.0,925,92800000,False,1.0,0.0,300.0,500.0,600000000000.0,100000000000.0,,926
1,near_tick_before,thermal_loop,931,controller_tick,92600000,92.6,1,0,92600000,926,92600000,TRIPPED,stale_input,0,0,62,1,0,reconstructed_from_retained_wire,True,,,305.32760798043876,295.94355249743995,292.90163354018983,0.9999999999999949,0.9999999999999994,302000.00000000594,473062.4866437588,0.0003015113445777621,63636.36363636298,-1.2863893061876297e-08,0.000301511,295.944,292.902,305.328,0.0,301511,1,926,92600000,92600000,92600000,0,295944,1,926,92600000,92600000,92600000,0,292902,1,926,92600000,92600000,92600000,0,305328,1,926,92600000,92600000,92600000,0,0,1,926,92600000,92600000,92600000,0,0.0,1.0,1.0,0.0,1.0,1.0,0.0,1.0,1.0,926,92900000,False,1.0,0.0,300.0,500.0,600000000000.0,100000000000.0,,927
1,near_tick_before,thermal_loop,932,controller_tick,92700000,92.7,1,0,92700000,927,92700000,TRIPPED,stale_input,0,0,62,1,0,reconstructed_from_retained_wire,True,,,305.29947974314325,295.93136924563515,292.8933209780763,0.9999999999999953,0.9999999999999994,302000.00000000594,473549.8605307058,0.00030151134457776223,63636.36363636304,-1.2718373909592628e-08,0.000301511,295.931,292.893,305.299,0.0,301511,1,927,92700000,92700000,92700000,0,295931,1,927,92700000,92700000,92700000,0,292893,1,927,92700000,92700000,92700000,0,305299,1,927,92700000,92700000,92700000,0,0,1,927,92700000,92700000,92700000,0,0.0,1.0,1.0,0.0,1.0,1.0,0.0,1.0,1.0,927,93000000,False,1.0,0.0,300.0,500.0,600000000000.0,100000000000.0,,928
1,near_tick_before,thermal_loop,933,controller_tick,92800000,92.8,1,0,92800000,928,92800000,TRIPPED,stale_input,0,0,62,1,0,reconstructed_from_retained_wire,True,,,305.2713992708545,295.9191871596207,292.88500270425675,0.9999999999999958,0.9999999999999994,302000.00000000594,474036.8186463716,0.00030151134457776234,63636.3636363631,-1.2398231774568558e-08,0.000301511,295.919,292.885,305.271,0.0,301511,1,928,92800000,92800000,92800000,0,295919,1,928,92800000,92800000,92800000,0,292885,1,928,92800000,92800000,92800000,0,305271,1,928,92800000,92800000,92800000,0,0,1,928,92800000,92800000,92800000,0,0.0,1.0,1.0,0.0,1.0,1.0,0.0,1.0,1.0,928,93100000,False,1.0,0.0,300.0,500.0,600000000000.0,100000000000.0,,929
1,near_tick_before,thermal_loop,934,controller_tick,92900000,92.9,1,0,92900000,929,92900000,TRIPPED,stale_input,0,0,62,1,0,reconstructed_from_retained_wire,True,,,305.2433664240795,295.9070063027851,292.87667881030177,0.9999999999999962,0.9999999999999994,302000.00000000594,474523.3607074628,0.0003015113445777625,63636.36363636315,-1.234002411365509e-08,0.000301511,295.907,292.877,305.243,0.0,301511,1,929,92900000,92900000,92900000,0,295907,1,929,92900000,92900000,92900000,0,292877,1,929,92900000,92900000,92900000,0,305243,1,929,92900000,92900000,92900000,0,0,1,929,92900000,92900000,92900000,0,0.0,1.0,1.0,0.0,1.0,1.0,0.0,1.0,1.0,929,93200000,False,1.0,0.0,300.0,500.0,600000000000.0,100000000000.0,,930
1,near_tick_before,thermal_loop,935,controller_tick,93000000,93.0,1,0,93000000,930,93000000,TRIPPED,stale_input,0,0,62,1,0,reconstructed_from_retained_wire,True,,,305.2153810639324,295.89482673821254,292.8683493871368,0.9999999999999967,0.9999999999999994,302000.00000000594,475009.4864352486,0.0003015113445777626,63636.36363636321,-1.2980308383703232e-08,0.000301511,295.895,292.868,305.215,0.0,301511,1,930,93000000,93000000,93000000,0,295895,1,930,93000000,93000000,93000000,0,292868,1,930,93000000,93000000,93000000,0,305215,1,930,93000000,93000000,93000000,0,0,1,930,93000000,93000000,93000000,0,0.0,1.0,1.0,0.0,1.0,1.0,0.0,1.0,1.0,930,93300000,False,1.0,0.0,300.0,500.0,600000000000.0,100000000000.0,,931
1,near_tick_before,thermal_loop,936,controller_tick,93100000,93.1,1,0,93100000,931,93100000,TRIPPED,stale_input,0,0,62,1,0,reconstructed_from_retained_wire,True,,,305.1874430521319,295.88264852868167,292.8600145250478,0.9999999999999969,0.9999999999999994,302000.00000000594,475495.1955555281,0.0003015113445777627,63636.36363636325,-1.2165401130914688e-08,0.000301511,295.883,292.86,305.187,0.0,301511,1,931,93100000,93100000,93100000,0,295883,1,931,93100000,93100000,93100000,0,292860,1,931,93100000,93100000,93100000,0,305187,1,931,93100000,93100000,93100000,0,0,1,931,93100000,93100000,93100000,0,0.0,1.0,1.0,0.0,1.0,1.0,0.0,1.0,1.0,931,93400000,False,1.0,0.0,300.0,500.0,600000000000.0,100000000000.0,,932
1,near_tick_before,thermal_loop,937,controller_tick,93200000,93.2,1,0,93200000,932,93200000,TRIPPED,stale_input,0,0,62,1,0,reconstructed_from_retained_wire,True,,,305.1595522509986,295.87047173666315,292.85167431368717,0.9999999999999971,0.9999999999999994,302000.00000000594,475980.4877985991,0.0003015113445777628,63636.36363636326,-1.1437805369496346e-08,0.000301511,295.87,292.852,305.16,0.0,301511,1,932,93200000,93200000,93200000,0,295870,1,932,93200000,93200000,93200000,0,292852,1,932,93200000,93200000,93200000,0,305160,1,932,93200000,93200000,93200000,0,0,1,932,93200000,93200000,93200000,0,0.0,1.0,1.0,0.0,1.0,1.0,0.0,1.0,1.0,932,93500000,False,1.0,0.0,300.0,500.0,600000000000.0,100000000000.0,,933
1,near_tick_before,thermal_loop,938,controller_tick,93300000,93.3,1,0,93300000,933,93300000,TRIPPED,stale_input,0,0,62,1,0,reconstructed_from_retained_wire,True,,,305.131708523452,295.8582964243185,292.84332884207953,0.9999999999999973,0.9999999999999994,302000.00000000594,476465.3628992263,0.00030151134457776283,63636.363636363305,-1.1437805369496346e-08,0.000301511,295.858,292.843,305.132,0.0,301511,1,933,93300000,93300000,93300000,0,295858,1,933,93300000,93300000,93300000,0,292843,1,933,93300000,93300000,93300000,0,305132,1,933,93300000,93300000,93300000,0,0,1,933,93300000,93300000,93300000,0,0.0,1.0,1.0,0.0,1.0,1.0,0.0,1.0,1.0,933,93600000,False,1.0,0.0,300.0,500.0,600000000000.0,100000000000.0,,934
1,near_tick_before,thermal_loop,939,controller_tick,93400000,93.4,1,0,93400000,934,93400000,TRIPPED,stale_input,0,0,62,1,0,reconstructed_from_retained_wire,True,,,305.1039117330082,295.8461226534985,292.8349781986273,0.9999999999999976,0.9999999999999994,302000.00000000594,476949.82059660996,0.0003015113445777629,63636.36363636332,-1.155422069132328e-08,0.000301511,295.846,292.835,305.104,0.0,301511,1,934,93400000,93400000,93400000,0,295846,1,934,93400000,93400000,93400000,0,292835,1,934,93400000,93400000,93400000,0,305104,1,934,93400000,93400000,93400000,0,0,1,934,93400000,93400000,93400000,0,0.0,1.0,1.0,0.0,1.0,1.0,0.0,1.0,1.0,934,93700000,False,1.0,0.0,300.0,500.0,600000000000.0,100000000000.0,,935
1,near_tick_before,thermal_loop,940,controller_tick,93500000,93.5,1,0,93500000,935,93500000,TRIPPED,stale_input,0,0,62,1,0,reconstructed_from_retained_wire,True,,,305.0761617437768,295.83395048574187,292.82662247111654,0.9999999999999978,0.9999999999999994,302000.00000000594,477433.860634355,0.000301511344577763,63636.36363636335,-1.1117663234472275e-08,0.000301511,295.834,292.827,305.076,0.0,301511,1,935,93500000,93500000,93500000,0,295834,1,935,93500000,93500000,93500000,0,292827,1,935,93500000,93500000,93500000,0,305076,1,935,93500000,93500000,93500000,0,0,1,935,93500000,93500000,93500000,0,0.0,1.0,1.0,0.0,1.0,1.0,0.0,1.0,1.0,935,93800000,False,1.0,0.0,300.0,500.0,600000000000.0,100000000000.0,,936
1,near_tick_before,thermal_loop,941,controller_tick,93600000,93.6,1,0,93600000,936,93600000,TRIPPED,stale_input,0,0,62,1,0,reconstructed_from_retained_wire,True,,,305.0484584204584,295.8217799822737,292.818261746722,0.999999999999998,0.9999999999999994,302000.00000000594,477917.4827604405,0.00030151134457776305,63636.36363636337,-1.1117663234472275e-08,0.000301511,295.822,292.818,305.048,0.0,301511,1,936,93600000,93600000,93600000,0,295822,1,936,93600000,93600000,93600000,0,292818,1,936,93600000,93600000,93600000,0,305048,1,936,93600000,93600000,93600000,0,0,1,936,93600000,93600000,93600000,0,0.0,1.0,1.0,0.0,1.0,1.0,0.0,1.0,1.0,936,93900000,False,1.0,0.0,300.0,500.0,600000000000.0,100000000000.0,,937
1,near_tick_before,thermal_loop,942,controller_tick,93700000,93.7,1,0,93700000,937,93700000,TRIPPED,stale_input,0,0,62,1,0,reconstructed_from_retained_wire,True,,,305.02080162834176,295.80961120400474,292.80989611201284,0.9999999999999982,0.9999999999999994,302000.00000000594,478400.68672718894,0.0003015113445777631,63636.363636363414,-1.0622898116707802e-08,0.000301511,295.81,292.81,305.021,0.0,301511,1,937,93700000,93700000,93700000,0,295810,1,937,93700000,93700000,93700000,0,292810,1,937,93700000,93700000,93700000,0,305021,1,937,93700000,93700000,93700000,0,0,1,937,93700000,93700000,93700000,0,0.0,1.0,1.0,0.0,1.0,1.0,0.0,1.0,1.0,937,94000000,False,1.0,0.0,300.0,500.0,600000000000.0,100000000000.0,,938
1,near_tick_before,thermal_loop,943,controller_tick,93800000,93.8,1,0,93800000,938,93800000,TRIPPED,stale_input,0,0,62,1,0,reconstructed_from_retained_wire,True,,,304.99319123330116,295.79744421152986,292.8015256529577,0.9999999999999984,0.9999999999999994,302000.00000000594,478883.4722912363,0.00030151134457776315,63636.36363636343,-1.05355866253376e-08,0.000301511,295.797,292.802,304.993,0.0,301511,1,938,93800000,93800000,93800000,0,295797,1,938,93800000,93800000,93800000,0,292802,1,938,93800000,93800000,93800000,0,304993,1,938,93800000,93800000,93800000,0,0,1,938,93800000,93800000,93800000,0,0.0,1.0,1.0,0.0,1.0,1.0,0.0,1.0,1.0,938,94100000,False,1.0,0.0,300.0,500.0,600000000000.0,100000000000.0,,939
1,near_tick_before,thermal_loop,944,controller_tick,93900000,93.9,1,0,93900000,939,93900000,TRIPPED,stale_input,0,0,62,1,0,reconstructed_from_retained_wire,True,,,304.9656271017937,295.78527906512727,292.7931504549301,0.9999999999999987,0.9999999999999994,302000.00000000594,479365.8392135021,0.00030151134457776326,63636.36363636346,-1.0826624929904938e-08,0.000301511,295.785,292.793,304.966,0.0,301511,1,939,93900000,93900000,93900000,0,295785,1,939,93900000,93900000,93900000,0,292793,1,939,93900000,93900000,93900000,0,304966,1,939,93900000,93900000,93900000,0,0,1,939,93900000,93900000,93900000,0,0.0,1.0,1.0,0.0,1.0,1.0,0.0,1.0,1.0,939,94200000,False,1.0,0.0,300.0,500.0,600000000000.0,100000000000.0,,940
1,near_tick_before,thermal_loop,945,controller_tick,94000000,94.0,1,0,94000000,940,94000000,TRIPPED,stale_input,0,0,62,1,0,reconstructed_from_retained_wire,True,,,304.93810910085665,295.7731158247575,292.78477060271354,0.9999999999999989,0.9999999999999994,302000.00000000594,479847.7872591598,0.0003015113445777633,63636.36363636348,-1.100124791264534e-08,0.000301511,295.773,292.785,304.938,0.0,301511,1,940,94000000,94000000,94000000,0,295773,1,940,94000000,94000000,94000000,0,292785,1,940,94000000,94000000,94000000,0,304938,1,940,94000000,94000000,94000000,0,0,1,940,94000000,94000000,94000000,0,0.0,1.0,1.0,0.0,1.0,1.0,0.0,1.0,1.0,940,94300000,False,1.0,0.0,300.0,500.0,600000000000.0,100000000000.0,,941
1,near_tick_before,thermal_loop,946,controller_tick,94100000,94.1,1,0,94100000,941,94100000,TRIPPED,stale_input,0,0,62,1,0,reconstructed_from_retained_wire,True,,,304.9106370981047,295.7609545500627,292.77638618050634,0.9999999999999989,0.9999999999999994,302000.00000000594,480329.31619760726,0.0003015113445777633,63636.36363636348,-9.778887033462524e-09,0.000301511,295.761,292.776,304.911,0.0,301511,1,941,94100000,94100000,94100000,0,295761,1,941,94100000,94100000,94100000,0,292776,1,941,94100000,94100000,94100000,0,304911,1,941,94100000,94100000,94100000,0,0,1,941,94100000,94100000,94100000,0,0.0,1.0,1.0,0.0,1.0,1.0,0.0,1.0,1.0,941,94400000,False,1.0,0.0,300.0,500.0,600000000000.0,100000000000.0,,942
1,near_tick_before,thermal_loop,947,controller_tick,94200000,94.2,1,0,94200000,942,94200000,TRIPPED,stale_input,0,0,62,1,0,reconstructed_from_retained_wire,True,,,304.8832109617271,295.74879530036554,292.76799727192684,0.9999999999999989,0.9999999999999994,302000.00000000594,480810.4258024378,0.0003015113445777633,63636.36363636348,-1.0186340659856796e-08,0.000301511,295.749,292.768,304.883,0.0,301511,1,942,94200000,94200000,94200000,0,295749,1,942,94200000,94200000,94200000,0,292768,1,942,94200000,94200000,94200000,0,304883,1,942,94200000,94200000,94200000,0,0,1,942,94200000,94200000,94200000,0,0.0,1.0,1.0,0.0,1.0,1.0,0.0,1.0,1.0,942,94500000,False,1.0,0.0,300.0,500.0,600000000000.0,100000000000.0,,943
1,near_tick_before,thermal_loop,948,controller_tick,94300000,94.3,1,0,94300000,943,94300000,TRIPPED,stale_input,0,0,62,1,0,reconstructed_from_retained_wire,True,,,304.8558305604854,295.7366381346689,292.7596039600183,0.9999999999999989,0.9999999999999994,302000.00000000594,481291.11585141136,0.0003015113445777633,63636.36363636348,-1.0855728760361671e-08,0.000301511,295.737,292.76,304.856,0.0,301511,1,943,94300000,94300000,94300000,0,295737,1,943,94300000,94300000,94300000,0,292760,1,943,94300000,94300000,94300000,0,304856,1,943,94300000,94300000,94300000,0,0,1,943,94300000,94300000,94300000,0,0.0,1.0,1.0,0.0,1.0,1.0,0.0,1.0,1.0,943,94600000,False,1.0,0.0,300.0,500.0,600000000000.0,100000000000.0,,944
1,near_tick_before,thermal_loop,949,controller_tick,94400000,94.4,1,0,94400000,944,94400000,TRIPPED,stale_input,0,0,62,1,0,reconstructed_from_retained_wire,True,,,304.82849576371046,295.7244831116551,292.7512063272536,0.9999999999999989,0.9999999999999994,302000.00000000594,481771.3861264257,0.0003015113445777633,63636.36363636348,-1.0390067473053932e-08,0.000301511,295.724,292.751,304.828,0.0,301511,1,944,94400000,94400000,94400000,0,295724,1,944,94400000,94400000,94400000,0,292751,1,944,94400000,94400000,94400000,0,304828,1,944,94400000,94400000,94400000,0,0,1,944,94400000,94400000,94400000,0,0.0,1.0,1.0,0.0,1.0,1.0,0.0,1.0,1.0,944,94700000,False,1.0,0.0,300.0,500.0,600000000000.0,100000000000.0,,945
1,near_tick_before,thermal_loop,950,controller_tick,94500000,94.5,1,0,94500000,945,94500000,TRIPPED,stale_input,0,0,62,1,0,reconstructed_from_retained_wire,True,,,304.8012064412998,295.7123302896853,292.74280445554007,0.9999999999999989,0.9999999999999994,302000.00000000594,482251.2364134879,0.0003015113445777633,63636.36363636348,-9.837094694375992e-09,0.000301511,295.712,292.743,304.801,0.0,301511,1,945,94500000,94500000,94500000,0,295712,1,945,94500000,94500000,94500000,0,292743,1,945,94500000,94500000,94500000,0,304801,1,945,94500000,94500000,94500000,0,0,1,945,94500000,94500000,94500000,0,0.0,1.0,1.0,0.0,1.0,1.0,0.0,1.0,1.0,945,94800000,False,1.0,0.0,300.0,500.0,600000000000.0,100000000000.0,,946
1,near_tick_before,thermal_loop,951,controller_tick,94600000,94.6,1,0,94600000,946,94600000,TRIPPED,stale_input,0,0,62,1,0,reconstructed_from_retained_wire,True,,,304.7739624637151,295.7001797267992,292.734398426224,0.9999999999999989,0.9999999999999994,302000.00000000594,482730.66650268657,0.0003015113445777633,63636.36363636348,-9.546056389808655e-09,0.000301511,295.7,292.734,304.774,0.0,301511,1,946,94600000,94600000,94600000,0,295700,1,946,94600000,94600000,94600000,0,292734,1,946,94600000,94600000,94600000,0,304774,1,946,94600000,94600000,94600000,0,0,1,946,94600000,94600000,94600000,0,0.0,1.0,1.0,0.0,1.0,1.0,0.0,1.0,1.0,946,94900000,False,1.0,0.0,300.0,500.0,600000000000.0,100000000000.0,,947
1,near_tick_before,thermal_loop,952,controller_tick,94700000,94.7,1,0,94700000,947,94700000,TRIPPED,stale_input,0,0,62,1,0,reconstructed_from_retained_wire,True,,,304.7467637019794,295.6880314807143,292.72598832009567,0.9999999999999989,0.9999999999999994,302000.00000000594,483209.67618816363,0.0003015113445777633,63636.36363636348,-9.10949893295765e-09,0.000301511,295.688,292.726,304.747,0.0,301511,1,947,94700000,94700000,94700000,0,295688,1,947,94700000,94700000,94700000,0,292726,1,947,94700000,94700000,94700000,0,304747,1,947,94700000,94700000,94700000,0,0,1,947,94700000,94700000,94700000,0,0.0,1.0,1.0,0.0,1.0,1.0,0.0,1.0,1.0,947,95000000,False,1.0,0.0,300.0,500.0,600000000000.0,100000000000.0,,948
1,near_tick_before,thermal_loop,953,controller_tick,94800000,94.8,1,0,94800000,948,94800000,TRIPPED,stale_input,0,0,62,1,0,reconstructed_from_retained_wire,True,,,304.7196100276744,295.6758856088262,292.7175742173933,0.9999999999999989,0.9999999999999994,302000.00000000594,483688.2652680868,0.0003015113445777633,63636.36363636348,-8.17817635834217e-09,0.000301511,295.676,292.718,304.72,0.0,301511,1,948,94800000,94800000,94800000,0,295676,1,948,94800000,94800000,94800000,0,292718,1,948,94800000,94800000,94800000,0,304720,1,948,94800000,94800000,94800000,0,0,1,948,94800000,94800000,94800000,0,0.0,1.0,1.0,0.0,1.0,1.0,0.0,1.0,1.0,948,95100000,False,1.0,0.0,300.0,500.0,600000000000.0,100000000000.0,,949
1,near_tick_before,thermal_loop,954,controller_tick,94900000,94.9,1,0,94900000,949,94900000,TRIPPED,stale_input,0,0,62,1,0,reconstructed_from_retained_wire,True,,,304.692501312938,295.6637421682077,292.7091561978079,0.9999999999999989,0.9999999999999994,302000.00000000594,484166.43354462186,0.0003015113445777633,63636.36363636348,-8.352799341082573e-09,0.000301511,295.664,292.709,304.693,0.0,301511,1,949,94900000,94900000,94900000,0,295664,1,949,94900000,94900000,94900000,0,292709,1,949,94900000,94900000,94900000,0,304693,1,949,94900000,94900000,94900000,0,0,1,949,94900000,94900000,94900000,0,0.0,1.0,1.0,0.0,1.0,1.0,0.0,1.0,1.0,949,95200000,False,1.0,0.0,300.0,500.0,600000000000.0,100000000000.0,,950
1,near_tick_before,thermal_loop,955,controller_tick,95000000,95.0,1,0,95000000,950,95000000,TRIPPED,stale_input,0,0,62,1,0,reconstructed_from_retained_wire,True,,,304.6654374304618,295.6516012156089,292.7007343404877,0.9999999999999989,0.9999999999999994,302000.00000000594,484644.1808239056,0.0003015113445777633,63636.36363636348,-8.003553375601768e-09,0.000301511,295.652,292.701,304.665,0.0,301511,1,950,95000000,95000000,95000000,0,295652,1,950,95000000,95000000,95000000,0,292701,1,950,95000000,95000000,95000000,0,304665,1,950,95000000,95000000,95000000,0,0,1,950,95000000,95000000,95000000,0,0.0,1.0,1.0,0.0,1.0,1.0,0.0,1.0,1.0,950,95300000,False,1.0,0.0,300.0,500.0,600000000000.0,100000000000.0,,951
1,near_tick_before,thermal_loop,956,controller_tick,95100000,95.1,1,0,95100000,951,95100000,TRIPPED,stale_input,0,0,62,1,0,reconstructed_from_retained_wire,True,,,304.6384182534879,295.639462807457,292.6923087240424,0.9999999999999989,0.9999999999999994,302000.00000000594,485121.5069160188,0.0003015113445777633,63636.36363636348,-8.032657206058502e-09,0.000301511,295.639,292.692,304.638,0.0,301511,1,951,95100000,95100000,95100000,0,295639,1,951,95100000,95100000,95100000,0,292692,1,951,95100000,95100000,95100000,0,304638,1,951,95100000,95100000,95100000,0,0,1,951,95100000,95100000,95100000,0,0.0,1.0,1.0,0.0,1.0,1.0,0.0,1.0,1.0,951,95400000,False,1.0,0.0,300.0,500.0,600000000000.0,100000000000.0,,952
1,near_tick_before,thermal_loop,957,controller_tick,95200000,95.2,1,0,95200000,952,95200000,TRIPPED,stale_input,0,0,62,1,0,reconstructed_from_retained_wire,True,,,304.6114436558069,295.6273269998562,292.6838794265473,0.9999999999999989,0.9999999999999994,302000.00000000594,485598.4116349593,0.0003015113445777633,63636.36363636348,-7.916241884231567e-09,0.000301511,295.627,292.684,304.611,0.0,301511,1,952,95200000,95200000,95200000,0,295627,1,952,95200000,95200000,95200000,0,292684,1,952,95200000,95200000,95200000,0,304611,1,952,95200000,95200000,95200000,0,0,1,952,95200000,95200000,95200000,0,0.0,1.0,1.0,0.0,1.0,1.0,0.0,1.0,1.0,952,95500000,False,1.0,0.0,300.0,500.0,600000000000.0,100000000000.0,,953
1,near_tick_before,thermal_loop,958,controller_tick,95300000,95.3,1,0,95300000,953,95300000,TRIPPED,stale_input,0,0,62,1,0,reconstructed_from_retained_wire,True,,,304.58451351175495,295.6151938485878,292.6754465255479,0.9999999999999989,0.9999999999999994,302000.00000000594,486074.89479861537,0.0003015113445777633,63636.36363636348,-8.149072527885437e-09,0.000301511,295.615,292.675,304.585,0.0,301511,1,953,95300000,95300000,95300000,0,295615,1,953,95300000,95300000,95300000,0,292675,1,953,95300000,95300000,95300000,0,304585,1,953,95300000,95300000,95300000,0,0,1,953,95300000,95300000,95300000,0,0.0,1.0,1.0,0.0,1.0,1.0,0.0,1.0,1.0,953,95600000,False,1.0,0.0,300.0,500.0,600000000000.0,100000000000.0,,954
1,near_tick_before,thermal_loop,959,controller_tick,95400000,95.4,1,0,95400000,954,95400000,TRIPPED,stale_input,0,0,62,1,0,reconstructed_from_retained_wire,True,,,304.5576276962113,295.60306340911,292.66701009806366,0.9999999999999989,0.9999999999999994,302000.00000000594,486550.9562287395,0.0003015113445777633,63636.36363636348,-7.450580596923828e-09,0.000301511,295.603,292.667,304.558,0.0,301511,1,954,95400000,95400000,95400000,0,295603,1,954,95400000,95400000,95400000,0,292667,1,954,95400000,95400000,95400000,0,304558,1,954,95400000,95400000,95400000,0,0,1,954,95400000,95400000,95400000,0,0.0,1.0,1.0,0.0,1.0,1.0,0.0,1.0,1.0,954,95700000,False,1.0,0.0,300.0,500.0,600000000000.0,100000000000.0,,955
1,near_tick_before,thermal_loop,960,controller_tick,95500000,95.5,1,0,95500000,955,95500000,TRIPPED,stale_input,0,0,62,1,0,reconstructed_from_retained_wire,True,,,304.53078608459543,295.5909357365581,292.65857022059237,0.9999999999999989,0.9999999999999994,302000.00000000594,487026.59575092216,0.0003015113445777633,63636.36363636348,-7.275957614183426e-09,0.000301511,295.591,292.659,304.531,0.0,301511,1,955,95500000,95500000,95500000,0,295591,1,955,95500000,95500000,95500000,0,292659,1,955,95500000,95500000,95500000,0,304531,1,955,95500000,95500000,95500000,0,0,1,955,95500000,95500000,95500000,0,0.0,1.0,1.0,0.0,1.0,1.0,0.0,1.0,1.0,955,95800000,False,1.0,0.0,300.0,500.0,600000000000.0,100000000000.0,,956
1,near_tick_before,thermal_loop,961,controller_tick,95600000,95.6,1,0,95600000,956,95600000,TRIPPED,stale_input,0,0,62,1,0,reconstructed_from_retained_wire,True,,,304.50398855286494,295.5788108857446,292.65012696911407,0.9999999999999989,0.9999999999999994,302000.00000000594,487501.81319456553,0.0003015113445777633,63636.36363636348,-7.62520357966423e-09,0.000301511,295.579,292.65,304.504,0.0,301511,1,956,95600000,95600000,95600000,0,295579,1,956,95600000,95600000,95600000,0,292650,1,956,95600000,95600000,95600000,0,304504,1,956,95600000,95600000,95600000,0,0,1,956,95600000,95600000,95600000,0,0.0,1.0,1.0,0.0,1.0,1.0,0.0,1.0,1.0,956,95900000,False,1.0,0.0,300.0,500.0,600000000000.0,100000000000.0,,957
1,near_tick_before,thermal_loop,962,controller_tick,95700000,95.7,1,0,95700000,957,95700000,TRIPPED,stale_input,0,0,62,1,0,reconstructed_from_retained_wire,True,,,304.47723497751264,295.5666889111593,292.6416804190952,0.9999999999999989,0.9999999999999994,302000.00000000594,487976.6083928581,0.0003015113445777633,63636.36363636348,-7.334165275096893e-09,0.000301511,295.567,292.642,304.477,0.0,301511,1,957,95700000,95700000,95700000,0,295567,1,957,95700000,95700000,95700000,0,292642,1,957,95700000,95700000,95700000,0,304477,1,957,95700000,95700000,95700000,0,0,1,957,95700000,95700000,95700000,0,0.0,1.0,1.0,0.0,1.0,1.0,0.0,1.0,1.0,957,96000000,False,1.0,0.0,300.0,500.0,600000000000.0,100000000000.0,,958
1,near_tick_before,thermal_loop,963,controller_tick,95800000,95.8,1,0,95800000,958,95800000,TRIPPED,stale_input,0,0,62,1,0,reconstructed_from_retained_wire,True,,,304.4505252355639,295.55456986696987,292.63323064549235,0.9999999999999989,0.9999999999999994,302000.00000000594,488450.98118274886,0.0003015113445777633,63636.36363636348,-7.974449545145035e-09,0.000301511,295.555,292.633,304.451,0.0,301511,1,958,95800000,95800000,95800000,0,295555,1,958,95800000,95800000,95800000,0,292633,1,958,95800000,95800000,95800000,0,304451,1,958,95800000,95800000,95800000,0,0,1,958,95800000,95800000,95800000,0,0.0,1.0,1.0,0.0,1.0,1.0,0.0,1.0,1.0,958,96100000,False,1.0,0.0,300.0,500.0,600000000000.0,100000000000.0,,959
1,near_tick_before,thermal_loop,964,controller_tick,95900000,95.9,1,0,95900000,959,95900000,TRIPPED,stale_input,0,0,62,1,0,reconstructed_from_retained_wire,True,,,304.42385920457434,295.54245380702156,292.6247777227563,0.9999999999999989,0.9999999999999994,302000.00000000594,488924.931404922,0.0003015113445777633,63636.36363636348,-8.352799341082573e-09,0.000301511,295.542,292.625,304.424,0.0,301511,1,959,95900000,95900000,95900000,0,295542,1,959,95900000,95900000,95900000,0,292625,1,959,95900000,95900000,95900000,0,304424,1,959,95900000,95900000,95900000,0,0,1,959,95900000,95900000,95900000,0,0.0,1.0,1.0,0.0,1.0,1.0,0.0,1.0,1.0,959,96200000,False,1.0,0.0,300.0,500.0,600000000000.0,100000000000.0,,960
1,near_tick_before,thermal_loop,965,controller_tick,96000000,96.0,1,0,96000000,960,96000000,TRIPPED,stale_input,0,0,62,1,0,reconstructed_from_retained_wire,True,,,304.3972367626273,295.5303407848381,292.61632172483564,0.9999999999999989,0.9999999999999994,302000.00000000594,489398.45890377165,0.0003015113445777633,63636.36363636348,-7.799826562404633e-09,0.000301511,295.53,292.616,304.397,0.0,301511,1,960,96000000,96000000,96000000,0,295530,1,960,96000000,96000000,96000000,0,292616,1,960,96000000,96000000,96000000,0,304397,1,960,96000000,96000000,96000000,0,0,1,960,96000000,96000000,96000000,0,0.0,1.0,1.0,0.0,1.0,1.0,0.0,1.0,1.0,960,96300000,False,1.0,0.0,300.0,500.0,600000000000.0,100000000000.0,,961
1,near_tick_before,thermal_loop,966,controller_tick,96100000,96.1,1,0,96100000,961,96100000,TRIPPED,stale_input,0,0,62,1,0,reconstructed_from_retained_wire,True,,,304.37065778833096,295.5182308536214,292.6078627251809,0.9999999999999989,0.9999999999999994,302000.00000000594,489871.5635273769,0.0003015113445777633,63636.36363636348,-8.003553375601768e-09,0.000301511,295.518,292.608,304.371,0.0,301511,1,961,96100000,96100000,96100000,0,295518,1,961,96100000,96100000,96100000,0,292608,1,961,96100000,96100000,96100000,0,304371,1,961,96100000,96100000,96100000,0,0,1,961,96100000,96100000,96100000,0,0.0,1.0,1.0,0.0,1.0,1.0,0.0,1.0,1.0,961,96400000,False,1.0,0.0,300.0,500.0,600000000000.0,100000000000.0,,962
1,near_tick_before,thermal_loop,967,controller_tick,96200000,96.2,1,0,96200000,962,96200000,TRIPPED,stale_input,0,0,62,1,0,reconstructed_from_retained_wire,True,,,304.34412216081614,295.50612406625254,292.59940079674806,0.9999999999999989,0.9999999999999994,302000.00000000594,490344.24512747704,0.0003015113445777633,63636.36363636348,-7.4214767664670944e-09,0.000301511,295.506,292.599,304.344,0.0,301511,1,962,96200000,96200000,96200000,0,295506,1,962,96200000,96200000,96200000,0,292599,1,962,96200000,96200000,96200000,0,304344,1,962,96200000,96200000,96200000,0,0,1,962,96200000,96200000,96200000,0,0.0,1.0,1.0,0.0,1.0,1.0,0.0,1.0,1.0,962,96500000,False,1.0,0.0,300.0,500.0,600000000000.0,100000000000.0,,963
1,near_tick_before,thermal_loop,968,controller_tick,96300000,96.3,1,0,96300000,963,96300000,TRIPPED,stale_input,0,0,62,1,0,reconstructed_from_retained_wire,True,,,304.31762975973356,295.49402047529196,292.59093601200215,0.9999999999999989,0.9999999999999994,302000.00000000594,490816.5035594467,0.0003015113445777633,63636.36363636348,-7.654307410120964e-09,0.000301511,295.494,292.591,304.318,0.0,301511,1,963,96300000,96300000,96300000,0,295494,1,963,96300000,96300000,96300000,0,292591,1,963,96300000,96300000,96300000,0,304318,1,963,96300000,96300000,96300000,0,0,1,963,96300000,96300000,96300000,0,0.0,1.0,1.0,0.0,1.0,1.0,0.0,1.0,1.0,963,96600000,False,1.0,0.0,300.0,500.0,600000000000.0,100000000000.0,,964
1,near_tick_before,thermal_loop,969,controller_tick,96400000,96.4,1,0,96400000,964,96400000,TRIPPED,stale_input,0,0,62,1,0,reconstructed_from_retained_wire,True,,,304.29118046525156,295.4819201329797,292.5824684429212,0.9999999999999989,0.9999999999999994,302000.00000000594,491288.33868227183,0.0003015113445777633,63636.36363636348,-8.003553375601768e-09,0.000301511,295.482,292.582,304.291,0.0,301511,1,964,96400000,96400000,96400000,0,295482,1,964,96400000,96400000,96400000,0,292582,1,964,96400000,96400000,96400000,0,304291,1,964,96400000,96400000,96400000,0,0,1,964,96400000,96400000,96400000,0,0.0,1.0,1.0,0.0,1.0,1.0,0.0,1.0,1.0,964,96700000,False,1.0,0.0,300.0,500.0,600000000000.0,100000000000.0,,965
1,near_tick_before,thermal_loop,970,controller_tick,96500000,96.5,1,0,96500000,965,96500000,TRIPPED,stale_input,0,0,62,1,0,reconstructed_from_retained_wire,True,,,304.2647741580532,295.4698230912365,292.5739981609996,0.9999999999999989,0.9999999999999994,302000.00000000594,491759.750358525,0.0003015113445777633,63636.36363636348,-8.09086486697197e-09,0.000301511,295.47,292.574,304.265,0.0,301511,1,965,96500000,96500000,96500000,0,295470,1,965,96500000,96500000,96500000,0,292574,1,965,96500000,96500000,96500000,0,304265,1,965,96500000,96500000,96500000,0,0,1,965,96500000,96500000,96500000,0,0.0,1.0,1.0,0.0,1.0,1.0,0.0,1.0,1.0,965,96800000,False,1.0,0.0,300.0,500.0,600000000000.0,100000000000.0,,966
1,near_tick_before,thermal_loop,971,controller_tick,96600000,96.6,1,0,96600000,966,96600000,TRIPPED,stale_input,0,0,62,1,0,reconstructed_from_retained_wire,True,,,304.23841071933435,295.4577294016636,292.56552523725173,0.9999999999999989,0.9999999999999994,302000.00000000594,492230.7384543416,0.0003015113445777633,63636.36363636348,-8.294591680169106e-09,0.000301511,295.458,292.566,304.238,0.0,301511,1,966,96600000,96600000,96600000,0,295458,1,966,96600000,96600000,96600000,0,292566,1,966,96600000,96600000,96600000,0,304238,1,966,96600000,96600000,96600000,0,0,1,966,96600000,96600000,96600000,0,0.0,1.0,1.0,0.0,1.0,1.0,0.0,1.0,1.0,966,96900000,False,1.0,0.0,300.0,500.0,600000000000.0,100000000000.0,,967
1,near_tick_before,thermal_loop,972,controller_tick,96700000,96.7,1,0,96700000,967,96700000,TRIPPED,stale_input,0,0,62,1,0,reconstructed_from_retained_wire,True,,,304.21209003080054,295.4456391155439,292.55704974221544,0.9999999999999989,0.9999999999999994,302000.00000000594,492701.3028393956,0.0003015113445777633,63636.36363636348,-8.236384019255638e-09,0.000301511,295.446,292.557,304.212,0.0,301511,1,967,96700000,96700000,96700000,0,295446,1,967,96700000,96700000,96700000,0,292557,1,967,96700000,96700000,96700000,0,304212,1,967,96700000,96700000,96700000,0,0,1,967,96700000,96700000,96700000,0,0.0,1.0,1.0,0.0,1.0,1.0,0.0,1.0,1.0,967,97000000,False,1.0,0.0,300.0,500.0,600000000000.0,100000000000.0,,968
1,near_tick_before,thermal_loop,973,controller_tick,96800000,96.8,1,0,96800000,968,96800000,TRIPPED,stale_input,0,0,62,1,0,reconstructed_from_retained_wire,True,,,304.1858119746649,295.4335522838424,292.54857174595554,0.9999999999999989,0.9999999999999994,302000.00000000594,493171.4433868762,0.0003015113445777633,63636.36363636348,-7.683411240577698e-09,0.000301511,295.434,292.549,304.186,0.0,301511,1,968,96800000,96800000,96800000,0,295434,1,968,96800000,96800000,96800000,0,292549,1,968,96800000,96800000,96800000,0,304186,1,968,96800000,96800000,96800000,0,0,1,968,96800000,96800000,96800000,0,0.0,1.0,1.0,0.0,1.0,1.0,0.0,1.0,1.0,968,97100000,False,1.0,0.0,300.0,500.0,600000000000.0,100000000000.0,,969
1,near_tick_before,thermal_loop,974,controller_tick,96900000,96.9,1,0,96900000,969,96900000,TRIPPED,stale_input,0,0,62,1,0,reconstructed_from_retained_wire,True,,,304.1595764336456,295.4214689572067,292.5400913180672,0.9999999999999989,0.9999999999999994,302000.00000000594,493641.15997346415,0.0003015113445777633,63636.36363636348,-6.9267116487026215e-09,0.000301511,295.421,292.54,304.16,0.0,301511,1,969,96900000,96900000,96900000,0,295421,1,969,96900000,96900000,96900000,0,292540,1,969,96900000,96900000,96900000,0,304160,1,969,96900000,96900000,96900000,0,0,1,969,96900000,96900000,96900000,0,0.0,1.0,1.0,0.0,1.0,1.0,0.0,1.0,1.0,969,97200000,False,1.0,0.0,300.0,500.0,600000000000.0,100000000000.0,,970
1,near_tick_before,thermal_loop,975,controller_tick,97000000,97.0,1,0,97000000,970,97000000,TRIPPED,stale_input,0,0,62,1,0,reconstructed_from_retained_wire,True,,,304.13338329096337,295.4093891859677,292.53160852767934,0.9999999999999989,0.9999999999999994,302000.00000000594,494110.4524793081,0.0003015113445777633,63636.36363636348,-6.955815479159355e-09,0.000301511,295.409,292.532,304.133,0.0,301511,1,970,97000000,97000000,97000000,0,295409,1,970,97000000,97000000,97000000,0,292532,1,970,97000000,97000000,97000000,0,304133,1,970,97000000,97000000,97000000,0,0,1,970,97000000,97000000,97000000,0,0.0,1.0,1.0,0.0,1.0,1.0,0.0,1.0,1.0,970,97300000,False,1.0,0.0,300.0,500.0,600000000000.0,100000000000.0,,971
1,near_tick_before,thermal_loop,976,controller_tick,97100000,97.1,1,0,97100000,971,97100000,TRIPPED,stale_input,0,0,62,1,0,reconstructed_from_retained_wire,True,,,304.10723243033897,295.3973130201405,292.5231234434581,0.9999999999999989,0.9999999999999994,302000.00000000594,494579.3207880017,0.0003015113445777633,63636.36363636348,-7.741618901491165e-09,0.000301511,295.397,292.523,304.107,0.0,301511,1,971,97100000,97100000,97100000,0,295397,1,971,97100000,97100000,97100000,0,292523,1,971,97100000,97100000,97100000,0,304107,1,971,97100000,97100000,97100000,0,0,1,971,97100000,97100000,97100000,0,0.0,1.0,1.0,0.0,1.0,1.0,0.0,1.0,1.0,971,97400000,False,1.0,0.0,300.0,500.0,600000000000.0,100000000000.0,,972
1,near_tick_before,thermal_loop,977,controller_tick,97200000,97.2,1,0,97200000,972,97200000,TRIPPED,stale_input,0,0,62,1,0,reconstructed_from_retained_wire,True,,,304.081123735991,295.38524050942493,292.5146361336099,0.9999999999999989,0.9999999999999994,302000.00000000594,495047.76478656026,0.0003015113445777633,63636.36363636348,-6.955815479159355e-09,0.000301511,295.385,292.515,304.081,0.0,301511,1,972,97200000,97200000,97200000,0,295385,1,972,97200000,97200000,97200000,0,292515,1,972,97200000,97200000,97200000,0,304081,1,972,97200000,97200000,97200000,0,0,1,972,97200000,97200000,97200000,0,0.0,1.0,1.0,0.0,1.0,1.0,0.0,1.0,1.0,972,97500000,False,1.0,0.0,300.0,500.0,600000000000.0,100000000000.0,,973
1,near_tick_before,thermal_loop,978,controller_tick,97300000,97.3,1,0,97300000,973,97300000,TRIPPED,stale_input,0,0,62,1,0,reconstructed_from_retained_wire,True,,,304.0550570926331,295.3731717032064,292.50614666588484,0.9999999999999989,0.9999999999999994,302000.00000000594,495515.78436539817,0.0003015113445777633,63636.36363636348,-7.0140231400728226e-09,0.000301511,295.373,292.506,304.055,0.0,301511,1,973,97300000,97300000,97300000,0,295373,1,973,97300000,97300000,97300000,0,292506,1,973,97300000,97300000,97300000,0,304055,1,973,97300000,97300000,97300000,0,0,1,973,97300000,97300000,97300000,0,0.0,1.0,1.0,0.0,1.0,1.0,0.0,1.0,1.0,973,97600000,False,1.0,0.0,300.0,500.0,600000000000.0,100000000000.0,,974
1,near_tick_before,thermal_loop,979,controller_tick,97400000,97.4,1,0,97400000,974,97400000,TRIPPED,stale_input,0,0,62,1,0,reconstructed_from_retained_wire,True,,,304.0290323854718,295.3611066505567,292.49765510758004,0.9999999999999989,0.9999999999999994,302000.00000000594,495983.3794183059,0.0003015113445777633,63636.36363636348,-6.315531209111214e-09,0.000301511,295.361,292.498,304.029,0.0,301511,1,974,97400000,97400000,97400000,0,295361,1,974,97400000,97400000,97400000,0,292498,1,974,97400000,97400000,97400000,0,304029,1,974,97400000,97400000,97400000,0,0,1,974,97400000,97400000,97400000,0,0.0,1.0,1.0,0.0,1.0,1.0,0.0,1.0,1.0,974,97700000,False,1.0,0.0,300.0,500.0,600000000000.0,100000000000.0,,975
1,near_tick_before,thermal_loop,980,controller_tick,97500000,97.5,1,0,97500000,975,97500000,TRIPPED,stale_input,0,0,62,1,0,reconstructed_from_retained_wire,True,,,304.003049500204,295.3490454002345,292.48916152554244,0.9999999999999989,0.9999999999999994,302000.00000000594,496450.5498424275,0.0003015113445777633,63636.36363636348,-7.712515071034431e-09,0.000301511,295.349,292.489,304.003,0.0,301511,1,975,97500000,97500000,97500000,0,295349,1,975,97500000,97500000,97500000,0,292489,1,975,97500000,97500000,97500000,0,304003,1,975,97500000,97500000,97500000,0,0,1,975,97500000,97500000,97500000,0,0.0,1.0,1.0,0.0,1.0,1.0,0.0,1.0,1.0,975,97800000,False,1.0,0.0,300.0,500.0,600000000000.0,100000000000.0,,976
1,near_tick_before,thermal_loop,981,controller_tick,97600000,97.6,1,0,97600000,976,97600000,TRIPPED,stale_input,0,0,62,1,0,reconstructed_from_retained_wire,True,,,303.9771083230147,295.33698800068674,292.4806659861726,0.9999999999999989,0.9999999999999994,302000.00000000594,496917.2955382381,0.0003015113445777633,63636.36363636348,-7.07223080098629e-09,0.000301511,295.337,292.481,303.977,0.0,301511,1,976,97600000,97600000,97600000,0,295337,1,976,97600000,97600000,97600000,0,292481,1,976,97600000,97600000,97600000,0,303977,1,976,97600000,97600000,97600000,0,0,1,976,97600000,97600000,97600000,0,0.0,1.0,1.0,0.0,1.0,1.0,0.0,1.0,1.0,976,97900000,False,1.0,0.0,300.0,500.0,600000000000.0,100000000000.0,,977
1,near_tick_before,thermal_loop,982,controller_tick,97700000,97.7,1,0,97700000,977,97700000,TRIPPED,stale_input,0,0,62,1,0,reconstructed_from_retained_wire,True,,,303.95120874057426,295.324934500049,292.4721685554272,0.9999999999999989,0.9999999999999994,302000.00000000594,497383.61640952196,0.0003015113445777633,63636.36363636348,-6.9267116487026215e-09,0.000301511,295.325,292.472,303.951,0.0,301511,1,977,97700000,97700000,97700000,0,295325,1,977,97700000,97700000,97700000,0,292472,1,977,97700000,97700000,97700000,0,303951,1,977,97700000,97700000,97700000,0,0,1,977,97700000,97700000,97700000,0,0.0,1.0,1.0,0.0,1.0,1.0,0.0,1.0,1.0,977,98000000,False,1.0,0.0,300.0,500.0,600000000000.0,100000000000.0,,978
1,near_tick_before,thermal_loop,983,controller_tick,97800000,97.8,1,0,97800000,978,97800000,TRIPPED,stale_input,0,0,62,1,0,reconstructed_from_retained_wire,True,,,303.9253506400364,295.3128849461465,292.46366929882225,0.9999999999999989,0.9999999999999994,302000.00000000594,497849.51236334996,0.0003015113445777633,63636.36363636348,-7.974449545145035e-09,0.000301511,295.313,292.464,303.925,0.0,301511,1,978,97800000,97800000,97800000,0,295313,1,978,97800000,97800000,97800000,0,292464,1,978,97800000,97800000,97800000,0,303925,1,978,97800000,97800000,97800000,0,0,1,978,97800000,97800000,97800000,0,0.0,1.0,1.0,0.0,1.0,1.0,0.0,1.0,1.0,978,98100000,False,1.0,0.0,300.0,500.0,600000000000.0,100000000000.0,,979
1,near_tick_before,thermal_loop,984,controller_tick,97900000,97.9,1,0,97900000,979,97900000,TRIPPED,stale_input,0,0,62,1,0,reconstructed_from_retained_wire,True,,,303.89953390903565,295.3008393864952,292.4551682814366,0.9999999999999989,0.9999999999999994,302000.00000000594,498314.98331005796,0.0003015113445777633,63636.36363636348,-7.974449545145035e-09,0.000301511,295.301,292.455,303.9,0.0,301511,1,979,97900000,97900000,97900000,0,295301,1,979,97900000,97900000,97900000,0,292455,1,979,97900000,97900000,97900000,0,303900,1,979,97900000,97900000,97900000,0,0,1,979,97900000,97900000,97900000,0,0.0,1.0,1.0,0.0,1.0,1.0,0.0,1.0,1.0,979,98200000,False,1.0,0.0,300.0,500.0,600000000000.0,100000000000.0,,980
1,near_tick_before,thermal_loop,985,controller_tick,98000000,98.0,1,0,98000000,980,98000000,TRIPPED,stale_input,0,0,62,1,0,reconstructed_from_retained_wire,True,,,303.87375843568503,295.28879786830254,292.4466655679143,0.9999999999999989,0.9999999999999994,302000.00000000594,498780.02916322486,0.0003015113445777633,63636.36363636348,-8.061761036515236e-09,0.000301511,295.289,292.447,303.874,0.0,301511,1,980,98000000,98000000,98000000,0,295289,1,980,98000000,98000000,98000000,0,292447,1,980,98000000,98000000,98000000,0,303874,1,980,98000000,98000000,98000000,0,0,1,980,98000000,98000000,98000000,0,0.0,1.0,1.0,0.0,1.0,1.0,0.0,1.0,1.0,980,98300000,False,1.0,0.0,300.0,500.0,600000000000.0,100000000000.0,,981
1,near_tick_before,thermal_loop,986,controller_tick,98100000,98.1,1,0,98100000,981,98100000,TRIPPED,stale_input,0,0,62,1,0,reconstructed_from_retained_wire,True,,,303.84802410857355,295.2767604384682,292.43816122246807,0.9999999999999989,0.9999999999999994,302000.00000000594,499244.6498396509,0.0003015113445777633,63636.36363636348,-7.4214767664670944e-09,0.000301511,295.277,292.438,303.848,0.0,301511,1,981,98100000,98100000,98100000,0,295277,1,981,98100000,98100000,98100000,0,292438,1,981,98100000,98100000,98100000,0,303848,1,981,98100000,98100000,98100000,0,0,1,981,98100000,98100000,98100000,0,0.0,1.0,1.0,0.0,1.0,1.0,0.0,1.0,1.0,981,98400000,False,1.0,0.0,300.0,500.0,600000000000.0,100000000000.0,,982
1,near_tick_before,thermal_loop,987,controller_tick,98200000,98.2,1,0,98200000,982,98200000,TRIPPED,stale_input,0,0,62,1,0,reconstructed_from_retained_wire,True,,,303.82233081676407,295.26472714358545,292.4296553088819,0.9999999999999989,0.9999999999999994,302000.00000000594,499708.84525933623,0.0003015113445777633,63636.36363636348,-7.770722731947899e-09,0.000301511,295.265,292.43,303.822,0.0,301511,1,982,98200000,98200000,98200000,0,295265,1,982,98200000,98200000,98200000,0,292430,1,982,98200000,98200000,98200000,0,303822,1,982,98200000,98200000,98200000,0,0,1,982,98200000,98200000,98200000,0,0.0,1.0,1.0,0.0,1.0,1.0,0.0,1.0,1.0,982,98500000,False,1.0,0.0,300.0,500.0,600000000000.0,100000000000.0,,983
1,near_tick_before,thermal_loop,988,controller_tick,98300000,98.3,1,0,98300000,983,98300000,TRIPPED,stale_input,0,0,62,1,0,reconstructed_from_retained_wire,True,,,303.7966784497909,295.2526980299417,292.42114789051425,0.9999999999999989,0.9999999999999994,302000.00000000594,500172.6153454596,0.0003015113445777633,63636.36363636348,-7.974449545145035e-09,0.000301511,295.253,292.421,303.797,0.0,301511,1,983,98300000,98300000,98300000,0,295253,1,983,98300000,98300000,98300000,0,292421,1,983,98300000,98300000,98300000,0,303797,1,983,98300000,98300000,98300000,0,0,1,983,98300000,98300000,98300000,0,0.0,1.0,1.0,0.0,1.0,1.0,0.0,1.0,1.0,983,98600000,False,1.0,0.0,300.0,500.0,600000000000.0,100000000000.0,,984
1,near_tick_before,thermal_loop,989,controller_tick,98400000,98.4,1,0,98400000,984,98400000,TRIPPED,stale_input,0,0,62,1,0,reconstructed_from_retained_wire,True,,,303.7710668976573,295.2406731435199,292.41263903030085,0.9999999999999989,0.9999999999999994,302000.00000000594,500635.96002435713,0.0003015113445777633,63636.36363636348,-8.236384019255638e-09,0.000301511,295.241,292.413,303.771,0.0,301511,1,984,98400000,98400000,98400000,0,295241,1,984,98400000,98400000,98400000,0,292413,1,984,98400000,98400000,98400000,0,303771,1,984,98400000,98400000,98400000,0,0,1,984,98400000,98400000,98400000,0,0.0,1.0,1.0,0.0,1.0,1.0,0.0,1.0,1.0,984,98700000,False,1.0,0.0,300.0,500.0,600000000000.0,100000000000.0,,985
1,near_tick_before,thermal_loop,990,controller_tick,98500000,98.5,1,0,98500000,985,98500000,TRIPPED,stale_input,0,0,62,1,0,reconstructed_from_retained_wire,True,,,303.74549605083365,295.22865252999924,292.4041287907575,0.9999999999999989,0.9999999999999994,302000.00000000594,501098.8792255011,0.0003015113445777633,63636.36363636348,-7.275957614183426e-09,0.000301511,295.229,292.404,303.745,0.0,301511,1,985,98500000,98500000,98500000,0,295229,1,985,98500000,98500000,98500000,0,292404,1,985,98500000,98500000,98500000,0,303745,1,985,98500000,98500000,98500000,0,0,1,985,98500000,98500000,98500000,0,0.0,1.0,1.0,0.0,1.0,1.0,0.0,1.0,1.0,985,98800000,False,1.0,0.0,300.0,500.0,600000000000.0,100000000000.0,,986
1,near_tick_before,thermal_loop,991,controller_tick,98600000,98.6,1,0,98600000,986,98600000,TRIPPED,stale_input,0,0,62,1,0,reconstructed_from_retained_wire,True,,,303.7199658002544,295.21663623475627,292.3956172339829,0.9999999999999989,0.9999999999999994,302000.00000000594,501561.3728814792,0.0003015113445777633,63636.36363636348,-7.0140231400728226e-09,0.000301511,295.217,292.396,303.72,0.0,301511,1,986,98600000,98600000,98600000,0,295217,1,986,98600000,98600000,98600000,0,292396,1,986,98600000,98600000,98600000,0,303720,1,986,98600000,98600000,98600000,0,0,1,986,98600000,98600000,98600000,0,0.0,1.0,1.0,0.0,1.0,1.0,0.0,1.0,1.0,986,98900000,False,1.0,0.0,300.0,500.0,600000000000.0,100000000000.0,,987
1,near_tick_before,thermal_loop,992,controller_tick,98700000,98.7,1,0,98700000,987,98700000,TRIPPED,stale_input,0,0,62,1,0,reconstructed_from_retained_wire,True,,,303.6944760373164,295.2046243028659,292.38710442166143,0.9999999999999989,0.9999999999999994,302000.00000000594,502023.4409279738,0.0003015113445777633,63636.36363636348,-6.51925802230835e-09,0.000301511,295.205,292.387,303.694,0.0,301511,1,987,98700000,98700000,98700000,0,295205,1,987,98700000,98700000,98700000,0,292387,1,987,98700000,98700000,98700000,0,303694,1,987,98700000,98700000,98700000,0,0,1,987,98700000,98700000,98700000,0,0.0,1.0,1.0,0.0,1.0,1.0,0.0,1.0,1.0,987,99000000,False,1.0,0.0,300.0,500.0,600000000000.0,100000000000.0,,988
1,near_tick_before,thermal_loop,993,controller_tick,98800000,98.8,1,0,98800000,988,98800000,TRIPPED,stale_input,0,0,62,1,0,reconstructed_from_retained_wire,True,,,303.66902665387636,295.19261677910265,292.37859041506607,0.9999999999999989,0.9999999999999994,302000.00000000594,502485.08330374095,0.0003015113445777633,63636.36363636348,-6.490154191851616e-09,0.000301511,295.193,292.379,303.669,0.0,301511,1,988,98800000,98800000,98800000,0,295193,1,988,98800000,98800000,98800000,0,292379,1,988,98800000,98800000,98800000,0,303669,1,988,98800000,98800000,98800000,0,0,1,988,98800000,98800000,98800000,0,0.0,1.0,1.0,0.0,1.0,1.0,0.0,1.0,1.0,988,99100000,False,1.0,0.0,300.0,500.0,600000000000.0,100000000000.0,,989
1,near_tick_before,thermal_loop,994,controller_tick,98900000,98.9,1,0,98900000,989,98900000,TRIPPED,stale_input,0,0,62,1,0,reconstructed_from_retained_wire,True,,,303.6436175422486,295.18061370794146,292.37007527506097,0.9999999999999989,0.9999999999999994,302000.00000000594,502946.29995059036,0.0003015113445777633,63636.36363636348,-6.28642737865448e-09,0.000301511,295.181,292.37,303.644,0.0,301511,1,989,98900000,98900000,98900000,0,295181,1,989,98900000,98900000,98900000,0,292370,1,989,98900000,98900000,98900000,0,303644,1,989,98900000,98900000,98900000,0,0,1,989,98900000,98900000,98900000,0,0.0,1.0,1.0,0.0,1.0,1.0,0.0,1.0,1.0,989,99200000,False,1.0,0.0,300.0,500.0,600000000000.0,100000000000.0,,990
1,near_tick_before,thermal_loop,995,controller_tick,99000000,99.0,1,0,99000000,990,99000000,TRIPPED,stale_input,0,0,62,1,0,reconstructed_from_retained_wire,True,,,303.6182485952028,295.16861513355883,292.36155906210433,0.9999999999999989,0.9999999999999994,302000.00000000594,503407.0908133647,0.0003015113445777633,63636.36363636348,-5.093170329928398e-09,0.000301511,295.169,292.362,303.618,0.0,301511,1,990,99000000,99000000,99000000,0,295169,1,990,99000000,99000000,99000000,0,292362,1,990,99000000,99000000,99000000,0,303618,1,990,99000000,99000000,99000000,0,0,1,990,99000000,99000000,99000000,0,0.0,1.0,1.0,0.0,1.0,1.0,0.0,1.0,1.0,990,99300000,False,1.0,0.0,300.0,500.0,600000000000.0,100000000000.0,,991
1,near_tick_before,thermal_loop,996,controller_tick,99100000,99.1,1,0,99100000,991,99100000,TRIPPED,stale_input,0,0,62,1,0,reconstructed_from_retained_wire,True,,,303.5929197059616,295.15662109983384,292.35304183625084,0.9999999999999989,0.9999999999999994,302000.00000000594,503867.4558399194,0.0003015113445777633,63636.36363636348,-5.820766091346741e-09,0.000301511,295.157,292.353,303.593,0.0,301511,1,991,99100000,99100000,99100000,0,295157,1,991,99100000,99100000,99100000,0,292353,1,991,99100000,99100000,99100000,0,303593,1,991,99100000,99100000,99100000,0,0,1,991,99100000,99100000,99100000,0,0.0,1.0,1.0,0.0,1.0,1.0,0.0,1.0,1.0,991,99400000,False,1.0,0.0,300.0,500.0,600000000000.0,100000000000.0,,992
1,near_tick_before,thermal_loop,997,controller_tick,99200000,99.2,1,0,99200000,992,99200000,TRIPPED,stale_input,0,0,62,1,0,reconstructed_from_retained_wire,True,,,303.56763076819874,295.14463165034954,292.34452365715464,0.9999999999999989,0.9999999999999994,302000.00000000594,504327.3949811026,0.0003015113445777633,63636.36363636348,-6.373738870024681e-09,0.000301511,295.145,292.345,303.568,0.0,301511,1,992,99200000,99200000,99200000,0,295145,1,992,99200000,99200000,99200000,0,292345,1,992,99200000,99200000,99200000,0,303568,1,992,99200000,99200000,99200000,0,0,1,992,99200000,99200000,99200000,0,0.0,1.0,1.0,0.0,1.0,1.0,0.0,1.0,1.0,992,99500000,False,1.0,0.0,300.0,500.0,600000000000.0,100000000000.0,,993
1,near_tick_before,thermal_loop,998,controller_tick,99300000,99.3,1,0,99300000,993,99300000,TRIPPED,stale_input,0,0,62,1,0,reconstructed_from_retained_wire,True,,,303.5423816760365,295.1326468283938,292.33600458407176,0.9999999999999989,0.9999999999999994,302000.00000000594,504786.90819073527,0.0003015113445777633,63636.36363636348,-5.791662260890007e-09,0.000301511,295.133,292.336,303.542,0.0,301511,1,993,99300000,99300000,99300000,0,295133,1,993,99300000,99300000,99300000,0,292336,1,993,99300000,99300000,99300000,0,303542,1,993,99300000,99300000,99300000,0,0,1,993,99300000,99300000,99300000,0,0.0,1.0,1.0,0.0,1.0,1.0,0.0,1.0,1.0,993,99600000,False,1.0,0.0,300.0,500.0,600000000000.0,100000000000.0,,994
1,near_tick_before,thermal_loop,999,controller_tick,99400000,99.4,1,0,99400000,994,99400000,TRIPPED,stale_input,0,0,62,1,0,reconstructed_from_retained_wire,True,,,303.51717232404326,295.1206666769604,292.3274846758627,0.9999999999999989,0.9999999999999994,302000.00000000594,505245.9954255912,0.0003015113445777633,63636.36363636348,-6.577465683221817e-09,0.000301511,295.121,292.327,303.517,0.0,301511,1,994,99400000,99400000,99400000,0,295121,1,994,99400000,99400000,99400000,0,292327,1,994,99400000,99400000,99400000,0,303517,1,994,99400000,99400000,99400000,0,0,1,994,99400000,99400000,99400000,0,0.0,1.0,1.0,0.0,1.0,1.0,0.0,1.0,1.0,994,99700000,False,1.0,0.0,300.0,500.0,600000000000.0,100000000000.0,,995
1,near_tick_before,thermal_loop,1000,controller_tick,99500000,99.5,1,0,99500000,995,99500000,TRIPPED,stale_input,0,0,62,1,0,reconstructed_from_retained_wire,True,,,303.49200260723205,295.10869123875045,292.31896399099526,0.9999999999999989,0.9999999999999994,302000.00000000594,505704.6566453774,0.0003015113445777633,63636.36363636348,-5.50062395632267e-09,0.000301511,295.109,292.319,303.492,0.0,301511,1,995,99500000,99500000,99500000,0,295109,1,995,99500000,99500000,99500000,0,292319,1,995,99500000,99500000,99500000,0,303492,1,995,99500000,99500000,99500000,0,0,1,995,99500000,99500000,99500000,0,0.0,1.0,1.0,0.0,1.0,1.0,0.0,1.0,1.0,995,99800000,False,1.0,0.0,300.0,500.0,600000000000.0,100000000000.0,,996
1,near_tick_before,thermal_loop,1001,controller_tick,99600000,99.6,1,0,99600000,996,99600000,TRIPPED,stale_input,0,0,62,1,0,reconstructed_from_retained_wire,True,,,303.4668724210575,295.0967205561732,292.31044258754673,0.9999999999999989,0.9999999999999994,302000.00000000594,506162.8918127145,0.0003015113445777633,63636.36363636348,-4.685716703534126e-09,0.000301511,295.097,292.31,303.467,0.0,301511,1,996,99600000,99600000,99600000,0,295097,1,996,99600000,99600000,99600000,0,292310,1,996,99600000,99600000,99600000,0,303467,1,996,99600000,99600000,99600000,0,0,1,996,99600000,99600000,99600000,0,0.0,1.0,1.0,0.0,1.0,1.0,0.0,1.0,1.0,996,99900000,False,1.0,0.0,300.0,500.0,600000000000.0,100000000000.0,,997
1,near_tick_before,thermal_loop,1002,controller_tick,99700000,99.7,1,0,99700000,997,99700000,TRIPPED,stale_input,0,0,62,1,0,reconstructed_from_retained_wire,True,,,303.441781661414,295.08475467134724,292.3019205232068,0.9999999999999989,0.9999999999999994,302000.00000000594,506620.70089311735,0.0003015113445777633,63636.36363636348,-4.627509042620659e-09,0.000301511,295.085,292.302,303.442,0.0,301511,1,997,99700000,99700000,99700000,0,295085,1,997,99700000,99700000,99700000,0,292302,1,997,99700000,99700000,99700000,0,303442,1,997,99700000,99700000,99700000,0,0,1,997,99700000,99700000,99700000,0,0.0,1.0,1.0,0.0,1.0,1.0,0.0,1.0,1.0,997,100000000,False,1.0,0.0,300.0,500.0,600000000000.0,100000000000.0,,998
1,near_tick_before,thermal_loop,1003,controller_tick,99800000,99.8,1,0,99800000,998,99800000,TRIPPED,stale_input,0,0,62,1,0,reconstructed_from_retained_wire,True,,,303.4167302246338,295.072793626102,292.29339785527964,0.9999999999999989,0.9999999999999994,302000.00000000594,507078.0838549756,0.0003015113445777633,63636.36363636348,-4.831235855817795e-09,0.000301511,295.073,292.293,303.417,0.0,301511,1,998,99800000,99800000,99800000,0,295073,1,998,99800000,99800000,99800000,0,292293,1,998,99800000,99800000,99800000,0,303417,1,998,99800000,99800000,99800000,0,0,1,998,99800000,99800000,99800000,0,0.0,1.0,1.0,0.0,1.0,1.0,0.0,1.0,1.0,998,100100000,False,1.0,0.0,300.0,500.0,600000000000.0,100000000000.0,,999
1,near_tick_before,thermal_loop,1004,controller_tick,99900000,99.9,1,0,99900000,999,99900000,TRIPPED,stale_input,0,0,62,1,0,reconstructed_from_retained_wire,True,,,303.3917180074843,295.06083746197856,292.28487464068695,0.9999999999999989,0.9999999999999994,302000.00000000594,507535.0406695344,0.0003015113445777633,63636.36363636348,-4.976755008101463e-09,0.000301511,295.061,292.285,303.392,0.0,301511,1,999,99900000,99900000,99900000,0,295061,1,999,99900000,99900000,99900000,0,292285,1,999,99900000,99900000,99900000,0,303392,1,999,99900000,99900000,99900000,0,0,1,999,99900000,99900000,99900000,0,0.0,1.0,1.0,0.0,1.0,1.0,0.0,1.0,1.0,999,100200000,False,1.0,0.0,300.0,500.0,600000000000.0,100000000000.0,,1000
1,near_tick_before,thermal_loop,1005,controller_tick,100000000,100.0,1,0,100000000,1000,100000000,TRIPPED,stale_input,0,0,62,1,0,reconstructed_from_retained_wire,True,,,303.36674490716626,295.0488862202308,292.27635093596996,0.9999999999999989,0.9999999999999994,302000.00000000594,507991.5713108757,0.0003015113445777633,63636.36363636348,-6.373738870024681e-09,0.000301511,295.049,292.276,303.367,0.0,301511,1,1000,100000000,100000000,100000000,0,295049,1,1000,100000000,100000000,100000000,0,292276,1,1000,100000000,100000000,100000000,0,303367,1,1000,100000000,100000000,100000000,0,0,1,1000,100000000,100000000,100000000,0,0.0,1.0,1.0,0.0,1.0,1.0,0.0,1.0,1.0,1000,100300000,False,1.0,0.0,300.0,500.0,600000000000.0,100000000000.0,,1001
1,near_tick_before,thermal_loop,1006,controller_tick,100100000,100.1,1,0,100100000,1001,100100000,TRIPPED,stale_input,0,0,62,1,0,reconstructed_from_retained_wire,True,,,303.3418108213116,295.03693994182703,292.26782679729206,0.9999999999999989,0.9999999999999994,302000.00000000594,508447.6757558989,0.0003015113445777633,63636.36363636348,-6.6356733441352844e-09,0.000301511,295.037,292.268,303.342,0.0,301511,1,1001,100100000,100100000,100100000,0,295037,1,1001,100100000,100100000,100100000,0,292268,1,1001,100100000,100100000,100100000,0,303342,1,1001,100100000,100100000,100100000,0,0,1,1001,100100000,100100000,100100000,0,0.0,1.0,1.0,0.0,1.0,1.0,0.0,1.0,1.0,1001,100400000,False,1.0,0.0,300.0,500.0,600000000000.0,100000000000.0,,1002
1,near_tick_before,thermal_loop,1007,controller_tick,100200000,100.2,1,0,100200000,1002,100200000,TRIPPED,stale_input,0,0,62,1,0,reconstructed_from_retained_wire,True,,,303.31691564798086,295.0249986674506,292.2593022804412,0.9999999999999989,0.9999999999999994,302000.00000000594,508903.3539843022,0.0003015113445777633,63636.36363636348,-7.363269105553627e-09,0.000301511,295.025,292.259,303.317,0.0,301511,1,1002,100200000,100200000,100200000,0,295025,1,1002,100200000,100200000,100200000,0,292259,1,1002,100200000,100200000,100200000,0,303317,1,1002,100200000,100200000,100200000,0,0,1,1002,100200000,100200000,100200000,0,0.0,1.0,1.0,0.0,1.0,1.0,0.0,1.0,1.0,1002,100500000,False,1.0,0.0,300.0,500.0,600000000000.0,100000000000.0,,1003
1,near_tick_before,thermal_loop,1008,controller_tick,100300000,100.3,1,0,100300000,1003,100300000,TRIPPED,stale_input,0,0,62,1,0,reconstructed_from_retained_wire,True,,,303.2920592856618,295.0130624375014,292.25077744083234,0.9999999999999989,0.9999999999999994,302000.00000000594,509358.60597856395,0.0003015113445777633,63636.36363636348,-6.4319465309381485e-09,0.000301511,295.013,292.251,303.292,0.0,301511,1,1003,100300000,100300000,100300000,0,295013,1,1003,100300000,100300000,100300000,0,292251,1,1003,100300000,100300000,100300000,0,303292,1,1003,100300000,100300000,100300000,0,0,1,1003,100300000,100300000,100300000,0,0.0,1.0,1.0,0.0,1.0,1.0,0.0,1.0,1.0,1003,100600000,False,1.0,0.0,300.0,500.0,600000000000.0,100000000000.0,,1004
1,near_tick_before,thermal_loop,1009,controller_tick,100400000,100.4,1,0,100400000,1004,100400000,TRIPPED,stale_input,0,0,62,1,0,reconstructed_from_retained_wire,True,,,303.26724163326656,295.0011312920971,292.24225233350955,0.9999999999999989,0.9999999999999994,302000.00000000594,509813.4317239238,0.0003015113445777633,63636.36363636348,-6.606569513678551e-09,0.000301511,295.001,292.242,303.267,0.0,301511,1,1004,100400000,100400000,100400000,0,295001,1,1004,100400000,100400000,100400000,0,292242,1,1004,100400000,100400000,100400000,0,303267,1,1004,100400000,100400000,100400000,0,0,1,1004,100400000,100400000,100400000,0,0.0,1.0,1.0,0.0,1.0,1.0,0.0,1.0,1.0,1004,100700000,False,1.0,0.0,300.0,500.0,600000000000.0,100000000000.0,,1005
1,near_tick_before,thermal_loop,1010,controller_tick,100500000,100.5,1,0,100500000,1005,100500000,TRIPPED,stale_input,0,0,62,1,0,reconstructed_from_retained_wire,True,,,303.24246259012995,294.98920527107435,292.2337270131488,0.9999999999999989,0.9999999999999994,302000.00000000594,510267.8312083644,0.0003015113445777633,63636.36363636348,-6.548361852765083e-09,0.000301511,294.989,292.234,303.242,0.0,301511,1,1005,100500000,100500000,100500000,0,294989,1,1005,100500000,100500000,100500000,0,292234,1,1005,100500000,100500000,100500000,0,303242,1,1005,100500000,100500000,100500000,0,0,1,1005,100500000,100500000,100500000,0,0.0,1.0,1.0,0.0,1.0,1.0,0.0,1.0,1.0,1005,100800000,False,1.0,0.0,300.0,500.0,600000000000.0,100000000000.0,,1006
1,near_tick_before,thermal_loop,1011,controller_tick,100600000,100.6,1,0,100600000,1006,100600000,TRIPPED,stale_input,0,0,62,1,0,reconstructed_from_retained_wire,True,,,303.2177220560072,294.97728441398976,292.22520153406,0.9999999999999989,0.9999999999999994,302000.00000000594,510721.80442259327,0.0003015113445777633,63636.36363636348,-6.1409082263708115e-09,0.000301511,294.977,292.225,303.218,0.0,301511,1,1006,100600000,100600000,100600000,0,294977,1,1006,100600000,100600000,100600000,0,292225,1,1006,100600000,100600000,100600000,0,303218,1,1006,100600000,100600000,100600000,0,0,1,1006,100600000,100600000,100600000,0,0.0,1.0,1.0,0.0,1.0,1.0,0.0,1.0,1.0,1006,100900000,False,1.0,0.0,300.0,500.0,600000000000.0,100000000000.0,,1007
1,near_tick_before,thermal_loop,1012,controller_tick,100700000,100.7,1,0,100700000,1007,100700000,TRIPPED,stale_input,0,0,62,1,0,reconstructed_from_retained_wire,True,,,303.1930199310719,294.9653687601213,292.2166759501893,0.9999999999999989,0.9999999999999994,302000.00000000594,511175.3513600241,0.0003015113445777633,63636.36363636348,-6.693881005048752e-09,0.000301511,294.965,292.217,303.193,0.0,301511,1,1007,100700000,100700000,100700000,0,294965,1,1007,100700000,100700000,100700000,0,292217,1,1007,100700000,100700000,100700000,0,303193,1,1007,100700000,100700000,100700000,0,0,1,1007,100700000,100700000,100700000,0,0.0,1.0,1.0,0.0,1.0,1.0,0.0,1.0,1.0,1007,101000000,False,1.0,0.0,300.0,500.0,600000000000.0,100000000000.0,,1008
1,near_tick_before,thermal_loop,1013,controller_tick,100800000,100.8,1,0,100800000,1008,100800000,TRIPPED,stale_input,0,0,62,1,0,reconstructed_from_retained_wire,True,,,303.1683561159139,294.95345834846967,292.2081503151217,0.9999999999999989,0.9999999999999994,302000.00000000594,511628.47201675904,0.0003015113445777633,63636.36363636348,-6.752088665962219e-09,0.000301511,294.953,292.208,303.168,0.0,301511,1,1008,100800000,100800000,100800000,0,294953,1,1008,100800000,100800000,100800000,0,292208,1,1008,100800000,100800000,100800000,0,303168,1,1008,100800000,100800000,100800000,0,0,1,1008,100800000,100800000,100800000,0,0.0,1.0,1.0,0.0,1.0,1.0,0.0,1.0,1.0,1008,101100000,False,1.0,0.0,300.0,500.0,600000000000.0,100000000000.0,,1009
1,near_tick_before,thermal_loop,1014,controller_tick,100900000,100.9,1,0,100900000,1009,100900000,TRIPPED,stale_input,0,0,62,1,0,reconstructed_from_retained_wire,True,,,303.1437305115374,294.9415532177591,292.1996246820829,0.9999999999999989,0.9999999999999994,302000.00000000594,512081.16639157024,0.0003015113445777633,63636.36363636348,-7.53789208829403e-09,0.000301511,294.942,292.2,303.144,0.0,301511,1,1009,100900000,100900000,100900000,0,294942,1,1009,100900000,100900000,100900000,0,292200,1,1009,100900000,100900000,100900000,0,303144,1,1009,100900000,100900000,100900000,0,0,1,1009,100900000,100900000,100900000,0,0.0,1.0,1.0,0.0,1.0,1.0,0.0,1.0,1.0,1009,101200000,False,1.0,0.0,300.0,500.0,600000000000.0,100000000000.0,,1010
1,near_tick_before,thermal_loop,1015,controller_tick,101000000,101.0,1,0,101000000,1010,101000000,TRIPPED,stale_input,0,0,62,1,0,reconstructed_from_retained_wire,True,,,303.11914301935843,294.9296534064391,292.1910991039419,0.9999999999999989,0.9999999999999994,302000.00000000594,512533.4344858824,0.0003015113445777633,63636.36363636348,-8.64383764564991e-09,0.000301511,294.93,292.191,303.119,0.0,301511,1,1010,101000000,101000000,101000000,0,294930,1,1010,101000000,101000000,101000000,0,292191,1,1010,101000000,101000000,101000000,0,303119,1,1010,101000000,101000000,101000000,0,0,1,1010,101000000,101000000,101000000,0,0.0,1.0,1.0,0.0,1.0,1.0,0.0,1.0,1.0,1010,101300000,False,1.0,0.0,300.0,500.0,600000000000.0,100000000000.0,,1011
1,near_tick_before,thermal_loop,1016,controller_tick,101100000,101.1,1,0,101100000,1011,101100000,TRIPPED,stale_input,0,0,62,1,0,reconstructed_from_retained_wire,True,,,303.09459354120344,294.91775895268535,292.182573633213,0.9999999999999989,0.9999999999999994,302000.00000000594,512985.27630375477,0.0003015113445777633,63636.36363636348,-8.119968697428703e-09,0.000301511,294.918,292.183,303.095,0.0,301511,1,1011,101100000,101100000,101100000,0,294918,1,1011,101100000,101100000,101100000,0,292183,1,1011,101100000,101100000,101100000,0,303095,1,1011,101100000,101100000,101100000,0,0,1,1011,101100000,101100000,101100000,0,0.0,1.0,1.0,0.0,1.0,1.0,0.0,1.0,1.0,1011,101400000,False,1.0,0.0,300.0,500.0,600000000000.0,100000000000.0,,1012
1,near_tick_before,thermal_loop,1017,controller_tick,101200000,101.2,1,0,101200000,1012,101200000,TRIPPED,stale_input,0,0,62,1,0,reconstructed_from_retained_wire,True,,,303.0700819793066,294.9058698944009,292.1740483220581,0.9999999999999989,0.9999999999999994,302000.00000000594,513436.69185186346,0.0003015113445777633,63636.36363636348,-7.654307410120964e-09,0.000301511,294.906,292.174,303.07,0.0,301511,1,1012,101200000,101200000,101200000,0,294906,1,1012,101200000,101200000,101200000,0,292174,1,1012,101200000,101200000,101200000,0,303070,1,1012,101200000,101200000,101200000,0,0,1,1012,101200000,101200000,101200000,0,0.0,1.0,1.0,0.0,1.0,1.0,0.0,1.0,1.0,1012,101500000,False,1.0,0.0,300.0,500.0,600000000000.0,100000000000.0,,1013
1,near_tick_before,thermal_loop,1018,controller_tick,101300000,101.3,1,0,101300000,1013,101300000,TRIPPED,stale_input,0,0,62,1,0,reconstructed_from_retained_wire,True,,,303.0456082363082,294.89398626921775,292.165523222289,0.9999999999999989,0.9999999999999994,302000.00000000594,513887.6811394839,0.0003015113445777633,63636.36363636348,-7.363269105553627e-09,0.000301511,294.894,292.166,303.046,0.0,301511,1,1013,101300000,101300000,101300000,0,294894,1,1013,101300000,101300000,101300000,0,292166,1,1013,101300000,101300000,101300000,0,303046,1,1013,101300000,101300000,101300000,0,0,1,1013,101300000,101300000,101300000,0,0.0,1.0,1.0,0.0,1.0,1.0,0.0,1.0,1.0,1013,101600000,False,1.0,0.0,300.0,500.0,600000000000.0,100000000000.0,,1014
1,near_tick_before,thermal_loop,1019,controller_tick,101400000,101.4,1,0,101400000,1014,101400000,TRIPPED,stale_input,0,0,62,1,0,reconstructed_from_retained_wire,True,,,303.0211722152526,294.8821081144976,292.1569983853693,0.9999999999999989,0.9999999999999994,302000.00000000594,514338.24417847337,0.0003015113445777633,63636.36363636348,-7.130438461899757e-09,0.000301511,294.882,292.157,303.021,0.0,301511,1,1014,101400000,101400000,101400000,0,294882,1,1014,101400000,101400000,101400000,0,292157,1,1014,101400000,101400000,101400000,0,303021,1,1014,101400000,101400000,101400000,0,0,1,1014,101400000,101400000,101400000,0,0.0,1.0,1.0,0.0,1.0,1.0,0.0,1.0,1.0,1014,101700000,False,1.0,0.0,300.0,500.0,600000000000.0,100000000000.0,,1015
1,near_tick_before,thermal_loop,1020,controller_tick,101500000,101.5,1,0,101500000,1015,101500000,TRIPPED,stale_input,0,0,62,1,0,reconstructed_from_retained_wire,True,,,302.9967738195859,294.8702354673336,292.14847386241695,0.9999999999999989,0.9999999999999994,302000.00000000594,514788.38098325377,0.0003015113445777633,63636.36363636348,-7.683411240577698e-09,0.000301511,294.87,292.148,302.997,0.0,301511,1,1015,101500000,101500000,101500000,0,294870,1,1015,101500000,101500000,101500000,0,292148,1,1015,101500000,101500000,101500000,0,302997,1,1015,101500000,101500000,101500000,0,0,1,1015,101500000,101500000,101500000,0,0.0,1.0,1.0,0.0,1.0,1.0,0.0,1.0,1.0,1015,101800000,False,1.0,0.0,300.0,500.0,600000000000.0,100000000000.0,,1016
1,near_tick_before,thermal_loop,1021,controller_tick,101600000,101.6,1,0,101600000,1016,101600000,TRIPPED,stale_input,0,0,62,1,0,reconstructed_from_retained_wire,True,,,302.9724129531543,294.85836836455127,292.1399497042061,0.9999999999999989,0.9999999999999994,302000.00000000594,515238.09157079423,0.0003015113445777633,63636.36363636348,-7.4214767664670944e-09,0.000301511,294.858,292.14,302.972,0.0,301511,1,1016,101600000,101600000,101600000,0,294858,1,1016,101600000,101600000,101600000,0,292140,1,1016,101600000,101600000,101600000,0,302972,1,1016,101600000,101600000,101600000,0,0,1,1016,101600000,101600000,101600000,0,0.0,1.0,1.0,0.0,1.0,1.0,0.0,1.0,1.0,1016,101900000,False,1.0,0.0,300.0,500.0,600000000000.0,100000000000.0,,1017
1,near_tick_before,thermal_loop,1022,controller_tick,101700000,101.7,1,0,101700000,1017,101700000,TRIPPED,stale_input,0,0,62,1,0,reconstructed_from_retained_wire,True,,,302.9480895202018,294.84650684270986,292.1314259611694,0.9999999999999989,0.9999999999999994,302000.00000000594,515687.3759605941,0.0003015113445777633,63636.36363636348,-7.2177499532699585e-09,0.000301511,294.847,292.131,302.948,0.0,301511,1,1017,101700000,101700000,101700000,0,294847,1,1017,101700000,101700000,101700000,0,292131,1,1017,101700000,101700000,101700000,0,302948,1,1017,101700000,101700000,101700000,0,0,1,1017,101700000,101700000,101700000,0,0.0,1.0,1.0,0.0,1.0,1.0,0.0,1.0,1.0,1017,102000000,False,1.0,0.0,300.0,500.0,600000000000.0,100000000000.0,,1018
1,near_tick_before,thermal_loop,1023,controller_tick,101800000,101.8,1,0,101800000,1018,101800000,TRIPPED,stale_input,0,0,62,1,0,reconstructed_from_retained_wire,True,,,302.9238034253685,294.83465093810344,292.1229026833999,0.9999999999999989,0.9999999999999994,302000.00000000594,516136.23417466576,0.0003015113445777633,63636.36363636348,-7.712515071034431e-09,0.000301511,294.835,292.123,302.924,0.0,301511,1,1018,101800000,101800000,101800000,0,294835,1,1018,101800000,101800000,101800000,0,292123,1,1018,101800000,101800000,101800000,0,302924,1,1018,101800000,101800000,101800000,0,0,1,1018,101800000,101800000,101800000,0,0.0,1.0,1.0,0.0,1.0,1.0,0.0,1.0,1.0,1018,102100000,False,1.0,0.0,300.0,500.0,600000000000.0,100000000000.0,,1019
1,near_tick_before,thermal_loop,1024,controller_tick,101900000,101.9,1,0,101900000,1019,101900000,TRIPPED,stale_input,0,0,62,1,0,reconstructed_from_retained_wire,True,,,302.89955457368836,294.82280068676255,292.1143799206534,0.9999999999999989,0.9999999999999994,302000.00000000594,516584.66623751796,0.0003015113445777633,63636.36363636348,-7.712515071034431e-09,0.000301511,294.823,292.114,302.9,0.0,301511,1,1019,101900000,101900000,101900000,0,294823,1,1019,101900000,101900000,101900000,0,292114,1,1019,101900000,101900000,101900000,0,302900,1,1019,101900000,101900000,101900000,0,0,1,1019,101900000,101900000,101900000,0,0.0,1.0,1.0,0.0,1.0,1.0,0.0,1.0,1.0,1019,102200000,False,1.0,0.0,300.0,500.0,600000000000.0,100000000000.0,,1020
1,near_tick_before,thermal_loop,1025,controller_tick,102000000,102.0,1,0,102000000,1020,102000000,TRIPPED,stale_input,0,0,62,1,0,reconstructed_from_retained_wire,True,,,302.8753428705875,294.81095612445495,292.1058577223503,0.9999999999999989,0.9999999999999994,302000.00000000594,517032.67217613873,0.0003015113445777633,63636.36363636348,-7.828930392861366e-09,0.000301511,294.811,292.106,302.875,0.0,301511,1,1020,102000000,102000000,102000000,0,294811,1,1020,102000000,102000000,102000000,0,292106,1,1020,102000000,102000000,102000000,0,302875,1,1020,102000000,102000000,102000000,0,0,1,1020,102000000,102000000,102000000,0,0.0,1.0,1.0,0.0,1.0,1.0,0.0,1.0,1.0,1020,102300000,False,1.0,0.0,300.0,500.0,600000000000.0,100000000000.0,,1021
1,near_tick_before,thermal_loop,1026,controller_tick,102100000,102.1,1,0,102100000,1021,102100000,TRIPPED,stale_input,0,0,62,1,0,reconstructed_from_retained_wire,True,,,302.85116822188184,294.7991172866873,292.09733613757794,0.9999999999999989,0.9999999999999994,302000.00000000594,517480.2520199787,0.0003015113445777633,63636.36363636348,-7.4214767664670944e-09,0.000301511,294.799,292.097,302.851,0.0,301511,1,1021,102100000,102100000,102100000,0,294799,1,1021,102100000,102100000,102100000,0,292097,1,1021,102100000,102100000,102100000,0,302851,1,1021,102100000,102100000,102100000,0,0,1,1021,102100000,102100000,102100000,0,0.0,1.0,1.0,0.0,1.0,1.0,0.0,1.0,1.0,1021,102400000,False,1.0,0.0,300.0,500.0,600000000000.0,100000000000.0,,1022
1,near_tick_before,thermal_loop,1027,controller_tick,102200000,102.2,1,0,102200000,1022,102200000,TRIPPED,stale_input,0,0,62,1,0,reconstructed_from_retained_wire,True,,,302.82703053377554,294.7872842087061,292.0888152150922,0.9999999999999989,0.9999999999999994,302000.00000000594,517927.4058009348,0.0003015113445777633,63636.36363636348,-7.945345714688301e-09,0.000301511,294.787,292.089,302.827,0.0,301511,1,1022,102200000,102200000,102200000,0,294787,1,1022,102200000,102200000,102200000,0,292089,1,1022,102200000,102200000,102200000,0,302827,1,1022,102200000,102200000,102200000,0,0,1,1022,102200000,102200000,102200000,0,0.0,1.0,1.0,0.0,1.0,1.0,0.0,1.0,1.0,1022,102500000,False,1.0,0.0,300.0,500.0,600000000000.0,100000000000.0,,1023
1,near_tick_before,thermal_loop,1028,controller_tick,102300000,102.3,1,0,102300000,1023,102300000,TRIPPED,stale_input,0,0,62,1,0,reconstructed_from_retained_wire,True,,,302.802929712859,294.77545692549916,292.0802950033201,0.9999999999999989,0.9999999999999994,302000.00000000594,518374.1335533333,0.0003015113445777633,63636.36363636348,-7.62520357966423e-09,0.000301511,294.775,292.08,302.803,0.0,301511,1,1023,102300000,102300000,102300000,0,294775,1,1023,102300000,102300000,102300000,0,292080,1,1023,102300000,102300000,102300000,0,302803,1,1023,102300000,102300000,102300000,0,0,1,1023,102300000,102300000,102300000,0,0.0,1.0,1.0,0.0,1.0,1.0,0.0,1.0,1.0,1023,102600000,False,1.0,0.0,300.0,500.0,600000000000.0,100000000000.0,,1024
1,near_tick_before,thermal_loop,1029,controller_tick,102400000,102.4,1,0,102400000,1024,102400000,TRIPPED,stale_input,0,0,62,1,0,reconstructed_from_retained_wire,True,,,302.77886566610675,294.76363547179665,292.07177555036117,0.9999999999999989,0.9999999999999994,302000.00000000594,518820.4353139138,0.0003015113445777633,63636.36363636348,-7.392372936010361e-09,0.000301511,294.764,292.072,302.779,0.0,301511,1,1024,102400000,102400000,102400000,0,294764,1,1024,102400000,102400000,102400000,0,292072,1,1024,102400000,102400000,102400000,0,302779,1,1024,102400000,102400000,102400000,0,0,1,1024,102400000,102400000,102400000,0,0.0,1.0,1.0,0.0,1.0,1.0,0.0,1.0,1.0,1024,102700000,False,1.0,0.0,300.0,500.0,600000000000.0,100000000000.0,,1025
1,near_tick_before,thermal_loop,1030,controller_tick,102500000,102.5,1,0,102500000,1025,102500000,TRIPPED,stale_input,0,0,62,1,0,reconstructed_from_retained_wire,True,,,302.75483830087563,294.7518198820724,292.06325690399007,0.9999999999999989,0.9999999999999994,302000.00000000594,519266.3111218126,0.0003015113445777633,63636.36363636348,-7.887138053774834e-09,0.000301511,294.752,292.063,302.755,0.0,301511,1,1025,102500000,102500000,102500000,0,294752,1,1025,102500000,102500000,102500000,0,292063,1,1025,102500000,102500000,102500000,0,302755,1,1025,102500000,102500000,102500000,0,0,1,1025,102500000,102500000,102500000,0,0.0,1.0,1.0,0.0,1.0,1.0,0.0,1.0,1.0,1025,102800000,False,1.0,0.0,300.0,500.0,600000000000.0,100000000000.0,,1026
1,near_tick_before,thermal_loop,1031,controller_tick,102600000,102.6,1,0,102600000,1026,102600000,TRIPPED,stale_input,0,0,62,1,0,reconstructed_from_retained_wire,True,,,302.73084752490286,294.7400101905456,292.05473911165814,0.9999999999999989,0.9999999999999994,302000.00000000594,519711.7610185469,0.0003015113445777633,63636.36363636348,-7.974449545145035e-09,0.000301511,294.74,292.055,302.731,0.0,301511,1,1026,102600000,102600000,102600000,0,294740,1,1026,102600000,102600000,102600000,0,292055,1,1026,102600000,102600000,102600000,0,302731,1,1026,102600000,102600000,102600000,0,0,1,1026,102600000,102600000,102600000,0,0.0,1.0,1.0,0.0,1.0,1.0,0.0,1.0,1.0,1026,102900000,False,1.0,0.0,300.0,500.0,600000000000.0,100000000000.0,,1027
1,near_tick_before,thermal_loop,1032,controller_tick,102700000,102.7,1,0,102700000,1027,102700000,TRIPPED,stale_input,0,0,62,1,0,reconstructed_from_retained_wire,True,,,302.7068932463042,294.7282064311813,292.0462222204955,0.9999999999999989,0.9999999999999994,302000.00000000594,520156.7850479981,0.0003015113445777633,63636.36363636348,-7.887138053774834e-09,0.000301511,294.728,292.046,302.707,0.0,301511,1,1027,102700000,102700000,102700000,0,294728,1,1027,102700000,102700000,102700000,0,292046,1,1027,102700000,102700000,102700000,0,302707,1,1027,102700000,102700000,102700000,0,0,1,1027,102700000,102700000,102700000,0,0.0,1.0,1.0,0.0,1.0,1.0,0.0,1.0,1.0,1027,103000000,False,1.0,0.0,300.0,500.0,600000000000.0,100000000000.0,,1028
1,near_tick_before,thermal_loop,1033,controller_tick,102800000,102.8,1,0,102800000,1028,102800000,TRIPPED,stale_input,0,0,62,1,0,reconstructed_from_retained_wire,True,,,302.68297537357205,294.7164086376921,292.0377062773131,0.9999999999999989,0.9999999999999994,302000.00000000594,520601.3832563963,0.0003015113445777633,63636.36363636348,-8.993083611130714e-09,0.000301511,294.716,292.038,302.683,0.0,301511,1,1028,102800000,102800000,102800000,0,294716,1,1028,102800000,102800000,102800000,0,292038,1,1028,102800000,102800000,102800000,0,302683,1,1028,102800000,102800000,102800000,0,0,1,1028,102800000,102800000,102800000,0,0.0,1.0,1.0,0.0,1.0,1.0,0.0,1.0,1.0,1028,103100000,False,1.0,0.0,300.0,500.0,600000000000.0,100000000000.0,,1029
1,near_tick_before,thermal_loop,1034,controller_tick,102900000,102.9,1,0,102900000,1029,102900000,TRIPPED,stale_input,0,0,62,1,0,reconstructed_from_retained_wire,True,,,302.6590938155735,294.70461684353944,292.02919132860444,0.9999999999999989,0.9999999999999994,302000.00000000594,521045.5556923041,0.0003015113445777633,63636.36363636348,-9.225914254784584e-09,0.000301511,294.705,292.029,302.659,0.0,301511,1,1029,102900000,102900000,102900000,0,294705,1,1029,102900000,102900000,102900000,0,292029,1,1029,102900000,102900000,102900000,0,302659,1,1029,102900000,102900000,102900000,0,0,1,1029,102900000,102900000,102900000,0,0.0,1.0,1.0,0.0,1.0,1.0,0.0,1.0,1.0,1029,103200000,False,1.0,0.0,300.0,500.0,600000000000.0,100000000000.0,,1030
1,near_tick_before,thermal_loop,1035,controller_tick,103000000,103.0,1,0,103000000,1030,103000000,TRIPPED,stale_input,0,0,62,1,0,reconstructed_from_retained_wire,True,,,302.6352484815484,294.6928310819347,292.02067742054777,0.9999999999999989,0.9999999999999994,302000.00000000594,521489.3024066011,0.0003015113445777633,63636.36363636348,-9.74978320300579e-09,0.000301511,294.693,292.021,302.635,0.0,301511,1,1030,103000000,103000000,103000000,0,294693,1,1030,103000000,103000000,103000000,0,292021,1,1030,103000000,103000000,103000000,0,302635,1,1030,103000000,103000000,103000000,0,0,1,1030,103000000,103000000,103000000,0,0.0,1.0,1.0,0.0,1.0,1.0,0.0,1.0,1.0,1030,103300000,False,1.0,0.0,300.0,500.0,600000000000.0,100000000000.0,,1031
1,near_tick_before,thermal_loop,1036,controller_tick,103100000,103.1,1,0,103100000,1031,103100000,TRIPPED,stale_input,0,0,62,1,0,reconstructed_from_retained_wire,True,,,302.6114392811077,294.68105138584036,292.0121645990078,0.9999999999999989,0.9999999999999994,302000.00000000594,521932.6234524676,0.0003015113445777633,63636.36363636348,-9.633367881178856e-09,0.000301511,294.681,292.012,302.611,0.0,301511,1,1031,103100000,103100000,103100000,0,294681,1,1031,103100000,103100000,103100000,0,292012,1,1031,103100000,103100000,103100000,0,302611,1,1031,103100000,103100000,103100000,0,0,1,1031,103100000,103100000,103100000,0,0.0,1.0,1.0,0.0,1.0,1.0,0.0,1.0,1.0,1031,103400000,False,1.0,0.0,300.0,500.0,600000000000.0,100000000000.0,,1032
1,near_tick_before,thermal_loop,1037,controller_tick,103200000,103.2,1,0,103200000,1032,103200000,TRIPPED,stale_input,0,0,62,1,0,reconstructed_from_retained_wire,True,,,302.5876661242315,294.66927778797157,292.00365290953755,0.9999999999999989,0.9999999999999994,302000.00000000594,522375.51888536976,0.0003015113445777633,63636.36363636348,-1.0011717677116394e-08,0.000301511,294.669,292.004,302.588,0.0,301511,1,1032,103200000,103200000,103200000,0,294669,1,1032,103200000,103200000,103200000,0,292004,1,1032,103200000,103200000,103200000,0,302588,1,1032,103200000,103200000,103200000,0,0,1,1032,103200000,103200000,103200000,0,0.0,1.0,1.0,0.0,1.0,1.0,0.0,1.0,1.0,1032,103500000,False,1.0,0.0,300.0,500.0,600000000000.0,100000000000.0,,1033
1,near_tick_before,thermal_loop,1038,controller_tick,103300000,103.3,1,0,103300000,1033,103300000,TRIPPED,stale_input,0,0,62,1,0,reconstructed_from_retained_wire,True,,,302.563928921267,294.65751032079714,291.9951423973804,0.9999999999999989,0.9999999999999994,302000.00000000594,522817.98876304337,0.0003015113445777633,63636.36363636348,-1.0069925338029861e-08,0.000301511,294.658,291.995,302.564,0.0,301511,1,1033,103300000,103300000,103300000,0,294658,1,1033,103300000,103300000,103300000,0,291995,1,1033,103300000,103300000,103300000,0,302564,1,1033,103300000,103300000,103300000,0,0,1,1033,103300000,103300000,103300000,0,0.0,1.0,1.0,0.0,1.0,1.0,0.0,1.0,1.0,1033,103600000,False,1.0,0.0,300.0,500.0,600000000000.0,100000000000.0,,1034
1,near_tick_before,thermal_loop,1039,controller_tick,103400000,103.4,1,0,103400000,1034,103400000,TRIPPED,stale_input,0,0,62,1,0,reconstructed_from_retained_wire,True,,,302.54022758292706,294.64574901654095,291.98663310747185,0.9999999999999989,0.9999999999999994,302000.00000000594,523260.03314547875,0.0003015113445777633,63636.36363636348,-9.10949893295765e-09,0.000301511,294.646,291.987,302.54,0.0,301511,1,1034,103400000,103400000,103400000,0,294646,1,1034,103400000,103400000,103400000,0,291987,1,1034,103400000,103400000,103400000,0,302540,1,1034,103400000,103400000,103400000,0,0,1,1034,103400000,103400000,103400000,0,0.0,1.0,1.0,0.0,1.0,1.0,0.0,1.0,1.0,1034,103700000,False,1.0,0.0,300.0,500.0,600000000000.0,100000000000.0,,1035
1,near_tick_before,thermal_loop,1040,controller_tick,103500000,103.5,1,0,103500000,1035,103500000,TRIPPED,stale_input,0,0,62,1,0,reconstructed_from_retained_wire,True,,,302.51656202028795,294.6339939071828,291.9781250844414,0.9999999999999989,0.9999999999999994,302000.00000000594,523701.6520949054,0.0003015113445777633,63636.36363636348,-9.633367881178856e-09,0.000301511,294.634,291.978,302.517,0.0,301511,1,1035,103500000,103500000,103500000,0,294634,1,1035,103500000,103500000,103500000,0,291978,1,1035,103500000,103500000,103500000,0,302517,1,1035,103500000,103500000,103500000,0,0,1,1035,103500000,103500000,103500000,0,0.0,1.0,1.0,0.0,1.0,1.0,0.0,1.0,1.0,1035,103800000,False,1.0,0.0,300.0,500.0,600000000000.0,100000000000.0,,1036
1,near_tick_before,thermal_loop,1041,controller_tick,103600000,103.6,1,0,103600000,1036,103600000,TRIPPED,stale_input,0,0,62,1,0,reconstructed_from_retained_wire,True,,,302.4929321447879,294.6222450244603,291.9696183726144,0.9999999999999989,0.9999999999999994,302000.00000000594,524142.8456757764,0.0003015113445777633,63636.36363636348,-9.66247171163559e-09,0.000301511,294.622,291.97,302.493,0.0,301511,1,1036,103600000,103600000,103600000,0,294622,1,1036,103600000,103600000,103600000,0,291970,1,1036,103600000,103600000,103600000,0,302493,1,1036,103600000,103600000,103600000,0,0,1,1036,103600000,103600000,103600000,0,0.0,1.0,1.0,0.0,1.0,1.0,0.0,1.0,1.0,1036,103900000,False,1.0,0.0,300.0,500.0,600000000000.0,100000000000.0,,1037
1,near_tick_before,thermal_loop,1042,controller_tick,103700000,103.7,1,0,103700000,1037,103700000,TRIPPED,stale_input,0,0,62,1,0,reconstructed_from_retained_wire,True,,,302.4693378682252,294.6105023998695,291.9611130160138,0.9999999999999989,0.9999999999999994,302000.00000000594,524583.6139547541,0.0003015113445777633,63636.36363636348,-9.284121915698051e-09,0.000301511,294.611,291.961,302.469,0.0,301511,1,1037,103700000,103700000,103700000,0,294611,1,1037,103700000,103700000,103700000,0,291961,1,1037,103700000,103700000,103700000,0,302469,1,1037,103700000,103700000,103700000,0,0,1,1037,103700000,103700000,103700000,0,0.0,1.0,1.0,0.0,1.0,1.0,0.0,1.0,1.0,1037,104000000,False,1.0,0.0,300.0,500.0,600000000000.0,100000000000.0,,1038
1,near_tick_before,thermal_loop,1043,controller_tick,103800000,103.8,1,0,103800000,1038,103800000,TRIPPED,stale_input,0,0,62,1,0,reconstructed_from_retained_wire,True,,,302.44577910275615,294.59876606466645,291.95260905836216,0.9999999999999989,0.9999999999999994,302000.00000000594,525023.9570006939,0.0003015113445777633,63636.36363636348,-9.371433407068253e-09,0.000301511,294.599,291.953,302.446,0.0,301511,1,1038,103800000,103800000,103800000,0,294599,1,1038,103800000,103800000,103800000,0,291953,1,1038,103800000,103800000,103800000,0,302446,1,1038,103800000,103800000,103800000,0,0,1,1038,103800000,103800000,103800000,0,0.0,1.0,1.0,0.0,1.0,1.0,0.0,1.0,1.0,1038,104100000,False,1.0,0.0,300.0,500.0,600000000000.0,100000000000.0,,1039
1,near_tick_before,thermal_loop,1044,controller_tick,103900000,103.9,1,0,103900000,1039,103900000,TRIPPED,stale_input,0,0,62,1,0,reconstructed_from_retained_wire,True,,,302.4222557608935,294.5870360498684,291.9441065430832,0.9999999999999989,0.9999999999999994,302000.00000000594,525463.8748846301,0.0003015113445777633,63636.36363636348,-9.487848728895187e-09,0.000301511,294.587,291.944,302.422,0.0,301511,1,1039,103900000,103900000,103900000,0,294587,1,1039,103900000,103900000,103900000,0,291944,1,1039,103900000,103900000,103900000,0,302422,1,1039,103900000,103900000,103900000,0,0,1,1039,103900000,103900000,103900000,0,0.0,1.0,1.0,0.0,1.0,1.0,0.0,1.0,1.0,1039,104200000,False,1.0,0.0,300.0,500.0,600000000000.0,100000000000.0,,1040
1,near_tick_before,thermal_loop,1045,controller_tick,104000000,104.0,1,0,104000000,1040,104000000,TRIPPED,stale_input,0,0,62,1,0,reconstructed_from_retained_wire,True,,,302.3987677555047,294.575312386255,291.9356055133037,0.9999999999999989,0.9999999999999994,302000.00000000594,525903.3676797608,0.0003015113445777633,63636.36363636348,-9.604264050722122e-09,0.000301511,294.575,291.936,302.399,0.0,301511,1,1040,104000000,104000000,104000000,0,294575,1,1040,104000000,104000000,104000000,0,291936,1,1040,104000000,104000000,104000000,0,302399,1,1040,104000000,104000000,104000000,0,0,1,1040,104000000,104000000,104000000,0,0.0,1.0,1.0,0.0,1.0,1.0,0.0,1.0,1.0,1040,104300000,False,1.0,0.0,300.0,500.0,600000000000.0,100000000000.0,,1041
1,near_tick_before,thermal_loop,1046,controller_tick,104100000,104.1,1,0,104100000,1041,104100000,TRIPPED,stale_input,0,0,62,1,0,reconstructed_from_retained_wire,True,,,302.37531499981003,294.5635951043695,291.9271060118553,0.9999999999999989,0.9999999999999994,302000.00000000594,526342.4354614329,0.0003015113445777633,63636.36363636348,-1.0186340659856796e-08,0.000301511,294.564,291.927,302.375,0.0,301511,1,1041,104100000,104100000,104100000,0,294564,1,1041,104100000,104100000,104100000,0,291927,1,1041,104100000,104100000,104100000,0,302375,1,1041,104100000,104100000,104100000,0,0,1,1041,104100000,104100000,104100000,0,0.0,1.0,1.0,0.0,1.0,1.0,0.0,1.0,1.0,1041,104400000,False,1.0,0.0,300.0,500.0,600000000000.0,100000000000.0,,1042
1,near_tick_before,thermal_loop,1047,controller_tick,104200000,104.2,1,0,104200000,1042,104200000,TRIPPED,stale_input,0,0,62,1,0,reconstructed_from_retained_wire,True,,,302.3518974073808,294.55188423451995,291.9186080812763,0.9999999999999989,0.9999999999999994,302000.00000000594,526781.0783071277,0.0003015113445777633,63636.36363636348,-1.0069925338029861e-08,0.000301511,294.552,291.919,302.352,0.0,301511,1,1042,104200000,104200000,104200000,0,294552,1,1042,104200000,104200000,104200000,0,291919,1,1042,104200000,104200000,104200000,0,302352,1,1042,104200000,104200000,104200000,0,0,1,1042,104200000,104200000,104200000,0,0.0,1.0,1.0,0.0,1.0,1.0,0.0,1.0,1.0,1042,104500000,False,1.0,0.0,300.0,500.0,600000000000.0,100000000000.0,,1043
1,near_tick_before,thermal_loop,1048,controller_tick,104300000,104.3,1,0,104300000,1043,104300000,TRIPPED,stale_input,0,0,62,1,0,reconstructed_from_retained_wire,True,,,302.3285148921378,294.54017980678054,291.91011176381323,0.9999999999999989,0.9999999999999994,302000.00000000594,527219.2962964459,0.0003015113445777633,63636.36363636348,-1.0797521099448204e-08,0.000301511,294.54,291.91,302.329,0.0,301511,1,1043,104300000,104300000,104300000,0,294540,1,1043,104300000,104300000,104300000,0,291910,1,1043,104300000,104300000,104300000,0,302329,1,1043,104300000,104300000,104300000,0,0,1,1043,104300000,104300000,104300000,0,0.0,1.0,1.0,0.0,1.0,1.0,0.0,1.0,1.0,1043,104600000,False,1.0,0.0,300.0,500.0,600000000000.0,100000000000.0,,1044
1,near_tick_before,thermal_loop,1049,controller_tick,104400000,104.4,1,0,104400000,1044,104400000,TRIPPED,stale_input,0,0,62,1,0,reconstructed_from_retained_wire,True,,,302.30516736834915,294.52848185099276,291.9016171014228,0.9999999999999989,0.9999999999999994,302000.00000000594,527657.0895110937,0.0003015113445777633,63636.36363636348,-1.1175870895385742e-08,0.000301511,294.528,291.902,302.305,0.0,301511,1,1044,104400000,104400000,104400000,0,294528,1,1044,104400000,104400000,104400000,0,291902,1,1044,104400000,104400000,104400000,0,302305,1,1044,104400000,104400000,104400000,0,0,1,1044,104400000,104400000,104400000,0,0.0,1.0,1.0,0.0,1.0,1.0,0.0,1.0,1.0,1044,104700000,False,1.0,0.0,300.0,500.0,600000000000.0,100000000000.0,,1045
1,near_tick_before,thermal_loop,1050,controller_tick,104500000,104.5,1,0,104500000,1045,104500000,TRIPPED,stale_input,0,0,62,1,0,reconstructed_from_retained_wire,True,,,302.2818547506291,294.5167903967666,291.89312413577346,0.9999999999999989,0.9999999999999994,302000.00000000594,528094.4580348673,0.0003015113445777633,63636.36363636348,-1.1030351743102074e-08,0.000301511,294.517,291.893,302.282,0.0,301511,1,1045,104500000,104500000,104500000,0,294517,1,1045,104500000,104500000,104500000,0,291893,1,1045,104500000,104500000,104500000,0,302282,1,1045,104500000,104500000,104500000,0,0,1,1045,104500000,104500000,104500000,0,0.0,1.0,1.0,0.0,1.0,1.0,0.0,1.0,1.0,1045,104800000,False,1.0,0.0,300.0,500.0,600000000000.0,100000000000.0,,1046
1,near_tick_before,thermal_loop,1051,controller_tick,104600000,104.6,1,0,104600000,1046,104600000,TRIPPED,stale_input,0,0,62,1,0,reconstructed_from_retained_wire,True,,,302.2585769539359,294.5051054734818,291.88463290824717,0.9999999999999989,0.9999999999999994,302000.00000000594,528531.4019536397,0.0003015113445777633,63636.36363636348,-1.1350493878126144e-08,0.000301511,294.505,291.885,302.259,0.0,301511,1,1046,104600000,104600000,104600000,0,294505,1,1046,104600000,104600000,104600000,0,291885,1,1046,104600000,104600000,104600000,0,302259,1,1046,104600000,104600000,104600000,0,0,1,1046,104600000,104600000,104600000,0,0.0,1.0,1.0,0.0,1.0,1.0,0.0,1.0,1.0,1046,104900000,False,1.0,0.0,300.0,500.0,600000000000.0,100000000000.0,,1047
1,near_tick_before,thermal_loop,1052,controller_tick,104700000,104.7,1,0,104700000,1047,104700000,TRIPPED,stale_input,0,0,62,1,0,reconstructed_from_retained_wire,True,,,302.2353338935702,294.493427110289,291.8761434599412,0.9999999999999989,0.9999999999999994,302000.00000000594,528967.9213553458,0.0003015113445777633,63636.36363636348,-1.0943040251731873e-08,0.000301511,294.493,291.876,302.235,0.0,301511,1,1047,104700000,104700000,104700000,0,294493,1,1047,104700000,104700000,104700000,0,291876,1,1047,104700000,104700000,104700000,0,302235,1,1047,104700000,104700000,104700000,0,0,1,1047,104700000,104700000,104700000,0,0.0,1.0,1.0,0.0,1.0,1.0,0.0,1.0,1.0,1047,105000000,False,1.0,0.0,300.0,500.0,600000000000.0,100000000000.0,,1048
1,near_tick_before,thermal_loop,1053,controller_tick,104800000,104.8,1,0,104800000,1048,104800000,TRIPPED,stale_input,0,0,62,1,0,reconstructed_from_retained_wire,True,,,302.2121254851733,294.48175533611106,291.86765583166965,0.9999999999999989,0.9999999999999994,302000.00000000594,529404.0163299679,0.0003015113445777633,63636.36363636348,-1.0739313438534737e-08,0.000301511,294.482,291.868,302.212,0.0,301511,1,1048,104800000,104800000,104800000,0,294482,1,1048,104800000,104800000,104800000,0,291868,1,1048,104800000,104800000,104800000,0,302212,1,1048,104800000,104800000,104800000,0,0,1,1048,104800000,104800000,104800000,0,0.0,1.0,1.0,0.0,1.0,1.0,0.0,1.0,1.0,1048,105100000,False,1.0,0.0,300.0,500.0,600000000000.0,100000000000.0,,1049
1,near_tick_before,thermal_loop,1054,controller_tick,104900000,104.9,1,0,104900000,1049,104900000,TRIPPED,stale_input,0,0,62,1,0,reconstructed_from_retained_wire,True,,,302.1889516447256,294.4700901796441,291.8591700639652,0.9999999999999989,0.9999999999999994,302000.00000000594,529839.6869695223,0.0003015113445777633,63636.36363636348,-1.0943040251731873e-08,0.000301511,294.47,291.859,302.189,0.0,301511,1,1049,104900000,104900000,104900000,0,294470,1,1049,104900000,104900000,104900000,0,291859,1,1049,104900000,104900000,104900000,0,302189,1,1049,104900000,104900000,104900000,0,0,1,1049,104900000,104900000,104900000,0,0.0,1.0,1.0,0.0,1.0,1.0,0.0,1.0,1.0,1049,105200000,False,1.0,0.0,300.0,500.0,600000000000.0,100000000000.0,,1050
1,near_tick_before,thermal_loop,1055,controller_tick,105000000,105.0,1,0,105000000,1050,105000000,TRIPPED,stale_input,0,0,62,1,0,reconstructed_from_retained_wire,True,,,302.1658122885447,294.45843166935884,291.8506861970809,0.9999999999999989,0.9999999999999994,302000.00000000594,530274.9333680448,0.0003015113445777633,63636.36363636348,-1.132139004766941e-08,0.000301511,294.458,291.851,302.166,0.0,301511,1,1050,105000000,105000000,105000000,0,294458,1,1050,105000000,105000000,105000000,0,291851,1,1050,105000000,105000000,105000000,0,302166,1,1050,105000000,105000000,105000000,0,0,1,1050,105000000,105000000,105000000,0,0.0,1.0,1.0,0.0,1.0,1.0,0.0,1.0,1.0,1050,105300000,False,1.0,0.0,300.0,500.0,600000000000.0,100000000000.0,,1051
1,near_tick_before,thermal_loop,1056,controller_tick,105100000,105.1,1,0,105100000,1051,105100000,TRIPPED,stale_input,0,0,62,1,0,reconstructed_from_retained_wire,True,,,302.14270733328397,294.44677983350186,291.84220427099154,0.9999999999999989,0.9999999999999994,302000.00000000594,530709.755621577,0.0003015113445777633,63636.36363636348,-1.146690919995308e-08,0.000301511,294.447,291.842,302.143,0.0,301511,1,1051,105100000,105100000,105100000,0,294447,1,1051,105100000,105100000,105100000,0,291842,1,1051,105100000,105100000,105100000,0,302143,1,1051,105100000,105100000,105100000,0,0,1,1051,105100000,105100000,105100000,0,0.0,1.0,1.0,0.0,1.0,1.0,0.0,1.0,1.0,1051,105400000,False,1.0,0.0,300.0,500.0,600000000000.0,100000000000.0,,1052
1,near_tick_before,thermal_loop,1057,controller_tick,105200000,105.2,1,0,105200000,1052,105200000,TRIPPED,stale_input,0,0,62,1,0,reconstructed_from_retained_wire,True,,,302.1196366959305,294.4351347000965,291.8337243253956,0.9999999999999989,0.9999999999999994,302000.00000000594,531144.1538281522,0.0003015113445777633,63636.36363636348,-1.2310920283198357e-08,0.000301511,294.435,291.834,302.12,0.0,301511,1,1052,105200000,105200000,105200000,0,294435,1,1052,105200000,105200000,105200000,0,291834,1,1052,105200000,105200000,105200000,0,302120,1,1052,105200000,105200000,105200000,0,0,1,1052,105200000,105200000,105200000,0,0.0,1.0,1.0,0.0,1.0,1.0,0.0,1.0,1.0,1052,105500000,False,1.0,0.0,300.0,500.0,600000000000.0,100000000000.0,,1053
1,near_tick_before,thermal_loop,1058,controller_tick,105300000,105.3,1,0,105300000,1053,105300000,TRIPPED,stale_input,0,0,62,1,0,reconstructed_from_retained_wire,True,,,302.09660029380393,294.4234962969445,291.8252463997168,0.9999999999999989,0.9999999999999994,302000.00000000594,531578.1280877818,0.0003015113445777633,63636.36363636348,-1.2136297300457954e-08,0.000301511,294.423,291.825,302.097,0.0,301511,1,1053,105300000,105300000,105300000,0,294423,1,1053,105300000,105300000,105300000,0,291825,1,1053,105300000,105300000,105300000,0,302097,1,1053,105300000,105300000,105300000,0,0,1,1053,105300000,105300000,105300000,0,0.0,1.0,1.0,0.0,1.0,1.0,0.0,1.0,1.0,1053,105600000,False,1.0,0.0,300.0,500.0,600000000000.0,100000000000.0,,1054
1,near_tick_before,thermal_loop,1059,controller_tick,105400000,105.4,1,0,105400000,1054,105400000,TRIPPED,stale_input,0,0,62,1,0,reconstructed_from_retained_wire,True,,,302.07359804455433,294.4118646516267,291.8167705331054,0.9999999999999989,0.9999999999999994,302000.00000000594,532011.6785024417,0.0003015113445777633,63636.36363636348,-1.1990778148174286e-08,0.000301511,294.412,291.817,302.074,0.0,301511,1,1054,105400000,105400000,105400000,0,294412,1,1054,105400000,105400000,105400000,0,291817,1,1054,105400000,105400000,105400000,0,302074,1,1054,105400000,105400000,105400000,0,0,1,1054,105400000,105400000,105400000,0,0.0,1.0,1.0,0.0,1.0,1.0,0.0,1.0,1.0,1054,105700000,False,1.0,0.0,300.0,500.0,600000000000.0,100000000000.0,,1055
1,near_tick_before,thermal_loop,1060,controller_tick,105500000,105.5,1,0,105500000,1055,105500000,TRIPPED,stale_input,0,0,62,1,0,reconstructed_from_retained_wire,True,,,302.0506298661607,294.4002397915045,291.80829676444034,0.9999999999999989,0.9999999999999994,302000.00000000594,532444.8051760583,0.0003015113445777633,63636.36363636348,-1.30385160446167e-08,0.000301511,294.4,291.808,302.051,0.0,301511,1,1055,105500000,105500000,105500000,0,294400,1,1055,105500000,105500000,105500000,0,291808,1,1055,105500000,105500000,105500000,0,302051,1,1055,105500000,105500000,105500000,0,0,1,1055,105500000,105500000,105500000,0,0.0,1.0,1.0,0.0,1.0,1.0,0.0,1.0,1.0,1055,105800000,False,1.0,0.0,300.0,500.0,600000000000.0,100000000000.0,,1056
1,near_tick_before,thermal_loop,1061,controller_tick,105600000,105.6,1,0,105600000,1056,105600000,TRIPPED,stale_input,0,0,62,1,0,reconstructed_from_retained_wire,True,,,302.02769567692957,294.38862174372116,291.79982513233057,0.9999999999999989,0.9999999999999994,302000.00000000594,532877.5082144953,0.0003015113445777633,63636.36363636348,-1.257285475730896e-08,0.000301511,294.389,291.8,302.028,0.0,301511,1,1056,105600000,105600000,105600000,0,294389,1,1056,105600000,105600000,105600000,0,291800,1,1056,105600000,105600000,105600000,0,302028,1,1056,105600000,105600000,105600000,0,0,1,1056,105600000,105600000,105600000,0,0.0,1.0,1.0,0.0,1.0,1.0,0.0,1.0,1.0,1056,105900000,False,1.0,0.0,300.0,500.0,600000000000.0,100000000000.0,,1057
1,near_tick_before,thermal_loop,1062,controller_tick,105700000,105.7,1,0,105700000,1057,105700000,TRIPPED,stale_input,0,0,62,1,0,reconstructed_from_retained_wire,True,,,302.004795395493,294.3770105352027,291.7913556751165,0.9999999999999989,0.9999999999999994,302000.00000000594,533309.7877255399,0.0003015113445777633,63636.36363636348,-1.2369127944111824e-08,0.000301511,294.377,291.791,302.005,0.0,301511,1,1057,105700000,105700000,105700000,0,294377,1,1057,105700000,105700000,105700000,0,291791,1,1057,105700000,105700000,105700000,0,302005,1,1057,105700000,105700000,105700000,0,0,1,1057,105700000,105700000,105700000,0,0.0,1.0,1.0,0.0,1.0,1.0,0.0,1.0,1.0,1057,106000000,False,1.0,0.0,300.0,500.0,600000000000.0,100000000000.0,,1058
1,near_tick_before,thermal_loop,1063,controller_tick,105800000,105.8,1,0,105800000,1058,105800000,TRIPPED,stale_input,0,0,62,1,0,reconstructed_from_retained_wire,True,,,301.9819289408071,294.3654061926592,291.78288843087194,0.9999999999999989,0.9999999999999994,302000.00000000594,533741.6438188899,0.0003015113445777633,63636.36363636348,-1.1990778148174286e-08,0.000301511,294.365,291.783,301.982,0.0,301511,1,1058,105800000,105800000,105800000,0,294365,1,1058,105800000,105800000,105800000,0,291783,1,1058,105800000,105800000,105800000,0,301982,1,1058,105800000,105800000,105800000,0,0,1,1058,105800000,105800000,105800000,0,0.0,1.0,1.0,0.0,1.0,1.0,0.0,1.0,1.0,1058,106100000,False,1.0,0.0,300.0,500.0,600000000000.0,100000000000.0,,1059
1,near_tick_before,thermal_loop,1064,controller_tick,105900000,105.9,1,0,105900000,1059,105900000,TRIPPED,stale_input,0,0,62,1,0,reconstructed_from_retained_wire,True,,,301.95909623215056,294.3538087425859,291.77442343740523,0.9999999999999989,0.9999999999999994,302000.00000000594,534173.0766061401,0.0003015113445777633,63636.36363636348,-1.2310920283198357e-08,0.000301511,294.354,291.774,301.959,0.0,301511,1,1059,105900000,105900000,105900000,0,294354,1,1059,105900000,105900000,105900000,0,291774,1,1059,105900000,105900000,105900000,0,301959,1,1059,105900000,105900000,105900000,0,0,1,1059,105900000,105900000,105900000,0,0.0,1.0,1.0,0.0,1.0,1.0,0.0,1.0,1.0,1059,106200000,False,1.0,0.0,300.0,500.0,600000000000.0,100000000000.0,,1060
1,near_tick_before,thermal_loop,1065,controller_tick,106000000,106.0,1,0,106000000,1060,106000000,TRIPPED,stale_input,0,0,62,1,0,reconstructed_from_retained_wire,True,,,301.93629718912285,294.34221821126454,291.7659607322613,0.9999999999999989,0.9999999999999994,302000.00000000594,534604.0862007693,0.0003015113445777633,63636.36363636348,-1.1583324521780014e-08,0.000301511,294.342,291.766,301.936,0.0,301511,1,1060,106000000,106000000,106000000,0,294342,1,1060,106000000,106000000,106000000,0,291766,1,1060,106000000,106000000,106000000,0,301936,1,1060,106000000,106000000,106000000,0,0,1,1060,106000000,106000000,106000000,0,0.0,1.0,1.0,0.0,1.0,1.0,0.0,1.0,1.0,1060,106300000,False,1.0,0.0,300.0,500.0,600000000000.0,100000000000.0,,1061
1,near_tick_before,thermal_loop,1066,controller_tick,106100000,106.1,1,0,106100000,1061,106100000,TRIPPED,stale_input,0,0,62,1,0,reconstructed_from_retained_wire,True,,,301.9135317316427,294.33063462476434,291.75750035272273,0.9999999999999989,0.9999999999999994,302000.00000000594,535034.6727181266,0.0003015113445777633,63636.36363636348,-1.1175870895385742e-08,0.000301511,294.331,291.758,301.914,0.0,301511,1,1061,106100000,106100000,106100000,0,294331,1,1061,106100000,106100000,106100000,0,291758,1,1061,106100000,106100000,106100000,0,301914,1,1061,106100000,106100000,106100000,0,0,1,1061,106100000,106100000,106100000,0,0.0,1.0,1.0,0.0,1.0,1.0,0.0,1.0,1.0,1061,106400000,False,1.0,0.0,300.0,500.0,600000000000.0,100000000000.0,,1062
1,near_tick_before,thermal_loop,1067,controller_tick,106200000,106.2,1,0,106200000,1062,106200000,TRIPPED,stale_input,0,0,62,1,0,reconstructed_from_retained_wire,True,,,301.89079977994646,294.3190580089432,291.7490423358116,0.9999999999999989,0.9999999999999994,302000.00000000594,535464.8362754189,0.0003015113445777633,63636.36363636348,-1.1175870895385742e-08,0.000301511,294.319,291.749,301.891,0.0,301511,1,1062,106200000,106200000,106200000,0,294319,1,1062,106200000,106200000,106200000,0,291749,1,1062,106200000,106200000,106200000,0,301891,1,1062,106200000,106200000,106200000,0,0,1,1062,106200000,106200000,106200000,0,0.0,1.0,1.0,0.0,1.0,1.0,0.0,1.0,1.0,1062,106500000,False,1.0,0.0,300.0,500.0,600000000000.0,100000000000.0,,1063
1,near_tick_before,thermal_loop,1068,controller_tick,106300000,106.3,1,0,106300000,1063,106300000,TRIPPED,stale_input,0,0,62,1,0,reconstructed_from_retained_wire,True,,,301.86810125458663,294.307488389449,291.74058671829096,0.9999999999999989,0.9999999999999994,302000.00000000594,535894.5769916977,0.0003015113445777633,63636.36363636348,-1.132139004766941e-08,0.000301511,294.307,291.741,301.868,0.0,301511,1,1063,106300000,106300000,106300000,0,294307,1,1063,106300000,106300000,106300000,0,291741,1,1063,106300000,106300000,106300000,0,301868,1,1063,106300000,106300000,106300000,0,0,1,1063,106300000,106300000,106300000,0,0.0,1.0,1.0,0.0,1.0,1.0,0.0,1.0,1.0,1063,106600000,False,1.0,0.0,300.0,500.0,600000000000.0,100000000000.0,,1064
1,near_tick_before,thermal_loop,1069,controller_tick,106400000,106.4,1,0,106400000,1064,106400000,TRIPPED,stale_input,0,0,62,1,0,reconstructed_from_retained_wire,True,,,301.8454360764302,294.2959257917205,291.73213353666625,0.9999999999999989,0.9999999999999994,302000.00000000594,536323.8949878463,0.0003015113445777633,63636.36363636348,-1.1437805369496346e-08,0.000301511,294.296,291.732,301.845,0.0,301511,1,1064,106400000,106400000,106400000,0,294296,1,1064,106400000,106400000,106400000,0,291732,1,1064,106400000,106400000,106400000,0,301845,1,1064,106400000,106400000,106400000,0,0,1,1064,106400000,106400000,106400000,0,0.0,1.0,1.0,0.0,1.0,1.0,0.0,1.0,1.0,1064,106700000,False,1.0,0.0,300.0,500.0,600000000000.0,100000000000.0,,1065
1,near_tick_before,thermal_loop,1070,controller_tick,106500000,106.5,1,0,106500000,1065,106500000,TRIPPED,stale_input,0,0,62,1,0,reconstructed_from_retained_wire,True,,,301.822804166657,294.28437024098866,291.72368282718696,0.9999999999999989,0.9999999999999994,302000.00000000594,536752.7903865668,0.0003015113445777633,63636.36363636348,-1.0943040251731873e-08,0.000301511,294.284,291.724,301.823,0.0,301511,1,1065,106500000,106500000,106500000,0,294284,1,1065,106500000,106500000,106500000,0,291724,1,1065,106500000,106500000,106500000,0,301823,1,1065,106500000,106500000,106500000,0,0,1,1065,106500000,106500000,106500000,0,0.0,1.0,1.0,0.0,1.0,1.0,0.0,1.0,1.0,1065,106800000,False,1.0,0.0,300.0,500.0,600000000000.0,100000000000.0,,1066
1,near_tick_before,thermal_loop,1071,controller_tick,106600000,106.6,1,0,106600000,1066,106600000,TRIPPED,stale_input,0,0,62,1,0,reconstructed_from_retained_wire,True,,,301.80020544675835,294.2728217622777,291.71523462584804,0.9999999999999989,0.9999999999999994,302000.00000000594,537181.2633123674,0.0003015113445777633,63636.36363636348,-1.068110577762127e-08,0.000301511,294.273,291.715,301.8,0.0,301511,1,1066,106600000,106600000,106600000,0,294273,1,1066,106600000,106600000,106600000,0,291715,1,1066,106600000,106600000,106600000,0,301800,1,1066,106600000,106600000,106600000,0,0,1,1066,106600000,106600000,106600000,0,0.0,1.0,1.0,0.0,1.0,1.0,0.0,1.0,1.0,1066,106900000,False,1.0,0.0,300.0,500.0,600000000000.0,100000000000.0,,1067
1,near_tick_before,thermal_loop,1072,controller_tick,106700000,106.7,1,0,106700000,1067,106700000,TRIPPED,stale_input,0,0,62,1,0,reconstructed_from_retained_wire,True,,,301.7776398385353,294.2612803804063,291.7067889683914,0.9999999999999989,0.9999999999999994,302000.00000000594,537609.3138915497,0.0003015113445777633,63636.36363636348,-1.0419171303510666e-08,0.000301511,294.261,291.707,301.778,0.0,301511,1,1067,106700000,106700000,106700000,0,294261,1,1067,106700000,106700000,106700000,0,291707,1,1067,106700000,106700000,106700000,0,301778,1,1067,106700000,106700000,106700000,0,0,1,1067,106700000,106700000,106700000,0,0.0,1.0,1.0,0.0,1.0,1.0,0.0,1.0,1.0,1067,107000000,False,1.0,0.0,300.0,500.0,600000000000.0,100000000000.0,,1068
1,near_tick_before,thermal_loop,1073,controller_tick,106800000,106.8,1,0,106800000,1068,106800000,TRIPPED,stale_input,0,0,62,1,0,reconstructed_from_retained_wire,True,,,301.75510726409726,294.24974611998863,291.6983458903073,0.9999999999999989,0.9999999999999994,302000.00000000594,538036.9422521961,0.0003015113445777633,63636.36363636348,-1.0739313438534737e-08,0.000301511,294.25,291.698,301.755,0.0,301511,1,1068,106800000,106800000,106800000,0,294250,1,1068,106800000,106800000,106800000,0,291698,1,1068,106800000,106800000,106800000,0,301755,1,1068,106800000,106800000,106800000,0,0,1,1068,106800000,106800000,106800000,0,0.0,1.0,1.0,0.0,1.0,1.0,0.0,1.0,1.0,1068,107100000,False,1.0,0.0,300.0,500.0,600000000000.0,100000000000.0,,1069
1,near_tick_before,thermal_loop,1074,controller_tick,106900000,106.9,1,0,106900000,1069,106900000,TRIPPED,stale_input,0,0,62,1,0,reconstructed_from_retained_wire,True,,,301.7326076458603,294.2382190054357,291.68990542683605,0.9999999999999989,0.9999999999999994,302000.00000000594,538464.1485241574,0.0003015113445777633,63636.36363636348,-1.0652001947164536e-08,0.000301511,294.238,291.69,301.733,0.0,301511,1,1069,106900000,106900000,106900000,0,294238,1,1069,106900000,106900000,106900000,0,291690,1,1069,106900000,106900000,106900000,0,301733,1,1069,106900000,106900000,106900000,0,0,1,1069,106900000,106900000,106900000,0,0.0,1.0,1.0,0.0,1.0,1.0,0.0,1.0,1.0,1069,107200000,False,1.0,0.0,300.0,500.0,600000000000.0,100000000000.0,,1070
1,near_tick_before,thermal_loop,1075,controller_tick,107000000,107.0,1,0,107000000,1070,107000000,TRIPPED,stale_input,0,0,62,1,0,reconstructed_from_retained_wire,True,,,301.71014090654586,294.2266990609562,291.68146761296924,0.9999999999999989,0.9999999999999994,302000.00000000594,538890.93283904,0.0003015113445777633,63636.36363636348,-1.0972144082188606e-08,0.000301511,294.227,291.681,301.71,0.0,301511,1,1070,107000000,107000000,107000000,0,294227,1,1070,107000000,107000000,107000000,0,291681,1,1070,107000000,107000000,107000000,0,301710,1,1070,107000000,107000000,107000000,0,0,1,1070,107000000,107000000,107000000,0,0.0,1.0,1.0,0.0,1.0,1.0,0.0,1.0,1.0,1070,107300000,False,1.0,0.0,300.0,500.0,600000000000.0,100000000000.0,,1071
1,near_tick_before,thermal_loop,1076,controller_tick,107100000,107.1,1,0,107100000,1071,107100000,TRIPPED,stale_input,0,0,62,1,0,reconstructed_from_retained_wire,True,,,301.687706969179,294.21518631055784,291.6730324834514,0.9999999999999989,0.9999999999999994,302000.00000000594,539317.2953301936,0.0003015113445777633,63636.36363636348,-1.0506482794880867e-08,0.000301511,294.215,291.673,301.688,0.0,301511,1,1071,107100000,107100000,107100000,0,294215,1,1071,107100000,107100000,107100000,0,291673,1,1071,107100000,107100000,107100000,0,301688,1,1071,107100000,107100000,107100000,0,0,1,1071,107100000,107100000,107100000,0,0.0,1.0,1.0,0.0,1.0,1.0,0.0,1.0,1.0,1071,107400000,False,1.0,0.0,300.0,500.0,600000000000.0,100000000000.0,,1072
1,near_tick_before,thermal_loop,1077,controller_tick,107200000,107.2,1,0,107200000,1072,107200000,TRIPPED,stale_input,0,0,62,1,0,reconstructed_from_retained_wire,True,,,301.66530575708686,294.20368077804824,291.66460007278124,0.9999999999999989,0.9999999999999994,302000.00000000594,539743.2361326993,0.0003015113445777633,63636.36363636348,-9.866198524832726e-09,0.000301511,294.204,291.665,301.665,0.0,301511,1,1072,107200000,107200000,107200000,0,294204,1,1072,107200000,107200000,107200000,0,291665,1,1072,107200000,107200000,107200000,0,301665,1,1072,107200000,107200000,107200000,0,0,1,1072,107200000,107200000,107200000,0,0.0,1.0,1.0,0.0,1.0,1.0,0.0,1.0,1.0,1072,107500000,False,1.0,0.0,300.0,500.0,600000000000.0,100000000000.0,,1073
1,near_tick_before,thermal_loop,1078,controller_tick,107300000,107.3,1,0,107300000,1073,107300000,TRIPPED,stale_input,0,0,62,1,0,reconstructed_from_retained_wire,True,,,301.6429371938974,294.19218248703623,291.65617041521324,0.9999999999999989,0.9999999999999994,302000.00000000594,540168.7553833568,0.0003015113445777633,63636.36363636348,-9.866198524832726e-09,0.000301511,294.192,291.656,301.643,0.0,301511,1,1073,107300000,107300000,107300000,0,294192,1,1073,107300000,107300000,107300000,0,291656,1,1073,107300000,107300000,107300000,0,301643,1,1073,107300000,107300000,107300000,0,0,1,1073,107300000,107300000,107300000,0,0.0,1.0,1.0,0.0,1.0,1.0,0.0,1.0,1.0,1073,107600000,False,1.0,0.0,300.0,500.0,600000000000.0,100000000000.0,,1074
1,near_tick_before,thermal_loop,1079,controller_tick,107400000,107.4,1,0,107400000,1074,107400000,TRIPPED,stale_input,0,0,62,1,0,reconstructed_from_retained_wire,True,,,301.6206012035378,294.18069146093296,291.64774354475895,0.9999999999999989,0.9999999999999994,302000.00000000594,540593.8532206726,0.0003015113445777633,63636.36363636348,-1.0593794286251068e-08,0.000301511,294.181,291.648,301.621,0.0,301511,1,1074,107400000,107400000,107400000,0,294181,1,1074,107400000,107400000,107400000,0,291648,1,1074,107400000,107400000,107400000,0,301621,1,1074,107400000,107400000,107400000,0,0,1,1074,107400000,107400000,107400000,0,0.0,1.0,1.0,0.0,1.0,1.0,0.0,1.0,1.0,1074,107700000,False,1.0,0.0,300.0,500.0,600000000000.0,100000000000.0,,1075
1,near_tick_before,thermal_loop,1080,controller_tick,107500000,107.5,1,0,107500000,1075,107500000,TRIPPED,stale_input,0,0,62,1,0,reconstructed_from_retained_wire,True,,,301.5982977102328,294.1692077229529,291.6393194951886,0.9999999999999989,0.9999999999999994,302000.00000000594,541018.5297848475,0.0003015113445777633,63636.36363636348,-1.0826624929904938e-08,0.000301511,294.169,291.639,301.598,0.0,301511,1,1075,107500000,107500000,107500000,0,294169,1,1075,107500000,107500000,107500000,0,291639,1,1075,107500000,107500000,107500000,0,301598,1,1075,107500000,107500000,107500000,0,0,1,1075,107500000,107500000,107500000,0,0.0,1.0,1.0,0.0,1.0,1.0,0.0,1.0,1.0,1075,107800000,False,1.0,0.0,300.0,500.0,600000000000.0,100000000000.0,,1076
1,near_tick_before,thermal_loop,1081,controller_tick,107600000,107.6,1,0,107600000,1076,107600000,TRIPPED,stale_input,0,0,62,1,0,reconstructed_from_retained_wire,True,,,301.57602663850366,294.1577312961149,291.63089830003224,0.9999999999999989,0.9999999999999994,302000.00000000594,541442.7852177651,0.0003015113445777633,63636.36363636348,-1.1146767064929008e-08,0.000301511,294.158,291.631,301.576,0.0,301511,1,1076,107600000,107600000,107600000,0,294158,1,1076,107600000,107600000,107600000,0,291631,1,1076,107600000,107600000,107600000,0,301576,1,1076,107600000,107600000,107600000,0,0,1,1076,107600000,107600000,107600000,0,0.0,1.0,1.0,0.0,1.0,1.0,0.0,1.0,1.0,1076,107900000,False,1.0,0.0,300.0,500.0,600000000000.0,100000000000.0,,1077
1,near_tick_before,thermal_loop,1082,controller_tick,107700000,107.7,1,0,107700000,1077,107700000,TRIPPED,stale_input,0,0,62,1,0,reconstructed_from_retained_wire,True,,,301.5537879131661,294.14626220324345,291.6224799925814,0.9999999999999989,0.9999999999999994,302000.00000000594,541866.6196629793,0.0003015113445777633,63636.36363636348,-1.1146767064929008e-08,0.000301511,294.146,291.622,301.554,0.0,301511,1,1077,107700000,107700000,107700000,0,294146,1,1077,107700000,107700000,107700000,0,291622,1,1077,107700000,107700000,107700000,0,301554,1,1077,107700000,107700000,107700000,0,0,1,1077,107700000,107700000,107700000,0,0.0,1.0,1.0,0.0,1.0,1.0,0.0,1.0,1.0,1077,108000000,False,1.0,0.0,300.0,500.0,600000000000.0,100000000000.0,,1078
1,near_tick_before,thermal_loop,1083,controller_tick,107800000,107.8,1,0,107800000,1078,107800000,TRIPPED,stale_input,0,0,62,1,0,reconstructed_from_retained_wire,True,,,301.5315814593293,294.1348004669697,291.61406460589035,0.9999999999999989,0.9999999999999994,302000.00000000594,542290.0332657027,0.0003015113445777633,63636.36363636348,-1.0564690455794334e-08,0.000301511,294.135,291.614,301.532,0.0,301511,1,1078,107800000,107800000,107800000,0,294135,1,1078,107800000,107800000,107800000,0,291614,1,1078,107800000,107800000,107800000,0,301532,1,1078,107800000,107800000,107800000,0,0,1,1078,107800000,107800000,107800000,0,0.0,1.0,1.0,0.0,1.0,1.0,0.0,1.0,1.0,1078,108100000,False,1.0,0.0,300.0,500.0,600000000000.0,100000000000.0,,1079
1,near_tick_before,thermal_loop,1084,controller_tick,107900000,107.9,1,0,107900000,1079,107900000,TRIPPED,stale_input,0,0,62,1,0,reconstructed_from_retained_wire,True,,,301.50940720239413,294.1233461097324,291.60565217277735,0.9999999999999989,0.9999999999999994,302000.00000000594,542713.0261727946,0.0003015113445777633,63636.36363636348,-1.1088559404015541e-08,0.000301511,294.123,291.606,301.509,0.0,301511,1,1079,107900000,107900000,107900000,0,294123,1,1079,107900000,107900000,107900000,0,291606,1,1079,107900000,107900000,107900000,0,301509,1,1079,107900000,107900000,107900000,0,0,1,1079,107900000,107900000,107900000,0,0.0,1.0,1.0,0.0,1.0,1.0,0.0,1.0,1.0,1079,108200000,False,1.0,0.0,300.0,500.0,600000000000.0,100000000000.0,,1080
1,near_tick_before,thermal_loop,1085,controller_tick,108000000,108.0,1,0,108000000,1080,108000000,TRIPPED,stale_input,0,0,62,1,0,reconstructed_from_retained_wire,True,,,301.487265068052,294.1118991537792,291.59724272582633,0.9999999999999989,0.9999999999999994,302000.00000000594,543135.5985327498,0.0003015113445777633,63636.36363636348,-1.1670636013150215e-08,0.000301511,294.112,291.597,301.487,0.0,301511,1,1080,108000000,108000000,108000000,0,294112,1,1080,108000000,108000000,108000000,0,291597,1,1080,108000000,108000000,108000000,0,301487,1,1080,108000000,108000000,108000000,0,0,1,1080,108000000,108000000,108000000,0,0.0,1.0,1.0,0.0,1.0,1.0,0.0,1.0,1.0,1080,108300000,False,1.0,0.0,300.0,500.0,600000000000.0,100000000000.0,,1081
1,near_tick_before,thermal_loop,1086,controller_tick,108100000,108.1,1,0,108100000,1081,108100000,TRIPPED,stale_input,0,0,62,1,0,reconstructed_from_retained_wire,True,,,301.4651549822833,294.1004596211675,291.5888362973881,0.9999999999999989,0.9999999999999994,302000.00000000594,543557.750495686,0.0003015113445777633,63636.36363636348,-1.1350493878126144e-08,0.000301511,294.1,291.589,301.465,0.0,301511,1,1081,108100000,108100000,108100000,0,294100,1,1081,108100000,108100000,108100000,0,291589,1,1081,108100000,108100000,108100000,0,301465,1,1081,108100000,108100000,108100000,0,0,1,1081,108100000,108100000,108100000,0,0.0,1.0,1.0,0.0,1.0,1.0,0.0,1.0,1.0,1081,108400000,False,1.0,0.0,300.0,500.0,600000000000.0,100000000000.0,,1082
1,near_tick_before,thermal_loop,1087,controller_tick,108200000,108.2,1,0,108200000,1082,108200000,TRIPPED,stale_input,0,0,62,1,0,reconstructed_from_retained_wire,True,,,301.44307687135574,294.08902753376583,291.58043291958165,0.9999999999999989,0.9999999999999994,302000.00000000594,543979.4822133327,0.0003015113445777633,63636.36363636348,-1.1350493878126144e-08,0.000301511,294.089,291.58,301.443,0.0,301511,1,1082,108200000,108200000,108200000,0,294089,1,1082,108200000,108200000,108200000,0,291580,1,1082,108200000,108200000,108200000,0,301443,1,1082,108200000,108200000,108200000,0,0,1,1082,108200000,108200000,108200000,0,0.0,1.0,1.0,0.0,1.0,1.0,0.0,1.0,1.0,1082,108500000,False,1.0,0.0,300.0,500.0,600000000000.0,100000000000.0,,1083
1,near_tick_before,thermal_loop,1088,controller_tick,108300000,108.3,1,0,108300000,1083,108300000,TRIPPED,stale_input,0,0,62,1,0,reconstructed_from_retained_wire,True,,,301.4210306618233,294.0776029132545,291.57203262429556,0.9999999999999989,0.9999999999999994,302000.00000000594,544400.7938390196,0.0003015113445777633,63636.36363636348,-1.1175870895385742e-08,0.000301511,294.078,291.572,301.421,0.0,301511,1,1083,108300000,108300000,108300000,0,294078,1,1083,108300000,108300000,108300000,0,291572,1,1083,108300000,108300000,108300000,0,301421,1,1083,108300000,108300000,108300000,0,0,1,1083,108300000,108300000,108300000,0,0.0,1.0,1.0,0.0,1.0,1.0,0.0,1.0,1.0,1083,108600000,False,1.0,0.0,300.0,500.0,600000000000.0,100000000000.0,,1084
1,near_tick_before,thermal_loop,1089,controller_tick,108400000,108.4,1,0,108400000,1084,108400000,TRIPPED,stale_input,0,0,62,1,0,reconstructed_from_retained_wire,True,,,301.3990162805245,294.06618578112705,291.5636354431893,0.9999999999999989,0.9999999999999994,302000.00000000594,544821.6855276652,0.0003015113445777633,63636.36363636348,-1.155422069132328e-08,0.000301511,294.066,291.564,301.399,0.0,301511,1,1084,108400000,108400000,108400000,0,294066,1,1084,108400000,108400000,108400000,0,291564,1,1084,108400000,108400000,108400000,0,301399,1,1084,108400000,108400000,108400000,0,0,1,1084,108400000,108400000,108400000,0,0.0,1.0,1.0,0.0,1.0,1.0,0.0,1.0,1.0,1084,108700000,False,1.0,0.0,300.0,500.0,600000000000.0,100000000000.0,,1085
1,near_tick_before,thermal_loop,1090,controller_tick,108500000,108.5,1,0,108500000,1085,108500000,TRIPPED,stale_input,0,0,62,1,0,reconstructed_from_retained_wire,True,,,301.3770336545813,294.054776158691,291.5552414076947,0.9999999999999989,0.9999999999999994,302000.00000000594,545242.1574357654,0.0003015113445777633,63636.36363636348,-1.0710209608078003e-08,0.000301511,294.055,291.555,301.377,0.0,301511,1,1085,108500000,108500000,108500000,0,294055,1,1085,108500000,108500000,108500000,0,291555,1,1085,108500000,108500000,108500000,0,301377,1,1085,108500000,108500000,108500000,0,0,1,1085,108500000,108500000,108500000,0,0.0,1.0,1.0,0.0,1.0,1.0,0.0,1.0,1.0,1085,108800000,False,1.0,0.0,300.0,500.0,600000000000.0,100000000000.0,,1086
1,near_tick_before,thermal_loop,1091,controller_tick,108600000,108.6,1,0,108600000,1086,108600000,TRIPPED,stale_input,0,0,62,1,0,reconstructed_from_retained_wire,True,,,301.35508271139724,294.0433740670692,291.54685054901705,0.9999999999999989,0.9999999999999994,302000.00000000594,545662.2097213817,0.0003015113445777633,63636.36363636348,-1.1437805369496346e-08,0.000301511,294.043,291.547,301.355,0.0,301511,1,1086,108600000,108600000,108600000,0,294043,1,1086,108600000,108600000,108600000,0,291547,1,1086,108600000,108600000,108600000,0,301355,1,1086,108600000,108600000,108600000,0,0,1,1086,108600000,108600000,108600000,0,0.0,1.0,1.0,0.0,1.0,1.0,0.0,1.0,1.0,1086,108900000,False,1.0,0.0,300.0,500.0,600000000000.0,100000000000.0,,1087
1,near_tick_before,thermal_loop,1092,controller_tick,108700000,108.7,1,0,108700000,1087,108700000,TRIPPED,stale_input,0,0,62,1,0,reconstructed_from_retained_wire,True,,,301.33316337865665,294.03197952720046,291.53846289813663,0.9999999999999989,0.9999999999999994,302000.00000000594,546081.8425441304,0.0003015113445777633,63636.36363636348,-1.1641532182693481e-08,0.000301511,294.032,291.538,301.333,0.0,301511,1,1087,108700000,108700000,108700000,0,294032,1,1087,108700000,108700000,108700000,0,291538,1,1087,108700000,108700000,108700000,0,301333,1,1087,108700000,108700000,108700000,0,0,1,1087,108700000,108700000,108700000,0,0.0,1.0,1.0,0.0,1.0,1.0,0.0,1.0,1.0,1087,109000000,False,1.0,0.0,300.0,500.0,600000000000.0,100000000000.0,,1088
1,near_tick_before,thermal_loop,1093,controller_tick,108800000,108.8,1,0,108800000,1088,108800000,TRIPPED,stale_input,0,0,62,1,0,reconstructed_from_retained_wire,True,,,301.3112755843227,294.0205925598411,291.53007848580995,0.9999999999999989,0.9999999999999994,302000.00000000594,546501.0560651713,0.0003015113445777633,63636.36363636348,-1.1379597708582878e-08,0.000301511,294.021,291.53,301.311,0.0,301511,1,1088,108800000,108800000,108800000,0,294021,1,1088,108800000,108800000,108800000,0,291530,1,1088,108800000,108800000,108800000,0,301311,1,1088,108800000,108800000,108800000,0,0,1,1088,108800000,108800000,108800000,0,0.0,1.0,1.0,0.0,1.0,1.0,0.0,1.0,1.0,1088,109100000,False,1.0,0.0,300.0,500.0,600000000000.0,100000000000.0,,1089
1,near_tick_before,thermal_loop,1094,controller_tick,108900000,108.9,1,0,108900000,1089,108900000,TRIPPED,stale_input,0,0,62,1,0,reconstructed_from_retained_wire,True,,,301.2894192566362,294.0092131855656,291.5216973425709,0.9999999999999989,0.9999999999999994,302000.00000000594,546919.8504471962,0.0003015113445777633,63636.36363636348,-1.1525116860866547e-08,0.000301511,294.009,291.522,301.289,0.0,301511,1,1089,108900000,108900000,108900000,0,294009,1,1089,108900000,108900000,108900000,0,291522,1,1089,108900000,108900000,108900000,0,301289,1,1089,108900000,108900000,108900000,0,0,1,1089,108900000,108900000,108900000,0,0.0,1.0,1.0,0.0,1.0,1.0,0.0,1.0,1.0,1089,109200000,False,1.0,0.0,300.0,500.0,600000000000.0,100000000000.0,,1090
1,near_tick_before,thermal_loop,1095,controller_tick,109000000,109.0,1,0,109000000,1090,109000000,TRIPPED,stale_input,0,0,62,1,0,reconstructed_from_retained_wire,True,,,301.2675943241146,293.9978414247678,291.5133194987323,0.9999999999999989,0.9999999999999994,302000.00000000594,547338.2258544184,0.0003015113445777633,63636.36363636348,-1.1496013030409813e-08,0.000301511,293.998,291.513,301.268,0.0,301511,1,1090,109000000,109000000,109000000,0,293998,1,1090,109000000,109000000,109000000,0,291513,1,1090,109000000,109000000,109000000,0,301268,1,1090,109000000,109000000,109000000,0,0,1,1090,109000000,109000000,109000000,0,0.0,1.0,1.0,0.0,1.0,1.0,0.0,1.0,1.0,1090,109300000,False,1.0,0.0,300.0,500.0,600000000000.0,100000000000.0,,1091
1,near_tick_before,thermal_loop,1096,controller_tick,109100000,109.1,1,0,109100000,1091,109100000,TRIPPED,stale_input,0,0,62,1,0,reconstructed_from_retained_wire,True,,,301.24580071554993,293.9864772976618,291.504944984387,0.9999999999999989,0.9999999999999994,302000.00000000594,547756.182452561,0.0003015113445777633,63636.36363636348,-1.1728843674063683e-08,0.000301511,293.986,291.505,301.246,0.0,301511,1,1091,109100000,109100000,109100000,0,293986,1,1091,109100000,109100000,109100000,0,291505,1,1091,109100000,109100000,109100000,0,301246,1,1091,109100000,109100000,109100000,0,0,1,1091,109100000,109100000,109100000,0,0.0,1.0,1.0,0.0,1.0,1.0,0.0,1.0,1.0,1091,109400000,False,1.0,0.0,300.0,500.0,600000000000.0,100000000000.0,,1092
1,near_tick_before,thermal_loop,1097,controller_tick,109200000,109.2,1,0,109200000,1092,109200000,TRIPPED,stale_input,0,0,62,1,0,reconstructed_from_retained_wire,True,,,301.224038360008,293.9751208242832,291.4965738294093,0.9999999999999989,0.9999999999999994,302000.00000000594,548173.7204088465,0.0003015113445777633,63636.36363636348,-1.132139004766941e-08,0.000301511,293.975,291.497,301.224,0.0,301511,1,1092,109200000,109200000,109200000,0,293975,1,1092,109200000,109200000,109200000,0,291497,1,1092,109200000,109200000,109200000,0,301224,1,1092,109200000,109200000,109200000,0,0,1,1092,109200000,109200000,109200000,0,0.0,1.0,1.0,0.0,1.0,1.0,0.0,1.0,1.0,1092,109500000,False,1.0,0.0,300.0,500.0,600000000000.0,100000000000.0,,1093
1,near_tick_before,thermal_loop,1098,controller_tick,109300000,109.3,1,0,109300000,1093,109300000,TRIPPED,stale_input,0,0,62,1,0,reconstructed_from_retained_wire,True,,,301.20230718682683,293.96377202448986,291.4882060634559,0.9999999999999989,0.9999999999999994,302000.00000000594,548590.8398919856,0.0003015113445777633,63636.36363636348,-1.1728843674063683e-08,0.000301511,293.964,291.488,301.202,0.0,301511,1,1093,109300000,109300000,109300000,0,293964,1,1093,109300000,109300000,109300000,0,291488,1,1093,109300000,109300000,109300000,0,301202,1,1093,109300000,109300000,109300000,0,0,1,1093,109300000,109300000,109300000,0,0.0,1.0,1.0,0.0,1.0,1.0,0.0,1.0,1.0,1093,109600000,False,1.0,0.0,300.0,500.0,600000000000.0,100000000000.0,,1094
1,near_tick_before,thermal_loop,1099,controller_tick,109400000,109.4,1,0,109400000,1094,109400000,TRIPPED,stale_input,0,0,62,1,0,reconstructed_from_retained_wire,True,,,301.18060712561527,293.9524309179631,291.4798417159677,0.9999999999999989,0.9999999999999994,302000.00000000594,549007.5410721666,0.0003015113445777633,63636.36363636348,-1.1525116860866547e-08,0.000301511,293.952,291.48,301.181,0.0,301511,1,1094,109400000,109400000,109400000,0,293952,1,1094,109400000,109400000,109400000,0,291480,1,1094,109400000,109400000,109400000,0,301181,1,1094,109400000,109400000,109400000,0,0,1,1094,109400000,109400000,109400000,0,0.0,1.0,1.0,0.0,1.0,1.0,0.0,1.0,1.0,1094,109700000,False,1.0,0.0,300.0,500.0,600000000000.0,100000000000.0,,1095
1,near_tick_before,thermal_loop,1100,controller_tick,109500000,109.5,1,0,109500000,1095,109500000,TRIPPED,stale_input,0,0,62,1,0,reconstructed_from_retained_wire,True,,,301.1589381062518,293.9410975242087,291.4714808161706,0.9999999999999989,0.9999999999999994,302000.00000000594,549423.824121044,0.0003015113445777633,63636.36363636348,-1.1641532182693481e-08,0.000301511,293.941,291.471,301.159,0.0,301511,1,1095,109500000,109500000,109500000,0,293941,1,1095,109500000,109500000,109500000,0,291471,1,1095,109500000,109500000,109500000,0,301159,1,1095,109500000,109500000,109500000,0,0,1,1095,109500000,109500000,109500000,0,0.0,1.0,1.0,0.0,1.0,1.0,0.0,1.0,1.0,1095,109800000,False,1.0,0.0,300.0,500.0,600000000000.0,100000000000.0,,1096
1,near_tick_before,thermal_loop,1101,controller_tick,109600000,109.6,1,0,109600000,1096,109600000,TRIPPED,stale_input,0,0,62,1,0,reconstructed_from_retained_wire,True,,,301.1373000588831,293.9297718625578,291.4631233930768,0.9999999999999989,0.9999999999999994,302000.00000000594,549839.6892117287,0.0003015113445777633,63636.36363636348,-1.1728843674063683e-08,0.000301511,293.93,291.463,301.137,0.0,301511,1,1096,109600000,109600000,109600000,0,293930,1,1096,109600000,109600000,109600000,0,291463,1,1096,109600000,109600000,109600000,0,301137,1,1096,109600000,109600000,109600000,0,0,1,1096,109600000,109600000,109600000,0,0.0,1.0,1.0,0.0,1.0,1.0,0.0,1.0,1.0,1096,109900000,False,1.0,0.0,300.0,500.0,600000000000.0,100000000000.0,,1097
1,near_tick_before,thermal_loop,1102,controller_tick,109700000,109.7,1,0,109700000,1097,109700000,TRIPPED,stale_input,0,0,62,1,0,reconstructed_from_retained_wire,True,,,301.1156929139227,293.91845395216785,291.45476947548633,0.9999999999999989,0.9999999999999994,302000.00000000594,550255.1365187768,0.0003015113445777633,63636.36363636348,-1.201988197863102e-08,0.000301511,293.918,291.455,301.116,0.0,301511,1,1097,109700000,109700000,109700000,0,293918,1,1097,109700000,109700000,109700000,0,291455,1,1097,109700000,109700000,109700000,0,301116,1,1097,109700000,109700000,109700000,0,0,1,1097,109700000,109700000,109700000,0,0.0,1.0,1.0,0.0,1.0,1.0,0.0,1.0,1.0,1097,110000000,False,1.0,0.0,300.0,500.0,600000000000.0,100000000000.0,,1098
1,near_tick_before,thermal_loop,1103,controller_tick,109800000,109.8,1,0,109800000,1098,109800000,TRIPPED,stale_input,0,0,62,1,0,reconstructed_from_retained_wire,True,,,301.0941166020497,293.9071438120239,291.44641909198805,0.9999999999999989,0.9999999999999994,302000.00000000594,550670.1662181789,0.0003015113445777633,63636.36363636348,-1.1699739843606949e-08,0.000301511,293.907,291.446,301.094,0.0,301511,1,1098,109800000,109800000,109800000,0,293907,1,1098,109800000,109800000,109800000,0,291446,1,1098,109800000,109800000,109800000,0,301094,1,1098,109800000,109800000,109800000,0,0,1,1098,109800000,109800000,109800000,0,0.0,1.0,1.0,0.0,1.0,1.0,0.0,1.0,1.0,1098,110100000,False,1.0,0.0,300.0,500.0,600000000000.0,100000000000.0,,1099
1,near_tick_before,thermal_loop,1104,controller_tick,109900000,109.9,1,0,109900000,1099,109900000,TRIPPED,stale_input,0,0,62,1,0,reconstructed_from_retained_wire,True,,,301.0725710542076,293.89584146093915,291.43807227096084,0.9999999999999989,0.9999999999999994,302000.00000000594,551084.7784873502,0.0003015113445777633,63636.36363636348,-1.1496013030409813e-08,0.000301511,293.896,291.438,301.073,0.0,301511,1,1099,109900000,109900000,109900000,0,293896,1,1099,109900000,109900000,109900000,0,291438,1,1099,109900000,109900000,109900000,0,301073,1,1099,109900000,109900000,109900000,0,0,1,1099,109900000,109900000,109900000,0,0.0,1.0,1.0,0.0,1.0,1.0,0.0,1.0,1.0,1099,110200000,False,1.0,0.0,300.0,500.0,600000000000.0,100000000000.0,,1100
1,near_tick_before,thermal_loop,1105,controller_tick,110000000,110.0,1,0,110000000,1100,110000000,TRIPPED,stale_input,0,0,62,1,0,reconstructed_from_retained_wire,True,,,301.0510562016026,293.8845469175564,291.4297290405749,0.9999999999999989,0.9999999999999994,302000.00000000594,551498.9735051192,0.0003015113445777633,63636.36363636348,-1.1816155165433884e-08,0.000301511,293.885,291.43,301.051,0.0,301511,1,1100,110000000,110000000,110000000,0,293885,1,1100,110000000,110000000,110000000,0,291430,1,1100,110000000,110000000,110000000,0,301051,1,1100,110000000,110000000,110000000,0,0,1,1100,110000000,110000000,110000000,0,0.0,1.0,1.0,0.0,1.0,1.0,0.0,1.0,1.0,1100,110300000,False,1.0,0.0,300.0,500.0,600000000000.0,100000000000.0,,1101
1,near_tick_before,thermal_loop,1106,controller_tick,110100000,110.1,1,0,110100000,1101,110100000,TRIPPED,stale_input,0,0,62,1,0,reconstructed_from_retained_wire,True,,,301.0295719757028,293.8732602003487,291.4213894287931,0.9999999999999989,0.9999999999999994,302000.00000000594,551912.7514517179,0.0003015113445777633,63636.36363636348,-1.1437805369496346e-08,0.000301511,293.873,291.421,301.03,0.0,301511,1,1101,110100000,110100000,110100000,0,293873,1,1101,110100000,110100000,110100000,0,291421,1,1101,110100000,110100000,110100000,0,301030,1,1101,110100000,110100000,110100000,0,0,1,1101,110100000,110100000,110100000,0,0.0,1.0,1.0,0.0,1.0,1.0,0.0,1.0,1.0,1101,110400000,False,1.0,0.0,300.0,500.0,600000000000.0,100000000000.0,,1102
1,near_tick_before,thermal_loop,1107,controller_tick,110200000,110.2,1,0,110200000,1102,110200000,TRIPPED,stale_input,0,0,62,1,0,reconstructed_from_retained_wire,True,,,301.00811830823653,293.86198132762036,291.41305346337185,0.9999999999999989,0.9999999999999994,302000.00000000594,552326.1125087714,0.0003015113445777633,63636.36363636348,-1.1816155165433884e-08,0.000301511,293.862,291.413,301.008,0.0,301511,1,1102,110200000,110200000,110200000,0,293862,1,1102,110200000,110200000,110200000,0,291413,1,1102,110200000,110200000,110200000,0,301008,1,1102,110200000,110200000,110200000,0,0,1,1102,110200000,110200000,110200000,0,0.0,1.0,1.0,0.0,1.0,1.0,0.0,1.0,1.0,1102,110500000,False,1.0,0.0,300.0,500.0,600000000000.0,100000000000.0,,1103
1,near_tick_before,thermal_loop,1108,controller_tick,110300000,110.3,1,0,110300000,1103,110300000,TRIPPED,stale_input,0,0,62,1,0,reconstructed_from_retained_wire,True,,,300.9866951311913,293.85071031750823,291.4047211718626,0.9999999999999989,0.9999999999999994,302000.00000000594,552739.0568592871,0.0003015113445777633,63636.36363636348,-1.1641532182693481e-08,0.000301511,293.851,291.405,300.987,0.0,301511,1,1103,110300000,110300000,110300000,0,293851,1,1103,110300000,110300000,110300000,0,291405,1,1103,110300000,110300000,110300000,0,300987,1,1103,110300000,110300000,110300000,0,0,1,1103,110300000,110300000,110300000,0,0.0,1.0,1.0,0.0,1.0,1.0,0.0,1.0,1.0,1103,110600000,False,1.0,0.0,300.0,500.0,600000000000.0,100000000000.0,,1104
1,near_tick_before,thermal_loop,1109,controller_tick,110400000,110.4,1,0,110400000,1104,110400000,TRIPPED,stale_input,0,0,62,1,0,reconstructed_from_retained_wire,True,,,300.9653023768124,293.83944718798216,291.39639258161293,0.9999999999999989,0.9999999999999994,302000.00000000594,553151.5846876453,0.0003015113445777633,63636.36363636348,-1.1263182386755943e-08,0.000301511,293.839,291.396,300.965,0.0,301511,1,1104,110400000,110400000,110400000,0,293839,1,1104,110400000,110400000,110400000,0,291396,1,1104,110400000,110400000,110400000,0,300965,1,1104,110400000,110400000,110400000,0,0,1,1104,110400000,110400000,110400000,0,0.0,1.0,1.0,0.0,1.0,1.0,0.0,1.0,1.0,1104,110700000,False,1.0,0.0,300.0,500.0,600000000000.0,100000000000.0,,1105
1,near_tick_before,thermal_loop,1110,controller_tick,110500000,110.5,1,0,110500000,1105,110500000,TRIPPED,stale_input,0,0,62,1,0,reconstructed_from_retained_wire,True,,,300.9439399776016,293.82819195684635,291.38806771976766,0.9999999999999989,0.9999999999999994,302000.00000000594,553563.6961795886,0.0003015113445777633,63636.36363636348,-1.1292286217212677e-08,0.000301511,293.828,291.388,300.944,0.0,301511,1,1105,110500000,110500000,110500000,0,293828,1,1105,110500000,110500000,110500000,0,291388,1,1105,110500000,110500000,110500000,0,300944,1,1105,110500000,110500000,110500000,0,0,1,1105,110500000,110500000,110500000,0,0.0,1.0,1.0,0.0,1.0,1.0,0.0,1.0,1.0,1105,110800000,False,1.0,0.0,300.0,500.0,600000000000.0,100000000000.0,,1106
1,near_tick_before,thermal_loop,1111,controller_tick,110600000,110.6,1,0,110600000,1106,110600000,TRIPPED,stale_input,0,0,62,1,0,reconstructed_from_retained_wire,True,,,300.92260786631596,293.8169446417402,291.3797466132701,0.9999999999999989,0.9999999999999994,302000.00000000594,553975.3915222114,0.0003015113445777633,63636.36363636348,-1.2194504961371422e-08,0.000301511,293.817,291.38,300.923,0.0,301511,1,1106,110600000,110600000,110600000,0,293817,1,1106,110600000,110600000,110600000,0,291380,1,1106,110600000,110600000,110600000,0,300923,1,1106,110600000,110600000,110600000,0,0,1,1106,110600000,110600000,110600000,0,0.0,1.0,1.0,0.0,1.0,1.0,0.0,1.0,1.0,1106,110900000,False,1.0,0.0,300.0,500.0,600000000000.0,100000000000.0,,1107
1,near_tick_before,thermal_loop,1112,controller_tick,110700000,110.7,1,0,110700000,1107,110700000,TRIPPED,stale_input,0,0,62,1,0,reconstructed_from_retained_wire,True,,,300.9013059759667,293.8057052601392,291.3714292888632,0.9999999999999989,0.9999999999999994,302000.00000000594,554386.6709039505,0.0003015113445777633,63636.36363636348,-1.1932570487260818e-08,0.000301511,293.806,291.371,300.901,0.0,301511,1,1107,110700000,110700000,110700000,0,293806,1,1107,110700000,110700000,110700000,0,291371,1,1107,110700000,110700000,110700000,0,300901,1,1107,110700000,110700000,110700000,0,0,1,1107,110700000,110700000,110700000,0,0.0,1.0,1.0,0.0,1.0,1.0,0.0,1.0,1.0,1107,111000000,False,1.0,0.0,300.0,500.0,600000000000.0,100000000000.0,,1108
1,near_tick_before,thermal_loop,1113,controller_tick,110800000,110.8,1,0,110800000,1108,110800000,TRIPPED,stale_input,0,0,62,1,0,reconstructed_from_retained_wire,True,,,300.88003423981763,293.7944738293559,291.36311577309084,0.9999999999999989,0.9999999999999994,302000.00000000594,554797.534514575,0.0003015113445777633,63636.36363636348,-1.1728843674063683e-08,0.000301511,293.794,291.363,300.88,0.0,301511,1,1108,110800000,110800000,110800000,0,293794,1,1108,110800000,110800000,110800000,0,291363,1,1108,110800000,110800000,110800000,0,300880,1,1108,110800000,110800000,110800000,0,0,1,1108,110800000,110800000,110800000,0,0.0,1.0,1.0,0.0,1.0,1.0,0.0,1.0,1.0,1108,111100000,False,1.0,0.0,300.0,500.0,600000000000.0,100000000000.0,,1109
1,near_tick_before,thermal_loop,1114,controller_tick,110900000,110.9,1,0,110900000,1109,110900000,TRIPPED,stale_input,0,0,62,1,0,reconstructed_from_retained_wire,True,,,300.85879259138414,293.78325036654104,291.3548060922987,0.9999999999999989,0.9999999999999994,302000.00000000594,555207.982545176,0.0003015113445777633,63636.36363636348,-1.1437805369496346e-08,0.000301511,293.783,291.355,300.859,0.0,301511,1,1109,110900000,110900000,110900000,0,293783,1,1109,110900000,110900000,110900000,0,291355,1,1109,110900000,110900000,110900000,0,300859,1,1109,110900000,110900000,110900000,0,0,1,1109,110900000,110900000,110900000,0,0.0,1.0,1.0,0.0,1.0,1.0,0.0,1.0,1.0,1109,111200000,False,1.0,0.0,300.0,500.0,600000000000.0,100000000000.0,,1110
1,near_tick_before,thermal_loop,1115,controller_tick,111000000,111.0,1,0,111000000,1110,111000000,TRIPPED,stale_input,0,0,62,1,0,reconstructed_from_retained_wire,True,,,300.837580964432,293.77203488868406,291.3465002726356,0.9999999999999989,0.9999999999999994,302000.00000000594,555618.0151881571,0.0003015113445777633,63636.36363636348,-1.1757947504520416e-08,0.000301511,293.772,291.347,300.838,0.0,301511,1,1110,111000000,111000000,111000000,0,293772,1,1110,111000000,111000000,111000000,0,291347,1,1110,111000000,111000000,111000000,0,300838,1,1110,111000000,111000000,111000000,0,0,1,1110,111000000,111000000,111000000,0,0.0,1.0,1.0,0.0,1.0,1.0,0.0,1.0,1.0,1110,111300000,False,1.0,0.0,300.0,500.0,600000000000.0,100000000000.0,,1111
1,near_tick_before,thermal_loop,1116,controller_tick,111100000,111.1,1,0,111100000,1111,111100000,TRIPPED,stale_input,0,0,62,1,0,reconstructed_from_retained_wire,True,,,300.8163992929759,293.7608274126145,291.33819834005465,0.9999999999999989,0.9999999999999994,302000.00000000594,556027.6326372243,0.0003015113445777633,63636.36363636348,-1.1757947504520416e-08,0.000301511,293.761,291.338,300.816,0.0,301511,1,1111,111100000,111100000,111100000,0,293761,1,1111,111100000,111100000,111100000,0,291338,1,1111,111100000,111100000,111100000,0,300816,1,1111,111100000,111100000,111100000,0,0,1,1111,111100000,111100000,111100000,0,0.0,1.0,1.0,0.0,1.0,1.0,0.0,1.0,1.0,1111,111400000,False,1.0,0.0,300.0,500.0,600000000000.0,100000000000.0,,1112
1,near_tick_before,thermal_loop,1117,controller_tick,111200000,111.2,1,0,111200000,1112,111200000,TRIPPED,stale_input,0,0,62,1,0,reconstructed_from_retained_wire,True,,,300.7952475112785,293.74962795500267,291.3299003203143,0.9999999999999989,0.9999999999999994,302000.00000000594,556436.8350873765,0.0003015113445777633,63636.36363636348,-1.2398231774568558e-08,0.000301511,293.75,291.33,300.795,0.0,301511,1,1112,111200000,111200000,111200000,0,293750,1,1112,111200000,111200000,111200000,0,291330,1,1112,111200000,111200000,111200000,0,300795,1,1112,111200000,111200000,111200000,0,0,1,1112,111200000,111200000,111200000,0,0.0,1.0,1.0,0.0,1.0,1.0,0.0,1.0,1.0,1112,111500000,False,1.0,0.0,300.0,500.0,600000000000.0,100000000000.0,,1113
1,near_tick_before,thermal_loop,1118,controller_tick,111300000,111.3,1,0,111300000,1113,111300000,TRIPPED,stale_input,0,0,62,1,0,reconstructed_from_retained_wire,True,,,300.77412555384893,293.7384365323606,291.32160623897965,0.9999999999999989,0.9999999999999994,302000.00000000594,556845.6227348959,0.0003015113445777633,63636.36363636348,-1.30385160446167e-08,0.000301511,293.738,291.322,300.774,0.0,301511,1,1113,111300000,111300000,111300000,0,293738,1,1113,111300000,111300000,111300000,0,291322,1,1113,111300000,111300000,111300000,0,300774,1,1113,111300000,111300000,111300000,0,0,1,1113,111300000,111300000,111300000,0,0.0,1.0,1.0,0.0,1.0,1.0,0.0,1.0,1.0,1113,111600000,False,1.0,0.0,300.0,500.0,600000000000.0,100000000000.0,,1114
1,near_tick_before,thermal_loop,1119,controller_tick,111400000,111.4,1,0,111400000,1114,111400000,TRIPPED,stale_input,0,0,62,1,0,reconstructed_from_retained_wire,True,,,300.75303335544186,293.72725316104305,291.3133161214233,0.9999999999999989,0.9999999999999994,302000.00000000594,557253.9957773377,0.0003015113445777633,63636.36363636348,-1.30385160446167e-08,0.000301511,293.727,291.313,300.753,0.0,301511,1,1114,111400000,111400000,111400000,0,293727,1,1114,111400000,111400000,111400000,0,291313,1,1114,111400000,111400000,111400000,0,300753,1,1114,111400000,111400000,111400000,0,0,1,1114,111400000,111400000,111400000,0,0.0,1.0,1.0,0.0,1.0,1.0,0.0,1.0,1.0,1114,111700000,False,1.0,0.0,300.0,500.0,600000000000.0,100000000000.0,,1115
1,near_tick_before,thermal_loop,1120,controller_tick,111500000,111.5,1,0,111500000,1115,111500000,TRIPPED,stale_input,0,0,62,1,0,reconstructed_from_retained_wire,True,,,300.7319708510561,293.71607785724825,291.30502999282675,0.9999999999999989,0.9999999999999994,302000.00000000594,557661.9544135211,0.0003015113445777633,63636.36363636348,-1.3067619875073433e-08,0.000301511,293.716,291.305,300.732,0.0,301511,1,1115,111500000,111500000,111500000,0,293716,1,1115,111500000,111500000,111500000,0,291305,1,1115,111500000,111500000,111500000,0,300732,1,1115,111500000,111500000,111500000,0,0,1,1115,111500000,111500000,111500000,0,0.0,1.0,1.0,0.0,1.0,1.0,0.0,1.0,1.0,1115,111800000,False,1.0,0.0,300.0,500.0,600000000000.0,100000000000.0,,1116
1,near_tick_before,thermal_loop,1121,controller_tick,111600000,111.6,1,0,111600000,1116,111600000,TRIPPED,stale_input,0,0,62,1,0,reconstructed_from_retained_wire,True,,,300.71093797593335,293.70491063701905,291.2967478781812,0.9999999999999989,0.9999999999999994,302000.00000000594,558069.4988435197,0.0003015113445777633,63636.36363636348,-1.3242242857813835e-08,0.000301511,293.705,291.297,300.711,0.0,301511,1,1116,111600000,111600000,111600000,0,293705,1,1116,111600000,111600000,111600000,0,291297,1,1116,111600000,111600000,111600000,0,300711,1,1116,111600000,111600000,111600000,0,0,1,1116,111600000,111600000,111600000,0,0.0,1.0,1.0,0.0,1.0,1.0,0.0,1.0,1.0,1116,111900000,False,1.0,0.0,300.0,500.0,600000000000.0,100000000000.0,,1117
1,near_tick_before,thermal_loop,1122,controller_tick,111700000,111.7,1,0,111700000,1117,111700000,TRIPPED,stale_input,0,0,62,1,0,reconstructed_from_retained_wire,True,,,300.6899346655573,293.6937515162437,291.28846980228883,0.9999999999999989,0.9999999999999994,302000.00000000594,558476.6292686518,0.0003015113445777633,63636.36363636348,-1.3562384992837906e-08,0.000301511,293.694,291.288,300.69,0.0,301511,1,1117,111700000,111700000,111700000,0,293694,1,1117,111700000,111700000,111700000,0,291288,1,1117,111700000,111700000,111700000,0,300690,1,1117,111700000,111700000,111700000,0,0,1,1117,111700000,111700000,111700000,0,0.0,1.0,1.0,0.0,1.0,1.0,0.0,1.0,1.0,1117,112000000,False,1.0,0.0,300.0,500.0,600000000000.0,100000000000.0,,1118
1,near_tick_before,thermal_loop,1123,controller_tick,111800000,111.8,1,0,111800000,1118,111800000,TRIPPED,stale_input,0,0,62,1,0,reconstructed_from_retained_wire,True,,,300.6689608556522,293.68260051065664,291.28019578976404,0.9999999999999989,0.9999999999999994,302000.00000000594,558883.3458914714,0.0003015113445777633,63636.36363636348,-1.3940734788775444e-08,0.000301511,293.683,291.28,300.669,0.0,301511,1,1118,111800000,111800000,111800000,0,293683,1,1118,111800000,111800000,111800000,0,291280,1,1118,111800000,111800000,111800000,0,300669,1,1118,111800000,111800000,111800000,0,0,1,1118,111800000,111800000,111800000,0,0.0,1.0,1.0,0.0,1.0,1.0,0.0,1.0,1.0,1118,112100000,False,1.0,0.0,300.0,500.0,600000000000.0,100000000000.0,,1119
1,near_tick_before,thermal_loop,1124,controller_tick,111900000,111.9,1,0,111900000,1119,111900000,TRIPPED,stale_input,0,0,62,1,0,reconstructed_from_retained_wire,True,,,300.6480164821817,293.67145763583954,291.2719258650343,0.9999999999999989,0.9999999999999994,302000.00000000594,559289.6489157581,0.0003015113445777633,63636.36363636348,-1.4231773093342781e-08,0.000301511,293.671,291.272,300.648,0.0,301511,1,1119,111900000,111900000,111900000,0,293671,1,1119,111900000,111900000,111900000,0,291272,1,1119,111900000,111900000,111900000,0,300648,1,1119,111900000,111900000,111900000,0,0,1,1119,111900000,111900000,111900000,0,0.0,1.0,1.0,0.0,1.0,1.0,0.0,1.0,1.0,1119,112200000,False,1.0,0.0,300.0,500.0,600000000000.0,100000000000.0,,1120
1,near_tick_before,thermal_loop,1125,controller_tick,112000000,112.0,1,0,112000000,1120,112000000,TRIPPED,stale_input,0,0,62,1,0,reconstructed_from_retained_wire,True,,,300.6271014813477,293.6603229072222,291.26366005234127,0.9999999999999989,0.9999999999999994,302000.00000000594,559695.5385465088,0.0003015113445777633,63636.36363636348,-1.446460373699665e-08,0.000301511,293.66,291.264,300.627,0.0,301511,1,1120,112000000,112000000,112000000,0,293660,1,1120,112000000,112000000,112000000,0,291264,1,1120,112000000,112000000,112000000,0,300627,1,1120,112000000,112000000,112000000,0,0,1,1120,112000000,112000000,112000000,0,0.0,1.0,1.0,0.0,1.0,1.0,0.0,1.0,1.0,1120,112300000,False,1.0,0.0,300.0,500.0,600000000000.0,100000000000.0,,1121
1,near_tick_before,thermal_loop,1126,controller_tick,112100000,112.1,1,0,112100000,1121,112100000,TRIPPED,stale_input,0,0,62,1,0,reconstructed_from_retained_wire,True,,,300.6062157895893,293.6491963400835,291.255398375742,0.9999999999999989,0.9999999999999994,302000.00000000594,560101.0149899272,0.0003015113445777633,63636.36363636348,-1.4406396076083183e-08,0.000301511,293.649,291.255,300.606,0.0,301511,1,1121,112100000,112100000,112100000,0,293649,1,1121,112100000,112100000,112100000,0,291255,1,1121,112100000,112100000,112100000,0,300606,1,1121,112100000,112100000,112100000,0,0,1,1121,112100000,112100000,112100000,0,0.0,1.0,1.0,0.0,1.0,1.0,0.0,1.0,1.0,1121,112400000,False,1.0,0.0,300.0,500.0,600000000000.0,100000000000.0,,1122
1,near_tick_before,thermal_loop,1127,controller_tick,112200000,112.2,1,0,112200000,1122,112200000,TRIPPED,stale_input,0,0,62,1,0,reconstructed_from_retained_wire,True,,,300.5853593435815,293.6380779495519,291.24714085910995,0.9999999999999989,0.9999999999999994,302000.00000000594,560506.0784534158,0.0003015113445777633,63636.36363636348,-1.4086253941059113e-08,0.000301511,293.638,291.247,300.585,0.0,301511,1,1122,112200000,112200000,112200000,0,293638,1,1122,112200000,112200000,112200000,0,291247,1,1122,112200000,112200000,112200000,0,300585,1,1122,112200000,112200000,112200000,0,0,1,1122,112200000,112200000,112200000,0,0.0,1.0,1.0,0.0,1.0,1.0,0.0,1.0,1.0,1122,112500000,False,1.0,0.0,300.0,500.0,600000000000.0,100000000000.0,,1123
1,near_tick_before,thermal_loop,1128,controller_tick,112300000,112.3,1,0,112300000,1123,112300000,TRIPPED,stale_input,0,0,62,1,0,reconstructed_from_retained_wire,True,,,300.5645320802341,293.62696775060687,291.23888752613584,0.9999999999999989,0.9999999999999994,302000.00000000594,560910.7291455659,0.0003015113445777633,63636.36363636348,-1.4260876923799515e-08,0.000301511,293.627,291.239,300.565,0.0,301511,1,1123,112300000,112300000,112300000,0,293627,1,1123,112300000,112300000,112300000,0,291239,1,1123,112300000,112300000,112300000,0,300565,1,1123,112300000,112300000,112300000,0,0,1,1123,112300000,112300000,112300000,0,0.0,1.0,1.0,0.0,1.0,1.0,0.0,1.0,1.0,1123,112600000,False,1.0,0.0,300.0,500.0,600000000000.0,100000000000.0,,1124
1,near_tick_before,thermal_loop,1129,controller_tick,112400000,112.4,1,0,112400000,1124,112400000,TRIPPED,stale_input,0,0,62,1,0,reconstructed_from_retained_wire,True,,,300.5437339366904,293.61586575807934,291.23063840032916,0.9999999999999989,0.9999999999999994,302000.00000000594,561314.967276149,0.0003015113445777633,63636.36363636348,-1.3998942449688911e-08,0.000301511,293.616,291.231,300.544,0.0,301511,1,1124,112400000,112400000,112400000,0,293616,1,1124,112400000,112400000,112400000,0,291231,1,1124,112400000,112400000,112400000,0,300544,1,1124,112400000,112400000,112400000,0,0,1,1124,112400000,112400000,112400000,0,0.0,1.0,1.0,0.0,1.0,1.0,0.0,1.0,1.0,1124,112700000,False,1.0,0.0,300.0,500.0,600000000000.0,100000000000.0,,1125
1,near_tick_before,thermal_loop,1130,controller_tick,112500000,112.5,1,0,112500000,1125,112500000,TRIPPED,stale_input,0,0,62,1,0,reconstructed_from_retained_wire,True,,,300.5229648503264,293.60477198665274,291.22239350501883,0.9999999999999989,0.9999999999999994,302000.00000000594,561718.7930561072,0.0003015113445777633,63636.36363636348,-1.359148882329464e-08,0.000301511,293.605,291.222,300.523,0.0,301511,1,1125,112500000,112500000,112500000,0,293605,1,1125,112500000,112500000,112500000,0,291222,1,1125,112500000,112500000,112500000,0,300523,1,1125,112500000,112500000,112500000,0,0,1,1125,112500000,112500000,112500000,0,0.0,1.0,1.0,0.0,1.0,1.0,0.0,1.0,1.0,1125,112800000,False,1.0,0.0,300.0,500.0,600000000000.0,100000000000.0,,1126
1,near_tick_before,thermal_loop,1131,controller_tick,112600000,112.6,1,0,112600000,1126,112600000,TRIPPED,stale_input,0,0,62,1,0,reconstructed_from_retained_wire,True,,,300.50222475874926,293.5936864508639,291.2141528633544,0.9999999999999989,0.9999999999999994,302000.00000000594,562122.206697545,0.0003015113445777633,63636.36363636348,-1.359148882329464e-08,0.000301511,293.594,291.214,300.502,0.0,301511,1,1126,112600000,112600000,112600000,0,293594,1,1126,112600000,112600000,112600000,0,291214,1,1126,112600000,112600000,112600000,0,300502,1,1126,112600000,112600000,112600000,0,0,1,1126,112600000,112600000,112600000,0,0.0,1.0,1.0,0.0,1.0,1.0,0.0,1.0,1.0,1126,112900000,False,1.0,0.0,300.0,500.0,600000000000.0,100000000000.0,,1127
1,near_tick_before,thermal_loop,1132,controller_tick,112700000,112.7,1,0,112700000,1127,112700000,TRIPPED,stale_input,0,0,62,1,0,reconstructed_from_retained_wire,True,,,300.48151359979653,293.5826091651039,291.2059164983071,0.9999999999999989,0.9999999999999994,302000.00000000594,562525.2084137197,0.0003015113445777633,63636.36363636348,-1.31258275359869e-08,0.000301511,293.583,291.206,300.482,0.0,301511,1,1127,112700000,112700000,112700000,0,293583,1,1127,112700000,112700000,112700000,0,291206,1,1127,112700000,112700000,112700000,0,300482,1,1127,112700000,112700000,112700000,0,0,1,1127,112700000,112700000,112700000,0,0.0,1.0,1.0,0.0,1.0,1.0,0.0,1.0,1.0,1127,113000000,False,1.0,0.0,300.0,500.0,600000000000.0,100000000000.0,,1128
1,near_tick_before,thermal_loop,1133,controller_tick,112800000,112.8,1,0,112800000,1128,112800000,TRIPPED,stale_input,0,0,62,1,0,reconstructed_from_retained_wire,True,,,300.4608313115347,293.57154014361873,291.1976844326708,0.9999999999999989,0.9999999999999994,302000.00000000594,562927.7984190326,0.0003015113445777633,63636.36363636348,-1.3184035196900368e-08,0.000301511,293.572,291.198,300.461,0.0,301511,1,1128,112800000,112800000,112800000,0,293572,1,1128,112800000,112800000,112800000,0,291198,1,1128,112800000,112800000,112800000,0,300461,1,1128,112800000,112800000,112800000,0,0,1,1128,112800000,112800000,112800000,0,0.0,1.0,1.0,0.0,1.0,1.0,0.0,1.0,1.0,1128,113100000,False,1.0,0.0,300.0,500.0,600000000000.0,100000000000.0,,1129
1,near_tick_before,thermal_loop,1134,controller_tick,112900000,112.9,1,0,112900000,1129,112900000,TRIPPED,stale_input,0,0,62,1,0,reconstructed_from_retained_wire,True,,,300.4401778322584,293.5604794005105,291.1894566890632,0.9999999999999989,0.9999999999999994,302000.00000000594,563329.9769290206,0.0003015113445777633,63636.36363636348,-1.2660166248679161e-08,0.000301511,293.56,291.189,300.44,0.0,301511,1,1129,112900000,112900000,112900000,0,293560,1,1129,112900000,112900000,112900000,0,291189,1,1129,112900000,112900000,112900000,0,300440,1,1129,112900000,112900000,112900000,0,0,1,1129,112900000,112900000,112900000,0,0.0,1.0,1.0,0.0,1.0,1.0,0.0,1.0,1.0,1129,113200000,False,1.0,0.0,300.0,500.0,600000000000.0,100000000000.0,,1130
1,near_tick_before,thermal_loop,1135,controller_tick,113000000,113.0,1,0,113000000,1130,113000000,TRIPPED,stale_input,0,0,62,1,0,reconstructed_from_retained_wire,True,,,300.41955310048905,293.5494269497378,291.1812332899266,0.9999999999999989,0.9999999999999994,302000.00000000594,563731.7441603468,0.0003015113445777633,63636.36363636348,-1.3213139027357101e-08,0.000301511,293.549,291.181,300.42,0.0,301511,1,1130,113000000,113000000,113000000,0,293549,1,1130,113000000,113000000,113000000,0,291181,1,1130,113000000,113000000,113000000,0,300420,1,1130,113000000,113000000,113000000,0,0,1,1130,113000000,113000000,113000000,0,0.0,1.0,1.0,0.0,1.0,1.0,0.0,1.0,1.0,1130,113300000,False,1.0,0.0,300.0,500.0,600000000000.0,100000000000.0,,1131
1,near_tick_before,thermal_loop,1136,controller_tick,113100000,113.1,1,0,113100000,1131,113100000,TRIPPED,stale_input,0,0,62,1,0,reconstructed_from_retained_wire,True,,,300.39895705497383,293.5383828051171,291.17301425752913,0.9999999999999989,0.9999999999999994,302000.00000000594,564133.1003307923,0.0003015113445777633,63636.36363636348,-1.2631062418222427e-08,0.000301511,293.538,291.173,300.399,0.0,301511,1,1131,113100000,113100000,113100000,0,293538,1,1131,113100000,113100000,113100000,0,291173,1,1131,113100000,113100000,113100000,0,300399,1,1131,113100000,113100000,113100000,0,0,1,1131,113100000,113100000,113100000,0,0.0,1.0,1.0,0.0,1.0,1.0,0.0,1.0,1.0,1131,113400000,False,1.0,0.0,300.0,500.0,600000000000.0,100000000000.0,,1132
1,near_tick_before,thermal_loop,1137,controller_tick,113200000,113.2,1,0,113200000,1132,113200000,TRIPPED,stale_input,0,0,62,1,0,reconstructed_from_retained_wire,True,,,300.37838963468454,293.5273469803233,291.1647996139657,0.9999999999999989,0.9999999999999994,302000.00000000594,564534.045659247,0.0003015113445777633,63636.36363636348,-1.257285475730896e-08,0.000301511,293.527,291.165,300.378,0.0,301511,1,1132,113200000,113200000,113200000,0,293527,1,1132,113200000,113200000,113200000,0,291165,1,1132,113200000,113200000,113200000,0,300378,1,1132,113200000,113200000,113200000,0,0,1,1132,113200000,113200000,113200000,0,0.0,1.0,1.0,0.0,1.0,1.0,0.0,1.0,1.0,1132,113500000,False,1.0,0.0,300.0,500.0,600000000000.0,100000000000.0,,1133
1,near_tick_before,thermal_loop,1138,controller_tick,113300000,113.3,1,0,113300000,1133,113300000,TRIPPED,stale_input,0,0,62,1,0,reconstructed_from_retained_wire,True,,,300.3578507788166,293.5163194888903,291.156589381159,0.9999999999999989,0.9999999999999994,302000.00000000594,564934.5803657015,0.0003015113445777633,63636.36363636348,-1.3445969671010971e-08,0.000301511,293.516,291.157,300.358,0.0,301511,1,1133,113300000,113300000,113300000,0,293516,1,1133,113300000,113300000,113300000,0,291157,1,1133,113300000,113300000,113300000,0,300358,1,1133,113300000,113300000,113300000,0,0,1,1133,113300000,113300000,113300000,0,0.0,1.0,1.0,0.0,1.0,1.0,0.0,1.0,1.0,1133,113600000,False,1.0,0.0,300.0,500.0,600000000000.0,100000000000.0,,1134
1,near_tick_before,thermal_loop,1139,controller_tick,113400000,113.4,1,0,113400000,1134,113400000,TRIPPED,stale_input,0,0,62,1,0,reconstructed_from_retained_wire,True,,,300.3373404267879,293.5053003442125,291.14838358086047,0.9999999999999989,0.9999999999999994,302000.00000000594,565334.7046712381,0.0003015113445777633,63636.36363636348,-1.3969838619232178e-08,0.000301511,293.505,291.148,300.337,0.0,301511,1,1134,113400000,113400000,113400000,0,293505,1,1134,113400000,113400000,113400000,0,291148,1,1134,113400000,113400000,113400000,0,300337,1,1134,113400000,113400000,113400000,0,0,1,1134,113400000,113400000,113400000,0,0.0,1.0,1.0,0.0,1.0,1.0,0.0,1.0,1.0,1134,113700000,False,1.0,0.0,300.0,500.0,600000000000.0,100000000000.0,,1135
1,near_tick_before,thermal_loop,1140,controller_tick,113500000,113.5,1,0,113500000,1135,113500000,TRIPPED,stale_input,0,0,62,1,0,reconstructed_from_retained_wire,True,,,300.31685851823767,293.494289559545,291.1401822346514,0.9999999999999989,0.9999999999999994,302000.00000000594,565734.4187980224,0.0003015113445777633,63636.36363636348,-1.4202669262886047e-08,0.000301511,293.494,291.14,300.317,0.0,301511,1,1135,113500000,113500000,113500000,0,293494,1,1135,113500000,113500000,113500000,0,291140,1,1135,113500000,113500000,113500000,0,300317,1,1135,113500000,113500000,113500000,0,0,1,1135,113500000,113500000,113500000,0,0.0,1.0,1.0,0.0,1.0,1.0,0.0,1.0,1.0,1135,113800000,False,1.0,0.0,300.0,500.0,600000000000.0,100000000000.0,,1136
1,near_tick_before,thermal_loop,1141,controller_tick,113600000,113.6,1,0,113600000,1136,113600000,TRIPPED,stale_input,0,0,62,1,0,reconstructed_from_retained_wire,True,,,300.29640499302553,293.4832871480046,291.1319853639437,0.9999999999999989,0.9999999999999994,302000.00000000594,566133.722969295,0.0003015113445777633,63636.36363636348,-1.4668330550193787e-08,0.000301511,293.483,291.132,300.296,0.0,301511,1,1136,113600000,113600000,113600000,0,293483,1,1136,113600000,113600000,113600000,0,291132,1,1136,113600000,113600000,113600000,0,300296,1,1136,113600000,113600000,113600000,0,0,1,1136,113600000,113600000,113600000,0,0.0,1.0,1.0,0.0,1.0,1.0,0.0,1.0,1.0,1136,113900000,False,1.0,0.0,300.0,500.0,600000000000.0,100000000000.0,,1137
1,near_tick_before,thermal_loop,1142,controller_tick,113700000,113.7,1,0,113700000,1137,113700000,TRIPPED,stale_input,0,0,62,1,0,reconstructed_from_retained_wire,True,,,300.27597979123027,293.4722931225709,291.12379298998127,0.9999999999999989,0.9999999999999994,302000.00000000594,566532.6174093626,0.0003015113445777633,63636.36363636348,-1.4784745872020721e-08,0.000301511,293.472,291.124,300.276,0.0,301511,1,1137,113700000,113700000,113700000,0,293472,1,1137,113700000,113700000,113700000,0,291124,1,1137,113700000,113700000,113700000,0,300276,1,1137,113700000,113700000,113700000,0,0,1,1137,113700000,113700000,113700000,0,0.0,1.0,1.0,0.0,1.0,1.0,0.0,1.0,1.0,1137,114000000,False,1.0,0.0,300.0,500.0,600000000000.0,100000000000.0,,1138
1,near_tick_before,thermal_loop,1143,controller_tick,113800000,113.8,1,0,113800000,1138,113800000,TRIPPED,stale_input,0,0,62,1,0,reconstructed_from_retained_wire,True,,,300.25558285314884,293.4613074960867,291.11560513384046,0.9999999999999989,0.9999999999999994,302000.00000000594,566931.1023435901,0.0003015113445777633,63636.36363636348,-1.501757651567459e-08,0.000301511,293.461,291.116,300.256,0.0,301511,1,1138,113800000,113800000,113800000,0,293461,1,1138,113800000,113800000,113800000,0,291116,1,1138,113800000,113800000,113800000,0,300256,1,1138,113800000,113800000,113800000,0,0,1,1138,113800000,113800000,113800000,0,0.0,1.0,1.0,0.0,1.0,1.0,0.0,1.0,1.0,1138,114100000,False,1.0,0.0,300.0,500.0,600000000000.0,100000000000.0,,1139
1,near_tick_before,thermal_loop,1144,controller_tick,113900000,113.9,1,0,113900000,1139,113900000,TRIPPED,stale_input,0,0,62,1,0,reconstructed_from_retained_wire,True,,,300.23521411929534,293.45033028125914,291.1074218164315,0.9999999999999989,0.9999999999999994,302000.00000000594,567329.1779983921,0.0003015113445777633,63636.36363636348,-1.4842953532934189e-08,0.000301511,293.45,291.107,300.235,0.0,301511,1,1139,113900000,113900000,113900000,0,293450,1,1139,113900000,113900000,113900000,0,291107,1,1139,113900000,113900000,113900000,0,300235,1,1139,113900000,113900000,113900000,0,0,1,1139,113900000,113900000,113900000,0,0.0,1.0,1.0,0.0,1.0,1.0,0.0,1.0,1.0,1139,114200000,False,1.0,0.0,300.0,500.0,600000000000.0,100000000000.0,,1140
1,near_tick_before,thermal_loop,1145,controller_tick,114000000,114.0,1,0,114000000,1140,114000000,TRIPPED,stale_input,0,0,62,1,0,reconstructed_from_retained_wire,True,,,300.2148735303999,293.4393614906602,291.0992430584992,0.9999999999999989,0.9999999999999994,302000.00000000594,567726.8446012246,0.0003015113445777633,63636.36363636348,-1.4493707567453384e-08,0.000301511,293.439,291.099,300.215,0.0,301511,1,1140,114000000,114000000,114000000,0,293439,1,1140,114000000,114000000,114000000,0,291099,1,1140,114000000,114000000,114000000,0,300215,1,1140,114000000,114000000,114000000,0,0,1,1140,114000000,114000000,114000000,0,0.0,1.0,1.0,0.0,1.0,1.0,0.0,1.0,1.0,1140,114300000,False,1.0,0.0,300.0,500.0,600000000000.0,100000000000.0,,1141
1,near_tick_before,thermal_loop,1146,controller_tick,114100000,114.1,1,0,114100000,1141,114100000,TRIPPED,stale_input,0,0,62,1,0,reconstructed_from_retained_wire,True,,,300.1945610274077,293.4284011367278,291.09106888062405,0.9999999999999989,0.9999999999999994,302000.00000000594,568124.1023805765,0.0003015113445777633,63636.36363636348,-1.4028046280145645e-08,0.000301511,293.428,291.091,300.195,0.0,301511,1,1141,114100000,114100000,114100000,0,293428,1,1141,114100000,114100000,114100000,0,291091,1,1141,114100000,114100000,114100000,0,300195,1,1141,114100000,114100000,114100000,0,0,1,1141,114100000,114100000,114100000,0,0.0,1.0,1.0,0.0,1.0,1.0,0.0,1.0,1.0,1141,114400000,False,1.0,0.0,300.0,500.0,600000000000.0,100000000000.0,,1142
1,near_tick_before,thermal_loop,1147,controller_tick,114200000,114.2,1,0,114200000,1142,114200000,TRIPPED,stale_input,0,0,62,1,0,reconstructed_from_retained_wire,True,,,300.1742765514778,293.41744923176645,291.08289930322303,0.9999999999999989,0.9999999999999994,302000.00000000594,568520.9515659617,0.0003015113445777633,63636.36363636348,-1.3504177331924438e-08,0.000301511,293.417,291.083,300.174,0.0,301511,1,1142,114200000,114200000,114200000,0,293417,1,1142,114200000,114200000,114200000,0,291083,1,1142,114200000,114200000,114200000,0,300174,1,1142,114200000,114200000,114200000,0,0,1,1142,114200000,114200000,114200000,0,0.0,1.0,1.0,0.0,1.0,1.0,0.0,1.0,1.0,1142,114500000,False,1.0,0.0,300.0,500.0,600000000000.0,100000000000.0,,1143
1,near_tick_before,thermal_loop,1148,controller_tick,114300000,114.3,1,0,114300000,1143,114300000,TRIPPED,stale_input,0,0,62,1,0,reconstructed_from_retained_wire,True,,,300.1540200439822,293.406505787948,291.0747343465507,0.9999999999999989,0.9999999999999994,302000.00000000594,568917.3923879111,0.0003015113445777633,63636.36363636348,-1.3445969671010971e-08,0.000301511,293.407,291.075,300.154,0.0,301511,1,1143,114300000,114300000,114300000,0,293407,1,1143,114300000,114300000,114300000,0,291075,1,1143,114300000,114300000,114300000,0,300154,1,1143,114300000,114300000,114300000,0,0,1,1143,114300000,114300000,114300000,0,0.0,1.0,1.0,0.0,1.0,1.0,0.0,1.0,1.0,1143,114600000,False,1.0,0.0,300.0,500.0,600000000000.0,100000000000.0,,1144
1,near_tick_before,thermal_loop,1149,controller_tick,114400000,114.4,1,0,114400000,1144,114400000,TRIPPED,stale_input,0,0,62,1,0,reconstructed_from_retained_wire,True,,,300.1337914465048,293.39557081731243,291.06657403070017,0.9999999999999989,0.9999999999999994,302000.00000000594,569313.4250779639,0.0003015113445777633,63636.36363636348,-1.3853423297405243e-08,0.000301511,293.396,291.067,300.134,0.0,301511,1,1144,114400000,114400000,114400000,0,293396,1,1144,114400000,114400000,114400000,0,291067,1,1144,114400000,114400000,114400000,0,300134,1,1144,114400000,114400000,114400000,0,0,1,1144,114400000,114400000,114400000,0,0.0,1.0,1.0,0.0,1.0,1.0,0.0,1.0,1.0,1144,114700000,False,1.0,0.0,300.0,500.0,600000000000.0,100000000000.0,,1145
1,near_tick_before,thermal_loop,1150,controller_tick,114500000,114.5,1,0,114500000,1145,114500000,TRIPPED,stale_input,0,0,62,1,0,reconstructed_from_retained_wire,True,,,300.11359070084035,293.38464433176875,291.0584183756039,0.9999999999999989,0.9999999999999994,302000.00000000594,569709.0498686603,0.0003015113445777633,63636.36363636348,-1.4551915228366852e-08,0.000301511,293.385,291.058,300.114,0.0,301511,1,1145,114500000,114500000,114500000,0,293385,1,1145,114500000,114500000,114500000,0,291058,1,1145,114500000,114500000,114500000,0,300114,1,1145,114500000,114500000,114500000,0,0,1,1145,114500000,114500000,114500000,0,0.0,1.0,1.0,0.0,1.0,1.0,0.0,1.0,1.0,1145,114800000,False,1.0,0.0,300.0,500.0,600000000000.0,100000000000.0,,1146
1,near_tick_before,thermal_loop,1151,controller_tick,114600000,114.6,1,0,114600000,1146,114600000,TRIPPED,stale_input,0,0,62,1,0,reconstructed_from_retained_wire,True,,,300.09341774899343,293.37372634309577,291.0502674010347,0.9999999999999989,0.9999999999999994,302000.00000000594,570104.2669935331,0.0003015113445777633,63636.36363636348,-1.4319084584712982e-08,0.000301511,293.374,291.05,300.093,0.0,301511,1,1146,114600000,114600000,114600000,0,293374,1,1146,114600000,114600000,114600000,0,291050,1,1146,114600000,114600000,114600000,0,300093,1,1146,114600000,114600000,114600000,0,0,1,1146,114600000,114600000,114600000,0,0.0,1.0,1.0,0.0,1.0,1.0,0.0,1.0,1.0,1146,114900000,False,1.0,0.0,300.0,500.0,600000000000.0,100000000000.0,,1147
1,near_tick_before,thermal_loop,1152,controller_tick,114700000,114.7,1,0,114700000,1147,114700000,TRIPPED,stale_input,0,0,62,1,0,reconstructed_from_retained_wire,True,,,300.07327253317743,293.36281686294274,291.04212112660673,0.9999999999999989,0.9999999999999994,302000.00000000594,570499.0766870996,0.0003015113445777633,63636.36363636348,-1.4086253941059113e-08,0.000301511,293.363,291.042,300.073,0.0,301511,1,1147,114700000,114700000,114700000,0,293363,1,1147,114700000,114700000,114700000,0,291042,1,1147,114700000,114700000,114700000,0,300073,1,1147,114700000,114700000,114700000,0,0,1,1147,114700000,114700000,114700000,0,0.0,1.0,1.0,0.0,1.0,1.0,0.0,1.0,1.0,1147,115000000,False,1.0,0.0,300.0,500.0,600000000000.0,100000000000.0,,1148
1,near_tick_before,thermal_loop,1153,controller_tick,114800000,114.8,1,0,114800000,1148,114800000,TRIPPED,stale_input,0,0,62,1,0,reconstructed_from_retained_wire,True,,,300.0531549958136,293.3519159028301,291.03397957177623,0.9999999999999989,0.9999999999999994,302000.00000000594,570893.4791848538,0.0003015113445777633,63636.36363636348,-1.4260876923799515e-08,0.000301511,293.352,291.034,300.053,0.0,301511,1,1148,114800000,114800000,114800000,0,293352,1,1148,114800000,114800000,114800000,0,291034,1,1148,114800000,114800000,114800000,0,300053,1,1148,114800000,114800000,114800000,0,0,1,1148,114800000,114800000,114800000,0,0.0,1.0,1.0,0.0,1.0,1.0,0.0,1.0,1.0,1148,115100000,False,1.0,0.0,300.0,500.0,600000000000.0,100000000000.0,,1149
1,near_tick_before,thermal_loop,1154,controller_tick,114900000,114.9,1,0,114900000,1149,114900000,TRIPPED,stale_input,0,0,62,1,0,reconstructed_from_retained_wire,True,,,300.0330650795299,293.34102347415063,291.02584275584263,0.9999999999999989,0.9999999999999994,302000.00000000594,571287.4747232589,0.0003015113445777633,63636.36363636348,-1.4202669262886047e-08,0.000301511,293.341,291.026,300.033,0.0,301511,1,1149,114900000,114900000,114900000,0,293341,1,1149,114900000,114900000,114900000,0,291026,1,1149,114900000,114900000,114900000,0,300033,1,1149,114900000,114900000,114900000,0,0,1,1149,114900000,114900000,114900000,0,0.0,1.0,1.0,0.0,1.0,1.0,0.0,1.0,1.0,1149,115200000,False,1.0,0.0,300.0,500.0,600000000000.0,100000000000.0,,1150
1,near_tick_before,thermal_loop,1155,controller_tick,115000000,115.0,1,0,115000000,1150,115000000,TRIPPED,stale_input,0,0,62,1,0,reconstructed_from_retained_wire,True,,,300.0130027271601,293.33013958816963,291.01771069794944,0.9999999999999989,0.9999999999999994,302000.00000000594,571681.0635397389,0.0003015113445777633,63636.36363636348,-1.391163095831871e-08,0.000301511,293.33,291.018,300.013,0.0,301511,1,1150,115000000,115000000,115000000,0,293330,1,1150,115000000,115000000,115000000,0,291018,1,1150,115000000,115000000,115000000,0,300013,1,1150,115000000,115000000,115000000,0,0,1,1150,115000000,115000000,115000000,0,0.0,1.0,1.0,0.0,1.0,1.0,0.0,1.0,1.0,1150,115300000,False,1.0,0.0,300.0,500.0,600000000000.0,100000000000.0,,1151
1,near_tick_before,thermal_loop,1156,controller_tick,115100000,115.1,1,0,115100000,1151,115100000,TRIPPED,stale_input,0,0,62,1,0,reconstructed_from_retained_wire,True,,,299.9929678817428,293.31926425602603,291.009583417085,0.9999999999999989,0.9999999999999994,302000.00000000594,572074.2458726711,0.0003015113445777633,63636.36363636348,-1.4726538211107254e-08,0.000301511,293.319,291.01,299.993,0.0,301511,1,1151,115100000,115100000,115100000,0,293319,1,1151,115100000,115100000,115100000,0,291010,1,1151,115100000,115100000,115100000,0,299993,1,1151,115100000,115100000,115100000,0,0,1,1151,115100000,115100000,115100000,0,0.0,1.0,1.0,0.0,1.0,1.0,0.0,1.0,1.0,1151,115400000,False,1.0,0.0,300.0,500.0,600000000000.0,100000000000.0,,1152
1,near_tick_before,thermal_loop,1157,controller_tick,115200000,115.2,1,0,115200000,1152,115200000,TRIPPED,stale_input,0,0,62,1,0,reconstructed_from_retained_wire,True,,,299.97296048652044,293.3083974887333,291.00146093208366,0.9999999999999989,0.9999999999999994,302000.00000000594,572467.0219613785,0.0003015113445777633,63636.36363636348,-1.5308614820241928e-08,0.000301511,293.308,291.001,299.973,0.0,301511,1,1152,115200000,115200000,115200000,0,293308,1,1152,115200000,115200000,115200000,0,291001,1,1152,115200000,115200000,115200000,0,299973,1,1152,115200000,115200000,115200000,0,0,1,1152,115200000,115200000,115200000,0,0.0,1.0,1.0,0.0,1.0,1.0,0.0,1.0,1.0,1152,115500000,False,1.0,0.0,300.0,500.0,600000000000.0,100000000000.0,,1153
1,near_tick_before,thermal_loop,1158,controller_tick,115300000,115.3,1,0,115300000,1153,115300000,TRIPPED,stale_input,0,0,62,1,0,reconstructed_from_retained_wire,True,,,299.9529804849382,293.2975392971798,290.9933432616264,0.9999999999999989,0.9999999999999994,302000.00000000594,572859.392046122,0.0003015113445777633,63636.36363636348,-1.4959368854761124e-08,0.000301511,293.298,290.993,299.953,0.0,301511,1,1153,115300000,115300000,115300000,0,293298,1,1153,115300000,115300000,115300000,0,290993,1,1153,115300000,115300000,115300000,0,299953,1,1153,115300000,115300000,115300000,0,0,1,1153,115300000,115300000,115300000,0,0.0,1.0,1.0,0.0,1.0,1.0,0.0,1.0,1.0,1153,115600000,False,1.0,0.0,300.0,500.0,600000000000.0,100000000000.0,,1154
1,near_tick_before,thermal_loop,1159,controller_tick,115400000,115.4,1,0,115400000,1154,115400000,TRIPPED,stale_input,0,0,62,1,0,reconstructed_from_retained_wire,True,,,299.93302782064313,293.28668969212976,290.98523042424193,0.9999999999999989,0.9999999999999994,302000.00000000594,573251.3563680925,0.0003015113445777633,63636.36363636348,-1.5308614820241928e-08,0.000301511,293.287,290.985,299.933,0.0,301511,1,1154,115400000,115400000,115400000,0,293287,1,1154,115400000,115400000,115400000,0,290985,1,1154,115400000,115400000,115400000,0,299933,1,1154,115400000,115400000,115400000,0,0,1,1154,115400000,115400000,115400000,0,0.0,1.0,1.0,0.0,1.0,1.0,0.0,1.0,1.0,1154,115700000,False,1.0,0.0,300.0,500.0,600000000000.0,100000000000.0,,1155
1,near_tick_before,thermal_loop,1160,controller_tick,115500000,115.5,1,0,115500000,1155,115500000,TRIPPED,stale_input,0,0,62,1,0,reconstructed_from_retained_wire,True,,,299.91310243748313,293.275848684224,290.97712243830733,0.9999999999999989,0.9999999999999994,302000.00000000594,573642.9151694037,0.0003015113445777633,63636.36363636348,-1.6123522073030472e-08,0.000301511,293.276,290.977,299.913,0.0,301511,1,1155,115500000,115500000,115500000,0,293276,1,1155,115500000,115500000,115500000,0,290977,1,1155,115500000,115500000,115500000,0,299913,1,1155,115500000,115500000,115500000,0,0,1,1155,115500000,115500000,115500000,0,0.0,1.0,1.0,0.0,1.0,1.0,0.0,1.0,1.0,1155,115800000,False,1.0,0.0,300.0,500.0,600000000000.0,100000000000.0,,1156
1,near_tick_before,thermal_loop,1161,controller_tick,115600000,115.6,1,0,115600000,1156,115600000,TRIPPED,stale_input,0,0,62,1,0,reconstructed_from_retained_wire,True,,,299.89320427950605,293.2650162839807,290.9690193220493,0.9999999999999989,0.9999999999999994,302000.00000000594,574034.0686930844,0.0003015113445777633,63636.36363636348,-1.6123522073030472e-08,0.000301511,293.265,290.969,299.893,0.0,301511,1,1156,115600000,115600000,115600000,0,293265,1,1156,115600000,115600000,115600000,0,290969,1,1156,115600000,115600000,115600000,0,299893,1,1156,115600000,115600000,115600000,0,0,1,1156,115600000,115600000,115600000,0,0.0,1.0,1.0,0.0,1.0,1.0,0.0,1.0,1.0,1156,115900000,False,1.0,0.0,300.0,500.0,600000000000.0,100000000000.0,,1157
1,near_tick_before,thermal_loop,1162,controller_tick,115700000,115.7,1,0,115700000,1157,115700000,TRIPPED,stale_input,0,0,62,1,0,reconstructed_from_retained_wire,True,,,299.8733332909586,293.2541925017959,290.9609210935447,0.9999999999999989,0.9999999999999994,302000.00000000594,574424.8171830712,0.0003015113445777633,63636.36363636348,-1.618172973394394e-08,0.000301511,293.254,290.961,299.873,0.0,301511,1,1157,115700000,115700000,115700000,0,293254,1,1157,115700000,115700000,115700000,0,290961,1,1157,115700000,115700000,115700000,0,299873,1,1157,115700000,115700000,115700000,0,0,1,1157,115700000,115700000,115700000,0,0.0,1.0,1.0,0.0,1.0,1.0,0.0,1.0,1.0,1157,116000000,False,1.0,0.0,300.0,500.0,600000000000.0,100000000000.0,,1158
1,near_tick_before,thermal_loop,1163,controller_tick,115800000,115.8,1,0,115800000,1158,115800000,TRIPPED,stale_input,0,0,62,1,0,reconstructed_from_retained_wire,True,,,299.8534894162855,293.2433773479447,290.95282777072157,0.9999999999999989,0.9999999999999994,302000.00000000594,574815.1608842004,0.0003015113445777633,63636.36363636348,-1.5832483768463135e-08,0.000301511,293.243,290.953,299.853,0.0,301511,1,1158,115800000,115800000,115800000,0,293243,1,1158,115800000,115800000,115800000,0,290953,1,1158,115800000,115800000,115800000,0,299853,1,1158,115800000,115800000,115800000,0,0,1,1158,115800000,115800000,115800000,0,0.0,1.0,1.0,0.0,1.0,1.0,0.0,1.0,1.0,1158,116100000,False,1.0,0.0,300.0,500.0,600000000000.0,100000000000.0,,1159
1,near_tick_before,thermal_loop,1164,controller_tick,115900000,115.9,1,0,115900000,1159,115900000,TRIPPED,stale_input,0,0,62,1,0,reconstructed_from_retained_wire,True,,,299.8336726001285,293.23257083258153,290.94473937135996,0.9999999999999989,0.9999999999999994,302000.00000000594,575205.1000422011,0.0003015113445777633,63636.36363636348,-1.594889909029007e-08,0.000301511,293.233,290.945,299.834,0.0,301511,1,1159,115900000,115900000,115900000,0,293233,1,1159,115900000,115900000,115900000,0,290945,1,1159,115900000,115900000,115900000,0,299834,1,1159,115900000,115900000,115900000,0,0,1,1159,115900000,115900000,115900000,0,0.0,1.0,1.0,0.0,1.0,1.0,0.0,1.0,1.0,1159,116200000,False,1.0,0.0,300.0,500.0,600000000000.0,100000000000.0,,1160
1,near_tick_before,thermal_loop,1165,controller_tick,116000000,116.0,1,0,116000000,1160,116000000,TRIPPED,stale_input,0,0,62,1,0,reconstructed_from_retained_wire,True,,,299.81388278732544,293.22177296574097,290.9366559130929,0.9999999999999989,0.9999999999999994,302000.00000000594,575594.634903688,0.0003015113445777633,63636.36363636348,-1.5599653124809265e-08,0.000301511,293.222,290.937,299.814,0.0,301511,1,1160,116000000,116000000,116000000,0,293222,1,1160,116000000,116000000,116000000,0,290937,1,1160,116000000,116000000,116000000,0,299814,1,1160,116000000,116000000,116000000,0,0,1,1160,116000000,116000000,116000000,0,0.0,1.0,1.0,0.0,1.0,1.0,0.0,1.0,1.0,1160,116300000,False,1.0,0.0,300.0,500.0,600000000000.0,100000000000.0,,1161
1,near_tick_before,thermal_loop,1166,controller_tick,116100000,116.1,1,0,116100000,1161,116100000,TRIPPED,stale_input,0,0,62,1,0,reconstructed_from_retained_wire,True,,,299.79411992290915,293.21098375733874,290.9285774134072,0.9999999999999989,0.9999999999999994,302000.00000000594,575983.7657161534,0.0003015113445777633,63636.36363636348,-1.4726538211107254e-08,0.000301511,293.211,290.929,299.794,0.0,301511,1,1161,116100000,116100000,116100000,0,293211,1,1161,116100000,116100000,116100000,0,290929,1,1161,116100000,116100000,116100000,0,299794,1,1161,116100000,116100000,116100000,0,0,1,1161,116100000,116100000,116100000,0,0.0,1.0,1.0,0.0,1.0,1.0,0.0,1.0,1.0,1161,116400000,False,1.0,0.0,300.0,500.0,600000000000.0,100000000000.0,,1162
1,near_tick_before,thermal_loop,1167,controller_tick,116200000,116.2,1,0,116200000,1162,116200000,TRIPPED,stale_input,0,0,62,1,0,reconstructed_from_retained_wire,True,,,299.7743839521067,293.20020321717203,290.9205038896441,0.9999999999999989,0.9999999999999994,302000.00000000594,576372.4927279607,0.0003015113445777633,63636.36363636348,-1.461012288928032e-08,0.000301511,293.2,290.921,299.774,0.0,301511,1,1162,116200000,116200000,116200000,0,293200,1,1162,116200000,116200000,116200000,0,290921,1,1162,116200000,116200000,116200000,0,299774,1,1162,116200000,116200000,116200000,0,0,1,1162,116200000,116200000,116200000,0,0.0,1.0,1.0,0.0,1.0,1.0,0.0,1.0,1.0,1162,116500000,False,1.0,0.0,300.0,500.0,600000000000.0,100000000000.0,,1163
1,near_tick_before,thermal_loop,1168,controller_tick,116300000,116.3,1,0,116300000,1163,116300000,TRIPPED,stale_input,0,0,62,1,0,reconstructed_from_retained_wire,True,,,299.75467482033844,293.1894313549206,290.9124353590005,0.9999999999999989,0.9999999999999994,302000.00000000594,576760.8161883365,0.0003015113445777633,63636.36363636348,-1.461012288928032e-08,0.000301511,293.189,290.912,299.755,0.0,301511,1,1163,116300000,116300000,116300000,0,293189,1,1163,116300000,116300000,116300000,0,290912,1,1163,116300000,116300000,116300000,0,299755,1,1163,116300000,116300000,116300000,0,0,1,1163,116300000,116300000,116300000,0,0.0,1.0,1.0,0.0,1.0,1.0,0.0,1.0,1.0,1163,116600000,False,1.0,0.0,300.0,500.0,600000000000.0,100000000000.0,,1164
1,near_tick_before,thermal_loop,1169,controller_tick,116400000,116.4,1,0,116400000,1164,116400000,TRIPPED,stale_input,0,0,62,1,0,reconstructed_from_retained_wire,True,,,299.734992473217,293.1786681801472,290.90437183852936,0.9999999999999989,0.9999999999999994,302000.00000000594,577148.7363473637,0.0003015113445777633,63636.36363636348,-1.5133991837501526e-08,0.000301511,293.179,290.904,299.735,0.0,301511,1,1164,116400000,116400000,116400000,0,293179,1,1164,116400000,116400000,116400000,0,290904,1,1164,116400000,116400000,116400000,0,299735,1,1164,116400000,116400000,116400000,0,0,1,1164,116400000,116400000,116400000,0,0.0,1.0,1.0,0.0,1.0,1.0,0.0,1.0,1.0,1164,116700000,False,1.0,0.0,300.0,500.0,600000000000.0,100000000000.0,,1165
1,near_tick_before,thermal_loop,1170,controller_tick,116500000,116.5,1,0,116500000,1165,116500000,TRIPPED,stale_input,0,0,62,1,0,reconstructed_from_retained_wire,True,,,299.71533685654646,293.1679137022984,290.8963133451411,0.9999999999999989,0.9999999999999994,302000.00000000594,577536.2534559742,0.0003015113445777633,63636.36363636348,-1.507578417658806e-08,0.000301511,293.168,290.896,299.715,0.0,301511,1,1165,116500000,116500000,116500000,0,293168,1,1165,116500000,116500000,116500000,0,290896,1,1165,116500000,116500000,116500000,0,299715,1,1165,116500000,116500000,116500000,0,0,1,1165,116500000,116500000,116500000,0,0.0,1.0,1.0,0.0,1.0,1.0,0.0,1.0,1.0,1165,116800000,False,1.0,0.0,300.0,500.0,600000000000.0,100000000000.0,,1166
1,near_tick_before,thermal_loop,1171,controller_tick,116600000,116.6,1,0,116600000,1166,116600000,TRIPPED,stale_input,0,0,62,1,0,reconstructed_from_retained_wire,True,,,299.69570791632134,293.1571679307051,290.8882598956039,0.9999999999999989,0.9999999999999994,302000.00000000594,577923.367765942,0.0003015113445777633,63636.36363636348,-1.501757651567459e-08,0.000301511,293.157,290.888,299.696,0.0,301511,1,1166,116600000,116600000,116600000,0,293157,1,1166,116600000,116600000,116600000,0,290888,1,1166,116600000,116600000,116600000,0,299696,1,1166,116600000,116600000,116600000,0,0,1,1166,116600000,116600000,116600000,0,0.0,1.0,1.0,0.0,1.0,1.0,0.0,1.0,1.0,1166,116900000,False,1.0,0.0,300.0,500.0,600000000000.0,100000000000.0,,1167
1,near_tick_before,thermal_loop,1172,controller_tick,116700000,116.7,1,0,116700000,1167,116700000,TRIPPED,stale_input,0,0,62,1,0,reconstructed_from_retained_wire,True,,,299.67610559872566,293.14643087458364,290.88021150654475,0.9999999999999989,0.9999999999999994,302000.00000000594,578310.079529876,0.0003015113445777633,63636.36363636348,-1.4726538211107254e-08,0.000301511,293.146,290.88,299.676,0.0,301511,1,1167,116700000,116700000,116700000,0,293146,1,1167,116700000,116700000,116700000,0,290880,1,1167,116700000,116700000,116700000,0,299676,1,1167,116700000,116700000,116700000,0,0,1,1167,116700000,116700000,116700000,0,0.0,1.0,1.0,0.0,1.0,1.0,0.0,1.0,1.0,1167,117000000,False,1.0,0.0,300.0,500.0,600000000000.0,100000000000.0,,1168
1,near_tick_before,thermal_loop,1173,controller_tick,116800000,116.8,1,0,116800000,1168,116800000,TRIPPED,stale_input,0,0,62,1,0,reconstructed_from_retained_wire,True,,,299.65652985013213,293.1357025430361,290.8721681944504,0.9999999999999989,0.9999999999999994,302000.00000000594,578696.3890012127,0.0003015113445777633,63636.36363636348,-1.4028046280145645e-08,0.000301511,293.136,290.872,299.657,0.0,301511,1,1168,116800000,116800000,116800000,0,293136,1,1168,116800000,116800000,116800000,0,290872,1,1168,116800000,116800000,116800000,0,299657,1,1168,116800000,116800000,116800000,0,0,1,1168,116800000,116800000,116800000,0,0.0,1.0,1.0,0.0,1.0,1.0,0.0,1.0,1.0,1168,117100000,False,1.0,0.0,300.0,500.0,600000000000.0,100000000000.0,,1169
1,near_tick_before,thermal_loop,1174,controller_tick,116900000,116.9,1,0,116900000,1169,116900000,TRIPPED,stale_input,0,0,62,1,0,reconstructed_from_retained_wire,True,,,299.63698061710113,293.124982945051,290.864129975668,0.9999999999999989,0.9999999999999994,302000.00000000594,579082.2964342096,0.0003015113445777633,63636.36363636348,-1.3969838619232178e-08,0.000301511,293.125,290.864,299.637,0.0,301511,1,1169,116900000,116900000,116900000,0,293125,1,1169,116900000,116900000,116900000,0,290864,1,1169,116900000,116900000,116900000,0,299637,1,1169,116900000,116900000,116900000,0,0,1,1169,116900000,116900000,116900000,0,0.0,1.0,1.0,0.0,1.0,1.0,0.0,1.0,1.0,1169,117200000,False,1.0,0.0,300.0,500.0,600000000000.0,100000000000.0,,1170
1,near_tick_before,thermal_loop,1175,controller_tick,117000000,117.0,1,0,117000000,1170,117000000,TRIPPED,stale_input,0,0,62,1,0,reconstructed_from_retained_wire,True,,,299.61745784638,293.11427208950437,290.85609686640584,0.9999999999999989,0.9999999999999994,302000.00000000594,579467.8020839381,0.0003015113445777633,63636.36363636348,-1.4086253941059113e-08,0.000301511,293.114,290.856,299.617,0.0,301511,1,1170,117000000,117000000,117000000,0,293114,1,1170,117000000,117000000,117000000,0,290856,1,1170,117000000,117000000,117000000,0,299617,1,1170,117000000,117000000,117000000,0,0,1,1170,117000000,117000000,117000000,0,0.0,1.0,1.0,0.0,1.0,1.0,0.0,1.0,1.0,1170,117300000,False,1.0,0.0,300.0,500.0,600000000000.0,100000000000.0,,1171
1,near_tick_before,thermal_loop,1176,controller_tick,117100000,117.1,1,0,117100000,1171,117100000,TRIPPED,stale_input,0,0,62,1,0,reconstructed_from_retained_wire,True,,,299.5979614849018,293.10356998516,290.84806888273454,0.9999999999999989,0.9999999999999994,302000.00000000594,579852.9062062767,0.0003015113445777633,63636.36363636348,-1.4202669262886047e-08,0.000301511,293.104,290.848,299.598,0.0,301511,1,1171,117100000,117100000,117100000,0,293104,1,1171,117100000,117100000,117100000,0,290848,1,1171,117100000,117100000,117100000,0,299598,1,1171,117100000,117100000,117100000,0,0,1,1171,117100000,117100000,117100000,0,0.0,1.0,1.0,0.0,1.0,1.0,0.0,1.0,1.0,1171,117400000,False,1.0,0.0,300.0,500.0,600000000000.0,100000000000.0,,1172
1,near_tick_before,thermal_loop,1177,controller_tick,117200000,117.2,1,0,117200000,1172,117200000,TRIPPED,stale_input,0,0,62,1,0,reconstructed_from_retained_wire,True,,,299.578491479785,293.09287664067034,290.8400460405874,0.9999999999999989,0.9999999999999994,302000.00000000594,580237.6090579038,0.0003015113445777633,63636.36363636348,-1.3737007975578308e-08,0.000301511,293.093,290.84,299.578,0.0,301511,1,1172,117200000,117200000,117200000,0,293093,1,1172,117200000,117200000,117200000,0,290840,1,1172,117200000,117200000,117200000,0,299578,1,1172,117200000,117200000,117200000,0,0,1,1172,117200000,117200000,117200000,0,0.0,1.0,1.0,0.0,1.0,1.0,0.0,1.0,1.0,1172,117500000,False,1.0,0.0,300.0,500.0,600000000000.0,100000000000.0,,1173
1,near_tick_before,thermal_loop,1178,controller_tick,117300000,117.3,1,0,117300000,1173,117300000,TRIPPED,stale_input,0,0,62,1,0,reconstructed_from_retained_wire,True,,,299.5590477783319,293.08219206457704,290.83202835576157,0.9999999999999989,0.9999999999999994,302000.00000000594,580621.9108962908,0.0003015113445777633,63636.36363636348,-1.3969838619232178e-08,0.000301511,293.082,290.832,299.559,0.0,301511,1,1173,117300000,117300000,117300000,0,293082,1,1173,117300000,117300000,117300000,0,290832,1,1173,117300000,117300000,117300000,0,299559,1,1173,117300000,117300000,117300000,0,0,1,1173,117300000,117300000,117300000,0,0.0,1.0,1.0,0.0,1.0,1.0,0.0,1.0,1.0,1173,117600000,False,1.0,0.0,300.0,500.0,600000000000.0,100000000000.0,,1174
1,near_tick_before,thermal_loop,1179,controller_tick,117400000,117.4,1,0,117400000,1174,117400000,TRIPPED,stale_input,0,0,62,1,0,reconstructed_from_retained_wire,True,,,299.5396303280282,293.0715162653119,290.8240158439185,0.9999999999999989,0.9999999999999994,302000.00000000594,581005.8119796963,0.0003015113445777633,63636.36363636348,-1.3853423297405243e-08,0.000301511,293.072,290.824,299.54,0.0,301511,1,1174,117400000,117400000,117400000,0,293072,1,1174,117400000,117400000,117400000,0,290824,1,1174,117400000,117400000,117400000,0,299540,1,1174,117400000,117400000,117400000,0,0,1,1174,117400000,117400000,117400000,0,0.0,1.0,1.0,0.0,1.0,1.0,0.0,1.0,1.0,1174,117700000,False,1.0,0.0,300.0,500.0,600000000000.0,100000000000.0,,1175
1,near_tick_before,thermal_loop,1180,controller_tick,117500000,117.5,1,0,117500000,1175,117500000,TRIPPED,stale_input,0,0,62,1,0,reconstructed_from_retained_wire,True,,,299.52023907654194,293.06084925119717,290.81600852058517,0.9999999999999989,0.9999999999999994,302000.00000000594,581389.3125671579,0.0003015113445777633,63636.36363636348,-1.4028046280145645e-08,0.000301511,293.061,290.816,299.52,0.0,301511,1,1175,117500000,117500000,117500000,0,293061,1,1175,117500000,117500000,117500000,0,290816,1,1175,117500000,117500000,117500000,0,299520,1,1175,117500000,117500000,117500000,0,0,1,1175,117500000,117500000,117500000,0,0.0,1.0,1.0,0.0,1.0,1.0,0.0,1.0,1.0,1175,117800000,False,1.0,0.0,300.0,500.0,600000000000.0,100000000000.0,,1176
1,near_tick_before,thermal_loop,1181,controller_tick,117600000,117.6,1,0,117600000,1176,117600000,TRIPPED,stale_input,0,0,62,1,0,reconstructed_from_retained_wire,True,,,299.50087397172285,293.05019103044646,290.80800640115444,0.9999999999999989,0.9999999999999994,302000.00000000594,581772.4129184865,0.0003015113445777633,63636.36363636348,-1.3562384992837906e-08,0.000301511,293.05,290.808,299.501,0.0,301511,1,1176,117600000,117600000,117600000,0,293050,1,1176,117600000,117600000,117600000,0,290808,1,1176,117600000,117600000,117600000,0,299501,1,1176,117600000,117600000,117600000,0,0,1,1176,117600000,117600000,117600000,0,0.0,1.0,1.0,0.0,1.0,1.0,0.0,1.0,1.0,1176,117900000,False,1.0,0.0,300.0,500.0,600000000000.0,100000000000.0,,1177
1,near_tick_before,thermal_loop,1182,controller_tick,117700000,117.7,1,0,117700000,1177,117700000,TRIPPED,stale_input,0,0,62,1,0,reconstructed_from_retained_wire,True,,,299.4815349616011,293.0395416111653,290.8000095008861,0.9999999999999989,0.9999999999999994,302000.00000000594,582155.1132942593,0.0003015113445777633,63636.36363636348,-1.367880031466484e-08,0.000301511,293.04,290.8,299.482,0.0,301511,1,1177,117700000,117700000,117700000,0,293040,1,1177,117700000,117700000,117700000,0,290800,1,1177,117700000,117700000,117700000,0,299482,1,1177,117700000,117700000,117700000,0,0,1,1177,117700000,117700000,117700000,0,0.0,1.0,1.0,0.0,1.0,1.0,0.0,1.0,1.0,1177,118000000,False,1.0,0.0,300.0,500.0,600000000000.0,100000000000.0,,1178
1,near_tick_before,thermal_loop,1183,controller_tick,117800000,117.8,1,0,117800000,1178,117800000,TRIPPED,stale_input,0,0,62,1,0,reconstructed_from_retained_wire,True,,,299.4622219943868,293.02890100135176,290.79201783490765,0.9999999999999989,0.9999999999999994,302000.00000000594,582537.4139558132,0.0003015113445777633,63636.36363636348,-1.367880031466484e-08,0.000301511,293.029,290.792,299.462,0.0,301511,1,1178,117800000,117800000,117800000,0,293029,1,1178,117800000,117800000,117800000,0,290792,1,1178,117800000,117800000,117800000,0,299462,1,1178,117800000,117800000,117800000,0,0,1,1178,117800000,117800000,117800000,0,0.0,1.0,1.0,0.0,1.0,1.0,0.0,1.0,1.0,1178,118100000,False,1.0,0.0,300.0,500.0,600000000000.0,100000000000.0,,1179
1,near_tick_before,thermal_loop,1184,controller_tick,117900000,117.9,1,0,117900000,1179,117900000,TRIPPED,stale_input,0,0,62,1,0,reconstructed_from_retained_wire,True,,,299.44293501846903,293.0182692088973,290.7840314182149,0.9999999999999989,0.9999999999999994,302000.00000000594,582919.3151652381,0.0003015113445777633,63636.36363636348,-1.2747477740049362e-08,0.000301511,293.018,290.784,299.443,0.0,301511,1,1179,117900000,117900000,117900000,0,293018,1,1179,117900000,117900000,117900000,0,290784,1,1179,117900000,117900000,117900000,0,299443,1,1179,117900000,117900000,117900000,0,0,1,1179,117900000,117900000,117900000,0,0.0,1.0,1.0,0.0,1.0,1.0,0.0,1.0,1.0,1179,118200000,False,1.0,0.0,300.0,500.0,600000000000.0,100000000000.0,,1180
1,near_tick_before,thermal_loop,1185,controller_tick,118000000,118.0,1,0,118000000,1180,118000000,TRIPPED,stale_input,0,0,62,1,0,reconstructed_from_retained_wire,True,,,299.4236739824147,293.0076462415872,290.7760502656729,0.9999999999999989,0.9999999999999994,302000.00000000594,583300.8171853706,0.0003015113445777633,63636.36363636348,-1.2863893061876297e-08,0.000301511,293.008,290.776,299.424,0.0,301511,1,1180,118000000,118000000,118000000,0,293008,1,1180,118000000,118000000,118000000,0,290776,1,1180,118000000,118000000,118000000,0,299424,1,1180,118000000,118000000,118000000,0,0,1,1180,118000000,118000000,118000000,0,0.0,1.0,1.0,0.0,1.0,1.0,0.0,1.0,1.0,1180,118300000,False,1.0,0.0,300.0,500.0,600000000000.0,100000000000.0,,1181
1,near_tick_before,thermal_loop,1186,controller_tick,118100000,118.1,1,0,118100000,1181,118100000,TRIPPED,stale_input,0,0,62,1,0,reconstructed_from_retained_wire,True,,,299.40443883496823,292.99703210710135,290.7680743920166,0.9999999999999989,0.9999999999999994,302000.00000000594,583681.9202797869,0.0003015113445777633,63636.36363636348,-1.2863893061876297e-08,0.000301511,292.997,290.768,299.404,0.0,301511,1,1181,118100000,118100000,118100000,0,292997,1,1181,118100000,118100000,118100000,0,290768,1,1181,118100000,118100000,118100000,0,299404,1,1181,118100000,118100000,118100000,0,0,1,1181,118100000,118100000,118100000,0,0.0,1.0,1.0,0.0,1.0,1.0,0.0,1.0,1.0,1181,118400000,False,1.0,0.0,300.0,500.0,600000000000.0,100000000000.0,,1182
1,near_tick_before,thermal_loop,1187,controller_tick,118200000,118.2,1,0,118200000,1182,118200000,TRIPPED,stale_input,0,0,62,1,0,reconstructed_from_retained_wire,True,,,299.38522952505036,292.98642681301465,290.7601038118518,0.9999999999999989,0.9999999999999994,302000.00000000594,584062.6247127972,0.0003015113445777633,63636.36363636348,-1.257285475730896e-08,0.000301511,292.986,290.76,299.385,0.0,301511,1,1182,118200000,118200000,118200000,0,292986,1,1182,118200000,118200000,118200000,0,290760,1,1182,118200000,118200000,118200000,0,299385,1,1182,118200000,118200000,118200000,0,0,1,1182,118200000,118200000,118200000,0,0.0,1.0,1.0,0.0,1.0,1.0,0.0,1.0,1.0,1182,118500000,False,1.0,0.0,300.0,500.0,600000000000.0,100000000000.0,,1183
1,near_tick_before,thermal_loop,1188,controller_tick,118300000,118.3,1,0,118300000,1183,118300000,TRIPPED,stale_input,0,0,62,1,0,reconstructed_from_retained_wire,True,,,299.3660460017573,292.97583036679805,290.7521385396557,0.9999999999999989,0.9999999999999994,302000.00000000594,584442.9307494384,0.0003015113445777633,63636.36363636348,-1.2514647096395493e-08,0.000301511,292.976,290.752,299.366,0.0,301511,1,1183,118300000,118300000,118300000,0,292976,1,1183,118300000,118300000,118300000,0,290752,1,1183,118300000,118300000,118300000,0,299366,1,1183,118300000,118300000,118300000,0,0,1,1183,118300000,118300000,118300000,0,0.0,1.0,1.0,0.0,1.0,1.0,0.0,1.0,1.0,1183,118600000,False,1.0,0.0,300.0,500.0,600000000000.0,100000000000.0,,1184
1,near_tick_before,thermal_loop,1189,controller_tick,118400000,118.4,1,0,118400000,1184,118400000,TRIPPED,stale_input,0,0,62,1,0,reconstructed_from_retained_wire,True,,,299.34688821436,292.96524277581887,290.7441785897776,0.9999999999999989,0.9999999999999994,302000.00000000594,584822.8386554682,0.0003015113445777633,63636.36363636348,-1.2689270079135895e-08,0.000301511,292.965,290.744,299.347,0.0,301511,1,1184,118400000,118400000,118400000,0,292965,1,1184,118400000,118400000,118400000,0,290744,1,1184,118400000,118400000,118400000,0,299347,1,1184,118400000,118400000,118400000,0,0,1,1184,118400000,118400000,118400000,0,0.0,1.0,1.0,0.0,1.0,1.0,0.0,1.0,1.0,1184,118700000,False,1.0,0.0,300.0,500.0,600000000000.0,100000000000.0,,1185
1,near_tick_before,thermal_loop,1190,controller_tick,118500000,118.5,1,0,118500000,1185,118500000,TRIPPED,stale_input,0,0,62,1,0,reconstructed_from_retained_wire,True,,,299.32775611230323,292.9546640473415,290.7362239764401,0.9999999999999989,0.9999999999999994,302000.00000000594,585202.3486973585,0.0003015113445777633,63636.36363636348,-1.2980308383703232e-08,0.000301511,292.955,290.736,299.328,0.0,301511,1,1185,118500000,118500000,118500000,0,292955,1,1185,118500000,118500000,118500000,0,290736,1,1185,118500000,118500000,118500000,0,299328,1,1185,118500000,118500000,118500000,0,0,1,1185,118500000,118500000,118500000,0,0.0,1.0,1.0,0.0,1.0,1.0,0.0,1.0,1.0,1185,118800000,False,1.0,0.0,300.0,500.0,600000000000.0,100000000000.0,,1186
1,near_tick_before,thermal_loop,1191,controller_tick,118600000,118.6,1,0,118600000,1186,118600000,TRIPPED,stale_input,0,0,62,1,0,reconstructed_from_retained_wire,True,,,299.3086496452049,292.9440941885281,290.7282747137393,0.9999999999999989,0.9999999999999994,302000.00000000594,585581.4611422895,0.0003015113445777633,63636.36363636348,-1.3096723705530167e-08,0.000301511,292.944,290.728,299.309,0.0,301511,1,1186,118600000,118600000,118600000,0,292944,1,1186,118600000,118600000,118600000,0,290728,1,1186,118600000,118600000,118600000,0,299309,1,1186,118600000,118600000,118600000,0,0,1,1186,118600000,118600000,118600000,0,0.0,1.0,1.0,0.0,1.0,1.0,0.0,1.0,1.0,1186,118900000,False,1.0,0.0,300.0,500.0,600000000000.0,100000000000.0,,1187
1,near_tick_before,thermal_loop,1192,controller_tick,118700000,118.7,1,0,118700000,1187,118700000,TRIPPED,stale_input,0,0,62,1,0,reconstructed_from_retained_wire,True,,,299.28956876285514,292.93353320643905,290.7203308156459,0.9999999999999989,0.9999999999999994,302000.00000000594,585960.1762581426,0.0003015113445777633,63636.36363636348,-1.3387762010097504e-08,0.000301511,292.934,290.72,299.29,0.0,301511,1,1187,118700000,118700000,118700000,0,292934,1,1187,118700000,118700000,118700000,0,290720,1,1187,118700000,118700000,118700000,0,299290,1,1187,118700000,118700000,118700000,0,0,1,1187,118700000,118700000,118700000,0,0.0,1.0,1.0,0.0,1.0,1.0,0.0,1.0,1.0,1187,119000000,False,1.0,0.0,300.0,500.0,600000000000.0,100000000000.0,,1188
1,near_tick_before,thermal_loop,1193,controller_tick,118800000,118.8,1,0,118800000,1188,118800000,TRIPPED,stale_input,0,0,62,1,0,reconstructed_from_retained_wire,True,,,299.2705134152154,292.922981108034,290.7123922960057,0.9999999999999989,0.9999999999999994,302000.00000000594,586338.4943134949,0.0003015113445777633,63636.36363636348,-1.3096723705530167e-08,0.000301511,292.923,290.712,299.271,0.0,301511,1,1188,118800000,118800000,118800000,0,292923,1,1188,118800000,118800000,118800000,0,290712,1,1188,118800000,118800000,118800000,0,299271,1,1188,118800000,118800000,118800000,0,0,1,1188,118800000,118800000,118800000,0,0.0,1.0,1.0,0.0,1.0,1.0,0.0,1.0,1.0,1188,119100000,False,1.0,0.0,300.0,500.0,600000000000.0,100000000000.0,,1189
1,near_tick_before,thermal_loop,1194,controller_tick,118900000,118.9,1,0,118900000,1189,118900000,TRIPPED,stale_input,0,0,62,1,0,reconstructed_from_retained_wire,True,,,299.25148355241777,292.9124379001719,290.70445916854044,0.9999999999999989,0.9999999999999994,302000.00000000594,586716.4155776127,0.0003015113445777633,63636.36363636348,-1.3329554349184036e-08,0.000301511,292.912,290.704,299.251,0.0,301511,1,1189,118900000,118900000,118900000,0,292912,1,1189,118900000,118900000,118900000,0,290704,1,1189,118900000,118900000,118900000,0,299251,1,1189,118900000,118900000,118900000,0,0,1,1189,118900000,118900000,118900000,0,0.0,1.0,1.0,0.0,1.0,1.0,0.0,1.0,1.0,1189,119200000,False,1.0,0.0,300.0,500.0,600000000000.0,100000000000.0,,1190
1,near_tick_before,thermal_loop,1195,controller_tick,119000000,119.0,1,0,119000000,1190,119000000,TRIPPED,stale_input,0,0,62,1,0,reconstructed_from_retained_wire,True,,,299.2324791247641,292.90190358961195,290.69653144684867,0.9999999999999989,0.9999999999999994,302000.00000000594,587093.9403204452,0.0003015113445777633,63636.36363636348,-1.3387762010097504e-08,0.000301511,292.902,290.697,299.232,0.0,301511,1,1190,119000000,119000000,119000000,0,292902,1,1190,119000000,119000000,119000000,0,290697,1,1190,119000000,119000000,119000000,0,299232,1,1190,119000000,119000000,119000000,0,0,1,1190,119000000,119000000,119000000,0,0.0,1.0,1.0,0.0,1.0,1.0,0.0,1.0,1.0,1190,119300000,False,1.0,0.0,300.0,500.0,600000000000.0,100000000000.0,,1191
1,near_tick_before,thermal_loop,1196,controller_tick,119100000,119.1,1,0,119100000,1191,119100000,TRIPPED,stale_input,0,0,62,1,0,reconstructed_from_retained_wire,True,,,299.2135000827252,292.89137818301424,290.68860914440626,0.9999999999999989,0.9999999999999994,302000.00000000594,587471.0688126185,0.0003015113445777633,63636.36363636348,-1.367880031466484e-08,0.000301511,292.891,290.689,299.214,0.0,301511,1,1191,119100000,119100000,119100000,0,292891,1,1191,119100000,119100000,119100000,0,290689,1,1191,119100000,119100000,119100000,0,299214,1,1191,119100000,119100000,119100000,0,0,1,1191,119100000,119100000,119100000,0,0.0,1.0,1.0,0.0,1.0,1.0,0.0,1.0,1.0,1191,119400000,False,1.0,0.0,300.0,500.0,600000000000.0,100000000000.0,,1192
1,near_tick_before,thermal_loop,1197,controller_tick,119200000,119.2,1,0,119200000,1192,119200000,TRIPPED,stale_input,0,0,62,1,0,reconstructed_from_retained_wire,True,,,299.1945463769401,292.8808616869402,290.68069227456726,0.9999999999999989,0.9999999999999994,302000.00000000594,587847.8013254292,0.0003015113445777633,63636.36363636348,-1.4202669262886047e-08,0.000301511,292.881,290.681,299.195,0.0,301511,1,1192,119200000,119200000,119200000,0,292881,1,1192,119200000,119200000,119200000,0,290681,1,1192,119200000,119200000,119200000,0,299195,1,1192,119200000,119200000,119200000,0,0,1,1192,119200000,119200000,119200000,0,0.0,1.0,1.0,0.0,1.0,1.0,0.0,1.0,1.0,1192,119500000,False,1.0,0.0,300.0,500.0,600000000000.0,100000000000.0,,1193
1,near_tick_before,thermal_loop,1198,controller_tick,119300000,119.3,1,0,119300000,1193,119300000,TRIPPED,stale_input,0,0,62,1,0,reconstructed_from_retained_wire,True,,,299.1756179582151,292.87035410785336,290.6727808505645,0.9999999999999989,0.9999999999999994,302000.00000000594,588224.1381308391,0.0003015113445777633,63636.36363636348,-1.4493707567453384e-08,0.000301511,292.87,290.673,299.176,0.0,301511,1,1193,119300000,119300000,119300000,0,292870,1,1193,119300000,119300000,119300000,0,290673,1,1193,119300000,119300000,119300000,0,299176,1,1193,119300000,119300000,119300000,0,0,1,1193,119300000,119300000,119300000,0,0.0,1.0,1.0,0.0,1.0,1.0,0.0,1.0,1.0,1193,119600000,False,1.0,0.0,300.0,500.0,600000000000.0,100000000000.0,,1194
1,near_tick_before,thermal_loop,1199,controller_tick,119400000,119.4,1,0,119400000,1194,119400000,TRIPPED,stale_input,0,0,62,1,0,reconstructed_from_retained_wire,True,,,299.1567147775233,292.85985545211986,290.6648748855104,0.9999999999999989,0.9999999999999994,302000.00000000594,588600.0795014682,0.0003015113445777633,63636.36363636348,-1.3969838619232178e-08,0.000301511,292.86,290.665,299.157,0.0,301511,1,1194,119400000,119400000,119400000,0,292860,1,1194,119400000,119400000,119400000,0,290665,1,1194,119400000,119400000,119400000,0,299157,1,1194,119400000,119400000,119400000,0,0,1,1194,119400000,119400000,119400000,0,0.0,1.0,1.0,0.0,1.0,1.0,0.0,1.0,1.0,1194,119700000,False,1.0,0.0,300.0,500.0,600000000000.0,100000000000.0,,1195
1,near_tick_before,thermal_loop,1200,controller_tick,119500000,119.5,1,0,119500000,1195,119500000,TRIPPED,stale_input,0,0,62,1,0,reconstructed_from_retained_wire,True,,,299.1378367860032,292.84936572600907,290.6569743923977,0.9999999999999989,0.9999999999999994,302000.00000000594,588975.6257105892,0.0003015113445777633,63636.36363636348,-1.367880031466484e-08,0.000301511,292.849,290.657,299.138,0.0,301511,1,1195,119500000,119500000,119500000,0,292849,1,1195,119500000,119500000,119500000,0,290657,1,1195,119500000,119500000,119500000,0,299138,1,1195,119500000,119500000,119500000,0,0,1,1195,119500000,119500000,119500000,0,0.0,1.0,1.0,0.0,1.0,1.0,0.0,1.0,1.0,1195,119800000,False,1.0,0.0,300.0,500.0,600000000000.0,100000000000.0,,1196
1,near_tick_before,thermal_loop,1201,controller_tick,119600000,119.6,1,0,119600000,1196,119600000,TRIPPED,stale_input,0,0,62,1,0,reconstructed_from_retained_wire,True,,,299.11898393495864,292.8388849356941,290.64907938409993,0.9999999999999989,0.9999999999999994,302000.00000000594,589350.7770321216,0.0003015113445777633,63636.36363636348,-1.3737007975578308e-08,0.000301511,292.839,290.649,299.119,0.0,301511,1,1196,119600000,119600000,119600000,0,292839,1,1196,119600000,119600000,119600000,0,290649,1,1196,119600000,119600000,119600000,0,299119,1,1196,119600000,119600000,119600000,0,0,1,1196,119600000,119600000,119600000,0,0.0,1.0,1.0,0.0,1.0,1.0,0.0,1.0,1.0,1196,119900000,False,1.0,0.0,300.0,500.0,600000000000.0,100000000000.0,,1197
1,near_tick_before,thermal_loop,1202,controller_tick,119700000,119.7,1,0,119700000,1197,119700000,TRIPPED,stale_input,0,0,62,1,0,reconstructed_from_retained_wire,True,,,299.10015617585753,292.82841308725256,290.6411898733726,0.9999999999999989,0.9999999999999994,302000.00000000594,589725.5337406254,0.0003015113445777633,63636.36363636348,-1.3445969671010971e-08,0.000301511,292.828,290.641,299.1,0.0,301511,1,1197,119700000,119700000,119700000,0,292828,1,1197,119700000,119700000,119700000,0,290641,1,1197,119700000,119700000,119700000,0,299100,1,1197,119700000,119700000,119700000,0,0,1,1197,119700000,119700000,119700000,0,0.0,1.0,1.0,0.0,1.0,1.0,0.0,1.0,1.0,1197,120000000,False,1.0,0.0,300.0,500.0,600000000000.0,100000000000.0,,1198
1,near_tick_before,thermal_loop,1203,controller_tick,119800000,119.8,1,0,119800000,1198,119800000,TRIPPED,stale_input,0,0,62,1,0,reconstructed_from_retained_wire,True,,,299.0813534603313,292.81795018666696,290.6333058728532,0.9999999999999989,0.9999999999999994,302000.00000000594,590099.8961112957,0.0003015113445777633,63636.36363636348,-1.4086253941059113e-08,0.000301511,292.818,290.633,299.081,0.0,301511,1,1198,119800000,119800000,119800000,0,292818,1,1198,119800000,119800000,119800000,0,290633,1,1198,119800000,119800000,119800000,0,299081,1,1198,119800000,119800000,119800000,0,0,1,1198,119800000,119800000,119800000,0,0.0,1.0,1.0,0.0,1.0,1.0,0.0,1.0,1.0,1198,120100000,False,1.0,0.0,300.0,500.0,600000000000.0,100000000000.0,,1199
1,near_tick_before,thermal_loop,1204,controller_tick,119900000,119.9,1,0,119900000,1199,119900000,TRIPPED,stale_input,0,0,62,1,0,reconstructed_from_retained_wire,True,,,299.06257574017394,292.8074962398255,290.62542739506273,0.9999999999999989,0.9999999999999994,302000.00000000594,590473.8644199562,0.0003015113445777633,63636.36363636348,-1.4086253941059113e-08,0.000301511,292.807,290.625,299.063,0.0,301511,1,1199,119900000,119900000,119900000,0,292807,1,1199,119900000,119900000,119900000,0,290625,1,1199,119900000,119900000,119900000,0,299063,1,1199,119900000,119900000,119900000,0,0,1,1199,119900000,119900000,119900000,0,0.0,1.0,1.0,0.0,1.0,1.0,0.0,1.0,1.0,1199,120200000,False,1.0,0.0,300.0,500.0,600000000000.0,100000000000.0,,1200
1,near_tick_before,thermal_loop,1205,controller_tick,120000000,120.0,1,0,120000000,1200,120000000,TRIPPED,stale_input,0,0,62,1,0,reconstructed_from_retained_wire,True,,,299.04382296734144,292.7970512525225,290.6175544524056,0.9999999999999989,0.9999999999999994,302000.00000000594,590847.4389430542,0.0003015113445777633,63636.36363636348,-1.4493707567453384e-08,0.000301511,292.797,290.618,299.044,0.0,301511,1,1200,120000000,120000000,120000000,0,292797,1,1200,120000000,120000000,120000000,0,290618,1,1200,120000000,120000000,120000000,0,299044,1,1200,120000000,120000000,120000000,0,0,1,1200,120000000,120000000,120000000,0,0.0,1.0,1.0,0.0,1.0,1.0,0.0,1.0,1.0,1200,120300000,False,1.0,0.0,300.0,500.0,600000000000.0,100000000000.0,,1201
