schema_version,run_name,topology,sample_id,record_type,time_us,time_s,epoch,session_origin_us,wire_time_us,controller_tick_id,reply_time_us,controller_state,trip_reason,operation,operation_result,valid_mask,stale_mask,max_age_us,observation_cache_source,cache_matches_reply,event_ids,event_phase,wall_temperature_k,hot_temperature_k,cold_temperature_k,pump_speed,valve_opening,heat_in_j,heat_rejected_j,flow_m3_s,pump_pressure_pa,energy_residual_j,observed_flow_m3_s,observed_hot_temperature_k,observed_cold_temperature_k,observed_wall_temperature_k,observed_separate_trip,flow_value_i,flow_quality,flow_sequence,flow_source_time_us,flow_receipt_time_us,flow_last_good_source_time_us,flow_age_us,hot_value_i,hot_quality,hot_sequence,hot_source_time_us,hot_receipt_time_us,hot_last_good_source_time_us,hot_age_us,cold_value_i,cold_quality,cold_sequence,cold_source_time_us,cold_receipt_time_us,cold_last_good_source_time_us,cold_age_us,wall_value_i,wall_quality,wall_sequence,wall_source_time_us,wall_receipt_time_us,wall_last_good_source_time_us,wall_age_us,separate_value_i,separate_quality,separate_sequence,separate_source_time_us,separate_receipt_time_us,separate_last_good_source_time_us,separate_age_us,requested_heat_command,requested_pump_command,requested_valve_command,lease_heat_command,lease_pump_command,lease_valve_command,fault_heat_command,fault_pump_command,fault_valve_command,command_sequence,command_expires_us,command_expired,heat_demand_command,applied_heat_w,effective_hot_conductance_w_k,effective_sink_conductance_w_k,effective_pipe_resistance_pa_s2_m6,effective_valve_resistance_pa_s2_m6,terminal_boundary,solver_diagnostic_id
1,dropped_command,thermal_loop,0,event_boundary,0,0.0,1,0,0,,,DISARMED,,0,0,0,63,18446744073709551615,reconstructed_from_retained_wire,False,arm_initial,after,317.7911483254,301.1244816587,293.15,0.5274982823,0.65,0.0,0.0,0.00014999999998911826,18825.443784250852,0.0,,,,,,,,,,,,,,,,,,,,,,,,,,,,,,,,,,,,,,,,,0.0,0.0,1.0,0.0,1.0,1.0,0.0,1.0,1.0,,,True,1.0,0.0,300.0,500.0,600000000000.0,100000000000.0,,
1,dropped_command,thermal_loop,1,controller_tick,0,0.0,1,0,0,0,0,RUNNING,,1,1,62,1,0,reconstructed_from_retained_wire,True,,,317.7911483254,301.1244816587,293.15,0.5274982823,0.65,0.0,0.0,0.00014999999998911826,18825.443784250852,0.0,0.00015,301.124,293.15,317.791,0.0,150000,1,0,0,0,0,0,301124,1,0,0,0,0,0,293150,1,0,0,0,0,0,317791,1,0,0,0,0,0,0,1,0,0,0,0,0,1.0,0.527498,0.65,1.0,0.527498,0.65,1.0,0.527498,0.65,0,300000,False,1.0,5000.0,300.0,500.0,600000000000.0,100000000000.0,,
1,dropped_command,thermal_loop,2,controller_tick,100000,0.1,1,0,100000,1,100000,RUNNING,,0,0,62,1,0,reconstructed_from_retained_wire,True,,,317.7911483254015,301.1244816602444,293.14999999897066,0.5274982554356031,0.65,500.0,499.99999998265616,0.0001499999923499284,18825.441866769048,7.619291864102706e-10,0.00015,301.124,293.15,317.791,0.0,150000,1,1,100000,100000,100000,0,301124,1,1,100000,100000,100000,0,293150,1,1,100000,100000,100000,0,317791,1,1,100000,100000,100000,0,0,1,1,100000,100000,100000,0,1.0,0.527498,0.65,1.0,0.527498,0.65,1.0,0.527498,0.65,1,400000,False,1.0,5000.0,300.0,500.0,600000000000.0,100000000000.0,,0
1,dropped_command,thermal_loop,3,controller_tick,200000,0.2,1,0,200000,2,200000,RUNNING,,0,0,62,1,0,reconstructed_from_retained_wire,True,,,317.79114832541194,301.1244816646391,293.1499999960418,0.5274982311276916,0.65,1000.0,999.9999998654229,0.00014999998543770358,18825.440131759835,2.384012987022288e-10,0.00015,301.124,293.15,317.791,0.0,150000,1,2,200000,200000,200000,0,301124,1,2,200000,200000,200000,0,293150,1,2,200000,200000,200000,0,317791,1,2,200000,200000,200000,0,0,1,2,200000,200000,200000,0,1.0,0.527498,0.65,1.0,0.527498,0.65,1.0,0.527498,0.65,2,500000,False,1.0,5000.0,300.0,500.0,600000000000.0,100000000000.0,,1
1,dropped_command,thermal_loop,4,controller_tick,300000,0.3,1,0,300000,3,300000,RUNNING,,0,0,62,1,0,reconstructed_from_retained_wire,True,,,317.79114832543934,301.1244816715652,293.14999999142697,0.5274982091329836,0.65,1500.0000000000002,1499.9999995587523,0.00014999997918326388,18825.438561858653,-3.70391717297025e-10,0.00015,301.124,293.15,317.791,0.0,150000,1,3,300000,300000,300000,0,301124,1,3,300000,300000,300000,0,293150,1,3,300000,300000,300000,0,317791,1,3,300000,300000,300000,0,0,1,3,300000,300000,300000,0,1.0,0.527498,0.65,1.0,0.527498,0.65,1.0,0.527498,0.65,3,600000,False,1.0,5000.0,300.0,500.0,600000000000.0,100000000000.0,,2
1,dropped_command,thermal_loop,5,controller_tick,400000,0.4,1,0,400000,4,400000,RUNNING,,0,0,62,1,0,reconstructed_from_retained_wire,True,,,317.79114832549084,301.1244816807348,293.1499999853187,0.5274981892313491,0.65,2000.0000000000005,1999.9999989832415,0.00014999997352401284,18825.43714135339,-1.003400029730983e-09,0.00015,301.124,293.15,317.791,0.0,150000,1,4,400000,400000,400000,0,301124,1,4,400000,400000,400000,0,293150,1,4,400000,400000,400000,0,317791,1,4,400000,400000,400000,0,0,1,4,400000,400000,400000,0,1.0,0.527498,0.65,1.0,0.527498,0.65,1.0,0.527498,0.65,4,700000,False,1.0,5000.0,300.0,500.0,600000000000.0,100000000000.0,,3
1,dropped_command,thermal_loop,6,controller_tick,500000,0.5,1,0,500000,5,500000,RUNNING,,0,0,62,1,0,reconstructed_from_retained_wire,True,,,317.79114832557275,301.12448169188815,293.1499999778908,0.5274981712236053,0.65,2500.0000000000005,2499.999998068638,0.00014999996840331075,18825.435856027114,-2.630713424878195e-10,0.00015,301.124,293.15,317.791,0.0,150000,1,5,500000,500000,500000,0,301124,1,5,500000,500000,500000,0,293150,1,5,500000,500000,500000,0,317791,1,5,500000,500000,500000,0,0,1,5,500000,500000,500000,0,1.0,0.527498,0.65,1.0,0.527498,0.65,1.0,0.527498,0.65,5,800000,False,1.0,5000.0,300.0,500.0,600000000000.0,100000000000.0,,4
1,dropped_command,thermal_loop,7,controller_tick,600000,0.6,1,0,600000,6,600000,RUNNING,,0,0,62,1,0,reconstructed_from_retained_wire,True,,,317.7911483256905,301.1244817047911,293.1499999692998,0.5274981549295249,0.65,3000.0000000000005,2999.9999967529448,0.0001499999637699079,18825.43469301583,-9.179075277643278e-10,0.00015,301.124,293.15,317.791,0.0,150000,1,6,600000,600000,600000,0,301124,1,6,600000,600000,600000,0,293150,1,6,600000,600000,600000,0,317791,1,6,600000,600000,600000,0,0,1,6,600000,600000,600000,0,1.0,0.527498,0.65,1.0,0.527498,0.65,1.0,0.527498,0.65,6,900000,False,1.0,5000.0,300.0,500.0,600000000000.0,100000000000.0,,5
1,dropped_command,thermal_loop,8,controller_tick,700000,0.7,1,0,700000,7,700000,RUNNING,,0,0,62,1,0,reconstructed_from_retained_wire,True,,,317.79114832584884,301.1244817192325,293.14999995968714,0.5274981401860313,0.65,3500.0,3499.999994981602,0.00014999995957743156,18825.433640679745,-1.3694716471945867e-09,0.00015,301.124,293.15,317.791,0.0,150000,1,7,700000,700000,700000,0,301124,1,7,700000,700000,700000,0,293150,1,7,700000,700000,700000,0,317791,1,7,700000,700000,700000,0,0,1,7,700000,700000,700000,0,1.0,0.527498,0.65,1.0,0.527498,0.65,1.0,0.527498,0.65,7,1000000,False,1.0,5000.0,300.0,500.0,600000000000.0,100000000000.0,,6
1,dropped_command,thermal_loop,9,controller_tick,800000,0.8,1,0,800000,8,800000,RUNNING,,0,0,62,1,0,reconstructed_from_retained_wire,True,,,317.79114832605205,301.124481735022,293.14999994918014,0.5274981268455666,0.65,4000.0,3999.999992706762,0.00014999995578392217,18825.43268848671,-1.4620127330999821e-09,0.00015,301.124,293.15,317.791,0.0,150000,1,8,800000,800000,800000,0,301124,1,8,800000,800000,800000,0,293150,1,8,800000,800000,800000,0,317791,1,8,800000,800000,800000,0,0,1,8,800000,800000,800000,0,1.0,0.527498,0.65,1.0,0.527498,0.65,1.0,0.527498,0.65,8,1100000,False,1.0,5000.0,300.0,500.0,600000000000.0,100000000000.0,,7
1,dropped_command,thermal_loop,10,controller_tick,900000,0.9,1,0,900000,9,900000,RUNNING,,0,0,62,1,0,reconstructed_from_retained_wire,True,,,317.79114832630376,301.12448175198824,293.1499999378935,0.5274981147746151,0.65,4500.0,4499.999989886627,0.00014999995235141295,18825.43182690683,-1.6232206689892337e-09,0.00015,301.124,293.15,317.791,0.0,150000,1,9,900000,900000,900000,0,301124,1,9,900000,900000,900000,0,293150,1,9,900000,900000,900000,0,317791,1,9,900000,900000,900000,0,0,1,9,900000,900000,900000,0,1.0,0.527498,0.65,1.0,0.527498,0.65,1.0,0.527498,0.65,9,1200000,False,1.0,5000.0,300.0,500.0,600000000000.0,100000000000.0,,8
1,dropped_command,thermal_loop,11,controller_tick,1000000,1.0,1,0,1000000,10,1000000,RUNNING,,0,0,62,1,0,reconstructed_from_retained_wire,True,,,317.7911483266071,301.1244817699767,293.14999992593056,0.5274981038523663,0.65,5000.0,4999.999986484845,0.00014999994924555008,18825.431047317143,-1.9520030036801472e-09,0.00015,301.124,293.15,317.791,0.0,150000,1,10,1000000,1000000,1000000,0,301124,1,10,1000000,1000000,1000000,0,293150,1,10,1000000,1000000,1000000,0,317791,1,10,1000000,1000000,1000000,0,0,1,10,1000000,1000000,1000000,0,1.0,0.527498,0.65,1.0,0.527498,0.65,1.0,0.527498,0.65,10,1300000,False,1.0,5000.0,300.0,500.0,600000000000.0,100000000000.0,,9
1,dropped_command,thermal_loop,12,controller_tick,1100000,1.1,1,0,1100000,11,1100000,RUNNING,,0,0,62,1,0,reconstructed_from_retained_wire,True,,,317.7911483269648,301.1244817888483,293.1499999133844,0.527498093969507,0.65,5500.0,5499.99998246997,0.00014999994643524918,18825.430341915227,-1.5263594832504168e-09,0.00015,301.124,293.15,317.791,0.0,150000,1,11,1100000,1100000,1100000,0,301124,1,11,1100000,1100000,1100000,0,293150,1,11,1100000,1100000,1100000,0,317791,1,11,1100000,1100000,1100000,0,0,1,11,1100000,1100000,1100000,0,1.0,0.527498,0.65,1.0,0.527498,0.65,1.0,0.527498,0.65,11,1400000,False,1.0,5000.0,300.0,500.0,600000000000.0,100000000000.0,,10
1,dropped_command,thermal_loop,13,controller_tick,1200000,1.2,1,0,1200000,12,1200000,RUNNING,,0,0,62,1,0,reconstructed_from_retained_wire,True,,,317.7911483273791,301.12448180847804,293.14999990033874,0.527498085027126,0.65,6000.0,5999.9999778149695,0.00014999994389238374,18825.429703641195,-1.4076704246690497e-09,0.00015,301.124,293.15,317.791,0.0,150000,1,12,1200000,1200000,1200000,0,301124,1,12,1200000,1200000,1200000,0,293150,1,12,1200000,1200000,1200000,0,317791,1,12,1200000,1200000,1200000,0,0,1,12,1200000,1200000,1200000,0,1.0,0.527498,0.65,1.0,0.527498,0.65,1.0,0.527498,0.65,12,1500000,False,1.0,5000.0,300.0,500.0,600000000000.0,100000000000.0,,11
1,dropped_command,thermal_loop,14,controller_tick,1300000,1.3,1,0,1300000,13,1300000,RUNNING,,0,0,62,1,0,reconstructed_from_retained_wire,True,,,317.791148327852,301.12448182875346,293.14999988686884,0.527498076935725,0.65,6500.0,6499.999972496782,0.00014999994159150396,18825.429126106967,-8.167262421920896e-10,0.00015,301.124,293.15,317.791,0.0,150000,1,13,1300000,1300000,1300000,0,301124,1,13,1300000,1300000,1300000,0,293150,1,13,1300000,1300000,1300000,0,317791,1,13,1300000,1300000,1300000,0,0,1,13,1300000,1300000,1300000,0,1.0,0.527498,0.65,1.0,0.527498,0.65,1.0,0.527498,0.65,13,1600000,False,1.0,5000.0,300.0,500.0,600000000000.0,100000000000.0,,12
1,dropped_command,thermal_loop,15,controller_tick,1400000,1.4,1,0,1400000,14,1400000,RUNNING,,0,0,62,1,0,reconstructed_from_retained_wire,True,,,317.7911483283851,301.1244818495733,293.14999987304236,0.5274980696143229,0.65,7000.0,6999.999966495919,0.00014999993950958187,18825.428603532415,-8.567440090700984e-10,0.00015,301.124,293.15,317.791,0.0,150000,1,14,1400000,1400000,1400000,0,301124,1,14,1400000,1400000,1400000,0,293150,1,14,1400000,1400000,1400000,0,317791,1,14,1400000,1400000,1400000,0,0,1,14,1400000,1400000,1400000,0,1.0,0.527498,0.65,1.0,0.527498,0.65,1.0,0.527498,0.65,14,1700000,False,1.0,5000.0,300.0,500.0,600000000000.0,100000000000.0,,13
1,dropped_command,thermal_loop,16,controller_tick,1500000,1.5,1,0,1500000,15,1500000,RUNNING,,0,0,62,1,0,reconstructed_from_retained_wire,True,,,317.7911483289796,301.1244818708469,293.1499998589201,0.5274980629896441,0.65,7500.0,7499.999959796098,0.0001499999376257808,18825.428130687396,-1.0270468919770792e-09,0.00015,301.124,293.15,317.791,0.0,150000,1,15,1500000,1500000,1500000,0,301124,1,15,1500000,1500000,1500000,0,293150,1,15,1500000,1500000,1500000,0,317791,1,15,1500000,1500000,1500000,0,0,1,15,1500000,1500000,1500000,0,1.0,0.527498,0.65,1.0,0.527498,0.65,1.0,0.527498,0.65,15,1800000,False,1.0,5000.0,300.0,500.0,600000000000.0,100000000000.0,,14
1,dropped_command,thermal_loop,17,controller_tick,1600000,1.6,1,0,1600000,16,1600000,RUNNING,,0,0,62,1,0,reconstructed_from_retained_wire,True,,,317.79114832963666,301.12448189249267,293.1499998445568,0.527498056995387,0.65,8000.0,7999.9999523839215,0.00014999993592124718,18825.42770283955,-1.23463905765675e-10,0.00015,301.124,293.15,317.791,0.0,150000,1,16,1600000,1600000,1600000,0,301124,1,16,1600000,1600000,1600000,0,293150,1,16,1600000,1600000,1600000,0,317791,1,16,1600000,1600000,1600000,0,0,1,16,1600000,1600000,1600000,0,1.0,0.527498,0.65,1.0,0.527498,0.65,1.0,0.527498,0.65,16,1900000,False,1.0,5000.0,300.0,500.0,600000000000.0,100000000000.0,,15
1,dropped_command,thermal_loop,18,controller_tick,1700000,1.7,1,0,1700000,17,1700000,RUNNING,,0,0,62,1,0,reconstructed_from_retained_wire,True,,,317.791148330357,301.12448191443747,293.14999983000126,0.5274980515715588,0.65,8500.000000000002,8499.999944248582,0.00014999993437892135,18825.42731570681,-3.7766767491120845e-10,0.00015,301.124,293.15,317.791,0.0,150000,1,17,1700000,1700000,1700000,0,301124,1,17,1700000,1700000,1700000,0,293150,1,17,1700000,1700000,1700000,0,317791,1,17,1700000,1700000,1700000,0,0,1,17,1700000,1700000,1700000,0,1.0,0.527498,0.65,1.0,0.527498,0.65,1.0,0.527498,0.65,17,2000000,False,1.0,5000.0,300.0,500.0,600000000000.0,100000000000.0,,16
1,dropped_command,thermal_loop,19,controller_tick,1800000,1.8,1,0,1800000,18,1800000,RUNNING,,0,0,62,1,0,reconstructed_from_retained_wire,True,,,317.7911483311413,301.12448193661567,293.14999981529746,0.5274980466638761,0.65,9000.000000000002,8999.999935381584,0.0001499999329833672,18825.42696541462,-4.160938260611147e-11,0.00015,301.124,293.15,317.791,0.0,150000,1,18,1800000,1800000,1800000,0,301124,1,18,1800000,1800000,1800000,0,293150,1,18,1800000,1800000,1800000,0,317791,1,18,1800000,1800000,1800000,0,0,1,18,1800000,1800000,1800000,0,1.0,0.527498,0.65,1.0,0.527498,0.65,1.0,0.527498,0.65,18,2100000,False,1.0,5000.0,300.0,500.0,600000000000.0,100000000000.0,,17
1,dropped_command,thermal_loop,20,controller_tick,1900000,1.9,1,0,1900000,19,1900000,RUNNING,,0,0,62,1,0,reconstructed_from_retained_wire,True,,,317.79114833199,301.1244819589687,293.1499998004847,0.5274980422232212,0.65,9500.000000000002,9499.999925776516,0.00014999993172061762,18825.42664845714,9.722498361952603e-10,0.00015,301.124,293.15,317.791,0.0,150000,1,19,1900000,1900000,1900000,0,301124,1,19,1900000,1900000,1900000,0,293150,1,19,1900000,1900000,1900000,0,317791,1,19,1900000,1900000,1900000,0,0,1,19,1900000,1900000,1900000,0,1.0,0.527498,0.65,1.0,0.527498,0.65,1.0,0.527498,0.65,19,2200000,False,1.0,5000.0,300.0,500.0,600000000000.0,100000000000.0,,18
1,dropped_command,thermal_loop,21,controller_tick,2000000,2.0,1,0,2000000,20,2000000,RUNNING,,0,0,62,1,0,reconstructed_from_retained_wire,True,,,317.7911483329032,301.1244819814441,293.149999785598,0.5274980382051504,0.65,10000.000000000002,9999.999915428825,0.00014999993057803455,18825.426361662154,1.0975327313644812e-09,0.00015,301.124,293.15,317.791,0.0,150000,1,20,2000000,2000000,2000000,0,301124,1,20,2000000,2000000,2000000,0,293150,1,20,2000000,2000000,2000000,0,317791,1,20,2000000,2000000,2000000,0,0,1,20,2000000,2000000,2000000,0,1.0,0.527498,0.65,1.0,0.527498,0.65,1.0,0.527498,0.65,20,2300000,False,1.0,5000.0,300.0,500.0,600000000000.0,100000000000.0,,19
1,dropped_command,thermal_loop,22,controller_tick,2100000,2.1,1,0,2100000,21,2100000,RUNNING,,0,0,62,1,0,reconstructed_from_retained_wire,True,,,317.7911483338812,301.12448200399484,293.1499997706689,0.5274980345694497,0.65,10500.000000000004,10499.999904335615,0.00014999992954418265,18825.426102159327,8.033111953409389e-10,0.00015,301.124,293.15,317.791,0.0,150000,1,21,2100000,2100000,2100000,0,301124,1,21,2100000,2100000,2100000,0,293150,1,21,2100000,2100000,2100000,0,317791,1,21,2100000,2100000,2100000,0,0,1,21,2100000,2100000,2100000,0,1.0,0.527498,0.65,1.0,0.527498,0.65,1.0,0.527498,0.65,21,2400000,False,1.0,5000.0,300.0,500.0,600000000000.0,100000000000.0,,20
1,dropped_command,thermal_loop,23,controller_tick,2200000,2.2,1,0,2200000,22,2200000,RUNNING,,0,0,62,1,0,reconstructed_from_retained_wire,True,,,317.7911483349239,301.1244820265792,293.14999975572533,0.5274980312797316,0.65,11000.000000000004,10999.999892495478,0.00014999992860871474,18825.425867351463,2.5715962692629546e-10,0.00015,301.124,293.15,317.791,0.0,150000,1,22,2200000,2200000,2200000,0,301124,1,22,2200000,2200000,2200000,0,293150,1,22,2200000,2200000,2200000,0,317791,1,22,2200000,2200000,2200000,0,0,1,22,2200000,2200000,2200000,0,1.0,0.527498,0.65,1.0,0.527498,0.65,1.0,0.527498,0.65,22,2500000,False,1.0,5000.0,300.0,500.0,600000000000.0,100000000000.0,,21
1,dropped_command,thermal_loop,24,controller_tick,2300000,2.3,1,0,2300000,23,2300000,RUNNING,,0,0,62,1,0,reconstructed_from_retained_wire,True,,,317.7911483360311,301.1244820491599,293.1499997407924,0.5274980283030716,0.65,11500.000000000005,11499.999879908333,0.00014999992776226838,18825.425654888517,7.571543392259628e-10,0.00015,301.124,293.15,317.791,0.0,150000,1,23,2300000,2300000,2300000,0,301124,1,23,2300000,2300000,2300000,0,293150,1,23,2300000,2300000,2300000,0,317791,1,23,2300000,2300000,2300000,0,0,1,23,2300000,2300000,2300000,0,1.0,0.527498,0.65,1.0,0.527498,0.65,1.0,0.527498,0.65,23,2600000,False,1.0,5000.0,300.0,500.0,600000000000.0,100000000000.0,,22
1,dropped_command,thermal_loop,25,controller_tick,2400000,2.4,1,0,2400000,24,2400000,RUNNING,,0,0,62,1,0,reconstructed_from_retained_wire,True,,,317.7911483372025,301.1244820717037,293.1499997258922,0.5274980256096782,0.65,12000.000000000005,11999.999866575272,0.00014999992699637202,18825.425462644092,-1.566604623803869e-10,0.00015,301.124,293.15,317.791,0.0,150000,1,24,2400000,2400000,2400000,0,301124,1,24,2400000,2400000,2400000,0,293150,1,24,2400000,2400000,2400000,0,317791,1,24,2400000,2400000,2400000,0,0,1,24,2400000,2400000,2400000,0,1.0,0.527498,0.65,1.0,0.527498,0.65,1.0,0.527498,0.65,24,2700000,False,1.0,5000.0,300.0,500.0,600000000000.0,100000000000.0,,23
1,dropped_command,thermal_loop,26,controller_tick,2500000,2.5,1,0,2500000,25,2500000,RUNNING,,0,0,62,1,0,reconstructed_from_retained_wire,True,,,317.79114833843795,301.1244820941813,293.14999971104453,0.5274980231725951,0.65,12500.000000000007,12499.999852498433,0.00014999992630336035,18825.425288694147,2.2873791749589145e-10,0.00015,301.124,293.15,317.791,0.0,150000,1,25,2500000,2500000,2500000,0,301124,1,25,2500000,2500000,2500000,0,293150,1,25,2500000,2500000,2500000,0,317791,1,25,2500000,2500000,2500000,0,0,1,25,2500000,2500000,2500000,0,1.0,0.527498,0.65,1.0,0.527498,0.65,1.0,0.527498,0.65,25,2800000,False,1.0,5000.0,300.0,500.0,600000000000.0,100000000000.0,,24
1,dropped_command,thermal_loop,27,controller_tick,2600000,2.6,1,0,2600000,26,2600000,RUNNING,,0,0,62,1,0,reconstructed_from_retained_wire,True,,,317.7911483397369,301.1244821165665,293.1499996962669,0.5274980209674311,0.65,13000.00000000001,12999.999837680894,0.00014999992567629747,18825.425131297736,8.274128049379215e-10,0.00015,301.124,293.15,317.791,0.0,150000,1,26,2600000,2600000,2600000,0,301124,1,26,2600000,2600000,2600000,0,293150,1,26,2600000,2600000,2600000,0,317791,1,26,2600000,2600000,2600000,0,0,1,26,2600000,2600000,2600000,0,1.0,0.527498,0.65,1.0,0.527498,0.65,1.0,0.527498,0.65,26,2900000,False,1.0,5000.0,300.0,500.0,600000000000.0,100000000000.0,,25
1,dropped_command,thermal_loop,28,controller_tick,2700000,2.7,1,0,2700000,27,2700000,RUNNING,,0,0,62,1,0,reconstructed_from_retained_wire,True,,,317.7911483410988,301.1244821388363,293.1499996815747,0.5274980189721162,0.65,13500.000000000011,13499.99982212655,0.0001499999251089075,18825.424988879568,6.55518306302838e-10,0.00015,301.124,293.15,317.791,0.0,150000,1,27,2700000,2700000,2700000,0,301124,1,27,2700000,2700000,2700000,0,293150,1,27,2700000,2700000,2700000,0,317791,1,27,2700000,2700000,2700000,0,0,1,27,2700000,2700000,2700000,0,1.0,0.527498,0.65,1.0,0.527498,0.65,1.0,0.527498,0.65,27,3000000,False,1.0,5000.0,300.0,500.0,600000000000.0,100000000000.0,,26
1,dropped_command,thermal_loop,29,controller_tick,2800000,2.8,1,0,2800000,28,2800000,RUNNING,,0,0,62,1,0,reconstructed_from_retained_wire,True,,,317.7911483425231,301.12448216097033,293.1499996669816,0.5274980171666807,0.65,14000.000000000013,13999.99980584002,0.0001499999245955118,18825.424860014282,7.855760486563668e-10,0.00015,301.124,293.15,317.791,0.0,150000,1,28,2800000,2800000,2800000,0,301124,1,28,2800000,2800000,2800000,0,293150,1,28,2800000,2800000,2800000,0,317791,1,28,2800000,2800000,2800000,0,0,1,28,2800000,2800000,2800000,0,1.0,0.527498,0.65,1.0,0.527498,0.65,1.0,0.527498,0.65,28,3100000,False,1.0,5000.0,300.0,500.0,600000000000.0,100000000000.0,,27
1,dropped_command,thermal_loop,30,controller_tick,2900000,2.9,1,0,2900000,29,2900000,RUNNING,,0,0,62,1,0,reconstructed_from_retained_wire,True,,,317.7911483440093,301.12448218295077,293.14999965249956,0.5274980155330551,0.65,14500.000000000015,14499.999788826564,0.0001499999241309722,18825.424743412157,5.579749995376915e-10,0.00015,301.124,293.15,317.791,0.0,150000,1,29,2900000,2900000,2900000,0,301124,1,29,2900000,2900000,2900000,0,293150,1,29,2900000,2900000,2900000,0,317791,1,29,2900000,2900000,2900000,0,0,1,29,2900000,2900000,2900000,0,1.0,0.527498,0.65,1.0,0.527498,0.65,1.0,0.527498,0.65,29,3200000,False,1.0,5000.0,300.0,500.0,600000000000.0,100000000000.0,,28
1,dropped_command,thermal_loop,31,controller_tick,3000000,3.0,1,0,3000000,30,3000000,RUNNING,,0,0,62,1,0,reconstructed_from_retained_wire,True,,,317.7911483455566,301.1244822047619,293.14999963813915,0.5274980140548895,0.65,15000.000000000015,14999.999771092007,0.0001499999237106394,18825.424637906184,6.391474016709253e-10,0.00015,301.124,293.15,317.791,0.0,150000,1,30,3000000,3000000,3000000,0,301124,1,30,3000000,3000000,3000000,0,293150,1,30,3000000,3000000,3000000,0,317791,1,30,3000000,3000000,3000000,0,0,1,30,3000000,3000000,3000000,0,1.0,0.527498,0.65,1.0,0.527498,0.65,1.0,0.527498,0.65,30,3300000,False,1.0,5000.0,300.0,500.0,600000000000.0,100000000000.0,,29
1,dropped_command,thermal_loop,32,controller_tick,3100000,3.1,1,0,3100000,31,3100000,RUNNING,,0,0,62,1,0,reconstructed_from_retained_wire,True,,,317.7911483471643,301.12448222639006,293.14999962390954,0.5274980127173898,0.65,15500.000000000016,15499.999752642661,0.00014999992333030653,18825.424542440425,5.691163096344098e-10,0.00015,301.124,293.15,317.791,0.0,150000,1,31,3100000,3100000,3100000,0,301124,1,31,3100000,3100000,3100000,0,293150,1,31,3100000,3100000,3100000,0,317791,1,31,3100000,3100000,3100000,0,0,1,31,3100000,3100000,3100000,0,1.0,0.527498,0.65,1.0,0.527498,0.65,1.0,0.527498,0.65,31,3400000,False,1.0,5000.0,300.0,500.0,600000000000.0,100000000000.0,,30
1,dropped_command,thermal_loop,33,controller_tick,3200000,3.2,1,0,3200000,32,3200000,RUNNING,,0,0,62,1,0,reconstructed_from_retained_wire,True,,,317.7911483488317,301.12448224782355,293.14999960981856,0.5274980115071701,0.65,16000.000000000018,15999.999733485272,0.0001499999229861671,18825.424456059438,2.7330315788276494e-10,0.00015,301.124,293.15,317.791,0.0,150000,1,32,3200000,3200000,3200000,0,301124,1,32,3200000,3200000,3200000,0,293150,1,32,3200000,3200000,3200000,0,317791,1,32,3200000,3200000,3200000,0,0,1,32,3200000,3200000,3200000,0,1.0,0.527498,0.65,1.0,0.527498,0.65,1.0,0.527498,0.65,32,3500000,False,1.0,5000.0,300.0,500.0,600000000000.0,100000000000.0,,31
1,dropped_command,thermal_loop,34,controller_tick,3300000,3.3,1,0,3300000,33,3300000,RUNNING,,0,0,62,1,0,reconstructed_from_retained_wire,True,,,317.79114835055805,301.12448226905195,293.1499995958732,0.5274980104121181,0.65,16500.00000000002,16499.99971362695,0.00014999992267477686,18825.424377898686,1.8530954548623413e-10,0.00015,301.124,293.15,317.791,0.0,150000,1,33,3300000,3300000,3300000,0,301124,1,33,3300000,3300000,3300000,0,293150,1,33,3300000,3300000,3300000,0,317791,1,33,3300000,3300000,3300000,0,0,1,33,3300000,3300000,3300000,0,1.0,0.527498,0.65,1.0,0.527498,0.65,1.0,0.527498,0.65,33,3600000,False,1.0,5000.0,300.0,500.0,600000000000.0,100000000000.0,,32
1,dropped_command,thermal_loop,35,controller_tick,3400000,3.4,1,0,3400000,34,3400000,RUNNING,,0,0,62,1,0,reconstructed_from_retained_wire,True,,,317.7911483523424,301.1244822900667,293.1499995820794,0.5274980094212741,0.65,17000.00000000002,16999.999693075122,0.00014999992239301936,18825.424307175927,3.0399860406760126e-10,0.00015,301.124,293.15,317.791,0.0,150000,1,34,3400000,3400000,3400000,0,301124,1,34,3400000,3400000,3400000,0,293150,1,34,3400000,3400000,3400000,0,317791,1,34,3400000,3400000,3400000,0,0,1,34,3400000,3400000,3400000,0,1.0,0.527498,0.65,1.0,0.527498,0.65,1.0,0.527498,0.65,34,3700000,False,1.0,5000.0,300.0,500.0,600000000000.0,100000000000.0,,33
1,dropped_command,thermal_loop,36,controller_tick,3500000,3.5,1,0,3500000,35,3500000,RUNNING,,0,0,62,1,0,reconstructed_from_retained_wire,True,,,317.7911483541841,301.1244823108601,293.14999956844207,0.5274980085247214,0.65,17500.00000000002,17499.999671837497,0.00014999992213807464,18825.42424318332,7.055405149003491e-10,0.00015,301.124,293.15,317.791,0.0,150000,1,35,3500000,3500000,3500000,0,301124,1,35,3500000,3500000,3500000,0,293150,1,35,3500000,3500000,3500000,0,317791,1,35,3500000,3500000,3500000,0,0,1,35,3500000,3500000,3500000,0,1.0,0.527498,0.65,1.0,0.527498,0.65,1.0,0.527498,0.65,35,3800000,False,1.0,5000.0,300.0,500.0,600000000000.0,100000000000.0,,34
1,dropped_command,thermal_loop,37,controller_tick,3600000,3.6,1,0,3600000,36,3600000,RUNNING,,0,0,62,1,0,reconstructed_from_retained_wire,True,,,317.7911483560822,301.124482331426,293.1499995549655,0.5274980077134869,0.65,18000.00000000002,17999.99964992201,0.00014999992190739108,18825.424185280415,1.276703187613748e-09,0.00015,301.124,293.15,317.791,0.0,150000,1,36,3600000,3600000,3600000,0,301124,1,36,3600000,3600000,3600000,0,293150,1,36,3600000,3600000,3600000,0,317791,1,36,3600000,3600000,3600000,0,0,1,36,3600000,3600000,3600000,0,1.0,0.527498,0.65,1.0,0.527498,0.65,1.0,0.527498,0.65,36,3900000,False,1.0,5000.0,300.0,500.0,600000000000.0,100000000000.0,,35
1,dropped_command,thermal_loop,38,controller_tick,3700000,3.7,1,0,3700000,37,3700000,RUNNING,,0,0,62,1,0,reconstructed_from_retained_wire,True,,,317.79114835803585,301.1244823517591,293.1499995416532,0.5274980069794516,0.65,18500.000000000022,18499.99962733679,0.00014999992169866,18825.424132887703,8.085407898761332e-10,0.00015,301.124,293.15,317.791,0.0,150000,1,37,3700000,3700000,3700000,0,301124,1,37,3700000,3700000,3700000,0,293150,1,37,3700000,3700000,3700000,0,317791,1,37,3700000,3700000,3700000,0,0,1,37,3700000,3700000,3700000,0,1.0,0.527498,0.65,1.0,0.527498,0.65,1.0,0.527498,0.65,37,4000000,False,1.0,5000.0,300.0,500.0,600000000000.0,100000000000.0,,36
1,dropped_command,thermal_loop,39,controller_tick,3800000,3.8,1,0,3800000,38,3800000,RUNNING,,0,0,62,1,0,reconstructed_from_retained_wire,True,,,317.79114836004425,301.12448237185515,293.14999952850803,0.527498006315269,0.65,19000.000000000022,18999.99960409012,0.0001499999215097923,18825.424085480816,5.843503458891064e-10,0.00015,301.124,293.15,317.791,0.0,150000,1,38,3800000,3800000,3800000,0,301124,1,38,3800000,3800000,3800000,0,293150,1,38,3800000,3800000,3800000,0,317791,1,38,3800000,3800000,3800000,0,0,1,38,3800000,3800000,3800000,0,1.0,0.527498,0.65,1.0,0.527498,0.65,1.0,0.527498,0.65,38,4100000,False,1.0,5000.0,300.0,500.0,600000000000.0,100000000000.0,,37
1,dropped_command,thermal_loop,40,controller_tick,3900000,3.9,1,0,3900000,39,3900000,RUNNING,,0,0,62,1,0,reconstructed_from_retained_wire,True,,,317.7911483621064,301.12448239171067,293.1499995155324,0.5274980057142916,0.65,19500.000000000025,19499.99958019042,0.0001499999213388977,18825.424042585284,6.45741238258779e-11,0.00015,301.124,293.15,317.791,0.0,150000,1,39,3900000,3900000,3900000,0,301124,1,39,3900000,3900000,3900000,0,293150,1,39,3900000,3900000,3900000,0,317791,1,39,3900000,3900000,3900000,0,0,1,39,3900000,3900000,3900000,0,1.0,0.527498,0.65,1.0,0.527498,0.65,1.0,0.527498,0.65,39,4200000,False,1.0,5000.0,300.0,500.0,600000000000.0,100000000000.0,,38
1,dropped_command,thermal_loop,41,controller_tick,4000000,4.0,1,0,4000000,40,4000000,RUNNING,,0,0,62,1,0,reconstructed_from_retained_wire,True,,,317.79114836422156,301.1244824113231,293.149999502728,0.5274980051705048,0.65,20000.00000000003,19999.999555646213,0.00014999992118426588,18825.424003771805,5.979927664157003e-11,0.00015,301.124,293.15,317.791,0.0,150000,1,40,4000000,4000000,4000000,0,301124,1,40,4000000,4000000,4000000,0,293150,1,40,4000000,4000000,4000000,0,317791,1,40,4000000,4000000,4000000,0,0,1,40,4000000,4000000,4000000,0,1.0,0.527498,0.65,1.0,0.527498,0.65,1.0,0.527498,0.65,40,4300000,False,1.0,5000.0,300.0,500.0,600000000000.0,100000000000.0,,39
1,dropped_command,thermal_loop,42,controller_tick,4100000,4.1,1,0,4100000,41,4100000,RUNNING,,0,0,62,1,0,reconstructed_from_retained_wire,True,,,317.7911483663887,301.1244824306903,293.1499994900963,0.5274980046784663,0.65,20500.00000000003,20499.9995304661,0.00014999992104434924,18825.42396865192,2.1964297047816217e-10,0.00015,301.124,293.15,317.791,0.0,150000,1,41,4100000,4100000,4100000,0,301124,1,41,4100000,4100000,4100000,0,293150,1,41,4100000,4100000,4100000,0,317791,1,41,4100000,4100000,4100000,0,0,1,41,4100000,4100000,4100000,0,1.0,0.527498,0.65,1.0,0.527498,0.65,1.0,0.527498,0.65,41,4400000,False,1.0,5000.0,300.0,500.0,600000000000.0,100000000000.0,,40
1,dropped_command,thermal_loop,43,controller_tick,4200000,4.2,1,0,4200000,42,4200000,RUNNING,,0,0,62,1,0,reconstructed_from_retained_wire,True,,,317.791148368607,301.124482449811,293.1499994776381,0.5274980042332513,0.65,21000.000000000025,20999.999504658732,0.00014999992091774744,18825.423936874133,-7.532889867434278e-10,0.00015,301.124,293.15,317.791,0.0,150000,1,42,4200000,4200000,4200000,0,301124,1,42,4200000,4200000,4200000,0,293150,1,42,4200000,4200000,4200000,0,317791,1,42,4200000,4200000,4200000,0,0,1,42,4200000,4200000,4200000,0,1.0,0.527498,0.65,1.0,0.527498,0.65,1.0,0.527498,0.65,42,4500000,False,1.0,5000.0,300.0,500.0,600000000000.0,100000000000.0,,41
1,dropped_command,thermal_loop,44,controller_tick,4300000,4.3,1,0,4300000,43,4300000,RUNNING,,0,0,62,1,0,reconstructed_from_retained_wire,True,,,317.7911483708756,301.12448246868445,293.14999946535414,0.5274980038304042,0.65,21500.000000000025,21499.99947823281,0.00014999992080319338,18825.423908120407,-1.7394086171407253e-10,0.00015,301.124,293.15,317.791,0.0,150000,1,43,4300000,4300000,4300000,0,301124,1,43,4300000,4300000,4300000,0,293150,1,43,4300000,4300000,4300000,0,317791,1,43,4300000,4300000,4300000,0,0,1,43,4300000,4300000,4300000,0,1.0,0.527498,0.65,1.0,0.527498,0.65,1.0,0.527498,0.65,43,4600000,False,1.0,5000.0,300.0,500.0,600000000000.0,100000000000.0,,42
1,dropped_command,thermal_loop,45,controller_tick,4400000,4.4,1,0,4400000,44,4400000,RUNNING,,0,0,62,1,0,reconstructed_from_retained_wire,True,,,317.79114837319355,301.1244824873102,293.1499994532445,0.527498003465893,0.65,22000.000000000025,21999.99945119705,0.00014999992069954056,18825.42388210295,2.5056579033844173e-10,0.00015,301.124,293.15,317.791,0.0,150000,1,44,4400000,4400000,4400000,0,301124,1,44,4400000,4400000,4400000,0,293150,1,44,4400000,4400000,4400000,0,317791,1,44,4400000,4400000,4400000,0,0,1,44,4400000,4400000,4400000,0,1.0,0.527498,0.65,1.0,0.527498,0.65,1.0,0.527498,0.65,44,4700000,False,1.0,5000.0,300.0,500.0,600000000000.0,100000000000.0,,43
1,dropped_command,thermal_loop,46,controller_tick,4500000,4.5,1,0,4500000,45,4500000,RUNNING,,0,0,62,1,0,reconstructed_from_retained_wire,True,,,317.79114837556,301.1244825056883,293.14999944130926,0.5274980031360698,0.65,22500.000000000025,22499.99942356017,0.00014999992060575165,18825.423858561386,8.546976459911093e-10,0.00015,301.124,293.15,317.791,0.0,150000,1,45,4500000,4500000,4500000,0,301124,1,45,4500000,4500000,4500000,0,293150,1,45,4500000,4500000,4500000,0,317791,1,45,4500000,4500000,4500000,0,0,1,45,4500000,4500000,4500000,0,1.0,0.527498,0.65,1.0,0.527498,0.65,1.0,0.527498,0.65,45,4800000,False,1.0,5000.0,300.0,500.0,600000000000.0,100000000000.0,,44
1,dropped_command,thermal_loop,47,controller_tick,4600000,4.6,1,0,4600000,46,4600000,RUNNING,,0,0,62,1,0,reconstructed_from_retained_wire,True,,,317.79114837797397,301.1244825238193,293.14999942954796,0.5274980028376334,0.65,23000.000000000025,22999.999395330877,0.00014999992052088795,18825.42383726011,-2.660272002685815e-10,0.00015,301.124,293.15,317.791,0.0,150000,1,46,4600000,4600000,4600000,0,301124,1,46,4600000,4600000,4600000,0,293150,1,46,4600000,4600000,4600000,0,317791,1,46,4600000,4600000,4600000,0,0,1,46,4600000,4600000,4600000,0,1.0,0.527498,0.65,1.0,0.527498,0.65,1.0,0.527498,0.65,46,4900000,False,1.0,5000.0,300.0,500.0,600000000000.0,100000000000.0,,45
1,dropped_command,thermal_loop,48,controller_tick,4700000,4.7,1,0,4700000,47,4700000,RUNNING,,0,0,62,1,0,reconstructed_from_retained_wire,True,,,317.7911483804347,301.124482541704,293.1499994179602,0.5274980025675968,0.65,23500.000000000025,23499.99936651786,0.00014999992044410003,18825.423817985902,-1.5052137314341962e-10,0.00015,301.124,293.15,317.791,0.0,150000,1,47,4700000,4700000,4700000,0,301124,1,47,4700000,4700000,4700000,0,293150,1,47,4700000,4700000,4700000,0,317791,1,47,4700000,4700000,4700000,0,0,1,47,4700000,4700000,4700000,0,1.0,0.527498,0.65,1.0,0.527498,0.65,1.0,0.527498,0.65,47,5000000,False,1.0,5000.0,300.0,500.0,600000000000.0,100000000000.0,,46
1,dropped_command,thermal_loop,49,controller_tick,4800000,4.8,1,0,4800000,48,4800000,RUNNING,,0,0,62,1,0,reconstructed_from_retained_wire,True,,,317.7911483829413,301.12448255934356,293.1499994065452,0.5274980023232577,0.65,24000.000000000025,23999.999337129775,0.0001499999203746195,18825.423800545883,-2.7898749976884574e-10,0.00015,301.124,293.15,317.791,0.0,150000,1,48,4800000,4800000,4800000,0,301124,1,48,4800000,4800000,4800000,0,293150,1,48,4800000,4800000,4800000,0,317791,1,48,4800000,4800000,4800000,0,0,1,48,4800000,4800000,4800000,0,1.0,0.527498,0.65,1.0,0.527498,0.65,1.0,0.527498,0.65,48,5100000,False,1.0,5000.0,300.0,500.0,600000000000.0,100000000000.0,,47
1,dropped_command,thermal_loop,50,controller_tick,4900000,4.9,1,0,4900000,49,4900000,RUNNING,,0,0,62,1,0,reconstructed_from_retained_wire,True,,,317.7911483854928,301.12448257673935,293.14999939530196,0.5274980021021706,0.65,24500.000000000025,24499.99930717524,0.00014999992031175093,18825.423784765502,-8.008100849110633e-10,0.00015,301.124,293.15,317.791,0.0,150000,1,49,4900000,4900000,4900000,0,301124,1,49,4900000,4900000,4900000,0,293150,1,49,4900000,4900000,4900000,0,317791,1,49,4900000,4900000,4900000,0,0,1,49,4900000,4900000,4900000,0,1.0,0.527498,0.65,1.0,0.527498,0.65,1.0,0.527498,0.65,49,5200000,False,1.0,5000.0,300.0,500.0,600000000000.0,100000000000.0,,48
1,dropped_command,thermal_loop,51,controller_tick,5000000,5.0,1,0,5000000,50,5000000,RUNNING,,0,0,62,1,0,reconstructed_from_retained_wire,True,,,317.7911483880885,301.124482593893,293.14999938422955,0.5274980019021226,0.65,25000.000000000025,24999.99927666282,0.00014999992025486507,18825.42377048682,8.139977580867708e-11,0.00015,301.124,293.15,317.791,0.0,150000,1,50,5000000,5000000,5000000,0,301124,1,50,5000000,5000000,5000000,0,293150,1,50,5000000,5000000,5000000,0,317791,1,50,5000000,5000000,5000000,0,0,1,50,5000000,5000000,5000000,0,1.0,0.527498,0.65,1.0,0.527498,0.65,1.0,0.527498,0.65,50,5300000,False,1.0,5000.0,300.0,500.0,600000000000.0,100000000000.0,,49
1,dropped_command,thermal_loop,52,controller_tick,5100000,5.1,1,0,5100000,51,5100000,RUNNING,,0,0,62,1,0,reconstructed_from_retained_wire,True,,,317.79114839072736,301.12448261080635,293.1499993733266,0.5274980017211117,0.65,25500.000000000025,25499.99924560102,0.0001499999202033926,18825.42375756694,-7.878497854107991e-10,0.00015,301.124,293.15,317.791,0.0,150000,1,51,5100000,5100000,5100000,0,301124,1,51,5100000,5100000,5100000,0,293150,1,51,5100000,5100000,5100000,0,317791,1,51,5100000,5100000,5100000,0,0,1,51,5100000,5100000,5100000,0,1.0,0.527498,0.65,1.0,0.527498,0.65,1.0,0.527498,0.65,51,5400000,False,1.0,5000.0,300.0,500.0,600000000000.0,100000000000.0,,50
1,dropped_command,thermal_loop,53,controller_tick,5200000,5.2,1,0,5200000,52,5200000,RUNNING,,0,0,62,1,0,reconstructed_from_retained_wire,True,,,317.79114839340866,301.1244826274814,293.14999936259187,0.5274980015573262,0.65,26000.000000000025,25999.99921399828,0.0001499999201568184,18825.423745876535,-1.227817847393453e-10,0.00015,301.124,293.15,317.791,0.0,150000,1,52,5200000,5200000,5200000,0,301124,1,52,5200000,5200000,5200000,0,293150,1,52,5200000,5200000,5200000,0,317791,1,52,5200000,5200000,5200000,0,0,1,52,5200000,5200000,5200000,0,1.0,0.527498,0.65,1.0,0.527498,0.65,1.0,0.527498,0.65,52,5500000,False,1.0,5000.0,300.0,500.0,600000000000.0,100000000000.0,,51
1,dropped_command,thermal_loop,54,controller_tick,5300000,5.3,1,0,5300000,53,5300000,RUNNING,,0,0,62,1,0,reconstructed_from_retained_wire,True,,,317.7911483961315,301.1244826439204,293.1499993520238,0.5274980014091271,0.65,26500.000000000022,26499.999181862975,0.0001499999201146763,18825.42373529863,-5.409219738794491e-10,0.00015,301.124,293.15,317.791,0.0,150000,1,53,5300000,5300000,5300000,0,301124,1,53,5300000,5300000,5300000,0,293150,1,53,5300000,5300000,5300000,0,317791,1,53,5300000,5300000,5300000,0,0,1,53,5300000,5300000,5300000,0,1.0,0.527498,0.65,1.0,0.527498,0.65,1.0,0.527498,0.65,53,5600000,False,1.0,5000.0,300.0,500.0,600000000000.0,100000000000.0,,52
1,dropped_command,thermal_loop,55,controller_tick,5400000,5.4,1,0,5400000,54,5400000,RUNNING,,0,0,62,1,0,reconstructed_from_retained_wire,True,,,317.7911483988951,301.1244826601255,293.149999341621,0.5274980012750309,0.65,27000.000000000022,26999.99914920341,0.00014999992007654457,18825.423725727345,-6.109530659159645e-10,0.00015,301.124,293.15,317.791,0.0,150000,1,54,5400000,5400000,5400000,0,301124,1,54,5400000,5400000,5400000,0,293150,1,54,5400000,5400000,5400000,0,317791,1,54,5400000,5400000,5400000,0,0,1,54,5400000,5400000,5400000,0,1.0,0.527498,0.65,1.0,0.527498,0.65,1.0,0.527498,0.65,54,5700000,False,1.0,5000.0,300.0,500.0,600000000000.0,100000000000.0,,53
1,dropped_command,thermal_loop,56,controller_tick,5500000,5.5,1,0,5500000,55,5500000,RUNNING,,0,0,62,1,0,reconstructed_from_retained_wire,True,,,317.7911484016986,301.1244826760993,293.14999933138176,0.5274980011536957,0.65,27500.00000000002,27499.9991160278,0.00014999992004204157,18825.423717066893,-4.474713932722807e-10,0.00015,301.124,293.15,317.791,0.0,150000,1,55,5500000,5500000,5500000,0,301124,1,55,5500000,5500000,5500000,0,293150,1,55,5500000,5500000,5500000,0,317791,1,55,5500000,5500000,5500000,0,0,1,55,5500000,5500000,5500000,0,1.0,0.527498,0.65,1.0,0.527498,0.65,1.0,0.527498,0.65,55,5800000,False,1.0,5000.0,300.0,500.0,600000000000.0,100000000000.0,,54
1,dropped_command,thermal_loop,57,controller_tick,5600000,5.6,1,0,5600000,56,5600000,RUNNING,,0,0,62,1,0,reconstructed_from_retained_wire,True,,,317.7911484045412,301.1244826918443,293.1499993213044,0.5274980010439071,0.65,28000.00000000002,27999.99908234428,0.00014999992001082192,18825.423709230592,2.594333636807278e-10,0.00015,301.124,293.15,317.791,0.0,150000,1,56,5600000,5600000,5600000,0,301124,1,56,5600000,5600000,5600000,0,293150,1,56,5600000,5600000,5600000,0,317791,1,56,5600000,5600000,5600000,0,0,1,56,5600000,5600000,5600000,0,1.0,0.527498,0.65,1.0,0.527498,0.65,1.0,0.527498,0.65,56,5900000,False,1.0,5000.0,300.0,500.0,600000000000.0,100000000000.0,,55
1,dropped_command,thermal_loop,58,controller_tick,5700000,5.7,1,0,5700000,57,5700000,RUNNING,,0,0,62,1,0,reconstructed_from_retained_wire,True,,,317.79114840742216,301.1244827073631,293.1499993113871,0.5274980009445662,0.65,28500.00000000002,28499.999048160906,0.00014999991998257325,18825.42370214001,1.914486347232014e-10,0.00015,301.124,293.15,317.791,0.0,150000,1,57,5700000,5700000,5700000,0,301124,1,57,5700000,5700000,5700000,0,293150,1,57,5700000,5700000,5700000,0,317791,1,57,5700000,5700000,5700000,0,0,1,57,5700000,5700000,5700000,0,1.0,0.527498,0.65,1.0,0.527498,0.65,1.0,0.527498,0.65,57,6000000,False,1.0,5000.0,300.0,500.0,600000000000.0,100000000000.0,,56
1,dropped_command,thermal_loop,59,controller_tick,5800000,5.8,1,0,5800000,58,5800000,RUNNING,,0,0,62,1,0,reconstructed_from_retained_wire,True,,,317.7911484103406,301.1244827226584,293.1499993016281,0.5274980008546789,0.65,29000.00000000002,28999.99901348563,0.0001499999199570128,18825.423695724185,5.275069270282984e-10,0.00015,301.124,293.15,317.791,0.0,150000,1,58,5800000,5800000,5800000,0,301124,1,58,5800000,5800000,5800000,0,293150,1,58,5800000,5800000,5800000,0,317791,1,58,5800000,5800000,5800000,0,0,1,58,5800000,5800000,5800000,0,1.0,0.527498,0.65,1.0,0.527498,0.65,1.0,0.527498,0.65,58,6100000,False,1.0,5000.0,300.0,500.0,600000000000.0,100000000000.0,,57
1,dropped_command,thermal_loop,60,controller_tick,5900000,5.9,1,0,5900000,59,5900000,RUNNING,,0,0,62,1,0,reconstructed_from_retained_wire,True,,,317.7911484132958,301.124482737733,293.14999929202554,0.5274980007733454,0.65,29500.000000000015,29499.998978326323,0.0001499999199338847,18825.4236899189,4.69299266114831e-10,0.00015,301.124,293.15,317.791,0.0,150000,1,59,5900000,5900000,5900000,0,301124,1,59,5900000,5900000,5900000,0,293150,1,59,5900000,5900000,5900000,0,317791,1,59,5900000,5900000,5900000,0,0,1,59,5900000,5900000,5900000,0,1.0,0.527498,0.65,1.0,0.527498,0.65,1.0,0.527498,0.65,59,6200000,False,1.0,5000.0,300.0,500.0,600000000000.0,100000000000.0,,58
1,dropped_command,thermal_loop,61,controller_tick,6000000,6.0,1,0,6000000,60,6000000,RUNNING,,0,0,62,1,0,reconstructed_from_retained_wire,True,,,317.791148416287,301.1244827525896,293.14999928257754,0.5274980006997518,0.65,30000.000000000015,29999.99894269076,0.00014999991991295757,18825.423684666064,2.5352164811920375e-10,0.00015,301.124,293.15,317.791,0.0,150000,1,60,6000000,6000000,6000000,0,301124,1,60,6000000,6000000,6000000,0,293150,1,60,6000000,6000000,6000000,0,317791,1,60,6000000,6000000,6000000,0,0,1,60,6000000,6000000,6000000,0,1.0,0.527498,0.65,1.0,0.527498,0.65,1.0,0.527498,0.65,60,6300000,False,1.0,5000.0,300.0,500.0,600000000000.0,100000000000.0,,59
1,dropped_command,thermal_loop,62,controller_tick,6100000,6.1,1,0,6100000,61,6100000,RUNNING,,0,0,62,1,0,reconstructed_from_retained_wire,True,,,317.7911484193134,301.1244827672311,293.1499992732823,0.5274980006331617,0.65,30500.000000000015,30499.99890658662,0.0001499999198940219,18825.423679913103,4.6270542952697724e-10,0.00015,301.124,293.15,317.791,0.0,150000,1,61,6100000,6100000,6100000,0,301124,1,61,6100000,6100000,6100000,0,293150,1,61,6100000,6100000,6100000,0,317791,1,61,6100000,6100000,6100000,0,0,1,61,6100000,6100000,6100000,0,1.0,0.527498,0.65,1.0,0.527498,0.65,1.0,0.527498,0.65,61,6400000,False,1.0,5000.0,300.0,500.0,600000000000.0,100000000000.0,,60
1,dropped_command,thermal_loop,63,controller_tick,6200000,6.2,1,0,6200000,62,6200000,RUNNING,,0,0,62,1,0,reconstructed_from_retained_wire,True,,,317.79114842237425,301.12448278166045,293.1499992641377,0.5274980005729084,0.65,31000.000000000015,30999.998870021493,0.00014999991987688823,18825.423675612452,3.41970007866621e-10,0.00015,301.124,293.15,317.791,0.0,150000,1,62,6200000,6200000,6200000,0,301124,1,62,6200000,6200000,6200000,0,293150,1,62,6200000,6200000,6200000,0,317791,1,62,6200000,6200000,6200000,0,0,1,62,6200000,6200000,6200000,0,1.0,0.527498,0.65,1.0,0.527498,0.65,1.0,0.527498,0.65,62,6500000,False,1.0,5000.0,300.0,500.0,600000000000.0,100000000000.0,,61
1,dropped_command,thermal_loop,64,controller_tick,6300000,6.3,1,0,6300000,63,6300000,RUNNING,,0,0,62,1,0,reconstructed_from_retained_wire,True,,,317.7911484254688,301.12448279588045,293.149999255142,0.527498000518389,0.65,31500.000000000015,31499.99883300287,0.00014999991986138503,18825.42367172106,4.711182555183768e-10,0.00015,301.124,293.15,317.791,0.0,150000,1,63,6300000,6300000,6300000,0,301124,1,63,6300000,6300000,6300000,0,293150,1,63,6300000,6300000,6300000,0,317791,1,63,6300000,6300000,6300000,0,0,1,63,6300000,6300000,6300000,0,1.0,0.527498,0.65,1.0,0.527498,0.65,1.0,0.527498,0.65,63,6600000,False,1.0,5000.0,300.0,500.0,600000000000.0,100000000000.0,,62
1,dropped_command,thermal_loop,65,controller_tick,6400000,6.4,1,0,6400000,64,6400000,RUNNING,,0,0,62,1,0,reconstructed_from_retained_wire,True,,,317.7911484285964,301.124482809894,293.1499992462931,0.5274980004690578,0.65,32000.000000000015,31999.99879553814,0.00014999991984735716,18825.423668199983,-7.171365723479539e-10,0.00015,301.124,293.15,317.791,0.0,150000,1,64,6400000,6400000,6400000,0,301124,1,64,6400000,6400000,6400000,0,293150,1,64,6400000,6400000,6400000,0,317791,1,64,6400000,6400000,6400000,0,0,1,64,6400000,6400000,6400000,0,1.0,0.527498,0.65,1.0,0.527498,0.65,1.0,0.527498,0.65,64,6700000,False,1.0,5000.0,300.0,500.0,600000000000.0,100000000000.0,,63
1,dropped_command,thermal_loop,66,controller_tick,6500000,6.5,1,0,6500000,65,6500000,RUNNING,,0,0,62,1,0,reconstructed_from_retained_wire,True,,,317.79114843175626,301.1244828237041,293.1499992375891,0.5274980004244211,0.65,32500.00000000001,32499.998757634596,0.00014999991983466422,18825.423665013972,-9.458744898438454e-10,0.00015,301.124,293.15,317.791,0.0,150000,1,65,6500000,6500000,6500000,0,301124,1,65,6500000,6500000,6500000,0,293150,1,65,6500000,6500000,6500000,0,317791,1,65,6500000,6500000,6500000,0,0,1,65,6500000,6500000,6500000,0,1.0,0.527498,0.65,1.0,0.527498,0.65,1.0,0.527498,0.65,65,6800000,False,1.0,5000.0,300.0,500.0,600000000000.0,100000000000.0,,64
1,dropped_command,thermal_loop,67,controller_tick,6600000,6.6,1,0,6600000,66,6600000,RUNNING,,0,0,62,1,0,reconstructed_from_retained_wire,True,,,317.7911484349478,301.1244828373136,293.149999229028,0.5274980003840322,0.65,33000.00000000001,32999.99871929943,0.00014999991982317918,18825.423662131165,-1.1764313967432827e-09,0.00015,301.124,293.15,317.791,0.0,150000,1,66,6600000,6600000,6600000,0,301124,1,66,6600000,6600000,6600000,0,293150,1,66,6600000,6600000,6600000,0,317791,1,66,6600000,6600000,6600000,0,0,1,66,6600000,6600000,6600000,0,1.0,0.527498,0.65,1.0,0.527498,0.65,1.0,0.527498,0.65,66,6900000,False,1.0,5000.0,300.0,500.0,600000000000.0,100000000000.0,,65
1,dropped_command,thermal_loop,68,controller_tick,6700000,6.7,1,0,6700000,67,6700000,RUNNING,,0,0,62,1,0,reconstructed_from_retained_wire,True,,,317.7911484381702,301.12448285072554,293.14999922060787,0.5274980003474866,0.65,33500.00000000001,33499.99868053975,0.00014999991981278705,18825.42365952268,-2.0279458112781867e-09,0.00015,301.124,293.15,317.791,0.0,150000,1,67,6700000,6700000,6700000,0,301124,1,67,6700000,6700000,6700000,0,293150,1,67,6700000,6700000,6700000,0,317791,1,67,6700000,6700000,6700000,0,0,1,67,6700000,6700000,6700000,0,1.0,0.527498,0.65,1.0,0.527498,0.65,1.0,0.527498,0.65,67,7000000,False,1.0,5000.0,300.0,500.0,600000000000.0,100000000000.0,,66
1,dropped_command,thermal_loop,69,controller_tick,6800000,6.8,1,0,6800000,68,6800000,RUNNING,,0,0,62,1,0,reconstructed_from_retained_wire,True,,,317.7911484414229,301.1244828639428,293.14999921232675,0.5274980003144188,0.65,34000.00000000001,33999.99864136254,0.00014999991980338385,18825.423657162428,-1.483385858591646e-09,0.00015,301.124,293.15,317.791,0.0,150000,1,68,6800000,6800000,6800000,0,301124,1,68,6800000,6800000,6800000,0,293150,1,68,6800000,6800000,6800000,0,317791,1,68,6800000,6800000,6800000,0,0,1,68,6800000,6800000,6800000,0,1.0,0.527498,0.65,1.0,0.527498,0.65,1.0,0.527498,0.65,68,7100000,False,1.0,5000.0,300.0,500.0,600000000000.0,100000000000.0,,67
1,dropped_command,thermal_loop,70,controller_tick,6900000,6.9,1,0,6900000,69,6900000,RUNNING,,0,0,62,1,0,reconstructed_from_retained_wire,True,,,317.79114844470513,301.1244828769682,293.1499992041827,0.5274980002844979,0.65,34500.00000000001,34499.99860177471,0.0001499999197948755,18825.42365502678,-7.330527296289802e-10,0.00015,301.124,293.15,317.791,0.0,150000,1,69,6900000,6900000,6900000,0,301124,1,69,6900000,6900000,6900000,0,293150,1,69,6900000,6900000,6900000,0,317791,1,69,6900000,6900000,6900000,0,0,1,69,6900000,6900000,6900000,0,1.0,0.527498,0.65,1.0,0.527498,0.65,1.0,0.527498,0.65,69,7200000,False,1.0,5000.0,300.0,500.0,600000000000.0,100000000000.0,,68
1,dropped_command,thermal_loop,71,controller_tick,7000000,7.0,1,0,7000000,70,7000000,RUNNING,,0,0,62,1,0,reconstructed_from_retained_wire,True,,,317.79114844801626,301.12448288980477,293.14999919617367,0.5274980002574243,0.65,35000.00000000001,34999.99856178305,0.00014999991978717681,18825.423653094374,-5.152287485543638e-10,0.00015,301.124,293.15,317.791,0.0,150000,1,70,7000000,7000000,7000000,0,301124,1,70,7000000,7000000,7000000,0,293150,1,70,7000000,7000000,7000000,0,317791,1,70,7000000,7000000,7000000,0,0,1,70,7000000,7000000,7000000,0,1.0,0.527498,0.65,1.0,0.527498,0.65,1.0,0.527498,0.65,70,7300000,False,1.0,5000.0,300.0,500.0,600000000000.0,100000000000.0,,69
1,dropped_command,thermal_loop,72,controller_tick,7100000,7.1,1,0,7100000,71,7100000,RUNNING,,0,0,62,1,0,reconstructed_from_retained_wire,True,,,317.7911484513556,301.1244829024553,293.1499991882978,0.5274980002329271,0.65,35500.00000000001,35499.998521394285,0.0001499999197802108,18825.423651345853,-9.426912583876401e-10,0.00015,301.124,293.15,317.791,0.0,150000,1,71,7100000,7100000,7100000,0,301124,1,71,7100000,7100000,7100000,0,293150,1,71,7100000,7100000,7100000,0,317791,1,71,7100000,7100000,7100000,0,0,1,71,7100000,7100000,7100000,0,1.0,0.527498,0.65,1.0,0.527498,0.65,1.0,0.527498,0.65,71,7400000,False,1.0,5000.0,300.0,500.0,600000000000.0,100000000000.0,,70
1,dropped_command,thermal_loop,73,controller_tick,7200000,7.2,1,0,7200000,72,7200000,RUNNING,,0,0,62,1,0,reconstructed_from_retained_wire,True,,,317.7911484547226,301.12448291492274,293.1499991805531,0.5274980002107612,0.65,36000.00000000001,35999.99848061502,0.00014999991977390764,18825.423649763732,-9.927134669851512e-10,0.00015,301.124,293.15,317.791,0.0,150000,1,72,7200000,7200000,7200000,0,301124,1,72,7200000,7200000,7200000,0,293150,1,72,7200000,7200000,7200000,0,317791,1,72,7200000,7200000,7200000,0,0,1,72,7200000,7200000,7200000,0,1.0,0.527498,0.65,1.0,0.527498,0.65,1.0,0.527498,0.65,72,7500000,False,1.0,5000.0,300.0,500.0,600000000000.0,100000000000.0,,71
1,dropped_command,thermal_loop,74,controller_tick,7300000,7.3,1,0,7300000,73,7300000,RUNNING,,0,0,62,1,0,reconstructed_from_retained_wire,True,,,317.79114845811654,301.1244829272098,293.1499991729378,0.5274980001907046,0.65,36500.00000000001,36499.99843945175,0.00014999991976820433,18825.423648332162,-1.0750227374956012e-09,0.00015,301.124,293.15,317.791,0.0,150000,1,73,7300000,7300000,7300000,0,301124,1,73,7300000,7300000,7300000,0,293150,1,73,7300000,7300000,7300000,0,317791,1,73,7300000,7300000,7300000,0,0,1,73,7300000,7300000,7300000,0,1.0,0.527498,0.65,1.0,0.527498,0.65,1.0,0.527498,0.65,73,7600000,False,1.0,5000.0,300.0,500.0,600000000000.0,100000000000.0,,72
1,dropped_command,thermal_loop,75,controller_tick,7400000,7.4,1,0,7400000,74,7400000,RUNNING,,0,0,62,1,0,reconstructed_from_retained_wire,True,,,317.79114846153686,301.1244829393193,293.1499991654499,0.5274980001725567,0.65,37000.00000000001,36999.99839791092,0.00014999991976304375,18825.423647036834,-9.245013643521816e-10,0.00015,301.124,293.15,317.791,0.0,150000,1,74,7400000,7400000,7400000,0,301124,1,74,7400000,7400000,7400000,0,293150,1,74,7400000,7400000,7400000,0,317791,1,74,7400000,7400000,7400000,0,0,1,74,7400000,7400000,7400000,0,1.0,0.527498,0.65,1.0,0.527498,0.65,1.0,0.527498,0.65,74,7700000,False,1.0,5000.0,300.0,500.0,600000000000.0,100000000000.0,,73
1,dropped_command,thermal_loop,76,controller_tick,7500000,7.5,1,0,7500000,75,7500000,RUNNING,,0,0,62,1,0,reconstructed_from_retained_wire,True,,,317.79114846498305,301.1244829512541,293.1499991580875,0.5274980001561357,0.65,37500.00000000001,37499.99835599883,0.00014999991975837428,18825.423645864765,-9.97488314169459e-10,0.00015,301.124,293.15,317.791,0.0,150000,1,75,7500000,7500000,7500000,0,301124,1,75,7500000,7500000,7500000,0,293150,1,75,7500000,7500000,7500000,0,317791,1,75,7500000,7500000,7500000,0,0,1,75,7500000,7500000,7500000,0,1.0,0.527498,0.65,1.0,0.527498,0.65,1.0,0.527498,0.65,75,7800000,False,1.0,5000.0,300.0,500.0,600000000000.0,100000000000.0,,74
1,dropped_command,thermal_loop,77,controller_tick,7600000,7.6,1,0,7600000,76,7600000,RUNNING,,0,0,62,1,0,reconstructed_from_retained_wire,True,,,317.7911484684543,301.124482963017,293.1499991508488,0.5274980001412775,0.65,38000.00000000001,37999.99831372173,0.00014999991975414917,18825.42364480424,-6.477876013377681e-10,0.00015,301.124,293.15,317.791,0.0,150000,1,76,7600000,7600000,7600000,0,301124,1,76,7600000,7600000,7600000,0,293150,1,76,7600000,7600000,7600000,0,317791,1,76,7600000,7600000,7600000,0,0,1,76,7600000,7600000,7600000,0,1.0,0.527498,0.65,1.0,0.527498,0.65,1.0,0.527498,0.65,76,7900000,False,1.0,5000.0,300.0,500.0,600000000000.0,100000000000.0,,75
1,dropped_command,thermal_loop,78,controller_tick,7700000,7.7,1,0,7700000,77,7700000,RUNNING,,0,0,62,1,0,reconstructed_from_retained_wire,True,,,317.7911484719501,301.12448297461066,293.149999143732,0.5274980001278331,0.65,38500.00000000001,38499.998271085744,0.00014999991975032614,18825.423643844628,-7.512426236644387e-10,0.00015,301.124,293.15,317.791,0.0,150000,1,77,7700000,7700000,7700000,0,301124,1,77,7700000,7700000,7700000,0,293150,1,77,7700000,7700000,7700000,0,317791,1,77,7700000,7700000,7700000,0,0,1,77,7700000,7700000,7700000,0,1.0,0.527498,0.65,1.0,0.527498,0.65,1.0,0.527498,0.65,77,8000000,False,1.0,5000.0,300.0,500.0,600000000000.0,100000000000.0,,76
1,dropped_command,thermal_loop,79,controller_tick,7800000,7.8,1,0,7800000,78,7800000,RUNNING,,0,0,62,1,0,reconstructed_from_retained_wire,True,,,317.79114847547004,301.1244829860378,293.1499991367351,0.5274980001156682,0.65,39000.00000000001,38999.99822809693,0.00014999991974686688,18825.423642976344,-2.842170943040401e-10,0.00015,301.124,293.15,317.791,0.0,150000,1,78,7800000,7800000,7800000,0,301124,1,78,7800000,7800000,7800000,0,293150,1,78,7800000,7800000,7800000,0,317791,1,78,7800000,7800000,7800000,0,0,1,78,7800000,7800000,7800000,0,1.0,0.527498,0.65,1.0,0.527498,0.65,1.0,0.527498,0.65,78,8100000,False,1.0,5000.0,300.0,500.0,600000000000.0,100000000000.0,,77
1,dropped_command,thermal_loop,80,controller_tick,7900000,7.9,1,0,7900000,79,7900000,RUNNING,,0,0,62,1,0,reconstructed_from_retained_wire,True,,,317.79114847901343,301.1244829973011,293.14999912985644,0.5274980001046609,0.65,39500.00000000001,39499.99818476122,0.00014999991974373684,18825.42364219068,4.4497028284240514e-10,0.00015,301.124,293.15,317.791,0.0,150000,1,79,7900000,7900000,7900000,0,301124,1,79,7900000,7900000,7900000,0,293150,1,79,7900000,7900000,7900000,0,317791,1,79,7900000,7900000,7900000,0,0,1,79,7900000,7900000,7900000,0,1.0,0.527498,0.65,1.0,0.527498,0.65,1.0,0.527498,0.65,79,8200000,False,1.0,5000.0,300.0,500.0,600000000000.0,100000000000.0,,78
1,dropped_command,thermal_loop,81,controller_tick,8000000,8.0,1,0,8000000,80,8000000,RUNNING,,0,0,62,1,0,reconstructed_from_retained_wire,True,,,317.7911484825796,301.12448300840316,293.1499991230942,0.527498000094701,0.65,40000.00000000001,39999.9981410845,0.00014999991974090466,18825.423641479785,2.4920154828578234e-10,0.00015,301.124,293.15,317.791,0.0,150000,1,80,8000000,8000000,8000000,0,301124,1,80,8000000,8000000,8000000,0,293150,1,80,8000000,8000000,8000000,0,317791,1,80,8000000,8000000,8000000,0,0,1,80,8000000,8000000,8000000,0,1.0,0.527498,0.65,1.0,0.527498,0.65,1.0,0.527498,0.65,80,8300000,False,1.0,5000.0,300.0,500.0,600000000000.0,100000000000.0,,79
1,dropped_command,thermal_loop,82,controller_tick,8100000,8.1,1,0,8100000,81,8100000,RUNNING,,0,0,62,1,0,reconstructed_from_retained_wire,True,,,317.7911484861682,301.1244830193466,293.14999911644657,0.527498000085689,0.65,40500.0,40499.998097072545,0.000149999919738342,18825.423640836543,2.28283170145005e-10,0.00015,301.124,293.15,317.791,0.0,150000,1,81,8100000,8100000,8100000,0,301124,1,81,8100000,8100000,8100000,0,293150,1,81,8100000,8100000,8100000,0,317791,1,81,8100000,8100000,8100000,0,0,1,81,8100000,8100000,8100000,0,1.0,0.527498,0.65,1.0,0.527498,0.65,1.0,0.527498,0.65,81,8400000,False,1.0,5000.0,300.0,500.0,600000000000.0,100000000000.0,,80
1,dropped_command,thermal_loop,83,controller_tick,8200000,8.2,1,0,8200000,82,8200000,RUNNING,,0,0,62,1,0,reconstructed_from_retained_wire,True,,,317.79114848977855,301.12448303013406,293.14999910991185,0.5274980000775347,0.65,40999.99999999999,40999.99805273104,0.0001499999197360232,18825.423640254514,4.229150363244116e-11,0.00015,301.124,293.15,317.791,0.0,150000,1,82,8200000,8200000,8200000,0,301124,1,82,8200000,8200000,8200000,0,293150,1,82,8200000,8200000,8200000,0,317791,1,82,8200000,8200000,8200000,0,0,1,82,8200000,8200000,8200000,0,1.0,0.527498,0.65,1.0,0.527498,0.65,1.0,0.527498,0.65,82,8500000,False,1.0,5000.0,300.0,500.0,600000000000.0,100000000000.0,,81
1,dropped_command,thermal_loop,84,controller_tick,8300000,8.3,1,0,8300000,83,8300000,RUNNING,,0,0,62,1,0,reconstructed_from_retained_wire,True,,,317.7911484934102,301.124483040768,293.14999910348837,0.5274980000701562,0.65,41499.99999999999,41499.99800806559,0.00014999991973392509,18825.42363972787,5.013589543523267e-10,0.00015,301.124,293.15,317.791,0.0,150000,1,83,8300000,8300000,8300000,0,301124,1,83,8300000,8300000,8300000,0,293150,1,83,8300000,8300000,8300000,0,317791,1,83,8300000,8300000,8300000,0,0,1,83,8300000,8300000,8300000,0,1.0,0.527498,0.65,1.0,0.527498,0.65,1.0,0.527498,0.65,83,8600000,False,1.0,5000.0,300.0,500.0,600000000000.0,100000000000.0,,82
1,dropped_command,thermal_loop,85,controller_tick,8400000,8.4,1,0,8400000,84,8400000,RUNNING,,0,0,62,1,0,reconstructed_from_retained_wire,True,,,317.7911484970626,301.12448305125105,293.1499990971744,0.52749800006348,0.65,41999.99999999999,41999.9979630817,0.00014999991973202662,18825.42363925134,1.1127667676191777e-09,0.00015,301.124,293.15,317.791,0.0,150000,1,84,8400000,8400000,8400000,0,301124,1,84,8400000,8400000,8400000,0,293150,1,84,8400000,8400000,8400000,0,317791,1,84,8400000,8400000,8400000,0,0,1,84,8400000,8400000,8400000,0,1.0,0.527498,0.65,1.0,0.527498,0.65,1.0,0.527498,0.65,84,8700000,False,1.0,5000.0,300.0,500.0,600000000000.0,100000000000.0,,83
1,dropped_command,thermal_loop,86,controller_tick,8500000,8.5,1,0,8500000,85,8500000,RUNNING,,0,0,62,1,0,reconstructed_from_retained_wire,True,,,317.7911485007352,301.1244830615855,293.1499990909682,0.5274980000574392,0.65,42499.999999999985,42499.99791778482,0.00014999991973030884,18825.423638820175,1.108219294110313e-09,0.00015,301.124,293.15,317.791,0.0,150000,1,85,8500000,8500000,8500000,0,301124,1,85,8500000,8500000,8500000,0,293150,1,85,8500000,8500000,8500000,0,317791,1,85,8500000,8500000,8500000,0,0,1,85,8500000,8500000,8500000,0,1.0,0.527498,0.65,1.0,0.527498,0.65,1.0,0.527498,0.65,85,8800000,False,1.0,5000.0,300.0,500.0,600000000000.0,100000000000.0,,84
1,dropped_command,thermal_loop,87,controller_tick,8600000,8.6,1,0,8600000,86,8600000,RUNNING,,0,0,62,1,0,reconstructed_from_retained_wire,True,,,317.79114850442755,301.12448307177397,293.1499990848682,0.5274980000519731,0.65,42999.999999999985,42999.99787218029,0.0001499999197287545,18825.423638430024,1.9863364286720753e-09,0.00015,301.124,293.15,317.791,0.0,150000,1,86,8600000,8600000,8600000,0,301124,1,86,8600000,8600000,8600000,0,293150,1,86,8600000,8600000,8600000,0,317791,1,86,8600000,8600000,8600000,0,0,1,86,8600000,8600000,8600000,0,1.0,0.527498,0.65,1.0,0.527498,0.65,1.0,0.527498,0.65,86,8900000,False,1.0,5000.0,300.0,500.0,600000000000.0,100000000000.0,,85
1,dropped_command,thermal_loop,88,controller_tick,8700000,8.7,1,0,8700000,87,8700000,RUNNING,,0,0,62,1,0,reconstructed_from_retained_wire,True,,,317.79114850813914,301.1244830818187,293.1499990788727,0.5274980000470272,0.65,43499.99999999998,43499.99782627338,0.00014999991972734804,18825.423638077005,1.44427758641541e-09,0.00015,301.124,293.15,317.791,0.0,150000,1,87,8700000,8700000,8700000,0,301124,1,87,8700000,8700000,8700000,0,293150,1,87,8700000,8700000,8700000,0,317791,1,87,8700000,8700000,8700000,0,0,1,87,8700000,8700000,8700000,0,1.0,0.527498,0.65,1.0,0.527498,0.65,1.0,0.527498,0.65,87,9000000,False,1.0,5000.0,300.0,500.0,600000000000.0,100000000000.0,,86
1,dropped_command,thermal_loop,89,controller_tick,8800000,8.8,1,0,8800000,88,8800000,RUNNING,,0,0,62,1,0,reconstructed_from_retained_wire,True,,,317.7911485118695,301.1244830917222,293.14999907298017,0.527498000042552,0.65,43999.99999999997,43999.99778006927,0.0001499999197260755,18825.42363775758,1.303078533965163e-09,0.00015,301.124,293.15,317.791,0.0,150000,1,88,8800000,8800000,8800000,0,301124,1,88,8800000,8800000,8800000,0,293150,1,88,8800000,8800000,8800000,0,317791,1,88,8800000,8800000,8800000,0,0,1,88,8800000,8800000,8800000,0,1.0,0.527498,0.65,1.0,0.527498,0.65,1.0,0.527498,0.65,88,9100000,False,1.0,5000.0,300.0,500.0,600000000000.0,100000000000.0,,87
1,dropped_command,thermal_loop,90,controller_tick,8900000,8.9,1,0,8900000,89,8900000,RUNNING,,0,0,62,1,0,reconstructed_from_retained_wire,True,,,317.7911485156181,301.12448310148676,293.14999906718896,0.5274980000385027,0.65,44499.99999999996,44499.99773357308,0.000149999919724924,18825.423637468557,1.0793428373290226e-09,0.00015,301.124,293.15,317.791,0.0,150000,1,89,8900000,8900000,8900000,0,301124,1,89,8900000,8900000,8900000,0,293150,1,89,8900000,8900000,8900000,0,317791,1,89,8900000,8900000,8900000,0,0,1,89,8900000,8900000,8900000,0,1.0,0.527498,0.65,1.0,0.527498,0.65,1.0,0.527498,0.65,89,9200000,False,1.0,5000.0,300.0,500.0,600000000000.0,100000000000.0,,88
1,dropped_command,thermal_loop,91,controller_tick,9000000,9.0,1,0,9000000,90,9000000,RUNNING,,0,0,62,1,0,reconstructed_from_retained_wire,True,,,317.79114851938454,301.1244831111146,293.1499990614975,0.5274980000348387,0.65,44999.99999999996,44999.99768678983,0.00014999991972388212,18825.423637207037,3.888089850079268e-10,0.00015,301.124,293.15,317.791,0.0,150000,1,90,9000000,9000000,9000000,0,301124,1,90,9000000,9000000,9000000,0,293150,1,90,9000000,9000000,9000000,0,317791,1,90,9000000,9000000,9000000,0,0,1,90,9000000,9000000,9000000,0,1.0,0.527498,0.65,1.0,0.527498,0.65,1.0,0.527498,0.65,90,9300000,False,1.0,5000.0,300.0,500.0,600000000000.0,100000000000.0,,89
1,dropped_command,thermal_loop,92,controller_tick,9100000,9.1,1,0,9100000,91,9100000,RUNNING,,0,0,62,1,0,reconstructed_from_retained_wire,True,,,317.7911485231683,301.1244831206081,293.14999905590435,0.5274980000315234,0.65,45499.999999999956,45499.99763972447,0.00014999991972293938,18825.4236369704,2.8194335754960775e-11,0.00015,301.124,293.15,317.791,0.0,150000,1,91,9100000,9100000,9100000,0,301124,1,91,9100000,9100000,9100000,0,293150,1,91,9100000,9100000,9100000,0,317791,1,91,9100000,9100000,9100000,0,0,1,91,9100000,9100000,9100000,0,1.0,0.527498,0.65,1.0,0.527498,0.65,1.0,0.527498,0.65,91,9400000,False,1.0,5000.0,300.0,500.0,600000000000.0,100000000000.0,,90
1,dropped_command,thermal_loop,93,controller_tick,9200000,9.2,1,0,9200000,92,9200000,RUNNING,,0,0,62,1,0,reconstructed_from_retained_wire,True,,,317.79114852696904,301.12448312996946,293.14999905040787,0.5274980000285234,0.65,45999.99999999995,45999.99759238188,0.0001499999197220863,18825.423636756277,-5.707079253625125e-11,0.00015,301.124,293.15,317.791,0.0,150000,1,92,9200000,9200000,9200000,0,301124,1,92,9200000,9200000,9200000,0,293150,1,92,9200000,9200000,9200000,0,317791,1,92,9200000,9200000,9200000,0,0,1,92,9200000,9200000,9200000,0,1.0,0.527498,0.65,1.0,0.527498,0.65,1.0,0.527498,0.65,92,9500000,False,1.0,5000.0,300.0,500.0,600000000000.0,100000000000.0,,91
1,dropped_command,thermal_loop,94,controller_tick,9300000,9.3,1,0,9300000,93,9300000,RUNNING,,0,0,62,1,0,reconstructed_from_retained_wire,True,,,317.7911485307862,301.12448313920083,293.14999904500667,0.527498000025809,0.65,46499.99999999994,46499.99754476685,0.00014999991972131446,18825.42363656253,-4.3291947804391384e-10,0.00015,301.124,293.15,317.791,0.0,150000,1,93,9300000,9300000,9300000,0,301124,1,93,9300000,9300000,9300000,0,293150,1,93,9300000,9300000,9300000,0,317791,1,93,9300000,9300000,9300000,0,0,1,93,9300000,9300000,9300000,0,1.0,0.527498,0.65,1.0,0.527498,0.65,1.0,0.527498,0.65,93,9600000,False,1.0,5000.0,300.0,500.0,600000000000.0,100000000000.0,,92
1,dropped_command,thermal_loop,95,controller_tick,9400000,9.4,1,0,9400000,94,9400000,RUNNING,,0,0,62,1,0,reconstructed_from_retained_wire,True,,,317.79114853461937,301.1244831483044,293.14999903969925,0.527498000023353,0.65,46999.999999999935,46999.997496884105,0.00014999991972061604,18825.423636387233,-3.490185918053612e-10,0.00015,301.124,293.15,317.791,0.0,150000,1,94,9400000,9400000,9400000,0,301124,1,94,9400000,9400000,9400000,0,293150,1,94,9400000,9400000,9400000,0,317791,1,94,9400000,9400000,9400000,0,0,1,94,9400000,9400000,9400000,0,1.0,0.527498,0.65,1.0,0.527498,0.65,1.0,0.527498,0.65,94,9700000,False,1.0,5000.0,300.0,500.0,600000000000.0,100000000000.0,,93
1,dropped_command,thermal_loop,96,controller_tick,9500000,9.5,1,0,9500000,95,9500000,RUNNING,,0,0,62,1,0,reconstructed_from_retained_wire,True,,,317.7911485384682,301.1244831572824,293.14999903448415,0.5274980000211307,0.65,47499.99999999993,47499.997448738315,0.0001499999197199841,18825.42363622861,4.042703949380666e-10,0.00015,301.124,293.15,317.791,0.0,150000,1,95,9500000,9500000,9500000,0,301124,1,95,9500000,9500000,9500000,0,293150,1,95,9500000,9500000,9500000,0,317791,1,95,9500000,9500000,9500000,0,0,1,95,9500000,9500000,9500000,0,1.0,0.527498,0.65,1.0,0.527498,0.65,1.0,0.527498,0.65,95,9800000,False,1.0,5000.0,300.0,500.0,600000000000.0,100000000000.0,,94
1,dropped_command,thermal_loop,97,controller_tick,9600000,9.6,1,0,9600000,96,9600000,RUNNING,,0,0,62,1,0,reconstructed_from_retained_wire,True,,,317.7911485423321,301.12448316613677,293.1499990293599,0.5274980000191198,0.65,47999.99999999993,47999.99740033405,0.00014999991971941228,18825.423636085085,-1.525677362224087e-10,0.00015,301.124,293.15,317.791,0.0,150000,1,96,9600000,9600000,9600000,0,301124,1,96,9600000,9600000,9600000,0,293150,1,96,9600000,9600000,9600000,0,317791,1,96,9600000,9600000,9600000,0,0,1,96,9600000,9600000,9600000,0,1.0,0.527498,0.65,1.0,0.527498,0.65,1.0,0.527498,0.65,96,9900000,False,1.0,5000.0,300.0,500.0,600000000000.0,100000000000.0,,95
1,dropped_command,thermal_loop,98,controller_tick,9700000,9.7,1,0,9700000,97,9700000,RUNNING,,0,0,62,1,0,reconstructed_from_retained_wire,True,,,317.7911485462108,301.1244831748696,293.14999902432504,0.5274980000173004,0.65,48499.99999999992,48499.997351675804,0.00014999991971889493,18825.42363595522,-1.624584911041893e-09,0.00015,301.124,293.15,317.791,0.0,150000,1,97,9700000,9700000,9700000,0,301124,1,97,9700000,9700000,9700000,0,293150,1,97,9700000,9700000,9700000,0,317791,1,97,9700000,9700000,9700000,0,0,1,97,9700000,9700000,9700000,0,1.0,0.527498,0.65,1.0,0.527498,0.65,1.0,0.527498,0.65,97,10000000,False,1.0,5000.0,300.0,500.0,600000000000.0,100000000000.0,,96
1,dropped_command,thermal_loop,99,controller_tick,9800000,9.8,1,0,9800000,98,9800000,RUNNING,,0,0,62,1,0,reconstructed_from_retained_wire,True,,,317.7911485501039,301.1244831834831,293.14999901937836,0.527498000015654,0.65,48999.99999999991,48999.997302768024,0.00014999991971842674,18825.4236358377,-1.183707354357466e-09,0.00015,301.124,293.15,317.791,0.0,150000,1,98,9800000,9800000,9800000,0,301124,1,98,9800000,9800000,9800000,0,293150,1,98,9800000,9800000,9800000,0,317791,1,98,9800000,9800000,9800000,0,0,1,98,9800000,9800000,9800000,0,1.0,0.527498,0.65,1.0,0.527498,0.65,1.0,0.527498,0.65,98,10100000,False,1.0,5000.0,300.0,500.0,600000000000.0,100000000000.0,,97
1,dropped_command,thermal_loop,100,controller_tick,9900000,9.9,1,0,9900000,99,9900000,RUNNING,,0,0,62,1,0,reconstructed_from_retained_wire,True,,,317.791148554011,301.12448319197904,293.14999901451836,0.5274980000141642,0.65,49499.999999999905,49499.99725361509,0.00014999991971800312,18825.42363573137,-1.7553247744217515e-09,0.00015,301.124,293.15,317.791,0.0,150000,1,99,9900000,9900000,9900000,0,301124,1,99,9900000,9900000,9900000,0,293150,1,99,9900000,9900000,9900000,0,317791,1,99,9900000,9900000,9900000,0,0,1,99,9900000,9900000,9900000,0,1.0,0.527498,0.65,1.0,0.527498,0.65,1.0,0.527498,0.65,99,10200000,False,1.0,5000.0,300.0,500.0,600000000000.0,100000000000.0,,98
1,dropped_command,thermal_loop,101,controller_tick,10000000,10.0,1,0,10000000,100,10000000,RUNNING,,0,0,62,1,0,reconstructed_from_retained_wire,True,,,317.7911485579316,301.1244832003595,293.14999900974374,0.5274980000128163,0.65,49999.9999999999,49999.99720422129,0.00014999991971761982,18825.42363563516,-2.4060682335402817e-09,0.00015,301.124,293.15,317.791,0.0,150000,1,100,10000000,10000000,10000000,0,301124,1,100,10000000,10000000,10000000,0,293150,1,100,10000000,10000000,10000000,0,317791,1,100,10000000,10000000,10000000,0,0,1,100,10000000,10000000,10000000,0,1.0,0.527498,0.65,1.0,0.527498,0.65,1.0,0.527498,0.65,100,10300000,False,1.0,5000.0,300.0,500.0,600000000000.0,100000000000.0,,99
1,dropped_command,thermal_loop,102,controller_tick,10100000,10.1,1,0,10100000,101,10100000,RUNNING,,0,0,62,1,0,reconstructed_from_retained_wire,True,,,317.7911485618654,301.12448320862643,293.1499990050532,0.5274980000115966,0.65,50499.99999999989,50499.99715459087,0.000149999919717273,18825.423635548104,-3.0174760468071327e-09,0.00015,301.124,293.15,317.791,0.0,150000,1,101,10100000,10100000,10100000,0,301124,1,101,10100000,10100000,10100000,0,293150,1,101,10100000,10100000,10100000,0,317791,1,101,10100000,10100000,10100000,0,0,1,101,10100000,10100000,10100000,0,1.0,0.527498,0.65,1.0,0.527498,0.65,1.0,0.527498,0.65,101,10400000,False,1.0,5000.0,300.0,500.0,600000000000.0,100000000000.0,,100
1,dropped_command,thermal_loop,103,controller_tick,10200000,10.2,1,0,10200000,102,10200000,RUNNING,,0,0,62,1,0,reconstructed_from_retained_wire,True,,,317.791148565812,301.12448321678175,293.14999900044535,0.5274980000104931,0.65,50999.99999999989,50999.99710472799,0.00014999991971695917,18825.423635469335,-3.3207925298484042e-09,0.00015,301.124,293.15,317.791,0.0,150000,1,102,10200000,10200000,10200000,0,301124,1,102,10200000,10200000,10200000,0,293150,1,102,10200000,10200000,10200000,0,317791,1,102,10200000,10200000,10200000,0,0,1,102,10200000,10200000,10200000,0,1.0,0.527498,0.65,1.0,0.527498,0.65,1.0,0.527498,0.65,102,10500000,False,1.0,5000.0,300.0,500.0,600000000000.0,100000000000.0,,101
1,dropped_command,thermal_loop,104,controller_tick,10300000,10.3,1,0,10300000,103,10300000,RUNNING,,0,0,62,1,0,reconstructed_from_retained_wire,True,,,317.79114856977105,301.12448322482726,293.149998995919,0.5274980000094945,0.65,51499.99999999989,51499.99705463676,0.00014999991971667524,18825.423635398063,-3.982904672739096e-09,0.00015,301.124,293.15,317.791,0.0,150000,1,103,10300000,10300000,10300000,0,301124,1,103,10300000,10300000,10300000,0,293150,1,103,10300000,10300000,10300000,0,317791,1,103,10300000,10300000,10300000,0,0,1,103,10300000,10300000,10300000,0,1.0,0.527498,0.65,1.0,0.527498,0.65,1.0,0.527498,0.65,103,10600000,False,1.0,5000.0,300.0,500.0,600000000000.0,100000000000.0,,102
1,dropped_command,thermal_loop,105,controller_tick,10400000,10.4,1,0,10400000,104,10400000,RUNNING,,0,0,62,1,0,reconstructed_from_retained_wire,True,,,317.79114857374225,301.1244832327649,293.1499989914729,0.527498000008591,0.65,51999.99999999988,51999.99700432123,0.0001499999197164183,18825.423635333576,-3.462446329649538e-09,0.00015,301.124,293.15,317.791,0.0,150000,1,104,10400000,10400000,10400000,0,301124,1,104,10400000,10400000,10400000,0,293150,1,104,10400000,10400000,10400000,0,317791,1,104,10400000,10400000,10400000,0,0,1,104,10400000,10400000,10400000,0,1.0,0.527498,0.65,1.0,0.527498,0.65,1.0,0.527498,0.65,104,10700000,False,1.0,5000.0,300.0,500.0,600000000000.0,100000000000.0,,103
1,dropped_command,thermal_loop,106,controller_tick,10500000,10.5,1,0,10500000,105,10500000,RUNNING,,0,0,62,1,0,reconstructed_from_retained_wire,True,,,317.79114857772515,301.12448324059636,293.14999898710573,0.5274980000077735,0.65,52499.999999999876,52499.99695378537,0.00014999991971618586,18825.423635275212,-3.2919160730671138e-09,0.00015,301.124,293.15,317.791,0.0,150000,1,105,10500000,10500000,10500000,0,301124,1,105,10500000,10500000,10500000,0,293150,1,105,10500000,10500000,10500000,0,317791,1,105,10500000,10500000,10500000,0,0,1,105,10500000,10500000,10500000,0,1.0,0.527498,0.65,1.0,0.527498,0.65,1.0,0.527498,0.65,105,10800000,False,1.0,5000.0,300.0,500.0,600000000000.0,100000000000.0,,104
1,dropped_command,thermal_loop,107,controller_tick,10600000,10.6,1,0,10600000,106,10600000,RUNNING,,0,0,62,1,0,reconstructed_from_retained_wire,True,,,317.7911485817194,301.1244832483235,293.1499989828163,0.5274980000070337,0.65,52999.999999999876,52999.9969030331,0.0001499999197159755,18825.423635222414,-3.205059329047799e-09,0.00015,301.124,293.15,317.791,0.0,150000,1,106,10600000,10600000,10600000,0,301124,1,106,10600000,10600000,10600000,0,293150,1,106,10600000,10600000,10600000,0,317791,1,106,10600000,10600000,10600000,0,0,1,106,10600000,10600000,10600000,0,1.0,0.527498,0.65,1.0,0.527498,0.65,1.0,0.527498,0.65,106,10900000,False,1.0,5000.0,300.0,500.0,600000000000.0,100000000000.0,,105
1,dropped_command,thermal_loop,108,controller_tick,10700000,10.7,1,0,10700000,107,10700000,RUNNING,,0,0,62,1,0,reconstructed_from_retained_wire,True,,,317.79114858572467,301.12448325594806,293.14999897860343,0.5274980000063644,0.65,53499.999999999876,53499.996852068274,0.00014999991971578514,18825.423635174644,-3.792592906393111e-09,0.00015,301.124,293.15,317.791,0.0,150000,1,107,10700000,10700000,10700000,0,301124,1,107,10700000,10700000,10700000,0,293150,1,107,10700000,10700000,10700000,0,317791,1,107,10700000,10700000,10700000,0,0,1,107,10700000,10700000,10700000,0,1.0,0.527498,0.65,1.0,0.527498,0.65,1.0,0.527498,0.65,107,11000000,False,1.0,5000.0,300.0,500.0,600000000000.0,100000000000.0,,106
1,dropped_command,thermal_loop,109,controller_tick,10800000,10.8,1,0,10800000,108,10800000,RUNNING,,0,0,62,1,0,reconstructed_from_retained_wire,True,,,317.7911485897406,301.1244832634718,293.1499989744659,0.5274980000057587,0.65,53999.999999999876,53999.996800894696,0.0001499999197156129,18825.423635131418,-4.098637873539701e-09,0.00015,301.124,293.15,317.791,0.0,150000,1,108,10800000,10800000,10800000,0,301124,1,108,10800000,10800000,10800000,0,293150,1,108,10800000,10800000,10800000,0,317791,1,108,10800000,10800000,10800000,0,0,1,108,10800000,10800000,10800000,0,1.0,0.527498,0.65,1.0,0.527498,0.65,1.0,0.527498,0.65,108,11100000,False,1.0,5000.0,300.0,500.0,600000000000.0,100000000000.0,,107
1,dropped_command,thermal_loop,110,controller_tick,10900000,10.9,1,0,10900000,109,10900000,RUNNING,,0,0,62,1,0,reconstructed_from_retained_wire,True,,,317.79114859376693,301.1244832708965,293.1499989704025,0.5274980000052106,0.65,54499.99999999987,54499.9967495161,0.00014999991971545703,18825.4236350923,-3.6934579838998616e-09,0.00015,301.124,293.15,317.791,0.0,150000,1,109,10900000,10900000,10900000,0,301124,1,109,10900000,10900000,10900000,0,293150,1,109,10900000,10900000,10900000,0,317791,1,109,10900000,10900000,10900000,0,0,1,109,10900000,10900000,10900000,0,1.0,0.527498,0.65,1.0,0.527498,0.65,1.0,0.527498,0.65,109,11200000,False,1.0,5000.0,300.0,500.0,600000000000.0,100000000000.0,,108
1,dropped_command,thermal_loop,111,controller_tick,11000000,11.0,1,0,11000000,110,11000000,RUNNING,,0,0,62,1,0,reconstructed_from_retained_wire,True,,,317.7911485978033,301.1244832782237,293.14999896641217,0.5274980000047148,0.65,54999.99999999987,54999.99669793618,0.00014999991971531608,18825.4236350569,-3.508603185764514e-09,0.00015,301.124,293.15,317.791,0.0,150000,1,110,11000000,11000000,11000000,0,301124,1,110,11000000,11000000,11000000,0,293150,1,110,11000000,11000000,11000000,0,317791,1,110,11000000,11000000,11000000,0,0,1,110,11000000,11000000,11000000,0,1.0,0.527498,0.65,1.0,0.527498,0.65,1.0,0.527498,0.65,110,11300000,False,1.0,5000.0,300.0,500.0,600000000000.0,100000000000.0,,109
1,dropped_command,thermal_loop,112,controller_tick,11100000,11.1,1,0,11100000,111,11100000,RUNNING,,0,0,62,1,0,reconstructed_from_retained_wire,True,,,317.7911486018494,301.1244832854551,293.1499989624937,0.5274980000042662,0.65,55499.99999999986,55499.996646158535,0.0001499999197151885,18825.423635024876,-3.4171989682363346e-09,0.00015,301.124,293.15,317.791,0.0,150000,1,111,11100000,11100000,11100000,0,301124,1,111,11100000,11100000,11100000,0,293150,1,111,11100000,11100000,11100000,0,317791,1,111,11100000,11100000,11100000,0,0,1,111,11100000,11100000,11100000,0,1.0,0.527498,0.65,1.0,0.527498,0.65,1.0,0.527498,0.65,111,11400000,False,1.0,5000.0,300.0,500.0,600000000000.0,100000000000.0,,110
1,dropped_command,thermal_loop,113,controller_tick,11200000,11.2,1,0,11200000,112,11200000,RUNNING,,0,0,62,1,0,reconstructed_from_retained_wire,True,,,317.7911486059049,301.12448329259223,293.14999895864605,0.5274980000038603,0.65,55999.99999999986,55999.99659418674,0.00014999991971507306,18825.42363499591,-3.5679477150551975e-09,0.00015,301.124,293.15,317.791,0.0,150000,1,112,11200000,11200000,11200000,0,301124,1,112,11200000,11200000,11200000,0,293150,1,112,11200000,11200000,11200000,0,317791,1,112,11200000,11200000,11200000,0,0,1,112,11200000,11200000,11200000,0,1.0,0.527498,0.65,1.0,0.527498,0.65,1.0,0.527498,0.65,112,11500000,False,1.0,5000.0,300.0,500.0,600000000000.0,100000000000.0,,111
1,dropped_command,thermal_loop,114,controller_tick,11300000,11.3,1,0,11300000,113,11300000,RUNNING,,0,0,62,1,0,reconstructed_from_retained_wire,True,,,317.79114860996947,301.12448329963684,293.14999895486807,0.527498000003493,0.65,56499.999999999854,56499.99654202431,0.00014999991971496862,18825.423634969695,-3.1297986424760893e-09,0.00015,301.124,293.15,317.791,0.0,150000,1,113,11300000,11300000,11300000,0,301124,1,113,11300000,11300000,11300000,0,293150,1,113,11300000,11300000,11300000,0,317791,1,113,11300000,11300000,11300000,0,0,1,113,11300000,11300000,11300000,0,1.0,0.527498,0.65,1.0,0.527498,0.65,1.0,0.527498,0.65,113,11600000,False,1.0,5000.0,300.0,500.0,600000000000.0,100000000000.0,,112
1,dropped_command,thermal_loop,115,controller_tick,11400000,11.4,1,0,11400000,114,11400000,RUNNING,,0,0,62,1,0,reconstructed_from_retained_wire,True,,,317.79114861404287,301.1244833065904,293.14999895115875,0.5274980000031606,0.65,56999.99999999985,56999.9964896747,0.0001499999197148741,18825.42363494597,-1.971329766092822e-09,0.00015,301.124,293.15,317.791,0.0,150000,1,114,11400000,11400000,11400000,0,301124,1,114,11400000,11400000,11400000,0,293150,1,114,11400000,11400000,11400000,0,317791,1,114,11400000,11400000,11400000,0,0,1,114,11400000,11400000,11400000,0,1.0,0.527498,0.65,1.0,0.527498,0.65,1.0,0.527498,0.65,114,11700000,False,1.0,5000.0,300.0,500.0,600000000000.0,100000000000.0,,113
1,dropped_command,thermal_loop,116,controller_tick,11500000,11.5,1,0,11500000,115,11500000,RUNNING,,0,0,62,1,0,reconstructed_from_retained_wire,True,,,317.7911486181247,301.1244833134544,293.14999894751696,0.52749800000286,0.65,57499.99999999984,57499.996437141315,0.00014999991971478862,18825.42363492451,-2.0847892301389948e-09,0.00015,301.124,293.15,317.791,0.0,150000,1,115,11500000,11500000,11500000,0,301124,1,115,11500000,11500000,11500000,0,293150,1,115,11500000,11500000,11500000,0,317791,1,115,11500000,11500000,11500000,0,0,1,115,11500000,11500000,11500000,0,1.0,0.527498,0.65,1.0,0.527498,0.65,1.0,0.527498,0.65,115,11800000,False,1.0,5000.0,300.0,500.0,600000000000.0,100000000000.0,,114
1,dropped_command,thermal_loop,117,controller_tick,11600000,11.6,1,0,11600000,116,11600000,RUNNING,,0,0,62,1,0,reconstructed_from_retained_wire,True,,,317.79114862221473,301.1244833202304,293.1499989439417,0.5274980000025877,0.65,57999.99999999983,57999.996384427504,0.0001499999197147112,18825.42363490508,-1.8358150555286556e-09,0.00015,301.124,293.15,317.791,0.0,150000,1,116,11600000,11600000,11600000,0,301124,1,116,11600000,11600000,11600000,0,293150,1,116,11600000,11600000,11600000,0,317791,1,116,11600000,11600000,11600000,0,0,1,116,11600000,11600000,11600000,0,1.0,0.527498,0.65,1.0,0.527498,0.65,1.0,0.527498,0.65,116,11900000,False,1.0,5000.0,300.0,500.0,600000000000.0,100000000000.0,,115
1,dropped_command,thermal_loop,118,controller_tick,11700000,11.7,1,0,11700000,117,11700000,RUNNING,,0,0,62,1,0,reconstructed_from_retained_wire,True,,,317.7911486263127,301.12448332692,293.14999894043183,0.5274980000023415,0.65,58499.99999999983,58499.99633153657,0.00014999991971464117,18825.423634887506,-2.051820047199726e-09,0.00015,301.124,293.15,317.791,0.0,150000,1,117,11700000,11700000,11700000,0,301124,1,117,11700000,11700000,11700000,0,293150,1,117,11700000,11700000,11700000,0,317791,1,117,11700000,11700000,11700000,0,0,1,117,11700000,11700000,11700000,0,1.0,0.527498,0.65,1.0,0.527498,0.65,1.0,0.527498,0.65,117,12000000,False,1.0,5000.0,300.0,500.0,600000000000.0,100000000000.0,,116
1,dropped_command,thermal_loop,119,controller_tick,11800000,11.8,1,0,11800000,118,11800000,RUNNING,,0,0,62,1,0,reconstructed_from_retained_wire,True,,,317.79114863041826,301.1244833335245,293.1499989369865,0.5274980000021187,0.65,58999.99999999983,58999.99627847176,0.00014999991971457782,18825.4236348716,-1.840135155362077e-09,0.00015,301.124,293.15,317.791,0.0,150000,1,118,11800000,11800000,11800000,0,301124,1,118,11800000,11800000,11800000,0,293150,1,118,11800000,11800000,11800000,0,317791,1,118,11800000,11800000,11800000,0,0,1,118,11800000,11800000,11800000,0,1.0,0.527498,0.65,1.0,0.527498,0.65,1.0,0.527498,0.65,118,12100000,False,1.0,5000.0,300.0,500.0,600000000000.0,100000000000.0,,117
1,dropped_command,thermal_loop,120,controller_tick,11900000,11.9,1,0,11900000,119,11900000,RUNNING,,0,0,62,1,0,reconstructed_from_retained_wire,True,,,317.7911486345312,301.1244833400454,293.14999893360465,0.5274980000019169,0.65,59499.999999999825,59499.996225236275,0.00014999991971452044,18825.4236348572,-1.2162217899458483e-09,0.00015,301.124,293.15,317.791,0.0,150000,1,119,11900000,11900000,11900000,0,301124,1,119,11900000,11900000,11900000,0,293150,1,119,11900000,11900000,11900000,0,317791,1,119,11900000,11900000,11900000,0,0,1,119,11900000,11900000,11900000,0,1.0,0.527498,0.65,1.0,0.527498,0.65,1.0,0.527498,0.65,119,12200000,False,1.0,5000.0,300.0,500.0,600000000000.0,100000000000.0,,118
1,dropped_command,thermal_loop,121,controller_tick,12000000,12.0,1,0,12000000,120,12000000,RUNNING,,0,0,62,1,0,reconstructed_from_retained_wire,True,,,317.79114863865124,301.1244833464841,293.1499989302852,0.5274980000017344,0.65,59999.99999999982,59999.99617183326,0.00014999991971446856,18825.423634844174,-2.1179857867537066e-09,0.00015,301.124,293.15,317.791,0.0,150000,1,120,12000000,12000000,12000000,0,301124,1,120,12000000,12000000,12000000,0,293150,1,120,12000000,12000000,12000000,0,317791,1,120,12000000,12000000,12000000,0,0,1,120,12000000,12000000,12000000,0,1.0,0.527498,0.65,1.0,0.527498,0.65,1.0,0.527498,0.65,120,12300000,False,1.0,5000.0,300.0,500.0,600000000000.0,100000000000.0,,119
1,dropped_command,thermal_loop,122,controller_tick,12100000,12.1,1,0,12100000,121,12100000,RUNNING,,0,0,62,1,0,reconstructed_from_retained_wire,True,,,317.7911486427781,301.124483352842,293.14999892702735,0.5274980000015693,0.65,60499.99999999981,60499.99611826583,0.00014999991971442162,18825.42363483239,-2.431079337839037e-09,0.00015,301.124,293.15,317.791,0.0,150000,1,121,12100000,12100000,12100000,0,301124,1,121,12100000,12100000,12100000,0,293150,1,121,12100000,12100000,12100000,0,317791,1,121,12100000,12100000,12100000,0,0,1,121,12100000,12100000,12100000,0,1.0,0.527498,0.65,1.0,0.527498,0.65,1.0,0.527498,0.65,121,12400000,False,1.0,5000.0,300.0,500.0,600000000000.0,100000000000.0,,120
1,dropped_command,thermal_loop,123,controller_tick,12200000,12.2,1,0,12200000,122,12200000,RUNNING,,0,0,62,1,0,reconstructed_from_retained_wire,True,,,317.79114864691155,301.12448335912046,293.1499989238301,0.52749800000142,0.65,60999.9999999998,60999.996064537016,0.00014999991971437914,18825.42363482173,-2.7623627829598263e-09,0.00015,301.124,293.15,317.791,0.0,150000,1,122,12200000,12200000,12200000,0,301124,1,122,12200000,12200000,12200000,0,293150,1,122,12200000,12200000,12200000,0,317791,1,122,12200000,12200000,12200000,0,0,1,122,12200000,12200000,12200000,0,1.0,0.527498,0.65,1.0,0.527498,0.65,1.0,0.527498,0.65,122,12500000,False,1.0,5000.0,300.0,500.0,600000000000.0,100000000000.0,,121
1,dropped_command,thermal_loop,124,controller_tick,12300000,12.3,1,0,12300000,123,12300000,RUNNING,,0,0,62,1,0,reconstructed_from_retained_wire,True,,,317.7911486510513,301.1244833653208,293.1499989206925,0.5274980000012849,0.65,61499.999999999796,61499.99601064983,0.00014999991971434074,18825.42363481209,-2.8485374059528112e-09,0.00015,301.124,293.15,317.791,0.0,150000,1,123,12300000,12300000,12300000,0,301124,1,123,12300000,12300000,12300000,0,293150,1,123,12300000,12300000,12300000,0,317791,1,123,12300000,12300000,12300000,0,0,1,123,12300000,12300000,12300000,0,1.0,0.527498,0.65,1.0,0.527498,0.65,1.0,0.527498,0.65,123,12600000,False,1.0,5000.0,300.0,500.0,600000000000.0,100000000000.0,,122
1,dropped_command,thermal_loop,125,controller_tick,12400000,12.4,1,0,12400000,124,12400000,RUNNING,,0,0,62,1,0,reconstructed_from_retained_wire,True,,,317.79114865519705,301.1244833714444,293.14999891761363,0.5274980000011626,0.65,61999.99999999979,61999.99595660725,0.00014999991971430596,18825.423634803366,-3.7512108974624425e-09,0.00015,301.124,293.15,317.791,0.0,150000,1,124,12400000,12400000,12400000,0,301124,1,124,12400000,12400000,12400000,0,293150,1,124,12400000,12400000,12400000,0,317791,1,124,12400000,12400000,12400000,0,0,1,124,12400000,12400000,12400000,0,1.0,0.527498,0.65,1.0,0.527498,0.65,1.0,0.527498,0.65,124,12700000,False,1.0,5000.0,300.0,500.0,600000000000.0,100000000000.0,,123
1,dropped_command,thermal_loop,126,controller_tick,12500000,12.5,1,0,12500000,125,12500000,RUNNING,,0,0,62,1,0,reconstructed_from_retained_wire,True,,,317.79114865934866,301.1244833774926,293.14999891459263,0.527498000001052,0.65,62499.99999999978,62499.99590241216,0.0001499999197142745,18825.423634795465,-3.0918272386770695e-09,0.00015,301.124,293.15,317.791,0.0,150000,1,125,12500000,12500000,12500000,0,301124,1,125,12500000,12500000,12500000,0,293150,1,125,12500000,12500000,12500000,0,317791,1,125,12500000,12500000,12500000,0,0,1,125,12500000,12500000,12500000,0,1.0,0.527498,0.65,1.0,0.527498,0.65,1.0,0.527498,0.65,125,12800000,False,1.0,5000.0,300.0,500.0,600000000000.0,100000000000.0,,124
1,dropped_command,thermal_loop,127,controller_tick,12600000,12.6,1,0,12600000,126,12600000,RUNNING,,0,0,62,1,0,reconstructed_from_retained_wire,True,,,317.7911486635058,301.1244833834666,293.1499989116285,0.5274980000009518,0.65,62999.999999999774,62999.995848067454,0.000149999919714246,18825.423634788316,-4.2509782360866666e-09,0.00015,301.124,293.15,317.791,0.0,150000,1,126,12600000,12600000,12600000,0,301124,1,126,12600000,12600000,12600000,0,293150,1,126,12600000,12600000,12600000,0,317791,1,126,12600000,12600000,12600000,0,0,1,126,12600000,12600000,12600000,0,1.0,0.527498,0.65,1.0,0.527498,0.65,1.0,0.527498,0.65,126,12900000,False,1.0,5000.0,300.0,500.0,600000000000.0,100000000000.0,,125
1,dropped_command,thermal_loop,128,controller_tick,12700000,12.7,1,0,12700000,127,12700000,RUNNING,,0,0,62,1,0,reconstructed_from_retained_wire,True,,,317.79114866766827,301.1244833893677,293.1499989087205,0.5274980000008612,0.65,63499.99999999977,63499.995793575945,0.00014999991971422028,18825.423634781844,-4.210050974506885e-09,0.00015,301.124,293.15,317.791,0.0,150000,1,127,12700000,12700000,12700000,0,301124,1,127,12700000,12700000,12700000,0,293150,1,127,12700000,12700000,12700000,0,317791,1,127,12700000,12700000,12700000,0,0,1,127,12700000,12700000,12700000,0,1.0,0.527498,0.65,1.0,0.527498,0.65,1.0,0.527498,0.65,127,13000000,False,1.0,5000.0,300.0,500.0,600000000000.0,100000000000.0,,126
1,dropped_command,thermal_loop,129,controller_tick,12800000,12.8,1,0,12800000,128,12800000,RUNNING,,0,0,62,1,0,reconstructed_from_retained_wire,True,,,317.79114867183586,301.1244833951971,293.1499989058677,0.5274980000007793,0.65,63999.99999999976,63999.99573894042,0.00014999991971419694,18825.423634776,-4.119328878005035e-09,0.00015,301.124,293.15,317.791,0.0,150000,1,128,12800000,12800000,12800000,0,301124,1,128,12800000,12800000,12800000,0,293150,1,128,12800000,12800000,12800000,0,317791,1,128,12800000,12800000,12800000,0,0,1,128,12800000,12800000,12800000,0,1.0,0.527498,0.65,1.0,0.527498,0.65,1.0,0.527498,0.65,128,13100000,False,1.0,5000.0,300.0,500.0,600000000000.0,100000000000.0,,127
1,dropped_command,thermal_loop,130,controller_tick,12900000,12.9,1,0,12900000,129,12900000,RUNNING,,0,0,62,1,0,reconstructed_from_retained_wire,True,,,317.7911486760084,301.124483400956,293.1499989030692,0.5274980000007051,0.65,64499.99999999975,64499.99568416362,0.00014999991971417588,18825.42363477071,-3.6611709219869226e-09,0.00015,301.124,293.15,317.791,0.0,150000,1,129,12900000,12900000,12900000,0,301124,1,129,12900000,12900000,12900000,0,293150,1,129,12900000,12900000,12900000,0,317791,1,129,12900000,12900000,12900000,0,0,1,129,12900000,12900000,12900000,0,1.0,0.527498,0.65,1.0,0.527498,0.65,1.0,0.527498,0.65,129,13200000,False,1.0,5000.0,300.0,500.0,600000000000.0,100000000000.0,,128
1,dropped_command,thermal_loop,131,controller_tick,13000000,13.0,1,0,13000000,130,13000000,RUNNING,,0,0,62,1,0,reconstructed_from_retained_wire,True,,,317.79114868018553,301.1244834066457,293.14999890032425,0.527498000000638,0.65,64999.999999999745,64999.99562924824,0.00014999991971415677,18825.423634765917,-3.791683411691338e-09,0.00015,301.124,293.15,317.791,0.0,150000,1,130,13000000,13000000,13000000,0,301124,1,130,13000000,13000000,13000000,0,293150,1,130,13000000,13000000,13000000,0,317791,1,130,13000000,13000000,13000000,0,0,1,130,13000000,13000000,13000000,0,1.0,0.527498,0.65,1.0,0.527498,0.65,1.0,0.527498,0.65,130,13300000,False,1.0,5000.0,300.0,500.0,600000000000.0,100000000000.0,,129
1,dropped_command,thermal_loop,132,controller_tick,13100000,13.1,1,0,13100000,131,13100000,RUNNING,,0,0,62,1,0,reconstructed_from_retained_wire,True,,,317.79114868436704,301.1244834122673,293.14999889763203,0.5274980000005772,0.65,65499.99999999974,65499.99557419693,0.00014999991971413948,18825.42363476158,-3.88399712392129e-09,0.00015,301.124,293.15,317.791,0.0,150000,1,131,13100000,13100000,13100000,0,301124,1,131,13100000,13100000,13100000,0,293150,1,131,13100000,13100000,13100000,0,317791,1,131,13100000,13100000,13100000,0,0,1,131,13100000,13100000,13100000,0,1.0,0.527498,0.65,1.0,0.527498,0.65,1.0,0.527498,0.65,131,13400000,False,1.0,5000.0,300.0,500.0,600000000000.0,100000000000.0,,130
1,dropped_command,thermal_loop,133,controller_tick,13200000,13.2,1,0,13200000,132,13200000,RUNNING,,0,0,62,1,0,reconstructed_from_retained_wire,True,,,317.7911486885528,301.1244834178219,293.14999889499165,0.5274980000005223,0.65,65999.99999999974,65999.99551901231,0.00014999991971412387,18825.42363475766,-4.371031536720693e-09,0.00015,301.124,293.15,317.791,0.0,150000,1,132,13200000,13200000,13200000,0,301124,1,132,13200000,13200000,13200000,0,293150,1,132,13200000,13200000,13200000,0,317791,1,132,13200000,13200000,13200000,0,0,1,132,13200000,13200000,13200000,0,1.0,0.527498,0.65,1.0,0.527498,0.65,1.0,0.527498,0.65,132,13500000,False,1.0,5000.0,300.0,500.0,600000000000.0,100000000000.0,,131
1,dropped_command,thermal_loop,134,controller_tick,13300000,13.3,1,0,13300000,133,13300000,RUNNING,,0,0,62,1,0,reconstructed_from_retained_wire,True,,,317.7911486927426,301.1244834233107,293.14999889240244,0.5274980000004725,0.65,66499.99999999974,66499.99546369696,0.00014999991971410972,18825.42363475411,-4.5615706767421216e-09,0.00015,301.124,293.15,317.791,0.0,150000,1,133,13300000,13300000,13300000,0,301124,1,133,13300000,13300000,13300000,0,293150,1,133,13300000,13300000,13300000,0,317791,1,133,13300000,13300000,13300000,0,0,1,133,13300000,13300000,13300000,0,1.0,0.527498,0.65,1.0,0.527498,0.65,1.0,0.527498,0.65,133,13600000,False,1.0,5000.0,300.0,500.0,600000000000.0,100000000000.0,,132
1,dropped_command,thermal_loop,135,controller_tick,13400000,13.4,1,0,13400000,134,13400000,RUNNING,,0,0,62,1,0,reconstructed_from_retained_wire,True,,,317.79114869693615,301.12448342873483,293.14999888986347,0.5274980000004277,0.65,66999.99999999974,66999.99540825341,0.00014999991971409695,18825.423634750907,-5.529727786779404e-09,0.00015,301.124,293.15,317.791,0.0,150000,1,134,13400000,13400000,13400000,0,301124,1,134,13400000,13400000,13400000,0,293150,1,134,13400000,13400000,13400000,0,317791,1,134,13400000,13400000,13400000,0,0,1,134,13400000,13400000,13400000,0,1.0,0.527498,0.65,1.0,0.527498,0.65,1.0,0.527498,0.65,134,13700000,False,1.0,5000.0,300.0,500.0,600000000000.0,100000000000.0,,133
1,dropped_command,thermal_loop,136,controller_tick,13500000,13.5,1,0,13500000,135,13500000,RUNNING,,0,0,62,1,0,reconstructed_from_retained_wire,True,,,317.7911487011333,301.12448343409545,293.1499988873741,0.5274980000003869,0.65,67499.99999999972,67499.99535268414,0.00014999991971408538,18825.423634747996,-4.907860784442164e-09,0.00015,301.124,293.15,317.791,0.0,150000,1,135,13500000,13500000,13500000,0,301124,1,135,13500000,13500000,13500000,0,293150,1,135,13500000,13500000,13500000,0,317791,1,135,13500000,13500000,13500000,0,0,1,135,13500000,13500000,13500000,0,1.0,0.527498,0.65,1.0,0.527498,0.65,1.0,0.527498,0.65,135,13800000,False,1.0,5000.0,300.0,500.0,600000000000.0,100000000000.0,,134
1,dropped_command,thermal_loop,137,controller_tick,13600000,13.6,1,0,13600000,136,13600000,RUNNING,,0,0,62,1,0,reconstructed_from_retained_wire,True,,,317.79114870533385,301.1244834393935,293.14999888493355,0.5274980000003501,0.65,67999.99999999972,67999.99529699163,0.00014999991971407492,18825.423634745363,-5.045421858085319e-09,0.00015,301.124,293.15,317.791,0.0,150000,1,136,13600000,13600000,13600000,0,301124,1,136,13600000,13600000,13600000,0,293150,1,136,13600000,13600000,13600000,0,317791,1,136,13600000,13600000,13600000,0,0,1,136,13600000,13600000,13600000,0,1.0,0.527498,0.65,1.0,0.527498,0.65,1.0,0.527498,0.65,136,13900000,False,1.0,5000.0,300.0,500.0,600000000000.0,100000000000.0,,135
1,dropped_command,thermal_loop,138,controller_tick,13700000,13.7,1,0,13700000,137,13700000,RUNNING,,0,0,62,1,0,reconstructed_from_retained_wire,True,,,317.7911487095376,301.12448344463013,293.14999888254107,0.5274980000003168,0.65,68499.99999999972,68499.99524117829,0.00014999991971406543,18825.42363474299,-4.374896889203228e-09,0.00015,301.124,293.15,317.791,0.0,150000,1,137,13700000,13700000,13700000,0,301124,1,137,13700000,13700000,13700000,0,293150,1,137,13700000,13700000,13700000,0,317791,1,137,13700000,13700000,13700000,0,0,1,137,13700000,13700000,13700000,0,1.0,0.527498,0.65,1.0,0.527498,0.65,1.0,0.527498,0.65,137,14000000,False,1.0,5000.0,300.0,500.0,600000000000.0,100000000000.0,,136
1,dropped_command,thermal_loop,139,controller_tick,13800000,13.8,1,0,13800000,138,13800000,RUNNING,,0,0,62,1,0,reconstructed_from_retained_wire,True,,,317.79114871374435,301.12448344980635,293.1499988801959,0.5274980000002867,0.65,68999.99999999972,68999.99518524652,0.00014999991971405686,18825.423634740844,-4.086814442416653e-09,0.00015,301.124,293.15,317.791,0.0,150000,1,138,13800000,13800000,13800000,0,301124,1,138,13800000,13800000,13800000,0,293150,1,138,13800000,13800000,13800000,0,317791,1,138,13800000,13800000,13800000,0,0,1,138,13800000,13800000,13800000,0,1.0,0.527498,0.65,1.0,0.527498,0.65,1.0,0.527498,0.65,138,14100000,False,1.0,5000.0,300.0,500.0,600000000000.0,100000000000.0,,137
1,dropped_command,thermal_loop,140,controller_tick,13900000,13.9,1,0,13900000,139,13900000,RUNNING,,0,0,62,1,0,reconstructed_from_retained_wire,True,,,317.79114871795394,301.1244834549232,293.14999887789725,0.5274980000002595,0.65,69499.99999999971,69499.99512919865,0.00014999991971404914,18825.4236347389,-3.781224222620949e-09,0.00015,301.124,293.15,317.791,0.0,150000,1,139,13900000,13900000,13900000,0,301124,1,139,13900000,13900000,13900000,0,293150,1,139,13900000,13900000,13900000,0,317791,1,139,13900000,13900000,13900000,0,0,1,139,13900000,13900000,13900000,0,1.0,0.527498,0.65,1.0,0.527498,0.65,1.0,0.527498,0.65,139,14200000,False,1.0,5000.0,300.0,500.0,600000000000.0,100000000000.0,,138
1,dropped_command,thermal_loop,141,controller_tick,14000000,14.0,1,0,14000000,140,14000000,RUNNING,,0,0,62,1,0,reconstructed_from_retained_wire,True,,,317.79114872216616,301.1244834599817,293.14999887564454,0.5274980000002347,0.65,69999.99999999971,69999.995073037,0.00014999991971404212,18825.423634737133,-3.2096068025566638e-09,0.00015,301.124,293.15,317.791,0.0,150000,1,140,14000000,14000000,14000000,0,301124,1,140,14000000,14000000,14000000,0,293150,1,140,14000000,14000000,14000000,0,317791,1,140,14000000,14000000,14000000,0,0,1,140,14000000,14000000,14000000,0,1.0,0.527498,0.65,1.0,0.527498,0.65,1.0,0.527498,0.65,140,14300000,False,1.0,5000.0,300.0,500.0,600000000000.0,100000000000.0,,139
1,dropped_command,thermal_loop,142,controller_tick,14100000,14.1,1,0,14100000,141,14100000,RUNNING,,0,0,62,1,0,reconstructed_from_retained_wire,True,,,317.7911487263808,301.12448346498275,293.14999887343697,0.5274980000002124,0.65,70499.99999999971,70499.99501676386,0.00014999991971403575,18825.42363473554,-4.15411705034785e-09,0.00015,301.124,293.15,317.791,0.0,150000,1,141,14100000,14100000,14100000,0,301124,1,141,14100000,14100000,14100000,0,293150,1,141,14100000,14100000,14100000,0,317791,1,141,14100000,14100000,14100000,0,0,1,141,14100000,14100000,14100000,0,1.0,0.527498,0.65,1.0,0.527498,0.65,1.0,0.527498,0.65,141,14400000,False,1.0,5000.0,300.0,500.0,600000000000.0,100000000000.0,,140
1,dropped_command,thermal_loop,143,controller_tick,14200000,14.2,1,0,14200000,142,14200000,RUNNING,,0,0,62,1,0,reconstructed_from_retained_wire,True,,,317.7911487305977,301.12448346992744,293.14999887127397,0.5274980000001922,0.65,70999.99999999971,70999.99496038146,0.00014999991971403003,18825.423634734096,-4.2714418668765575e-09,0.00015,301.124,293.15,317.791,0.0,150000,1,142,14200000,14200000,14200000,0,301124,1,142,14200000,14200000,14200000,0,293150,1,142,14200000,14200000,14200000,0,317791,1,142,14200000,14200000,14200000,0,0,1,142,14200000,14200000,14200000,0,1.0,0.527498,0.65,1.0,0.527498,0.65,1.0,0.527498,0.65,142,14500000,False,1.0,5000.0,300.0,500.0,600000000000.0,100000000000.0,,141
1,dropped_command,thermal_loop,144,controller_tick,14300000,14.3,1,0,14300000,143,14300000,RUNNING,,0,0,62,1,0,reconstructed_from_retained_wire,True,,,317.7911487348167,301.12448347481666,293.1499988691548,0.5274980000001739,0.65,71499.9999999997,71499.994903892,0.0001499999197140248,18825.42363473279,-4.056573743582703e-09,0.00015,301.124,293.15,317.791,0.0,150000,1,143,14300000,14300000,14300000,0,301124,1,143,14300000,14300000,14300000,0,293150,1,143,14300000,14300000,14300000,0,317791,1,143,14300000,14300000,14300000,0,0,1,143,14300000,14300000,14300000,0,1.0,0.527498,0.65,1.0,0.527498,0.65,1.0,0.527498,0.65,143,14600000,False,1.0,5000.0,300.0,500.0,600000000000.0,100000000000.0,,142
1,dropped_command,thermal_loop,145,controller_tick,14400000,14.4,1,0,14400000,144,14400000,RUNNING,,0,0,62,1,0,reconstructed_from_retained_wire,True,,,317.7911487390377,301.1244834796514,293.1499988670787,0.5274980000001573,0.65,71999.99999999968,71999.99484729767,0.0001499999197140201,18825.423634731607,-4.327830538386479e-09,0.00015,301.124,293.15,317.791,0.0,150000,1,144,14400000,14400000,14400000,0,301124,1,144,14400000,14400000,14400000,0,293150,1,144,14400000,14400000,14400000,0,317791,1,144,14400000,14400000,14400000,0,0,1,144,14400000,14400000,14400000,0,1.0,0.527498,0.65,1.0,0.527498,0.65,1.0,0.527498,0.65,144,14700000,False,1.0,5000.0,300.0,500.0,600000000000.0,100000000000.0,,143
1,dropped_command,thermal_loop,146,controller_tick,14500000,14.5,1,0,14500000,145,14500000,RUNNING,,0,0,62,1,0,reconstructed_from_retained_wire,True,,,317.7911487432604,301.1244834844326,293.1499988650452,0.5274980000001424,0.65,72499.99999999967,72499.99479060057,0.00014999991971401583,18825.42363473054,-3.9676706364843994e-09,0.00015,301.124,293.15,317.791,0.0,150000,1,145,14500000,14500000,14500000,0,301124,1,145,14500000,14500000,14500000,0,293150,1,145,14500000,14500000,14500000,0,317791,1,145,14500000,14500000,14500000,0,0,1,145,14500000,14500000,14500000,0,1.0,0.527498,0.65,1.0,0.527498,0.65,1.0,0.527498,0.65,145,14800000,False,1.0,5000.0,300.0,500.0,600000000000.0,100000000000.0,,144
1,dropped_command,thermal_loop,147,controller_tick,14600000,14.6,1,0,14600000,146,14600000,RUNNING,,0,0,62,1,0,reconstructed_from_retained_wire,True,,,317.79114874748467,301.1244834891611,293.1499988630535,0.5274980000001287,0.65,72999.99999999965,72999.99473380286,0.00014999991971401195,18825.423634729566,-4.2841747927013785e-09,0.00015,301.124,293.15,317.791,0.0,150000,1,146,14600000,14600000,14600000,0,301124,1,146,14600000,14600000,14600000,0,293150,1,146,14600000,14600000,14600000,0,317791,1,146,14600000,14600000,14600000,0,0,1,146,14600000,14600000,14600000,0,1.0,0.527498,0.65,1.0,0.527498,0.65,1.0,0.527498,0.65,146,14900000,False,1.0,5000.0,300.0,500.0,600000000000.0,100000000000.0,,145
1,dropped_command,thermal_loop,148,controller_tick,14700000,14.7,1,0,14700000,147,14700000,RUNNING,,0,0,62,1,0,reconstructed_from_retained_wire,True,,,317.7911487517104,301.12448349383783,293.14999886110303,0.5274980000001165,0.65,73499.99999999965,73499.9946769066,0.00014999991971400848,18825.423634728693,-4.506773620960303e-09,0.00015,301.124,293.15,317.791,0.0,150000,1,147,14700000,14700000,14700000,0,301124,1,147,14700000,14700000,14700000,0,293150,1,147,14700000,14700000,14700000,0,317791,1,147,14700000,14700000,14700000,0,0,1,147,14700000,14700000,14700000,0,1.0,0.527498,0.65,1.0,0.527498,0.65,1.0,0.527498,0.65,147,15000000,False,1.0,5000.0,300.0,500.0,600000000000.0,100000000000.0,,146
1,dropped_command,thermal_loop,149,controller_tick,14800000,14.8,1,0,14800000,148,14800000,RUNNING,,0,0,62,1,0,reconstructed_from_retained_wire,True,,,317.79114875593746,301.1244834984637,293.1499988591932,0.5274980000001054,0.65,73999.99999999965,73999.99461991384,0.00014999991971400534,18825.4236347279,-3.813738658209331e-09,0.00015,301.124,293.15,317.791,0.0,150000,1,148,14800000,14800000,14800000,0,301124,1,148,14800000,14800000,14800000,0,293150,1,148,14800000,14800000,14800000,0,317791,1,148,14800000,14800000,14800000,0,0,1,148,14800000,14800000,14800000,0,1.0,0.527498,0.65,1.0,0.527498,0.65,1.0,0.527498,0.65,148,15100000,False,1.0,5000.0,300.0,500.0,600000000000.0,100000000000.0,,147
1,dropped_command,thermal_loop,150,controller_tick,14900000,14.9,1,0,14900000,149,14900000,RUNNING,,0,0,62,1,0,reconstructed_from_retained_wire,True,,,317.7911487601655,301.1244835030395,293.14999885732334,0.5274980000000953,0.65,74499.99999999964,74499.9945628266,0.00014999991971400246,18825.42363472718,-4.421053745318204e-09,0.00015,301.124,293.15,317.791,0.0,150000,1,149,14900000,14900000,14900000,0,301124,1,149,14900000,14900000,14900000,0,293150,1,149,14900000,14900000,14900000,0,317791,1,149,14900000,14900000,14900000,0,0,1,149,14900000,14900000,14900000,0,1.0,0.527498,0.65,1.0,0.527498,0.65,1.0,0.527498,0.65,149,15200000,False,1.0,5000.0,300.0,500.0,600000000000.0,100000000000.0,,148
1,dropped_command,thermal_loop,151,controller_tick,15000000,15.0,1,0,15000000,150,15000000,RUNNING,,0,0,62,1,0,reconstructed_from_retained_wire,True,,,317.7911487643946,301.1244835075662,293.1499988554928,0.5274980000000862,0.65,74999.99999999964,74999.99450564684,0.00014999991971399986,18825.42363472653,-5.120682544657029e-09,0.00015,301.124,293.15,317.791,0.0,150000,1,150,15000000,15000000,15000000,0,301124,1,150,15000000,15000000,15000000,0,293150,1,150,15000000,15000000,15000000,0,317791,1,150,15000000,15000000,15000000,0,0,1,150,15000000,15000000,15000000,0,1.0,0.527498,0.65,1.0,0.527498,0.65,1.0,0.527498,0.65,150,15300000,False,1.0,5000.0,300.0,500.0,600000000000.0,100000000000.0,,149
1,dropped_command,thermal_loop,152,controller_tick,15100000,15.1,1,0,15100000,151,15100000,RUNNING,,0,0,62,1,0,reconstructed_from_retained_wire,True,,,317.7911487686245,301.12448351204455,293.1499988537011,0.5274980000000778,0.65,75499.99999999962,75499.99444837653,0.0001499999197139975,18825.423634725936,-5.479932951857336e-09,0.00015,301.124,293.15,317.791,0.0,150000,1,151,15100000,15100000,15100000,0,301124,1,151,15100000,15100000,15100000,0,293150,1,151,15100000,15100000,15100000,0,317791,1,151,15100000,15100000,15100000,0,0,1,151,15100000,15100000,15100000,0,1.0,0.527498,0.65,1.0,0.527498,0.65,1.0,0.527498,0.65,151,15400000,False,1.0,5000.0,300.0,500.0,600000000000.0,100000000000.0,,150
1,dropped_command,thermal_loop,153,controller_tick,15200000,15.2,1,0,15200000,152,15200000,RUNNING,,0,0,62,1,0,reconstructed_from_retained_wire,True,,,317.7911487728551,301.1244835164754,293.1499988519476,0.5274980000000705,0.65,75999.9999999996,75999.99439101758,0.00014999991971399542,18825.423634725412,-5.917399903410114e-09,0.00015,301.124,293.15,317.791,0.0,150000,1,152,15200000,15200000,15200000,0,301124,1,152,15200000,15200000,15200000,0,293150,1,152,15200000,15200000,15200000,0,317791,1,152,15200000,15200000,15200000,0,0,1,152,15200000,15200000,15200000,0,1.0,0.527498,0.65,1.0,0.527498,0.65,1.0,0.527498,0.65,152,15500000,False,1.0,5000.0,300.0,500.0,600000000000.0,100000000000.0,,151
1,dropped_command,thermal_loop,154,controller_tick,15300000,15.3,1,0,15300000,153,15300000,RUNNING,,0,0,62,1,0,reconstructed_from_retained_wire,True,,,317.79114877708616,301.12448352085954,293.1499988502317,0.5274980000000639,0.65,76499.99999999959,76499.9943335719,0.00014999991971399352,18825.42363472494,-6.2320850702235475e-09,0.00015,301.124,293.15,317.791,0.0,150000,1,153,15300000,15300000,15300000,0,301124,1,153,15300000,15300000,15300000,0,293150,1,153,15300000,15300000,15300000,0,317791,1,153,15300000,15300000,15300000,0,0,1,153,15300000,15300000,15300000,0,1.0,0.527498,0.65,1.0,0.527498,0.65,1.0,0.527498,0.65,153,15600000,False,1.0,5000.0,300.0,500.0,600000000000.0,100000000000.0,,152
1,dropped_command,thermal_loop,155,controller_tick,15400000,15.4,1,0,15400000,154,15400000,RUNNING,,0,0,62,1,0,reconstructed_from_retained_wire,True,,,317.79114878131764,301.1244835251978,293.1499988485529,0.5274980000000578,0.65,76999.99999999959,76999.99427604135,0.00014999991971399176,18825.423634724502,-6.6631855588639155e-09,0.00015,301.124,293.15,317.791,0.0,150000,1,154,15400000,15400000,15400000,0,301124,1,154,15400000,15400000,15400000,0,293150,1,154,15400000,15400000,15400000,0,317791,1,154,15400000,15400000,15400000,0,0,1,154,15400000,15400000,15400000,0,1.0,0.527498,0.65,1.0,0.527498,0.65,1.0,0.527498,0.65,154,15700000,False,1.0,5000.0,300.0,500.0,600000000000.0,100000000000.0,,153
1,dropped_command,thermal_loop,156,controller_tick,15500000,15.5,1,0,15500000,155,15500000,RUNNING,,0,0,62,1,0,reconstructed_from_retained_wire,True,,,317.7911487855494,301.12448352949093,293.14999884691065,0.5274980000000522,0.65,77499.99999999958,77499.99421842779,0.00014999991971399019,18825.42363472411,-5.757556209573522e-09,0.00015,301.124,293.15,317.791,0.0,150000,1,155,15500000,15500000,15500000,0,301124,1,155,15500000,15500000,15500000,0,293150,1,155,15500000,15500000,15500000,0,317791,1,155,15500000,15500000,15500000,0,0,1,155,15500000,15500000,15500000,0,1.0,0.527498,0.65,1.0,0.527498,0.65,1.0,0.527498,0.65,155,15800000,False,1.0,5000.0,300.0,500.0,600000000000.0,100000000000.0,,154
1,dropped_command,thermal_loop,157,controller_tick,15600000,15.6,1,0,15600000,156,15600000,RUNNING,,0,0,62,1,0,reconstructed_from_retained_wire,True,,,317.7911487897813,301.1244835337397,293.14999884530437,0.5274980000000473,0.65,77999.99999999956,77999.99416073301,0.0001499999197139888,18825.423634723757,-4.85624696011655e-09,0.00015,301.124,293.15,317.791,0.0,150000,1,156,15600000,15600000,15600000,0,301124,1,156,15600000,15600000,15600000,0,293150,1,156,15600000,15600000,15600000,0,317791,1,156,15600000,15600000,15600000,0,0,1,156,15600000,15600000,15600000,0,1.0,0.527498,0.65,1.0,0.527498,0.65,1.0,0.527498,0.65,156,15900000,False,1.0,5000.0,300.0,500.0,600000000000.0,100000000000.0,,155
1,dropped_command,thermal_loop,158,controller_tick,15700000,15.7,1,0,15700000,157,15700000,RUNNING,,0,0,62,1,0,reconstructed_from_retained_wire,True,,,317.79114879401317,301.1244835379449,293.14999884373344,0.5274980000000429,0.65,78499.99999999955,78499.99410295881,0.00014999991971398753,18825.42363472344,-4.01905708713457e-09,0.00015,301.124,293.15,317.791,0.0,150000,1,157,15700000,15700000,15700000,0,301124,1,157,15700000,15700000,15700000,0,293150,1,157,15700000,15700000,15700000,0,317791,1,157,15700000,15700000,15700000,0,0,1,157,15700000,15700000,15700000,0,1.0,0.527498,0.65,1.0,0.527498,0.65,1.0,0.527498,0.65,157,16000000,False,1.0,5000.0,300.0,500.0,600000000000.0,100000000000.0,,156
1,dropped_command,thermal_loop,159,controller_tick,15800000,15.8,1,0,15800000,158,15800000,RUNNING,,0,0,62,1,0,reconstructed_from_retained_wire,True,,,317.7911487982449,301.1244835421072,293.14999884219736,0.5274980000000388,0.65,78999.99999999955,78999.99404510693,0.00014999991971398636,18825.42363472315,-4.4076386984670535e-09,0.00015,301.124,293.15,317.791,0.0,150000,1,158,15800000,15800000,15800000,0,301124,1,158,15800000,15800000,15800000,0,293150,1,158,15800000,15800000,15800000,0,317791,1,158,15800000,15800000,15800000,0,0,1,158,15800000,15800000,15800000,0,1.0,0.527498,0.65,1.0,0.527498,0.65,1.0,0.527498,0.65,158,16100000,False,1.0,5000.0,300.0,500.0,600000000000.0,100000000000.0,,157
1,dropped_command,thermal_loop,160,controller_tick,15900000,15.9,1,0,15900000,159,15900000,RUNNING,,0,0,62,1,0,reconstructed_from_retained_wire,True,,,317.7911488024763,301.12448354622745,293.1499988406957,0.5274980000000351,0.65,79499.99999999953,79499.9939871791,0.00014999991971398533,18825.423634722887,-3.972445483668707e-09,0.00015,301.124,293.15,317.791,0.0,150000,1,159,15900000,15900000,15900000,0,301124,1,159,15900000,15900000,15900000,0,293150,1,159,15900000,15900000,15900000,0,317791,1,159,15900000,15900000,15900000,0,0,1,159,15900000,15900000,15900000,0,1.0,0.527498,0.65,1.0,0.527498,0.65,1.0,0.527498,0.65,159,16200000,False,1.0,5000.0,300.0,500.0,600000000000.0,100000000000.0,,158
1,dropped_command,thermal_loop,161,controller_tick,16000000,16.0,1,0,16000000,160,16000000,RUNNING,,0,0,62,1,0,reconstructed_from_retained_wire,True,,,317.7911488067073,301.12448355030625,293.1499988392278,0.5274980000000318,0.65,79999.99999999953,79999.99392917706,0.00014999991971398439,18825.423634722647,-4.04861566494219e-09,0.00015,301.124,293.15,317.791,0.0,150000,1,160,16000000,16000000,16000000,0,301124,1,160,16000000,16000000,16000000,0,293150,1,160,16000000,16000000,16000000,0,317791,1,160,16000000,16000000,16000000,0,0,1,160,16000000,16000000,16000000,0,1.0,0.527498,0.65,1.0,0.527498,0.65,1.0,0.527498,0.65,160,16300000,False,1.0,5000.0,300.0,500.0,600000000000.0,100000000000.0,,159
1,dropped_command,thermal_loop,162,controller_tick,16100000,16.1,1,0,16100000,161,16100000,RUNNING,,0,0,62,1,0,reconstructed_from_retained_wire,True,,,317.7911488109379,301.12448355434435,293.14999883779325,0.5274980000000287,0.65,80499.99999999955,80499.99387110246,0.00014999991971398352,18825.42363472243,-3.783270585699938e-09,0.00015,301.124,293.15,317.791,0.0,150000,1,161,16100000,16100000,16100000,0,301124,1,161,16100000,16100000,16100000,0,293150,1,161,16100000,16100000,16100000,0,317791,1,161,16100000,16100000,16100000,0,0,1,161,16100000,16100000,16100000,0,1.0,0.527498,0.65,1.0,0.527498,0.65,1.0,0.527498,0.65,161,16400000,False,1.0,5000.0,300.0,500.0,600000000000.0,100000000000.0,,160
1,dropped_command,thermal_loop,163,controller_tick,16200000,16.2,1,0,16200000,162,16200000,RUNNING,,0,0,62,1,0,reconstructed_from_retained_wire,True,,,317.7911488151678,301.12448355834243,293.14999883639155,0.527498000000026,0.65,80999.99999999955,80999.99381295696,0.00014999991971398276,18825.423634722232,-3.762124833883718e-09,0.00015,301.124,293.15,317.791,0.0,150000,1,162,16200000,16200000,16200000,0,301124,1,162,16200000,16200000,16200000,0,293150,1,162,16200000,16200000,16200000,0,317791,1,162,16200000,16200000,16200000,0,0,1,162,16200000,16200000,16200000,0,1.0,0.527498,0.65,1.0,0.527498,0.65,1.0,0.527498,0.65,162,16500000,False,1.0,5000.0,300.0,500.0,600000000000.0,100000000000.0,,161
1,dropped_command,thermal_loop,164,controller_tick,16300000,16.3,1,0,16300000,163,16300000,RUNNING,,0,0,62,1,0,reconstructed_from_retained_wire,True,,,317.7911488193969,301.1244835623012,293.1499988350222,0.5274980000000236,0.65,81499.99999999956,81499.99375474219,0.00014999991971398205,18825.42363472206,-4.248704499332234e-09,0.00015,301.124,293.15,317.791,0.0,150000,1,163,16300000,16300000,16300000,0,301124,1,163,16300000,16300000,16300000,0,293150,1,163,16300000,16300000,16300000,0,317791,1,163,16300000,16300000,16300000,0,0,1,163,16300000,16300000,16300000,0,1.0,0.527498,0.65,1.0,0.527498,0.65,1.0,0.527498,0.65,163,16600000,False,1.0,5000.0,300.0,500.0,600000000000.0,100000000000.0,,162
1,dropped_command,thermal_loop,165,controller_tick,16400000,16.4,1,0,16400000,164,16400000,RUNNING,,0,0,62,1,0,reconstructed_from_retained_wire,True,,,317.7911488236252,301.1244835662213,293.14999883368466,0.5274980000000212,0.65,81999.99999999958,81999.99369645973,0.0001499999197139814,18825.42363472189,-4.3405634642113e-09,0.00015,301.124,293.15,317.791,0.0,150000,1,164,16400000,16400000,16400000,0,301124,1,164,16400000,16400000,16400000,0,293150,1,164,16400000,16400000,16400000,0,317791,1,164,16400000,16400000,16400000,0,0,1,164,16400000,16400000,16400000,0,1.0,0.527498,0.65,1.0,0.527498,0.65,1.0,0.527498,0.65,164,16700000,False,1.0,5000.0,300.0,500.0,600000000000.0,100000000000.0,,163
1,dropped_command,thermal_loop,166,controller_tick,16500000,16.5,1,0,16500000,165,16500000,RUNNING,,0,0,62,1,0,reconstructed_from_retained_wire,True,,,317.79114882785245,301.1244835701034,293.14999883237857,0.5274980000000192,0.65,82499.99999999958,82499.99363811118,0.0001499999197139808,18825.423634721752,-3.997911335318349e-09,0.00015,301.124,293.15,317.791,0.0,150000,1,165,16500000,16500000,16500000,0,301124,1,165,16500000,16500000,16500000,0,293150,1,165,16500000,16500000,16500000,0,317791,1,165,16500000,16500000,16500000,0,0,1,165,16500000,16500000,16500000,0,1.0,0.527498,0.65,1.0,0.527498,0.65,1.0,0.527498,0.65,165,16800000,False,1.0,5000.0,300.0,500.0,600000000000.0,100000000000.0,,164
1,dropped_command,thermal_loop,167,controller_tick,16600000,16.6,1,0,16600000,166,16600000,RUNNING,,0,0,62,1,0,reconstructed_from_retained_wire,True,,,317.7911488320786,301.1244835739481,293.1499988311034,0.5274980000000175,0.65,82999.99999999959,82999.9935796981,0.00014999991971398032,18825.423634721625,-4.478351911529899e-09,0.00015,301.124,293.15,317.791,0.0,150000,1,166,16600000,16600000,16600000,0,301124,1,166,16600000,16600000,16600000,0,293150,1,166,16600000,16600000,16600000,0,317791,1,166,16600000,16600000,16600000,0,0,1,166,16600000,16600000,16600000,0,1.0,0.527498,0.65,1.0,0.527498,0.65,1.0,0.527498,0.65,166,16900000,False,1.0,5000.0,300.0,500.0,600000000000.0,100000000000.0,,165
1,dropped_command,thermal_loop,168,controller_tick,16700000,16.7,1,0,16700000,167,16700000,RUNNING,,0,0,62,1,0,reconstructed_from_retained_wire,True,,,317.7911488363036,301.1244835777561,293.14999882985865,0.5274980000000158,0.65,83499.99999999959,83499.99352122204,0.00014999991971397986,18825.423634721505,-4.9230948206968606e-09,0.00015,301.124,293.15,317.791,0.0,150000,1,167,16700000,16700000,16700000,0,301124,1,167,16700000,16700000,16700000,0,293150,1,167,16700000,16700000,16700000,0,317791,1,167,16700000,16700000,16700000,0,0,1,167,16700000,16700000,16700000,0,1.0,0.527498,0.65,1.0,0.527498,0.65,1.0,0.527498,0.65,167,17000000,False,1.0,5000.0,300.0,500.0,600000000000.0,100000000000.0,,166
1,dropped_command,thermal_loop,169,controller_tick,16800000,16.8,1,0,16800000,168,16800000,RUNNING,,0,0,62,1,0,reconstructed_from_retained_wire,True,,,317.7911488405272,301.12448358152807,293.14999882864385,0.5274980000000143,0.65,83999.99999999959,83999.99346268449,0.00014999991971397943,18825.423634721403,-6.136133379186504e-09,0.00015,301.124,293.15,317.791,0.0,150000,1,168,16800000,16800000,16800000,0,301124,1,168,16800000,16800000,16800000,0,293150,1,168,16800000,16800000,16800000,0,317791,1,168,16800000,16800000,16800000,0,0,1,168,16800000,16800000,16800000,0,1.0,0.527498,0.65,1.0,0.527498,0.65,1.0,0.527498,0.65,168,17100000,False,1.0,5000.0,300.0,500.0,600000000000.0,100000000000.0,,167
1,dropped_command,thermal_loop,170,controller_tick,16900000,16.9,1,0,16900000,169,16900000,RUNNING,,0,0,62,1,0,reconstructed_from_retained_wire,True,,,317.79114884474956,301.12448358526456,293.14999882745866,0.527498000000013,0.65,84499.99999999959,84499.99340408694,0.00014999991971397907,18825.423634721305,-5.574975148192607e-09,0.00015,301.124,293.15,317.791,0.0,150000,1,169,16900000,16900000,16900000,0,301124,1,169,16900000,16900000,16900000,0,293150,1,169,16900000,16900000,16900000,0,317791,1,169,16900000,16900000,16900000,0,0,1,169,16900000,16900000,16900000,0,1.0,0.527498,0.65,1.0,0.527498,0.65,1.0,0.527498,0.65,169,17200000,False,1.0,5000.0,300.0,500.0,600000000000.0,100000000000.0,,168
1,dropped_command,thermal_loop,171,controller_tick,17000000,17.0,1,0,17000000,170,17000000,RUNNING,,0,0,62,1,0,reconstructed_from_retained_wire,True,,,317.7911488489703,301.1244835889661,293.1499988263026,0.5274980000000117,0.65,84999.99999999959,84999.99334543086,0.00014999991971397867,18825.423634721214,-6.750497050234117e-09,0.00015,301.124,293.15,317.791,0.0,150000,1,170,17000000,17000000,17000000,0,301124,1,170,17000000,17000000,17000000,0,293150,1,170,17000000,17000000,17000000,0,317791,1,170,17000000,17000000,17000000,0,0,1,170,17000000,17000000,17000000,0,1.0,0.527498,0.65,1.0,0.527498,0.65,1.0,0.527498,0.65,170,17300000,False,1.0,5000.0,300.0,500.0,600000000000.0,100000000000.0,,169
1,dropped_command,thermal_loop,172,controller_tick,17100000,17.1,1,0,17100000,171,17100000,RUNNING,,0,0,62,1,0,reconstructed_from_retained_wire,True,,,317.79114885318944,301.1244835926334,293.14999882517515,0.5274980000000106,0.65,85499.99999999959,85499.9932867177,0.00014999991971397837,18825.423634721134,-7.74684849602636e-09,0.00015,301.124,293.15,317.791,0.0,150000,1,171,17100000,17100000,17100000,0,301124,1,171,17100000,17100000,17100000,0,293150,1,171,17100000,17100000,17100000,0,317791,1,171,17100000,17100000,17100000,0,0,1,171,17100000,17100000,17100000,0,1.0,0.527498,0.65,1.0,0.527498,0.65,1.0,0.527498,0.65,171,17400000,False,1.0,5000.0,300.0,500.0,600000000000.0,100000000000.0,,170
1,dropped_command,thermal_loop,173,controller_tick,17200000,17.2,1,0,17200000,172,17200000,RUNNING,,0,0,62,1,0,reconstructed_from_retained_wire,True,,,317.79114885740694,301.12448359626705,293.149998824076,0.5274980000000096,0.65,85999.9999999996,85999.99322794886,0.00014999991971397807,18825.42363472106,-7.260268830577843e-09,0.00015,301.124,293.15,317.791,0.0,150000,1,172,17200000,17200000,17200000,0,301124,1,172,17200000,17200000,17200000,0,293150,1,172,17200000,17200000,17200000,0,317791,1,172,17200000,17200000,17200000,0,0,1,172,17200000,17200000,17200000,0,1.0,0.527498,0.65,1.0,0.527498,0.65,1.0,0.527498,0.65,172,17500000,False,1.0,5000.0,300.0,500.0,600000000000.0,100000000000.0,,171
1,dropped_command,thermal_loop,174,controller_tick,17300000,17.3,1,0,17300000,173,17300000,RUNNING,,0,0,62,1,0,reconstructed_from_retained_wire,True,,,317.79114886162256,301.1244835998676,293.1499988230047,0.5274980000000087,0.65,86499.9999999996,86499.99316912578,0.00014999991971397783,18825.423634721003,-8.233200787799433e-09,0.00015,301.124,293.15,317.791,0.0,150000,1,173,17300000,17300000,17300000,0,301124,1,173,17300000,17300000,17300000,0,293150,1,173,17300000,17300000,17300000,0,317791,1,173,17300000,17300000,17300000,0,0,1,173,17300000,17300000,17300000,0,1.0,0.527498,0.65,1.0,0.527498,0.65,1.0,0.527498,0.65,173,17600000,False,1.0,5000.0,300.0,500.0,600000000000.0,100000000000.0,,172
1,dropped_command,thermal_loop,175,controller_tick,17400000,17.4,1,0,17400000,174,17400000,RUNNING,,0,0,62,1,0,reconstructed_from_retained_wire,True,,,317.79114886583636,301.1244836034356,293.1499988219608,0.5274980000000079,0.65,86999.9999999996,86999.99311024982,0.0001499999197139776,18825.42363472094,-7.808012014720589e-09,0.00015,301.124,293.15,317.791,0.0,150000,1,174,17400000,17400000,17400000,0,301124,1,174,17400000,17400000,17400000,0,293150,1,174,17400000,17400000,17400000,0,317791,1,174,17400000,17400000,17400000,0,0,1,174,17400000,17400000,17400000,0,1.0,0.527498,0.65,1.0,0.527498,0.65,1.0,0.527498,0.65,174,17700000,False,1.0,5000.0,300.0,500.0,600000000000.0,100000000000.0,,173
1,dropped_command,thermal_loop,176,controller_tick,17500000,17.5,1,0,17500000,175,17500000,RUNNING,,0,0,62,1,0,reconstructed_from_retained_wire,True,,,317.7911488700481,301.1244836069716,293.149998820944,0.5274980000000072,0.65,87499.9999999996,87499.99305132235,0.00014999991971397742,18825.423634720893,-7.60337570682168e-09,0.00015,301.124,293.15,317.791,0.0,150000,1,175,17500000,17500000,17500000,0,301124,1,175,17500000,17500000,17500000,0,293150,1,175,17500000,17500000,17500000,0,317791,1,175,17500000,17500000,17500000,0,0,1,175,17500000,17500000,17500000,0,1.0,0.527498,0.65,1.0,0.527498,0.65,1.0,0.527498,0.65,175,17800000,False,1.0,5000.0,300.0,500.0,600000000000.0,100000000000.0,,174
1,dropped_command,thermal_loop,177,controller_tick,17600000,17.6,1,0,17600000,176,17600000,RUNNING,,0,0,62,1,0,reconstructed_from_retained_wire,True,,,317.7911488742579,301.1244836104761,293.1499988199538,0.5274980000000066,0.65,87999.9999999996,87999.99299234469,0.0001499999197139772,18825.42363472085,-7.152266334742308e-09,0.00015,301.124,293.15,317.791,0.0,150000,1,176,17600000,17600000,17600000,0,301124,1,176,17600000,17600000,17600000,0,293150,1,176,17600000,17600000,17600000,0,317791,1,176,17600000,17600000,17600000,0,0,1,176,17600000,17600000,17600000,0,1.0,0.527498,0.65,1.0,0.527498,0.65,1.0,0.527498,0.65,176,17900000,False,1.0,5000.0,300.0,500.0,600000000000.0,100000000000.0,,175
1,dropped_command,thermal_loop,178,controller_tick,17700000,17.7,1,0,17700000,177,17700000,RUNNING,,0,0,62,1,0,reconstructed_from_retained_wire,True,,,317.7911488784655,301.12448361394974,293.1499988189898,0.5274980000000059,0.65,88499.9999999996,88499.99293331818,0.000149999919713977,18825.423634720803,-6.583604772458784e-09,0.00015,301.124,293.15,317.791,0.0,150000,1,177,17700000,17700000,17700000,0,301124,1,177,17700000,17700000,17700000,0,293150,1,177,17700000,17700000,17700000,0,317791,1,177,17700000,17700000,17700000,0,0,1,177,17700000,17700000,17700000,0,1.0,0.527498,0.65,1.0,0.527498,0.65,1.0,0.527498,0.65,177,18000000,False,1.0,5000.0,300.0,500.0,600000000000.0,100000000000.0,,176
1,dropped_command,thermal_loop,179,controller_tick,17800000,17.8,1,0,17800000,178,17800000,RUNNING,,0,0,62,1,0,reconstructed_from_retained_wire,True,,,317.7911488826708,301.1244836173929,293.14999881805164,0.5274980000000054,0.65,88999.9999999996,88999.99287424413,0.00014999991971397688,18825.423634720762,-6.6750089899869636e-09,0.00015,301.124,293.15,317.791,0.0,150000,1,178,17800000,17800000,17800000,0,301124,1,178,17800000,17800000,17800000,0,293150,1,178,17800000,17800000,17800000,0,317791,1,178,17800000,17800000,17800000,0,0,1,178,17800000,17800000,17800000,0,1.0,0.527498,0.65,1.0,0.527498,0.65,1.0,0.527498,0.65,178,18100000,False,1.0,5000.0,300.0,500.0,600000000000.0,100000000000.0,,177
1,dropped_command,thermal_loop,180,controller_tick,17900000,17.9,1,0,17900000,179,17900000,RUNNING,,0,0,62,1,0,reconstructed_from_retained_wire,True,,,317.7911488868738,301.12448362080625,293.1499988171389,0.5274980000000048,0.65,89499.9999999996,89499.99281512378,0.00014999991971397671,18825.423634720726,-7.2186594479717314e-09,0.00015,301.124,293.15,317.791,0.0,150000,1,179,17900000,17900000,17900000,0,301124,1,179,17900000,17900000,17900000,0,293150,1,179,17900000,17900000,17900000,0,317791,1,179,17900000,17900000,17900000,0,0,1,179,17900000,17900000,17900000,0,1.0,0.527498,0.65,1.0,0.527498,0.65,1.0,0.527498,0.65,179,18200000,False,1.0,5000.0,300.0,500.0,600000000000.0,100000000000.0,,178
1,dropped_command,thermal_loop,181,controller_tick,18000000,18.0,1,0,18000000,180,18000000,RUNNING,,0,0,62,1,0,reconstructed_from_retained_wire,True,,,317.7911488910744,301.12448362419025,293.1499988162513,0.5274980000000044,0.65,89999.9999999996,89999.99275595843,0.00014999991971397658,18825.42363472069,-7.358039511018433e-09,0.00015,301.124,293.15,317.791,0.0,150000,1,180,18000000,18000000,18000000,0,301124,1,180,18000000,18000000,18000000,0,293150,1,180,18000000,18000000,18000000,0,317791,1,180,18000000,18000000,18000000,0,0,1,180,18000000,18000000,18000000,0,1.0,0.527498,0.65,1.0,0.527498,0.65,1.0,0.527498,0.65,180,18300000,False,1.0,5000.0,300.0,500.0,600000000000.0,100000000000.0,,179
1,dropped_command,thermal_loop,182,controller_tick,18100000,18.1,1,0,18100000,181,18100000,RUNNING,,0,0,62,1,0,reconstructed_from_retained_wire,True,,,317.79114889527244,301.1244836275454,293.1499988153884,0.5274980000000039,0.65,90499.9999999996,90499.99269674932,0.00014999991971397647,18825.423634720653,-7.598146112286486e-09,0.00015,301.124,293.15,317.791,0.0,150000,1,181,18100000,18100000,18100000,0,301124,1,181,18100000,18100000,18100000,0,293150,1,181,18100000,18100000,18100000,0,317791,1,181,18100000,18100000,18100000,0,0,1,181,18100000,18100000,18100000,0,1.0,0.527498,0.65,1.0,0.527498,0.65,1.0,0.527498,0.65,181,18400000,False,1.0,5000.0,300.0,500.0,600000000000.0,100000000000.0,,180
1,dropped_command,thermal_loop,183,controller_tick,18200000,18.2,1,0,18200000,182,18200000,RUNNING,,0,0,62,1,0,reconstructed_from_retained_wire,True,,,317.791148899468,301.12448363087213,293.14999881454986,0.5274980000000035,0.65,90999.9999999996,90999.99263749768,0.00014999991971397636,18825.423634720624,-7.4294348451076075e-09,0.00015,301.124,293.15,317.791,0.0,150000,1,182,18200000,18200000,18200000,0,301124,1,182,18200000,18200000,18200000,0,293150,1,182,18200000,18200000,18200000,0,317791,1,182,18200000,18200000,18200000,0,0,1,182,18200000,18200000,18200000,0,1.0,0.527498,0.65,1.0,0.527498,0.65,1.0,0.527498,0.65,182,18500000,False,1.0,5000.0,300.0,500.0,600000000000.0,100000000000.0,,181
1,dropped_command,thermal_loop,184,controller_tick,18300000,18.3,1,0,18300000,183,18300000,RUNNING,,0,0,62,1,0,reconstructed_from_retained_wire,True,,,317.7911489036608,301.12448363417104,293.1499988137353,0.5274980000000031,0.65,91499.99999999962,91499.99257820472,0.00014999991971397625,18825.423634720602,-7.91783349995967e-09,0.00015,301.124,293.15,317.791,0.0,150000,1,183,18300000,18300000,18300000,0,301124,1,183,18300000,18300000,18300000,0,293150,1,183,18300000,18300000,18300000,0,317791,1,183,18300000,18300000,18300000,0,0,1,183,18300000,18300000,18300000,0,1.0,0.527498,0.65,1.0,0.527498,0.65,1.0,0.527498,0.65,183,18600000,False,1.0,5000.0,300.0,500.0,600000000000.0,100000000000.0,,182
1,dropped_command,thermal_loop,185,controller_tick,18400000,18.4,1,0,18400000,184,18400000,RUNNING,,0,0,62,1,0,reconstructed_from_retained_wire,True,,,317.791148907851,301.1244836374425,293.14999881294443,0.5274980000000029,0.65,91999.99999999962,91999.99251887163,0.00014999991971397617,18825.423634720588,-7.524704415118322e-09,0.00015,301.124,293.15,317.791,0.0,150000,1,184,18400000,18400000,18400000,0,301124,1,184,18400000,18400000,18400000,0,293150,1,184,18400000,18400000,18400000,0,317791,1,184,18400000,18400000,18400000,0,0,1,184,18400000,18400000,18400000,0,1.0,0.527498,0.65,1.0,0.527498,0.65,1.0,0.527498,0.65,184,18700000,False,1.0,5000.0,300.0,500.0,600000000000.0,100000000000.0,,183
1,dropped_command,thermal_loop,186,controller_tick,18500000,18.5,1,0,18500000,185,18500000,RUNNING,,0,0,62,1,0,reconstructed_from_retained_wire,True,,,317.79114891203835,301.124483640687,293.1499988121768,0.5274980000000027,0.65,92499.99999999964,92499.99245949957,0.00014999991971397615,18825.423634720566,-7.677499525016174e-09,0.00015,301.124,293.15,317.791,0.0,150000,1,185,18500000,18500000,18500000,0,301124,1,185,18500000,18500000,18500000,0,293150,1,185,18500000,18500000,18500000,0,317791,1,185,18500000,18500000,18500000,0,0,1,185,18500000,18500000,18500000,0,1.0,0.527498,0.65,1.0,0.527498,0.65,1.0,0.527498,0.65,185,18800000,False,1.0,5000.0,300.0,500.0,600000000000.0,100000000000.0,,184
1,dropped_command,thermal_loop,187,controller_tick,18600000,18.6,1,0,18600000,186,18600000,RUNNING,,0,0,62,1,0,reconstructed_from_retained_wire,True,,,317.7911489162228,301.1244836439051,293.1499988114321,0.5274980000000025,0.65,92999.99999999964,92999.9924000897,0.00014999991971397606,18825.42363472055,-8.319830158143304e-09,0.00015,301.124,293.15,317.791,0.0,150000,1,186,18600000,18600000,18600000,0,301124,1,186,18600000,18600000,18600000,0,293150,1,186,18600000,18600000,18600000,0,317791,1,186,18600000,18600000,18600000,0,0,1,186,18600000,18600000,18600000,0,1.0,0.527498,0.65,1.0,0.527498,0.65,1.0,0.527498,0.65,186,18900000,False,1.0,5000.0,300.0,500.0,600000000000.0,100000000000.0,,185
1,dropped_command,thermal_loop,188,controller_tick,18700000,18.7,1,0,18700000,187,18700000,RUNNING,,0,0,62,1,0,reconstructed_from_retained_wire,True,,,317.79114892040445,301.1244836470971,293.14999881071003,0.5274980000000022,0.65,93499.99999999964,93499.99234064318,0.00014999991971397598,18825.42363472054,-7.985818228917196e-09,0.00015,301.124,293.15,317.791,0.0,150000,1,187,18700000,18700000,18700000,0,301124,1,187,18700000,18700000,18700000,0,293150,1,187,18700000,18700000,18700000,0,317791,1,187,18700000,18700000,18700000,0,0,1,187,18700000,18700000,18700000,0,1.0,0.527498,0.65,1.0,0.527498,0.65,1.0,0.527498,0.65,187,19000000,False,1.0,5000.0,300.0,500.0,600000000000.0,100000000000.0,,186
1,dropped_command,thermal_loop,189,controller_tick,18800000,18.8,1,0,18800000,188,18800000,RUNNING,,0,0,62,1,0,reconstructed_from_retained_wire,True,,,317.791148924583,301.1244836502636,293.14999881001023,0.527498000000002,0.65,93999.99999999964,93999.99228116109,0.00014999991971397593,18825.423634720522,-8.333017831319012e-09,0.00015,301.124,293.15,317.791,0.0,150000,1,188,18800000,18800000,18800000,0,301124,1,188,18800000,18800000,18800000,0,293150,1,188,18800000,18800000,18800000,0,317791,1,188,18800000,18800000,18800000,0,0,1,188,18800000,18800000,18800000,0,1.0,0.527498,0.65,1.0,0.527498,0.65,1.0,0.527498,0.65,188,19100000,False,1.0,5000.0,300.0,500.0,600000000000.0,100000000000.0,,187
1,dropped_command,thermal_loop,190,controller_tick,18900000,18.9,1,0,18900000,189,18900000,RUNNING,,0,0,62,1,0,reconstructed_from_retained_wire,True,,,317.7911489287585,301.12448365340487,293.1499988093324,0.5274980000000018,0.65,94499.99999999965,94499.99222164458,0.00014999991971397585,18825.423634720508,-9.176801540888846e-09,0.00015,301.124,293.15,317.791,0.0,150000,1,189,18900000,18900000,18900000,0,301124,1,189,18900000,18900000,18900000,0,293150,1,189,18900000,18900000,18900000,0,317791,1,189,18900000,18900000,18900000,0,0,1,189,18900000,18900000,18900000,0,1.0,0.527498,0.65,1.0,0.527498,0.65,1.0,0.527498,0.65,189,19200000,False,1.0,5000.0,300.0,500.0,600000000000.0,100000000000.0,,188
1,dropped_command,thermal_loop,191,controller_tick,19000000,19.0,1,0,19000000,190,19000000,RUNNING,,0,0,62,1,0,reconstructed_from_retained_wire,True,,,317.79114893293087,301.1244836565215,293.1499988086762,0.5274980000000016,0.65,94999.99999999965,94999.99216209471,0.00014999991971397582,18825.423634720486,-9.2959453468211e-09,0.00015,301.124,293.15,317.791,0.0,150000,1,190,19000000,19000000,19000000,0,301124,1,190,19000000,19000000,19000000,0,293150,1,190,19000000,19000000,19000000,0,317791,1,190,19000000,19000000,19000000,0,0,1,190,19000000,19000000,19000000,0,1.0,0.527498,0.65,1.0,0.527498,0.65,1.0,0.527498,0.65,190,19300000,False,1.0,5000.0,300.0,500.0,600000000000.0,100000000000.0,,189
1,dropped_command,thermal_loop,192,controller_tick,19100000,19.1,1,0,19100000,191,19100000,RUNNING,,0,0,62,1,0,reconstructed_from_retained_wire,True,,,317.79114893710005,301.12448365961376,293.14999880804135,0.5274980000000015,0.65,95499.99999999965,95499.99210251257,0.00014999991971397577,18825.423634720486,-8.894858183339238e-09,0.00015,301.124,293.15,317.791,0.0,150000,1,191,19100000,19100000,19100000,0,301124,1,191,19100000,19100000,19100000,0,293150,1,191,19100000,19100000,19100000,0,317791,1,191,19100000,19100000,19100000,0,0,1,191,19100000,19100000,19100000,0,1.0,0.527498,0.65,1.0,0.527498,0.65,1.0,0.527498,0.65,191,19400000,False,1.0,5000.0,300.0,500.0,600000000000.0,100000000000.0,,190
1,dropped_command,thermal_loop,193,controller_tick,19200000,19.2,1,0,19200000,192,19200000,RUNNING,,0,0,62,1,0,reconstructed_from_retained_wire,True,,,317.791148941266,301.12448366268217,293.1499988074275,0.5274980000000014,0.65,95999.99999999967,95999.9920428992,0.00014999991971397574,18825.423634720475,-8.682263796799816e-09,0.00015,301.124,293.15,317.791,0.0,150000,1,192,19200000,19200000,19200000,0,301124,1,192,19200000,19200000,19200000,0,293150,1,192,19200000,19200000,19200000,0,317791,1,192,19200000,19200000,19200000,0,0,1,192,19200000,19200000,19200000,0,1.0,0.527498,0.65,1.0,0.527498,0.65,1.0,0.527498,0.65,192,19500000,False,1.0,5000.0,300.0,500.0,600000000000.0,100000000000.0,,191
1,dropped_command,thermal_loop,194,controller_tick,19300000,19.3,1,0,19300000,193,19300000,RUNNING,,0,0,62,1,0,reconstructed_from_retained_wire,True,,,317.7911489454286,301.1244836657271,293.14999880683433,0.5274980000000012,0.65,96499.99999999968,96499.99198325566,0.0001499999197139757,18825.423634720468,-8.984898158814758e-09,0.00015,301.124,293.15,317.791,0.0,150000,1,193,19300000,19300000,19300000,0,301124,1,193,19300000,19300000,19300000,0,293150,1,193,19300000,19300000,19300000,0,317791,1,193,19300000,19300000,19300000,0,0,1,193,19300000,19300000,19300000,0,1.0,0.527498,0.65,1.0,0.527498,0.65,1.0,0.527498,0.65,193,19600000,False,1.0,5000.0,300.0,500.0,600000000000.0,100000000000.0,,192
1,dropped_command,thermal_loop,195,controller_tick,19400000,19.4,1,0,19400000,194,19400000,RUNNING,,0,0,62,1,0,reconstructed_from_retained_wire,True,,,317.79114894958775,301.12448366874895,293.1499988062616,0.5274980000000011,0.65,96999.99999999968,96999.99192358299,0.00014999991971397566,18825.423634720464,-9.546511137159541e-09,0.00015,301.124,293.15,317.791,0.0,150000,1,194,19400000,19400000,19400000,0,301124,1,194,19400000,19400000,19400000,0,293150,1,194,19400000,19400000,19400000,0,317791,1,194,19400000,19400000,19400000,0,0,1,194,19400000,19400000,19400000,0,1.0,0.527498,0.65,1.0,0.527498,0.65,1.0,0.527498,0.65,194,19700000,False,1.0,5000.0,300.0,500.0,600000000000.0,100000000000.0,,193
1,dropped_command,thermal_loop,196,controller_tick,19500000,19.5,1,0,19500000,195,19500000,RUNNING,,0,0,62,1,0,reconstructed_from_retained_wire,True,,,317.7911489537435,301.1244836717481,293.14999880570895,0.5274980000000011,0.65,97499.99999999968,97499.99186388217,0.00014999991971397566,18825.423634720464,-9.629729902371764e-09,0.00015,301.124,293.15,317.791,0.0,150000,1,195,19500000,19500000,19500000,0,301124,1,195,19500000,19500000,19500000,0,293150,1,195,19500000,19500000,19500000,0,317791,1,195,19500000,19500000,19500000,0,0,1,195,19500000,19500000,19500000,0,1.0,0.527498,0.65,1.0,0.527498,0.65,1.0,0.527498,0.65,195,19800000,False,1.0,5000.0,300.0,500.0,600000000000.0,100000000000.0,,194
1,dropped_command,thermal_loop,197,controller_tick,19600000,19.6,1,0,19600000,196,19600000,RUNNING,,0,0,62,1,0,reconstructed_from_retained_wire,True,,,317.79114895789576,301.12448367472496,293.14999880517615,0.5274980000000011,0.65,97999.99999999968,97999.99180415423,0.00014999991971397566,18825.423634720464,-1.006560523819644e-08,0.00015,301.124,293.15,317.791,0.0,150000,1,196,19600000,19600000,19600000,0,301124,1,196,19600000,19600000,19600000,0,293150,1,196,19600000,19600000,19600000,0,317791,1,196,19600000,19600000,19600000,0,0,1,196,19600000,19600000,19600000,0,1.0,0.527498,0.65,1.0,0.527498,0.65,1.0,0.527498,0.65,196,19900000,False,1.0,5000.0,300.0,500.0,600000000000.0,100000000000.0,,195
1,dropped_command,thermal_loop,198,controller_tick,19700000,19.7,1,0,19700000,197,19700000,RUNNING,,0,0,62,1,0,reconstructed_from_retained_wire,True,,,317.7911489620445,301.1244836776799,293.1499988046629,0.5274980000000011,0.65,98499.9999999997,98499.99174440013,0.00014999991971397566,18825.423634720464,-9.656105248723179e-09,0.00015,301.124,293.15,317.791,0.0,150000,1,197,19700000,19700000,19700000,0,301124,1,197,19700000,19700000,19700000,0,293150,1,197,19700000,19700000,19700000,0,317791,1,197,19700000,19700000,19700000,0,0,1,197,19700000,19700000,19700000,0,1.0,0.527498,0.65,1.0,0.527498,0.65,1.0,0.527498,0.65,197,20000000,False,1.0,5000.0,300.0,500.0,600000000000.0,100000000000.0,,196
1,dropped_command,thermal_loop,199,controller_tick,19800000,19.8,1,0,19800000,198,19800000,RUNNING,,0,0,62,1,0,reconstructed_from_retained_wire,True,,,317.79114896618955,301.1244836806133,293.1499988041689,0.5274980000000011,0.65,98999.9999999997,98999.99168462085,0.00014999991971397566,18825.423634720464,-9.97420102066826e-09,0.00015,301.124,293.15,317.791,0.0,150000,1,198,19800000,19800000,19800000,0,301124,1,198,19800000,19800000,19800000,0,293150,1,198,19800000,19800000,19800000,0,317791,1,198,19800000,19800000,19800000,0,0,1,198,19800000,19800000,19800000,0,1.0,0.527498,0.65,1.0,0.527498,0.65,1.0,0.527498,0.65,198,20100000,False,1.0,5000.0,300.0,500.0,600000000000.0,100000000000.0,,197
1,dropped_command,thermal_loop,200,controller_tick,19900000,19.9,1,0,19900000,199,19900000,RUNNING,,0,0,62,1,0,reconstructed_from_retained_wire,True,,,317.791148970331,301.12448368352557,293.1499988036938,0.5274980000000011,0.65,99499.9999999997,99499.99162481734,0.00014999991971397566,18825.423634720464,-1.0311623555026017e-08,0.00015,301.124,293.15,317.791,0.0,150000,1,199,19900000,19900000,19900000,0,301124,1,199,19900000,19900000,19900000,0,293150,1,199,19900000,19900000,19900000,0,317791,1,199,19900000,19900000,19900000,0,0,1,199,19900000,19900000,19900000,0,1.0,0.527498,0.65,1.0,0.527498,0.65,1.0,0.527498,0.65,199,20200000,False,1.0,5000.0,300.0,500.0,600000000000.0,100000000000.0,,198
1,dropped_command,thermal_loop,201,controller_tick,20000000,20.0,1,0,20000000,200,20000000,RUNNING,,0,0,62,1,0,reconstructed_from_retained_wire,True,,,317.79114897446874,301.124483686417,293.1499988032374,0.5274980000000011,0.65,99999.99999999971,99999.99156499055,0.00014999991971397566,18825.423634720464,-1.030548446578905e-08,0.00015,301.124,293.15,317.791,0.0,150000,1,200,20000000,20000000,20000000,0,301124,1,200,20000000,20000000,20000000,0,293150,1,200,20000000,20000000,20000000,0,317791,1,200,20000000,20000000,20000000,0,0,1,200,20000000,20000000,20000000,0,1.0,0.527498,0.65,1.0,0.527498,0.65,1.0,0.527498,0.65,200,20300000,False,1.0,5000.0,300.0,500.0,600000000000.0,100000000000.0,,199
1,dropped_command,thermal_loop,202,controller_tick,20100000,20.1,1,0,20100000,201,20100000,RUNNING,,0,0,62,1,0,reconstructed_from_retained_wire,True,,,317.7911489786027,301.124483689288,293.1499988027994,0.5274980000000011,0.65,100499.99999999972,100499.9915051414,0.00014999991971397566,18825.423634720464,-1.0859594112844206e-08,0.00015,301.124,293.15,317.791,0.0,150000,1,201,20100000,20100000,20100000,0,301124,1,201,20100000,20100000,20100000,0,293150,1,201,20100000,20100000,20100000,0,317791,1,201,20100000,20100000,20100000,0,0,1,201,20100000,20100000,20100000,0,1.0,0.527498,0.65,1.0,0.527498,0.65,1.0,0.527498,0.65,201,20400000,False,1.0,5000.0,300.0,500.0,600000000000.0,100000000000.0,,200
1,dropped_command,thermal_loop,203,controller_tick,20200000,20.2,1,0,20200000,202,20200000,RUNNING,,0,0,62,1,0,reconstructed_from_retained_wire,True,,,317.79114898273286,301.1244836921389,293.1499988023796,0.5274980000000011,0.65,100999.99999999972,100999.9914452708,0.00014999991971397566,18825.423634720464,-1.0488747648196295e-08,0.00015,301.124,293.15,317.791,0.0,150000,1,202,20200000,20200000,20200000,0,301124,1,202,20200000,20200000,20200000,0,293150,1,202,20200000,20200000,20200000,0,317791,1,202,20200000,20200000,20200000,0,0,1,202,20200000,20200000,20200000,0,1.0,0.527498,0.65,1.0,0.527498,0.65,1.0,0.527498,0.65,202,20500000,False,1.0,5000.0,300.0,500.0,600000000000.0,100000000000.0,,201
1,dropped_command,thermal_loop,204,controller_tick,20300000,20.3,1,0,20300000,203,20300000,RUNNING,,0,0,62,1,0,reconstructed_from_retained_wire,True,,,317.7911489868591,301.12448369496997,293.14999880197774,0.5274980000000011,0.65,101499.99999999972,101499.99138537968,0.00014999991971397566,18825.423634720464,-1.0708845366025344e-08,0.00015,301.124,293.15,317.791,0.0,150000,1,203,20300000,20300000,20300000,0,301124,1,203,20300000,20300000,20300000,0,293150,1,203,20300000,20300000,20300000,0,317791,1,203,20300000,20300000,20300000,0,0,1,203,20300000,20300000,20300000,0,1.0,0.527498,0.65,1.0,0.527498,0.65,1.0,0.527498,0.65,203,20600000,False,1.0,5000.0,300.0,500.0,600000000000.0,100000000000.0,,202
1,dropped_command,thermal_loop,205,controller_tick,20400000,20.4,1,0,20400000,204,20400000,RUNNING,,0,0,62,1,0,reconstructed_from_retained_wire,True,,,317.79114899098147,301.1244836977816,293.1499988015935,0.5274980000000011,0.65,101999.99999999972,101999.99132546889,0.00014999991971397566,18825.423634720464,-1.1359588825143874e-08,0.00015,301.124,293.15,317.791,0.0,150000,1,204,20400000,20400000,20400000,0,301124,1,204,20400000,20400000,20400000,0,293150,1,204,20400000,20400000,20400000,0,317791,1,204,20400000,20400000,20400000,0,0,1,204,20400000,20400000,20400000,0,1.0,0.527498,0.65,1.0,0.527498,0.65,1.0,0.527498,0.65,204,20700000,False,1.0,5000.0,300.0,500.0,600000000000.0,100000000000.0,,203
1,dropped_command,thermal_loop,206,controller_tick,20500000,20.5,1,0,20500000,205,20500000,RUNNING,,0,0,62,1,0,reconstructed_from_retained_wire,True,,,317.7911489950999,301.12448370057416,293.1499988012266,0.5274980000000011,0.65,102499.99999999972,102499.99126553933,0.00014999991971397566,18825.423634720464,-1.1553311196621507e-08,0.00015,301.124,293.15,317.791,0.0,150000,1,205,20500000,20500000,20500000,0,301124,1,205,20500000,20500000,20500000,0,293150,1,205,20500000,20500000,20500000,0,317791,1,205,20500000,20500000,20500000,0,0,1,205,20500000,20500000,20500000,0,1.0,0.527498,0.65,1.0,0.527498,0.65,1.0,0.527498,0.65,205,20800000,False,1.0,5000.0,300.0,500.0,600000000000.0,100000000000.0,,204
1,dropped_command,thermal_loop,207,controller_tick,20600000,20.6,1,0,20600000,206,20600000,RUNNING,,0,0,62,1,0,reconstructed_from_retained_wire,True,,,317.79114899921433,301.1244837033479,293.1499988008769,0.5274980000000011,0.65,102999.99999999972,102999.99120559185,0.00014999991971397566,18825.423634720464,-1.1475094652269036e-08,0.00015,301.124,293.15,317.791,0.0,150000,1,206,20600000,20600000,20600000,0,301124,1,206,20600000,20600000,20600000,0,293150,1,206,20600000,20600000,20600000,0,317791,1,206,20600000,20600000,20600000,0,0,1,206,20600000,20600000,20600000,0,1.0,0.527498,0.65,1.0,0.527498,0.65,1.0,0.527498,0.65,206,20900000,False,1.0,5000.0,300.0,500.0,600000000000.0,100000000000.0,,205
1,dropped_command,thermal_loop,208,controller_tick,20700000,20.7,1,0,20700000,207,20700000,RUNNING,,0,0,62,1,0,reconstructed_from_retained_wire,True,,,317.7911490033247,301.12448370610315,293.1499988005441,0.5274980000000011,0.65,103499.99999999974,103499.99114562731,0.00014999991971397566,18825.423634720464,-1.214516487380024e-08,0.00015,301.124,293.15,317.791,0.0,150000,1,207,20700000,20700000,20700000,0,301124,1,207,20700000,20700000,20700000,0,293150,1,207,20700000,20700000,20700000,0,317791,1,207,20700000,20700000,20700000,0,0,1,207,20700000,20700000,20700000,0,1.0,0.527498,0.65,1.0,0.527498,0.65,1.0,0.527498,0.65,207,21000000,False,1.0,5000.0,300.0,500.0,600000000000.0,100000000000.0,,206
1,dropped_command,thermal_loop,209,controller_tick,20800000,20.8,1,0,20800000,208,20800000,RUNNING,,0,0,62,1,0,reconstructed_from_retained_wire,True,,,317.79114900743093,301.12448370884033,293.1499988002279,0.5274980000000011,0.65,103999.99999999975,103999.99108564656,0.00014999991971397566,18825.423634720464,-1.2928012438351288e-08,0.00015,301.124,293.15,317.791,0.0,150000,1,208,20800000,20800000,20800000,0,301124,1,208,20800000,20800000,20800000,0,293150,1,208,20800000,20800000,20800000,0,317791,1,208,20800000,20800000,20800000,0,0,1,208,20800000,20800000,20800000,0,1.0,0.527498,0.65,1.0,0.527498,0.65,1.0,0.527498,0.65,208,21100000,False,1.0,5000.0,300.0,500.0,600000000000.0,100000000000.0,,207
1,dropped_command,thermal_loop,210,controller_tick,20900000,20.9,1,0,20900000,209,20900000,RUNNING,,0,0,62,1,0,reconstructed_from_retained_wire,True,,,317.7911490115331,301.12448371155966,293.14999879992814,0.5274980000000011,0.65,104499.99999999975,104499.9910256504,0.00014999991971397566,18825.423634720464,-1.253351911145728e-08,0.00015,301.124,293.15,317.791,0.0,150000,1,209,20900000,20900000,20900000,0,301124,1,209,20900000,20900000,20900000,0,293150,1,209,20900000,20900000,20900000,0,317791,1,209,20900000,20900000,20900000,0,0,1,209,20900000,20900000,20900000,0,1.0,0.527498,0.65,1.0,0.527498,0.65,1.0,0.527498,0.65,209,21200000,False,1.0,5000.0,300.0,500.0,600000000000.0,100000000000.0,,208
1,dropped_command,thermal_loop,211,controller_tick,21000000,21.0,1,0,21000000,210,21000000,RUNNING,,0,0,62,1,0,reconstructed_from_retained_wire,True,,,317.79114901563105,301.1244837142615,293.14999879964455,0.5274980000000011,0.65,104999.99999999975,104999.99096563966,0.00014999991971397566,18825.423634720464,-1.2694727047346532e-08,0.00015,301.124,293.15,317.791,0.0,150000,1,210,21000000,21000000,21000000,0,301124,1,210,21000000,21000000,21000000,0,293150,1,210,21000000,21000000,21000000,0,317791,1,210,21000000,21000000,21000000,0,0,1,210,21000000,21000000,21000000,0,1.0,0.527498,0.65,1.0,0.527498,0.65,1.0,0.527498,0.65,210,21300000,False,1.0,5000.0,300.0,500.0,600000000000.0,100000000000.0,,209
1,dropped_command,thermal_loop,212,controller_tick,21100000,21.1,1,0,21100000,211,21100000,RUNNING,,0,0,62,1,0,reconstructed_from_retained_wire,True,,,317.7911490197248,301.12448371694614,293.14999879937693,0.5274980000000011,0.65,105499.99999999977,105499.99090561514,0.00014999991971397566,18825.423634720464,-1.1942120181629434e-08,0.00015,301.124,293.15,317.791,0.0,150000,1,211,21100000,21100000,21100000,0,301124,1,211,21100000,21100000,21100000,0,293150,1,211,21100000,21100000,21100000,0,317791,1,211,21100000,21100000,21100000,0,0,1,211,21100000,21100000,21100000,0,1.0,0.527498,0.65,1.0,0.527498,0.65,1.0,0.527498,0.65,211,21400000,False,1.0,5000.0,300.0,500.0,600000000000.0,100000000000.0,,210
1,dropped_command,thermal_loop,213,controller_tick,21200000,21.2,1,0,21200000,212,21200000,RUNNING,,0,0,62,1,0,reconstructed_from_retained_wire,True,,,317.79114902381434,301.1244837196138,293.149998799125,0.5274980000000011,0.65,105999.99999999977,105999.99084557763,0.00014999991971397566,18825.423634720464,-1.1570136848604307e-08,0.00015,301.124,293.15,317.791,0.0,150000,1,212,21200000,21200000,21200000,0,301124,1,212,21200000,21200000,21200000,0,293150,1,212,21200000,21200000,21200000,0,317791,1,212,21200000,21200000,21200000,0,0,1,212,21200000,21200000,21200000,0,1.0,0.527498,0.65,1.0,0.527498,0.65,1.0,0.527498,0.65,212,21500000,False,1.0,5000.0,300.0,500.0,600000000000.0,100000000000.0,,211
1,dropped_command,thermal_loop,214,controller_tick,21300000,21.3,1,0,21300000,213,21300000,RUNNING,,0,0,62,1,0,reconstructed_from_retained_wire,True,,,317.79114902789956,301.1244837222648,293.14999879888853,0.5274980000000011,0.65,106499.99999999977,106499.99078552792,0.00014999991971397566,18825.423634720464,-1.1958945833612233e-08,0.00015,301.124,293.15,317.791,0.0,150000,1,213,21300000,21300000,21300000,0,301124,1,213,21300000,21300000,21300000,0,293150,1,213,21300000,21300000,21300000,0,317791,1,213,21300000,21300000,21300000,0,0,1,213,21300000,21300000,21300000,0,1.0,0.527498,0.65,1.0,0.527498,0.65,1.0,0.527498,0.65,213,21600000,False,1.0,5000.0,300.0,500.0,600000000000.0,100000000000.0,,212
1,dropped_command,thermal_loop,215,controller_tick,21400000,21.4,1,0,21400000,214,21400000,RUNNING,,0,0,62,1,0,reconstructed_from_retained_wire,True,,,317.79114903198047,301.12448372489945,293.1499987986673,0.5274980000000011,0.65,106999.99999999978,106999.99072546676,0.00014999991971397566,18825.423634720464,-1.2827058526454493e-08,0.00015,301.124,293.15,317.791,0.0,150000,1,214,21400000,21400000,21400000,0,301124,1,214,21400000,21400000,21400000,0,293150,1,214,21400000,21400000,21400000,0,317791,1,214,21400000,21400000,21400000,0,0,1,214,21400000,21400000,21400000,0,1.0,0.527498,0.65,1.0,0.527498,0.65,1.0,0.527498,0.65,214,21700000,False,1.0,5000.0,300.0,500.0,600000000000.0,100000000000.0,,213
1,dropped_command,thermal_loop,216,controller_tick,21500000,21.5,1,0,21500000,215,21500000,RUNNING,,0,0,62,1,0,reconstructed_from_retained_wire,True,,,317.79114903605705,301.12448372751794,293.1499987984612,0.5274980000000011,0.65,107499.99999999978,107499.99066539491,0.00014999991971397566,18825.423634720464,-1.2928012438351288e-08,0.00015,301.124,293.15,317.791,0.0,150000,1,215,21500000,21500000,21500000,0,301124,1,215,21500000,21500000,21500000,0,293150,1,215,21500000,21500000,21500000,0,317791,1,215,21500000,21500000,21500000,0,0,1,215,21500000,21500000,21500000,0,1.0,0.527498,0.65,1.0,0.527498,0.65,1.0,0.527498,0.65,215,21800000,False,1.0,5000.0,300.0,500.0,600000000000.0,100000000000.0,,214
1,dropped_command,thermal_loop,217,controller_tick,21600000,21.6,1,0,21600000,216,21600000,RUNNING,,0,0,62,1,0,reconstructed_from_retained_wire,True,,,317.79114904012926,301.12448373012063,293.14999879826985,0.5274980000000011,0.65,107999.99999999978,107999.99060531313,0.00014999991971397566,18825.423634720464,-1.3513727026293054e-08,0.00015,301.124,293.15,317.791,0.0,150000,1,216,21600000,21600000,21600000,0,301124,1,216,21600000,21600000,21600000,0,293150,1,216,21600000,21600000,21600000,0,317791,1,216,21600000,21600000,21600000,0,0,1,216,21600000,21600000,21600000,0,1.0,0.527498,0.65,1.0,0.527498,0.65,1.0,0.527498,0.65,216,21900000,False,1.0,5000.0,300.0,500.0,600000000000.0,100000000000.0,,215
1,dropped_command,thermal_loop,218,controller_tick,21700000,21.7,1,0,21700000,217,21700000,RUNNING,,0,0,62,1,0,reconstructed_from_retained_wire,True,,,317.791149044197,301.1244837327078,293.1499987980932,0.5274980000000011,0.65,108499.99999999978,108499.99054522216,0.00014999991971397566,18825.423634720464,-1.3445514923660085e-08,0.00015,301.124,293.15,317.791,0.0,150000,1,217,21700000,21700000,21700000,0,301124,1,217,21700000,21700000,21700000,0,293150,1,217,21700000,21700000,21700000,0,317791,1,217,21700000,21700000,21700000,0,0,1,217,21700000,21700000,21700000,0,1.0,0.527498,0.65,1.0,0.527498,0.65,1.0,0.527498,0.65,217,22000000,False,1.0,5000.0,300.0,500.0,600000000000.0,100000000000.0,,216
1,dropped_command,thermal_loop,219,controller_tick,21800000,21.8,1,0,21800000,218,21800000,RUNNING,,0,0,62,1,0,reconstructed_from_retained_wire,True,,,317.7911490482603,301.1244837352797,293.1499987979309,0.5274980000000011,0.65,108999.9999999998,108999.99048512272,0.00014999991971397566,18825.423634720464,-1.4256556823966093e-08,0.00015,301.124,293.15,317.791,0.0,150000,1,218,21800000,21800000,21800000,0,301124,1,218,21800000,21800000,21800000,0,293150,1,218,21800000,21800000,21800000,0,317791,1,218,21800000,21800000,21800000,0,0,1,218,21800000,21800000,21800000,0,1.0,0.527498,0.65,1.0,0.527498,0.65,1.0,0.527498,0.65,218,22100000,False,1.0,5000.0,300.0,500.0,600000000000.0,100000000000.0,,217
1,dropped_command,thermal_loop,220,controller_tick,21900000,21.9,1,0,21900000,219,21900000,RUNNING,,0,0,62,1,0,reconstructed_from_retained_wire,True,,,317.7911490523191,301.1244837378366,293.14999879778287,0.5274980000000011,0.65,109499.9999999998,109499.99042501551,0.00014999991971397566,18825.423634720464,-1.3793624020763673e-08,0.00015,301.124,293.15,317.791,0.0,150000,1,219,21900000,21900000,21900000,0,301124,1,219,21900000,21900000,21900000,0,293150,1,219,21900000,21900000,21900000,0,317791,1,219,21900000,21900000,21900000,0,0,1,219,21900000,21900000,21900000,0,1.0,0.527498,0.65,1.0,0.527498,0.65,1.0,0.527498,0.65,219,22200000,False,1.0,5000.0,300.0,500.0,600000000000.0,100000000000.0,,218
1,dropped_command,thermal_loop,221,controller_tick,22000000,22.0,1,0,22000000,220,22000000,RUNNING,,0,0,62,1,0,reconstructed_from_retained_wire,True,,,317.7911490563734,301.1244837403787,293.14999879764883,0.5274980000000011,0.65,109999.9999999998,109999.99036490126,0.00014999991971397566,18825.423634720464,-1.39573330670828e-08,0.00015,301.124,293.15,317.791,0.0,150000,1,220,22000000,22000000,22000000,0,301124,1,220,22000000,22000000,22000000,0,293150,1,220,22000000,22000000,22000000,0,317791,1,220,22000000,22000000,22000000,0,0,1,220,22000000,22000000,22000000,0,1.0,0.527498,0.65,1.0,0.527498,0.65,1.0,0.527498,0.65,220,22300000,False,1.0,5000.0,300.0,500.0,600000000000.0,100000000000.0,,219
1,dropped_command,thermal_loop,222,controller_tick,22100000,22.1,1,0,22100000,221,22100000,RUNNING,,0,0,62,1,0,reconstructed_from_retained_wire,True,,,317.79114906042315,301.12448374290625,293.1499987975286,0.5274980000000011,0.65,110499.9999999998,110499.99030478064,0.00014999991971397566,18825.423634720464,-1.4394572644960135e-08,0.00015,301.124,293.15,317.791,0.0,150000,1,221,22100000,22100000,22100000,0,301124,1,221,22100000,22100000,22100000,0,293150,1,221,22100000,22100000,22100000,0,317791,1,221,22100000,22100000,22100000,0,0,1,221,22100000,22100000,22100000,0,1.0,0.527498,0.65,1.0,0.527498,0.65,1.0,0.527498,0.65,221,22400000,False,1.0,5000.0,300.0,500.0,600000000000.0,100000000000.0,,220
1,dropped_command,thermal_loop,223,controller_tick,22200000,22.2,1,0,22200000,222,22200000,RUNNING,,0,0,62,1,0,reconstructed_from_retained_wire,True,,,317.7911490644683,301.1244837454195,293.1499987974221,0.5274980000000011,0.65,110999.9999999998,110999.99024465437,0.00014999991971397566,18825.423634720464,-1.402486304868944e-08,0.00015,301.124,293.15,317.791,0.0,150000,1,222,22200000,22200000,22200000,0,301124,1,222,22200000,22200000,22200000,0,293150,1,222,22200000,22200000,22200000,0,317791,1,222,22200000,22200000,22200000,0,0,1,222,22200000,22200000,22200000,0,1.0,0.527498,0.65,1.0,0.527498,0.65,1.0,0.527498,0.65,222,22500000,False,1.0,5000.0,300.0,500.0,600000000000.0,100000000000.0,,221
1,dropped_command,thermal_loop,224,controller_tick,22300000,22.3,1,0,22300000,223,22300000,RUNNING,,0,0,62,1,0,reconstructed_from_retained_wire,True,,,317.79114906850884,301.12448374791876,293.149998797329,0.5274980000000011,0.65,111499.99999999981,111499.99018452309,0.00014999991971397566,18825.423634720464,-1.3871158444089815e-08,0.00015,301.124,293.15,317.791,0.0,150000,1,223,22300000,22300000,22300000,0,301124,1,223,22300000,22300000,22300000,0,293150,1,223,22300000,22300000,22300000,0,317791,1,223,22300000,22300000,22300000,0,0,1,223,22300000,22300000,22300000,0,1.0,0.527498,0.65,1.0,0.527498,0.65,1.0,0.527498,0.65,223,22600000,False,1.0,5000.0,300.0,500.0,600000000000.0,100000000000.0,,222
1,dropped_command,thermal_loop,225,controller_tick,22400000,22.4,1,0,22400000,224,22400000,RUNNING,,0,0,62,1,0,reconstructed_from_retained_wire,True,,,317.7911490725448,301.1244837504042,293.14999879724905,0.5274980000000011,0.65,111999.99999999983,111999.99012438748,0.00014999991971397566,18825.423634720464,-1.4199940778780729e-08,0.00015,301.124,293.15,317.791,0.0,150000,1,224,22400000,22400000,22400000,0,301124,1,224,22400000,22400000,22400000,0,293150,1,224,22400000,22400000,22400000,0,317791,1,224,22400000,22400000,22400000,0,0,1,224,22400000,22400000,22400000,0,1.0,0.527498,0.65,1.0,0.527498,0.65,1.0,0.527498,0.65,224,22700000,False,1.0,5000.0,300.0,500.0,600000000000.0,100000000000.0,,223
1,dropped_command,thermal_loop,226,controller_tick,22500000,22.5,1,0,22500000,225,22500000,RUNNING,,0,0,62,1,0,reconstructed_from_retained_wire,True,,,317.79114907657606,301.1244837528761,293.1499987971822,0.5274980000000011,0.65,112499.99999999983,112499.99006424821,0.00014999991971397566,18825.423634720464,-1.3930730347055942e-08,0.00015,301.124,293.15,317.791,0.0,150000,1,225,22500000,22500000,22500000,0,301124,1,225,22500000,22500000,22500000,0,293150,1,225,22500000,22500000,22500000,0,317791,1,225,22500000,22500000,22500000,0,0,1,225,22500000,22500000,22500000,0,1.0,0.527498,0.65,1.0,0.527498,0.65,1.0,0.527498,0.65,225,22800000,False,1.0,5000.0,300.0,500.0,600000000000.0,100000000000.0,,224
1,dropped_command,thermal_loop,227,controller_tick,22600000,22.6,1,0,22600000,226,22600000,RUNNING,,0,0,62,1,0,reconstructed_from_retained_wire,True,,,317.79114908060257,301.12448375533467,293.14999879712826,0.5274980000000011,0.65,112999.99999999983,112999.99000410592,0.00014999991971397566,18825.423634720464,-1.3826820577378385e-08,0.00015,301.124,293.15,317.791,0.0,150000,1,226,22600000,22600000,22600000,0,301124,1,226,22600000,22600000,22600000,0,293150,1,226,22600000,22600000,22600000,0,317791,1,226,22600000,22600000,22600000,0,0,1,226,22600000,22600000,22600000,0,1.0,0.527498,0.65,1.0,0.527498,0.65,1.0,0.527498,0.65,226,22900000,False,1.0,5000.0,300.0,500.0,600000000000.0,100000000000.0,,225
1,dropped_command,thermal_loop,228,controller_tick,22700000,22.7,1,0,22700000,227,22700000,RUNNING,,0,0,62,1,0,reconstructed_from_retained_wire,True,,,317.7911490846244,301.1244837577801,293.14999879708694,0.5274980000000011,0.65,113499.99999999983,113499.98994396125,0.00014999991971397566,18825.423634720464,-1.4234956324798986e-08,0.00015,301.124,293.15,317.791,0.0,150000,1,227,22700000,22700000,22700000,0,301124,1,227,22700000,22700000,22700000,0,293150,1,227,22700000,22700000,22700000,0,317791,1,227,22700000,22700000,22700000,0,0,1,227,22700000,22700000,22700000,0,1.0,0.527498,0.65,1.0,0.527498,0.65,1.0,0.527498,0.65,227,23000000,False,1.0,5000.0,300.0,500.0,600000000000.0,100000000000.0,,226
1,dropped_command,thermal_loop,229,controller_tick,22800000,22.8,1,0,22800000,228,22800000,RUNNING,,0,0,62,1,0,reconstructed_from_retained_wire,True,,,317.79114908864153,301.12448376021274,293.1499987970582,0.5274980000000011,0.65,113999.99999999983,113999.98988381484,0.00014999991971397566,18825.423634720464,-1.343460098723881e-08,0.00015,301.124,293.15,317.791,0.0,150000,1,228,22800000,22800000,22800000,0,301124,1,228,22800000,22800000,22800000,0,293150,1,228,22800000,22800000,22800000,0,317791,1,228,22800000,22800000,22800000,0,0,1,228,22800000,22800000,22800000,0,1.0,0.527498,0.65,1.0,0.527498,0.65,1.0,0.527498,0.65,228,23100000,False,1.0,5000.0,300.0,500.0,600000000000.0,100000000000.0,,227
1,dropped_command,thermal_loop,230,controller_tick,22900000,22.9,1,0,22900000,229,22900000,RUNNING,,0,0,62,1,0,reconstructed_from_retained_wire,True,,,317.7911490926538,301.1244837626327,293.14999879704175,0.5274980000000011,0.65,114499.99999999983,114499.98982366729,0.00014999991971397566,18825.423634720464,-1.3377075447351672e-08,0.00015,301.124,293.15,317.791,0.0,150000,1,229,22900000,22900000,22900000,0,301124,1,229,22900000,22900000,22900000,0,293150,1,229,22900000,22900000,22900000,0,317791,1,229,22900000,22900000,22900000,0,0,1,229,22900000,22900000,22900000,0,1.0,0.527498,0.65,1.0,0.527498,0.65,1.0,0.527498,0.65,229,23200000,False,1.0,5000.0,300.0,500.0,600000000000.0,100000000000.0,,228
1,dropped_command,thermal_loop,231,controller_tick,23000000,23.0,1,0,23000000,230,23000000,RUNNING,,0,0,62,1,0,reconstructed_from_retained_wire,True,,,317.79114909666134,301.1244837650401,293.1499987970374,0.5274980000000011,0.65,114999.99999999984,114999.98976351923,0.00014999991971397566,18825.423634720464,-1.430839802196715e-08,0.00015,301.124,293.15,317.791,0.0,150000,1,230,23000000,23000000,23000000,0,301124,1,230,23000000,23000000,23000000,0,293150,1,230,23000000,23000000,23000000,0,317791,1,230,23000000,23000000,23000000,0,0,1,230,23000000,23000000,23000000,0,1.0,0.527498,0.65,1.0,0.527498,0.65,1.0,0.527498,0.65,230,23300000,False,1.0,5000.0,300.0,500.0,600000000000.0,100000000000.0,,229
1,dropped_command,thermal_loop,232,controller_tick,23100000,23.1,1,0,23100000,231,23100000,RUNNING,,0,0,62,1,0,reconstructed_from_retained_wire,True,,,317.7911491006641,301.1244837674353,293.1499987970451,0.5274980000000011,0.65,115499.99999999984,115499.98970337126,0.00014999991971397566,18825.423634720464,-1.465241439291276e-08,0.00015,301.124,293.15,317.791,0.0,150000,1,231,23100000,23100000,23100000,0,301124,1,231,23100000,23100000,23100000,0,293150,1,231,23100000,23100000,23100000,0,317791,1,231,23100000,23100000,23100000,0,0,1,231,23100000,23100000,23100000,0,1.0,0.527498,0.65,1.0,0.527498,0.65,1.0,0.527498,0.65,231,23400000,False,1.0,5000.0,300.0,500.0,600000000000.0,100000000000.0,,230
1,dropped_command,thermal_loop,233,controller_tick,23200000,23.2,1,0,23200000,232,23200000,RUNNING,,0,0,62,1,0,reconstructed_from_retained_wire,True,,,317.79114910466194,301.12448376981854,293.14999879706465,0.5274980000000011,0.65,115999.99999999984,115999.98964322396,0.00014999991971397566,18825.423634720464,-1.4503257261822e-08,0.00015,301.124,293.15,317.791,0.0,150000,1,232,23200000,23200000,23200000,0,301124,1,232,23200000,23200000,23200000,0,293150,1,232,23200000,23200000,23200000,0,317791,1,232,23200000,23200000,23200000,0,0,1,232,23200000,23200000,23200000,0,1.0,0.527498,0.65,1.0,0.527498,0.65,1.0,0.527498,0.65,232,23500000,False,1.0,5000.0,300.0,500.0,600000000000.0,100000000000.0,,231
1,dropped_command,thermal_loop,234,controller_tick,23300000,23.3,1,0,23300000,233,23300000,RUNNING,,0,0,62,1,0,reconstructed_from_retained_wire,True,,,317.79114910865496,301.12448377218993,293.1499987970958,0.5274980000000011,0.65,116499.99999999984,116499.98958307793,0.00014999991971397566,18825.423634720464,-1.4834313333267346e-08,0.00015,301.124,293.15,317.791,0.0,150000,1,233,23300000,23300000,23300000,0,301124,1,233,23300000,23300000,23300000,0,293150,1,233,23300000,23300000,23300000,0,317791,1,233,23300000,23300000,23300000,0,0,1,233,23300000,23300000,23300000,0,1.0,0.527498,0.65,1.0,0.527498,0.65,1.0,0.527498,0.65,233,23600000,False,1.0,5000.0,300.0,500.0,600000000000.0,100000000000.0,,232
1,dropped_command,thermal_loop,235,controller_tick,23400000,23.4,1,0,23400000,234,23400000,RUNNING,,0,0,62,1,0,reconstructed_from_retained_wire,True,,,317.79114911264315,301.1244837745497,293.1499987971385,0.5274980000000011,0.65,116999.99999999984,116999.98952293374,0.00014999991971397566,18825.423634720464,-1.4350689525599591e-08,0.00015,301.124,293.15,317.791,0.0,150000,1,234,23400000,23400000,23400000,0,301124,1,234,23400000,23400000,23400000,0,293150,1,234,23400000,23400000,23400000,0,317791,1,234,23400000,23400000,23400000,0,0,1,234,23400000,23400000,23400000,0,1.0,0.527498,0.65,1.0,0.527498,0.65,1.0,0.527498,0.65,234,23700000,False,1.0,5000.0,300.0,500.0,600000000000.0,100000000000.0,,233
1,dropped_command,thermal_loop,236,controller_tick,23500000,23.5,1,0,23500000,235,23500000,RUNNING,,0,0,62,1,0,reconstructed_from_retained_wire,True,,,317.7911491166264,301.124483776898,293.14999879719255,0.5274980000000011,0.65,117499.99999999984,117499.98946279197,0.00014999991971397566,18825.423634720464,-1.3859335012966767e-08,0.00015,301.124,293.15,317.791,0.0,150000,1,235,23500000,23500000,23500000,0,301124,1,235,23500000,23500000,23500000,0,293150,1,235,23500000,23500000,23500000,0,317791,1,235,23500000,23500000,23500000,0,0,1,235,23500000,23500000,23500000,0,1.0,0.527498,0.65,1.0,0.527498,0.65,1.0,0.527498,0.65,235,23800000,False,1.0,5000.0,300.0,500.0,600000000000.0,100000000000.0,,234
1,dropped_command,thermal_loop,237,controller_tick,23600000,23.6,1,0,23600000,236,23600000,RUNNING,,0,0,62,1,0,reconstructed_from_retained_wire,True,,,317.79114912060476,301.124483779235,293.14999879725775,0.5274980000000011,0.65,117999.99999999985,117999.98940265318,0.00014999991971397566,18825.423634720464,-1.4139686754788272e-08,0.00015,301.124,293.15,317.791,0.0,150000,1,236,23600000,23600000,23600000,0,301124,1,236,23600000,23600000,23600000,0,293150,1,236,23600000,23600000,23600000,0,317791,1,236,23600000,23600000,23600000,0,0,1,236,23600000,23600000,23600000,0,1.0,0.527498,0.65,1.0,0.527498,0.65,1.0,0.527498,0.65,236,23900000,False,1.0,5000.0,300.0,500.0,600000000000.0,100000000000.0,,235
1,dropped_command,thermal_loop,238,controller_tick,23700000,23.7,1,0,23700000,237,23700000,RUNNING,,0,0,62,1,0,reconstructed_from_retained_wire,True,,,317.79114912457817,301.12448378156097,293.149998797334,0.5274980000000011,0.65,118499.99999999985,118499.98934251795,0.00014999991971397566,18825.423634720464,-1.4213128451956436e-08,0.00015,301.124,293.15,317.791,0.0,150000,1,237,23700000,23700000,23700000,0,301124,1,237,23700000,23700000,23700000,0,293150,1,237,23700000,23700000,23700000,0,317791,1,237,23700000,23700000,23700000,0,0,1,237,23700000,23700000,23700000,0,1.0,0.527498,0.65,1.0,0.527498,0.65,1.0,0.527498,0.65,237,24000000,False,1.0,5000.0,300.0,500.0,600000000000.0,100000000000.0,,236
1,dropped_command,thermal_loop,239,controller_tick,23800000,23.8,1,0,23800000,238,23800000,RUNNING,,0,0,62,1,0,reconstructed_from_retained_wire,True,,,317.79114912854664,301.12448378387614,293.149998797421,0.5274980000000011,0.65,118999.99999999987,118999.9892823868,0.00014999991971397566,18825.423634720464,-1.4520765034831129e-08,0.00015,301.124,293.15,317.791,0.0,150000,1,238,23800000,23800000,23800000,0,301124,1,238,23800000,23800000,23800000,0,293150,1,238,23800000,23800000,23800000,0,317791,1,238,23800000,23800000,23800000,0,0,1,238,23800000,23800000,23800000,0,1.0,0.527498,0.65,1.0,0.527498,0.65,1.0,0.527498,0.65,238,24100000,False,1.0,5000.0,300.0,500.0,600000000000.0,100000000000.0,,237
1,dropped_command,thermal_loop,240,controller_tick,23900000,23.9,1,0,23900000,239,23900000,RUNNING,,0,0,62,1,0,reconstructed_from_retained_wire,True,,,317.7911491325101,301.1244837861806,293.14999879751883,0.5274980000000011,0.65,119499.99999999987,119499.98922226026,0.00014999991971397566,18825.423634720464,-1.4602846931666136e-08,0.00015,301.124,293.15,317.791,0.0,150000,1,239,23900000,23900000,23900000,0,301124,1,239,23900000,23900000,23900000,0,293150,1,239,23900000,23900000,23900000,0,317791,1,239,23900000,23900000,23900000,0,0,1,239,23900000,23900000,23900000,0,1.0,0.527498,0.65,1.0,0.527498,0.65,1.0,0.527498,0.65,239,24200000,False,1.0,5000.0,300.0,500.0,600000000000.0,100000000000.0,,238
1,dropped_command,thermal_loop,241,controller_tick,24000000,24.0,1,0,24000000,240,24000000,RUNNING,,0,0,62,1,0,reconstructed_from_retained_wire,True,,,317.7911491364686,301.1244837884745,293.1499987976272,0.5274980000000011,0.65,119999.99999999987,119999.98916213888,0.00014999991971397566,18825.423634720464,-1.5030309441499412e-08,0.00015,301.124,293.15,317.791,0.0,150000,1,240,24000000,24000000,24000000,0,301124,1,240,24000000,24000000,24000000,0,293150,1,240,24000000,24000000,24000000,0,317791,1,240,24000000,24000000,24000000,0,0,1,240,24000000,24000000,24000000,0,1.0,0.527498,0.65,1.0,0.527498,0.65,1.0,0.527498,0.65,240,24300000,False,1.0,5000.0,300.0,500.0,600000000000.0,100000000000.0,,239
1,dropped_command,thermal_loop,242,controller_tick,24100000,24.1,1,0,24100000,241,24100000,RUNNING,,0,0,62,1,0,reconstructed_from_retained_wire,True,,,317.79114914042214,301.1244837907581,293.149998797746,0.5274980000000011,0.65,120499.99999999987,120499.98910202317,0.00014999991971397566,18825.423634720464,-1.4659690350526944e-08,0.00015,301.124,293.15,317.791,0.0,150000,1,241,24100000,24100000,24100000,0,301124,1,241,24100000,24100000,24100000,0,293150,1,241,24100000,24100000,24100000,0,317791,1,241,24100000,24100000,24100000,0,0,1,241,24100000,24100000,24100000,0,1.0,0.527498,0.65,1.0,0.527498,0.65,1.0,0.527498,0.65,241,24400000,False,1.0,5000.0,300.0,500.0,600000000000.0,100000000000.0,,240
1,dropped_command,thermal_loop,243,controller_tick,24200000,24.2,1,0,24200000,242,24200000,RUNNING,,0,0,62,1,0,reconstructed_from_retained_wire,True,,,317.7911491443706,301.1244837930316,293.149998797875,0.5274980000000011,0.65,120999.99999999987,120999.98904191366,0.00014999991971397566,18825.423634720464,-1.5436398825841025e-08,0.00015,301.124,293.15,317.791,0.0,150000,1,242,24200000,24200000,24200000,0,301124,1,242,24200000,24200000,24200000,0,293150,1,242,24200000,24200000,24200000,0,317791,1,242,24200000,24200000,24200000,0,0,1,242,24200000,24200000,24200000,0,1.0,0.527498,0.65,1.0,0.527498,0.65,1.0,0.527498,0.65,242,24500000,False,1.0,5000.0,300.0,500.0,600000000000.0,100000000000.0,,241
1,dropped_command,thermal_loop,244,controller_tick,24300000,24.3,1,0,24300000,243,24300000,RUNNING,,0,0,62,1,0,reconstructed_from_retained_wire,True,,,317.79114914831405,301.1244837952951,293.14999879801417,0.5274980000000011,0.65,121499.99999999987,121499.98898181086,0.00014999991971397566,18825.423634720464,-1.580747266416438e-08,0.00015,301.124,293.15,317.791,0.0,150000,1,243,24300000,24300000,24300000,0,301124,1,243,24300000,24300000,24300000,0,293150,1,243,24300000,24300000,24300000,0,317791,1,243,24300000,24300000,24300000,0,0,1,243,24300000,24300000,24300000,0,1.0,0.527498,0.65,1.0,0.527498,0.65,1.0,0.527498,0.65,243,24600000,False,1.0,5000.0,300.0,500.0,600000000000.0,100000000000.0,,242
1,dropped_command,thermal_loop,245,controller_tick,24400000,24.4,1,0,24400000,244,24400000,RUNNING,,0,0,62,1,0,reconstructed_from_retained_wire,True,,,317.7911491522525,301.1244837975487,293.1499987981633,0.5274980000000011,0.65,121999.99999999987,121999.98892171527,0.00014999991971397566,18825.423634720464,-1.6228568711085245e-08,0.00015,301.124,293.15,317.791,0.0,150000,1,244,24400000,24400000,24400000,0,301124,1,244,24400000,24400000,24400000,0,293150,1,244,24400000,24400000,24400000,0,317791,1,244,24400000,24400000,24400000,0,0,1,244,24400000,24400000,24400000,0,1.0,0.527498,0.65,1.0,0.527498,0.65,1.0,0.527498,0.65,244,24700000,False,1.0,5000.0,300.0,500.0,600000000000.0,100000000000.0,,243
1,dropped_command,thermal_loop,246,controller_tick,24500000,24.5,1,0,24500000,245,24500000,RUNNING,,0,0,62,1,0,reconstructed_from_retained_wire,True,,,317.7911491561859,301.1244837997927,293.1499987983224,0.5274980000000011,0.65,122499.99999999988,122499.98886162738,0.00014999991971397566,18825.423634720464,-1.582293407409452e-08,0.00015,301.124,293.15,317.791,0.0,150000,1,245,24500000,24500000,24500000,0,301124,1,245,24500000,24500000,24500000,0,293150,1,245,24500000,24500000,24500000,0,317791,1,245,24500000,24500000,24500000,0,0,1,245,24500000,24500000,24500000,0,1.0,0.527498,0.65,1.0,0.527498,0.65,1.0,0.527498,0.65,245,24800000,False,1.0,5000.0,300.0,500.0,600000000000.0,100000000000.0,,244
1,dropped_command,thermal_loop,247,controller_tick,24600000,24.6,1,0,24600000,246,24600000,RUNNING,,0,0,62,1,0,reconstructed_from_retained_wire,True,,,317.7911491601141,301.12448380202716,293.14999879849114,0.5274980000000011,0.65,122999.9999999999,122999.98880154768,0.00014999991971397566,18825.423634720464,-1.6910462363739498e-08,0.00015,301.124,293.15,317.791,0.0,150000,1,246,24600000,24600000,24600000,0,301124,1,246,24600000,24600000,24600000,0,293150,1,246,24600000,24600000,24600000,0,317791,1,246,24600000,24600000,24600000,0,0,1,246,24600000,24600000,24600000,0,1.0,0.527498,0.65,1.0,0.527498,0.65,1.0,0.527498,0.65,246,24900000,False,1.0,5000.0,300.0,500.0,600000000000.0,100000000000.0,,245
1,dropped_command,thermal_loop,248,controller_tick,24700000,24.7,1,0,24700000,247,24700000,RUNNING,,0,0,62,1,0,reconstructed_from_retained_wire,True,,,317.79114916403734,301.1244838042523,293.1499987986695,0.5274980000000011,0.65,123499.9999999999,123499.98874147666,0.00014999991971397566,18825.423634720464,-1.678677108429838e-08,0.00015,301.124,293.15,317.791,0.0,150000,1,247,24700000,24700000,24700000,0,301124,1,247,24700000,24700000,24700000,0,293150,1,247,24700000,24700000,24700000,0,317791,1,247,24700000,24700000,24700000,0,0,1,247,24700000,24700000,24700000,0,1.0,0.527498,0.65,1.0,0.527498,0.65,1.0,0.527498,0.65,247,25000000,False,1.0,5000.0,300.0,500.0,600000000000.0,100000000000.0,,246
1,dropped_command,thermal_loop,249,controller_tick,24800000,24.8,1,0,24800000,248,24800000,RUNNING,,0,0,62,1,0,reconstructed_from_retained_wire,True,,,317.79114916795544,301.12448380646833,293.1499987988574,0.5274980000000011,0.65,123999.9999999999,123999.98868141479,0.00014999991971397566,18825.423634720464,-1.5662408259231597e-08,0.00015,301.124,293.15,317.791,0.0,150000,1,248,24800000,24800000,24800000,0,301124,1,248,24800000,24800000,24800000,0,293150,1,248,24800000,24800000,24800000,0,317791,1,248,24800000,24800000,24800000,0,0,1,248,24800000,24800000,24800000,0,1.0,0.527498,0.65,1.0,0.527498,0.65,1.0,0.527498,0.65,248,25100000,False,1.0,5000.0,300.0,500.0,600000000000.0,100000000000.0,,247
1,dropped_command,thermal_loop,250,controller_tick,24900000,24.9,1,0,24900000,249,24900000,RUNNING,,0,0,62,1,0,reconstructed_from_retained_wire,True,,,317.7911491718684,301.1244838086753,293.1499987990546,0.5274980000000011,0.65,124499.9999999999,124499.98862136256,0.00014999991971397566,18825.423634720464,-1.5195610103546642e-08,0.00015,301.124,293.15,317.791,0.0,150000,1,249,24900000,24900000,24900000,0,301124,1,249,24900000,24900000,24900000,0,293150,1,249,24900000,24900000,24900000,0,317791,1,249,24900000,24900000,24900000,0,0,1,249,24900000,24900000,24900000,0,1.0,0.527498,0.65,1.0,0.527498,0.65,1.0,0.527498,0.65,249,25200000,False,1.0,5000.0,300.0,500.0,600000000000.0,100000000000.0,,248
1,dropped_command,thermal_loop,251,controller_tick,25000000,25.0,1,0,25000000,250,25000000,RUNNING,,0,0,62,1,0,reconstructed_from_retained_wire,True,,,317.7911491757763,301.12448381087336,293.14999879926097,0.5274980000000011,0.65,124999.9999999999,124999.98856132042,0.00014999991971397566,18825.423634720464,-1.444550434825942e-08,0.00015,301.124,293.15,317.791,0.0,150000,1,250,25000000,25000000,25000000,0,301124,1,250,25000000,25000000,25000000,0,293150,1,250,25000000,25000000,25000000,0,317791,1,250,25000000,25000000,25000000,0,0,1,250,25000000,25000000,25000000,0,1.0,0.527498,0.65,1.0,0.527498,0.65,1.0,0.527498,0.65,250,25300000,False,1.0,5000.0,300.0,500.0,600000000000.0,100000000000.0,,249
1,dropped_command,thermal_loop,252,controller_tick,25100000,25.1,1,0,25100000,251,25100000,RUNNING,,0,0,62,1,0,reconstructed_from_retained_wire,True,,,317.79114917967905,301.12448381306274,293.14999879947635,0.5274980000000011,0.65,125499.99999999991,125499.98850128883,0.00014999991971397566,18825.423634720464,-1.4415718396776356e-08,0.00015,301.124,293.15,317.791,0.0,150000,1,251,25100000,25100000,25100000,0,301124,1,251,25100000,25100000,25100000,0,293150,1,251,25100000,25100000,25100000,0,317791,1,251,25100000,25100000,25100000,0,0,1,251,25100000,25100000,25100000,0,1.0,0.527498,0.65,1.0,0.527498,0.65,1.0,0.527498,0.65,251,25400000,False,1.0,5000.0,300.0,500.0,600000000000.0,100000000000.0,,250
1,dropped_command,thermal_loop,253,controller_tick,25200000,25.2,1,0,25200000,252,25200000,RUNNING,,0,0,62,1,0,reconstructed_from_retained_wire,True,,,317.79114918357664,301.1244838152435,293.14999879970077,0.5274980000000011,0.65,125999.99999999993,125999.98844126823,0.00014999991971397566,18825.423634720464,-1.4006445780978538e-08,0.00015,301.124,293.15,317.791,0.0,150000,1,252,25200000,25200000,25200000,0,301124,1,252,25200000,25200000,25200000,0,293150,1,252,25200000,25200000,25200000,0,317791,1,252,25200000,25200000,25200000,0,0,1,252,25200000,25200000,25200000,0,1.0,0.527498,0.65,1.0,0.527498,0.65,1.0,0.527498,0.65,252,25500000,False,1.0,5000.0,300.0,500.0,600000000000.0,100000000000.0,,251
1,dropped_command,thermal_loop,254,controller_tick,25300000,25.3,1,0,25300000,253,25300000,RUNNING,,0,0,62,1,0,reconstructed_from_retained_wire,True,,,317.79114918746905,301.12448381741575,293.14999879993394,0.5274980000000011,0.65,126499.99999999994,126499.98838125907,0.00014999991971397566,18825.423634720464,-1.4919578461558558e-08,0.00015,301.124,293.15,317.791,0.0,150000,1,253,25300000,25300000,25300000,0,301124,1,253,25300000,25300000,25300000,0,293150,1,253,25300000,25300000,25300000,0,317791,1,253,25300000,25300000,25300000,0,0,1,253,25300000,25300000,25300000,0,1.0,0.527498,0.65,1.0,0.527498,0.65,1.0,0.527498,0.65,253,25600000,False,1.0,5000.0,300.0,500.0,600000000000.0,100000000000.0,,252
1,dropped_command,thermal_loop,255,controller_tick,25400000,25.4,1,0,25400000,254,25400000,RUNNING,,0,0,62,1,0,reconstructed_from_retained_wire,True,,,317.7911491913563,301.1244838195797,293.14999880017587,0.5274980000000011,0.65,126999.99999999996,126999.98832126179,0.00014999991971397566,18825.423634720464,-1.5292926036636345e-08,0.00015,301.124,293.15,317.791,0.0,150000,1,254,25400000,25400000,25400000,0,301124,1,254,25400000,25400000,25400000,0,293150,1,254,25400000,25400000,25400000,0,317791,1,254,25400000,25400000,25400000,0,0,1,254,25400000,25400000,25400000,0,1.0,0.527498,0.65,1.0,0.527498,0.65,1.0,0.527498,0.65,254,25700000,False,1.0,5000.0,300.0,500.0,600000000000.0,100000000000.0,,253
1,dropped_command,thermal_loop,256,controller_tick,25500000,25.5,1,0,25500000,255,25500000,RUNNING,,0,0,62,1,0,reconstructed_from_retained_wire,True,,,317.79114919523835,301.12448382173557,293.1499988004263,0.5274980000000011,0.65,127499.99999999996,127499.98826127681,0.00014999991971397566,18825.423634720464,-1.6101012079161592e-08,0.00015,301.124,293.15,317.791,0.0,150000,1,255,25500000,25500000,25500000,0,301124,1,255,25500000,25500000,25500000,0,293150,1,255,25500000,25500000,25500000,0,317791,1,255,25500000,25500000,25500000,0,0,1,255,25500000,25500000,25500000,0,1.0,0.527498,0.65,1.0,0.527498,0.65,1.0,0.527498,0.65,255,25800000,False,1.0,5000.0,300.0,500.0,600000000000.0,100000000000.0,,254
1,dropped_command,thermal_loop,257,controller_tick,25600000,25.6,1,0,25600000,256,25600000,RUNNING,,0,0,62,1,0,reconstructed_from_retained_wire,True,,,317.79114919911524,301.1244838238834,293.1499988006853,0.5274980000000011,0.65,127999.99999999996,127999.98820130457,0.00014999991971397566,18825.423634720464,-1.5985960999387316e-08,0.00015,301.124,293.15,317.791,0.0,150000,1,256,25600000,25600000,25600000,0,301124,1,256,25600000,25600000,25600000,0,293150,1,256,25600000,25600000,25600000,0,317791,1,256,25600000,25600000,25600000,0,0,1,256,25600000,25600000,25600000,0,1.0,0.527498,0.65,1.0,0.527498,0.65,1.0,0.527498,0.65,256,25900000,False,1.0,5000.0,300.0,500.0,600000000000.0,100000000000.0,,255
1,dropped_command,thermal_loop,258,controller_tick,25700000,25.7,1,0,25700000,257,25700000,RUNNING,,0,0,62,1,0,reconstructed_from_retained_wire,True,,,317.79114920298696,301.1244838260234,293.14999880095263,0.5274980000000011,0.65,128499.99999999996,128499.98814134549,0.00014999991971397566,18825.423634720464,-1.5238583728205413e-08,0.00015,301.124,293.15,317.791,0.0,150000,1,257,25700000,25700000,25700000,0,301124,1,257,25700000,25700000,25700000,0,293150,1,257,25700000,25700000,25700000,0,317791,1,257,25700000,25700000,25700000,0,0,1,257,25700000,25700000,25700000,0,1.0,0.527498,0.65,1.0,0.527498,0.65,1.0,0.527498,0.65,257,26000000,False,1.0,5000.0,300.0,500.0,600000000000.0,100000000000.0,,256
1,dropped_command,thermal_loop,259,controller_tick,25800000,25.8,1,0,25800000,258,25800000,RUNNING,,0,0,62,1,0,reconstructed_from_retained_wire,True,,,317.79114920685345,301.1244838281555,293.1499988012282,0.5274980000000011,0.65,128999.99999999996,128999.98808139998,0.00014999991971397566,18825.423634720464,-1.5430941857630387e-08,0.00015,301.124,293.15,317.791,0.0,150000,1,258,25800000,25800000,25800000,0,301124,1,258,25800000,25800000,25800000,0,293150,1,258,25800000,25800000,25800000,0,317791,1,258,25800000,25800000,25800000,0,0,1,258,25800000,25800000,25800000,0,1.0,0.527498,0.65,1.0,0.527498,0.65,1.0,0.527498,0.65,258,26100000,False,1.0,5000.0,300.0,500.0,600000000000.0,100000000000.0,,257
1,dropped_command,thermal_loop,260,controller_tick,25900000,25.9,1,0,25900000,259,25900000,RUNNING,,0,0,62,1,0,reconstructed_from_retained_wire,True,,,317.79114921071476,301.12448383028004,293.1499988015119,0.5274980000000011,0.65,129499.99999999996,129499.98802146845,0.00014999991971397566,18825.423634720464,-1.5111936590983532e-08,0.00015,301.124,293.15,317.791,0.0,150000,1,259,25900000,25900000,25900000,0,301124,1,259,25900000,25900000,25900000,0,293150,1,259,25900000,25900000,25900000,0,317791,1,259,25900000,25900000,25900000,0,0,1,259,25900000,25900000,25900000,0,1.0,0.527498,0.65,1.0,0.527498,0.65,1.0,0.527498,0.65,259,26200000,False,1.0,5000.0,300.0,500.0,600000000000.0,100000000000.0,,258
1,dropped_command,thermal_loop,261,controller_tick,26000000,26.0,1,0,26000000,260,26000000,RUNNING,,0,0,62,1,0,reconstructed_from_retained_wire,True,,,317.79114921457085,301.124483832397,293.14999880180363,0.5274980000000011,0.65,129999.99999999996,129999.98796155132,0.00014999991971397566,18825.423634720464,-1.5392970453831367e-08,0.00015,301.124,293.15,317.791,0.0,150000,1,260,26000000,26000000,26000000,0,301124,1,260,26000000,26000000,26000000,0,293150,1,260,26000000,26000000,26000000,0,317791,1,260,26000000,26000000,26000000,0,0,1,260,26000000,26000000,26000000,0,1.0,0.527498,0.65,1.0,0.527498,0.65,1.0,0.527498,0.65,260,26300000,False,1.0,5000.0,300.0,500.0,600000000000.0,100000000000.0,,259
1,dropped_command,thermal_loop,262,controller_tick,26100000,26.1,1,0,26100000,261,26100000,RUNNING,,0,0,62,1,0,reconstructed_from_retained_wire,True,,,317.7911492184217,301.1244838345066,293.14999880210326,0.5274980000000011,0.65,130499.99999999996,130499.98790164897,0.00014999991971397566,18825.423634720464,-1.5881141735007986e-08,0.00015,301.124,293.15,317.791,0.0,150000,1,261,26100000,26100000,26100000,0,301124,1,261,26100000,26100000,26100000,0,293150,1,261,26100000,26100000,26100000,0,317791,1,261,26100000,26100000,26100000,0,0,1,261,26100000,26100000,26100000,0,1.0,0.527498,0.65,1.0,0.527498,0.65,1.0,0.527498,0.65,261,26400000,False,1.0,5000.0,300.0,500.0,600000000000.0,100000000000.0,,260
1,dropped_command,thermal_loop,263,controller_tick,26200000,26.2,1,0,26200000,262,26200000,RUNNING,,0,0,62,1,0,reconstructed_from_retained_wire,True,,,317.79114922226734,301.124483836609,293.14999880241066,0.5274980000000011,0.65,130999.99999999997,130999.9878417618,0.00014999991971397566,18825.423634720464,-1.5722889656899497e-08,0.00015,301.124,293.15,317.791,0.0,150000,1,262,26200000,26200000,26200000,0,301124,1,262,26200000,26200000,26200000,0,293150,1,262,26200000,26200000,26200000,0,317791,1,262,26200000,26200000,26200000,0,0,1,262,26200000,26200000,26200000,0,1.0,0.527498,0.65,1.0,0.527498,0.65,1.0,0.527498,0.65,262,26500000,False,1.0,5000.0,300.0,500.0,600000000000.0,100000000000.0,,261
1,dropped_command,thermal_loop,264,controller_tick,26300000,26.3,1,0,26300000,263,26300000,RUNNING,,0,0,62,1,0,reconstructed_from_retained_wire,True,,,317.79114922610773,301.12448383870424,293.1499988027258,0.5274980000000011,0.65,131499.99999999997,131499.98778189017,0.00014999991971397566,18825.423634720464,-1.5238128980854526e-08,0.00015,301.124,293.15,317.791,0.0,150000,1,263,26300000,26300000,26300000,0,301124,1,263,26300000,26300000,26300000,0,293150,1,263,26300000,26300000,26300000,0,317791,1,263,26300000,26300000,26300000,0,0,1,263,26300000,26300000,26300000,0,1.0,0.527498,0.65,1.0,0.527498,0.65,1.0,0.527498,0.65,263,26600000,False,1.0,5000.0,300.0,500.0,600000000000.0,100000000000.0,,262
1,dropped_command,thermal_loop,265,controller_tick,26400000,26.4,1,0,26400000,264,26400000,RUNNING,,0,0,62,1,0,reconstructed_from_retained_wire,True,,,317.7911492299429,301.12448384079244,293.14999880304856,0.5274980000000011,0.65,131999.99999999997,131999.9877220345,0.00014999991971397566,18825.423634720464,-1.4494617062155157e-08,0.00015,301.124,293.15,317.791,0.0,150000,1,264,26400000,26400000,26400000,0,301124,1,264,26400000,26400000,26400000,0,293150,1,264,26400000,26400000,26400000,0,317791,1,264,26400000,26400000,26400000,0,0,1,264,26400000,26400000,26400000,0,1.0,0.527498,0.65,1.0,0.527498,0.65,1.0,0.527498,0.65,264,26700000,False,1.0,5000.0,300.0,500.0,600000000000.0,100000000000.0,,263
1,dropped_command,thermal_loop,266,controller_tick,26500000,26.5,1,0,26500000,265,26500000,RUNNING,,0,0,62,1,0,reconstructed_from_retained_wire,True,,,317.79114923377284,301.1244838428737,293.14999880337876,0.5274980000000011,0.65,132499.99999999997,132499.98766219517,0.00014999991971397566,18825.423634720464,-1.4316583474283107e-08,0.00015,301.124,293.15,317.791,0.0,150000,1,265,26500000,26500000,26500000,0,301124,1,265,26500000,26500000,26500000,0,293150,1,265,26500000,26500000,26500000,0,317791,1,265,26500000,26500000,26500000,0,0,1,265,26500000,26500000,26500000,0,1.0,0.527498,0.65,1.0,0.527498,0.65,1.0,0.527498,0.65,265,26800000,False,1.0,5000.0,300.0,500.0,600000000000.0,100000000000.0,,264
1,dropped_command,thermal_loop,267,controller_tick,26600000,26.6,1,0,26600000,266,26600000,RUNNING,,0,0,62,1,0,reconstructed_from_retained_wire,True,,,317.7911492375975,301.12448384494814,293.14999880371636,0.5274980000000011,0.65,133000.0,132999.9876023725,0.00014999991971397566,18825.423634720464,-1.4714714779984206e-08,0.00015,301.124,293.15,317.791,0.0,150000,1,266,26600000,26600000,26600000,0,301124,1,266,26600000,26600000,26600000,0,293150,1,266,26600000,26600000,26600000,0,317791,1,266,26600000,26600000,26600000,0,0,1,266,26600000,26600000,26600000,0,1.0,0.527498,0.65,1.0,0.527498,0.65,1.0,0.527498,0.65,266,26900000,False,1.0,5000.0,300.0,500.0,600000000000.0,100000000000.0,,265
1,dropped_command,thermal_loop,268,controller_tick,26700000,26.7,1,0,26700000,267,26700000,RUNNING,,0,0,62,1,0,reconstructed_from_retained_wire,True,,,317.791149241417,301.12448384701594,293.1499988040613,0.5274980000000011,0.65,133500.0,133499.98754256693,0.00014999991971397566,18825.423634720464,-1.3373664842220023e-08,0.00015,301.124,293.15,317.791,0.0,150000,1,267,26700000,26700000,26700000,0,301124,1,267,26700000,26700000,26700000,0,293150,1,267,26700000,26700000,26700000,0,317791,1,267,26700000,26700000,26700000,0,0,1,267,26700000,26700000,26700000,0,1.0,0.527498,0.65,1.0,0.527498,0.65,1.0,0.527498,0.65,267,27000000,False,1.0,5000.0,300.0,500.0,600000000000.0,100000000000.0,,266
1,dropped_command,thermal_loop,269,controller_tick,26800000,26.8,1,0,26800000,268,26800000,RUNNING,,0,0,62,1,0,reconstructed_from_retained_wire,True,,,317.7911492452311,301.12448384907714,293.14999880441337,0.5274980000000011,0.65,134000.0,133999.98748277876,0.00014999991971397566,18825.423634720464,-1.3370936358114704e-08,0.00015,301.124,293.15,317.791,0.0,150000,1,268,26800000,26800000,26800000,0,301124,1,268,26800000,26800000,26800000,0,293150,1,268,26800000,26800000,26800000,0,317791,1,268,26800000,26800000,26800000,0,0,1,268,26800000,26800000,26800000,0,1.0,0.527498,0.65,1.0,0.527498,0.65,1.0,0.527498,0.65,268,27100000,False,1.0,5000.0,300.0,500.0,600000000000.0,100000000000.0,,267
1,dropped_command,thermal_loop,270,controller_tick,26900000,26.9,1,0,26900000,269,26900000,RUNNING,,0,0,62,1,0,reconstructed_from_retained_wire,True,,,317.79114924904,301.12448385113186,293.1499988047725,0.5274980000000011,0.65,134500.0,134499.98742300837,0.00014999991971397566,18825.423634720464,-1.3666522136190906e-08,0.00015,301.124,293.15,317.791,0.0,150000,1,269,26900000,26900000,26900000,0,301124,1,269,26900000,26900000,26900000,0,293150,1,269,26900000,26900000,26900000,0,317791,1,269,26900000,26900000,26900000,0,0,1,269,26900000,26900000,26900000,0,1.0,0.527498,0.65,1.0,0.527498,0.65,1.0,0.527498,0.65,269,27200000,False,1.0,5000.0,300.0,500.0,600000000000.0,100000000000.0,,268
1,dropped_command,thermal_loop,271,controller_tick,27000000,27.0,1,0,27000000,270,27000000,RUNNING,,0,0,62,1,0,reconstructed_from_retained_wire,True,,,317.7911492528437,301.1244838531802,293.1499988051387,0.5274980000000011,0.65,135000.0,134999.98736325614,0.00014999991971397566,18825.423634720464,-1.293165041715838e-08,0.00015,301.124,293.15,317.791,0.0,150000,1,270,27000000,27000000,27000000,0,301124,1,270,27000000,27000000,27000000,0,293150,1,270,27000000,27000000,27000000,0,317791,1,270,27000000,27000000,27000000,0,0,1,270,27000000,27000000,27000000,0,1.0,0.527498,0.65,1.0,0.527498,0.65,1.0,0.527498,0.65,270,27300000,False,1.0,5000.0,300.0,500.0,600000000000.0,100000000000.0,,269
1,dropped_command,thermal_loop,272,controller_tick,27100000,27.1,1,0,27100000,271,27100000,RUNNING,,0,0,62,1,0,reconstructed_from_retained_wire,True,,,317.7911492566421,301.1244838552223,293.14999880551176,0.5274980000000011,0.65,135500.0,135499.98730352236,0.00014999991971397566,18825.423634720464,-1.2631744539248757e-08,0.00015,301.124,293.15,317.791,0.0,150000,1,271,27100000,27100000,27100000,0,301124,1,271,27100000,27100000,27100000,0,293150,1,271,27100000,27100000,27100000,0,317791,1,271,27100000,27100000,27100000,0,0,1,271,27100000,27100000,27100000,0,1.0,0.527498,0.65,1.0,0.527498,0.65,1.0,0.527498,0.65,271,27400000,False,1.0,5000.0,300.0,500.0,600000000000.0,100000000000.0,,270
1,dropped_command,thermal_loop,273,controller_tick,27200000,27.2,1,0,27200000,272,27200000,RUNNING,,0,0,62,1,0,reconstructed_from_retained_wire,True,,,317.7911492604352,301.12448385725827,293.1499988058916,0.5274980000000011,0.65,136000.0,135999.98724380744,0.00014999991971397566,18825.423634720464,-1.283456185774412e-08,0.00015,301.124,293.15,317.791,0.0,150000,1,272,27200000,27200000,27200000,0,301124,1,272,27200000,27200000,27200000,0,293150,1,272,27200000,27200000,27200000,0,317791,1,272,27200000,27200000,27200000,0,0,1,272,27200000,27200000,27200000,0,1.0,0.527498,0.65,1.0,0.527498,0.65,1.0,0.527498,0.65,272,27500000,False,1.0,5000.0,300.0,500.0,600000000000.0,100000000000.0,,271
1,dropped_command,thermal_loop,274,controller_tick,27300000,27.3,1,0,27300000,273,27300000,RUNNING,,0,0,62,1,0,reconstructed_from_retained_wire,True,,,317.79114926422307,301.12448385928815,293.1499988062781,0.5274980000000011,0.65,136500.0,136499.98718411167,0.00014999991971397566,18825.423634720464,-1.291823537030723e-08,0.00015,301.124,293.15,317.791,0.0,150000,1,273,27300000,27300000,27300000,0,301124,1,273,27300000,27300000,27300000,0,293150,1,273,27300000,27300000,27300000,0,317791,1,273,27300000,27300000,27300000,0,0,1,273,27300000,27300000,27300000,0,1.0,0.527498,0.65,1.0,0.527498,0.65,1.0,0.527498,0.65,273,27600000,False,1.0,5000.0,300.0,500.0,600000000000.0,100000000000.0,,272
1,dropped_command,thermal_loop,275,controller_tick,27400000,27.4,1,0,27400000,274,27400000,RUNNING,,0,0,62,1,0,reconstructed_from_retained_wire,True,,,317.7911492680056,301.12448386131206,293.14999880667136,0.5274980000000011,0.65,137000.0,136999.98712443537,0.00014999991971397566,18825.423634720464,-1.2749069355777465e-08,0.00015,301.124,293.15,317.791,0.0,150000,1,274,27400000,27400000,27400000,0,301124,1,274,27400000,27400000,27400000,0,293150,1,274,27400000,27400000,27400000,0,317791,1,274,27400000,27400000,27400000,0,0,1,274,27400000,27400000,27400000,0,1.0,0.527498,0.65,1.0,0.527498,0.65,1.0,0.527498,0.65,274,27700000,False,1.0,5000.0,300.0,500.0,600000000000.0,100000000000.0,,273
1,dropped_command,thermal_loop,276,controller_tick,27500000,27.5,1,0,27500000,275,27500000,RUNNING,,0,0,62,1,0,reconstructed_from_retained_wire,True,,,317.7911492717829,301.1244838633301,293.14999880707114,0.5274980000000011,0.65,137500.0,137499.98706477892,0.00014999991971397566,18825.423634720464,-1.1999873095192015e-08,0.00015,301.124,293.15,317.791,0.0,150000,1,275,27500000,27500000,27500000,0,301124,1,275,27500000,27500000,27500000,0,293150,1,275,27500000,27500000,27500000,0,317791,1,275,27500000,27500000,27500000,0,0,1,275,27500000,27500000,27500000,0,1.0,0.527498,0.65,1.0,0.527498,0.65,1.0,0.527498,0.65,275,27800000,False,1.0,5000.0,300.0,500.0,600000000000.0,100000000000.0,,274
1,dropped_command,thermal_loop,277,controller_tick,27600000,27.6,1,0,27600000,276,27600000,RUNNING,,0,0,62,1,0,reconstructed_from_retained_wire,True,,,317.79114927555486,301.12448386534237,293.14999880747735,0.5274980000000011,0.65,138000.0,137999.9870051426,0.00014999991971397566,18825.423634720464,-1.2466898624552414e-08,0.00015,301.124,293.15,317.791,0.0,150000,1,276,27600000,27600000,27600000,0,301124,1,276,27600000,27600000,27600000,0,293150,1,276,27600000,27600000,27600000,0,317791,1,276,27600000,27600000,27600000,0,0,1,276,27600000,27600000,27600000,0,1.0,0.527498,0.65,1.0,0.527498,0.65,1.0,0.527498,0.65,276,27900000,False,1.0,5000.0,300.0,500.0,600000000000.0,100000000000.0,,275
1,dropped_command,thermal_loop,278,controller_tick,27700000,27.7,1,0,27700000,277,27700000,RUNNING,,0,0,62,1,0,reconstructed_from_retained_wire,True,,,317.7911492793216,301.12448386734894,293.1499988078899,0.5274980000000011,0.65,138500.0,138499.9869455268,0.00014999991971397566,18825.423634720464,-1.2426426110323519e-08,0.00015,301.124,293.15,317.791,0.0,150000,1,277,27700000,27700000,27700000,0,301124,1,277,27700000,27700000,27700000,0,293150,1,277,27700000,27700000,27700000,0,317791,1,277,27700000,27700000,27700000,0,0,1,277,27700000,27700000,27700000,0,1.0,0.527498,0.65,1.0,0.527498,0.65,1.0,0.527498,0.65,277,28000000,False,1.0,5000.0,300.0,500.0,600000000000.0,100000000000.0,,276
1,dropped_command,thermal_loop,279,controller_tick,27800000,27.8,1,0,27800000,278,27800000,RUNNING,,0,0,62,1,0,reconstructed_from_retained_wire,True,,,317.79114928308303,301.1244838693499,293.1499988083088,0.5274980000000011,0.65,139000.0,138999.98688593175,0.00014999991971397566,18825.423634720464,-1.239345692738425e-08,0.00015,301.124,293.15,317.791,0.0,150000,1,278,27800000,27800000,27800000,0,301124,1,278,27800000,27800000,27800000,0,293150,1,278,27800000,27800000,27800000,0,317791,1,278,27800000,27800000,27800000,0,0,1,278,27800000,27800000,27800000,0,1.0,0.527498,0.65,1.0,0.527498,0.65,1.0,0.527498,0.65,278,28100000,False,1.0,5000.0,300.0,500.0,600000000000.0,100000000000.0,,277
1,dropped_command,thermal_loop,280,controller_tick,27900000,27.9,1,0,27900000,279,27900000,RUNNING,,0,0,62,1,0,reconstructed_from_retained_wire,True,,,317.7911492868392,301.1244838713453,293.1499988087338,0.5274980000000011,0.65,139500.0,139499.98682635778,0.00014999991971397566,18825.423634720464,-1.3264980225358158e-08,0.00015,301.124,293.15,317.791,0.0,150000,1,279,27900000,27900000,27900000,0,301124,1,279,27900000,27900000,27900000,0,293150,1,279,27900000,27900000,27900000,0,317791,1,279,27900000,27900000,27900000,0,0,1,279,27900000,27900000,27900000,0,1.0,0.527498,0.65,1.0,0.527498,0.65,1.0,0.527498,0.65,279,28200000,False,1.0,5000.0,300.0,500.0,600000000000.0,100000000000.0,,278
1,dropped_command,thermal_loop,281,controller_tick,28000000,28.0,1,0,28000000,280,28000000,RUNNING,,0,0,62,1,0,reconstructed_from_retained_wire,True,,,317.79114929059,301.12448387333535,293.149998809165,0.5274980000000011,0.65,140000.0,139999.98676680523,0.00014999991971397566,18825.423634720464,-1.3596945791505277e-08,0.00015,301.124,293.15,317.791,0.0,150000,1,280,28000000,28000000,28000000,0,301124,1,280,28000000,28000000,28000000,0,293150,1,280,28000000,28000000,28000000,0,317791,1,280,28000000,28000000,28000000,0,0,1,280,28000000,28000000,28000000,0,1.0,0.527498,0.65,1.0,0.527498,0.65,1.0,0.527498,0.65,280,28300000,False,1.0,5000.0,300.0,500.0,600000000000.0,100000000000.0,,279
1,dropped_command,thermal_loop,282,controller_tick,28100000,28.1,1,0,28100000,281,28100000,RUNNING,,0,0,62,1,0,reconstructed_from_retained_wire,True,,,317.7911492943356,301.12448387532004,293.1499988096022,0.5274980000000011,0.65,140500.00000000003,140499.9867072744,0.00014999991971397566,18825.423634720464,-1.4366605682880618e-08,0.00015,301.124,293.15,317.791,0.0,150000,1,281,28100000,28100000,28100000,0,301124,1,281,28100000,28100000,28100000,0,293150,1,281,28100000,28100000,28100000,0,317791,1,281,28100000,28100000,28100000,0,0,1,281,28100000,28100000,28100000,0,1.0,0.527498,0.65,1.0,0.527498,0.65,1.0,0.527498,0.65,281,28400000,False,1.0,5000.0,300.0,500.0,600000000000.0,100000000000.0,,280
1,dropped_command,thermal_loop,283,controller_tick,28200000,28.2,1,0,28200000,282,28200000,RUNNING,,0,0,62,1,0,reconstructed_from_retained_wire,True,,,317.7911492980759,301.12448387729955,293.14999881004536,0.5274980000000011,0.65,141000.00000000003,140999.9866477656,0.00014999991971397566,18825.423634720464,-1.4338411347125657e-08,0.00015,301.124,293.15,317.791,0.0,150000,1,282,28200000,28200000,28200000,0,301124,1,282,28200000,28200000,28200000,0,293150,1,282,28200000,28200000,28200000,0,317791,1,282,28200000,28200000,28200000,0,0,1,282,28200000,28200000,28200000,0,1.0,0.527498,0.65,1.0,0.527498,0.65,1.0,0.527498,0.65,282,28500000,False,1.0,5000.0,300.0,500.0,600000000000.0,100000000000.0,,281
1,dropped_command,thermal_loop,284,controller_tick,28300000,28.3,1,0,28300000,283,28300000,RUNNING,,0,0,62,1,0,reconstructed_from_retained_wire,True,,,317.7911493018109,301.1244838792739,293.1499988104944,0.5274980000000011,0.65,141500.00000000003,141499.98658827908,0.00014999991971397566,18825.423634720464,-1.3992348613101058e-08,0.00015,301.124,293.15,317.791,0.0,150000,1,283,28300000,28300000,28300000,0,301124,1,283,28300000,28300000,28300000,0,293150,1,283,28300000,28300000,28300000,0,317791,1,283,28300000,28300000,28300000,0,0,1,283,28300000,28300000,28300000,0,1.0,0.527498,0.65,1.0,0.527498,0.65,1.0,0.527498,0.65,283,28600000,False,1.0,5000.0,300.0,500.0,600000000000.0,100000000000.0,,282
1,dropped_command,thermal_loop,285,controller_tick,28400000,28.4,1,0,28400000,284,28400000,RUNNING,,0,0,62,1,0,reconstructed_from_retained_wire,True,,,317.79114930554067,301.1244838812431,293.1499988109493,0.5274980000000011,0.65,142000.00000000003,141999.98652881518,0.00014999991971397566,18825.423634720464,-1.339026312052738e-08,0.00015,301.124,293.15,317.791,0.0,150000,1,284,28400000,28400000,28400000,0,301124,1,284,28400000,28400000,28400000,0,293150,1,284,28400000,28400000,28400000,0,317791,1,284,28400000,28400000,28400000,0,0,1,284,28400000,28400000,28400000,0,1.0,0.527498,0.65,1.0,0.527498,0.65,1.0,0.527498,0.65,284,28700000,False,1.0,5000.0,300.0,500.0,600000000000.0,100000000000.0,,283
1,dropped_command,thermal_loop,286,controller_tick,28500000,28.5,1,0,28500000,285,28500000,RUNNING,,0,0,62,1,0,reconstructed_from_retained_wire,True,,,317.7911493092651,301.12448388320735,293.14999881140983,0.5274980000000011,0.65,142500.00000000006,142499.98646937415,0.00014999991971397566,18825.423634720464,-1.3911403584643267e-08,0.00015,301.124,293.15,317.791,0.0,150000,1,285,28500000,28500000,28500000,0,301124,1,285,28500000,28500000,28500000,0,293150,1,285,28500000,28500000,28500000,0,317791,1,285,28500000,28500000,28500000,0,0,1,285,28500000,28500000,28500000,0,1.0,0.527498,0.65,1.0,0.527498,0.65,1.0,0.527498,0.65,285,28800000,False,1.0,5000.0,300.0,500.0,600000000000.0,100000000000.0,,284
1,dropped_command,thermal_loop,287,controller_tick,28600000,28.6,1,0,28600000,286,28600000,RUNNING,,0,0,62,1,0,reconstructed_from_retained_wire,True,,,317.7911493129843,301.1244838851667,293.149998811876,0.5274980000000011,0.65,143000.00000000006,142999.98640995627,0.00014999991971397566,18825.423634720464,-1.3861154002370313e-08,0.00015,301.124,293.15,317.791,0.0,150000,1,286,28600000,28600000,28600000,0,301124,1,286,28600000,28600000,28600000,0,293150,1,286,28600000,28600000,28600000,0,317791,1,286,28600000,28600000,28600000,0,0,1,286,28600000,28600000,28600000,0,1.0,0.527498,0.65,1.0,0.527498,0.65,1.0,0.527498,0.65,286,28900000,False,1.0,5000.0,300.0,500.0,600000000000.0,100000000000.0,,285
1,dropped_command,thermal_loop,288,controller_tick,28700000,28.7,1,0,28700000,287,28700000,RUNNING,,0,0,62,1,0,reconstructed_from_retained_wire,True,,,317.7911493166982,301.12448388712113,293.1499988123478,0.5274980000000011,0.65,143500.00000000006,143499.98635056187,0.00014999991971397566,18825.423634720464,-1.4056240615900606e-08,0.00015,301.124,293.15,317.791,0.0,150000,1,287,28700000,28700000,28700000,0,301124,1,287,28700000,28700000,28700000,0,293150,1,287,28700000,28700000,28700000,0,317791,1,287,28700000,28700000,28700000,0,0,1,287,28700000,28700000,28700000,0,1.0,0.527498,0.65,1.0,0.527498,0.65,1.0,0.527498,0.65,287,29000000,False,1.0,5000.0,300.0,500.0,600000000000.0,100000000000.0,,286
1,dropped_command,thermal_loop,289,controller_tick,28800000,28.8,1,0,28800000,288,28800000,RUNNING,,0,0,62,1,0,reconstructed_from_retained_wire,True,,,317.7911493204068,301.1244838890708,293.14999881282506,0.5274980000000011,0.65,144000.00000000006,143999.9862911912,0.00014999991971397566,18825.423634720464,-1.4314991858555004e-08,0.00015,301.124,293.15,317.791,0.0,150000,1,288,28800000,28800000,28800000,0,301124,1,288,28800000,28800000,28800000,0,293150,1,288,28800000,28800000,28800000,0,317791,1,288,28800000,28800000,28800000,0,0,1,288,28800000,28800000,28800000,0,1.0,0.527498,0.65,1.0,0.527498,0.65,1.0,0.527498,0.65,288,29100000,False,1.0,5000.0,300.0,500.0,600000000000.0,100000000000.0,,287
1,dropped_command,thermal_loop,290,controller_tick,28900000,28.9,1,0,28900000,289,28900000,RUNNING,,0,0,62,1,0,reconstructed_from_retained_wire,True,,,317.79114932411017,301.12448389101576,293.1499988133078,0.5274980000000011,0.65,144500.00000000006,144499.9862318445,0.00014999991971397566,18825.423634720464,-1.4468696463154629e-08,0.00015,301.124,293.15,317.791,0.0,150000,1,289,28900000,28900000,28900000,0,301124,1,289,28900000,28900000,28900000,0,293150,1,289,28900000,28900000,28900000,0,317791,1,289,28900000,28900000,28900000,0,0,1,289,28900000,28900000,28900000,0,1.0,0.527498,0.65,1.0,0.527498,0.65,1.0,0.527498,0.65,289,29200000,False,1.0,5000.0,300.0,500.0,600000000000.0,100000000000.0,,288
1,dropped_command,thermal_loop,291,controller_tick,29000000,29.0,1,0,29000000,290,29000000,RUNNING,,0,0,62,1,0,reconstructed_from_retained_wire,True,,,317.7911493278082,301.12448389295616,293.14999881379583,0.5274980000000011,0.65,145000.00000000006,144999.98617252207,0.00014999991971397566,18825.423634720464,-1.4226316125132143e-08,0.00015,301.124,293.15,317.791,0.0,150000,1,290,29000000,29000000,29000000,0,301124,1,290,29000000,29000000,29000000,0,293150,1,290,29000000,29000000,29000000,0,317791,1,290,29000000,29000000,29000000,0,0,1,290,29000000,29000000,29000000,0,1.0,0.527498,0.65,1.0,0.527498,0.65,1.0,0.527498,0.65,290,29300000,False,1.0,5000.0,300.0,500.0,600000000000.0,100000000000.0,,289
1,dropped_command,thermal_loop,292,controller_tick,29100000,29.1,1,0,29100000,291,29100000,RUNNING,,0,0,62,1,0,reconstructed_from_retained_wire,True,,,317.79114933150106,301.124483894892,293.1499988142891,0.5274980000000011,0.65,145500.00000000006,145499.98611322418,0.00014999991971397566,18825.423634720464,-1.418311512679793e-08,0.00015,301.124,293.15,317.791,0.0,150000,1,291,29100000,29100000,29100000,0,301124,1,291,29100000,29100000,29100000,0,293150,1,291,29100000,29100000,29100000,0,317791,1,291,29100000,29100000,29100000,0,0,1,291,29100000,29100000,29100000,0,1.0,0.527498,0.65,1.0,0.527498,0.65,1.0,0.527498,0.65,291,29400000,False,1.0,5000.0,300.0,500.0,600000000000.0,100000000000.0,,290
1,dropped_command,thermal_loop,293,controller_tick,29200000,29.2,1,0,29200000,292,29200000,RUNNING,,0,0,62,1,0,reconstructed_from_retained_wire,True,,,317.79114933518855,301.12448389682334,293.1499988147877,0.5274980000000011,0.65,146000.00000000006,145999.98605395108,0.00014999991971397566,18825.423634720464,-1.4501210898743011e-08,0.00015,301.124,293.15,317.791,0.0,150000,1,292,29200000,29200000,29200000,0,301124,1,292,29200000,29200000,29200000,0,293150,1,292,29200000,29200000,29200000,0,317791,1,292,29200000,29200000,29200000,0,0,1,292,29200000,29200000,29200000,0,1.0,0.527498,0.65,1.0,0.527498,0.65,1.0,0.527498,0.65,292,29500000,False,1.0,5000.0,300.0,500.0,600000000000.0,100000000000.0,,291
1,dropped_command,thermal_loop,294,controller_tick,29300000,29.3,1,0,29300000,293,29300000,RUNNING,,0,0,62,1,0,reconstructed_from_retained_wire,True,,,317.7911493388708,301.1244838987503,293.1499988152914,0.5274980000000011,0.65,146500.00000000006,146499.98599470305,0.00014999991971397566,18825.423634720464,-1.4019406080478802e-08,0.00015,301.124,293.15,317.791,0.0,150000,1,293,29300000,29300000,29300000,0,301124,1,293,29300000,29300000,29300000,0,293150,1,293,29300000,29300000,29300000,0,317791,1,293,29300000,29300000,29300000,0,0,1,293,29300000,29300000,29300000,0,1.0,0.527498,0.65,1.0,0.527498,0.65,1.0,0.527498,0.65,293,29600000,False,1.0,5000.0,300.0,500.0,600000000000.0,100000000000.0,,292
1,dropped_command,thermal_loop,295,controller_tick,29400000,29.4,1,0,29400000,294,29400000,RUNNING,,0,0,62,1,0,reconstructed_from_retained_wire,True,,,317.79114934254784,301.1244839006729,293.1499988158002,0.5274980000000011,0.65,147000.00000000006,146999.9859354803,0.00014999991971397566,18825.423634720464,-1.3455291991704144e-08,0.00015,301.124,293.15,317.791,0.0,150000,1,294,29400000,29400000,29400000,0,301124,1,294,29400000,29400000,29400000,0,293150,1,294,29400000,29400000,29400000,0,317791,1,294,29400000,29400000,29400000,0,0,1,294,29400000,29400000,29400000,0,1.0,0.527498,0.65,1.0,0.527498,0.65,1.0,0.527498,0.65,294,29700000,False,1.0,5000.0,300.0,500.0,600000000000.0,100000000000.0,,293
1,dropped_command,thermal_loop,296,controller_tick,29500000,29.5,1,0,29500000,295,29500000,RUNNING,,0,0,62,1,0,reconstructed_from_retained_wire,True,,,317.7911493462196,301.1244839025912,293.14999881631394,0.5274980000000011,0.65,147500.00000000006,147499.98587628314,0.00014999991971397566,18825.423634720464,-1.379908098897431e-08,0.00015,301.124,293.15,317.791,0.0,150000,1,295,29500000,29500000,29500000,0,301124,1,295,29500000,29500000,29500000,0,293150,1,295,29500000,29500000,29500000,0,317791,1,295,29500000,29500000,29500000,0,0,1,295,29500000,29500000,29500000,0,1.0,0.527498,0.65,1.0,0.527498,0.65,1.0,0.527498,0.65,295,29800000,False,1.0,5000.0,300.0,500.0,600000000000.0,100000000000.0,,294
1,dropped_command,thermal_loop,297,controller_tick,29600000,29.6,1,0,29600000,296,29600000,RUNNING,,0,0,62,1,0,reconstructed_from_retained_wire,True,,,317.7911493498861,301.12448390450527,293.14999881683264,0.5274980000000011,0.65,148000.00000000006,147999.9858171118,0.00014999991971397566,18825.423634720464,-1.3774297258350998e-08,0.00015,301.124,293.15,317.791,0.0,150000,1,296,29600000,29600000,29600000,0,301124,1,296,29600000,29600000,29600000,0,293150,1,296,29600000,29600000,29600000,0,317791,1,296,29600000,29600000,29600000,0,0,1,296,29600000,29600000,29600000,0,1.0,0.527498,0.65,1.0,0.527498,0.65,1.0,0.527498,0.65,296,29900000,False,1.0,5000.0,300.0,500.0,600000000000.0,100000000000.0,,295
1,dropped_command,thermal_loop,298,controller_tick,29700000,29.7,1,0,29700000,297,29700000,RUNNING,,0,0,62,1,0,reconstructed_from_retained_wire,True,,,317.7911493535474,301.1244839064152,293.1499988173562,0.5274980000000011,0.65,148500.00000000006,148499.9857579665,0.00014999991971397566,18825.423634720464,-1.3385715647018515e-08,0.00015,301.124,293.15,317.791,0.0,150000,1,297,29700000,29700000,29700000,0,301124,1,297,29700000,29700000,29700000,0,293150,1,297,29700000,29700000,29700000,0,317791,1,297,29700000,29700000,29700000,0,0,1,297,29700000,29700000,29700000,0,1.0,0.527498,0.65,1.0,0.527498,0.65,1.0,0.527498,0.65,297,30000000,False,1.0,5000.0,300.0,500.0,600000000000.0,100000000000.0,,296
1,dropped_command,thermal_loop,299,controller_tick,29800000,29.8,1,0,29800000,298,29800000,RUNNING,,0,0,62,1,0,reconstructed_from_retained_wire,True,,,317.7911493572034,301.1244839083211,293.1499988178846,0.5274980000000011,0.65,149000.00000000006,148999.9856988475,0.00014999991971397566,18825.423634720464,-1.3415046851150692e-08,0.00015,301.124,293.15,317.791,0.0,150000,1,298,29800000,29800000,29800000,0,301124,1,298,29800000,29800000,29800000,0,293150,1,298,29800000,29800000,29800000,0,317791,1,298,29800000,29800000,29800000,0,0,1,298,29800000,29800000,29800000,0,1.0,0.527498,0.65,1.0,0.527498,0.65,1.0,0.527498,0.65,298,30100000,False,1.0,5000.0,300.0,500.0,600000000000.0,100000000000.0,,297
1,dropped_command,thermal_loop,300,controller_tick,29900000,29.9,1,0,29900000,299,29900000,RUNNING,,0,0,62,1,0,reconstructed_from_retained_wire,True,,,317.7911493608541,301.1244839102229,293.1499988184177,0.5274980000000011,0.65,149500.00000000006,149499.98563975506,0.00014999991971397566,18825.423634720464,-1.4104671208770014e-08,0.00015,301.124,293.15,317.791,0.0,150000,1,299,29900000,29900000,29900000,0,301124,1,299,29900000,29900000,29900000,0,293150,1,299,29900000,29900000,29900000,0,317791,1,299,29900000,29900000,29900000,0,0,1,299,29900000,29900000,29900000,0,1.0,0.527498,0.65,1.0,0.527498,0.65,1.0,0.527498,0.65,299,30200000,False,1.0,5000.0,300.0,500.0,600000000000.0,100000000000.0,,298
1,dropped_command,thermal_loop,301,controller_tick,30000000,30.0,1,0,30000000,300,30000000,RUNNING,,0,0,62,1,0,reconstructed_from_retained_wire,True,,,317.7911493644995,301.12448391212087,293.14999881895557,0.5274980000000011,0.65,150000.00000000006,149999.9855806894,0.00014999991971397566,18825.423634720464,-1.4033730622031726e-08,0.00015,301.124,293.15,317.791,0.0,150000,1,300,30000000,30000000,30000000,0,301124,1,300,30000000,30000000,30000000,0,293150,1,300,30000000,30000000,30000000,0,317791,1,300,30000000,30000000,30000000,0,0,1,300,30000000,30000000,30000000,0,1.0,0.527498,0.65,1.0,0.527498,0.65,1.0,0.527498,0.65,300,30300000,False,1.0,5000.0,300.0,500.0,600000000000.0,100000000000.0,,299
1,dropped_command,thermal_loop,302,controller_tick,30100000,30.1,1,0,30100000,301,30100000,RUNNING,,0,0,62,1,0,reconstructed_from_retained_wire,True,,,317.79114936813977,301.12448391401483,293.149998819498,0.5274980000000011,0.65,150500.00000000006,150499.9855216507,0.00014999991971397566,18825.423634720464,-1.4237684808904305e-08,0.00015,301.124,293.15,317.791,0.0,150000,1,301,30100000,30100000,30100000,0,301124,1,301,30100000,30100000,30100000,0,293150,1,301,30100000,30100000,30100000,0,317791,1,301,30100000,30100000,30100000,0,0,1,301,30100000,30100000,30100000,0,1.0,0.527498,0.65,1.0,0.527498,0.65,1.0,0.527498,0.65,301,30400000,False,1.0,5000.0,300.0,500.0,600000000000.0,100000000000.0,,300
1,dropped_command,thermal_loop,303,controller_tick,30200000,30.2,1,0,30200000,302,30200000,RUNNING,,0,0,62,1,0,reconstructed_from_retained_wire,True,,,317.79114937177474,301.12448391590505,293.1499988200451,0.5274980000000011,0.65,151000.0000000001,150999.98546263928,0.00014999991971397566,18825.423634720464,-1.3690623745787889e-08,0.00015,301.124,293.15,317.791,0.0,150000,1,302,30200000,30200000,30200000,0,301124,1,302,30200000,30200000,30200000,0,293150,1,302,30200000,30200000,30200000,0,317791,1,302,30200000,30200000,30200000,0,0,1,302,30200000,30200000,30200000,0,1.0,0.527498,0.65,1.0,0.527498,0.65,1.0,0.527498,0.65,302,30500000,False,1.0,5000.0,300.0,500.0,600000000000.0,100000000000.0,,301
1,dropped_command,thermal_loop,304,controller_tick,30300000,30.3,1,0,30300000,303,30300000,RUNNING,,0,0,62,1,0,reconstructed_from_retained_wire,True,,,317.79114937540453,301.1244839177914,293.1499988205966,0.5274980000000011,0.65,151500.0000000001,151499.9854036553,0.00014999991971397566,18825.423634720464,-1.4111719792708755e-08,0.00015,301.124,293.15,317.791,0.0,150000,1,303,30300000,30300000,30300000,0,301124,1,303,30300000,30300000,30300000,0,293150,1,303,30300000,30300000,30300000,0,317791,1,303,30300000,30300000,30300000,0,0,1,303,30300000,30300000,30300000,0,1.0,0.527498,0.65,1.0,0.527498,0.65,1.0,0.527498,0.65,303,30600000,False,1.0,5000.0,300.0,500.0,600000000000.0,100000000000.0,,302
1,dropped_command,thermal_loop,305,controller_tick,30400000,30.4,1,0,30400000,304,30400000,RUNNING,,0,0,62,1,0,reconstructed_from_retained_wire,True,,,317.7911493790291,301.12448391967405,293.1499988211525,0.5274980000000011,0.65,152000.0000000001,151999.98534469903,0.00014999991971397566,18825.423634720464,-1.4410943549592048e-08,0.00015,301.124,293.15,317.791,0.0,150000,1,304,30400000,30400000,30400000,0,301124,1,304,30400000,30400000,30400000,0,293150,1,304,30400000,30400000,30400000,0,317791,1,304,30400000,30400000,30400000,0,0,1,304,30400000,30400000,30400000,0,1.0,0.527498,0.65,1.0,0.527498,0.65,1.0,0.527498,0.65,304,30700000,False,1.0,5000.0,300.0,500.0,600000000000.0,100000000000.0,,303
1,dropped_command,thermal_loop,306,controller_tick,30500000,30.5,1,0,30500000,305,30500000,RUNNING,,0,0,62,1,0,reconstructed_from_retained_wire,True,,,317.7911493826484,301.124483921553,293.14999882171287,0.5274980000000011,0.65,152500.0000000001,152499.98528577067,0.00014999991971397566,18825.423634720464,-1.4384568203240633e-08,0.00015,301.124,293.15,317.791,0.0,150000,1,305,30500000,30500000,30500000,0,301124,1,305,30500000,30500000,30500000,0,293150,1,305,30500000,30500000,30500000,0,317791,1,305,30500000,30500000,30500000,0,0,1,305,30500000,30500000,30500000,0,1.0,0.527498,0.65,1.0,0.527498,0.65,1.0,0.527498,0.65,305,30800000,False,1.0,5000.0,300.0,500.0,600000000000.0,100000000000.0,,304
1,dropped_command,thermal_loop,307,controller_tick,30600000,30.6,1,0,30600000,306,30600000,RUNNING,,0,0,62,1,0,reconstructed_from_retained_wire,True,,,317.7911493862625,301.1244839234284,293.14999882227755,0.5274980000000011,0.65,153000.0000000001,152999.98522687043,0.00014999991971397566,18825.423634720464,-1.4872512110741809e-08,0.00015,301.124,293.15,317.791,0.0,150000,1,306,30600000,30600000,30600000,0,301124,1,306,30600000,30600000,30600000,0,293150,1,306,30600000,30600000,30600000,0,317791,1,306,30600000,30600000,30600000,0,0,1,306,30600000,30600000,30600000,0,1.0,0.527498,0.65,1.0,0.527498,0.65,1.0,0.527498,0.65,306,30900000,False,1.0,5000.0,300.0,500.0,600000000000.0,100000000000.0,,305
1,dropped_command,thermal_loop,308,controller_tick,30700000,30.7,1,0,30700000,307,30700000,RUNNING,,0,0,62,1,0,reconstructed_from_retained_wire,True,,,317.79114938987135,301.1244839253002,293.14999882284656,0.5274980000000011,0.65,153500.0000000001,153499.9851679985,0.00014999991971397566,18825.423634720464,-1.453418008168228e-08,0.00015,301.124,293.15,317.791,0.0,150000,1,307,30700000,30700000,30700000,0,301124,1,307,30700000,30700000,30700000,0,293150,1,307,30700000,30700000,30700000,0,317791,1,307,30700000,30700000,30700000,0,0,1,307,30700000,30700000,30700000,0,1.0,0.527498,0.65,1.0,0.527498,0.65,1.0,0.527498,0.65,307,31000000,False,1.0,5000.0,300.0,500.0,600000000000.0,100000000000.0,,306
1,dropped_command,thermal_loop,309,controller_tick,30800000,30.8,1,0,30800000,308,30800000,RUNNING,,0,0,62,1,0,reconstructed_from_retained_wire,True,,,317.79114939347505,301.12448392716846,293.14999882341976,0.5274980000000011,0.65,154000.0000000001,153999.98510915515,0.00014999991971397566,18825.423634720464,-1.4058059605304152e-08,0.00015,301.124,293.15,317.791,0.0,150000,1,308,30800000,30800000,30800000,0,301124,1,308,30800000,30800000,30800000,0,293150,1,308,30800000,30800000,30800000,0,317791,1,308,30800000,30800000,30800000,0,0,1,308,30800000,30800000,30800000,0,1.0,0.527498,0.65,1.0,0.527498,0.65,1.0,0.527498,0.65,308,31100000,False,1.0,5000.0,300.0,500.0,600000000000.0,100000000000.0,,307
1,dropped_command,thermal_loop,310,controller_tick,30900000,30.9,1,0,30900000,309,30900000,RUNNING,,0,0,62,1,0,reconstructed_from_retained_wire,True,,,317.7911493970736,301.12448392903326,293.14999882399707,0.5274980000000011,0.65,154500.0000000001,154499.9850503406,0.00014999991971397566,18825.423634720464,-1.4190845831763e-08,0.00015,301.124,293.15,317.791,0.0,150000,1,309,30900000,30900000,30900000,0,301124,1,309,30900000,30900000,30900000,0,293150,1,309,30900000,30900000,30900000,0,317791,1,309,30900000,30900000,30900000,0,0,1,309,30900000,30900000,30900000,0,1.0,0.527498,0.65,1.0,0.527498,0.65,1.0,0.527498,0.65,309,31200000,False,1.0,5000.0,300.0,500.0,600000000000.0,100000000000.0,,308
1,dropped_command,thermal_loop,311,controller_tick,31000000,31.0,1,0,31000000,310,31000000,RUNNING,,0,0,62,1,0,reconstructed_from_retained_wire,True,,,317.7911494006669,301.1244839308947,293.1499988245785,0.5274980000000011,0.65,155000.0000000001,154999.98499155496,0.00014999991971397566,18825.423634720464,-1.3692215361515991e-08,0.00015,301.124,293.15,317.791,0.0,150000,1,310,31000000,31000000,31000000,0,301124,1,310,31000000,31000000,31000000,0,293150,1,310,31000000,31000000,31000000,0,317791,1,310,31000000,31000000,31000000,0,0,1,310,31000000,31000000,31000000,0,1.0,0.527498,0.65,1.0,0.527498,0.65,1.0,0.527498,0.65,310,31300000,False,1.0,5000.0,300.0,500.0,600000000000.0,100000000000.0,,309
1,dropped_command,thermal_loop,312,controller_tick,31100000,31.1,1,0,31100000,311,31100000,RUNNING,,0,0,62,1,0,reconstructed_from_retained_wire,True,,,317.79114940425495,301.12448393275275,293.14999882516406,0.5274980000000011,0.65,155500.0000000001,155499.9849327985,0.00014999991971397566,18825.423634720464,-1.3488261174643412e-08,0.00015,301.124,293.15,317.791,0.0,150000,1,311,31100000,31100000,31100000,0,301124,1,311,31100000,31100000,31100000,0,293150,1,311,31100000,31100000,31100000,0,317791,1,311,31100000,31100000,31100000,0,0,1,311,31100000,31100000,31100000,0,1.0,0.527498,0.65,1.0,0.527498,0.65,1.0,0.527498,0.65,311,31400000,False,1.0,5000.0,300.0,500.0,600000000000.0,100000000000.0,,310
1,dropped_command,thermal_loop,313,controller_tick,31200000,31.2,1,0,31200000,312,31200000,RUNNING,,0,0,62,1,0,reconstructed_from_retained_wire,True,,,317.7911494078379,301.1244839346075,293.1499988257535,0.5274980000000011,0.65,156000.0000000001,155999.98487407144,0.00014999991971397566,18825.423634720464,-1.3455519365379587e-08,0.00015,301.124,293.15,317.791,0.0,150000,1,312,31200000,31200000,31200000,0,301124,1,312,31200000,31200000,31200000,0,293150,1,312,31200000,31200000,31200000,0,317791,1,312,31200000,31200000,31200000,0,0,1,312,31200000,31200000,31200000,0,1.0,0.527498,0.65,1.0,0.527498,0.65,1.0,0.527498,0.65,312,31500000,False,1.0,5000.0,300.0,500.0,600000000000.0,100000000000.0,,311
1,dropped_command,thermal_loop,314,controller_tick,31300000,31.3,1,0,31300000,313,31300000,RUNNING,,0,0,62,1,0,reconstructed_from_retained_wire,True,,,317.7911494114156,301.124483936459,293.14999882634703,0.5274980000000011,0.65,156500.0000000001,156499.98481537393,0.00014999991971397566,18825.423634720464,-1.31947217596462e-08,0.00015,301.124,293.15,317.791,0.0,150000,1,313,31300000,31300000,31300000,0,301124,1,313,31300000,31300000,31300000,0,293150,1,313,31300000,31300000,31300000,0,317791,1,313,31300000,31300000,31300000,0,0,1,313,31300000,31300000,31300000,0,1.0,0.527498,0.65,1.0,0.527498,0.65,1.0,0.527498,0.65,313,31600000,False,1.0,5000.0,300.0,500.0,600000000000.0,100000000000.0,,312
1,dropped_command,thermal_loop,315,controller_tick,31400000,31.4,1,0,31400000,314,31400000,RUNNING,,0,0,62,1,0,reconstructed_from_retained_wire,True,,,317.7911494149881,301.1244839383072,293.1499988269444,0.5274980000000011,0.65,157000.0000000001,156999.9847567062,0.00014999991971397566,18825.423634720464,-1.3410499377641827e-08,0.00015,301.124,293.15,317.791,0.0,150000,1,314,31400000,31400000,31400000,0,301124,1,314,31400000,31400000,31400000,0,293150,1,314,31400000,31400000,31400000,0,317791,1,314,31400000,31400000,31400000,0,0,1,314,31400000,31400000,31400000,0,1.0,0.527498,0.65,1.0,0.527498,0.65,1.0,0.527498,0.65,314,31700000,False,1.0,5000.0,300.0,500.0,600000000000.0,100000000000.0,,313
1,dropped_command,thermal_loop,316,controller_tick,31500000,31.5,1,0,31500000,315,31500000,RUNNING,,0,0,62,1,0,reconstructed_from_retained_wire,True,,,317.7911494185555,301.12448394015234,293.1499988275456,0.5274980000000011,0.65,157500.0000000001,157499.98469806844,0.00014999991971397566,18825.423634720464,-1.3279532140586525e-08,0.00015,301.124,293.15,317.791,0.0,150000,1,315,31500000,31500000,31500000,0,301124,1,315,31500000,31500000,31500000,0,293150,1,315,31500000,31500000,31500000,0,317791,1,315,31500000,31500000,31500000,0,0,1,315,31500000,31500000,31500000,0,1.0,0.527498,0.65,1.0,0.527498,0.65,1.0,0.527498,0.65,315,31800000,False,1.0,5000.0,300.0,500.0,600000000000.0,100000000000.0,,314
1,dropped_command,thermal_loop,317,controller_tick,31600000,31.6,1,0,31600000,316,31600000,RUNNING,,0,0,62,1,0,reconstructed_from_retained_wire,True,,,317.79114942211777,301.1244839419943,293.14999882815056,0.5274980000000011,0.65,158000.0000000001,157999.98463946083,0.00014999991971397566,18825.423634720464,-1.3009184840484522e-08,0.00015,301.124,293.15,317.791,0.0,150000,1,316,31600000,31600000,31600000,0,301124,1,316,31600000,31600000,31600000,0,293150,1,316,31600000,31600000,31600000,0,317791,1,316,31600000,31600000,31600000,0,0,1,316,31600000,31600000,31600000,0,1.0,0.527498,0.65,1.0,0.527498,0.65,1.0,0.527498,0.65,316,31900000,False,1.0,5000.0,300.0,500.0,600000000000.0,100000000000.0,,315
1,dropped_command,thermal_loop,318,controller_tick,31700000,31.7,1,0,31700000,317,31700000,RUNNING,,0,0,62,1,0,reconstructed_from_retained_wire,True,,,317.7911494256748,301.1244839438332,293.1499988287593,0.5274980000000011,0.65,158500.0000000001,158499.98458088358,0.00014999991971397566,18825.423634720464,-1.3294993550516665e-08,0.00015,301.124,293.15,317.791,0.0,150000,1,317,31700000,31700000,31700000,0,301124,1,317,31700000,31700000,31700000,0,293150,1,317,31700000,31700000,31700000,0,317791,1,317,31700000,31700000,31700000,0,0,1,317,31700000,31700000,31700000,0,1.0,0.527498,0.65,1.0,0.527498,0.65,1.0,0.527498,0.65,317,32000000,False,1.0,5000.0,300.0,500.0,600000000000.0,100000000000.0,,316
1,dropped_command,thermal_loop,319,controller_tick,31800000,31.8,1,0,31800000,318,31800000,RUNNING,,0,0,62,1,0,reconstructed_from_retained_wire,True,,,317.7911494292267,301.124483945669,293.1499988293718,0.5274980000000011,0.65,159000.0000000001,158999.98452233683,0.00014999991971397566,18825.423634720464,-1.2854570741183124e-08,0.00015,301.124,293.15,317.791,0.0,150000,1,318,31800000,31800000,31800000,0,301124,1,318,31800000,31800000,31800000,0,293150,1,318,31800000,31800000,31800000,0,317791,1,318,31800000,31800000,31800000,0,0,1,318,31800000,31800000,31800000,0,1.0,0.527498,0.65,1.0,0.527498,0.65,1.0,0.527498,0.65,318,32100000,False,1.0,5000.0,300.0,500.0,600000000000.0,100000000000.0,,317
1,dropped_command,thermal_loop,320,controller_tick,31900000,31.9,1,0,31900000,319,31900000,RUNNING,,0,0,62,1,0,reconstructed_from_retained_wire,True,,,317.7911494327735,301.12448394750186,293.14999882998785,0.5274980000000011,0.65,159500.0000000001,159499.98446382082,0.00014999991971397566,18825.423634720464,-1.2643113223020919e-08,0.00015,301.124,293.15,317.791,0.0,150000,1,319,31900000,31900000,31900000,0,301124,1,319,31900000,31900000,31900000,0,293150,1,319,31900000,31900000,31900000,0,317791,1,319,31900000,31900000,31900000,0,0,1,319,31900000,31900000,31900000,0,1.0,0.527498,0.65,1.0,0.527498,0.65,1.0,0.527498,0.65,319,32200000,False,1.0,5000.0,300.0,500.0,600000000000.0,100000000000.0,,318
1,dropped_command,thermal_loop,321,controller_tick,32000000,32.0,1,0,32000000,320,32000000,RUNNING,,0,0,62,1,0,reconstructed_from_retained_wire,True,,,317.7911494363151,301.12448394933176,293.14999883060756,0.5274980000000011,0.65,160000.0000000001,159999.98440533568,0.00014999991971397566,18825.423634720464,-1.2939153748448007e-08,0.00015,301.124,293.15,317.791,0.0,150000,1,320,32000000,32000000,32000000,0,301124,1,320,32000000,32000000,32000000,0,293150,1,320,32000000,32000000,32000000,0,317791,1,320,32000000,32000000,32000000,0,0,1,320,32000000,32000000,32000000,0,1.0,0.527498,0.65,1.0,0.527498,0.65,1.0,0.527498,0.65,320,32300000,False,1.0,5000.0,300.0,500.0,600000000000.0,100000000000.0,,319
1,dropped_command,thermal_loop,322,controller_tick,32100000,32.1,1,0,32100000,321,32100000,RUNNING,,0,0,62,1,0,reconstructed_from_retained_wire,True,,,317.79114943985155,301.12448395115877,293.14999883123085,0.5274980000000011,0.65,160500.00000000012,160499.98434688165,0.00014999991971397566,18825.423634720464,-1.263970261788927e-08,0.00015,301.124,293.15,317.791,0.0,150000,1,321,32100000,32100000,32100000,0,301124,1,321,32100000,32100000,32100000,0,293150,1,321,32100000,32100000,32100000,0,317791,1,321,32100000,32100000,32100000,0,0,1,321,32100000,32100000,32100000,0,1.0,0.527498,0.65,1.0,0.527498,0.65,1.0,0.527498,0.65,321,32400000,False,1.0,5000.0,300.0,500.0,600000000000.0,100000000000.0,,320
1,dropped_command,thermal_loop,323,controller_tick,32200000,32.2,1,0,32200000,322,32200000,RUNNING,,0,0,62,1,0,reconstructed_from_retained_wire,True,,,317.7911494433829,301.12448395298287,293.14999883185754,0.5274980000000011,0.65,161000.00000000015,160999.98428845886,0.00014999991971397566,18825.423634720464,-1.3737690096604638e-08,0.00015,301.124,293.15,317.791,0.0,150000,1,322,32200000,32200000,32200000,0,301124,1,322,32200000,32200000,32200000,0,293150,1,322,32200000,32200000,32200000,0,317791,1,322,32200000,32200000,32200000,0,0,1,322,32200000,32200000,32200000,0,1.0,0.527498,0.65,1.0,0.527498,0.65,1.0,0.527498,0.65,322,32500000,False,1.0,5000.0,300.0,500.0,600000000000.0,100000000000.0,,321
1,dropped_command,thermal_loop,324,controller_tick,32300000,32.3,1,0,32300000,323,32300000,RUNNING,,0,0,62,1,0,reconstructed_from_retained_wire,True,,,317.7911494469091,301.12448395480413,293.14999883248777,0.5274980000000011,0.65,161500.00000000017,161499.9842300675,0.00014999991971397566,18825.423634720464,-1.4128545444691554e-08,0.00015,301.124,293.15,317.791,0.0,150000,1,323,32300000,32300000,32300000,0,301124,1,323,32300000,32300000,32300000,0,293150,1,323,32300000,32300000,32300000,0,317791,1,323,32300000,32300000,32300000,0,0,1,323,32300000,32300000,32300000,0,1.0,0.527498,0.65,1.0,0.527498,0.65,1.0,0.527498,0.65,323,32600000,False,1.0,5000.0,300.0,500.0,600000000000.0,100000000000.0,,322
1,dropped_command,thermal_loop,325,controller_tick,32400000,32.4,1,0,32400000,324,32400000,RUNNING,,0,0,62,1,0,reconstructed_from_retained_wire,True,,,317.7911494504302,301.1244839566226,293.1499988331214,0.5274980000000011,0.65,162000.0000000002,161999.9841717077,0.00014999991971397566,18825.423634720464,-1.461717147321906e-08,0.00015,301.124,293.15,317.791,0.0,150000,1,324,32400000,32400000,32400000,0,301124,1,324,32400000,32400000,32400000,0,293150,1,324,32400000,32400000,32400000,0,317791,1,324,32400000,32400000,32400000,0,0,1,324,32400000,32400000,32400000,0,1.0,0.527498,0.65,1.0,0.527498,0.65,1.0,0.527498,0.65,324,32700000,False,1.0,5000.0,300.0,500.0,600000000000.0,100000000000.0,,323
1,dropped_command,thermal_loop,326,controller_tick,32500000,32.5,1,0,32500000,325,32500000,RUNNING,,0,0,62,1,0,reconstructed_from_retained_wire,True,,,317.7911494539463,301.12448395843836,293.14999883375845,0.5274980000000011,0.65,162500.0000000002,162499.9841133797,0.00014999991971397566,18825.423634720464,-1.392709236824885e-08,0.00015,301.124,293.15,317.791,0.0,150000,1,325,32500000,32500000,32500000,0,301124,1,325,32500000,32500000,32500000,0,293150,1,325,32500000,32500000,32500000,0,317791,1,325,32500000,32500000,32500000,0,0,1,325,32500000,32500000,32500000,0,1.0,0.527498,0.65,1.0,0.527498,0.65,1.0,0.527498,0.65,325,32800000,False,1.0,5000.0,300.0,500.0,600000000000.0,100000000000.0,,324
1,dropped_command,thermal_loop,327,controller_tick,32600000,32.6,1,0,32600000,326,32600000,RUNNING,,0,0,62,1,0,reconstructed_from_retained_wire,True,,,317.7911494574572,301.1244839602514,293.14999883439884,0.5274980000000011,0.65,163000.00000000023,162999.98405508362,0.00014999991971397566,18825.423634720464,-1.3252247299533337e-08,0.00015,301.124,293.15,317.791,0.0,150000,1,326,32600000,32600000,32600000,0,301124,1,326,32600000,32600000,32600000,0,293150,1,326,32600000,32600000,32600000,0,317791,1,326,32600000,32600000,32600000,0,0,1,326,32600000,32600000,32600000,0,1.0,0.527498,0.65,1.0,0.527498,0.65,1.0,0.527498,0.65,326,32900000,False,1.0,5000.0,300.0,500.0,600000000000.0,100000000000.0,,325
1,dropped_command,thermal_loop,328,controller_tick,32700000,32.7,1,0,32700000,327,32700000,RUNNING,,0,0,62,1,0,reconstructed_from_retained_wire,True,,,317.791149460963,301.12448396206173,293.1499988350425,0.5274980000000011,0.65,163500.00000000023,163499.98399681965,0.00014999991971397566,18825.423634720464,-1.3310227586771362e-08,0.00015,301.124,293.15,317.791,0.0,150000,1,327,32700000,32700000,32700000,0,301124,1,327,32700000,32700000,32700000,0,293150,1,327,32700000,32700000,32700000,0,317791,1,327,32700000,32700000,32700000,0,0,1,327,32700000,32700000,32700000,0,1.0,0.527498,0.65,1.0,0.527498,0.65,1.0,0.527498,0.65,327,33000000,False,1.0,5000.0,300.0,500.0,600000000000.0,100000000000.0,,326
1,dropped_command,thermal_loop,329,controller_tick,32800000,32.8,1,0,32800000,328,32800000,RUNNING,,0,0,62,1,0,reconstructed_from_retained_wire,True,,,317.7911494644638,301.1244839638694,293.14999883568936,0.5274980000000011,0.65,164000.00000000026,163999.98393858795,0.00014999991971397566,18825.423634720464,-1.3416183719527908e-08,0.00015,301.124,293.15,317.791,0.0,150000,1,328,32800000,32800000,32800000,0,301124,1,328,32800000,32800000,32800000,0,293150,1,328,32800000,32800000,32800000,0,317791,1,328,32800000,32800000,32800000,0,0,1,328,32800000,32800000,32800000,0,1.0,0.527498,0.65,1.0,0.527498,0.65,1.0,0.527498,0.65,328,33100000,False,1.0,5000.0,300.0,500.0,600000000000.0,100000000000.0,,327
1,dropped_command,thermal_loop,330,controller_tick,32900000,32.9,1,0,32900000,329,32900000,RUNNING,,0,0,62,1,0,reconstructed_from_retained_wire,True,,,317.7911494679594,301.1244839656745,293.1499988363394,0.5274980000000011,0.65,164500.0000000003,164499.98388038864,0.00014999991971397566,18825.423634720464,-1.4230636224965565e-08,0.00015,301.124,293.15,317.791,0.0,150000,1,329,32900000,32900000,32900000,0,301124,1,329,32900000,32900000,32900000,0,293150,1,329,32900000,32900000,32900000,0,317791,1,329,32900000,32900000,32900000,0,0,1,329,32900000,32900000,32900000,0,1.0,0.527498,0.65,1.0,0.527498,0.65,1.0,0.527498,0.65,329,33200000,False,1.0,5000.0,300.0,500.0,600000000000.0,100000000000.0,,328
1,dropped_command,thermal_loop,331,controller_tick,33000000,33.0,1,0,33000000,330,33000000,RUNNING,,0,0,62,1,0,reconstructed_from_retained_wire,True,,,317.79114947145,301.124483967477,293.14999883699267,0.5274980000000011,0.65,165000.00000000032,164999.98382222193,0.00014999991971397566,18825.423634720464,-1.4506213119602762e-08,0.00015,301.124,293.15,317.791,0.0,150000,1,330,33000000,33000000,33000000,0,301124,1,330,33000000,33000000,33000000,0,293150,1,330,33000000,33000000,33000000,0,317791,1,330,33000000,33000000,33000000,0,0,1,330,33000000,33000000,33000000,0,1.0,0.527498,0.65,1.0,0.527498,0.65,1.0,0.527498,0.65,330,33300000,False,1.0,5000.0,300.0,500.0,600000000000.0,100000000000.0,,329
1,dropped_command,thermal_loop,332,controller_tick,33100000,33.1,1,0,33100000,331,33100000,RUNNING,,0,0,62,1,0,reconstructed_from_retained_wire,True,,,317.7911494749356,301.12448396927687,293.1499988376491,0.5274980000000011,0.65,165500.00000000032,165499.98376408796,0.00014999991971397566,18825.423634720464,-1.3975068213767372e-08,0.00015,301.124,293.15,317.791,0.0,150000,1,331,33100000,33100000,33100000,0,301124,1,331,33100000,33100000,33100000,0,293150,1,331,33100000,33100000,33100000,0,317791,1,331,33100000,33100000,33100000,0,0,1,331,33100000,33100000,33100000,0,1.0,0.527498,0.65,1.0,0.527498,0.65,1.0,0.527498,0.65,331,33400000,False,1.0,5000.0,300.0,500.0,600000000000.0,100000000000.0,,330
1,dropped_command,thermal_loop,333,controller_tick,33200000,33.2,1,0,33200000,332,33200000,RUNNING,,0,0,62,1,0,reconstructed_from_retained_wire,True,,,317.7911494784161,301.1244839710743,293.1499988383086,0.5274980000000011,0.65,166000.00000000035,165999.9837059869,0.00014999991971397566,18825.423634720464,-1.308922037424054e-08,0.00015,301.124,293.15,317.791,0.0,150000,1,332,33200000,33200000,33200000,0,301124,1,332,33200000,33200000,33200000,0,293150,1,332,33200000,33200000,33200000,0,317791,1,332,33200000,33200000,33200000,0,0,1,332,33200000,33200000,33200000,0,1.0,0.527498,0.65,1.0,0.527498,0.65,1.0,0.527498,0.65,332,33500000,False,1.0,5000.0,300.0,500.0,600000000000.0,100000000000.0,,331
1,dropped_command,thermal_loop,334,controller_tick,33300000,33.3,1,0,33300000,333,33300000,RUNNING,,0,0,62,1,0,reconstructed_from_retained_wire,True,,,317.7911494818915,301.12448397286926,293.1499988389711,0.5274980000000011,0.65,166500.00000000035,166499.98364791888,0.00014999991971397566,18825.423634720464,-1.3430508261080831e-08,0.00015,301.124,293.15,317.791,0.0,150000,1,333,33300000,33300000,33300000,0,301124,1,333,33300000,33300000,33300000,0,293150,1,333,33300000,33300000,33300000,0,317791,1,333,33300000,33300000,33300000,0,0,1,333,33300000,33300000,33300000,0,1.0,0.527498,0.65,1.0,0.527498,0.65,1.0,0.527498,0.65,333,33600000,False,1.0,5000.0,300.0,500.0,600000000000.0,100000000000.0,,332
1,dropped_command,thermal_loop,335,controller_tick,33400000,33.4,1,0,33400000,334,33400000,RUNNING,,0,0,62,1,0,reconstructed_from_retained_wire,True,,,317.7911494853619,301.1244839746618,293.14999883963657,0.5274980000000011,0.65,167000.00000000038,166999.98358988407,0.00014999991971397566,18825.423634720464,-1.3508042684406973e-08,0.00015,301.124,293.15,317.791,0.0,150000,1,334,33400000,33400000,33400000,0,301124,1,334,33400000,33400000,33400000,0,293150,1,334,33400000,33400000,33400000,0,317791,1,334,33400000,33400000,33400000,0,0,1,334,33400000,33400000,33400000,0,1.0,0.527498,0.65,1.0,0.527498,0.65,1.0,0.527498,0.65,334,33700000,False,1.0,5000.0,300.0,500.0,600000000000.0,100000000000.0,,333
1,dropped_command,thermal_loop,336,controller_tick,33500000,33.5,1,0,33500000,335,33500000,RUNNING,,0,0,62,1,0,reconstructed_from_retained_wire,True,,,317.7911494888273,301.12448397645187,293.14999884030505,0.5274980000000011,0.65,167500.0000000004,167499.9835318826,0.00014999991971397566,18825.423634720464,-1.3953240340924822e-08,0.00015,301.124,293.15,317.791,0.0,150000,1,335,33500000,33500000,33500000,0,301124,1,335,33500000,33500000,33500000,0,293150,1,335,33500000,33500000,33500000,0,317791,1,335,33500000,33500000,33500000,0,0,1,335,33500000,33500000,33500000,0,1.0,0.527498,0.65,1.0,0.527498,0.65,1.0,0.527498,0.65,335,33800000,False,1.0,5000.0,300.0,500.0,600000000000.0,100000000000.0,,334
1,dropped_command,thermal_loop,337,controller_tick,33600000,33.6,1,0,33600000,336,33600000,RUNNING,,0,0,62,1,0,reconstructed_from_retained_wire,True,,,317.7911494922877,301.12448397823954,293.14999884097637,0.5274980000000011,0.65,168000.0000000004,167999.98347391462,0.00014999991971397566,18825.423634720464,-1.4671741155325435e-08,0.00015,301.124,293.15,317.791,0.0,150000,1,336,33600000,33600000,33600000,0,301124,1,336,33600000,33600000,33600000,0,293150,1,336,33600000,33600000,33600000,0,317791,1,336,33600000,33600000,33600000,0,0,1,336,33600000,33600000,33600000,0,1.0,0.527498,0.65,1.0,0.527498,0.65,1.0,0.527498,0.65,336,33900000,False,1.0,5000.0,300.0,500.0,600000000000.0,100000000000.0,,335
1,dropped_command,thermal_loop,338,controller_tick,33700000,33.7,1,0,33700000,337,33700000,RUNNING,,0,0,62,1,0,reconstructed_from_retained_wire,True,,,317.79114949574307,301.1244839800249,293.14999884165064,0.5274980000000011,0.65,168500.00000000044,168499.98341598027,0.00014999991971397566,18825.423634720464,-1.4214720067684539e-08,0.00015,301.124,293.15,317.791,0.0,150000,1,337,33700000,33700000,33700000,0,301124,1,337,33700000,33700000,33700000,0,293150,1,337,33700000,33700000,33700000,0,317791,1,337,33700000,33700000,33700000,0,0,1,337,33700000,33700000,33700000,0,1.0,0.527498,0.65,1.0,0.527498,0.65,1.0,0.527498,0.65,337,34000000,False,1.0,5000.0,300.0,500.0,600000000000.0,100000000000.0,,336
1,dropped_command,thermal_loop,339,controller_tick,33800000,33.8,1,0,33800000,338,33800000,RUNNING,,0,0,62,1,0,reconstructed_from_retained_wire,True,,,317.79114949919347,301.1244839818079,293.14999884232776,0.5274980000000011,0.65,169000.00000000044,168999.9833580797,0.00014999991971397566,18825.423634720464,-1.3804083209834062e-08,0.00015,301.124,293.15,317.791,0.0,150000,1,338,33800000,33800000,33800000,0,301124,1,338,33800000,33800000,33800000,0,293150,1,338,33800000,33800000,33800000,0,317791,1,338,33800000,33800000,33800000,0,0,1,338,33800000,33800000,33800000,0,1.0,0.527498,0.65,1.0,0.527498,0.65,1.0,0.527498,0.65,338,34100000,False,1.0,5000.0,300.0,500.0,600000000000.0,100000000000.0,,337
1,dropped_command,thermal_loop,340,controller_tick,33900000,33.9,1,0,33900000,339,33900000,RUNNING,,0,0,62,1,0,reconstructed_from_retained_wire,True,,,317.79114950263886,301.1244839835886,293.1499988430077,0.5274980000000011,0.65,169500.00000000044,169499.98330021312,0.00014999991971397566,18825.423634720464,-1.281910044781398e-08,0.00015,301.124,293.15,317.791,0.0,150000,1,339,33900000,33900000,33900000,0,301124,1,339,33900000,33900000,33900000,0,293150,1,339,33900000,33900000,33900000,0,317791,1,339,33900000,33900000,33900000,0,0,1,339,33900000,33900000,33900000,0,1.0,0.527498,0.65,1.0,0.527498,0.65,1.0,0.527498,0.65,339,34200000,False,1.0,5000.0,300.0,500.0,600000000000.0,100000000000.0,,338
1,dropped_command,thermal_loop,341,controller_tick,34000000,34.0,1,0,34000000,340,34000000,RUNNING,,0,0,62,1,0,reconstructed_from_retained_wire,True,,,317.79114950607925,301.124483985367,293.1499988436904,0.5274980000000011,0.65,170000.00000000044,169999.98324238055,0.00014999991971397566,18825.423634720464,-1.3102408047416247e-08,0.00015,301.124,293.15,317.791,0.0,150000,1,340,34000000,34000000,34000000,0,301124,1,340,34000000,34000000,34000000,0,293150,1,340,34000000,34000000,34000000,0,317791,1,340,34000000,34000000,34000000,0,0,1,340,34000000,34000000,34000000,0,1.0,0.527498,0.65,1.0,0.527498,0.65,1.0,0.527498,0.65,340,34300000,False,1.0,5000.0,300.0,500.0,600000000000.0,100000000000.0,,339
1,dropped_command,thermal_loop,342,controller_tick,34100000,34.1,1,0,34100000,341,34100000,RUNNING,,0,0,62,1,0,reconstructed_from_retained_wire,True,,,317.79114950951464,301.12448398714315,293.14999884437583,0.5274980000000011,0.65,170500.00000000044,170499.9831845822,0.00014999991971397566,18825.423634720464,-1.3975068213767372e-08,0.00015,301.124,293.15,317.791,0.0,150000,1,341,34100000,34100000,34100000,0,301124,1,341,34100000,34100000,34100000,0,293150,1,341,34100000,34100000,34100000,0,317791,1,341,34100000,34100000,34100000,0,0,1,341,34100000,34100000,34100000,0,1.0,0.527498,0.65,1.0,0.527498,0.65,1.0,0.527498,0.65,341,34400000,False,1.0,5000.0,300.0,500.0,600000000000.0,100000000000.0,,340
1,dropped_command,thermal_loop,343,controller_tick,34200000,34.2,1,0,34200000,342,34200000,RUNNING,,0,0,62,1,0,reconstructed_from_retained_wire,True,,,317.791149512945,301.1244839889172,293.149998845064,0.5274980000000011,0.65,171000.00000000047,170999.98312681823,0.00014999991971397566,18825.423634720464,-1.3895032680011354e-08,0.00015,301.124,293.15,317.791,0.0,150000,1,342,34200000,34200000,34200000,0,301124,1,342,34200000,34200000,34200000,0,293150,1,342,34200000,34200000,34200000,0,317791,1,342,34200000,34200000,34200000,0,0,1,342,34200000,34200000,34200000,0,1.0,0.527498,0.65,1.0,0.527498,0.65,1.0,0.527498,0.65,342,34500000,False,1.0,5000.0,300.0,500.0,600000000000.0,100000000000.0,,341
1,dropped_command,thermal_loop,344,controller_tick,34300000,34.3,1,0,34300000,343,34300000,RUNNING,,0,0,62,1,0,reconstructed_from_retained_wire,True,,,317.7911495163704,301.12448399068904,293.1499988457548,0.5274980000000011,0.65,171500.00000000047,171499.9830690887,0.00014999991971397566,18825.423634720464,-1.3933913578512147e-08,0.00015,301.124,293.15,317.791,0.0,150000,1,343,34300000,34300000,34300000,0,301124,1,343,34300000,34300000,34300000,0,293150,1,343,34300000,34300000,34300000,0,317791,1,343,34300000,34300000,34300000,0,0,1,343,34300000,34300000,34300000,0,1.0,0.527498,0.65,1.0,0.527498,0.65,1.0,0.527498,0.65,343,34600000,False,1.0,5000.0,300.0,500.0,600000000000.0,100000000000.0,,342
1,dropped_command,thermal_loop,345,controller_tick,34400000,34.4,1,0,34400000,344,34400000,RUNNING,,0,0,62,1,0,reconstructed_from_retained_wire,True,,,317.7911495197909,301.1244839924587,293.1499988464482,0.5274980000000011,0.65,172000.0000000005,171999.98301139375,0.00014999991971397566,18825.423634720464,-1.4026454664417543e-08,0.00015,301.124,293.15,317.791,0.0,150000,1,344,34400000,34400000,34400000,0,301124,1,344,34400000,34400000,34400000,0,293150,1,344,34400000,34400000,34400000,0,317791,1,344,34400000,34400000,34400000,0,0,1,344,34400000,34400000,34400000,0,1.0,0.527498,0.65,1.0,0.527498,0.65,1.0,0.527498,0.65,344,34700000,False,1.0,5000.0,300.0,500.0,600000000000.0,100000000000.0,,343
1,dropped_command,thermal_loop,346,controller_tick,34500000,34.5,1,0,34500000,345,34500000,RUNNING,,0,0,62,1,0,reconstructed_from_retained_wire,True,,,317.7911495232064,301.1244839942262,293.1499988471443,0.5274980000000011,0.65,172500.00000000052,172499.98295373353,0.00014999991971397566,18825.423634720464,-1.4688794180983678e-08,0.00015,301.124,293.15,317.791,0.0,150000,1,345,34500000,34500000,34500000,0,301124,1,345,34500000,34500000,34500000,0,293150,1,345,34500000,34500000,34500000,0,317791,1,345,34500000,34500000,34500000,0,0,1,345,34500000,34500000,34500000,0,1.0,0.527498,0.65,1.0,0.527498,0.65,1.0,0.527498,0.65,345,34800000,False,1.0,5000.0,300.0,500.0,600000000000.0,100000000000.0,,344
1,dropped_command,thermal_loop,347,controller_tick,34600000,34.6,1,0,34600000,346,34600000,RUNNING,,0,0,62,1,0,reconstructed_from_retained_wire,True,,,317.791149526617,301.1244839959916,293.14999884784294,0.5274980000000011,0.65,173000.00000000055,172999.9828961082,0.00014999991971397566,18825.423634720464,-1.365901880490128e-08,0.00015,301.124,293.15,317.791,0.0,150000,1,346,34600000,34600000,34600000,0,301124,1,346,34600000,34600000,34600000,0,293150,1,346,34600000,34600000,34600000,0,317791,1,346,34600000,34600000,34600000,0,0,1,346,34600000,34600000,34600000,0,1.0,0.527498,0.65,1.0,0.527498,0.65,1.0,0.527498,0.65,346,34900000,False,1.0,5000.0,300.0,500.0,600000000000.0,100000000000.0,,345
1,dropped_command,thermal_loop,348,controller_tick,34700000,34.7,1,0,34700000,347,34700000,RUNNING,,0,0,62,1,0,reconstructed_from_retained_wire,True,,,317.79114953002266,301.1244839977549,293.1499988485441,0.5274980000000011,0.65,173500.00000000058,173499.98283851787,0.00014999991971397566,18825.423634720464,-1.3794306141790003e-08,0.00015,301.124,293.15,317.791,0.0,150000,1,347,34700000,34700000,34700000,0,301124,1,347,34700000,34700000,34700000,0,293150,1,347,34700000,34700000,34700000,0,317791,1,347,34700000,34700000,34700000,0,0,1,347,34700000,34700000,34700000,0,1.0,0.527498,0.65,1.0,0.527498,0.65,1.0,0.527498,0.65,347,35000000,False,1.0,5000.0,300.0,500.0,600000000000.0,100000000000.0,,346
1,dropped_command,thermal_loop,349,controller_tick,34800000,34.8,1,0,34800000,348,34800000,RUNNING,,0,0,62,1,0,reconstructed_from_retained_wire,True,,,317.7911495334234,301.12448399951614,293.14999884924777,0.5274980000000011,0.65,174000.00000000058,173999.98278096266,0.00014999991971397566,18825.423634720464,-1.3969611245556735e-08,0.00015,301.124,293.15,317.791,0.0,150000,1,348,34800000,34800000,34800000,0,301124,1,348,34800000,34800000,34800000,0,293150,1,348,34800000,34800000,34800000,0,317791,1,348,34800000,34800000,34800000,0,0,1,348,34800000,34800000,34800000,0,1.0,0.527498,0.65,1.0,0.527498,0.65,1.0,0.527498,0.65,348,35100000,False,1.0,5000.0,300.0,500.0,600000000000.0,100000000000.0,,347
1,dropped_command,thermal_loop,350,controller_tick,34900000,34.9,1,0,34900000,349,34900000,RUNNING,,0,0,62,1,0,reconstructed_from_retained_wire,True,,,317.7911495368192,301.1244840012754,293.1499988499539,0.5274980000000011,0.65,174500.0000000006,174499.9827234427,0.00014999991971397566,18825.423634720464,-1.3795897757518105e-08,0.00015,301.124,293.15,317.791,0.0,150000,1,349,34900000,34900000,34900000,0,301124,1,349,34900000,34900000,34900000,0,293150,1,349,34900000,34900000,34900000,0,317791,1,349,34900000,34900000,34900000,0,0,1,349,34900000,34900000,34900000,0,1.0,0.527498,0.65,1.0,0.527498,0.65,1.0,0.527498,0.65,349,35200000,False,1.0,5000.0,300.0,500.0,600000000000.0,100000000000.0,,348
1,dropped_command,thermal_loop,351,controller_tick,35000000,35.0,1,0,35000000,350,35000000,RUNNING,,0,0,62,1,0,reconstructed_from_retained_wire,True,,,317.79114954021014,301.1244840030326,293.1499988506624,0.5274980000000011,0.65,175000.00000000064,174999.9826659581,0.00014999991971397566,18825.423634720464,-1.3602857507066801e-08,0.00015,301.124,293.15,317.791,0.0,150000,1,350,35000000,35000000,35000000,0,301124,1,350,35000000,35000000,35000000,0,293150,1,350,35000000,35000000,35000000,0,317791,1,350,35000000,35000000,35000000,0,0,1,350,35000000,35000000,35000000,0,1.0,0.527498,0.65,1.0,0.527498,0.65,1.0,0.527498,0.65,350,35300000,False,1.0,5000.0,300.0,500.0,600000000000.0,100000000000.0,,349
1,dropped_command,thermal_loop,352,controller_tick,35100000,35.1,1,0,35100000,351,35100000,RUNNING,,0,0,62,1,0,reconstructed_from_retained_wire,True,,,317.7911495435962,301.1244840047878,293.1499988513734,0.5274980000000011,0.65,175500.00000000064,175499.982608509,0.00014999991971397566,18825.423634720464,-1.2740656529786065e-08,0.00015,301.124,293.15,317.791,0.0,150000,1,351,35100000,35100000,35100000,0,301124,1,351,35100000,35100000,35100000,0,293150,1,351,35100000,35100000,35100000,0,317791,1,351,35100000,35100000,35100000,0,0,1,351,35100000,35100000,35100000,0,1.0,0.527498,0.65,1.0,0.527498,0.65,1.0,0.527498,0.65,351,35400000,False,1.0,5000.0,300.0,500.0,600000000000.0,100000000000.0,,350
1,dropped_command,thermal_loop,353,controller_tick,35200000,35.2,1,0,35200000,352,35200000,RUNNING,,0,0,62,1,0,reconstructed_from_retained_wire,True,,,317.79114954697735,301.1244840065411,293.14999885208675,0.5274980000000011,0.65,176000.00000000064,175999.98255109548,0.00014999991971397566,18825.423634720464,-1.210150912811514e-08,0.00015,301.124,293.15,317.791,0.0,150000,1,352,35200000,35200000,35200000,0,301124,1,352,35200000,35200000,35200000,0,293150,1,352,35200000,35200000,35200000,0,317791,1,352,35200000,35200000,35200000,0,0,1,352,35200000,35200000,35200000,0,1.0,0.527498,0.65,1.0,0.527498,0.65,1.0,0.527498,0.65,352,35500000,False,1.0,5000.0,300.0,500.0,600000000000.0,100000000000.0,,351
1,dropped_command,thermal_loop,354,controller_tick,35300000,35.3,1,0,35300000,353,35300000,RUNNING,,0,0,62,1,0,reconstructed_from_retained_wire,True,,,317.7911495503536,301.1244840082924,293.14999885280236,0.5274980000000011,0.65,176500.00000000067,176499.9824937177,0.00014999991971397566,18825.423634720464,-1.2310920283198357e-08,0.00015,301.124,293.15,317.791,0.0,150000,1,353,35300000,35300000,35300000,0,301124,1,353,35300000,35300000,35300000,0,293150,1,353,35300000,35300000,35300000,0,317791,1,353,35300000,35300000,35300000,0,0,1,353,35300000,35300000,35300000,0,1.0,0.527498,0.65,1.0,0.527498,0.65,1.0,0.527498,0.65,353,35600000,False,1.0,5000.0,300.0,500.0,600000000000.0,100000000000.0,,352
1,dropped_command,thermal_loop,355,controller_tick,35400000,35.4,1,0,35400000,354,35400000,RUNNING,,0,0,62,1,0,reconstructed_from_retained_wire,True,,,317.791149553725,301.1244840100418,293.14999885352034,0.5274980000000011,0.65,177000.00000000067,176999.98243637575,0.00014999991971397566,18825.423634720464,-1.221474121848587e-08,0.00015,301.124,293.15,317.791,0.0,150000,1,354,35400000,35400000,35400000,0,301124,1,354,35400000,35400000,35400000,0,293150,1,354,35400000,35400000,35400000,0,317791,1,354,35400000,35400000,35400000,0,0,1,354,35400000,35400000,35400000,0,1.0,0.527498,0.65,1.0,0.527498,0.65,1.0,0.527498,0.65,354,35700000,False,1.0,5000.0,300.0,500.0,600000000000.0,100000000000.0,,353
1,dropped_command,thermal_loop,356,controller_tick,35500000,35.5,1,0,35500000,355,35500000,RUNNING,,0,0,62,1,0,reconstructed_from_retained_wire,True,,,317.7911495570915,301.1244840117892,293.1499988542406,0.5274980000000011,0.65,177500.00000000067,177499.98237906976,0.00014999991971397566,18825.423634720464,-1.2705186236416921e-08,0.00015,301.124,293.15,317.791,0.0,150000,1,355,35500000,35500000,35500000,0,301124,1,355,35500000,35500000,35500000,0,293150,1,355,35500000,35500000,35500000,0,317791,1,355,35500000,35500000,35500000,0,0,1,355,35500000,35500000,35500000,0,1.0,0.527498,0.65,1.0,0.527498,0.65,1.0,0.527498,0.65,355,35800000,False,1.0,5000.0,300.0,500.0,600000000000.0,100000000000.0,,354
1,dropped_command,thermal_loop,357,controller_tick,35600000,35.6,1,0,35600000,356,35600000,RUNNING,,0,0,62,1,0,reconstructed_from_retained_wire,True,,,317.7911495604532,301.1244840135348,293.1499988549631,0.5274980000000011,0.65,178000.0000000007,177999.98232179985,0.00014999991971397566,18825.423634720464,-1.2291366147110239e-08,0.00015,301.124,293.15,317.791,0.0,150000,1,356,35600000,35600000,35600000,0,301124,1,356,35600000,35600000,35600000,0,293150,1,356,35600000,35600000,35600000,0,317791,1,356,35600000,35600000,35600000,0,0,1,356,35600000,35600000,35600000,0,1.0,0.527498,0.65,1.0,0.527498,0.65,1.0,0.527498,0.65,356,35900000,False,1.0,5000.0,300.0,500.0,600000000000.0,100000000000.0,,355
1,dropped_command,thermal_loop,358,controller_tick,35700000,35.7,1,0,35700000,357,35700000,RUNNING,,0,0,62,1,0,reconstructed_from_retained_wire,True,,,317.79114956381005,301.12448401527854,293.1499988556878,0.5274980000000011,0.65,178500.00000000073,178499.98226456612,0.00014999991971397566,18825.423634720464,-1.2468944987631403e-08,0.00015,301.124,293.15,317.791,0.0,150000,1,357,35700000,35700000,35700000,0,301124,1,357,35700000,35700000,35700000,0,293150,1,357,35700000,35700000,35700000,0,317791,1,357,35700000,35700000,35700000,0,0,1,357,35700000,35700000,35700000,0,1.0,0.527498,0.65,1.0,0.527498,0.65,1.0,0.527498,0.65,357,36000000,False,1.0,5000.0,300.0,500.0,600000000000.0,100000000000.0,,356
1,dropped_command,thermal_loop,359,controller_tick,35800000,35.8,1,0,35800000,358,35800000,RUNNING,,0,0,62,1,0,reconstructed_from_retained_wire,True,,,317.79114956716205,301.1244840170204,293.14999885641464,0.5274980000000011,0.65,179000.00000000076,178999.98220736868,0.00014999991971397566,18825.423634720464,-1.3265889720059931e-08,0.00015,301.124,293.15,317.791,0.0,150000,1,358,35800000,35800000,35800000,0,301124,1,358,35800000,35800000,35800000,0,293150,1,358,35800000,35800000,35800000,0,317791,1,358,35800000,35800000,35800000,0,0,1,358,35800000,35800000,35800000,0,1.0,0.527498,0.65,1.0,0.527498,0.65,1.0,0.527498,0.65,358,36100000,False,1.0,5000.0,300.0,500.0,600000000000.0,100000000000.0,,357
1,dropped_command,thermal_loop,360,controller_tick,35900000,35.9,1,0,35900000,359,35900000,RUNNING,,0,0,62,1,0,reconstructed_from_retained_wire,True,,,317.7911495705092,301.1244840187605,293.1499988571437,0.5274980000000011,0.65,179500.0000000008,179499.98215020762,0.00014999991971397566,18825.423634720464,-1.293165041715838e-08,0.00015,301.124,293.15,317.791,0.0,150000,1,359,35900000,35900000,35900000,0,301124,1,359,35900000,35900000,35900000,0,293150,1,359,35900000,35900000,35900000,0,317791,1,359,35900000,35900000,35900000,0,0,1,359,35900000,35900000,35900000,0,1.0,0.527498,0.65,1.0,0.527498,0.65,1.0,0.527498,0.65,359,36200000,False,1.0,5000.0,300.0,500.0,600000000000.0,100000000000.0,,358
1,dropped_command,thermal_loop,361,controller_tick,36000000,36.0,1,0,36000000,360,36000000,RUNNING,,0,0,62,1,0,reconstructed_from_retained_wire,True,,,317.79114957385156,301.1244840204987,293.1499988578749,0.5274980000000011,0.65,180000.0000000008,179999.9820930831,0.00014999991971397566,18825.423634720464,-1.3667659004568122e-08,0.00015,301.124,293.15,317.791,0.0,150000,1,360,36000000,36000000,36000000,0,301124,1,360,36000000,36000000,36000000,0,293150,1,360,36000000,36000000,36000000,0,317791,1,360,36000000,36000000,36000000,0,0,1,360,36000000,36000000,36000000,0,1.0,0.527498,0.65,1.0,0.527498,0.65,1.0,0.527498,0.65,360,36300000,False,1.0,5000.0,300.0,500.0,600000000000.0,100000000000.0,,359
1,dropped_command,thermal_loop,362,controller_tick,36100000,36.1,1,0,36100000,361,36100000,RUNNING,,0,0,62,1,0,reconstructed_from_retained_wire,True,,,317.79114957718906,301.12448402223515,293.14999885860817,0.5274980000000011,0.65,180500.00000000081,180499.98203599517,0.00014999991971397566,18825.423634720464,-1.4494389688479714e-08,0.00015,301.124,293.15,317.791,0.0,150000,1,361,36100000,36100000,36100000,0,301124,1,361,36100000,36100000,36100000,0,293150,1,361,36100000,36100000,36100000,0,317791,1,361,36100000,36100000,36100000,0,0,1,361,36100000,36100000,36100000,0,1.0,0.527498,0.65,1.0,0.527498,0.65,1.0,0.527498,0.65,361,36400000,False,1.0,5000.0,300.0,500.0,600000000000.0,100000000000.0,,360
1,dropped_command,thermal_loop,363,controller_tick,36200000,36.2,1,0,36200000,362,36200000,RUNNING,,0,0,62,1,0,reconstructed_from_retained_wire,True,,,317.7911495805218,301.1244840239699,293.1499988593436,0.5274980000000011,0.65,181000.00000000084,180999.98197894398,0.00014999991971397566,18825.423634720464,-1.350986167381052e-08,0.00015,301.124,293.15,317.791,0.0,150000,1,362,36200000,36200000,36200000,0,301124,1,362,36200000,36200000,36200000,0,293150,1,362,36200000,36200000,36200000,0,317791,1,362,36200000,36200000,36200000,0,0,1,362,36200000,36200000,36200000,0,1.0,0.527498,0.65,1.0,0.527498,0.65,1.0,0.527498,0.65,362,36500000,False,1.0,5000.0,300.0,500.0,600000000000.0,100000000000.0,,361
1,dropped_command,thermal_loop,364,controller_tick,36300000,36.3,1,0,36300000,363,36300000,RUNNING,,0,0,62,1,0,reconstructed_from_retained_wire,True,,,317.79114958384974,301.1244840257028,293.1499988600811,0.5274980000000011,0.65,181500.00000000087,181499.9819219296,0.00014999991971397566,18825.423634720464,-1.3002818377572112e-08,0.00015,301.124,293.15,317.791,0.0,150000,1,363,36300000,36300000,36300000,0,301124,1,363,36300000,36300000,36300000,0,293150,1,363,36300000,36300000,36300000,0,317791,1,363,36300000,36300000,36300000,0,0,1,363,36300000,36300000,36300000,0,1.0,0.527498,0.65,1.0,0.527498,0.65,1.0,0.527498,0.65,363,36600000,False,1.0,5000.0,300.0,500.0,600000000000.0,100000000000.0,,362
1,dropped_command,thermal_loop,365,controller_tick,36400000,36.4,1,0,36400000,364,36400000,RUNNING,,0,0,62,1,0,reconstructed_from_retained_wire,True,,,317.7911495871729,301.124484027434,293.1499988608206,0.5274980000000011,0.65,182000.00000000087,181999.98186495213,0.00014999991971397566,18825.423634720464,-1.3094449968775734e-08,0.00015,301.124,293.15,317.791,0.0,150000,1,364,36400000,36400000,36400000,0,301124,1,364,36400000,36400000,36400000,0,293150,1,364,36400000,36400000,36400000,0,317791,1,364,36400000,36400000,36400000,0,0,1,364,36400000,36400000,36400000,0,1.0,0.527498,0.65,1.0,0.527498,0.65,1.0,0.527498,0.65,364,36700000,False,1.0,5000.0,300.0,500.0,600000000000.0,100000000000.0,,363
1,dropped_command,thermal_loop,366,controller_tick,36500000,36.5,1,0,36500000,365,36500000,RUNNING,,0,0,62,1,0,reconstructed_from_retained_wire,True,,,317.79114959049133,301.12448402916345,293.14999886156204,0.5274980000000011,0.65,182500.0000000009,182499.9818080117,0.00014999991971397566,18825.423634720464,-1.322223397437483e-08,0.00015,301.124,293.15,317.791,0.0,150000,1,365,36500000,36500000,36500000,0,301124,1,365,36500000,36500000,36500000,0,293150,1,365,36500000,36500000,36500000,0,317791,1,365,36500000,36500000,36500000,0,0,1,365,36500000,36500000,36500000,0,1.0,0.527498,0.65,1.0,0.527498,0.65,1.0,0.527498,0.65,365,36800000,False,1.0,5000.0,300.0,500.0,600000000000.0,100000000000.0,,364
1,dropped_command,thermal_loop,367,controller_tick,36600000,36.6,1,0,36600000,366,36600000,RUNNING,,0,0,62,1,0,reconstructed_from_retained_wire,True,,,317.79114959380496,301.12448403089127,293.1499988623055,0.5274980000000011,0.65,183000.00000000093,182999.9817511084,0.00014999991971397566,18825.423634720464,-1.2823647921322845e-08,0.00015,301.124,293.15,317.791,0.0,150000,1,366,36600000,36600000,36600000,0,301124,1,366,36600000,36600000,36600000,0,293150,1,366,36600000,36600000,36600000,0,317791,1,366,36600000,36600000,36600000,0,0,1,366,36600000,36600000,36600000,0,1.0,0.527498,0.65,1.0,0.527498,0.65,1.0,0.527498,0.65,366,36900000,False,1.0,5000.0,300.0,500.0,600000000000.0,100000000000.0,,365
1,dropped_command,thermal_loop,368,controller_tick,36700000,36.7,1,0,36700000,367,36700000,RUNNING,,0,0,62,1,0,reconstructed_from_retained_wire,True,,,317.7911495971139,301.1244840326174,293.1499988630508,0.5274980000000011,0.65,183500.00000000096,183499.9816942423,0.00014999991971397566,18825.423634720464,-1.3114686225890182e-08,0.00015,301.124,293.15,317.791,0.0,150000,1,367,36700000,36700000,36700000,0,301124,1,367,36700000,36700000,36700000,0,293150,1,367,36700000,36700000,36700000,0,317791,1,367,36700000,36700000,36700000,0,0,1,367,36700000,36700000,36700000,0,1.0,0.527498,0.65,1.0,0.527498,0.65,1.0,0.527498,0.65,367,37000000,False,1.0,5000.0,300.0,500.0,600000000000.0,100000000000.0,,366
1,dropped_command,thermal_loop,369,controller_tick,36800000,36.8,1,0,36800000,368,36800000,RUNNING,,0,0,62,1,0,reconstructed_from_retained_wire,True,,,317.791149600418,301.12448403434183,293.1499988637981,0.5274980000000011,0.65,184000.000000001,183999.98163741353,0.00014999991971397566,18825.423634720464,-1.3388444131123833e-08,0.00015,301.124,293.15,317.791,0.0,150000,1,368,36800000,36800000,36800000,0,301124,1,368,36800000,36800000,36800000,0,293150,1,368,36800000,36800000,36800000,0,317791,1,368,36800000,36800000,36800000,0,0,1,368,36800000,36800000,36800000,0,1.0,0.527498,0.65,1.0,0.527498,0.65,1.0,0.527498,0.65,368,37100000,False,1.0,5000.0,300.0,500.0,600000000000.0,100000000000.0,,367
1,dropped_command,thermal_loop,370,controller_tick,36900000,36.9,1,0,36900000,369,36900000,RUNNING,,0,0,62,1,0,reconstructed_from_retained_wire,True,,,317.79114960371743,301.1244840360646,293.1499988645473,0.5274980000000011,0.65,184500.000000001,184499.98158062214,0.00014999991971397566,18825.423634720464,-1.3435283108265139e-08,0.00015,301.124,293.15,317.791,0.0,150000,1,369,36900000,36900000,36900000,0,301124,1,369,36900000,36900000,36900000,0,293150,1,369,36900000,36900000,36900000,0,317791,1,369,36900000,36900000,36900000,0,0,1,369,36900000,36900000,36900000,0,1.0,0.527498,0.65,1.0,0.527498,0.65,1.0,0.527498,0.65,369,37200000,False,1.0,5000.0,300.0,500.0,600000000000.0,100000000000.0,,368
1,dropped_command,thermal_loop,371,controller_tick,37000000,37.0,1,0,37000000,370,37000000,RUNNING,,0,0,62,1,0,reconstructed_from_retained_wire,True,,,317.7911496070121,301.12448403778575,293.1499988652983,0.5274980000000011,0.65,185000.00000000102,184999.9815238683,0.00014999991971397566,18825.423634720464,-1.4211536836228333e-08,0.00015,301.124,293.15,317.791,0.0,150000,1,370,37000000,37000000,37000000,0,301124,1,370,37000000,37000000,37000000,0,293150,1,370,37000000,37000000,37000000,0,317791,1,370,37000000,37000000,37000000,0,0,1,370,37000000,37000000,37000000,0,1.0,0.527498,0.65,1.0,0.527498,0.65,1.0,0.527498,0.65,370,37300000,False,1.0,5000.0,300.0,500.0,600000000000.0,100000000000.0,,369
1,dropped_command,thermal_loop,372,controller_tick,37100000,37.1,1,0,37100000,371,37100000,RUNNING,,0,0,62,1,0,reconstructed_from_retained_wire,True,,,317.79114961030206,301.12448403950526,293.14999886605125,0.5274980000000011,0.65,185500.00000000102,185499.98146715207,0.00014999991971397566,18825.423634720464,-1.3513499652617611e-08,0.00015,301.124,293.15,317.791,0.0,150000,1,371,37100000,37100000,37100000,0,301124,1,371,37100000,37100000,37100000,0,293150,1,371,37100000,37100000,37100000,0,317791,1,371,37100000,37100000,37100000,0,0,1,371,37100000,37100000,37100000,0,1.0,0.527498,0.65,1.0,0.527498,0.65,1.0,0.527498,0.65,371,37400000,False,1.0,5000.0,300.0,500.0,600000000000.0,100000000000.0,,370
1,dropped_command,thermal_loop,373,controller_tick,37200000,37.2,1,0,37200000,372,37200000,RUNNING,,0,0,62,1,0,reconstructed_from_retained_wire,True,,,317.79114961358727,301.1244840412232,293.1499988668059,0.5274980000000011,0.65,186000.00000000102,185999.9814104735,0.00014999991971397566,18825.423634720464,-1.4824991012574174e-08,0.00015,301.124,293.15,317.791,0.0,150000,1,372,37200000,37200000,37200000,0,301124,1,372,37200000,37200000,37200000,0,293150,1,372,37200000,37200000,37200000,0,317791,1,372,37200000,37200000,37200000,0,0,1,372,37200000,37200000,37200000,0,1.0,0.527498,0.65,1.0,0.527498,0.65,1.0,0.527498,0.65,372,37500000,False,1.0,5000.0,300.0,500.0,600000000000.0,100000000000.0,,371
1,dropped_command,thermal_loop,374,controller_tick,37300000,37.3,1,0,37300000,373,37300000,RUNNING,,0,0,62,1,0,reconstructed_from_retained_wire,True,,,317.7911496168678,301.12448404293946,293.14999886756243,0.5274980000000011,0.65,186500.00000000105,186499.9813538327,0.00014999991971397566,18825.423634720464,-1.5258592611644417e-08,0.00015,301.124,293.15,317.791,0.0,150000,1,373,37300000,37300000,37300000,0,301124,1,373,37300000,37300000,37300000,0,293150,1,373,37300000,37300000,37300000,0,317791,1,373,37300000,37300000,37300000,0,0,1,373,37300000,37300000,37300000,0,1.0,0.527498,0.65,1.0,0.527498,0.65,1.0,0.527498,0.65,373,37600000,False,1.0,5000.0,300.0,500.0,600000000000.0,100000000000.0,,372
1,dropped_command,thermal_loop,375,controller_tick,37400000,37.4,1,0,37400000,374,37400000,RUNNING,,0,0,62,1,0,reconstructed_from_retained_wire,True,,,317.7911496201437,301.1244840446542,293.1499988683207,0.5274980000000011,0.65,187000.00000000108,186999.9812972298,0.00014999991971397566,18825.423634720464,-1.5143996279221028e-08,0.00015,301.124,293.15,317.791,0.0,150000,1,374,37400000,37400000,37400000,0,301124,1,374,37400000,37400000,37400000,0,293150,1,374,37400000,37400000,37400000,0,317791,1,374,37400000,37400000,37400000,0,0,1,374,37400000,37400000,37400000,0,1.0,0.527498,0.65,1.0,0.527498,0.65,1.0,0.527498,0.65,374,37700000,False,1.0,5000.0,300.0,500.0,600000000000.0,100000000000.0,,373
1,dropped_command,thermal_loop,376,controller_tick,37500000,37.5,1,0,37500000,375,37500000,RUNNING,,0,0,62,1,0,reconstructed_from_retained_wire,True,,,317.7911496234149,301.1244840463674,293.1499988690807,0.5274980000000011,0.65,187500.00000000108,187499.9812406648,0.00014999991971397566,18825.423634720464,-1.5135810826905072e-08,0.00015,301.124,293.15,317.791,0.0,150000,1,375,37500000,37500000,37500000,0,301124,1,375,37500000,37500000,37500000,0,293150,1,375,37500000,37500000,37500000,0,317791,1,375,37500000,37500000,37500000,0,0,1,375,37500000,37500000,37500000,0,1.0,0.527498,0.65,1.0,0.527498,0.65,1.0,0.527498,0.65,375,37800000,False,1.0,5000.0,300.0,500.0,600000000000.0,100000000000.0,,374
1,dropped_command,thermal_loop,377,controller_tick,37600000,37.6,1,0,37600000,376,37600000,RUNNING,,0,0,62,1,0,reconstructed_from_retained_wire,True,,,317.7911496266815,301.12448404807907,293.1499988698425,0.5274980000000011,0.65,188000.0000000011,187999.98118413787,0.00014999991971397566,18825.423634720464,-1.4463012121268548e-08,0.00015,301.124,293.15,317.791,0.0,150000,1,376,37600000,37600000,37600000,0,301124,1,376,37600000,37600000,37600000,0,293150,1,376,37600000,37600000,37600000,0,317791,1,376,37600000,37600000,37600000,0,0,1,376,37600000,37600000,37600000,0,1.0,0.527498,0.65,1.0,0.527498,0.65,1.0,0.527498,0.65,376,37900000,False,1.0,5000.0,300.0,500.0,600000000000.0,100000000000.0,,375
1,dropped_command,thermal_loop,378,controller_tick,37700000,37.7,1,0,37700000,377,37700000,RUNNING,,0,0,62,1,0,reconstructed_from_retained_wire,True,,,317.79114962994333,301.12448404978915,293.14999887060594,0.5274980000000011,0.65,188500.0000000011,188499.98112764908,0.00014999991971397566,18825.423634720464,-1.4707438822370023e-08,0.00015,301.124,293.15,317.791,0.0,150000,1,377,37700000,37700000,37700000,0,301124,1,377,37700000,37700000,37700000,0,293150,1,377,37700000,37700000,37700000,0,317791,1,377,37700000,37700000,37700000,0,0,1,377,37700000,37700000,37700000,0,1.0,0.527498,0.65,1.0,0.527498,0.65,1.0,0.527498,0.65,377,38000000,False,1.0,5000.0,300.0,500.0,600000000000.0,100000000000.0,,376
1,dropped_command,thermal_loop,379,controller_tick,37800000,37.8,1,0,37800000,378,37800000,RUNNING,,0,0,62,1,0,reconstructed_from_retained_wire,True,,,317.7911496332005,301.1244840514977,293.14999887137105,0.5274980000000011,0.65,189000.00000000114,188999.98107119853,0.00014999991971397566,18825.423634720464,-1.550915840198286e-08,0.00015,301.124,293.15,317.791,0.0,150000,1,378,37800000,37800000,37800000,0,301124,1,378,37800000,37800000,37800000,0,293150,1,378,37800000,37800000,37800000,0,317791,1,378,37800000,37800000,37800000,0,0,1,378,37800000,37800000,37800000,0,1.0,0.527498,0.65,1.0,0.527498,0.65,1.0,0.527498,0.65,378,38100000,False,1.0,5000.0,300.0,500.0,600000000000.0,100000000000.0,,377
1,dropped_command,thermal_loop,380,controller_tick,37900000,37.9,1,0,37900000,379,37900000,RUNNING,,0,0,62,1,0,reconstructed_from_retained_wire,True,,,317.7911496364531,301.12448405320475,293.1499988721378,0.5274980000000011,0.65,189500.00000000114,189499.98101478626,0.00014999991971397566,18825.423634720464,-1.573721419845242e-08,0.00015,301.124,293.15,317.791,0.0,150000,1,379,37900000,37900000,37900000,0,301124,1,379,37900000,37900000,37900000,0,293150,1,379,37900000,37900000,37900000,0,317791,1,379,37900000,37900000,37900000,0,0,1,379,37900000,37900000,37900000,0,1.0,0.527498,0.65,1.0,0.527498,0.65,1.0,0.527498,0.65,379,38200000,False,1.0,5000.0,300.0,500.0,600000000000.0,100000000000.0,,378
1,dropped_command,thermal_loop,381,controller_tick,38000000,38.0,1,0,38000000,380,38000000,RUNNING,,0,0,62,1,0,reconstructed_from_retained_wire,True,,,317.791149639701,301.1244840549103,293.1499988729062,0.5274980000000011,0.65,190000.00000000116,189999.98095841237,0.00014999991971397566,18825.423634720464,-1.6377043721149676e-08,0.00015,301.124,293.15,317.791,0.0,150000,1,380,38000000,38000000,38000000,0,301124,1,380,38000000,38000000,38000000,0,293150,1,380,38000000,38000000,38000000,0,317791,1,380,38000000,38000000,38000000,0,0,1,380,38000000,38000000,38000000,0,1.0,0.527498,0.65,1.0,0.527498,0.65,1.0,0.527498,0.65,380,38300000,False,1.0,5000.0,300.0,500.0,600000000000.0,100000000000.0,,379
1,dropped_command,thermal_loop,382,controller_tick,38100000,38.1,1,0,38100000,381,38100000,RUNNING,,0,0,62,1,0,reconstructed_from_retained_wire,True,,,317.79114964294433,301.1244840566144,293.1499988736762,0.5274980000000011,0.65,190500.0000000012,190499.98090207693,0.00014999991971397566,18825.423634720464,-1.6535295799258165e-08,0.00015,301.124,293.15,317.791,0.0,150000,1,381,38100000,38100000,38100000,0,301124,1,381,38100000,38100000,38100000,0,293150,1,381,38100000,38100000,38100000,0,317791,1,381,38100000,38100000,38100000,0,0,1,381,38100000,38100000,38100000,0,1.0,0.527498,0.65,1.0,0.527498,0.65,1.0,0.527498,0.65,381,38400000,False,1.0,5000.0,300.0,500.0,600000000000.0,100000000000.0,,380
1,dropped_command,thermal_loop,383,controller_tick,38200000,38.2,1,0,38200000,382,38200000,RUNNING,,0,0,62,1,0,reconstructed_from_retained_wire,True,,,317.79114964618304,301.124484058317,293.1499988744479,0.5274980000000011,0.65,191000.00000000122,190999.98084578005,0.00014999991971397566,18825.423634720464,-1.5857949620112777e-08,0.00015,301.124,293.15,317.791,0.0,150000,1,382,38200000,38200000,38200000,0,301124,1,382,38200000,38200000,38200000,0,293150,1,382,38200000,38200000,38200000,0,317791,1,382,38200000,38200000,38200000,0,0,1,382,38200000,38200000,38200000,0,1.0,0.527498,0.65,1.0,0.527498,0.65,1.0,0.527498,0.65,382,38500000,False,1.0,5000.0,300.0,500.0,600000000000.0,100000000000.0,,381
1,dropped_command,thermal_loop,384,controller_tick,38300000,38.3,1,0,38300000,383,38300000,RUNNING,,0,0,62,1,0,reconstructed_from_retained_wire,True,,,317.79114964941715,301.1244840600182,293.1499988752211,0.5274980000000011,0.65,191500.00000000125,191499.9807895218,0.00014999991971397566,18825.423634720464,-1.4999613995314576e-08,0.00015,301.124,293.15,317.791,0.0,150000,1,383,38300000,38300000,38300000,0,301124,1,383,38300000,38300000,38300000,0,293150,1,383,38300000,38300000,38300000,0,317791,1,383,38300000,38300000,38300000,0,0,1,383,38300000,38300000,38300000,0,1.0,0.527498,0.65,1.0,0.527498,0.65,1.0,0.527498,0.65,383,38600000,False,1.0,5000.0,300.0,500.0,600000000000.0,100000000000.0,,382
1,dropped_command,thermal_loop,385,controller_tick,38400000,38.4,1,0,38400000,384,38400000,RUNNING,,0,0,62,1,0,reconstructed_from_retained_wire,True,,,317.79114965264665,301.12448406171785,293.14999887599583,0.5274980000000011,0.65,192000.00000000128,191999.98073330225,0.00014999991971397566,18825.423634720464,-1.5298610378522426e-08,0.00015,301.124,293.15,317.791,0.0,150000,1,384,38400000,38400000,38400000,0,301124,1,384,38400000,38400000,38400000,0,293150,1,384,38400000,38400000,38400000,0,317791,1,384,38400000,38400000,38400000,0,0,1,384,38400000,38400000,38400000,0,1.0,0.527498,0.65,1.0,0.527498,0.65,1.0,0.527498,0.65,384,38700000,False,1.0,5000.0,300.0,500.0,600000000000.0,100000000000.0,,383
1,dropped_command,thermal_loop,386,controller_tick,38500000,38.5,1,0,38500000,385,38500000,RUNNING,,0,0,62,1,0,reconstructed_from_retained_wire,True,,,317.7911496558716,301.1244840634161,293.1499988767721,0.5274980000000011,0.65,192500.00000000128,192499.98067712144,0.00014999991971397566,18825.423634720464,-1.4940269466023892e-08,0.00015,301.124,293.15,317.791,0.0,150000,1,385,38500000,38500000,38500000,0,301124,1,385,38500000,38500000,38500000,0,293150,1,385,38500000,38500000,38500000,0,317791,1,385,38500000,38500000,38500000,0,0,1,385,38500000,38500000,38500000,0,1.0,0.527498,0.65,1.0,0.527498,0.65,1.0,0.527498,0.65,385,38800000,False,1.0,5000.0,300.0,500.0,600000000000.0,100000000000.0,,384
1,dropped_command,thermal_loop,387,controller_tick,38600000,38.6,1,0,38600000,386,38600000,RUNNING,,0,0,62,1,0,reconstructed_from_retained_wire,True,,,317.79114965909196,301.12448406511294,293.1499988775499,0.5274980000000011,0.65,193000.0000000013,192999.98062097948,0.00014999991971397566,18825.423634720464,-1.4434817785513587e-08,0.00015,301.124,293.15,317.791,0.0,150000,1,386,38600000,38600000,38600000,0,301124,1,386,38600000,38600000,38600000,0,293150,1,386,38600000,38600000,38600000,0,317791,1,386,38600000,38600000,38600000,0,0,1,386,38600000,38600000,38600000,0,1.0,0.527498,0.65,1.0,0.527498,0.65,1.0,0.527498,0.65,386,38900000,False,1.0,5000.0,300.0,500.0,600000000000.0,100000000000.0,,385
1,dropped_command,thermal_loop,388,controller_tick,38700000,38.7,1,0,38700000,387,38700000,RUNNING,,0,0,62,1,0,reconstructed_from_retained_wire,True,,,317.7911496623077,301.1244840668083,293.14999887832914,0.5274980000000011,0.65,193500.00000000134,193499.98056487643,0.00014999991971397566,18825.423634720464,-1.4882971299812198e-08,0.00015,301.124,293.15,317.791,0.0,150000,1,387,38700000,38700000,38700000,0,301124,1,387,38700000,38700000,38700000,0,293150,1,387,38700000,38700000,38700000,0,317791,1,387,38700000,38700000,38700000,0,0,1,387,38700000,38700000,38700000,0,1.0,0.527498,0.65,1.0,0.527498,0.65,1.0,0.527498,0.65,387,39000000,False,1.0,5000.0,300.0,500.0,600000000000.0,100000000000.0,,386
1,dropped_command,thermal_loop,389,controller_tick,38800000,38.8,1,0,38800000,388,38800000,RUNNING,,0,0,62,1,0,reconstructed_from_retained_wire,True,,,317.7911496655189,301.1244840685023,293.14999887910983,0.5274980000000011,0.65,194000.00000000137,193999.98050881238,0.00014999991971397566,18825.423634720464,-1.5391378838103265e-08,0.00015,301.124,293.15,317.791,0.0,150000,1,388,38800000,38800000,38800000,0,301124,1,388,38800000,38800000,38800000,0,293150,1,388,38800000,38800000,38800000,0,317791,1,388,38800000,38800000,38800000,0,0,1,388,38800000,38800000,38800000,0,1.0,0.527498,0.65,1.0,0.527498,0.65,1.0,0.527498,0.65,388,39100000,False,1.0,5000.0,300.0,500.0,600000000000.0,100000000000.0,,387
1,dropped_command,thermal_loop,390,controller_tick,38900000,38.9,1,0,38900000,389,38900000,RUNNING,,0,0,62,1,0,reconstructed_from_retained_wire,True,,,317.79114966872555,301.12448407019485,293.14999887989194,0.5274980000000011,0.65,194500.00000000137,194499.98045278742,0.00014999991971397566,18825.423634720464,-1.6318836060236208e-08,0.00015,301.124,293.15,317.791,0.0,150000,1,389,38900000,38900000,38900000,0,301124,1,389,38900000,38900000,38900000,0,293150,1,389,38900000,38900000,38900000,0,317791,1,389,38900000,38900000,38900000,0,0,1,389,38900000,38900000,38900000,0,1.0,0.527498,0.65,1.0,0.527498,0.65,1.0,0.527498,0.65,389,39200000,False,1.0,5000.0,300.0,500.0,600000000000.0,100000000000.0,,388
1,dropped_command,thermal_loop,391,controller_tick,39000000,39.0,1,0,39000000,390,39000000,RUNNING,,0,0,62,1,0,reconstructed_from_retained_wire,True,,,317.79114967192766,301.124484071886,293.1499988806755,0.5274980000000011,0.65,195000.0000000014,194999.98039680163,0.00014999991971397566,18825.423634720464,-1.6923422663239762e-08,0.00015,301.124,293.15,317.791,0.0,150000,1,390,39000000,39000000,39000000,0,301124,1,390,39000000,39000000,39000000,0,293150,1,390,39000000,39000000,39000000,0,317791,1,390,39000000,39000000,39000000,0,0,1,390,39000000,39000000,39000000,0,1.0,0.527498,0.65,1.0,0.527498,0.65,1.0,0.527498,0.65,390,39300000,False,1.0,5000.0,300.0,500.0,600000000000.0,100000000000.0,,389
1,dropped_command,thermal_loop,392,controller_tick,39100000,39.1,1,0,39100000,391,39100000,RUNNING,,0,0,62,1,0,reconstructed_from_retained_wire,True,,,317.7911496751253,301.12448407357584,293.1499988814605,0.5274980000000011,0.65,195500.00000000143,195499.98034085505,0.00014999991971397566,18825.423634720464,-1.6485273590660654e-08,0.00015,301.124,293.15,317.791,0.0,150000,1,391,39100000,39100000,39100000,0,301124,1,391,39100000,39100000,39100000,0,293150,1,391,39100000,39100000,39100000,0,317791,1,391,39100000,39100000,39100000,0,0,1,391,39100000,39100000,39100000,0,1.0,0.527498,0.65,1.0,0.527498,0.65,1.0,0.527498,0.65,391,39400000,False,1.0,5000.0,300.0,500.0,600000000000.0,100000000000.0,,390
1,dropped_command,thermal_loop,393,controller_tick,39200000,39.2,1,0,39200000,392,39200000,RUNNING,,0,0,62,1,0,reconstructed_from_retained_wire,True,,,317.79114967831845,301.12448407526426,293.1499988822468,0.5274980000000011,0.65,196000.00000000146,195999.98028494773,0.00014999991971397566,18825.423634720464,-1.7033471522154287e-08,0.00015,301.124,293.15,317.791,0.0,150000,1,392,39200000,39200000,39200000,0,301124,1,392,39200000,39200000,39200000,0,293150,1,392,39200000,39200000,39200000,0,317791,1,392,39200000,39200000,39200000,0,0,1,392,39200000,39200000,39200000,0,1.0,0.527498,0.65,1.0,0.527498,0.65,1.0,0.527498,0.65,392,39500000,False,1.0,5000.0,300.0,500.0,600000000000.0,100000000000.0,,391
1,dropped_command,thermal_loop,394,controller_tick,39300000,39.3,1,0,39300000,393,39300000,RUNNING,,0,0,62,1,0,reconstructed_from_retained_wire,True,,,317.791149681507,301.1244840769513,293.1499988830345,0.5274980000000011,0.65,196500.00000000146,196499.98022907975,0.00014999991971397566,18825.423634720464,-1.7263573681702837e-08,0.00015,301.124,293.15,317.791,0.0,150000,1,393,39300000,39300000,39300000,0,301124,1,393,39300000,39300000,39300000,0,293150,1,393,39300000,39300000,39300000,0,317791,1,393,39300000,39300000,39300000,0,0,1,393,39300000,39300000,39300000,0,1.0,0.527498,0.65,1.0,0.527498,0.65,1.0,0.527498,0.65,393,39600000,False,1.0,5000.0,300.0,500.0,600000000000.0,100000000000.0,,392
1,dropped_command,thermal_loop,395,controller_tick,39400000,39.4,1,0,39400000,394,39400000,RUNNING,,0,0,62,1,0,reconstructed_from_retained_wire,True,,,317.7911496846911,301.12448407863707,293.14999888382357,0.5274980000000011,0.65,197000.00000000148,196999.9801732512,0.00014999991971397566,18825.423634720464,-1.7528464013594203e-08,0.00015,301.124,293.15,317.791,0.0,150000,1,394,39400000,39400000,39400000,0,301124,1,394,39400000,39400000,39400000,0,293150,1,394,39400000,39400000,39400000,0,317791,1,394,39400000,39400000,39400000,0,0,1,394,39400000,39400000,39400000,0,1.0,0.527498,0.65,1.0,0.527498,0.65,1.0,0.527498,0.65,394,39700000,False,1.0,5000.0,300.0,500.0,600000000000.0,100000000000.0,,393
1,dropped_command,thermal_loop,396,controller_tick,39500000,39.5,1,0,39500000,395,39500000,RUNNING,,0,0,62,1,0,reconstructed_from_retained_wire,True,,,317.7911496878707,301.1244840803214,293.149998884614,0.5274980000000011,0.65,197500.0000000015,197499.98011746214,0.00014999991971397566,18825.423634720464,-1.8007540347753093e-08,0.00015,301.124,293.15,317.791,0.0,150000,1,395,39500000,39500000,39500000,0,301124,1,395,39500000,39500000,39500000,0,293150,1,395,39500000,39500000,39500000,0,317791,1,395,39500000,39500000,39500000,0,0,1,395,39500000,39500000,39500000,0,1.0,0.527498,0.65,1.0,0.527498,0.65,1.0,0.527498,0.65,395,39800000,False,1.0,5000.0,300.0,500.0,600000000000.0,100000000000.0,,394
1,dropped_command,thermal_loop,397,controller_tick,39600000,39.6,1,0,39600000,396,39600000,RUNNING,,0,0,62,1,0,reconstructed_from_retained_wire,True,,,317.7911496910458,301.1244840820044,293.14999888540564,0.5274980000000011,0.65,198000.00000000154,197999.98006171265,0.00014999991971397566,18825.423634720464,-1.9059598344028927e-08,0.00015,301.124,293.15,317.791,0.0,150000,1,396,39600000,39600000,39600000,0,301124,1,396,39600000,39600000,39600000,0,293150,1,396,39600000,39600000,39600000,0,317791,1,396,39600000,39600000,39600000,0,0,1,396,39600000,39600000,39600000,0,1.0,0.527498,0.65,1.0,0.527498,0.65,1.0,0.527498,0.65,396,39900000,False,1.0,5000.0,300.0,500.0,600000000000.0,100000000000.0,,395
1,dropped_command,thermal_loop,398,controller_tick,39700000,39.7,1,0,39700000,397,39700000,RUNNING,,0,0,62,1,0,reconstructed_from_retained_wire,True,,,317.7911496942164,301.1244840836861,293.14999888619866,0.5274980000000011,0.65,198500.00000000154,198499.98000600276,0.00014999991971397566,18825.423634720464,-1.9200797396479174e-08,0.00015,301.124,293.15,317.791,0.0,150000,1,397,39700000,39700000,39700000,0,301124,1,397,39700000,39700000,39700000,0,293150,1,397,39700000,39700000,39700000,0,317791,1,397,39700000,39700000,39700000,0,0,1,397,39700000,39700000,39700000,0,1.0,0.527498,0.65,1.0,0.527498,0.65,1.0,0.527498,0.65,397,40000000,False,1.0,5000.0,300.0,500.0,600000000000.0,100000000000.0,,396
1,dropped_command,thermal_loop,399,controller_tick,39800000,39.8,1,0,39800000,398,39800000,RUNNING,,0,0,62,1,0,reconstructed_from_retained_wire,True,,,317.7911496973826,301.12448408536653,293.14999888699293,0.5274980000000011,0.65,199000.00000000157,198999.97995033255,0.00014999991971397566,18825.423634720464,-1.928833626152482e-08,0.00015,301.124,293.15,317.791,0.0,150000,1,398,39800000,39800000,39800000,0,301124,1,398,39800000,39800000,39800000,0,293150,1,398,39800000,39800000,39800000,0,317791,1,398,39800000,39800000,39800000,0,0,1,398,39800000,39800000,39800000,0,1.0,0.527498,0.65,1.0,0.527498,0.65,1.0,0.527498,0.65,398,40100000,False,1.0,5000.0,300.0,500.0,600000000000.0,100000000000.0,,397
1,dropped_command,thermal_loop,400,controller_tick,39900000,39.9,1,0,39900000,399,39900000,RUNNING,,0,0,62,1,0,reconstructed_from_retained_wire,True,,,317.7911497005443,301.12448408704563,293.14999888778846,0.5274980000000011,0.65,199500.0000000016,199499.9798947021,0.00014999991971397566,18825.423634720464,-1.9774233805947006e-08,0.00015,301.124,293.15,317.791,0.0,150000,1,399,39900000,39900000,39900000,0,301124,1,399,39900000,39900000,39900000,0,293150,1,399,39900000,39900000,39900000,0,317791,1,399,39900000,39900000,39900000,0,0,1,399,39900000,39900000,39900000,0,1.0,0.527498,0.65,1.0,0.527498,0.65,1.0,0.527498,0.65,399,40200000,False,1.0,5000.0,300.0,500.0,600000000000.0,100000000000.0,,398
1,dropped_command,thermal_loop,401,controller_tick,40000000,40.0,1,0,40000000,400,40000000,RUNNING,,0,0,62,1,0,reconstructed_from_retained_wire,True,,,317.79114970370154,301.1244840887235,293.14999888858523,0.5274980000000011,0.65,200000.00000000163,199999.97983911145,0.00014999991971397566,18825.423634720464,-1.9556637198547833e-08,0.00015,301.124,293.15,317.791,0.0,150000,1,400,40000000,40000000,40000000,0,301124,1,400,40000000,40000000,40000000,0,293150,1,400,40000000,40000000,40000000,0,317791,1,400,40000000,40000000,40000000,0,0,1,400,40000000,40000000,40000000,0,1.0,0.527498,0.65,1.0,0.527498,0.65,1.0,0.527498,0.65,400,40300000,False,1.0,5000.0,300.0,500.0,600000000000.0,100000000000.0,,399
1,dropped_command,thermal_loop,402,controller_tick,40100000,40.1,1,0,40100000,401,40100000,RUNNING,,0,0,62,1,0,reconstructed_from_retained_wire,True,,,317.7911497068544,301.12448409039996,293.14999888938326,0.5274980000000011,0.65,200500.00000000166,200499.97978356067,0.00014999991971397566,18825.423634720464,-1.8959326553158462e-08,0.00015,301.124,293.15,317.791,0.0,150000,1,401,40100000,40100000,40100000,0,301124,1,401,40100000,40100000,40100000,0,293150,1,401,40100000,40100000,40100000,0,317791,1,401,40100000,40100000,40100000,0,0,1,401,40100000,40100000,40100000,0,1.0,0.527498,0.65,1.0,0.527498,0.65,1.0,0.527498,0.65,401,40400000,False,1.0,5000.0,300.0,500.0,600000000000.0,100000000000.0,,400
1,dropped_command,thermal_loop,403,controller_tick,40200000,40.2,1,0,40200000,402,40200000,RUNNING,,0,0,62,1,0,reconstructed_from_retained_wire,True,,,317.79114971000286,301.1244840920752,293.1499988901825,0.5274980000000011,0.65,201000.0000000017,200999.97972804983,0.00014999991971397566,18825.423634720464,-1.825492290663533e-08,0.00015,301.124,293.15,317.791,0.0,150000,1,402,40200000,40200000,40200000,0,301124,1,402,40200000,40200000,40200000,0,293150,1,402,40200000,40200000,40200000,0,317791,1,402,40200000,40200000,40200000,0,0,1,402,40200000,40200000,40200000,0,1.0,0.527498,0.65,1.0,0.527498,0.65,1.0,0.527498,0.65,402,40500000,False,1.0,5000.0,300.0,500.0,600000000000.0,100000000000.0,,401
1,dropped_command,thermal_loop,404,controller_tick,40300000,40.3,1,0,40300000,403,40300000,RUNNING,,0,0,62,1,0,reconstructed_from_retained_wire,True,,,317.79114971314686,301.1244840937492,293.1499988909829,0.5274980000000011,0.65,201500.00000000172,201499.97967257895,0.00014999991971397566,18825.423634720464,-1.74143224285217e-08,0.00015,301.124,293.15,317.791,0.0,150000,1,403,40300000,40300000,40300000,0,301124,1,403,40300000,40300000,40300000,0,293150,1,403,40300000,40300000,40300000,0,317791,1,403,40300000,40300000,40300000,0,0,1,403,40300000,40300000,40300000,0,1.0,0.527498,0.65,1.0,0.527498,0.65,1.0,0.527498,0.65,403,40600000,False,1.0,5000.0,300.0,500.0,600000000000.0,100000000000.0,,402
1,dropped_command,thermal_loop,405,controller_tick,40400000,40.4,1,0,40400000,404,40400000,RUNNING,,0,0,62,1,0,reconstructed_from_retained_wire,True,,,317.79114971628644,301.1244840954218,293.1499988917845,0.5274980000000011,0.65,202000.00000000175,201999.97961714814,0.00014999991971397566,18825.423634720464,-1.727153176034335e-08,0.00015,301.124,293.15,317.791,0.0,150000,1,404,40400000,40400000,40400000,0,301124,1,404,40400000,40400000,40400000,0,293150,1,404,40400000,40400000,40400000,0,317791,1,404,40400000,40400000,40400000,0,0,1,404,40400000,40400000,40400000,0,1.0,0.527498,0.65,1.0,0.527498,0.65,1.0,0.527498,0.65,404,40700000,False,1.0,5000.0,300.0,500.0,600000000000.0,100000000000.0,,403
1,dropped_command,thermal_loop,406,controller_tick,40500000,40.5,1,0,40500000,405,40500000,RUNNING,,0,0,62,1,0,reconstructed_from_retained_wire,True,,,317.79114971942164,301.12448409709316,293.14999889258723,0.5274980000000011,0.65,202500.00000000178,202499.97956175744,0.00014999991971397566,18825.423634720464,-1.699140739219729e-08,0.00015,301.124,293.15,317.791,0.0,150000,1,405,40500000,40500000,40500000,0,301124,1,405,40500000,40500000,40500000,0,293150,1,405,40500000,40500000,40500000,0,317791,1,405,40500000,40500000,40500000,0,0,1,405,40500000,40500000,40500000,0,1.0,0.527498,0.65,1.0,0.527498,0.65,1.0,0.527498,0.65,405,40800000,False,1.0,5000.0,300.0,500.0,600000000000.0,100000000000.0,,404
1,dropped_command,thermal_loop,407,controller_tick,40600000,40.6,1,0,40600000,406,40600000,RUNNING,,0,0,62,1,0,reconstructed_from_retained_wire,True,,,317.79114972255246,301.1244840987633,293.14999889339106,0.5274980000000011,0.65,203000.0000000018,202999.9795064069,0.00014999991971397566,18825.423634720464,-1.722855813568458e-08,0.00015,301.124,293.15,317.791,0.0,150000,1,406,40600000,40600000,40600000,0,301124,1,406,40600000,40600000,40600000,0,293150,1,406,40600000,40600000,40600000,0,317791,1,406,40600000,40600000,40600000,0,0,1,406,40600000,40600000,40600000,0,1.0,0.527498,0.65,1.0,0.527498,0.65,1.0,0.527498,0.65,406,40900000,False,1.0,5000.0,300.0,500.0,600000000000.0,100000000000.0,,405
1,dropped_command,thermal_loop,408,controller_tick,40700000,40.7,1,0,40700000,407,40700000,RUNNING,,0,0,62,1,0,reconstructed_from_retained_wire,True,,,317.79114972567896,301.12448410043214,293.149998894196,0.5274980000000011,0.65,203500.00000000183,203499.9794510966,0.00014999991971397566,18825.423634720464,-1.6643525668769144e-08,0.00015,301.124,293.15,317.791,0.0,150000,1,407,40700000,40700000,40700000,0,301124,1,407,40700000,40700000,40700000,0,293150,1,407,40700000,40700000,40700000,0,317791,1,407,40700000,40700000,40700000,0,0,1,407,40700000,40700000,40700000,0,1.0,0.527498,0.65,1.0,0.527498,0.65,1.0,0.527498,0.65,407,41000000,False,1.0,5000.0,300.0,500.0,600000000000.0,100000000000.0,,406
1,dropped_command,thermal_loop,409,controller_tick,40800000,40.8,1,0,40800000,408,40800000,RUNNING,,0,0,62,1,0,reconstructed_from_retained_wire,True,,,317.79114972880103,301.12448410209976,293.14999889500206,0.5274980000000011,0.65,204000.00000000186,203999.97939582652,0.00014999991971397566,18825.423634720464,-1.705689101072494e-08,0.00015,301.124,293.15,317.791,0.0,150000,1,408,40800000,40800000,40800000,0,301124,1,408,40800000,40800000,40800000,0,293150,1,408,40800000,40800000,40800000,0,317791,1,408,40800000,40800000,40800000,0,0,1,408,40800000,40800000,40800000,0,1.0,0.527498,0.65,1.0,0.527498,0.65,1.0,0.527498,0.65,408,41100000,False,1.0,5000.0,300.0,500.0,600000000000.0,100000000000.0,,407
1,dropped_command,thermal_loop,410,controller_tick,40900000,40.9,1,0,40900000,409,40900000,RUNNING,,0,0,62,1,0,reconstructed_from_retained_wire,True,,,317.7911497319188,301.1244841037662,293.14999889580923,0.5274980000000011,0.65,204500.0000000019,204499.9793405968,0.00014999991971397566,18825.423634720464,-1.6056446838774718e-08,0.00015,301.124,293.15,317.791,0.0,150000,1,409,40900000,40900000,40900000,0,301124,1,409,40900000,40900000,40900000,0,293150,1,409,40900000,40900000,40900000,0,317791,1,409,40900000,40900000,40900000,0,0,1,409,40900000,40900000,40900000,0,1.0,0.527498,0.65,1.0,0.527498,0.65,1.0,0.527498,0.65,409,41200000,False,1.0,5000.0,300.0,500.0,600000000000.0,100000000000.0,,408
1,dropped_command,thermal_loop,411,controller_tick,41000000,41.0,1,0,41000000,410,41000000,RUNNING,,0,0,62,1,0,reconstructed_from_retained_wire,True,,,317.79114973503215,301.12448410543135,293.14999889661743,0.5274980000000011,0.65,205000.00000000192,204999.97928540743,0.00014999991971397566,18825.423634720464,-1.6082367437775247e-08,0.00015,301.124,293.15,317.791,0.0,150000,1,410,41000000,41000000,41000000,0,301124,1,410,41000000,41000000,41000000,0,293150,1,410,41000000,41000000,41000000,0,317791,1,410,41000000,41000000,41000000,0,0,1,410,41000000,41000000,41000000,0,1.0,0.527498,0.65,1.0,0.527498,0.65,1.0,0.527498,0.65,410,41300000,False,1.0,5000.0,300.0,500.0,600000000000.0,100000000000.0,,409
1,dropped_command,thermal_loop,412,controller_tick,41100000,41.1,1,0,41100000,411,41100000,RUNNING,,0,0,62,1,0,reconstructed_from_retained_wire,True,,,317.79114973814114,301.12448410709527,293.1499988974267,0.5274980000000011,0.65,205500.00000000195,205499.97923025853,0.00014999991971397566,18825.423634720464,-1.633452484384179e-08,0.00015,301.124,293.15,317.791,0.0,150000,1,411,41100000,41100000,41100000,0,301124,1,411,41100000,41100000,41100000,0,293150,1,411,41100000,41100000,41100000,0,317791,1,411,41100000,41100000,41100000,0,0,1,411,41100000,41100000,41100000,0,1.0,0.527498,0.65,1.0,0.527498,0.65,1.0,0.527498,0.65,411,41400000,False,1.0,5000.0,300.0,500.0,600000000000.0,100000000000.0,,410
1,dropped_command,thermal_loop,413,controller_tick,41200000,41.2,1,0,41200000,412,41200000,RUNNING,,0,0,62,1,0,reconstructed_from_retained_wire,True,,,317.7911497412458,301.12448410875794,293.149998898237,0.5274980000000011,0.65,206000.00000000198,205999.9791751501,0.00014999991971397566,18825.423634720464,-1.692819751042407e-08,0.00015,301.124,293.15,317.791,0.0,150000,1,412,41200000,41200000,41200000,0,301124,1,412,41200000,41200000,41200000,0,293150,1,412,41200000,41200000,41200000,0,317791,1,412,41200000,41200000,41200000,0,0,1,412,41200000,41200000,41200000,0,1.0,0.527498,0.65,1.0,0.527498,0.65,1.0,0.527498,0.65,412,41500000,False,1.0,5000.0,300.0,500.0,600000000000.0,100000000000.0,,411
1,dropped_command,thermal_loop,414,controller_tick,41300000,41.3,1,0,41300000,413,41300000,RUNNING,,0,0,62,1,0,reconstructed_from_retained_wire,True,,,317.79114974434617,301.1244841104194,293.14999889904834,0.5274980000000011,0.65,206500.00000000198,206499.97912008225,0.00014999991971397566,18825.423634720464,-1.7271759134018794e-08,0.00015,301.124,293.15,317.791,0.0,150000,1,413,41300000,41300000,41300000,0,301124,1,413,41300000,41300000,41300000,0,293150,1,413,41300000,41300000,41300000,0,317791,1,413,41300000,41300000,41300000,0,0,1,413,41300000,41300000,41300000,0,1.0,0.527498,0.65,1.0,0.527498,0.65,1.0,0.527498,0.65,413,41600000,False,1.0,5000.0,300.0,500.0,600000000000.0,100000000000.0,,412
1,dropped_command,thermal_loop,415,controller_tick,41400000,41.4,1,0,41400000,414,41400000,RUNNING,,0,0,62,1,0,reconstructed_from_retained_wire,True,,,317.7911497474422,301.12448411207976,293.1499988998607,0.5274980000000011,0.65,207000.000000002,206999.97906505497,0.00014999991971397566,18825.423634720464,-1.6948206393863074e-08,0.00015,301.124,293.15,317.791,0.0,150000,1,414,41400000,41400000,41400000,0,301124,1,414,41400000,41400000,41400000,0,293150,1,414,41400000,41400000,41400000,0,317791,1,414,41400000,41400000,41400000,0,0,1,414,41400000,41400000,41400000,0,1.0,0.527498,0.65,1.0,0.527498,0.65,1.0,0.527498,0.65,414,41700000,False,1.0,5000.0,300.0,500.0,600000000000.0,100000000000.0,,413
1,dropped_command,thermal_loop,416,controller_tick,41500000,41.5,1,0,41500000,415,41500000,RUNNING,,0,0,62,1,0,reconstructed_from_retained_wire,True,,,317.79114975053403,301.12448411373884,293.149998900674,0.5274980000000011,0.65,207500.00000000204,207499.97901006835,0.00014999991971397566,18825.423634720464,-1.636749402678106e-08,0.00015,301.124,293.15,317.791,0.0,150000,1,415,41500000,41500000,41500000,0,301124,1,415,41500000,41500000,41500000,0,293150,1,415,41500000,41500000,41500000,0,317791,1,415,41500000,41500000,41500000,0,0,1,415,41500000,41500000,41500000,0,1.0,0.527498,0.65,1.0,0.527498,0.65,1.0,0.527498,0.65,415,41800000,False,1.0,5000.0,300.0,500.0,600000000000.0,100000000000.0,,414
1,dropped_command,thermal_loop,417,controller_tick,41600000,41.6,1,0,41600000,416,41600000,RUNNING,,0,0,62,1,0,reconstructed_from_retained_wire,True,,,317.79114975362154,301.1244841153968,293.14999890148835,0.5274980000000011,0.65,208000.00000000207,207999.9789551224,0.00014999991971397566,18825.423634720464,-1.4974148143664934e-08,0.00015,301.124,293.15,317.791,0.0,150000,1,416,41600000,41600000,41600000,0,301124,1,416,41600000,41600000,41600000,0,293150,1,416,41600000,41600000,41600000,0,317791,1,416,41600000,41600000,41600000,0,0,1,416,41600000,41600000,41600000,0,1.0,0.527498,0.65,1.0,0.527498,0.65,1.0,0.527498,0.65,416,41900000,False,1.0,5000.0,300.0,500.0,600000000000.0,100000000000.0,,415
1,dropped_command,thermal_loop,418,controller_tick,41700000,41.7,1,0,41700000,417,41700000,RUNNING,,0,0,62,1,0,reconstructed_from_retained_wire,True,,,317.7911497567047,301.1244841170535,293.1499989023036,0.5274980000000011,0.65,208500.0000000021,208499.97890021722,0.00014999991971397566,18825.423634720464,-1.5086015991983004e-08,0.00015,301.124,293.15,317.791,0.0,150000,1,417,41700000,41700000,41700000,0,301124,1,417,41700000,41700000,41700000,0,293150,1,417,41700000,41700000,41700000,0,317791,1,417,41700000,41700000,41700000,0,0,1,417,41700000,41700000,41700000,0,1.0,0.527498,0.65,1.0,0.527498,0.65,1.0,0.527498,0.65,417,42000000,False,1.0,5000.0,300.0,500.0,600000000000.0,100000000000.0,,416
1,dropped_command,thermal_loop,419,controller_tick,41800000,41.8,1,0,41800000,418,41800000,RUNNING,,0,0,62,1,0,reconstructed_from_retained_wire,True,,,317.7911497597837,301.124484118709,293.1499989031198,0.5274980000000011,0.65,209000.00000000212,208999.9788453528,0.00014999991971397566,18825.423634720464,-1.4349097909871489e-08,0.00015,301.124,293.15,317.791,0.0,150000,1,418,41800000,41800000,41800000,0,301124,1,418,41800000,41800000,41800000,0,293150,1,418,41800000,41800000,41800000,0,317791,1,418,41800000,41800000,41800000,0,0,1,418,41800000,41800000,41800000,0,1.0,0.527498,0.65,1.0,0.527498,0.65,1.0,0.527498,0.65,418,42100000,False,1.0,5000.0,300.0,500.0,600000000000.0,100000000000.0,,417
1,dropped_command,thermal_loop,420,controller_tick,41900000,41.9,1,0,41900000,419,41900000,RUNNING,,0,0,62,1,0,reconstructed_from_retained_wire,True,,,317.79114976285837,301.1244841203633,293.149998903937,0.5274980000000011,0.65,209500.00000000215,209499.97879052922,0.00014999991971397566,18825.423634720464,-1.3842054613633081e-08,0.00015,301.124,293.15,317.791,0.0,150000,1,419,41900000,41900000,41900000,0,301124,1,419,41900000,41900000,41900000,0,293150,1,419,41900000,41900000,41900000,0,317791,1,419,41900000,41900000,41900000,0,0,1,419,41900000,41900000,41900000,0,1.0,0.527498,0.65,1.0,0.527498,0.65,1.0,0.527498,0.65,419,42200000,False,1.0,5000.0,300.0,500.0,600000000000.0,100000000000.0,,418
1,dropped_command,thermal_loop,421,controller_tick,42000000,42.0,1,0,42000000,420,42000000,RUNNING,,0,0,62,1,0,reconstructed_from_retained_wire,True,,,317.79114976592876,301.12448412201644,293.1499989047551,0.5274980000000011,0.65,210000.00000000215,209999.97873574652,0.00014999991971397566,18825.423634720464,-1.3621956895804033e-08,0.00015,301.124,293.15,317.791,0.0,150000,1,420,42000000,42000000,42000000,0,301124,1,420,42000000,42000000,42000000,0,293150,1,420,42000000,42000000,42000000,0,317791,1,420,42000000,42000000,42000000,0,0,1,420,42000000,42000000,42000000,0,1.0,0.527498,0.65,1.0,0.527498,0.65,1.0,0.527498,0.65,420,42300000,False,1.0,5000.0,300.0,500.0,600000000000.0,100000000000.0,,419
1,dropped_command,thermal_loop,422,controller_tick,42100000,42.1,1,0,42100000,421,42100000,RUNNING,,0,0,62,1,0,reconstructed_from_retained_wire,True,,,317.7911497689949,301.12448412366837,293.149998905574,0.5274980000000011,0.65,210500.00000000215,210499.97868100475,0.00014999991971397566,18825.423634720464,-1.4401621228898875e-08,0.00015,301.124,293.15,317.791,0.0,150000,1,421,42100000,42100000,42100000,0,301124,1,421,42100000,42100000,42100000,0,293150,1,421,42100000,42100000,42100000,0,317791,1,421,42100000,42100000,42100000,0,0,1,421,42100000,42100000,42100000,0,1.0,0.527498,0.65,1.0,0.527498,0.65,1.0,0.527498,0.65,421,42400000,False,1.0,5000.0,300.0,500.0,600000000000.0,100000000000.0,,420
1,dropped_command,thermal_loop,423,controller_tick,42200000,42.2,1,0,42200000,422,42200000,RUNNING,,0,0,62,1,0,reconstructed_from_retained_wire,True,,,317.79114977205677,301.12448412531916,293.14999890639393,0.5274980000000011,0.65,211000.00000000218,210999.97862630393,0.00014999991971397566,18825.423634720464,-1.428020368621219e-08,0.00015,301.124,293.15,317.791,0.0,150000,1,422,42200000,42200000,42200000,0,301124,1,422,42200000,42200000,42200000,0,293150,1,422,42200000,42200000,42200000,0,317791,1,422,42200000,42200000,42200000,0,0,1,422,42200000,42200000,42200000,0,1.0,0.527498,0.65,1.0,0.527498,0.65,1.0,0.527498,0.65,422,42500000,False,1.0,5000.0,300.0,500.0,600000000000.0,100000000000.0,,421
1,dropped_command,thermal_loop,424,controller_tick,42300000,42.3,1,0,42300000,423,42300000,RUNNING,,0,0,62,1,0,reconstructed_from_retained_wire,True,,,317.7911497751145,301.12448412696875,293.14999890721464,0.5274980000000011,0.65,211500.0000000022,211499.97857164417,0.00014999991971397566,18825.423634720464,-1.4588977137464099e-08,0.00015,301.124,293.15,317.791,0.0,150000,1,423,42300000,42300000,42300000,0,301124,1,423,42300000,42300000,42300000,0,293150,1,423,42300000,42300000,42300000,0,317791,1,423,42300000,42300000,42300000,0,0,1,423,42300000,42300000,42300000,0,1.0,0.527498,0.65,1.0,0.527498,0.65,1.0,0.527498,0.65,423,42600000,False,1.0,5000.0,300.0,500.0,600000000000.0,100000000000.0,,422
1,dropped_command,thermal_loop,425,controller_tick,42400000,42.4,1,0,42400000,424,42400000,RUNNING,,0,0,62,1,0,reconstructed_from_retained_wire,True,,,317.79114977816795,301.12448412861727,293.14999890803625,0.5274980000000011,0.65,212000.00000000224,211999.97851702545,0.00014999991971397566,18825.423634720464,-1.4117858881945722e-08,0.00015,301.124,293.15,317.791,0.0,150000,1,424,42400000,42400000,42400000,0,301124,1,424,42400000,42400000,42400000,0,293150,1,424,42400000,42400000,42400000,0,317791,1,424,42400000,42400000,42400000,0,0,1,424,42400000,42400000,42400000,0,1.0,0.527498,0.65,1.0,0.527498,0.65,1.0,0.527498,0.65,424,42700000,False,1.0,5000.0,300.0,500.0,600000000000.0,100000000000.0,,423
1,dropped_command,thermal_loop,426,controller_tick,42500000,42.5,1,0,42500000,425,42500000,RUNNING,,0,0,62,1,0,reconstructed_from_retained_wire,True,,,317.7911497812172,301.1244841302646,293.14999890885866,0.5274980000000011,0.65,212500.00000000227,212499.97846244785,0.00014999991971397566,18825.423634720464,-1.4587158148060553e-08,0.00015,301.124,293.15,317.791,0.0,150000,1,425,42500000,42500000,42500000,0,301124,1,425,42500000,42500000,42500000,0,293150,1,425,42500000,42500000,42500000,0,317791,1,425,42500000,42500000,42500000,0,0,1,425,42500000,42500000,42500000,0,1.0,0.527498,0.65,1.0,0.527498,0.65,1.0,0.527498,0.65,425,42800000,False,1.0,5000.0,300.0,500.0,600000000000.0,100000000000.0,,424
1,dropped_command,thermal_loop,427,controller_tick,42600000,42.6,1,0,42600000,426,42600000,RUNNING,,0,0,62,1,0,reconstructed_from_retained_wire,True,,,317.79114978426225,301.1244841319107,293.1499989096819,0.5274980000000011,0.65,213000.0000000023,212999.97840791137,0.00014999991971397566,18825.423634720464,-1.528405846329406e-08,0.00015,301.124,293.15,317.791,0.0,150000,1,426,42600000,42600000,42600000,0,301124,1,426,42600000,42600000,42600000,0,293150,1,426,42600000,42600000,42600000,0,317791,1,426,42600000,42600000,42600000,0,0,1,426,42600000,42600000,42600000,0,1.0,0.527498,0.65,1.0,0.527498,0.65,1.0,0.527498,0.65,426,42900000,False,1.0,5000.0,300.0,500.0,600000000000.0,100000000000.0,,425
1,dropped_command,thermal_loop,428,controller_tick,42700000,42.7,1,0,42700000,427,42700000,RUNNING,,0,0,62,1,0,reconstructed_from_retained_wire,True,,,317.7911497873031,301.1244841335557,293.1499989105061,0.5274980000000011,0.65,213500.0000000023,213499.97835341608,0.00014999991971397566,18825.423634720464,-1.4933220882085152e-08,0.00015,301.124,293.15,317.791,0.0,150000,1,427,42700000,42700000,42700000,0,301124,1,427,42700000,42700000,42700000,0,293150,1,427,42700000,42700000,42700000,0,317791,1,427,42700000,42700000,42700000,0,0,1,427,42700000,42700000,42700000,0,1.0,0.527498,0.65,1.0,0.527498,0.65,1.0,0.527498,0.65,427,43000000,False,1.0,5000.0,300.0,500.0,600000000000.0,100000000000.0,,426
1,dropped_command,thermal_loop,429,controller_tick,42800000,42.8,1,0,42800000,428,42800000,RUNNING,,0,0,62,1,0,reconstructed_from_retained_wire,True,,,317.7911497903398,301.12448413519957,293.14999891133107,0.5274980000000011,0.65,214000.0000000023,213999.97829896203,0.00014999991971397566,18825.423634720464,-1.4362740330398083e-08,0.00015,301.124,293.15,317.791,0.0,150000,1,428,42800000,42800000,42800000,0,301124,1,428,42800000,42800000,42800000,0,293150,1,428,42800000,42800000,42800000,0,317791,1,428,42800000,42800000,42800000,0,0,1,428,42800000,42800000,42800000,0,1.0,0.527498,0.65,1.0,0.527498,0.65,1.0,0.527498,0.65,428,43100000,False,1.0,5000.0,300.0,500.0,600000000000.0,100000000000.0,,427
1,dropped_command,thermal_loop,430,controller_tick,42900000,42.9,1,0,42900000,429,42900000,RUNNING,,0,0,62,1,0,reconstructed_from_retained_wire,True,,,317.7911497933722,301.1244841368423,293.14999891215683,0.5274980000000011,0.65,214500.00000000233,214499.97824454922,0.00014999991971397566,18825.423634720464,-1.4738589015905745e-08,0.00015,301.124,293.15,317.791,0.0,150000,1,429,42900000,42900000,42900000,0,301124,1,429,42900000,42900000,42900000,0,293150,1,429,42900000,42900000,42900000,0,317791,1,429,42900000,42900000,42900000,0,0,1,429,42900000,42900000,42900000,0,1.0,0.527498,0.65,1.0,0.527498,0.65,1.0,0.527498,0.65,429,43200000,False,1.0,5000.0,300.0,500.0,600000000000.0,100000000000.0,,428
1,dropped_command,thermal_loop,431,controller_tick,43000000,43.0,1,0,43000000,430,43000000,RUNNING,,0,0,62,1,0,reconstructed_from_retained_wire,True,,,317.79114979640053,301.12448413848387,293.14999891298334,0.5274980000000011,0.65,215000.00000000236,214999.9781901777,0.00014999991971397566,18825.423634720464,-1.498096935392823e-08,0.00015,301.124,293.15,317.791,0.0,150000,1,430,43000000,43000000,43000000,0,301124,1,430,43000000,43000000,43000000,0,293150,1,430,43000000,43000000,43000000,0,317791,1,430,43000000,43000000,43000000,0,0,1,430,43000000,43000000,43000000,0,1.0,0.527498,0.65,1.0,0.527498,0.65,1.0,0.527498,0.65,430,43300000,False,1.0,5000.0,300.0,500.0,600000000000.0,100000000000.0,,429
1,dropped_command,thermal_loop,432,controller_tick,43100000,43.1,1,0,43100000,431,43100000,RUNNING,,0,0,62,1,0,reconstructed_from_retained_wire,True,,,317.7911497994247,301.1244841401243,293.14999891381063,0.5274980000000011,0.65,215500.0000000024,215499.97813584757,0.00014999991971397566,18825.423634720464,-1.4858187569188885e-08,0.00015,301.124,293.15,317.791,0.0,150000,1,431,43100000,43100000,43100000,0,301124,1,431,43100000,43100000,43100000,0,293150,1,431,43100000,43100000,43100000,0,317791,1,431,43100000,43100000,43100000,0,0,1,431,43100000,43100000,43100000,0,1.0,0.527498,0.65,1.0,0.527498,0.65,1.0,0.527498,0.65,431,43400000,False,1.0,5000.0,300.0,500.0,600000000000.0,100000000000.0,,430
1,dropped_command,thermal_loop,433,controller_tick,43200000,43.2,1,0,43200000,432,43200000,RUNNING,,0,0,62,1,0,reconstructed_from_retained_wire,True,,,317.79114980244475,301.1244841417636,293.14999891463873,0.5274980000000011,0.65,216000.00000000242,215999.9780815588,0.00014999991971397566,18825.423634720464,-1.4399347492144443e-08,0.00015,301.124,293.15,317.791,0.0,150000,1,432,43200000,43200000,43200000,0,301124,1,432,43200000,43200000,43200000,0,293150,1,432,43200000,43200000,43200000,0,317791,1,432,43200000,43200000,43200000,0,0,1,432,43200000,43200000,43200000,0,1.0,0.527498,0.65,1.0,0.527498,0.65,1.0,0.527498,0.65,432,43500000,False,1.0,5000.0,300.0,500.0,600000000000.0,100000000000.0,,431
1,dropped_command,thermal_loop,434,controller_tick,43300000,43.3,1,0,43300000,433,43300000,RUNNING,,0,0,62,1,0,reconstructed_from_retained_wire,True,,,317.79114980546063,301.1244841434018,293.14999891546756,0.5274980000000011,0.65,216500.00000000244,216499.97802731144,0.00014999991971397566,18825.423634720464,-1.4259057934395969e-08,0.00015,301.124,293.15,317.791,0.0,150000,1,433,43300000,43300000,43300000,0,301124,1,433,43300000,43300000,43300000,0,293150,1,433,43300000,43300000,43300000,0,317791,1,433,43300000,43300000,43300000,0,0,1,433,43300000,43300000,43300000,0,1.0,0.527498,0.65,1.0,0.527498,0.65,1.0,0.527498,0.65,433,43600000,False,1.0,5000.0,300.0,500.0,600000000000.0,100000000000.0,,432
1,dropped_command,thermal_loop,435,controller_tick,43400000,43.4,1,0,43400000,434,43400000,RUNNING,,0,0,62,1,0,reconstructed_from_retained_wire,True,,,317.79114980847237,301.1244841450388,293.14999891629714,0.5274980000000011,0.65,217000.00000000247,216999.97797310556,0.00014999991971397566,18825.423634720464,-1.4379111235029995e-08,0.00015,301.124,293.15,317.791,0.0,150000,1,434,43400000,43400000,43400000,0,301124,1,434,43400000,43400000,43400000,0,293150,1,434,43400000,43400000,43400000,0,317791,1,434,43400000,43400000,43400000,0,0,1,434,43400000,43400000,43400000,0,1.0,0.527498,0.65,1.0,0.527498,0.65,1.0,0.527498,0.65,434,43700000,False,1.0,5000.0,300.0,500.0,600000000000.0,100000000000.0,,433
1,dropped_command,thermal_loop,436,controller_tick,43500000,43.5,1,0,43500000,435,43500000,RUNNING,,0,0,62,1,0,reconstructed_from_retained_wire,True,,,317.79114981148,301.1244841466748,293.14999891712745,0.5274980000000011,0.65,217500.0000000025,217499.97791894118,0.00014999991971397566,18825.423634720464,-1.3686758393305354e-08,0.00015,301.124,293.15,317.791,0.0,150000,1,435,43500000,43500000,43500000,0,301124,1,435,43500000,43500000,43500000,0,293150,1,435,43500000,43500000,43500000,0,317791,1,435,43500000,43500000,43500000,0,0,1,435,43500000,43500000,43500000,0,1.0,0.527498,0.65,1.0,0.527498,0.65,1.0,0.527498,0.65,435,43800000,False,1.0,5000.0,300.0,500.0,600000000000.0,100000000000.0,,434
1,dropped_command,thermal_loop,437,controller_tick,43600000,43.6,1,0,43600000,436,43600000,RUNNING,,0,0,62,1,0,reconstructed_from_retained_wire,True,,,317.79114981448356,301.12448414830965,293.14999891795844,0.5274980000000011,0.65,218000.00000000253,217999.97786481833,0.00014999991971397566,18825.423634720464,-1.2865712051279843e-08,0.00015,301.124,293.15,317.791,0.0,150000,1,436,43600000,43600000,43600000,0,301124,1,436,43600000,43600000,43600000,0,293150,1,436,43600000,43600000,43600000,0,317791,1,436,43600000,43600000,43600000,0,0,1,436,43600000,43600000,43600000,0,1.0,0.527498,0.65,1.0,0.527498,0.65,1.0,0.527498,0.65,436,43900000,False,1.0,5000.0,300.0,500.0,600000000000.0,100000000000.0,,435
1,dropped_command,thermal_loop,438,controller_tick,43700000,43.7,1,0,43700000,437,43700000,RUNNING,,0,0,62,1,0,reconstructed_from_retained_wire,True,,,317.79114981748296,301.1244841499433,293.14999891879006,0.5274980000000011,0.65,218500.00000000256,218499.97781073707,0.00014999991971397566,18825.423634720464,-1.4089437172515318e-08,0.00015,301.124,293.15,317.791,0.0,150000,1,437,43700000,43700000,43700000,0,301124,1,437,43700000,43700000,43700000,0,293150,1,437,43700000,43700000,43700000,0,317791,1,437,43700000,43700000,43700000,0,0,1,437,43700000,43700000,43700000,0,1.0,0.527498,0.65,1.0,0.527498,0.65,1.0,0.527498,0.65,437,44000000,False,1.0,5000.0,300.0,500.0,600000000000.0,100000000000.0,,436
1,dropped_command,thermal_loop,439,controller_tick,43800000,43.8,1,0,43800000,438,43800000,RUNNING,,0,0,62,1,0,reconstructed_from_retained_wire,True,,,317.79114982047827,301.1244841515759,293.14999891962236,0.5274980000000011,0.65,219000.00000000256,218999.97775669736,0.00014999991971397566,18825.423634720464,-1.5126261132536456e-08,0.00015,301.124,293.15,317.791,0.0,150000,1,438,43800000,43800000,43800000,0,301124,1,438,43800000,43800000,43800000,0,293150,1,438,43800000,43800000,43800000,0,317791,1,438,43800000,43800000,43800000,0,0,1,438,43800000,43800000,43800000,0,1.0,0.527498,0.65,1.0,0.527498,0.65,1.0,0.527498,0.65,438,44100000,False,1.0,5000.0,300.0,500.0,600000000000.0,100000000000.0,,437
1,dropped_command,thermal_loop,440,controller_tick,43900000,43.9,1,0,43900000,439,43900000,RUNNING,,0,0,62,1,0,reconstructed_from_retained_wire,True,,,317.79114982346954,301.1244841532074,293.1499989204554,0.5274980000000011,0.65,219500.0000000026,219499.9777026993,0.00014999991971397566,18825.423634720464,-1.5141040421440266e-08,0.00015,301.124,293.15,317.791,0.0,150000,1,439,43900000,43900000,43900000,0,301124,1,439,43900000,43900000,43900000,0,293150,1,439,43900000,43900000,43900000,0,317791,1,439,43900000,43900000,43900000,0,0,1,439,43900000,43900000,43900000,0,1.0,0.527498,0.65,1.0,0.527498,0.65,1.0,0.527498,0.65,439,44200000,False,1.0,5000.0,300.0,500.0,600000000000.0,100000000000.0,,438
1,dropped_command,thermal_loop,441,controller_tick,44000000,44.0,1,0,44000000,440,44000000,RUNNING,,0,0,62,1,0,reconstructed_from_retained_wire,True,,,317.7911498264567,301.1244841548378,293.1499989212891,0.5274980000000011,0.65,220000.00000000262,219999.97764874293,0.00014999991971397566,18825.423634720464,-1.4881607057759538e-08,0.00015,301.124,293.15,317.791,0.0,150000,1,440,44000000,44000000,44000000,0,301124,1,440,44000000,44000000,44000000,0,293150,1,440,44000000,44000000,44000000,0,317791,1,440,44000000,44000000,44000000,0,0,1,440,44000000,44000000,44000000,0,1.0,0.527498,0.65,1.0,0.527498,0.65,1.0,0.527498,0.65,440,44300000,False,1.0,5000.0,300.0,500.0,600000000000.0,100000000000.0,,439
1,dropped_command,thermal_loop,442,controller_tick,44100000,44.1,1,0,44100000,441,44100000,RUNNING,,0,0,62,1,0,reconstructed_from_retained_wire,True,,,317.7911498294398,301.124484156467,293.14999892212353,0.5274980000000011,0.65,220500.00000000265,220499.9775948283,0.00014999991971397566,18825.423634720464,-1.476496436225716e-08,0.00015,301.124,293.15,317.791,0.0,150000,1,441,44100000,44100000,44100000,0,301124,1,441,44100000,44100000,44100000,0,293150,1,441,44100000,44100000,44100000,0,317791,1,441,44100000,44100000,44100000,0,0,1,441,44100000,44100000,44100000,0,1.0,0.527498,0.65,1.0,0.527498,0.65,1.0,0.527498,0.65,441,44400000,False,1.0,5000.0,300.0,500.0,600000000000.0,100000000000.0,,440
1,dropped_command,thermal_loop,443,controller_tick,44200000,44.2,1,0,44200000,442,44200000,RUNNING,,0,0,62,1,0,reconstructed_from_retained_wire,True,,,317.79114983241885,301.1244841580952,293.1499989229586,0.5274980000000011,0.65,221000.00000000268,220999.97754095535,0.00014999991971397566,18825.423634720464,-1.377657099510543e-08,0.00015,301.124,293.15,317.791,0.0,150000,1,442,44200000,44200000,44200000,0,301124,1,442,44200000,44200000,44200000,0,293150,1,442,44200000,44200000,44200000,0,317791,1,442,44200000,44200000,44200000,0,0,1,442,44200000,44200000,44200000,0,1.0,0.527498,0.65,1.0,0.527498,0.65,1.0,0.527498,0.65,442,44500000,False,1.0,5000.0,300.0,500.0,600000000000.0,100000000000.0,,441
1,dropped_command,thermal_loop,444,controller_tick,44300000,44.3,1,0,44300000,443,44300000,RUNNING,,0,0,62,1,0,reconstructed_from_retained_wire,True,,,317.79114983539387,301.12448415972233,293.1499989237942,0.5274980000000011,0.65,221500.0000000027,221499.97748712418,0.00014999991971397566,18825.423634720464,-1.3521457731258124e-08,0.00015,301.124,293.15,317.791,0.0,150000,1,443,44300000,44300000,44300000,0,301124,1,443,44300000,44300000,44300000,0,293150,1,443,44300000,44300000,44300000,0,317791,1,443,44300000,44300000,44300000,0,0,1,443,44300000,44300000,44300000,0,1.0,0.527498,0.65,1.0,0.527498,0.65,1.0,0.527498,0.65,443,44600000,False,1.0,5000.0,300.0,500.0,600000000000.0,100000000000.0,,442
1,dropped_command,thermal_loop,445,controller_tick,44400000,44.4,1,0,44400000,444,44400000,RUNNING,,0,0,62,1,0,reconstructed_from_retained_wire,True,,,317.79114983836484,301.1244841613483,293.1499989246305,0.5274980000000011,0.65,222000.00000000274,221999.9774333348,0.00014999991971397566,18825.423634720464,-1.3257704267743975e-08,0.00015,301.124,293.15,317.791,0.0,150000,1,444,44400000,44400000,44400000,0,301124,1,444,44400000,44400000,44400000,0,293150,1,444,44400000,44400000,44400000,0,317791,1,444,44400000,44400000,44400000,0,0,1,444,44400000,44400000,44400000,0,1.0,0.527498,0.65,1.0,0.527498,0.65,1.0,0.527498,0.65,444,44700000,False,1.0,5000.0,300.0,500.0,600000000000.0,100000000000.0,,443
1,dropped_command,thermal_loop,446,controller_tick,44500000,44.5,1,0,44500000,445,44500000,RUNNING,,0,0,62,1,0,reconstructed_from_retained_wire,True,,,317.7911498413318,301.12448416297315,293.1499989254674,0.5274980000000011,0.65,222500.00000000276,222499.97737958728,0.00014999991971397566,18825.423634720464,-1.2689497452811338e-08,0.00015,301.124,293.15,317.791,0.0,150000,1,445,44500000,44500000,44500000,0,301124,1,445,44500000,44500000,44500000,0,293150,1,445,44500000,44500000,44500000,0,317791,1,445,44500000,44500000,44500000,0,0,1,445,44500000,44500000,44500000,0,1.0,0.527498,0.65,1.0,0.527498,0.65,1.0,0.527498,0.65,445,44800000,False,1.0,5000.0,300.0,500.0,600000000000.0,100000000000.0,,444
1,dropped_command,thermal_loop,447,controller_tick,44600000,44.6,1,0,44600000,446,44600000,RUNNING,,0,0,62,1,0,reconstructed_from_retained_wire,True,,,317.7911498442947,301.12448416459694,293.1499989263048,0.5274980000000011,0.65,223000.00000000276,222999.9773258816,0.00014999991971397566,18825.423634720464,-1.3213366401032545e-08,0.00015,301.124,293.15,317.791,0.0,150000,1,446,44600000,44600000,44600000,0,301124,1,446,44600000,44600000,44600000,0,293150,1,446,44600000,44600000,44600000,0,317791,1,446,44600000,44600000,44600000,0,0,1,446,44600000,44600000,44600000,0,1.0,0.527498,0.65,1.0,0.527498,0.65,1.0,0.527498,0.65,446,44900000,False,1.0,5000.0,300.0,500.0,600000000000.0,100000000000.0,,445
1,dropped_command,thermal_loop,448,controller_tick,44700000,44.7,1,0,44700000,447,44700000,RUNNING,,0,0,62,1,0,reconstructed_from_retained_wire,True,,,317.79114984725356,301.12448416621964,293.14999892714286,0.5274980000000011,0.65,223500.0000000028,223499.9772722178,0.00014999991971397566,18825.423634720464,-1.3432781997835264e-08,0.00015,301.124,293.15,317.791,0.0,150000,1,447,44700000,44700000,44700000,0,301124,1,447,44700000,44700000,44700000,0,293150,1,447,44700000,44700000,44700000,0,317791,1,447,44700000,44700000,44700000,0,0,1,447,44700000,44700000,44700000,0,1.0,0.527498,0.65,1.0,0.527498,0.65,1.0,0.527498,0.65,447,45000000,False,1.0,5000.0,300.0,500.0,600000000000.0,100000000000.0,,446
1,dropped_command,thermal_loop,449,controller_tick,44800000,44.8,1,0,44800000,448,44800000,RUNNING,,0,0,62,1,0,reconstructed_from_retained_wire,True,,,317.79114985020846,301.1244841678412,293.14999892798147,0.5274980000000011,0.65,224000.00000000282,223999.97721859592,0.00014999991971397566,18825.423634720464,-1.3909129847888835e-08,0.00015,301.124,293.15,317.791,0.0,150000,1,448,44800000,44800000,44800000,0,301124,1,448,44800000,44800000,44800000,0,293150,1,448,44800000,44800000,44800000,0,317791,1,448,44800000,44800000,44800000,0,0,1,448,44800000,44800000,44800000,0,1.0,0.527498,0.65,1.0,0.527498,0.65,1.0,0.527498,0.65,448,45100000,False,1.0,5000.0,300.0,500.0,600000000000.0,100000000000.0,,447
1,dropped_command,thermal_loop,450,controller_tick,44900000,44.9,1,0,44900000,449,44900000,RUNNING,,0,0,62,1,0,reconstructed_from_retained_wire,True,,,317.79114985315937,301.12448416946177,293.14999892882065,0.5274980000000011,0.65,224500.00000000285,224499.977165016,0.00014999991971397566,18825.423634720464,-1.363378032692708e-08,0.00015,301.124,293.15,317.791,0.0,150000,1,449,44900000,44900000,44900000,0,301124,1,449,44900000,44900000,44900000,0,293150,1,449,44900000,44900000,44900000,0,317791,1,449,44900000,44900000,44900000,0,0,1,449,44900000,44900000,44900000,0,1.0,0.527498,0.65,1.0,0.527498,0.65,1.0,0.527498,0.65,449,45200000,False,1.0,5000.0,300.0,500.0,600000000000.0,100000000000.0,,448
1,dropped_command,thermal_loop,451,controller_tick,45000000,45.0,1,0,45000000,450,45000000,RUNNING,,0,0,62,1,0,reconstructed_from_retained_wire,True,,,317.7911498561063,301.1244841710812,293.1499989296604,0.5274980000000011,0.65,225000.00000000288,224999.97711147802,0.00014999991971397566,18825.423634720464,-1.3586259228759445e-08,0.00015,301.124,293.15,317.791,0.0,150000,1,450,45000000,45000000,45000000,0,301124,1,450,45000000,45000000,45000000,0,293150,1,450,45000000,45000000,45000000,0,317791,1,450,45000000,45000000,45000000,0,0,1,450,45000000,45000000,45000000,0,1.0,0.527498,0.65,1.0,0.527498,0.65,1.0,0.527498,0.65,450,45300000,False,1.0,5000.0,300.0,500.0,600000000000.0,100000000000.0,,449
1,dropped_command,thermal_loop,452,controller_tick,45100000,45.1,1,0,45100000,451,45100000,RUNNING,,0,0,62,1,0,reconstructed_from_retained_wire,True,,,317.79114985904926,301.12448417269957,293.14999893050066,0.5274980000000011,0.65,225500.0000000029,225499.97705798206,0.00014999991971397566,18825.423634720464,-1.344164957117755e-08,0.00015,301.124,293.15,317.791,0.0,150000,1,451,45100000,45100000,45100000,0,301124,1,451,45100000,45100000,45100000,0,293150,1,451,45100000,45100000,45100000,0,317791,1,451,45100000,45100000,45100000,0,0,1,451,45100000,45100000,45100000,0,1.0,0.527498,0.65,1.0,0.527498,0.65,1.0,0.527498,0.65,451,45400000,False,1.0,5000.0,300.0,500.0,600000000000.0,100000000000.0,,450
1,dropped_command,thermal_loop,453,controller_tick,45200000,45.2,1,0,45200000,452,45200000,RUNNING,,0,0,62,1,0,reconstructed_from_retained_wire,True,,,317.7911498619883,301.12448417431676,293.1499989313415,0.5274980000000011,0.65,226000.0000000029,225999.9770045281,0.00014999991971397566,18825.423634720464,-1.3344333638087846e-08,0.00015,301.124,293.15,317.791,0.0,150000,1,452,45200000,45200000,45200000,0,301124,1,452,45200000,45200000,45200000,0,293150,1,452,45200000,45200000,45200000,0,317791,1,452,45200000,45200000,45200000,0,0,1,452,45200000,45200000,45200000,0,1.0,0.527498,0.65,1.0,0.527498,0.65,1.0,0.527498,0.65,452,45500000,False,1.0,5000.0,300.0,500.0,600000000000.0,100000000000.0,,451
1,dropped_command,thermal_loop,454,controller_tick,45300000,45.3,1,0,45300000,453,45300000,RUNNING,,0,0,62,1,0,reconstructed_from_retained_wire,True,,,317.79114986492334,301.12448417593293,293.1499989321828,0.5274980000000011,0.65,226500.00000000294,226499.97695111623,0.00014999991971397566,18825.423634720464,-1.312082531512715e-08,0.00015,301.124,293.15,317.791,0.0,150000,1,453,45300000,45300000,45300000,0,301124,1,453,45300000,45300000,45300000,0,293150,1,453,45300000,45300000,45300000,0,317791,1,453,45300000,45300000,45300000,0,0,1,453,45300000,45300000,45300000,0,1.0,0.527498,0.65,1.0,0.527498,0.65,1.0,0.527498,0.65,453,45600000,False,1.0,5000.0,300.0,500.0,600000000000.0,100000000000.0,,452
1,dropped_command,thermal_loop,455,controller_tick,45400000,45.4,1,0,45400000,454,45400000,RUNNING,,0,0,62,1,0,reconstructed_from_retained_wire,True,,,317.7911498678544,301.12448417754797,293.14999893302473,0.5274980000000011,0.65,227000.00000000297,226999.97689774644,0.00014999991971397566,18825.423634720464,-1.2979626262676902e-08,0.00015,301.124,293.15,317.791,0.0,150000,1,454,45400000,45400000,45400000,0,301124,1,454,45400000,45400000,45400000,0,293150,1,454,45400000,45400000,45400000,0,317791,1,454,45400000,45400000,45400000,0,0,1,454,45400000,45400000,45400000,0,1.0,0.527498,0.65,1.0,0.527498,0.65,1.0,0.527498,0.65,454,45700000,False,1.0,5000.0,300.0,500.0,600000000000.0,100000000000.0,,453
1,dropped_command,thermal_loop,456,controller_tick,45500000,45.5,1,0,45500000,455,45500000,RUNNING,,0,0,62,1,0,reconstructed_from_retained_wire,True,,,317.7911498707815,301.124484179162,293.1499989338671,0.5274980000000011,0.65,227500.000000003,227499.9768444187,0.00014999991971397566,18825.423634720464,-1.3425051292870194e-08,0.00015,301.124,293.15,317.791,0.0,150000,1,455,45500000,45500000,45500000,0,301124,1,455,45500000,45500000,45500000,0,293150,1,455,45500000,45500000,45500000,0,317791,1,455,45500000,45500000,45500000,0,0,1,455,45500000,45500000,45500000,0,1.0,0.527498,0.65,1.0,0.527498,0.65,1.0,0.527498,0.65,455,45800000,False,1.0,5000.0,300.0,500.0,600000000000.0,100000000000.0,,454
1,dropped_command,thermal_loop,457,controller_tick,45600000,45.6,1,0,45600000,456,45600000,RUNNING,,0,0,62,1,0,reconstructed_from_retained_wire,True,,,317.79114987370474,301.1244841807749,293.14999893470997,0.5274980000000011,0.65,228000.00000000303,227999.97679113311,0.00014999991971397566,18825.423634720464,-1.2995315046282485e-08,0.00015,301.124,293.15,317.791,0.0,150000,1,456,45600000,45600000,45600000,0,301124,1,456,45600000,45600000,45600000,0,293150,1,456,45600000,45600000,45600000,0,317791,1,456,45600000,45600000,45600000,0,0,1,456,45600000,45600000,45600000,0,1.0,0.527498,0.65,1.0,0.527498,0.65,1.0,0.527498,0.65,456,45900000,False,1.0,5000.0,300.0,500.0,600000000000.0,100000000000.0,,455
1,dropped_command,thermal_loop,458,controller_tick,45700000,45.7,1,0,45700000,457,45700000,RUNNING,,0,0,62,1,0,reconstructed_from_retained_wire,True,,,317.791149876624,301.12448418238677,293.1499989355533,0.5274980000000011,0.65,228500.00000000306,228499.9767378897,0.00014999991971397566,18825.423634720464,-1.3510998542187735e-08,0.00015,301.124,293.15,317.791,0.0,150000,1,457,45700000,45700000,45700000,0,301124,1,457,45700000,45700000,45700000,0,293150,1,457,45700000,45700000,45700000,0,317791,1,457,45700000,45700000,45700000,0,0,1,457,45700000,45700000,45700000,0,1.0,0.527498,0.65,1.0,0.527498,0.65,1.0,0.527498,0.65,457,46000000,False,1.0,5000.0,300.0,500.0,600000000000.0,100000000000.0,,456
1,dropped_command,thermal_loop,459,controller_tick,45800000,45.8,1,0,45800000,458,45800000,RUNNING,,0,0,62,1,0,reconstructed_from_retained_wire,True,,,317.7911498795394,301.12448418399765,293.14999893639714,0.5274980000000011,0.65,229000.00000000306,228999.97668468847,0.00014999991971397566,18825.423634720464,-1.2113787306589074e-08,0.00015,301.124,293.15,317.791,0.0,150000,1,458,45800000,45800000,45800000,0,301124,1,458,45800000,45800000,45800000,0,293150,1,458,45800000,45800000,45800000,0,317791,1,458,45800000,45800000,45800000,0,0,1,458,45800000,45800000,45800000,0,1.0,0.527498,0.65,1.0,0.527498,0.65,1.0,0.527498,0.65,458,46100000,False,1.0,5000.0,300.0,500.0,600000000000.0,100000000000.0,,457
1,dropped_command,thermal_loop,460,controller_tick,45900000,45.9,1,0,45900000,459,45900000,RUNNING,,0,0,62,1,0,reconstructed_from_retained_wire,True,,,317.7911498824508,301.1244841856074,293.14999893724143,0.5274980000000011,0.65,229500.00000000309,229499.97663152945,0.00014999991971397566,18825.423634720464,-1.2137206795159727e-08,0.00015,301.124,293.15,317.791,0.0,150000,1,459,45900000,45900000,45900000,0,301124,1,459,45900000,45900000,45900000,0,293150,1,459,45900000,45900000,45900000,0,317791,1,459,45900000,45900000,45900000,0,0,1,459,45900000,45900000,45900000,0,1.0,0.527498,0.65,1.0,0.527498,0.65,1.0,0.527498,0.65,459,46200000,False,1.0,5000.0,300.0,500.0,600000000000.0,100000000000.0,,458
1,dropped_command,thermal_loop,461,controller_tick,46000000,46.0,1,0,46000000,460,46000000,RUNNING,,0,0,62,1,0,reconstructed_from_retained_wire,True,,,317.7911498853583,301.1244841872161,293.1499989380862,0.5274980000000011,0.65,230000.0000000031,229999.97657841264,0.00014999991971397566,18825.423634720464,-1.146486283687409e-08,0.00015,301.124,293.15,317.791,0.0,150000,1,460,46000000,46000000,46000000,0,301124,1,460,46000000,46000000,46000000,0,293150,1,460,46000000,46000000,46000000,0,317791,1,460,46000000,46000000,46000000,0,0,1,460,46000000,46000000,46000000,0,1.0,0.527498,0.65,1.0,0.527498,0.65,1.0,0.527498,0.65,460,46300000,False,1.0,5000.0,300.0,500.0,600000000000.0,100000000000.0,,459
1,dropped_command,thermal_loop,462,controller_tick,46100000,46.1,1,0,46100000,461,46100000,RUNNING,,0,0,62,1,0,reconstructed_from_retained_wire,True,,,317.79114988826194,301.1244841888237,293.1499989389314,0.5274980000000011,0.65,230500.00000000314,230499.97652533805,0.00014999991971397566,18825.423634720464,-1.158650775323622e-08,0.00015,301.124,293.15,317.791,0.0,150000,1,461,46100000,46100000,46100000,0,301124,1,461,46100000,46100000,46100000,0,293150,1,461,46100000,46100000,46100000,0,317791,1,461,46100000,46100000,46100000,0,0,1,461,46100000,46100000,46100000,0,1.0,0.527498,0.65,1.0,0.527498,0.65,1.0,0.527498,0.65,461,46400000,False,1.0,5000.0,300.0,500.0,600000000000.0,100000000000.0,,460
1,dropped_command,thermal_loop,463,controller_tick,46200000,46.2,1,0,46200000,462,46200000,RUNNING,,0,0,62,1,0,reconstructed_from_retained_wire,True,,,317.7911498911617,301.1244841904303,293.149998939777,0.5274980000000011,0.65,231000.00000000317,230999.97647230577,0.00014999991971397566,18825.423634720464,-1.1608790373429656e-08,0.00015,301.124,293.15,317.791,0.0,150000,1,462,46200000,46200000,46200000,0,301124,1,462,46200000,46200000,46200000,0,293150,1,462,46200000,46200000,46200000,0,317791,1,462,46200000,46200000,46200000,0,0,1,462,46200000,46200000,46200000,0,1.0,0.527498,0.65,1.0,0.527498,0.65,1.0,0.527498,0.65,462,46500000,False,1.0,5000.0,300.0,500.0,600000000000.0,100000000000.0,,461
1,dropped_command,thermal_loop,464,controller_tick,46300000,46.3,1,0,46300000,463,46300000,RUNNING,,0,0,62,1,0,reconstructed_from_retained_wire,True,,,317.7911498940576,301.12448419203577,293.1499989406231,0.5274980000000011,0.65,231500.0000000032,231499.9764193158,0.00014999991971397566,18825.423634720464,-1.0610392564558424e-08,0.00015,301.124,293.15,317.791,0.0,150000,1,463,46300000,46300000,46300000,0,301124,1,463,46300000,46300000,46300000,0,293150,1,463,46300000,46300000,46300000,0,317791,1,463,46300000,46300000,46300000,0,0,1,463,46300000,46300000,46300000,0,1.0,0.527498,0.65,1.0,0.527498,0.65,1.0,0.527498,0.65,463,46600000,False,1.0,5000.0,300.0,500.0,600000000000.0,100000000000.0,,462
1,dropped_command,thermal_loop,465,controller_tick,46400000,46.4,1,0,46400000,464,46400000,RUNNING,,0,0,62,1,0,reconstructed_from_retained_wire,True,,,317.7911498969496,301.12448419364017,293.14999894146956,0.5274980000000011,0.65,232000.00000000323,231999.97636636812,0.00014999991971397566,18825.423634720464,-1.0700659913709387e-08,0.00015,301.124,293.15,317.791,0.0,150000,1,464,46400000,46400000,46400000,0,301124,1,464,46400000,46400000,46400000,0,293150,1,464,46400000,46400000,46400000,0,317791,1,464,46400000,46400000,46400000,0,0,1,464,46400000,46400000,46400000,0,1.0,0.527498,0.65,1.0,0.527498,0.65,1.0,0.527498,0.65,464,46700000,False,1.0,5000.0,300.0,500.0,600000000000.0,100000000000.0,,463
1,dropped_command,thermal_loop,466,controller_tick,46500000,46.5,1,0,46500000,465,46500000,RUNNING,,0,0,62,1,0,reconstructed_from_retained_wire,True,,,317.79114989983776,301.1244841952435,293.1499989423164,0.5274980000000011,0.65,232500.00000000326,232499.97631346277,0.00014999991971397566,18825.423634720464,-1.1166775948368013e-08,0.00015,301.124,293.15,317.791,0.0,150000,1,465,46500000,46500000,46500000,0,301124,1,465,46500000,46500000,46500000,0,293150,1,465,46500000,46500000,46500000,0,317791,1,465,46500000,46500000,46500000,0,0,1,465,46500000,46500000,46500000,0,1.0,0.527498,0.65,1.0,0.527498,0.65,1.0,0.527498,0.65,465,46800000,False,1.0,5000.0,300.0,500.0,600000000000.0,100000000000.0,,464
1,dropped_command,thermal_loop,467,controller_tick,46600000,46.6,1,0,46600000,466,46600000,RUNNING,,0,0,62,1,0,reconstructed_from_retained_wire,True,,,317.79114990272205,301.1244841968458,293.1499989431637,0.5274980000000011,0.65,233000.0000000033,232999.97626059977,0.00014999991971397566,18825.423634720464,-1.079160938388668e-08,0.00015,301.124,293.15,317.791,0.0,150000,1,466,46600000,46600000,46600000,0,301124,1,466,46600000,46600000,46600000,0,293150,1,466,46600000,46600000,46600000,0,317791,1,466,46600000,46600000,46600000,0,0,1,466,46600000,46600000,46600000,0,1.0,0.527498,0.65,1.0,0.527498,0.65,1.0,0.527498,0.65,466,46900000,False,1.0,5000.0,300.0,500.0,600000000000.0,100000000000.0,,465
1,dropped_command,thermal_loop,468,controller_tick,46700000,46.7,1,0,46700000,467,46700000,RUNNING,,0,0,62,1,0,reconstructed_from_retained_wire,True,,,317.7911499056025,301.124484198447,293.14999894401143,0.5274980000000011,0.65,233500.00000000332,233499.97620777914,0.00014999991971397566,18825.423634720464,-1.0734083843999542e-08,0.00015,301.124,293.15,317.791,0.0,150000,1,467,46700000,46700000,46700000,0,301124,1,467,46700000,46700000,46700000,0,293150,1,467,46700000,46700000,46700000,0,317791,1,467,46700000,46700000,46700000,0,0,1,467,46700000,46700000,46700000,0,1.0,0.527498,0.65,1.0,0.527498,0.65,1.0,0.527498,0.65,467,47000000,False,1.0,5000.0,300.0,500.0,600000000000.0,100000000000.0,,466
1,dropped_command,thermal_loop,469,controller_tick,46800000,46.8,1,0,46800000,468,46800000,RUNNING,,0,0,62,1,0,reconstructed_from_retained_wire,True,,,317.79114990847904,301.12448420004716,293.1499989448595,0.5274980000000011,0.65,234000.00000000335,233999.9761550009,0.00014999991971397566,18825.423634720464,-1.1677911970764399e-08,0.00015,301.124,293.15,317.791,0.0,150000,1,468,46800000,46800000,46800000,0,301124,1,468,46800000,46800000,46800000,0,293150,1,468,46800000,46800000,46800000,0,317791,1,468,46800000,46800000,46800000,0,0,1,468,46800000,46800000,46800000,0,1.0,0.527498,0.65,1.0,0.527498,0.65,1.0,0.527498,0.65,468,47100000,False,1.0,5000.0,300.0,500.0,600000000000.0,100000000000.0,,467
1,dropped_command,thermal_loop,470,controller_tick,46900000,46.9,1,0,46900000,469,46900000,RUNNING,,0,0,62,1,0,reconstructed_from_retained_wire,True,,,317.79114991135185,301.1244842016463,293.1499989457079,0.5274980000000011,0.65,234500.00000000338,234499.9761022651,0.00014999991971397566,18825.423634720464,-1.1298197932774201e-08,0.00015,301.124,293.15,317.791,0.0,150000,1,469,46900000,46900000,46900000,0,301124,1,469,46900000,46900000,46900000,0,293150,1,469,46900000,46900000,46900000,0,317791,1,469,46900000,46900000,46900000,0,0,1,469,46900000,46900000,46900000,0,1.0,0.527498,0.65,1.0,0.527498,0.65,1.0,0.527498,0.65,469,47200000,False,1.0,5000.0,300.0,500.0,600000000000.0,100000000000.0,,468
1,dropped_command,thermal_loop,471,controller_tick,47000000,47.0,1,0,47000000,470,47000000,RUNNING,,0,0,62,1,0,reconstructed_from_retained_wire,True,,,317.7911499142208,301.1244842032443,293.14999894655676,0.5274980000000011,0.65,235000.0000000034,234999.9760495717,0.00014999991971397566,18825.423634720464,-1.1177917258464731e-08,0.00015,301.124,293.15,317.791,0.0,150000,1,470,47000000,47000000,47000000,0,301124,1,470,47000000,47000000,47000000,0,293150,1,470,47000000,47000000,47000000,0,317791,1,470,47000000,47000000,47000000,0,0,1,470,47000000,47000000,47000000,0,1.0,0.527498,0.65,1.0,0.527498,0.65,1.0,0.527498,0.65,470,47300000,False,1.0,5000.0,300.0,500.0,600000000000.0,100000000000.0,,469
1,dropped_command,thermal_loop,472,controller_tick,47100000,47.1,1,0,47100000,471,47100000,RUNNING,,0,0,62,1,0,reconstructed_from_retained_wire,True,,,317.791149917086,301.12448420484134,293.14999894740595,0.5274980000000011,0.65,235500.00000000343,235499.97599692078,0.00014999991971397566,18825.423634720464,-1.0388703231001273e-08,0.00015,301.124,293.15,317.791,0.0,150000,1,471,47100000,47100000,47100000,0,301124,1,471,47100000,47100000,47100000,0,293150,1,471,47100000,47100000,47100000,0,317791,1,471,47100000,47100000,47100000,0,0,1,471,47100000,47100000,47100000,0,1.0,0.527498,0.65,1.0,0.527498,0.65,1.0,0.527498,0.65,471,47400000,False,1.0,5000.0,300.0,500.0,600000000000.0,100000000000.0,,470
1,dropped_command,thermal_loop,473,controller_tick,47200000,47.2,1,0,47200000,472,47200000,RUNNING,,0,0,62,1,0,reconstructed_from_retained_wire,True,,,317.7911499199474,301.1244842064373,293.1499989482555,0.5274980000000011,0.65,236000.00000000343,235999.97594431232,0.00014999991971397566,18825.423634720464,-9.945097190211527e-09,0.00015,301.124,293.15,317.791,0.0,150000,1,472,47200000,47200000,47200000,0,301124,1,472,47200000,47200000,47200000,0,293150,1,472,47200000,47200000,47200000,0,317791,1,472,47200000,47200000,47200000,0,0,1,472,47200000,47200000,47200000,0,1.0,0.527498,0.65,1.0,0.527498,0.65,1.0,0.527498,0.65,472,47500000,False,1.0,5000.0,300.0,500.0,600000000000.0,100000000000.0,,471
1,dropped_command,thermal_loop,474,controller_tick,47300000,47.3,1,0,47300000,473,47300000,RUNNING,,0,0,62,1,0,reconstructed_from_retained_wire,True,,,317.79114992280495,301.1244842080321,293.14999894910534,0.5274980000000011,0.65,236500.00000000343,236499.97589174635,0.00014999991971397566,18825.423634720464,-1.0322310117771849e-08,0.00015,301.124,293.15,317.791,0.0,150000,1,473,47300000,47300000,47300000,0,301124,1,473,47300000,47300000,47300000,0,293150,1,473,47300000,47300000,47300000,0,317791,1,473,47300000,47300000,47300000,0,0,1,473,47300000,47300000,47300000,0,1.0,0.527498,0.65,1.0,0.527498,0.65,1.0,0.527498,0.65,473,47600000,False,1.0,5000.0,300.0,500.0,600000000000.0,100000000000.0,,472
1,dropped_command,thermal_loop,475,controller_tick,47400000,47.4,1,0,47400000,474,47400000,RUNNING,,0,0,62,1,0,reconstructed_from_retained_wire,True,,,317.7911499256587,301.1244842096259,293.14999894995555,0.5274980000000011,0.65,237000.00000000346,236999.97583922287,0.00014999991971397566,18825.423634720464,-1.0123812899109907e-08,0.00015,301.124,293.15,317.791,0.0,150000,1,474,47400000,47400000,47400000,0,301124,1,474,47400000,47400000,47400000,0,293150,1,474,47400000,47400000,47400000,0,317791,1,474,47400000,47400000,47400000,0,0,1,474,47400000,47400000,47400000,0,1.0,0.527498,0.65,1.0,0.527498,0.65,1.0,0.527498,0.65,474,47700000,False,1.0,5000.0,300.0,500.0,600000000000.0,100000000000.0,,473
1,dropped_command,thermal_loop,476,controller_tick,47500000,47.5,1,0,47500000,475,47500000,RUNNING,,0,0,62,1,0,reconstructed_from_retained_wire,True,,,317.79114992850873,301.12448421121866,293.1499989508061,0.5274980000000011,0.65,237500.00000000346,237499.9757867419,0.00014999991971397566,18825.423634720464,-9.644281817600131e-09,0.00015,301.124,293.15,317.791,0.0,150000,1,475,47500000,47500000,47500000,0,301124,1,475,47500000,47500000,47500000,0,293150,1,475,47500000,47500000,47500000,0,317791,1,475,47500000,47500000,47500000,0,0,1,475,47500000,47500000,47500000,0,1.0,0.527498,0.65,1.0,0.527498,0.65,1.0,0.527498,0.65,475,47800000,False,1.0,5000.0,300.0,500.0,600000000000.0,100000000000.0,,474
1,dropped_command,thermal_loop,477,controller_tick,47600000,47.6,1,0,47600000,476,47600000,RUNNING,,0,0,62,1,0,reconstructed_from_retained_wire,True,,,317.79114993135494,301.12448421281033,293.1499989516569,0.5274980000000011,0.65,238000.0000000035,237999.9757343035,0.00014999991971397566,18825.423634720464,-1.0194071364821866e-08,0.00015,301.124,293.15,317.791,0.0,150000,1,476,47600000,47600000,47600000,0,301124,1,476,47600000,47600000,47600000,0,293150,1,476,47600000,47600000,47600000,0,317791,1,476,47600000,47600000,47600000,0,0,1,476,47600000,47600000,47600000,0,1.0,0.527498,0.65,1.0,0.527498,0.65,1.0,0.527498,0.65,476,47900000,False,1.0,5000.0,300.0,500.0,600000000000.0,100000000000.0,,475
1,dropped_command,thermal_loop,478,controller_tick,47700000,47.7,1,0,47700000,477,47700000,RUNNING,,0,0,62,1,0,reconstructed_from_retained_wire,True,,,317.79114993419745,301.124484214401,293.14999895250804,0.5274980000000011,0.65,238500.00000000352,238499.97568190764,0.00014999991971397566,18825.423634720464,-1.0131998351425864e-08,0.00015,301.124,293.15,317.791,0.0,150000,1,477,47700000,47700000,47700000,0,301124,1,477,47700000,47700000,47700000,0,293150,1,477,47700000,47700000,47700000,0,317791,1,477,47700000,47700000,47700000,0,0,1,477,47700000,47700000,47700000,0,1.0,0.527498,0.65,1.0,0.527498,0.65,1.0,0.527498,0.65,477,48000000,False,1.0,5000.0,300.0,500.0,600000000000.0,100000000000.0,,476
1,dropped_command,thermal_loop,479,controller_tick,47800000,47.8,1,0,47800000,478,47800000,RUNNING,,0,0,62,1,0,reconstructed_from_retained_wire,True,,,317.79114993703615,301.12448421599055,293.1499989533595,0.5274980000000011,0.65,239000.00000000355,238999.97562955433,0.00014999991971397566,18825.423634720464,-1.0357325663790107e-08,0.00015,301.124,293.15,317.791,0.0,150000,1,478,47800000,47800000,47800000,0,301124,1,478,47800000,47800000,47800000,0,293150,1,478,47800000,47800000,47800000,0,317791,1,478,47800000,47800000,47800000,0,0,1,478,47800000,47800000,47800000,0,1.0,0.527498,0.65,1.0,0.527498,0.65,1.0,0.527498,0.65,478,48100000,False,1.0,5000.0,300.0,500.0,600000000000.0,100000000000.0,,477
1,dropped_command,thermal_loop,480,controller_tick,47900000,47.9,1,0,47900000,479,47900000,RUNNING,,0,0,62,1,0,reconstructed_from_retained_wire,True,,,317.79114993987116,301.12448421757915,293.1499989542112,0.5274980000000011,0.65,239500.00000000358,239499.9755772436,0.00014999991971397566,18825.423634720464,-1.0179292075918056e-08,0.00015,301.124,293.15,317.791,0.0,150000,1,479,47900000,47900000,47900000,0,301124,1,479,47900000,47900000,47900000,0,293150,1,479,47900000,47900000,47900000,0,317791,1,479,47900000,47900000,47900000,0,0,1,479,47900000,47900000,47900000,0,1.0,0.527498,0.65,1.0,0.527498,0.65,1.0,0.527498,0.65,479,48200000,False,1.0,5000.0,300.0,500.0,600000000000.0,100000000000.0,,478
1,dropped_command,thermal_loop,481,controller_tick,48000000,48.0,1,0,48000000,480,48000000,RUNNING,,0,0,62,1,0,reconstructed_from_retained_wire,True,,,317.79114994270236,301.1244842191666,293.1499989550632,0.5274980000000011,0.65,240000.0000000036,239999.97552497548,0.00014999991971397566,18825.423634720464,-1.0705662134569138e-08,0.00015,301.124,293.15,317.791,0.0,150000,1,480,48000000,48000000,48000000,0,301124,1,480,48000000,48000000,48000000,0,293150,1,480,48000000,48000000,48000000,0,317791,1,480,48000000,48000000,48000000,0,0,1,480,48000000,48000000,48000000,0,1.0,0.527498,0.65,1.0,0.527498,0.65,1.0,0.527498,0.65,480,48300000,False,1.0,5000.0,300.0,500.0,600000000000.0,100000000000.0,,479
1,dropped_command,thermal_loop,482,controller_tick,48100000,48.1,1,0,48100000,481,48100000,RUNNING,,0,0,62,1,0,reconstructed_from_retained_wire,True,,,317.7911499455299,301.124484220753,293.1499989559155,0.5274980000000011,0.65,240500.00000000364,240499.97547274997,0.00014999991971397566,18825.423634720464,-1.046873876475729e-08,0.00015,301.124,293.15,317.791,0.0,150000,1,481,48100000,48100000,48100000,0,301124,1,481,48100000,48100000,48100000,0,293150,1,481,48100000,48100000,48100000,0,317791,1,481,48100000,48100000,48100000,0,0,1,481,48100000,48100000,48100000,0,1.0,0.527498,0.65,1.0,0.527498,0.65,1.0,0.527498,0.65,481,48400000,False,1.0,5000.0,300.0,500.0,600000000000.0,100000000000.0,,480
1,dropped_command,thermal_loop,483,controller_tick,48200000,48.2,1,0,48200000,482,48200000,RUNNING,,0,0,62,1,0,reconstructed_from_retained_wire,True,,,317.79114994835373,301.1244842223384,293.14999895676806,0.5274980000000011,0.65,241000.00000000367,240999.97542056706,0.00014999991971397566,18825.423634720464,-1.0367784852860495e-08,0.00015,301.124,293.15,317.791,0.0,150000,1,482,48200000,48200000,48200000,0,301124,1,482,48200000,48200000,48200000,0,293150,1,482,48200000,48200000,48200000,0,317791,1,482,48200000,48200000,48200000,0,0,1,482,48200000,48200000,48200000,0,1.0,0.527498,0.65,1.0,0.527498,0.65,1.0,0.527498,0.65,482,48500000,False,1.0,5000.0,300.0,500.0,600000000000.0,100000000000.0,,481
1,dropped_command,thermal_loop,484,controller_tick,48300000,48.3,1,0,48300000,483,48300000,RUNNING,,0,0,62,1,0,reconstructed_from_retained_wire,True,,,317.79114995117385,301.12448422392276,293.1499989576209,0.5274980000000011,0.65,241500.0000000037,241499.9753684268,0.00014999991971397566,18825.423634720464,-1.0042867870652117e-08,0.00015,301.124,293.15,317.791,0.0,150000,1,483,48300000,48300000,48300000,0,301124,1,483,48300000,48300000,48300000,0,293150,1,483,48300000,48300000,48300000,0,317791,1,483,48300000,48300000,48300000,0,0,1,483,48300000,48300000,48300000,0,1.0,0.527498,0.65,1.0,0.527498,0.65,1.0,0.527498,0.65,483,48600000,False,1.0,5000.0,300.0,500.0,600000000000.0,100000000000.0,,482
1,dropped_command,thermal_loop,485,controller_tick,48400000,48.4,1,0,48400000,484,48400000,RUNNING,,0,0,62,1,0,reconstructed_from_retained_wire,True,,,317.7911499539902,301.124484225506,293.149998958474,0.5274980000000011,0.65,242000.00000000373,241999.9753163292,0.00014999991971397566,18825.423634720464,-1.0033318176283501e-08,0.00015,301.124,293.15,317.791,0.0,150000,1,484,48400000,48400000,48400000,0,301124,1,484,48400000,48400000,48400000,0,293150,1,484,48400000,48400000,48400000,0,317791,1,484,48400000,48400000,48400000,0,0,1,484,48400000,48400000,48400000,0,1.0,0.527498,0.65,1.0,0.527498,0.65,1.0,0.527498,0.65,484,48700000,False,1.0,5000.0,300.0,500.0,600000000000.0,100000000000.0,,483
1,dropped_command,thermal_loop,486,controller_tick,48500000,48.5,1,0,48500000,485,48500000,RUNNING,,0,0,62,1,0,reconstructed_from_retained_wire,True,,,317.7911499568029,301.1244842270882,293.1499989593273,0.5274980000000011,0.65,242500.00000000375,242499.97526427425,0.00014999991971397566,18825.423634720464,-1.04835180536611e-08,0.00015,301.124,293.15,317.791,0.0,150000,1,485,48500000,48500000,48500000,0,301124,1,485,48500000,48500000,48500000,0,293150,1,485,48500000,48500000,48500000,0,317791,1,485,48500000,48500000,48500000,0,0,1,485,48500000,48500000,48500000,0,1.0,0.527498,0.65,1.0,0.527498,0.65,1.0,0.527498,0.65,485,48800000,False,1.0,5000.0,300.0,500.0,600000000000.0,100000000000.0,,484
1,dropped_command,thermal_loop,487,controller_tick,48600000,48.6,1,0,48600000,486,48600000,RUNNING,,0,0,62,1,0,reconstructed_from_retained_wire,True,,,317.7911499596119,301.1244842286694,293.1499989601809,0.5274980000000011,0.65,243000.00000000375,242999.97521226195,0.00014999991971397566,18825.423634720464,-9.874611350824125e-09,0.00015,301.124,293.15,317.791,0.0,150000,1,486,48600000,48600000,48600000,0,301124,1,486,48600000,48600000,48600000,0,293150,1,486,48600000,48600000,48600000,0,317791,1,486,48600000,48600000,48600000,0,0,1,486,48600000,48600000,48600000,0,1.0,0.527498,0.65,1.0,0.527498,0.65,1.0,0.527498,0.65,486,48900000,False,1.0,5000.0,300.0,500.0,600000000000.0,100000000000.0,,485
1,dropped_command,thermal_loop,488,controller_tick,48700000,48.7,1,0,48700000,487,48700000,RUNNING,,0,0,62,1,0,reconstructed_from_retained_wire,True,,,317.7911499624172,301.12448423024955,293.14999896103467,0.5274980000000011,0.65,243500.00000000375,243499.97516029238,0.00014999991971397566,18825.423634720464,-1.0235680747427978e-08,0.00015,301.124,293.15,317.791,0.0,150000,1,487,48700000,48700000,48700000,0,301124,1,487,48700000,48700000,48700000,0,293150,1,487,48700000,48700000,48700000,0,317791,1,487,48700000,48700000,48700000,0,0,1,487,48700000,48700000,48700000,0,1.0,0.527498,0.65,1.0,0.527498,0.65,1.0,0.527498,0.65,487,49000000,False,1.0,5000.0,300.0,500.0,600000000000.0,100000000000.0,,486
1,dropped_command,thermal_loop,489,controller_tick,48800000,48.8,1,0,48800000,488,48800000,RUNNING,,0,0,62,1,0,reconstructed_from_retained_wire,True,,,317.79114996521884,301.1244842318286,293.1499989618887,0.5274980000000011,0.65,244000.00000000378,243999.97510836547,0.00014999991971397566,18825.423634720464,-1.0517169357626699e-08,0.00015,301.124,293.15,317.791,0.0,150000,1,488,48800000,48800000,48800000,0,301124,1,488,48800000,48800000,48800000,0,293150,1,488,48800000,48800000,48800000,0,317791,1,488,48800000,48800000,48800000,0,0,1,488,48800000,48800000,48800000,0,1.0,0.527498,0.65,1.0,0.527498,0.65,1.0,0.527498,0.65,488,49100000,False,1.0,5000.0,300.0,500.0,600000000000.0,100000000000.0,,487
1,dropped_command,thermal_loop,490,controller_tick,48900000,48.9,1,0,48900000,489,48900000,RUNNING,,0,0,62,1,0,reconstructed_from_retained_wire,True,,,317.79114996801684,301.1244842334066,293.1499989627429,0.5274980000000011,0.65,244500.0000000038,244499.9750564813,0.00014999991971397566,18825.423634720464,-1.0631765690050088e-08,0.00015,301.124,293.15,317.791,0.0,150000,1,489,48900000,48900000,48900000,0,301124,1,489,48900000,48900000,48900000,0,293150,1,489,48900000,48900000,48900000,0,317791,1,489,48900000,48900000,48900000,0,0,1,489,48900000,48900000,48900000,0,1.0,0.527498,0.65,1.0,0.527498,0.65,1.0,0.527498,0.65,489,49200000,False,1.0,5000.0,300.0,500.0,600000000000.0,100000000000.0,,488
1,dropped_command,thermal_loop,491,controller_tick,49000000,49.0,1,0,49000000,490,49000000,RUNNING,,0,0,62,1,0,reconstructed_from_retained_wire,True,,,317.7911499708112,301.1244842349836,293.1499989635974,0.5274980000000011,0.65,245000.00000000384,244999.9750046398,0.00014999991971397566,18825.423634720464,-9.658151611802168e-09,0.00015,301.124,293.15,317.791,0.0,150000,1,490,49000000,49000000,49000000,0,301124,1,490,49000000,49000000,49000000,0,293150,1,490,49000000,49000000,49000000,0,317791,1,490,49000000,49000000,49000000,0,0,1,490,49000000,49000000,49000000,0,1.0,0.527498,0.65,1.0,0.527498,0.65,1.0,0.527498,0.65,490,49300000,False,1.0,5000.0,300.0,500.0,600000000000.0,100000000000.0,,489
1,dropped_command,thermal_loop,492,controller_tick,49100000,49.1,1,0,49100000,491,49100000,RUNNING,,0,0,62,1,0,reconstructed_from_retained_wire,True,,,317.79114997360193,301.1244842365595,293.14999896445204,0.5274980000000011,0.65,245500.00000000384,245499.97495284106,0.00014999991971397566,18825.423634720464,-9.172254067379981e-09,0.00015,301.124,293.15,317.791,0.0,150000,1,491,49100000,49100000,49100000,0,301124,1,491,49100000,49100000,49100000,0,293150,1,491,49100000,49100000,49100000,0,317791,1,491,49100000,49100000,49100000,0,0,1,491,49100000,49100000,49100000,0,1.0,0.527498,0.65,1.0,0.527498,0.65,1.0,0.527498,0.65,491,49400000,False,1.0,5000.0,300.0,500.0,600000000000.0,100000000000.0,,490
1,dropped_command,thermal_loop,493,controller_tick,49200000,49.2,1,0,49200000,492,49200000,RUNNING,,0,0,62,1,0,reconstructed_from_retained_wire,True,,,317.791149976389,301.12448423813436,293.14999896530685,0.5274980000000011,0.65,246000.00000000387,245999.97490108505,0.00014999991971397566,18825.423634720464,-9.261384548153728e-09,0.00015,301.124,293.15,317.791,0.0,150000,1,492,49200000,49200000,49200000,0,301124,1,492,49200000,49200000,49200000,0,293150,1,492,49200000,49200000,49200000,0,317791,1,492,49200000,49200000,49200000,0,0,1,492,49200000,49200000,49200000,0,1.0,0.527498,0.65,1.0,0.527498,0.65,1.0,0.527498,0.65,492,49500000,False,1.0,5000.0,300.0,500.0,600000000000.0,100000000000.0,,491
1,dropped_command,thermal_loop,494,controller_tick,49300000,49.3,1,0,49300000,493,49300000,RUNNING,,0,0,62,1,0,reconstructed_from_retained_wire,True,,,317.7911499791725,301.1244842397082,293.1499989661619,0.5274980000000011,0.65,246500.0000000039,246499.97484937176,0.00014999991971397566,18825.423634720464,-8.708411769475788e-09,0.00015,301.124,293.15,317.791,0.0,150000,1,493,49300000,49300000,49300000,0,301124,1,493,49300000,49300000,49300000,0,293150,1,493,49300000,49300000,49300000,0,317791,1,493,49300000,49300000,49300000,0,0,1,493,49300000,49300000,49300000,0,1.0,0.527498,0.65,1.0,0.527498,0.65,1.0,0.527498,0.65,493,49600000,False,1.0,5000.0,300.0,500.0,600000000000.0,100000000000.0,,492
1,dropped_command,thermal_loop,495,controller_tick,49400000,49.4,1,0,49400000,494,49400000,RUNNING,,0,0,62,1,0,reconstructed_from_retained_wire,True,,,317.7911499819523,301.1244842412809,293.1499989670171,0.5274980000000011,0.65,247000.00000000393,246999.97479770126,0.00014999991971397566,18825.423634720464,-8.64315552462358e-09,0.00015,301.124,293.15,317.791,0.0,150000,1,494,49400000,49400000,49400000,0,301124,1,494,49400000,49400000,49400000,0,293150,1,494,49400000,49400000,49400000,0,317791,1,494,49400000,49400000,49400000,0,0,1,494,49400000,49400000,49400000,0,1.0,0.527498,0.65,1.0,0.527498,0.65,1.0,0.527498,0.65,494,49700000,False,1.0,5000.0,300.0,500.0,600000000000.0,100000000000.0,,493
1,dropped_command,thermal_loop,496,controller_tick,49500000,49.5,1,0,49500000,495,49500000,RUNNING,,0,0,62,1,0,reconstructed_from_retained_wire,True,,,317.79114998472846,301.1244842428527,293.1499989678725,0.5274980000000011,0.65,247500.00000000396,247499.9747460735,0.00014999991971397566,18825.423634720464,-8.144297680701129e-09,0.00015,301.124,293.15,317.791,0.0,150000,1,495,49500000,49500000,49500000,0,301124,1,495,49500000,49500000,49500000,0,293150,1,495,49500000,49500000,49500000,0,317791,1,495,49500000,49500000,49500000,0,0,1,495,49500000,49500000,49500000,0,1.0,0.527498,0.65,1.0,0.527498,0.65,1.0,0.527498,0.65,495,49800000,False,1.0,5000.0,300.0,500.0,600000000000.0,100000000000.0,,494
1,dropped_command,thermal_loop,497,controller_tick,49600000,49.6,1,0,49600000,496,49600000,RUNNING,,0,0,62,1,0,reconstructed_from_retained_wire,True,,,317.791149987501,301.12448424442334,293.1499989687281,0.5274980000000011,0.65,248000.000000004,247999.97469448854,0.00014999991971397566,18825.423634720464,-7.895550879766233e-09,0.00015,301.124,293.15,317.791,0.0,150000,1,496,49600000,49600000,49600000,0,301124,1,496,49600000,49600000,49600000,0,293150,1,496,49600000,49600000,49600000,0,317791,1,496,49600000,49600000,49600000,0,0,1,496,49600000,49600000,49600000,0,1.0,0.527498,0.65,1.0,0.527498,0.65,1.0,0.527498,0.65,496,49900000,False,1.0,5000.0,300.0,500.0,600000000000.0,100000000000.0,,495
1,dropped_command,thermal_loop,498,controller_tick,49700000,49.7,1,0,49700000,497,49700000,RUNNING,,0,0,62,1,0,reconstructed_from_retained_wire,True,,,317.79114999027,301.12448424599296,293.14999896958375,0.5274980000000011,0.65,248500.00000000402,248499.97464294633,0.00014999991971397566,18825.423634720464,-7.977178029250354e-09,0.00015,301.124,293.15,317.791,0.0,150000,1,497,49700000,49700000,49700000,0,301124,1,497,49700000,49700000,49700000,0,293150,1,497,49700000,49700000,49700000,0,317791,1,497,49700000,49700000,49700000,0,0,1,497,49700000,49700000,49700000,0,1.0,0.527498,0.65,1.0,0.527498,0.65,1.0,0.527498,0.65,497,50000000,False,1.0,5000.0,300.0,500.0,600000000000.0,100000000000.0,,496
1,dropped_command,thermal_loop,499,controller_tick,49800000,49.8,1,0,49800000,498,49800000,RUNNING,,0,0,62,1,0,reconstructed_from_retained_wire,True,,,317.7911499930354,301.12448424756155,293.1499989704396,0.5274980000000011,0.65,249000.00000000402,248999.97459144692,0.00014999991971397566,18825.423634720464,-8.013103069970384e-09,0.00015,301.124,293.15,317.791,0.0,150000,1,498,49800000,49800000,49800000,0,301124,1,498,49800000,49800000,49800000,0,293150,1,498,49800000,49800000,49800000,0,317791,1,498,49800000,49800000,49800000,0,0,1,498,49800000,49800000,49800000,0,1.0,0.527498,0.65,1.0,0.527498,0.65,1.0,0.527498,0.65,498,50100000,False,1.0,5000.0,300.0,500.0,600000000000.0,100000000000.0,,497
1,dropped_command,thermal_loop,500,controller_tick,49900000,49.9,1,0,49900000,499,49900000,RUNNING,,0,0,62,1,0,reconstructed_from_retained_wire,True,,,317.7911499957972,301.12448424912907,293.1499989712956,0.5274980000000011,0.65,249500.00000000405,249499.9745399903,0.00014999991971397566,18825.423634720464,-7.997414286364801e-09,0.00015,301.124,293.15,317.791,0.0,150000,1,499,49900000,49900000,49900000,0,301124,1,499,49900000,49900000,49900000,0,293150,1,499,49900000,49900000,49900000,0,317791,1,499,49900000,49900000,49900000,0,0,1,499,49900000,49900000,49900000,0,1.0,0.527498,0.65,1.0,0.527498,0.65,1.0,0.527498,0.65,499,50200000,False,1.0,5000.0,300.0,500.0,600000000000.0,100000000000.0,,498
1,dropped_command,thermal_loop,501,controller_tick,50000000,50.0,1,0,50000000,500,50000000,RUNNING,,0,0,62,1,0,reconstructed_from_retained_wire,True,,,317.79114999855534,301.12448425069556,293.1499989721517,0.5274980000000011,0.65,250000.00000000407,249999.9744885765,0.00014999991971397566,18825.423634720464,-8.677943696966395e-09,0.00015,301.124,293.15,317.791,0.0,150000,1,500,50000000,50000000,50000000,0,301124,1,500,50000000,50000000,50000000,0,293150,1,500,50000000,50000000,50000000,0,317791,1,500,50000000,50000000,50000000,0,0,1,500,50000000,50000000,50000000,0,1.0,0.527498,0.65,1.0,0.527498,0.65,1.0,0.527498,0.65,500,50300000,False,1.0,5000.0,300.0,500.0,600000000000.0,100000000000.0,,499
1,dropped_command,thermal_loop,502,controller_tick,50100000,50.1,1,0,50100000,501,50100000,RUNNING,,0,0,62,1,0,reconstructed_from_retained_wire,True,,,317.79115000131,301.12448425226097,293.149998973008,0.5274980000000011,0.65,250500.0000000041,250499.9744372055,0.00014999991971397566,18825.423634720464,-8.680217433720827e-09,0.00015,301.124,293.15,317.791,0.0,150000,1,501,50100000,50100000,50100000,0,301124,1,501,50100000,50100000,50100000,0,293150,1,501,50100000,50100000,50100000,0,317791,1,501,50100000,50100000,50100000,0,0,1,501,50100000,50100000,50100000,0,1.0,0.527498,0.65,1.0,0.527498,0.65,1.0,0.527498,0.65,501,50400000,False,1.0,5000.0,300.0,500.0,600000000000.0,100000000000.0,,500
1,dropped_command,thermal_loop,503,controller_tick,50200000,50.2,1,0,50200000,502,50200000,RUNNING,,0,0,62,1,0,reconstructed_from_retained_wire,True,,,317.791150004061,301.1244842538253,293.1499989738644,0.5274980000000011,0.65,251000.00000000413,250999.9743858773,0.00014999991971397566,18825.423634720464,-9.285486157750711e-09,0.00015,301.124,293.15,317.791,0.0,150000,1,502,50200000,50200000,50200000,0,301124,1,502,50200000,50200000,50200000,0,293150,1,502,50200000,50200000,50200000,0,317791,1,502,50200000,50200000,50200000,0,0,1,502,50200000,50200000,50200000,0,1.0,0.527498,0.65,1.0,0.527498,0.65,1.0,0.527498,0.65,502,50500000,False,1.0,5000.0,300.0,500.0,600000000000.0,100000000000.0,,501
1,dropped_command,thermal_loop,504,controller_tick,50300000,50.3,1,0,50300000,503,50300000,RUNNING,,0,0,62,1,0,reconstructed_from_retained_wire,True,,,317.79115000680855,301.1244842553886,293.1499989747209,0.5274980000000011,0.65,251500.00000000416,251499.97433459197,0.00014999991971397566,18825.423634720464,-9.421000868314877e-09,0.00015,301.124,293.15,317.791,0.0,150000,1,503,50300000,50300000,50300000,0,301124,1,503,50300000,50300000,50300000,0,293150,1,503,50300000,50300000,50300000,0,317791,1,503,50300000,50300000,50300000,0,0,1,503,50300000,50300000,50300000,0,1.0,0.527498,0.65,1.0,0.527498,0.65,1.0,0.527498,0.65,503,50600000,False,1.0,5000.0,300.0,500.0,600000000000.0,100000000000.0,,502
1,dropped_command,thermal_loop,505,controller_tick,50400000,50.4,1,0,50400000,504,50400000,RUNNING,,0,0,62,1,0,reconstructed_from_retained_wire,True,,,317.7911500095525,301.1244842569509,293.14999897557755,0.5274980000000011,0.65,252000.0000000042,251999.97428334944,0.00014999991971397566,18825.423634720464,-9.68429958447814e-09,0.00015,301.124,293.15,317.791,0.0,150000,1,504,50400000,50400000,50400000,0,301124,1,504,50400000,50400000,50400000,0,293150,1,504,50400000,50400000,50400000,0,317791,1,504,50400000,50400000,50400000,0,0,1,504,50400000,50400000,50400000,0,1.0,0.527498,0.65,1.0,0.527498,0.65,1.0,0.527498,0.65,504,50700000,False,1.0,5000.0,300.0,500.0,600000000000.0,100000000000.0,,503
1,dropped_command,thermal_loop,506,controller_tick,50500000,50.5,1,0,50500000,505,50500000,RUNNING,,0,0,62,1,0,reconstructed_from_retained_wire,True,,,317.7911500122929,301.1244842585121,293.1499989764343,0.5274980000000011,0.65,252500.00000000422,252499.97423214975,0.00014999991971397566,18825.423634720464,-9.95305526885204e-09,0.00015,301.124,293.15,317.791,0.0,150000,1,505,50500000,50500000,50500000,0,301124,1,505,50500000,50500000,50500000,0,293150,1,505,50500000,50500000,50500000,0,317791,1,505,50500000,50500000,50500000,0,0,1,505,50500000,50500000,50500000,0,1.0,0.527498,0.65,1.0,0.527498,0.65,1.0,0.527498,0.65,505,50800000,False,1.0,5000.0,300.0,500.0,600000000000.0,100000000000.0,,504
1,dropped_command,thermal_loop,507,controller_tick,50600000,50.6,1,0,50600000,506,50600000,RUNNING,,0,0,62,1,0,reconstructed_from_retained_wire,True,,,317.79115001502976,301.1244842600722,293.14999897729115,0.5274980000000011,0.65,253000.00000000425,252999.9741809929,0.00014999991971397566,18825.423634720464,-1.0795702110044658e-08,0.00015,301.124,293.15,317.791,0.0,150000,1,506,50600000,50600000,50600000,0,301124,1,506,50600000,50600000,50600000,0,293150,1,506,50600000,50600000,50600000,0,317791,1,506,50600000,50600000,50600000,0,0,1,506,50600000,50600000,50600000,0,1.0,0.527498,0.65,1.0,0.527498,0.65,1.0,0.527498,0.65,506,50900000,False,1.0,5000.0,300.0,500.0,600000000000.0,100000000000.0,,505
1,dropped_command,thermal_loop,508,controller_tick,50700000,50.7,1,0,50700000,507,50700000,RUNNING,,0,0,62,1,0,reconstructed_from_retained_wire,True,,,317.7911500177631,301.1244842616313,293.1499989781481,0.5274980000000011,0.65,253500.00000000425,253499.9741298789,0.00014999991971397566,18825.423634720464,-1.1139491107314825e-08,0.00015,301.124,293.15,317.791,0.0,150000,1,507,50700000,50700000,50700000,0,301124,1,507,50700000,50700000,50700000,0,293150,1,507,50700000,50700000,50700000,0,317791,1,507,50700000,50700000,50700000,0,0,1,507,50700000,50700000,50700000,0,1.0,0.527498,0.65,1.0,0.527498,0.65,1.0,0.527498,0.65,507,51000000,False,1.0,5000.0,300.0,500.0,600000000000.0,100000000000.0,,506
1,dropped_command,thermal_loop,509,controller_tick,50800000,50.8,1,0,50800000,508,50800000,RUNNING,,0,0,62,1,0,reconstructed_from_retained_wire,True,,,317.7911500204929,301.12448426318934,293.1499989790052,0.5274980000000011,0.65,254000.00000000428,253999.97407880775,0.00014999991971397566,18825.423634720464,-1.092030288418755e-08,0.00015,301.124,293.15,317.791,0.0,150000,1,508,50800000,50800000,50800000,0,301124,1,508,50800000,50800000,50800000,0,293150,1,508,50800000,50800000,50800000,0,317791,1,508,50800000,50800000,50800000,0,0,1,508,50800000,50800000,50800000,0,1.0,0.527498,0.65,1.0,0.527498,0.65,1.0,0.527498,0.65,508,51100000,False,1.0,5000.0,300.0,500.0,600000000000.0,100000000000.0,,507
1,dropped_command,thermal_loop,510,controller_tick,50900000,50.9,1,0,50900000,509,50900000,RUNNING,,0,0,62,1,0,reconstructed_from_retained_wire,True,,,317.7911500232193,301.12448426474634,293.1499989798623,0.5274980000000011,0.65,254500.0000000043,254499.97402777945,0.00014999991971397566,18825.423634720464,-1.1088559404015541e-08,0.00015,301.124,293.15,317.791,0.0,150000,1,509,50900000,50900000,50900000,0,301124,1,509,50900000,50900000,50900000,0,293150,1,509,50900000,50900000,50900000,0,317791,1,509,50900000,50900000,50900000,0,0,1,509,50900000,50900000,50900000,0,1.0,0.527498,0.65,1.0,0.527498,0.65,1.0,0.527498,0.65,509,51200000,False,1.0,5000.0,300.0,500.0,600000000000.0,100000000000.0,,508
1,dropped_command,thermal_loop,511,controller_tick,51000000,51.0,1,0,51000000,510,51000000,RUNNING,,0,0,62,1,0,reconstructed_from_retained_wire,True,,,317.79115002594216,301.12448426630226,293.1499989807195,0.5274980000000011,0.65,255000.0000000043,254999.973976794,0.00014999991971397566,18825.423634720464,-1.1233169061597437e-08,0.00015,301.124,293.15,317.791,0.0,150000,1,510,51000000,51000000,51000000,0,301124,1,510,51000000,51000000,51000000,0,293150,1,510,51000000,51000000,51000000,0,317791,1,510,51000000,51000000,51000000,0,0,1,510,51000000,51000000,51000000,0,1.0,0.527498,0.65,1.0,0.527498,0.65,1.0,0.527498,0.65,510,51300000,False,1.0,5000.0,300.0,500.0,600000000000.0,100000000000.0,,509
1,dropped_command,thermal_loop,512,controller_tick,51100000,51.1,1,0,51100000,511,51100000,RUNNING,,0,0,62,1,0,reconstructed_from_retained_wire,True,,,317.7911500286615,301.12448426785716,293.14999898157674,0.5274980000000011,0.65,255500.0000000043,255499.9739258514,0.00014999991971397566,18825.423634720464,-1.1591737347771414e-08,0.00015,301.124,293.15,317.791,0.0,150000,1,511,51100000,51100000,51100000,0,301124,1,511,51100000,51100000,51100000,0,293150,1,511,51100000,51100000,51100000,0,317791,1,511,51100000,51100000,51100000,0,0,1,511,51100000,51100000,51100000,0,1.0,0.527498,0.65,1.0,0.527498,0.65,1.0,0.527498,0.65,511,51400000,False,1.0,5000.0,300.0,500.0,600000000000.0,100000000000.0,,510
1,dropped_command,thermal_loop,513,controller_tick,51200000,51.2,1,0,51200000,512,51200000,RUNNING,,0,0,62,1,0,reconstructed_from_retained_wire,True,,,317.7911500313773,301.12448426941097,293.14999898243406,0.5274980000000011,0.65,256000.00000000434,255999.97387495168,0.00014999991971397566,18825.423634720464,-1.266857907467056e-08,0.00015,301.124,293.15,317.791,0.0,150000,1,512,51200000,51200000,51200000,0,301124,1,512,51200000,51200000,51200000,0,293150,1,512,51200000,51200000,51200000,0,317791,1,512,51200000,51200000,51200000,0,0,1,512,51200000,51200000,51200000,0,1.0,0.527498,0.65,1.0,0.527498,0.65,1.0,0.527498,0.65,512,51500000,False,1.0,5000.0,300.0,500.0,600000000000.0,100000000000.0,,511
1,dropped_command,thermal_loop,514,controller_tick,51300000,51.3,1,0,51300000,513,51300000,RUNNING,,0,0,62,1,0,reconstructed_from_retained_wire,True,,,317.79115003408964,301.12448427096376,293.1499989832915,0.5274980000000011,0.65,256500.00000000437,256499.97382409484,0.00014999991971397566,18825.423634720464,-1.2678128769039176e-08,0.00015,301.124,293.15,317.791,0.0,150000,1,513,51300000,51300000,51300000,0,301124,1,513,51300000,51300000,51300000,0,293150,1,513,51300000,51300000,51300000,0,317791,1,513,51300000,51300000,51300000,0,0,1,513,51300000,51300000,51300000,0,1.0,0.527498,0.65,1.0,0.527498,0.65,1.0,0.527498,0.65,513,51600000,False,1.0,5000.0,300.0,500.0,600000000000.0,100000000000.0,,512
1,dropped_command,thermal_loop,515,controller_tick,51400000,51.4,1,0,51400000,514,51400000,RUNNING,,0,0,62,1,0,reconstructed_from_retained_wire,True,,,317.7911500367985,301.12448427251553,293.14999898414897,0.5274980000000011,0.65,257000.00000000437,256999.97377328086,0.00014999991971397566,18825.423634720464,-1.230409907293506e-08,0.00015,301.124,293.15,317.791,0.0,150000,1,514,51400000,51400000,51400000,0,301124,1,514,51400000,51400000,51400000,0,293150,1,514,51400000,51400000,51400000,0,317791,1,514,51400000,51400000,51400000,0,0,1,514,51400000,51400000,51400000,0,1.0,0.527498,0.65,1.0,0.527498,0.65,1.0,0.527498,0.65,514,51700000,False,1.0,5000.0,300.0,500.0,600000000000.0,100000000000.0,,513
1,dropped_command,thermal_loop,516,controller_tick,51500000,51.5,1,0,51500000,515,51500000,RUNNING,,0,0,62,1,0,reconstructed_from_retained_wire,True,,,317.791150039504,301.1244842740663,293.1499989850065,0.5274980000000011,0.65,257500.0000000044,257499.97372250975,0.00014999991971397566,18825.423634720464,-1.1036263458663598e-08,0.00015,301.124,293.15,317.791,0.0,150000,1,515,51500000,51500000,51500000,0,301124,1,515,51500000,51500000,51500000,0,293150,1,515,51500000,51500000,51500000,0,317791,1,515,51500000,51500000,51500000,0,0,1,515,51500000,51500000,51500000,0,1.0,0.527498,0.65,1.0,0.527498,0.65,1.0,0.527498,0.65,515,51800000,False,1.0,5000.0,300.0,500.0,600000000000.0,100000000000.0,,514
1,dropped_command,thermal_loop,517,controller_tick,51600000,51.6,1,0,51600000,516,51600000,RUNNING,,0,0,62,1,0,reconstructed_from_retained_wire,True,,,317.7911500422059,301.1244842756159,293.14999898586404,0.5274980000000011,0.65,258000.00000000442,257999.9736717815,0.00014999991971397566,18825.423634720464,-1.164562490885146e-08,0.00015,301.124,293.15,317.791,0.0,150000,1,516,51600000,51600000,51600000,0,301124,1,516,51600000,51600000,51600000,0,293150,1,516,51600000,51600000,51600000,0,317791,1,516,51600000,51600000,51600000,0,0,1,516,51600000,51600000,51600000,0,1.0,0.527498,0.65,1.0,0.527498,0.65,1.0,0.527498,0.65,516,51900000,False,1.0,5000.0,300.0,500.0,600000000000.0,100000000000.0,,515
1,dropped_command,thermal_loop,518,controller_tick,51700000,51.7,1,0,51700000,517,51700000,RUNNING,,0,0,62,1,0,reconstructed_from_retained_wire,True,,,317.79115004490444,301.1244842771644,293.14999898672164,0.5274980000000011,0.65,258500.00000000445,258499.97362109614,0.00014999991971397566,18825.423634720464,-1.1807287592091598e-08,0.00015,301.124,293.15,317.791,0.0,150000,1,517,51700000,51700000,51700000,0,301124,1,517,51700000,51700000,51700000,0,293150,1,517,51700000,51700000,51700000,0,317791,1,517,51700000,51700000,51700000,0,0,1,517,51700000,51700000,51700000,0,1.0,0.527498,0.65,1.0,0.527498,0.65,1.0,0.527498,0.65,517,52000000,False,1.0,5000.0,300.0,500.0,600000000000.0,100000000000.0,,516
1,dropped_command,thermal_loop,519,controller_tick,51800000,51.8,1,0,51800000,518,51800000,RUNNING,,0,0,62,1,0,reconstructed_from_retained_wire,True,,,317.7911500475995,301.1244842787119,293.1499989875793,0.5274980000000011,0.65,259000.00000000448,258999.97357045367,0.00014999991971397566,18825.423634720464,-1.1585370884859003e-08,0.00015,301.124,293.15,317.791,0.0,150000,1,518,51800000,51800000,51800000,0,301124,1,518,51800000,51800000,51800000,0,293150,1,518,51800000,51800000,51800000,0,317791,1,518,51800000,51800000,51800000,0,0,1,518,51800000,51800000,51800000,0,1.0,0.527498,0.65,1.0,0.527498,0.65,1.0,0.527498,0.65,518,52100000,False,1.0,5000.0,300.0,500.0,600000000000.0,100000000000.0,,517
1,dropped_command,thermal_loop,520,controller_tick,51900000,51.9,1,0,51900000,519,51900000,RUNNING,,0,0,62,1,0,reconstructed_from_retained_wire,True,,,317.79115005029115,301.12448428025834,293.14999898843695,0.5274980000000011,0.65,259500.00000000448,259499.97351985407,0.00014999991971397566,18825.423634720464,-1.1599468052736484e-08,0.00015,301.124,293.15,317.791,0.0,150000,1,519,51900000,51900000,51900000,0,301124,1,519,51900000,51900000,51900000,0,293150,1,519,51900000,51900000,51900000,0,317791,1,519,51900000,51900000,51900000,0,0,1,519,51900000,51900000,51900000,0,1.0,0.527498,0.65,1.0,0.527498,0.65,1.0,0.527498,0.65,519,52200000,False,1.0,5000.0,300.0,500.0,600000000000.0,100000000000.0,,518
1,dropped_command,thermal_loop,521,controller_tick,52000000,52.0,1,0,52000000,520,52000000,RUNNING,,0,0,62,1,0,reconstructed_from_retained_wire,True,,,317.79115005297933,301.12448428180375,293.1499989892946,0.5274980000000011,0.65,260000.0000000045,259999.97346929737,0.00014999991971397566,18825.423634720464,-1.1971906133112498e-08,0.00015,301.124,293.15,317.791,0.0,150000,1,520,52000000,52000000,52000000,0,301124,1,520,52000000,52000000,52000000,0,293150,1,520,52000000,52000000,52000000,0,317791,1,520,52000000,52000000,52000000,0,0,1,520,52000000,52000000,52000000,0,1.0,0.527498,0.65,1.0,0.527498,0.65,1.0,0.527498,0.65,520,52300000,False,1.0,5000.0,300.0,500.0,600000000000.0,100000000000.0,,519
1,dropped_command,thermal_loop,522,controller_tick,52100000,52.1,1,0,52100000,521,52100000,RUNNING,,0,0,62,1,0,reconstructed_from_retained_wire,True,,,317.7911500556641,301.1244842833481,293.14999899015226,0.5274980000000011,0.65,260500.00000000454,260499.97341878354,0.00014999991971397566,18825.423634720464,-1.2134250937378965e-08,0.00015,301.124,293.15,317.791,0.0,150000,1,521,52100000,52100000,52100000,0,301124,1,521,52100000,52100000,52100000,0,293150,1,521,52100000,52100000,52100000,0,317791,1,521,52100000,52100000,52100000,0,0,1,521,52100000,52100000,52100000,0,1.0,0.527498,0.65,1.0,0.527498,0.65,1.0,0.527498,0.65,521,52400000,False,1.0,5000.0,300.0,500.0,600000000000.0,100000000000.0,,520
1,dropped_command,thermal_loop,523,controller_tick,52200000,52.2,1,0,52200000,522,52200000,RUNNING,,0,0,62,1,0,reconstructed_from_retained_wire,True,,,317.79115005834547,301.1244842848914,293.14999899100997,0.5274980000000011,0.65,261000.00000000457,260999.9733683126,0.00014999991971397566,18825.423634720464,-1.1819793144240975e-08,0.00015,301.124,293.15,317.791,0.0,150000,1,522,52200000,52200000,52200000,0,301124,1,522,52200000,52200000,52200000,0,293150,1,522,52200000,52200000,52200000,0,317791,1,522,52200000,52200000,52200000,0,0,1,522,52200000,52200000,52200000,0,1.0,0.527498,0.65,1.0,0.527498,0.65,1.0,0.527498,0.65,522,52500000,False,1.0,5000.0,300.0,500.0,600000000000.0,100000000000.0,,521
1,dropped_command,thermal_loop,524,controller_tick,52300000,52.3,1,0,52300000,523,52300000,RUNNING,,0,0,62,1,0,reconstructed_from_retained_wire,True,,,317.7911500610234,301.12448428643364,293.1499989918677,0.5274980000000011,0.65,261500.0000000046,261499.97331788455,0.00014999991971397566,18825.423634720464,-1.1770453056669794e-08,0.00015,301.124,293.15,317.791,0.0,150000,1,523,52300000,52300000,52300000,0,301124,1,523,52300000,52300000,52300000,0,293150,1,523,52300000,52300000,52300000,0,317791,1,523,52300000,52300000,52300000,0,0,1,523,52300000,52300000,52300000,0,1.0,0.527498,0.65,1.0,0.527498,0.65,1.0,0.527498,0.65,523,52600000,False,1.0,5000.0,300.0,500.0,600000000000.0,100000000000.0,,522
1,dropped_command,thermal_loop,525,controller_tick,52400000,52.4,1,0,52400000,524,52400000,RUNNING,,0,0,62,1,0,reconstructed_from_retained_wire,True,,,317.7911500636979,301.12448428797484,293.14999899272533,0.5274980000000011,0.65,262000.00000000463,261999.97326749942,0.00014999991971397566,18825.423634720464,-1.2734062693198211e-08,0.00015,301.124,293.15,317.791,0.0,150000,1,524,52400000,52400000,52400000,0,301124,1,524,52400000,52400000,52400000,0,293150,1,524,52400000,52400000,52400000,0,317791,1,524,52400000,52400000,52400000,0,0,1,524,52400000,52400000,52400000,0,1.0,0.527498,0.65,1.0,0.527498,0.65,1.0,0.527498,0.65,524,52700000,False,1.0,5000.0,300.0,500.0,600000000000.0,100000000000.0,,523
1,dropped_command,thermal_loop,526,controller_tick,52500000,52.5,1,0,52500000,525,52500000,RUNNING,,0,0,62,1,0,reconstructed_from_retained_wire,True,,,317.791150066369,301.124484289515,293.14999899358304,0.5274980000000011,0.65,262500.00000000466,262499.9732171571,0.00014999991971397566,18825.423634720464,-1.2235432222951204e-08,0.00015,301.124,293.15,317.791,0.0,150000,1,525,52500000,52500000,52500000,0,301124,1,525,52500000,52500000,52500000,0,293150,1,525,52500000,52500000,52500000,0,317791,1,525,52500000,52500000,52500000,0,0,1,525,52500000,52500000,52500000,0,1.0,0.527498,0.65,1.0,0.527498,0.65,1.0,0.527498,0.65,525,52800000,False,1.0,5000.0,300.0,500.0,600000000000.0,100000000000.0,,524
1,dropped_command,thermal_loop,527,controller_tick,52600000,52.6,1,0,52600000,526,52600000,RUNNING,,0,0,62,1,0,reconstructed_from_retained_wire,True,,,317.79115006903675,301.12448429105405,293.14999899444075,0.5274980000000011,0.65,263000.00000000466,262999.9731668577,0.00014999991971397566,18825.423634720464,-1.247713043994736e-08,0.00015,301.124,293.15,317.791,0.0,150000,1,526,52600000,52600000,52600000,0,301124,1,526,52600000,52600000,52600000,0,293150,1,526,52600000,52600000,52600000,0,317791,1,526,52600000,52600000,52600000,0,0,1,526,52600000,52600000,52600000,0,1.0,0.527498,0.65,1.0,0.527498,0.65,1.0,0.527498,0.65,526,52900000,False,1.0,5000.0,300.0,500.0,600000000000.0,100000000000.0,,525
1,dropped_command,thermal_loop,528,controller_tick,52700000,52.7,1,0,52700000,527,52700000,RUNNING,,0,0,62,1,0,reconstructed_from_retained_wire,True,,,317.79115007170117,301.12448429259206,293.1499989952984,0.5274980000000011,0.65,263500.0000000047,263499.9731166012,0.00014999991971397566,18825.423634720464,-1.2055579645675607e-08,0.00015,301.124,293.15,317.791,0.0,150000,1,527,52700000,52700000,52700000,0,301124,1,527,52700000,52700000,52700000,0,293150,1,527,52700000,52700000,52700000,0,317791,1,527,52700000,52700000,52700000,0,0,1,527,52700000,52700000,52700000,0,1.0,0.527498,0.65,1.0,0.527498,0.65,1.0,0.527498,0.65,527,53000000,False,1.0,5000.0,300.0,500.0,600000000000.0,100000000000.0,,526
1,dropped_command,thermal_loop,529,controller_tick,52800000,52.8,1,0,52800000,528,52800000,RUNNING,,0,0,62,1,0,reconstructed_from_retained_wire,True,,,317.7911500743621,301.12448429412905,293.14999899615606,0.5274980000000011,0.65,264000.0000000047,263999.9730663876,0.00014999991971397566,18825.423634720464,-1.1905058272532187e-08,0.00015,301.124,293.15,317.791,0.0,150000,1,528,52800000,52800000,52800000,0,301124,1,528,52800000,52800000,52800000,0,293150,1,528,52800000,52800000,52800000,0,317791,1,528,52800000,52800000,52800000,0,0,1,528,52800000,52800000,52800000,0,1.0,0.527498,0.65,1.0,0.527498,0.65,1.0,0.527498,0.65,528,53100000,False,1.0,5000.0,300.0,500.0,600000000000.0,100000000000.0,,527
1,dropped_command,thermal_loop,530,controller_tick,52900000,52.9,1,0,52900000,529,52900000,RUNNING,,0,0,62,1,0,reconstructed_from_retained_wire,True,,,317.7911500770197,301.1244842956649,293.1499989970137,0.5274980000000011,0.65,264500.0000000048,264499.9730162168,0.00014999991971397566,18825.423634720464,-1.2013742889394052e-08,0.00015,301.124,293.15,317.791,0.0,150000,1,529,52900000,52900000,52900000,0,301124,1,529,52900000,52900000,52900000,0,293150,1,529,52900000,52900000,52900000,0,317791,1,529,52900000,52900000,52900000,0,0,1,529,52900000,52900000,52900000,0,1.0,0.527498,0.65,1.0,0.527498,0.65,1.0,0.527498,0.65,529,53200000,False,1.0,5000.0,300.0,500.0,600000000000.0,100000000000.0,,528
1,dropped_command,thermal_loop,531,controller_tick,53000000,53.0,1,0,53000000,530,53000000,RUNNING,,0,0,62,1,0,reconstructed_from_retained_wire,True,,,317.79115007967397,301.12448429719973,293.1499989978713,0.5274980000000011,0.65,265000.0000000048,264999.972966089,0.00014999991971397566,18825.423634720464,-1.1969405022682622e-08,0.00015,301.124,293.15,317.791,0.0,150000,1,530,53000000,53000000,53000000,0,301124,1,530,53000000,53000000,53000000,0,293150,1,530,53000000,53000000,53000000,0,317791,1,530,53000000,53000000,53000000,0,0,1,530,53000000,53000000,53000000,0,1.0,0.527498,0.65,1.0,0.527498,0.65,1.0,0.527498,0.65,530,53300000,False,1.0,5000.0,300.0,500.0,600000000000.0,100000000000.0,,529
1,dropped_command,thermal_loop,532,controller_tick,53100000,53.1,1,0,53100000,531,53100000,RUNNING,,0,0,62,1,0,reconstructed_from_retained_wire,True,,,317.79115008232486,301.12448429873353,293.14999899872885,0.5274980000000011,0.65,265500.00000000483,265499.97291600396,0.00014999991971397566,18825.423634720464,-1.1946667655138299e-08,0.00015,301.124,293.15,317.791,0.0,150000,1,531,53100000,53100000,53100000,0,301124,1,531,53100000,53100000,53100000,0,293150,1,531,53100000,53100000,53100000,0,317791,1,531,53100000,53100000,53100000,0,0,1,531,53100000,53100000,53100000,0,1.0,0.527498,0.65,1.0,0.527498,0.65,1.0,0.527498,0.65,531,53400000,False,1.0,5000.0,300.0,500.0,600000000000.0,100000000000.0,,530
1,dropped_command,thermal_loop,533,controller_tick,53200000,53.2,1,0,53200000,532,53200000,RUNNING,,0,0,62,1,0,reconstructed_from_retained_wire,True,,,317.7911500849724,301.1244843002662,293.1499989995864,0.5274980000000011,0.65,266000.0000000049,265999.97286596184,0.00014999991971397566,18825.423634720464,-1.2066720955772325e-08,0.00015,301.124,293.15,317.791,0.0,150000,1,532,53200000,53200000,53200000,0,301124,1,532,53200000,53200000,53200000,0,293150,1,532,53200000,53200000,53200000,0,317791,1,532,53200000,53200000,53200000,0,0,1,532,53200000,53200000,53200000,0,1.0,0.527498,0.65,1.0,0.527498,0.65,1.0,0.527498,0.65,532,53500000,False,1.0,5000.0,300.0,500.0,600000000000.0,100000000000.0,,531
1,dropped_command,thermal_loop,534,controller_tick,53300000,53.3,1,0,53300000,533,53300000,RUNNING,,0,0,62,1,0,reconstructed_from_retained_wire,True,,,317.7911500876166,301.12448430179785,293.1499990004438,0.5274980000000011,0.65,266500.00000000495,266499.9728159626,0.00014999991971397566,18825.423634720464,-1.2804775906261057e-08,0.00015,301.124,293.15,317.791,0.0,150000,1,533,53300000,53300000,53300000,0,301124,1,533,53300000,53300000,53300000,0,293150,1,533,53300000,53300000,53300000,0,317791,1,533,53300000,53300000,53300000,0,0,1,533,53300000,53300000,53300000,0,1.0,0.527498,0.65,1.0,0.527498,0.65,1.0,0.527498,0.65,533,53600000,False,1.0,5000.0,300.0,500.0,600000000000.0,100000000000.0,,532
1,dropped_command,thermal_loop,535,controller_tick,53400000,53.4,1,0,53400000,534,53400000,RUNNING,,0,0,62,1,0,reconstructed_from_retained_wire,True,,,317.7911500902574,301.12448430332836,293.14999900130124,0.5274980000000011,0.65,267000.00000000495,266999.97276600625,0.00014999991971397566,18825.423634720464,-1.3685621524928138e-08,0.00015,301.124,293.15,317.791,0.0,150000,1,534,53400000,53400000,53400000,0,301124,1,534,53400000,53400000,53400000,0,293150,1,534,53400000,53400000,53400000,0,317791,1,534,53400000,53400000,53400000,0,0,1,534,53400000,53400000,53400000,0,1.0,0.527498,0.65,1.0,0.527498,0.65,1.0,0.527498,0.65,534,53700000,False,1.0,5000.0,300.0,500.0,600000000000.0,100000000000.0,,533
1,dropped_command,thermal_loop,536,controller_tick,53500000,53.5,1,0,53500000,535,53500000,RUNNING,,0,0,62,1,0,reconstructed_from_retained_wire,True,,,317.79115009289495,301.12448430485784,293.1499990021586,0.5274980000000011,0.65,267500.000000005,267499.9727160928,0.00014999991971397566,18825.423634720464,-1.3961425793240778e-08,0.00015,301.124,293.15,317.791,0.0,150000,1,535,53500000,53500000,53500000,0,301124,1,535,53500000,53500000,53500000,0,293150,1,535,53500000,53500000,53500000,0,317791,1,535,53500000,53500000,53500000,0,0,1,535,53500000,53500000,53500000,0,1.0,0.527498,0.65,1.0,0.527498,0.65,1.0,0.527498,0.65,535,53800000,False,1.0,5000.0,300.0,500.0,600000000000.0,100000000000.0,,534
1,dropped_command,thermal_loop,537,controller_tick,53600000,53.6,1,0,53600000,536,53600000,RUNNING,,0,0,62,1,0,reconstructed_from_retained_wire,True,,,317.79115009552925,301.12448430638625,293.1499990030159,0.5274980000000011,0.65,268000.00000000506,267999.97266622214,0.00014999991971397566,18825.423634720464,-1.3538965504267253e-08,0.00015,301.124,293.15,317.791,0.0,150000,1,536,53600000,53600000,53600000,0,301124,1,536,53600000,53600000,53600000,0,293150,1,536,53600000,53600000,53600000,0,317791,1,536,53600000,53600000,53600000,0,0,1,536,53600000,53600000,53600000,0,1.0,0.527498,0.65,1.0,0.527498,0.65,1.0,0.527498,0.65,536,53900000,False,1.0,5000.0,300.0,500.0,600000000000.0,100000000000.0,,535
1,dropped_command,thermal_loop,538,controller_tick,53700000,53.7,1,0,53700000,537,53700000,RUNNING,,0,0,62,1,0,reconstructed_from_retained_wire,True,,,317.79115009816013,301.1244843079136,293.1499990038732,0.5274980000000011,0.65,268500.00000000506,268499.9726163944,0.00014999991971397566,18825.423634720464,-1.4007127902004868e-08,0.00015,301.124,293.15,317.791,0.0,150000,1,537,53700000,53700000,53700000,0,301124,1,537,53700000,53700000,53700000,0,293150,1,537,53700000,53700000,53700000,0,317791,1,537,53700000,53700000,53700000,0,0,1,537,53700000,53700000,53700000,0,1.0,0.527498,0.65,1.0,0.527498,0.65,1.0,0.527498,0.65,537,54000000,False,1.0,5000.0,300.0,500.0,600000000000.0,100000000000.0,,536
1,dropped_command,thermal_loop,539,controller_tick,53800000,53.8,1,0,53800000,538,53800000,RUNNING,,0,0,62,1,0,reconstructed_from_retained_wire,True,,,317.7911501007877,301.1244843094398,293.1499990047303,0.5274980000000011,0.65,269000.00000000506,268999.97256660945,0.00014999991971397566,18825.423634720464,-1.5116484064492397e-08,0.00015,301.124,293.15,317.791,0.0,150000,1,538,53800000,53800000,53800000,0,301124,1,538,53800000,53800000,53800000,0,293150,1,538,53800000,53800000,53800000,0,317791,1,538,53800000,53800000,53800000,0,0,1,538,53800000,53800000,53800000,0,1.0,0.527498,0.65,1.0,0.527498,0.65,1.0,0.527498,0.65,538,54100000,False,1.0,5000.0,300.0,500.0,600000000000.0,100000000000.0,,537
1,dropped_command,thermal_loop,540,controller_tick,53900000,53.9,1,0,53900000,539,53900000,RUNNING,,0,0,62,1,0,reconstructed_from_retained_wire,True,,,317.791150103412,301.12448431096504,293.1499990055874,0.5274980000000011,0.65,269500.0000000051,269499.97251686733,0.00014999991971397566,18825.423634720464,-1.5679006537538953e-08,0.00015,301.124,293.15,317.791,0.0,150000,1,539,53900000,53900000,53900000,0,301124,1,539,53900000,53900000,53900000,0,293150,1,539,53900000,53900000,53900000,0,317791,1,539,53900000,53900000,53900000,0,0,1,539,53900000,53900000,53900000,0,1.0,0.527498,0.65,1.0,0.527498,0.65,1.0,0.527498,0.65,539,54200000,False,1.0,5000.0,300.0,500.0,600000000000.0,100000000000.0,,538
1,dropped_command,thermal_loop,541,controller_tick,54000000,54.0,1,0,54000000,540,54000000,RUNNING,,0,0,62,1,0,reconstructed_from_retained_wire,True,,,317.791150106033,301.1244843124892,293.14999900644443,0.5274980000000011,0.65,270000.0000000051,269999.9724671682,0.00014999991971397566,18825.423634720464,-1.593707565916702e-08,0.00015,301.124,293.15,317.791,0.0,150000,1,540,54000000,54000000,54000000,0,301124,1,540,54000000,54000000,54000000,0,293150,1,540,54000000,54000000,54000000,0,317791,1,540,54000000,54000000,54000000,0,0,1,540,54000000,54000000,54000000,0,1.0,0.527498,0.65,1.0,0.527498,0.65,1.0,0.527498,0.65,540,54300000,False,1.0,5000.0,300.0,500.0,600000000000.0,100000000000.0,,539
1,dropped_command,thermal_loop,542,controller_tick,54100000,54.1,1,0,54100000,541,54100000,RUNNING,,0,0,62,1,0,reconstructed_from_retained_wire,True,,,317.7911501086507,301.1244843140123,293.1499990073014,0.5274980000000011,0.65,270500.0000000051,270499.97241751186,0.00014999991971397566,18825.423634720464,-1.559010343044065e-08,0.00015,301.124,293.15,317.791,0.0,150000,1,541,54100000,54100000,54100000,0,301124,1,541,54100000,54100000,54100000,0,293150,1,541,54100000,54100000,54100000,0,317791,1,541,54100000,54100000,54100000,0,0,1,541,54100000,54100000,54100000,0,1.0,0.527498,0.65,1.0,0.527498,0.65,1.0,0.527498,0.65,541,54400000,False,1.0,5000.0,300.0,500.0,600000000000.0,100000000000.0,,540
1,dropped_command,thermal_loop,543,controller_tick,54200000,54.2,1,0,54200000,542,54200000,RUNNING,,0,0,62,1,0,reconstructed_from_retained_wire,True,,,317.79115011126515,301.1244843155343,293.14999900815826,0.5274980000000011,0.65,271000.0000000052,270999.9723678984,0.00014999991971397566,18825.423634720464,-1.5791101759532467e-08,0.00015,301.124,293.15,317.791,0.0,150000,1,542,54200000,54200000,54200000,0,301124,1,542,54200000,54200000,54200000,0,293150,1,542,54200000,54200000,54200000,0,317791,1,542,54200000,54200000,54200000,0,0,1,542,54200000,54200000,54200000,0,1.0,0.527498,0.65,1.0,0.527498,0.65,1.0,0.527498,0.65,542,54500000,False,1.0,5000.0,300.0,500.0,600000000000.0,100000000000.0,,541
1,dropped_command,thermal_loop,544,controller_tick,54300000,54.3,1,0,54300000,543,54300000,RUNNING,,0,0,62,1,0,reconstructed_from_retained_wire,True,,,317.79115011387637,301.12448431705525,293.14999900901506,0.5274980000000011,0.65,271500.00000000524,271499.97231832775,0.00014999991971397566,18825.423634720464,-1.4818624549661763e-08,0.00015,301.124,293.15,317.791,0.0,150000,1,543,54300000,54300000,54300000,0,301124,1,543,54300000,54300000,54300000,0,293150,1,543,54300000,54300000,54300000,0,317791,1,543,54300000,54300000,54300000,0,0,1,543,54300000,54300000,54300000,0,1.0,0.527498,0.65,1.0,0.527498,0.65,1.0,0.527498,0.65,543,54600000,False,1.0,5000.0,300.0,500.0,600000000000.0,100000000000.0,,542
1,dropped_command,thermal_loop,545,controller_tick,54400000,54.4,1,0,54400000,544,54400000,RUNNING,,0,0,62,1,0,reconstructed_from_retained_wire,True,,,317.79115011648423,301.1244843185751,293.1499990098717,0.5274980000000011,0.65,272000.00000000524,271999.97226879996,0.00014999991971397566,18825.423634720464,-1.5652176443836652e-08,0.00015,301.124,293.15,317.791,0.0,150000,1,544,54400000,54400000,54400000,0,301124,1,544,54400000,54400000,54400000,0,293150,1,544,54400000,54400000,54400000,0,317791,1,544,54400000,54400000,54400000,0,0,1,544,54400000,54400000,54400000,0,1.0,0.527498,0.65,1.0,0.527498,0.65,1.0,0.527498,0.65,544,54700000,False,1.0,5000.0,300.0,500.0,600000000000.0,100000000000.0,,543
1,dropped_command,thermal_loop,546,controller_tick,54500000,54.5,1,0,54500000,545,54500000,RUNNING,,0,0,62,1,0,reconstructed_from_retained_wire,True,,,317.79115011908885,301.1244843200939,293.14999901072827,0.5274980000000011,0.65,272500.00000000524,272499.97221931495,0.00014999991971397566,18825.423634720464,-1.5845671441638842e-08,0.00015,301.124,293.15,317.791,0.0,150000,1,545,54500000,54500000,54500000,0,301124,1,545,54500000,54500000,54500000,0,293150,1,545,54500000,54500000,54500000,0,317791,1,545,54500000,54500000,54500000,0,0,1,545,54500000,54500000,54500000,0,1.0,0.527498,0.65,1.0,0.527498,0.65,1.0,0.527498,0.65,545,54800000,False,1.0,5000.0,300.0,500.0,600000000000.0,100000000000.0,,544
1,dropped_command,thermal_loop,547,controller_tick,54600000,54.6,1,0,54600000,546,54600000,RUNNING,,0,0,62,1,0,reconstructed_from_retained_wire,True,,,317.79115012169024,301.1244843216117,293.14999901158467,0.5274980000000011,0.65,273000.00000000524,272999.9721698728,0.00014999991971397566,18825.423634720464,-1.6291323845507577e-08,0.00015,301.124,293.15,317.791,0.0,150000,1,546,54600000,54600000,54600000,0,301124,1,546,54600000,54600000,54600000,0,293150,1,546,54600000,54600000,54600000,0,317791,1,546,54600000,54600000,54600000,0,0,1,546,54600000,54600000,54600000,0,1.0,0.527498,0.65,1.0,0.527498,0.65,1.0,0.527498,0.65,546,54900000,False,1.0,5000.0,300.0,500.0,600000000000.0,100000000000.0,,545
1,dropped_command,thermal_loop,548,controller_tick,54700000,54.7,1,0,54700000,547,54700000,RUNNING,,0,0,62,1,0,reconstructed_from_retained_wire,True,,,317.7911501242884,301.12448432312834,293.149999012441,0.5274980000000011,0.65,273500.00000000524,273499.97212047345,0.00014999991971397566,18825.423634720464,-1.65139226737665e-08,0.00015,301.124,293.15,317.791,0.0,150000,1,547,54700000,54700000,54700000,0,301124,1,547,54700000,54700000,54700000,0,293150,1,547,54700000,54700000,54700000,0,317791,1,547,54700000,54700000,54700000,0,0,1,547,54700000,54700000,54700000,0,1.0,0.527498,0.65,1.0,0.527498,0.65,1.0,0.527498,0.65,547,55000000,False,1.0,5000.0,300.0,500.0,600000000000.0,100000000000.0,,546
1,dropped_command,thermal_loop,549,controller_tick,54800000,54.8,1,0,54800000,548,54800000,RUNNING,,0,0,62,1,0,reconstructed_from_retained_wire,True,,,317.7911501268833,301.12448432464396,293.14999901329725,0.5274980000000011,0.65,274000.00000000524,273999.9720711169,0.00014999991971397566,18825.423634720464,-1.6334070096490905e-08,0.00015,301.124,293.15,317.791,0.0,150000,1,548,54800000,54800000,54800000,0,301124,1,548,54800000,54800000,54800000,0,293150,1,548,54800000,54800000,54800000,0,317791,1,548,54800000,54800000,54800000,0,0,1,548,54800000,54800000,54800000,0,1.0,0.527498,0.65,1.0,0.527498,0.65,1.0,0.527498,0.65,548,55100000,False,1.0,5000.0,300.0,500.0,600000000000.0,100000000000.0,,547
1,dropped_command,thermal_loop,550,controller_tick,54900000,54.9,1,0,54900000,549,54900000,RUNNING,,0,0,62,1,0,reconstructed_from_retained_wire,True,,,317.79115012947494,301.1244843261585,293.1499990141533,0.5274980000000011,0.65,274500.00000000524,274499.9720218032,0.00014999991971397566,18825.423634720464,-1.6881585906958207e-08,0.00015,301.124,293.15,317.791,0.0,150000,1,549,54900000,54900000,54900000,0,301124,1,549,54900000,54900000,54900000,0,293150,1,549,54900000,54900000,54900000,0,317791,1,549,54900000,54900000,54900000,0,0,1,549,54900000,54900000,54900000,0,1.0,0.527498,0.65,1.0,0.527498,0.65,1.0,0.527498,0.65,549,55200000,False,1.0,5000.0,300.0,500.0,600000000000.0,100000000000.0,,548
1,dropped_command,thermal_loop,551,controller_tick,55000000,55.0,1,0,55000000,550,55000000,RUNNING,,0,0,62,1,0,reconstructed_from_retained_wire,True,,,317.7911501320634,301.1244843276719,293.1499990150093,0.5274980000000011,0.65,275000.00000000524,274999.9719725323,0.00014999991971397566,18825.423634720464,-1.6695821614121087e-08,0.00015,301.124,293.15,317.791,0.0,150000,1,550,55000000,55000000,55000000,0,301124,1,550,55000000,55000000,55000000,0,293150,1,550,55000000,55000000,55000000,0,317791,1,550,55000000,55000000,55000000,0,0,1,550,55000000,55000000,55000000,0,1.0,0.527498,0.65,1.0,0.527498,0.65,1.0,0.527498,0.65,550,55300000,False,1.0,5000.0,300.0,500.0,600000000000.0,100000000000.0,,549
1,dropped_command,thermal_loop,552,controller_tick,55100000,55.1,1,0,55100000,551,55100000,RUNNING,,0,0,62,1,0,reconstructed_from_retained_wire,True,,,317.7911501346487,301.1244843291843,293.14999901586515,0.5274980000000011,0.65,275500.0000000053,275499.9719233042,0.00014999991971397566,18825.423634720464,-1.5776777217979543e-08,0.00015,301.124,293.15,317.791,0.0,150000,1,551,55100000,55100000,55100000,0,301124,1,551,55100000,55100000,55100000,0,293150,1,551,55100000,55100000,55100000,0,317791,1,551,55100000,55100000,55100000,0,0,1,551,55100000,55100000,55100000,0,1.0,0.527498,0.65,1.0,0.527498,0.65,1.0,0.527498,0.65,551,55400000,False,1.0,5000.0,300.0,500.0,600000000000.0,100000000000.0,,550
1,dropped_command,thermal_loop,553,controller_tick,55200000,55.2,1,0,55200000,552,55200000,RUNNING,,0,0,62,1,0,reconstructed_from_retained_wire,True,,,317.79115013723066,301.1244843306956,293.14999901672087,0.5274980000000011,0.65,276000.0000000053,275999.97187411884,0.00014999991971397566,18825.423634720464,-1.654257175687235e-08,0.00015,301.124,293.15,317.791,0.0,150000,1,552,55200000,55200000,55200000,0,301124,1,552,55200000,55200000,55200000,0,293150,1,552,55200000,55200000,55200000,0,317791,1,552,55200000,55200000,55200000,0,0,1,552,55200000,55200000,55200000,0,1.0,0.527498,0.65,1.0,0.527498,0.65,1.0,0.527498,0.65,552,55500000,False,1.0,5000.0,300.0,500.0,600000000000.0,100000000000.0,,551
1,dropped_command,thermal_loop,554,controller_tick,55300000,55.3,1,0,55300000,553,55300000,RUNNING,,0,0,62,1,0,reconstructed_from_retained_wire,True,,,317.7911501398094,301.12448433220584,293.1499990175765,0.5274980000000011,0.65,276500.00000000536,276499.9718249763,0.00014999991971397566,18825.423634720464,-1.6812691683298908e-08,0.00015,301.124,293.15,317.791,0.0,150000,1,553,55300000,55300000,55300000,0,301124,1,553,55300000,55300000,55300000,0,293150,1,553,55300000,55300000,55300000,0,317791,1,553,55300000,55300000,55300000,0,0,1,553,55300000,55300000,55300000,0,1.0,0.527498,0.65,1.0,0.527498,0.65,1.0,0.527498,0.65,553,55600000,False,1.0,5000.0,300.0,500.0,600000000000.0,100000000000.0,,552
1,dropped_command,thermal_loop,555,controller_tick,55400000,55.4,1,0,55400000,554,55400000,RUNNING,,0,0,62,1,0,reconstructed_from_retained_wire,True,,,317.791150142385,301.124484333715,293.1499990184319,0.5274980000000011,0.65,277000.00000000536,276999.97177587653,0.00014999991971397566,18825.423634720464,-1.7299953469773754e-08,0.00015,301.124,293.15,317.791,0.0,150000,1,554,55400000,55400000,55400000,0,301124,1,554,55400000,55400000,55400000,0,293150,1,554,55400000,55400000,55400000,0,317791,1,554,55400000,55400000,55400000,0,0,1,554,55400000,55400000,55400000,0,1.0,0.527498,0.65,1.0,0.527498,0.65,1.0,0.527498,0.65,554,55700000,False,1.0,5000.0,300.0,500.0,600000000000.0,100000000000.0,,553
1,dropped_command,thermal_loop,556,controller_tick,55500000,55.5,1,0,55500000,555,55500000,RUNNING,,0,0,62,1,0,reconstructed_from_retained_wire,True,,,317.7911501449574,301.1244843352231,293.14999901928724,0.5274980000000011,0.65,277500.00000000536,277499.9717268195,0.00014999991971397566,18825.423634720464,-1.6816329662106e-08,0.00015,301.124,293.15,317.791,0.0,150000,1,555,55500000,55500000,55500000,0,301124,1,555,55500000,55500000,55500000,0,293150,1,555,55500000,55500000,55500000,0,317791,1,555,55500000,55500000,55500000,0,0,1,555,55500000,55500000,55500000,0,1.0,0.527498,0.65,1.0,0.527498,0.65,1.0,0.527498,0.65,555,55800000,False,1.0,5000.0,300.0,500.0,600000000000.0,100000000000.0,,554
1,dropped_command,thermal_loop,557,controller_tick,55600000,55.6,1,0,55600000,556,55600000,RUNNING,,0,0,62,1,0,reconstructed_from_retained_wire,True,,,317.7911501475266,301.12448433673006,293.1499990201424,0.5274980000000011,0.65,278000.00000000536,277999.9716778053,0.00014999991971397566,18825.423634720464,-1.7025058696162887e-08,0.00015,301.124,293.15,317.791,0.0,150000,1,556,55600000,55600000,55600000,0,301124,1,556,55600000,55600000,55600000,0,293150,1,556,55600000,55600000,55600000,0,317791,1,556,55600000,55600000,55600000,0,0,1,556,55600000,55600000,55600000,0,1.0,0.527498,0.65,1.0,0.527498,0.65,1.0,0.527498,0.65,556,55900000,False,1.0,5000.0,300.0,500.0,600000000000.0,100000000000.0,,555
1,dropped_command,thermal_loop,558,controller_tick,55700000,55.7,1,0,55700000,557,55700000,RUNNING,,0,0,62,1,0,reconstructed_from_retained_wire,True,,,317.7911501500926,301.12448433823596,293.14999902099737,0.5274980000000011,0.65,278500.00000000536,278499.97162883374,0.00014999991971397566,18825.423634720464,-1.7567344912094995e-08,0.00015,301.124,293.15,317.791,0.0,150000,1,557,55700000,55700000,55700000,0,301124,1,557,55700000,55700000,55700000,0,293150,1,557,55700000,55700000,55700000,0,317791,1,557,55700000,55700000,55700000,0,0,1,557,55700000,55700000,55700000,0,1.0,0.527498,0.65,1.0,0.527498,0.65,1.0,0.527498,0.65,557,56000000,False,1.0,5000.0,300.0,500.0,600000000000.0,100000000000.0,,556
1,dropped_command,thermal_loop,559,controller_tick,55800000,55.8,1,0,55800000,558,55800000,RUNNING,,0,0,62,1,0,reconstructed_from_retained_wire,True,,,317.7911501526555,301.12448433974083,293.1499990218522,0.5274980000000011,0.65,279000.00000000536,278999.97157990496,0.00014999991971397566,18825.423634720464,-1.7283127817790955e-08,0.00015,301.124,293.15,317.791,0.0,150000,1,558,55800000,55800000,55800000,0,301124,1,558,55800000,55800000,55800000,0,293150,1,558,55800000,55800000,55800000,0,317791,1,558,55800000,55800000,55800000,0,0,1,558,55800000,55800000,55800000,0,1.0,0.527498,0.65,1.0,0.527498,0.65,1.0,0.527498,0.65,558,56100000,False,1.0,5000.0,300.0,500.0,600000000000.0,100000000000.0,,557
1,dropped_command,thermal_loop,560,controller_tick,55900000,55.9,1,0,55900000,559,55900000,RUNNING,,0,0,62,1,0,reconstructed_from_retained_wire,True,,,317.79115015521523,301.1244843412446,293.1499990227069,0.5274980000000011,0.65,279500.00000000536,279499.97153101896,0.00014999991971397566,18825.423634720464,-1.650323611102067e-08,0.00015,301.124,293.15,317.791,0.0,150000,1,559,55900000,55900000,55900000,0,301124,1,559,55900000,55900000,55900000,0,293150,1,559,55900000,55900000,55900000,0,317791,1,559,55900000,55900000,55900000,0,0,1,559,55900000,55900000,55900000,0,1.0,0.527498,0.65,1.0,0.527498,0.65,1.0,0.527498,0.65,559,56200000,False,1.0,5000.0,300.0,500.0,600000000000.0,100000000000.0,,558
1,dropped_command,thermal_loop,561,controller_tick,56000000,56.0,1,0,56000000,560,56000000,RUNNING,,0,0,62,1,0,reconstructed_from_retained_wire,True,,,317.79115015777177,301.1244843427473,293.14999902356135,0.5274980000000011,0.65,280000.00000000536,279999.9714821757,0.00014999991971397566,18825.423634720464,-1.7186721379403025e-08,0.00015,301.124,293.15,317.791,0.0,150000,1,560,56000000,56000000,56000000,0,301124,1,560,56000000,56000000,56000000,0,293150,1,560,56000000,56000000,56000000,0,317791,1,560,56000000,56000000,56000000,0,0,1,560,56000000,56000000,56000000,0,1.0,0.527498,0.65,1.0,0.527498,0.65,1.0,0.527498,0.65,560,56300000,False,1.0,5000.0,300.0,500.0,600000000000.0,100000000000.0,,559
1,dropped_command,thermal_loop,562,controller_tick,56100000,56.1,1,0,56100000,561,56100000,RUNNING,,0,0,62,1,0,reconstructed_from_retained_wire,True,,,317.7911501603251,301.1244843442489,293.1499990244157,0.5274980000000011,0.65,280500.00000000536,280499.97143337515,0.00014999991971397566,18825.423634720464,-1.6957528714556247e-08,0.00015,301.124,293.15,317.791,0.0,150000,1,561,56100000,56100000,56100000,0,301124,1,561,56100000,56100000,56100000,0,293150,1,561,56100000,56100000,56100000,0,317791,1,561,56100000,56100000,56100000,0,0,1,561,56100000,56100000,56100000,0,1.0,0.527498,0.65,1.0,0.527498,0.65,1.0,0.527498,0.65,561,56400000,False,1.0,5000.0,300.0,500.0,600000000000.0,100000000000.0,,560
1,dropped_command,thermal_loop,563,controller_tick,56200000,56.2,1,0,56200000,562,56200000,RUNNING,,0,0,62,1,0,reconstructed_from_retained_wire,True,,,317.79115016287534,301.1244843457494,293.14999902526984,0.5274980000000011,0.65,281000.00000000536,280999.9713846173,0.00014999991971397566,18825.423634720464,-1.762327883625403e-08,0.00015,301.124,293.15,317.791,0.0,150000,1,562,56200000,56200000,56200000,0,301124,1,562,56200000,56200000,56200000,0,293150,1,562,56200000,56200000,56200000,0,317791,1,562,56200000,56200000,56200000,0,0,1,562,56200000,56200000,56200000,0,1.0,0.527498,0.65,1.0,0.527498,0.65,1.0,0.527498,0.65,562,56500000,False,1.0,5000.0,300.0,500.0,600000000000.0,100000000000.0,,561
1,dropped_command,thermal_loop,564,controller_tick,56300000,56.3,1,0,56300000,563,56300000,RUNNING,,0,0,62,1,0,reconstructed_from_retained_wire,True,,,317.7911501654224,301.1244843472488,293.14999902612385,0.5274980000000011,0.65,281500.0000000054,281499.9713359022,0.00014999991971397566,18825.423634720464,-1.7909769667312503e-08,0.00015,301.124,293.15,317.791,0.0,150000,1,563,56300000,56300000,56300000,0,301124,1,563,56300000,56300000,56300000,0,293150,1,563,56300000,56300000,56300000,0,317791,1,563,56300000,56300000,56300000,0,0,1,563,56300000,56300000,56300000,0,1.0,0.527498,0.65,1.0,0.527498,0.65,1.0,0.527498,0.65,563,56600000,False,1.0,5000.0,300.0,500.0,600000000000.0,100000000000.0,,562
1,dropped_command,thermal_loop,565,controller_tick,56400000,56.4,1,0,56400000,564,56400000,RUNNING,,0,0,62,1,0,reconstructed_from_retained_wire,True,,,317.79115016796624,301.12448434874716,293.1499990269777,0.5274980000000011,0.65,282000.0000000054,281999.9712872298,0.00014999991971397566,18825.423634720464,-1.847161001933273e-08,0.00015,301.124,293.15,317.791,0.0,150000,1,564,56400000,56400000,56400000,0,301124,1,564,56400000,56400000,56400000,0,293150,1,564,56400000,56400000,56400000,0,317791,1,564,56400000,56400000,56400000,0,0,1,564,56400000,56400000,56400000,0,1.0,0.527498,0.65,1.0,0.527498,0.65,1.0,0.527498,0.65,564,56700000,False,1.0,5000.0,300.0,500.0,600000000000.0,100000000000.0,,563
1,dropped_command,thermal_loop,566,controller_tick,56500000,56.5,1,0,56500000,565,56500000,RUNNING,,0,0,62,1,0,reconstructed_from_retained_wire,True,,,317.791150170507,301.1244843502445,293.1499990278313,0.5274980000000011,0.65,282500.0000000054,282499.97123860003,0.00014999991971397566,18825.423634720464,-1.8467744666850194e-08,0.00015,301.124,293.15,317.791,0.0,150000,1,565,56500000,56500000,56500000,0,301124,1,565,56500000,56500000,56500000,0,293150,1,565,56500000,56500000,56500000,0,317791,1,565,56500000,56500000,56500000,0,0,1,565,56500000,56500000,56500000,0,1.0,0.527498,0.65,1.0,0.527498,0.65,1.0,0.527498,0.65,565,56800000,False,1.0,5000.0,300.0,500.0,600000000000.0,100000000000.0,,564
1,dropped_command,thermal_loop,567,controller_tick,56600000,56.6,1,0,56600000,566,56600000,RUNNING,,0,0,62,1,0,reconstructed_from_retained_wire,True,,,317.7911501730447,301.1244843517407,293.1499990286848,0.5274980000000011,0.65,283000.0000000054,282999.971190013,0.00014999991971397566,18825.423634720464,-1.74579781742068e-08,0.00015,301.124,293.15,317.791,0.0,150000,1,566,56600000,56600000,56600000,0,301124,1,566,56600000,56600000,56600000,0,293150,1,566,56600000,56600000,56600000,0,317791,1,566,56600000,56600000,56600000,0,0,1,566,56600000,56600000,56600000,0,1.0,0.527498,0.65,1.0,0.527498,0.65,1.0,0.527498,0.65,566,56900000,False,1.0,5000.0,300.0,500.0,600000000000.0,100000000000.0,,565
1,dropped_command,thermal_loop,568,controller_tick,56700000,56.7,1,0,56700000,567,56700000,RUNNING,,0,0,62,1,0,reconstructed_from_retained_wire,True,,,317.7911501755792,301.12448435323586,293.1499990295381,0.5274980000000011,0.65,283500.0000000054,283499.97114146856,0.00014999991971397566,18825.423634720464,-1.698435880825855e-08,0.00015,301.124,293.15,317.791,0.0,150000,1,567,56700000,56700000,56700000,0,301124,1,567,56700000,56700000,56700000,0,293150,1,567,56700000,56700000,56700000,0,317791,1,567,56700000,56700000,56700000,0,0,1,567,56700000,56700000,56700000,0,1.0,0.527498,0.65,1.0,0.527498,0.65,1.0,0.527498,0.65,567,57000000,False,1.0,5000.0,300.0,500.0,600000000000.0,100000000000.0,,566
1,dropped_command,thermal_loop,569,controller_tick,56800000,56.8,1,0,56800000,568,56800000,RUNNING,,0,0,62,1,0,reconstructed_from_retained_wire,True,,,317.7911501781106,301.1244843547299,293.14999903039114,0.5274980000000011,0.65,284000.0000000055,283999.9710929668,0.00014999991971397566,18825.423634720464,-1.7522097550681792e-08,0.00015,301.124,293.15,317.791,0.0,150000,1,568,56800000,56800000,56800000,0,301124,1,568,56800000,56800000,56800000,0,293150,1,568,56800000,56800000,56800000,0,317791,1,568,56800000,56800000,56800000,0,0,1,568,56800000,56800000,56800000,0,1.0,0.527498,0.65,1.0,0.527498,0.65,1.0,0.527498,0.65,568,57100000,False,1.0,5000.0,300.0,500.0,600000000000.0,100000000000.0,,567
1,dropped_command,thermal_loop,570,controller_tick,56900000,56.9,1,0,56900000,569,56900000,RUNNING,,0,0,62,1,0,reconstructed_from_retained_wire,True,,,317.7911501806389,301.12448435622287,293.149999031244,0.5274980000000011,0.65,284500.0000000055,284499.9710445077,0.00014999991971397566,18825.423634720464,-1.7291540643782355e-08,0.00015,301.124,293.15,317.791,0.0,150000,1,569,56900000,56900000,56900000,0,301124,1,569,56900000,56900000,56900000,0,293150,1,569,56900000,56900000,56900000,0,317791,1,569,56900000,56900000,56900000,0,0,1,569,56900000,56900000,56900000,0,1.0,0.527498,0.65,1.0,0.527498,0.65,1.0,0.527498,0.65,569,57200000,False,1.0,5000.0,300.0,500.0,600000000000.0,100000000000.0,,568
1,dropped_command,thermal_loop,571,controller_tick,57000000,57.0,1,0,57000000,570,57000000,RUNNING,,0,0,62,1,0,reconstructed_from_retained_wire,True,,,317.7911501831641,301.1244843577147,293.14999903209673,0.5274980000000011,0.65,285000.0000000055,284999.9709960912,0.00014999991971397566,18825.423634720464,-1.67910911841318e-08,0.00015,301.124,293.15,317.791,0.0,150000,1,570,57000000,57000000,57000000,0,301124,1,570,57000000,57000000,57000000,0,293150,1,570,57000000,57000000,57000000,0,317791,1,570,57000000,57000000,57000000,0,0,1,570,57000000,57000000,57000000,0,1.0,0.527498,0.65,1.0,0.527498,0.65,1.0,0.527498,0.65,570,57300000,False,1.0,5000.0,300.0,500.0,600000000000.0,100000000000.0,,569
1,dropped_command,thermal_loop,572,controller_tick,57100000,57.1,1,0,57100000,571,57100000,RUNNING,,0,0,62,1,0,reconstructed_from_retained_wire,True,,,317.7911501856862,301.12448435920555,293.14999903294915,0.5274980000000011,0.65,285500.0000000055,285499.9709477174,0.00014999991971397566,18825.423634720464,-1.70061866811011e-08,0.00015,301.124,293.15,317.791,0.0,150000,1,571,57100000,57100000,57100000,0,301124,1,571,57100000,57100000,57100000,0,293150,1,571,57100000,57100000,57100000,0,317791,1,571,57100000,57100000,57100000,0,0,1,571,57100000,57100000,57100000,0,1.0,0.527498,0.65,1.0,0.527498,0.65,1.0,0.527498,0.65,571,57400000,False,1.0,5000.0,300.0,500.0,600000000000.0,100000000000.0,,570
1,dropped_command,thermal_loop,573,controller_tick,57200000,57.2,1,0,57200000,572,57200000,RUNNING,,0,0,62,1,0,reconstructed_from_retained_wire,True,,,317.79115018820517,301.12448436069525,293.1499990338014,0.5274980000000011,0.65,286000.0000000055,285999.97089938616,0.00014999991971397566,18825.423634720464,-1.751982381392736e-08,0.00015,301.124,293.15,317.791,0.0,150000,1,572,57200000,57200000,57200000,0,301124,1,572,57200000,57200000,57200000,0,293150,1,572,57200000,57200000,57200000,0,317791,1,572,57200000,57200000,57200000,0,0,1,572,57200000,57200000,57200000,0,1.0,0.527498,0.65,1.0,0.527498,0.65,1.0,0.527498,0.65,572,57500000,False,1.0,5000.0,300.0,500.0,600000000000.0,100000000000.0,,571
1,dropped_command,thermal_loop,574,controller_tick,57300000,57.3,1,0,57300000,573,57300000,RUNNING,,0,0,62,1,0,reconstructed_from_retained_wire,True,,,317.7911501907211,301.12448436218386,293.14999903465343,0.5274980000000011,0.65,286500.00000000553,286499.97085109755,0.00014999991971397566,18825.423634720464,-1.749094735714607e-08,0.00015,301.124,293.15,317.791,0.0,150000,1,573,57300000,57300000,57300000,0,301124,1,573,57300000,57300000,57300000,0,293150,1,573,57300000,57300000,57300000,0,317791,1,573,57300000,57300000,57300000,0,0,1,573,57300000,57300000,57300000,0,1.0,0.527498,0.65,1.0,0.527498,0.65,1.0,0.527498,0.65,573,57600000,False,1.0,5000.0,300.0,500.0,600000000000.0,100000000000.0,,572
1,dropped_command,thermal_loop,575,controller_tick,57400000,57.4,1,0,57400000,574,57400000,RUNNING,,0,0,62,1,0,reconstructed_from_retained_wire,True,,,317.79115019323393,301.1244843636714,293.14999903550523,0.5274980000000011,0.65,287000.00000000553,286999.97080285155,0.00014999991971397566,18825.423634720464,-1.7940010366146453e-08,0.00015,301.124,293.15,317.791,0.0,150000,1,574,57400000,57400000,57400000,0,301124,1,574,57400000,57400000,57400000,0,293150,1,574,57400000,57400000,57400000,0,317791,1,574,57400000,57400000,57400000,0,0,1,574,57400000,57400000,57400000,0,1.0,0.527498,0.65,1.0,0.527498,0.65,1.0,0.527498,0.65,574,57700000,False,1.0,5000.0,300.0,500.0,600000000000.0,100000000000.0,,573
1,dropped_command,thermal_loop,576,controller_tick,57500000,57.5,1,0,57500000,575,57500000,RUNNING,,0,0,62,1,0,reconstructed_from_retained_wire,True,,,317.7911501957437,301.1244843651578,293.14999903635686,0.5274980000000011,0.65,287500.00000000553,287499.97075464815,0.00014999991971397566,18825.423634720464,-1.811918082239572e-08,0.00015,301.124,293.15,317.791,0.0,150000,1,575,57500000,57500000,57500000,0,301124,1,575,57500000,57500000,57500000,0,293150,1,575,57500000,57500000,57500000,0,317791,1,575,57500000,57500000,57500000,0,0,1,575,57500000,57500000,57500000,0,1.0,0.527498,0.65,1.0,0.527498,0.65,1.0,0.527498,0.65,575,57800000,False,1.0,5000.0,300.0,500.0,600000000000.0,100000000000.0,,574
1,dropped_command,thermal_loop,577,controller_tick,57600000,57.6,1,0,57600000,576,57600000,RUNNING,,0,0,62,1,0,reconstructed_from_retained_wire,True,,,317.7911501982504,301.1244843666432,293.14999903720826,0.5274980000000011,0.65,288000.0000000056,287999.97070648725,0.00014999991971397566,18825.423634720464,-1.7397042029188015e-08,0.00015,301.124,293.15,317.791,0.0,150000,1,576,57600000,57600000,57600000,0,301124,1,576,57600000,57600000,57600000,0,293150,1,576,57600000,57600000,57600000,0,317791,1,576,57600000,57600000,57600000,0,0,1,576,57600000,57600000,57600000,0,1.0,0.527498,0.65,1.0,0.527498,0.65,1.0,0.527498,0.65,576,57900000,False,1.0,5000.0,300.0,500.0,600000000000.0,100000000000.0,,575
1,dropped_command,thermal_loop,578,controller_tick,57700000,57.7,1,0,57700000,577,57700000,RUNNING,,0,0,62,1,0,reconstructed_from_retained_wire,True,,,317.79115020075403,301.1244843681274,293.14999903805943,0.5274980000000011,0.65,288500.0000000056,288499.97065836895,0.00014999991971397566,18825.423634720464,-1.7628053683438338e-08,0.00015,301.124,293.15,317.791,0.0,150000,1,577,57700000,57700000,57700000,0,301124,1,577,57700000,57700000,57700000,0,293150,1,577,57700000,57700000,57700000,0,317791,1,577,57700000,57700000,57700000,0,0,1,577,57700000,57700000,57700000,0,1.0,0.527498,0.65,1.0,0.527498,0.65,1.0,0.527498,0.65,577,58000000,False,1.0,5000.0,300.0,500.0,600000000000.0,100000000000.0,,576
1,dropped_command,thermal_loop,579,controller_tick,57800000,57.8,1,0,57800000,578,57800000,RUNNING,,0,0,62,1,0,reconstructed_from_retained_wire,True,,,317.79115020325463,301.12448436961057,293.1499990389104,0.5274980000000011,0.65,289000.0000000056,288999.97061029327,0.00014999991971397566,18825.423634720464,-1.7258344087167643e-08,0.00015,301.124,293.15,317.791,0.0,150000,1,578,57800000,57800000,57800000,0,301124,1,578,57800000,57800000,57800000,0,293150,1,578,57800000,57800000,57800000,0,317791,1,578,57800000,57800000,57800000,0,0,1,578,57800000,57800000,57800000,0,1.0,0.527498,0.65,1.0,0.527498,0.65,1.0,0.527498,0.65,578,58100000,False,1.0,5000.0,300.0,500.0,600000000000.0,100000000000.0,,577
1,dropped_command,thermal_loop,580,controller_tick,57900000,57.9,1,0,57900000,579,57900000,RUNNING,,0,0,62,1,0,reconstructed_from_retained_wire,True,,,317.79115020575216,301.1244843710926,293.14999903976104,0.5274980000000011,0.65,289500.0000000056,289499.9705622601,0.00014999991971397566,18825.423634720464,-1.816079020500183e-08,0.00015,301.124,293.15,317.791,0.0,150000,1,579,57900000,57900000,57900000,0,301124,1,579,57900000,57900000,57900000,0,293150,1,579,57900000,57900000,57900000,0,317791,1,579,57900000,57900000,57900000,0,0,1,579,57900000,57900000,57900000,0,1.0,0.527498,0.65,1.0,0.527498,0.65,1.0,0.527498,0.65,579,58200000,False,1.0,5000.0,300.0,500.0,600000000000.0,100000000000.0,,578
1,dropped_command,thermal_loop,581,controller_tick,58000000,58.0,1,0,58000000,580,58000000,RUNNING,,0,0,62,1,0,reconstructed_from_retained_wire,True,,,317.7911502082467,301.12448437257353,293.1499990406115,0.5274980000000011,0.65,290000.0000000056,289999.9705142694,0.00014999991971397566,18825.423634720464,-1.8578930394141935e-08,0.00015,301.124,293.15,317.791,0.0,150000,1,580,58000000,58000000,58000000,0,301124,1,580,58000000,58000000,58000000,0,293150,1,580,58000000,58000000,58000000,0,317791,1,580,58000000,58000000,58000000,0,0,1,580,58000000,58000000,58000000,0,1.0,0.527498,0.65,1.0,0.527498,0.65,1.0,0.527498,0.65,580,58300000,False,1.0,5000.0,300.0,500.0,600000000000.0,100000000000.0,,579
1,dropped_command,thermal_loop,582,controller_tick,58100000,58.1,1,0,58100000,581,58100000,RUNNING,,0,0,62,1,0,reconstructed_from_retained_wire,True,,,317.7911502107381,301.12448437405345,293.1499990414617,0.5274980000000011,0.65,290500.0000000056,290499.9704663212,0.00014999991971397566,18825.423634720464,-1.8547780200606212e-08,0.00015,301.124,293.15,317.791,0.0,150000,1,581,58100000,58100000,58100000,0,301124,1,581,58100000,58100000,58100000,0,293150,1,581,58100000,58100000,58100000,0,317791,1,581,58100000,58100000,58100000,0,0,1,581,58100000,58100000,58100000,0,1.0,0.527498,0.65,1.0,0.527498,0.65,1.0,0.527498,0.65,581,58400000,False,1.0,5000.0,300.0,500.0,600000000000.0,100000000000.0,,580
1,dropped_command,thermal_loop,583,controller_tick,58200000,58.2,1,0,58200000,582,58200000,RUNNING,,0,0,62,1,0,reconstructed_from_retained_wire,True,,,317.79115021322656,301.12448437553223,293.14999904231166,0.5274980000000011,0.65,291000.0000000056,290999.97041841556,0.00014999991971397566,18825.423634720464,-1.850753506005276e-08,0.00015,301.124,293.15,317.791,0.0,150000,1,582,58200000,58200000,58200000,0,301124,1,582,58200000,58200000,58200000,0,293150,1,582,58200000,58200000,58200000,0,317791,1,582,58200000,58200000,58200000,0,0,1,582,58200000,58200000,58200000,0,1.0,0.527498,0.65,1.0,0.527498,0.65,1.0,0.527498,0.65,582,58500000,False,1.0,5000.0,300.0,500.0,600000000000.0,100000000000.0,,581
1,dropped_command,thermal_loop,584,controller_tick,58300000,58.3,1,0,58300000,583,58300000,RUNNING,,0,0,62,1,0,reconstructed_from_retained_wire,True,,,317.791150215712,301.12448437700994,293.14999904316136,0.5274980000000011,0.65,291500.0000000056,291499.9703705524,0.00014999991971397566,18825.423634720464,-1.8695800463319756e-08,0.00015,301.124,293.15,317.791,0.0,150000,1,583,58300000,58300000,58300000,0,301124,1,583,58300000,58300000,58300000,0,293150,1,583,58300000,58300000,58300000,0,317791,1,583,58300000,58300000,58300000,0,0,1,583,58300000,58300000,58300000,0,1.0,0.527498,0.65,1.0,0.527498,0.65,1.0,0.527498,0.65,583,58600000,False,1.0,5000.0,300.0,500.0,600000000000.0,100000000000.0,,582
1,dropped_command,thermal_loop,585,controller_tick,58400000,58.4,1,0,58400000,584,58400000,RUNNING,,0,0,62,1,0,reconstructed_from_retained_wire,True,,,317.7911502181944,301.12448437848656,293.1499990440109,0.5274980000000011,0.65,292000.00000000565,291999.9703227317,0.00014999991971397566,18825.423634720464,-1.7745151126291603e-08,0.00015,301.124,293.15,317.791,0.0,150000,1,584,58400000,58400000,58400000,0,301124,1,584,58400000,58400000,58400000,0,293150,1,584,58400000,58400000,58400000,0,317791,1,584,58400000,58400000,58400000,0,0,1,584,58400000,58400000,58400000,0,1.0,0.527498,0.65,1.0,0.527498,0.65,1.0,0.527498,0.65,584,58700000,False,1.0,5000.0,300.0,500.0,600000000000.0,100000000000.0,,583
1,dropped_command,thermal_loop,586,controller_tick,58500000,58.5,1,0,58500000,585,58500000,RUNNING,,0,0,62,1,0,reconstructed_from_retained_wire,True,,,317.7911502206738,301.12448437996204,293.1499990448601,0.5274980000000011,0.65,292500.00000000565,292499.9702749535,0.00014999991971397566,18825.423634720464,-1.7440015653846785e-08,0.00015,301.124,293.15,317.791,0.0,150000,1,585,58500000,58500000,58500000,0,301124,1,585,58500000,58500000,58500000,0,293150,1,585,58500000,58500000,58500000,0,317791,1,585,58500000,58500000,58500000,0,0,1,585,58500000,58500000,58500000,0,1.0,0.527498,0.65,1.0,0.527498,0.65,1.0,0.527498,0.65,585,58800000,False,1.0,5000.0,300.0,500.0,600000000000.0,100000000000.0,,584
1,dropped_command,thermal_loop,587,controller_tick,58600000,58.6,1,0,58600000,586,58600000,RUNNING,,0,0,62,1,0,reconstructed_from_retained_wire,True,,,317.79115022315017,301.12448438143645,293.1499990457091,0.5274980000000011,0.65,293000.0000000057,292999.97022721777,0.00014999991971397566,18825.423634720464,-1.747980604704935e-08,0.00015,301.124,293.15,317.791,0.0,150000,1,586,58600000,58600000,58600000,0,301124,1,586,58600000,58600000,58600000,0,293150,1,586,58600000,58600000,58600000,0,317791,1,586,58600000,58600000,58600000,0,0,1,586,58600000,58600000,58600000,0,1.0,0.527498,0.65,1.0,0.527498,0.65,1.0,0.527498,0.65,586,58900000,False,1.0,5000.0,300.0,500.0,600000000000.0,100000000000.0,,585
1,dropped_command,thermal_loop,588,controller_tick,58700000,58.7,1,0,58700000,587,58700000,RUNNING,,0,0,62,1,0,reconstructed_from_retained_wire,True,,,317.79115022562354,301.12448438290977,293.14999904655775,0.5274980000000011,0.65,293500.0000000057,293499.9701795245,0.00014999991971397566,18825.423634720464,-1.7689899323158897e-08,0.00015,301.124,293.15,317.791,0.0,150000,1,587,58700000,58700000,58700000,0,301124,1,587,58700000,58700000,58700000,0,293150,1,587,58700000,58700000,58700000,0,317791,1,587,58700000,58700000,58700000,0,0,1,587,58700000,58700000,58700000,0,1.0,0.527498,0.65,1.0,0.527498,0.65,1.0,0.527498,0.65,587,59000000,False,1.0,5000.0,300.0,500.0,600000000000.0,100000000000.0,,586
1,dropped_command,thermal_loop,589,controller_tick,58800000,58.8,1,0,58800000,588,58800000,RUNNING,,0,0,62,1,0,reconstructed_from_retained_wire,True,,,317.7911502280939,301.12448438438196,293.1499990474062,0.5274980000000011,0.65,294000.0000000057,293999.9701318736,0.00014999991971397566,18825.423634720464,-1.800731297407765e-08,0.00015,301.124,293.15,317.791,0.0,150000,1,588,58800000,58800000,58800000,0,301124,1,588,58800000,58800000,58800000,0,293150,1,588,58800000,58800000,58800000,0,317791,1,588,58800000,58800000,58800000,0,0,1,588,58800000,58800000,58800000,0,1.0,0.527498,0.65,1.0,0.527498,0.65,1.0,0.527498,0.65,588,59100000,False,1.0,5000.0,300.0,500.0,600000000000.0,100000000000.0,,587
1,dropped_command,thermal_loop,590,controller_tick,58900000,58.9,1,0,58900000,589,58900000,RUNNING,,0,0,62,1,0,reconstructed_from_retained_wire,True,,,317.7911502305613,301.1244843858531,293.14999904825436,0.5274980000000011,0.65,294500.0000000057,294499.97008426517,0.00014999991971397566,18825.423634720464,-1.7567799659445882e-08,0.00015,301.124,293.15,317.791,0.0,150000,1,589,58900000,58900000,58900000,0,301124,1,589,58900000,58900000,58900000,0,293150,1,589,58900000,58900000,58900000,0,317791,1,589,58900000,58900000,58900000,0,0,1,589,58900000,58900000,58900000,0,1.0,0.527498,0.65,1.0,0.527498,0.65,1.0,0.527498,0.65,589,59200000,False,1.0,5000.0,300.0,500.0,600000000000.0,100000000000.0,,588
1,dropped_command,thermal_loop,591,controller_tick,59000000,59.0,1,0,59000000,590,59000000,RUNNING,,0,0,62,1,0,reconstructed_from_retained_wire,True,,,317.7911502330257,301.12448438732315,293.1499990491023,0.5274980000000011,0.65,295000.00000000576,294999.9700366991,0.00014999991971397566,18825.423634720464,-1.7293814380536787e-08,0.00015,301.124,293.15,317.791,0.0,150000,1,590,59000000,59000000,59000000,0,301124,1,590,59000000,59000000,59000000,0,293150,1,590,59000000,59000000,59000000,0,317791,1,590,59000000,59000000,59000000,0,0,1,590,59000000,59000000,59000000,0,1.0,0.527498,0.65,1.0,0.527498,0.65,1.0,0.527498,0.65,590,59300000,False,1.0,5000.0,300.0,500.0,600000000000.0,100000000000.0,,589
1,dropped_command,thermal_loop,592,controller_tick,59100000,59.1,1,0,59100000,591,59100000,RUNNING,,0,0,62,1,0,reconstructed_from_retained_wire,True,,,317.7911502354871,301.12448438879204,293.14999904994994,0.5274980000000011,0.65,295500.00000000576,295499.9699891754,0.00014999991971397566,18825.423634720464,-1.7213324099429883e-08,0.00015,301.124,293.15,317.791,0.0,150000,1,591,59100000,59100000,59100000,0,301124,1,591,59100000,59100000,59100000,0,293150,1,591,59100000,59100000,59100000,0,317791,1,591,59100000,59100000,59100000,0,0,1,591,59100000,59100000,59100000,0,1.0,0.527498,0.65,1.0,0.527498,0.65,1.0,0.527498,0.65,591,59400000,False,1.0,5000.0,300.0,500.0,600000000000.0,100000000000.0,,590
1,dropped_command,thermal_loop,593,controller_tick,59200000,59.2,1,0,59200000,592,59200000,RUNNING,,0,0,62,1,0,reconstructed_from_retained_wire,True,,,317.79115023794554,301.1244843902599,293.1499990507973,0.5274980000000011,0.65,296000.00000000576,295999.9699416941,0.00014999991971397566,18825.423634720464,-1.694434104138054e-08,0.00015,301.124,293.15,317.791,0.0,150000,1,592,59200000,59200000,59200000,0,301124,1,592,59200000,59200000,59200000,0,293150,1,592,59200000,59200000,59200000,0,317791,1,592,59200000,59200000,59200000,0,0,1,592,59200000,59200000,59200000,0,1.0,0.527498,0.65,1.0,0.527498,0.65,1.0,0.527498,0.65,592,59500000,False,1.0,5000.0,300.0,500.0,600000000000.0,100000000000.0,,591
1,dropped_command,thermal_loop,594,controller_tick,59300000,59.3,1,0,59300000,593,59300000,RUNNING,,0,0,62,1,0,reconstructed_from_retained_wire,True,,,317.79115024040095,301.12448439172664,293.1499990516444,0.5274980000000011,0.65,296500.0000000058,296499.96989425516,0.00014999991971397566,18825.423634720464,-1.761191015248187e-08,0.00015,301.124,293.15,317.791,0.0,150000,1,593,59300000,59300000,59300000,0,301124,1,593,59300000,59300000,59300000,0,293150,1,593,59300000,59300000,59300000,0,317791,1,593,59300000,59300000,59300000,0,0,1,593,59300000,59300000,59300000,0,1.0,0.527498,0.65,1.0,0.527498,0.65,1.0,0.527498,0.65,593,59600000,False,1.0,5000.0,300.0,500.0,600000000000.0,100000000000.0,,592
1,dropped_command,thermal_loop,595,controller_tick,59400000,59.4,1,0,59400000,594,59400000,RUNNING,,0,0,62,1,0,reconstructed_from_retained_wire,True,,,317.7911502428534,301.12448439319223,293.1499990524912,0.5274980000000011,0.65,297000.0000000058,296999.9698468586,0.00014999991971397566,18825.423634720464,-1.847297426138539e-08,0.00015,301.124,293.15,317.791,0.0,150000,1,594,59400000,59400000,59400000,0,301124,1,594,59400000,59400000,59400000,0,293150,1,594,59400000,59400000,59400000,0,317791,1,594,59400000,59400000,59400000,0,0,1,594,59400000,59400000,59400000,0,1.0,0.527498,0.65,1.0,0.527498,0.65,1.0,0.527498,0.65,594,59700000,False,1.0,5000.0,300.0,500.0,600000000000.0,100000000000.0,,593
1,dropped_command,thermal_loop,596,controller_tick,59500000,59.5,1,0,59500000,595,59500000,RUNNING,,0,0,62,1,0,reconstructed_from_retained_wire,True,,,317.79115024530296,301.1244843946568,293.1499990533377,0.5274980000000011,0.65,297500.0000000058,297499.9697995043,0.00014999991971397566,18825.423634720464,-1.8125092537957244e-08,0.00015,301.124,293.15,317.791,0.0,150000,1,595,59500000,59500000,59500000,0,301124,1,595,59500000,59500000,59500000,0,293150,1,595,59500000,59500000,59500000,0,317791,1,595,59500000,59500000,59500000,0,0,1,595,59500000,59500000,59500000,0,1.0,0.527498,0.65,1.0,0.527498,0.65,1.0,0.527498,0.65,595,59800000,False,1.0,5000.0,300.0,500.0,600000000000.0,100000000000.0,,594
1,dropped_command,thermal_loop,597,controller_tick,59600000,59.6,1,0,59600000,596,59600000,RUNNING,,0,0,62,1,0,reconstructed_from_retained_wire,True,,,317.79115024774956,301.12448439612024,293.1499990541839,0.5274980000000011,0.65,298000.0000000058,297999.9697521924,0.00014999991971397566,18825.423634720464,-1.8087121134158224e-08,0.00015,301.124,293.15,317.791,0.0,150000,1,596,59600000,59600000,59600000,0,301124,1,596,59600000,59600000,59600000,0,293150,1,596,59600000,59600000,59600000,0,317791,1,596,59600000,59600000,59600000,0,0,1,596,59600000,59600000,59600000,0,1.0,0.527498,0.65,1.0,0.527498,0.65,1.0,0.527498,0.65,596,59900000,False,1.0,5000.0,300.0,500.0,600000000000.0,100000000000.0,,595
1,dropped_command,thermal_loop,598,controller_tick,59700000,59.7,1,0,59700000,597,59700000,RUNNING,,0,0,62,1,0,reconstructed_from_retained_wire,True,,,317.79115025019314,301.12448439758253,293.14999905502987,0.5274980000000011,0.65,298500.0000000059,298499.96970492275,0.00014999991971397566,18825.423634720464,-1.8985701899509877e-08,0.00015,301.124,293.15,317.791,0.0,150000,1,597,59700000,59700000,59700000,0,301124,1,597,59700000,59700000,59700000,0,293150,1,597,59700000,59700000,59700000,0,317791,1,597,59700000,59700000,59700000,0,0,1,597,59700000,59700000,59700000,0,1.0,0.527498,0.65,1.0,0.527498,0.65,1.0,0.527498,0.65,597,60000000,False,1.0,5000.0,300.0,500.0,600000000000.0,100000000000.0,,596
1,dropped_command,thermal_loop,599,controller_tick,59800000,59.8,1,0,59800000,598,59800000,RUNNING,,0,0,62,1,0,reconstructed_from_retained_wire,True,,,317.7911502526339,301.1244843990438,293.1499990558755,0.5274980000000011,0.65,299000.0000000059,298999.9696576954,0.00014999991971397566,18825.423634720464,-1.8106902643921785e-08,0.00015,301.124,293.15,317.791,0.0,150000,1,598,59800000,59800000,59800000,0,301124,1,598,59800000,59800000,59800000,0,293150,1,598,59800000,59800000,59800000,0,317791,1,598,59800000,59800000,59800000,0,0,1,598,59800000,59800000,59800000,0,1.0,0.527498,0.65,1.0,0.527498,0.65,1.0,0.527498,0.65,598,60100000,False,1.0,5000.0,300.0,500.0,600000000000.0,100000000000.0,,597
1,dropped_command,thermal_loop,600,controller_tick,59900000,59.9,1,0,59900000,599,59900000,RUNNING,,0,0,62,1,0,reconstructed_from_retained_wire,True,,,317.79115025507167,301.12448440050395,293.14999905672084,0.5274980000000011,0.65,299500.0000000059,299499.96961051034,0.00014999991971397566,18825.423634720464,-1.825083018047735e-08,0.00015,301.124,293.15,317.791,0.0,150000,1,599,59900000,59900000,59900000,0,301124,1,599,59900000,59900000,59900000,0,293150,1,599,59900000,59900000,59900000,0,317791,1,599,59900000,59900000,59900000,0,0,1,599,59900000,59900000,59900000,0,1.0,0.527498,0.65,1.0,0.527498,0.65,1.0,0.527498,0.65,599,60200000,False,1.0,5000.0,300.0,500.0,600000000000.0,100000000000.0,,598
1,dropped_command,thermal_loop,601,event_boundary,60000000,60.0,1,0,60000000,,59900000,RUNNING,,0,0,62,1,0,reconstructed_from_retained_wire,True,command_link_fault,before,317.7911502575065,301.12448440196295,293.14999905756594,0.5274980000000011,0.65,300000.00000000594,299999.96956336754,0.00014999991971397566,18825.423634720464,-1.8108266885974444e-08,0.00015,301.124,293.15,317.791,0.0,150000,1,599,59900000,59900000,59900000,100000,301124,1,599,59900000,59900000,59900000,100000,293150,1,599,59900000,59900000,59900000,100000,317791,1,599,59900000,59900000,59900000,100000,0,1,599,59900000,59900000,59900000,100000,1.0,0.527498,0.65,1.0,0.527498,0.65,1.0,0.527498,0.65,599,60200000,False,1.0,5000.0,300.0,500.0,600000000000.0,100000000000.0,,599
1,dropped_command,thermal_loop,602,event_boundary,60000000,60.0,1,0,60000000,,59900000,RUNNING,,0,0,62,1,0,reconstructed_from_retained_wire,True,command_link_fault,after,317.7911502575065,301.12448440196295,293.14999905756594,0.5274980000000011,0.65,300000.00000000594,299999.96956336754,0.00014999991971397566,18825.423634720464,-1.8108266885974444e-08,0.00015,301.124,293.15,317.791,0.0,150000,1,599,59900000,59900000,59900000,100000,301124,1,599,59900000,59900000,59900000,100000,293150,1,599,59900000,59900000,59900000,100000,317791,1,599,59900000,59900000,59900000,100000,0,1,599,59900000,59900000,59900000,100000,1.0,0.527498,0.65,1.0,0.527498,0.65,1.0,0.527498,0.65,599,60200000,False,1.0,5000.0,300.0,500.0,600000000000.0,100000000000.0,,599
1,dropped_command,thermal_loop,603,controller_tick,60000000,60.0,1,0,60000000,600,60000000,RUNNING,,0,0,62,1,0,reconstructed_from_retained_wire,True,,,317.7911502575065,301.12448440196295,293.14999905756594,0.5274980000000011,0.65,300000.00000000594,299999.96956336754,0.00014999991971397566,18825.423634720464,-1.8108266885974444e-08,0.00015,301.124,293.15,317.791,0.0,150000,1,600,60000000,60000000,60000000,0,301124,1,600,60000000,60000000,60000000,0,293150,1,600,60000000,60000000,60000000,0,317791,1,600,60000000,60000000,60000000,0,0,1,600,60000000,60000000,60000000,0,1.0,0.527498,0.65,1.0,0.527498,0.65,1.0,0.527498,0.65,599,60200000,False,1.0,5000.0,300.0,500.0,600000000000.0,100000000000.0,,599
1,dropped_command,thermal_loop,604,controller_tick,60100000,60.1,1,0,60100000,601,60100000,RUNNING,,0,0,62,1,0,reconstructed_from_retained_wire,True,,,317.79115025993843,301.1244844034208,293.1499990584107,0.5274980000000011,0.65,300500.00000000594,300499.96951626695,0.00014999991971397566,18825.423634720464,-1.8478203855920583e-08,0.00015,301.124,293.15,317.791,0.0,150000,1,601,60100000,60100000,60100000,0,301124,1,601,60100000,60100000,60100000,0,293150,1,601,60100000,60100000,60100000,0,317791,1,601,60100000,60100000,60100000,0,0,1,601,60100000,60100000,60100000,0,1.0,0.527498,0.65,1.0,0.527498,0.65,1.0,0.527498,0.65,599,60200000,False,1.0,5000.0,300.0,500.0,600000000000.0,100000000000.0,,600
1,dropped_command,thermal_loop,605,controller_tick,60200000,60.2,1,0,60200000,602,60200000,RUNNING,,0,0,62,1,0,reconstructed_from_retained_wire,True,,,317.7911502623674,301.12448440487765,293.14999905925515,0.5274980000000011,0.65,301000.00000000594,300999.9694692086,0.00014999991971397566,18825.423634720464,-1.8265836843056604e-08,0.00015,301.124,293.15,317.791,0.0,150000,1,602,60200000,60200000,60200000,0,301124,1,602,60200000,60200000,60200000,0,293150,1,602,60200000,60200000,60200000,0,317791,1,602,60200000,60200000,60200000,0,0,1,602,60200000,60200000,60200000,0,1.0,0.527498,0.65,0.0,1.0,1.0,0.0,1.0,1.0,599,60200000,True,1.0,0.0,300.0,500.0,600000000000.0,100000000000.0,,601
1,dropped_command,thermal_loop,606,controller_tick,60300000,60.3,1,0,60300000,603,60300000,RUNNING,,0,0,62,1,0,reconstructed_from_retained_wire,True,,,317.74122192687753,301.1212572732814,293.15209052162794,0.5724625103009668,0.7134442363200045,301000.00000000594,301500.0047060981,0.0001654998037525934,21815.25855314968,-1.7432057575206272e-08,0.0001655,301.121,293.152,317.741,0.0,165500,1,603,60300000,60300000,60300000,0,301121,1,603,60300000,60300000,60300000,0,293152,1,603,60300000,60300000,60300000,0,317741,1,603,60300000,60300000,60300000,0,0,1,603,60300000,60300000,60300000,0,1.0,0.496188,0.65,0.0,1.0,1.0,0.0,1.0,1.0,599,60200000,True,1.0,0.0,300.0,500.0,600000000000.0,100000000000.0,,602
1,dropped_command,thermal_loop,607,controller_tick,60400000,60.4,1,0,60400000,604,60400000,RUNNING,,0,0,62,1,0,reconstructed_from_retained_wire,True,,,317.69142447177825,301.11215380199445,293.1579790798806,0.613148081705179,0.7653879837203953,301000.00000000594,302000.241756562,0.00017920178505993718,24749.745102406916,-1.698867890809197e-08,0.000179202,301.112,293.158,317.691,0.0,179202,1,604,60400000,60400000,60400000,0,301112,1,604,60400000,60400000,60400000,0,293158,1,604,60400000,60400000,60400000,0,317691,1,604,60400000,60400000,60400000,0,0,1,604,60400000,60400000,60400000,0,1.0,0.4682,0.65,0.0,1.0,1.0,0.0,1.0,1.0,599,60200000,True,1.0,0.0,300.0,500.0,600000000000.0,100000000000.0,,603
1,dropped_command,thermal_loop,608,controller_tick,60500000,60.5,1,0,60500000,605,60500000,RUNNING,,0,0,62,1,0,reconstructed_from_retained_wire,True,,,317.64174108774216,301.09794595686714,293.1671494074881,0.6499619090860904,0.8079159271629622,301000.00000000594,302500.8572739888,0.00019139694344034566,27591.932342960776,-1.6981402950477786e-08,0.000191397,301.098,293.167,317.642,0.0,191397,1,605,60500000,60500000,60500000,0,301098,1,605,60500000,60500000,60500000,0,293167,1,605,60500000,60500000,60500000,0,317642,1,605,60500000,60500000,60500000,0,0,1,605,60500000,60500000,60500000,0,1.0,0.442982,0.65,0.0,1.0,1.0,0.0,1.0,1.0,599,60200000,True,1.0,0.0,300.0,500.0,600000000000.0,100000000000.0,,604
1,dropped_command,thermal_loop,609,controller_tick,60600000,60.6,1,0,60600000,606,60600000,RUNNING,,0,0,62,1,0,reconstructed_from_retained_wire,True,,,317.5921571722247,301.07930615900375,293.1791526973439,0.6832724376016378,0.8427348623372247,301000.00000000594,303002.00388450996,0.00020229641850573395,30316.58602250958,-1.691000761638861e-08,0.000202296,301.079,293.179,317.592,0.0,202296,1,606,60600000,60600000,60600000,0,301079,1,606,60600000,60600000,60600000,0,293179,1,606,60600000,60600000,60600000,0,317592,1,606,60600000,60600000,60600000,0,0,1,606,60600000,60600000,60600000,0,1.0,0.420138,0.65,0.0,1.0,1.0,0.0,1.0,1.0,599,60200000,True,1.0,0.0,300.0,500.0,600000000000.0,100000000000.0,,605
1,dropped_command,thermal_loop,610,controller_tick,60700000,60.7,1,0,60700000,607,60700000,RUNNING,,0,0,62,1,0,reconstructed_from_retained_wire,True,,,317.54266005902,301.0568282860426,293.1935926418527,0.7134130502172201,0.8712421953640438,301000.00000000594,303503.8131303714,0.000212064245837632,32907.32027695034,-1.675653038546443e-08,0.000212064,301.057,293.194,317.543,0.0,212064,1,607,60700000,60700000,60700000,0,301057,1,607,60700000,60700000,60700000,0,293194,1,607,60700000,60700000,60700000,0,317543,1,607,60700000,60700000,60700000,0,0,1,607,60700000,60700000,60700000,0,1.0,0.399361,0.65,0.0,1.0,1.0,0.0,1.0,1.0,599,60200000,True,1.0,0.0,300.0,500.0,600000000000.0,100000000000.0,,606
1,dropped_command,thermal_loop,611,controller_tick,60800000,60.8,1,0,60800000,608,60800000,RUNNING,,0,0,62,1,0,reconstructed_from_retained_wire,True,,,317.4932387977142,301.03104044708533,293.210116901099,0.7406854043144687,0.8945820256095992,301000.00000000594,304006.3978661641,0.00022083396843077007,35354.430171295855,-1.677699401625432e-08,0.000220834,301.031,293.21,317.493,0.0,220834,1,608,60800000,60800000,60800000,0,301031,1,608,60800000,60800000,60800000,0,293210,1,608,60800000,60800000,60800000,0,317493,1,608,60800000,60800000,60800000,0,0,1,608,60800000,60800000,60800000,0,1.0,0.380404,0.65,0.0,1.0,1.0,0.0,1.0,1.0,599,60200000,True,1.0,0.0,300.0,500.0,600000000000.0,100000000000.0,,607
1,dropped_command,thermal_loop,612,controller_tick,60900000,60.9,1,0,60900000,609,60900000,RUNNING,,0,0,62,1,0,reconstructed_from_retained_wire,True,,,317.4438839652863,301.00241368161363,293.2284112907206,0.7653624507797131,0.9136910624099464,301000.00000000594,304509.85430393176,0.00022871776183030823,37653.24227568664,-1.648277248023078e-08,0.000228718,301.002,293.228,317.444,0.0,228718,1,609,60900000,60900000,60900000,0,301002,1,609,60900000,60900000,60900000,0,293228,1,609,60900000,60900000,60900000,0,317444,1,609,60900000,60900000,60900000,0,0,1,609,60900000,60900000,60900000,0,1.0,0.363062,0.65,0.0,1.0,1.0,0.0,1.0,1.0,599,60200000,True,1.0,0.0,300.0,500.0,600000000000.0,100000000000.0,,608
1,dropped_command,thermal_loop,613,event_boundary,61000000,61.0,1,0,61000000,,60900000,RUNNING,,0,0,62,1,0,reconstructed_from_retained_wire,True,command_link_fault,before,317.394587500764,300.9713684897684,293.2481954171621,0.7876911657881918,0.9293362185055162,301000.00000000594,305014.2638074045,0.0002358118432291318,39802.8471032278,-1.7027559806592762e-08,0.000228718,301.002,293.228,317.444,0.0,228718,1,609,60900000,60900000,60900000,100000,301002,1,609,60900000,60900000,60900000,100000,293228,1,609,60900000,60900000,60900000,100000,317444,1,609,60900000,60900000,60900000,100000,0,1,609,60900000,60900000,60900000,100000,1.0,0.363062,0.65,0.0,1.0,1.0,0.0,1.0,1.0,599,60200000,True,1.0,0.0,300.0,500.0,600000000000.0,100000000000.0,,609
1,dropped_command,thermal_loop,614,event_boundary,61000000,61.0,1,0,61000000,,60900000,RUNNING,,0,0,62,1,0,reconstructed_from_retained_wire,True,command_link_fault,after,317.394587500764,300.9713684897684,293.2481954171621,0.7876911657881918,0.9293362185055162,301000.00000000594,305014.2638074045,0.0002358118432291318,39802.8471032278,-1.7027559806592762e-08,0.000228718,301.002,293.228,317.444,0.0,228718,1,609,60900000,60900000,60900000,100000,301002,1,609,60900000,60900000,60900000,100000,293228,1,609,60900000,60900000,60900000,100000,317444,1,609,60900000,60900000,60900000,100000,0,1,609,60900000,60900000,60900000,100000,1.0,0.363062,0.65,0.0,1.0,1.0,0.0,1.0,1.0,599,60200000,True,1.0,0.0,300.0,500.0,600000000000.0,100000000000.0,,609
1,dropped_command,thermal_loop,615,controller_tick,61000000,61.0,1,0,61000000,610,61000000,RUNNING,,0,0,62,1,0,reconstructed_from_retained_wire,True,,,317.394587500764,300.9713684897684,293.2481954171621,0.7876911657881918,0.9293362185055162,301000.00000000594,305014.2638074045,0.0002358118432291318,39802.8471032278,-1.7027559806592762e-08,0.000235812,300.971,293.248,317.395,0.0,235812,1,610,61000000,61000000,61000000,0,300971,1,610,61000000,61000000,61000000,0,293248,1,610,61000000,61000000,61000000,0,317395,1,610,61000000,61000000,61000000,0,0,1,610,61000000,61000000,61000000,0,1.0,0.347158,0.65,1.0,0.347158,0.65,1.0,0.347158,0.65,610,61300000,False,1.0,5000.0,300.0,500.0,600000000000.0,100000000000.0,,609
1,dropped_command,thermal_loop,616,controller_tick,61100000,61.1,1,0,61100000,611,61100000,RUNNING,,0,0,62,1,0,reconstructed_from_retained_wire,True,,,317.3952717057099,300.9423094750123,293.2665929386338,0.7457688922930025,0.8787011526189775,301500.000000006,305519.6502020517,0.00022190056283033364,35921.18015742565,-1.698299456620589e-08,0.000221901,300.942,293.267,317.395,0.0,221901,1,611,61100000,61100000,61100000,0,300942,1,611,61100000,61100000,61100000,0,293267,1,611,61100000,61100000,61100000,0,317395,1,611,61100000,61100000,61100000,0,0,1,611,61100000,61100000,61100000,0,1.0,0.373542,0.65,1.0,0.373542,0.65,1.0,0.373542,0.65,611,61400000,False,1.0,5000.0,300.0,500.0,600000000000.0,100000000000.0,,610
1,dropped_command,thermal_loop,617,controller_tick,61200000,61.2,1,0,61200000,612,61200000,RUNNING,,0,0,62,1,0,reconstructed_from_retained_wire,True,,,317.3958752956004,300.9187429802973,293.28132723671115,0.7103468201476372,0.8372446669786991,302000.00000000605,306025.862101074,0.00021014175999242894,32795.43677229971,-1.6967987903626636e-08,0.000210142,300.919,293.281,317.396,0.0,210142,1,612,61200000,61200000,61200000,0,300919,1,612,61200000,61200000,61200000,0,293281,1,612,61200000,61200000,61200000,0,317396,1,612,61200000,61200000,61200000,0,0,1,612,61200000,61200000,61200000,0,1.0,0.395857,0.65,1.0,0.395857,0.65,1.0,0.395857,0.65,612,61500000,False,1.0,5000.0,300.0,500.0,600000000000.0,100000000000.0,,611
1,dropped_command,thermal_loop,618,controller_tick,61300000,61.3,1,0,61300000,613,61300000,RUNNING,,0,0,62,1,0,reconstructed_from_retained_wire,True,,,317.39641354946724,300.8997528114365,293.2930102717233,0.6804191568623997,0.8033029672583867,302500.00000000605,306532.7321150295,0.00020021269349835842,30262.97384738685,-1.6884769138414413e-08,0.000200213,300.9,293.293,317.396,0.0,200213,1,613,61300000,61300000,61300000,0,300900,1,613,61300000,61300000,61300000,0,293293,1,613,61300000,61300000,61300000,0,317396,1,613,61300000,61300000,61300000,0,0,1,613,61300000,61300000,61300000,0,1.0,0.41471,0.65,1.0,0.41471,0.65,1.0,0.41471,0.65,613,61600000,False,1.0,5000.0,300.0,500.0,600000000000.0,100000000000.0,,612
1,dropped_command,thermal_loop,619,controller_tick,61400000,61.4,1,0,61400000,614,61400000,RUNNING,,0,0,62,1,0,reconstructed_from_retained_wire,True,,,317.3968991951403,300.8845772987063,293.30215079451443,0.6551335874450781,0.7755138538757969,303000.00000000605,307040.1207889229,0.00019183586979181296,28199.601364353213,-1.646185410209e-08,0.000191836,300.885,293.302,317.397,0.0,191836,1,614,61400000,61400000,61400000,0,300885,1,614,61400000,61400000,61400000,0,293302,1,614,61400000,61400000,61400000,0,317397,1,614,61400000,61400000,61400000,0,0,1,614,61400000,61400000,61400000,0,1.0,0.430628,0.65,1.0,0.430628,0.65,1.0,0.430628,0.65,614,61700000,False,1.0,5000.0,300.0,500.0,600000000000.0,100000000000.0,,613
1,dropped_command,thermal_loop,620,controller_tick,61500000,61.5,1,0,61500000,615,61500000,RUNNING,,0,0,62,1,0,reconstructed_from_retained_wire,True,,,317.3973428378694,300.87258228325805,293.3091723879906,0.6337690560794538,0.7527620521407002,303500.00000000605,307547.9119085875,0.00018477345361636273,26509.82997985692,-1.6711055650375783e-08,0.000184773,300.873,293.309,317.397,0.0,184773,1,615,61500000,61500000,61500000,0,300873,1,615,61500000,61500000,61500000,0,293309,1,615,61500000,61500000,61500000,0,317397,1,615,61500000,61500000,61500000,0,0,1,615,61500000,61500000,61500000,0,1.0,0.444058,0.65,1.0,0.444058,0.65,1.0,0.444058,0.65,615,61800000,False,1.0,5000.0,300.0,500.0,600000000000.0,100000000000.0,,614
1,dropped_command,thermal_loop,621,controller_tick,61600000,61.6,1,0,61600000,616,61600000,RUNNING,,0,0,62,1,0,reconstructed_from_retained_wire,True,,,317.39775331463545,300.8632391746229,293.3144281222729,0.615715662156652,0.7341344523657362,304000.0000000061,308056.0086212165,0.00017882211038488066,25119.63879749946,-1.749867806211114e-08,0.000178822,300.863,293.314,317.398,0.0,178822,1,616,61600000,61600000,61600000,0,300863,1,616,61600000,61600000,61600000,0,293314,1,616,61600000,61600000,61600000,0,317398,1,616,61600000,61600000,61600000,0,0,1,616,61600000,61600000,61600000,0,1.0,0.455384,0.65,1.0,0.455384,0.65,1.0,0.455384,0.65,616,61900000,False,1.0,5000.0,300.0,500.0,600000000000.0,100000000000.0,,615
1,dropped_command,thermal_loop,622,controller_tick,61700000,61.7,1,0,61700000,617,61700000,RUNNING,,0,0,62,1,0,reconstructed_from_retained_wire,True,,,317.39813798789316,300.8561069914182,293.31821254977723,0.6004580872159494,0.7188834635686507,304500.0000000061,308564.3302193256,0.00017380862390682593,23971.216352549884,-1.8140781321562827e-08,0.000173809,300.856,293.318,317.398,0.0,173809,1,617,61700000,61700000,61700000,0,300856,1,617,61700000,61700000,61700000,0,293318,1,617,61700000,61700000,61700000,0,317398,1,617,61700000,61700000,61700000,0,0,1,617,61700000,61700000,61700000,0,1.0,0.464934,0.65,1.0,0.464934,0.65,1.0,0.464934,0.65,617,62000000,False,1.0,5000.0,300.0,500.0,600000000000.0,100000000000.0,,616
1,dropped_command,thermal_loop,623,controller_tick,61800000,61.8,1,0,61800000,618,61800000,RUNNING,,0,0,62,1,0,reconstructed_from_retained_wire,True,,,317.3985029895231,300.85081755127146,293.32077159703573,0.5875612651587588,0.7063970100213227,305000.0000000061,309072.8094700308,0.000169585916088955,23019.070857204097,-1.8785613065119833e-08,0.000169586,300.851,293.321,317.399,0.0,169586,1,618,61800000,61800000,61800000,0,300851,1,618,61800000,61800000,61800000,0,293321,1,618,61800000,61800000,61800000,0,317399,1,618,61800000,61800000,61800000,0,0,1,618,61800000,61800000,61800000,0,1.0,0.472988,0.65,1.0,0.472988,0.65,1.0,0.472988,0.65,618,62100000,False,1.0,5000.0,300.0,500.0,600000000000.0,100000000000.0,,617
1,dropped_command,thermal_loop,624,controller_tick,61900000,61.9,1,0,61900000,619,61900000,RUNNING,,0,0,62,1,0,reconstructed_from_retained_wire,True,,,317.3988534236498,300.84706321639163,293.3223107496338,0.576658177422706,0.6961739665017417,305500.00000000617,309581.3903947784,0.00016602948252091663,22227.149732382364,-1.9402250472921878e-08,0.000166029,300.847,293.322,317.399,0.0,166029,1,619,61900000,61900000,61900000,0,300847,1,619,61900000,61900000,61900000,0,293322,1,619,61900000,61900000,61900000,0,317399,1,619,61900000,61900000,61900000,0,0,1,619,61900000,61900000,61900000,0,1.0,0.479781,0.65,1.0,0.479781,0.65,1.0,0.479781,0.65,619,62200000,False,1.0,5000.0,300.0,500.0,600000000000.0,100000000000.0,,618
1,dropped_command,thermal_loop,625,controller_tick,62000000,62.0,1,0,62000000,620,62000000,RUNNING,,0,0,62,1,0,reconstructed_from_retained_wire,True,,,317.3991935353984,300.8445867481933,293.3230018285301,0.5674390950861995,0.6878040463793544,306000.0000000062,310090.0264220711,0.00016303410893710673,21566.664392457944,-1.9357230485184118e-08,0.000163034,300.845,293.323,317.399,0.0,163034,1,620,62000000,62000000,62000000,0,300845,1,620,62000000,62000000,62000000,0,293323,1,620,62000000,62000000,62000000,0,317399,1,620,62000000,62000000,62000000,0,0,1,620,62000000,62000000,62000000,0,1.0,0.485511,0.65,1.0,0.485511,0.65,1.0,0.485511,0.65,620,62300000,False,1.0,5000.0,300.0,500.0,600000000000.0,100000000000.0,,619
1,dropped_command,thermal_loop,626,controller_tick,62100000,62.1,1,0,62100000,621,62100000,RUNNING,,0,0,62,1,0,reconstructed_from_retained_wire,True,,,317.39952685145965,300.84317290830705,293.3229885999851,0.559642606022762,0.6809513353720285,306500.0000000063,310598.6788488624,0.00016051102283833483,21014.46926655146,-1.922580850077793e-08,0.000160511,300.843,293.323,317.4,0.0,160511,1,621,62100000,62100000,62100000,0,300843,1,621,62100000,62100000,62100000,0,293323,1,621,62100000,62100000,62100000,0,317400,1,621,62100000,62100000,62100000,0,0,1,621,62100000,62100000,62100000,0,1.0,0.490346,0.65,1.0,0.490346,0.65,1.0,0.490346,0.65,621,62400000,False,1.0,5000.0,300.0,500.0,600000000000.0,100000000000.0,,620
1,dropped_command,thermal_loop,627,controller_tick,62200000,62.2,1,0,62200000,622,62200000,RUNNING,,0,0,62,1,0,reconstructed_from_retained_wire,True,,,317.39985629728415,300.84264148530605,293.32239143324404,0.5530481620725963,0.6753408101264844,307000.0000000063,311107.31555783877,0.0001583854473941047,20551.84697869539,-1.908938429551199e-08,0.000158385,300.843,293.322,317.4,0.0,158385,1,622,62200000,62200000,62200000,0,300843,1,622,62200000,62200000,62200000,0,293322,1,622,62200000,62200000,62200000,0,317400,1,622,62200000,62200000,62200000,0,0,1,622,62200000,62200000,62200000,0,1.0,0.494431,0.65,1.0,0.494431,0.65,1.0,0.494431,0.65,622,62500000,False,1.0,5000.0,300.0,500.0,600000000000.0,100000000000.0,,621
1,dropped_command,thermal_loop,628,controller_tick,62300000,62.3,1,0,62300000,623,62300000,RUNNING,,0,0,62,1,0,reconstructed_from_retained_wire,True,,,317.4001842948351,300.84284148088915,293.32131118377924,0.5474700015826223,0.6707473005654975,307500.0000000063,311615.90994754253,0.00015659454681226672,20163.599426751964,-1.9252183847129345e-08,0.000156595,300.843,293.321,317.4,0.0,156595,1,623,62300000,62300000,62300000,0,300843,1,623,62300000,62300000,62300000,0,293321,1,623,62300000,62300000,62300000,0,317400,1,623,62300000,62300000,62300000,0,0,1,623,62300000,62300000,62300000,0,1.0,0.497879,0.65,1.0,0.497879,0.65,1.0,0.497879,0.65,623,62600000,False,1.0,5000.0,300.0,500.0,600000000000.0,100000000000.0,,622
1,dropped_command,thermal_loop,629,controller_tick,62400000,62.4,1,0,62400000,624,62400000,RUNNING,,0,0,62,1,0,reconstructed_from_retained_wire,True,,,317.4005128441658,300.84364631071213,293.3198323988777,0.5427507938300569,0.666986453022105,308000.0000000063,312124.44003958016,0.00015508530985491054,19837.261087198247,-2.035994839388877e-08,0.000155085,300.844,293.32,317.401,0.0,155085,1,624,62400000,62400000,62400000,0,300844,1,624,62400000,62400000,62400000,0,293320,1,624,62400000,62400000,62400000,0,317401,1,624,62400000,62400000,62400000,0,0,1,624,62400000,62400000,62400000,0,1.0,0.500797,0.65,1.0,0.500797,0.65,1.0,0.500797,0.65,624,62700000,False,1.0,5000.0,300.0,500.0,600000000000.0,100000000000.0,,623
1,dropped_command,thermal_loop,630,controller_tick,62500000,62.5,1,0,62500000,625,62500000,RUNNING,,0,0,62,1,0,reconstructed_from_retained_wire,True,,,317.4008435916592,300.84494979590005,293.3180259951025,0.5387583624861885,0.6639073314796691,308500.00000000634,312632.8877318152,0.00015381334292682172,19562.639529950306,-2.0687366486527026e-08,0.000153813,300.845,293.318,317.401,0.0,153813,1,625,62500000,62500000,62500000,0,300845,1,625,62500000,62500000,62500000,0,293318,1,625,62500000,62500000,62500000,0,317401,1,625,62500000,62500000,62500000,0,0,1,625,62500000,62500000,62500000,0,1.0,0.503265,0.65,1.0,0.503265,0.65,1.0,0.503265,0.65,625,62800000,False,1.0,5000.0,300.0,500.0,600000000000.0,100000000000.0,,624
1,dropped_command,thermal_loop,631,controller_tick,62600000,62.6,1,0,62600000,626,62600000,RUNNING,,0,0,62,1,0,reconstructed_from_retained_wire,True,,,317.40117788702076,300.8466628201573,293.315951491173,0.5353807224695764,0.661386359979578,309000.00000000634,313141.23817468574,0.00015274121328038355,19331.300505459105,-2.0410880097188056e-08,0.000152741,300.847,293.316,317.401,0.0,152741,1,626,62600000,62600000,62600000,0,300847,1,626,62600000,62600000,62600000,0,293316,1,626,62600000,62600000,62600000,0,317401,1,626,62600000,62600000,62600000,0,0,1,626,62600000,62600000,62600000,0,1.0,0.505354,0.65,1.0,0.505354,0.65,1.0,0.505354,0.65,626,62900000,False,1.0,5000.0,300.0,500.0,600000000000.0,100000000000.0,,625
1,dropped_command,thermal_loop,632,controller_tick,62700000,62.7,1,0,62700000,627,62700000,RUNNING,,0,0,62,1,0,reconstructed_from_retained_wire,True,,,317.4015168310392,300.84871057710956,293.31365884666207,0.5325233020315899,0.6593223630841402,309500.0000000064,313649.479248548,0.00015183745047759827,19136.262173647952,-1.9979779608547688e-08,0.000151837,300.849,293.314,317.402,0.0,151837,1,627,62700000,62700000,62700000,0,300849,1,627,62700000,62700000,62700000,0,293314,1,627,62700000,62700000,62700000,0,317402,1,627,62700000,62700000,62700000,0,0,1,627,62700000,62700000,62700000,0,1.0,0.507125,0.65,1.0,0.507125,0.65,1.0,0.507125,0.65,627,63000000,False,1.0,5000.0,300.0,500.0,600000000000.0,100000000000.0,,626
1,dropped_command,thermal_loop,633,controller_tick,62800000,62.8,1,0,62800000,628,62800000,RUNNING,,0,0,62,1,0,reconstructed_from_retained_wire,True,,,317.4018613156167,300.8510302481164,293.3111900131315,0.5301063340328778,0.657632505351033,310000.0000000064,314157.60112562816,0.00015107562715628407,18971.734489911876,-2.0596417016349733e-08,0.000151076,300.851,293.311,317.402,0.0,151076,1,628,62800000,62800000,62800000,0,300851,1,628,62800000,62800000,62800000,0,293311,1,628,62800000,62800000,62800000,0,317402,1,628,62800000,62800000,62800000,0,0,1,628,62800000,62800000,62800000,0,1.0,0.508626,0.65,1.0,0.508626,0.65,1.0,0.508626,0.65,628,63100000,False,1.0,5000.0,300.0,500.0,600000000000.0,100000000000.0,,627
1,dropped_command,thermal_loop,634,controller_tick,62900000,62.9,1,0,62900000,629,62900000,RUNNING,,0,0,62,1,0,reconstructed_from_retained_wire,True,,,317.4022120573207,300.8535690756907,293.30858022104235,0.5280622099849592,0.656248966856159,310500.00000000646,314665.59590286674,0.00015043345768204198,18832.87968535003,-1.924126991070807e-08,0.000150433,300.854,293.309,317.402,0.0,150433,1,629,62900000,62900000,62900000,0,300854,1,629,62900000,62900000,62900000,0,293309,1,629,62900000,62900000,62900000,0,317402,1,629,62900000,62900000,62900000,0,0,1,629,62900000,62900000,62900000,0,1.0,0.509903,0.65,1.0,0.509903,0.65,1.0,0.509903,0.65,629,63200000,False,1.0,5000.0,300.0,500.0,600000000000.0,100000000000.0,,628
1,dropped_command,thermal_loop,635,controller_tick,63000000,63.0,1,0,63000000,630,63000000,RUNNING,,0,0,62,1,0,reconstructed_from_retained_wire,True,,,317.4025696255591,300.8562827409409,293.30585906357845,0.5263341326764497,0.6551162213419693,311000.00000000646,315173.4572935882,0.0001498922918271108,18715.682262353555,-1.8974787963088602e-08,0.000149892,300.856,293.306,317.403,0.0,149892,1,630,63000000,63000000,63000000,0,300856,1,630,63000000,63000000,63000000,0,293306,1,630,63000000,63000000,63000000,0,317403,1,630,63000000,63000000,63000000,0,0,1,630,63000000,63000000,63000000,0,1.0,0.510987,0.65,1.0,0.510987,0.65,1.0,0.510987,0.65,630,63300000,False,1.0,5000.0,300.0,500.0,600000000000.0,100000000000.0,,629
1,dropped_command,thermal_loop,636,controller_tick,63100000,63.1,1,0,63100000,631,63100000,RUNNING,,0,0,62,1,0,reconstructed_from_retained_wire,True,,,317.4029344662035,300.85913401948227,293.30305139448274,0.5248736599052889,0.6541888077537902,311500.00000000646,315681.1803689981,0.0001494363137922475,18616.751134311264,-2.0112565835006535e-08,0.000149436,300.859,293.303,317.403,0.0,149436,1,631,63100000,63100000,63100000,0,300859,1,631,63100000,63100000,63100000,0,293303,1,631,63100000,63100000,63100000,0,317403,1,631,63100000,63100000,63100000,0,0,1,631,63100000,63100000,63100000,0,1.0,0.511911,0.65,1.0,0.511911,0.65,1.0,0.511911,0.65,631,63400000,False,1.0,5000.0,300.0,500.0,600000000000.0,100000000000.0,,630
1,dropped_command,thermal_loop,637,controller_tick,63200000,63.2,1,0,63200000,632,63200000,RUNNING,,0,0,62,1,0,reconstructed_from_retained_wire,True,,,317.4033069214981,300.86209165849385,293.30017807818484,0.5236400997196449,0.653429505728078,312000.00000000646,316188.76134029153,0.0001490522866939157,18533.261735965865,-1.9324033928569406e-08,0.000149052,300.862,293.3,317.403,0.0,149052,1,632,63200000,63200000,63200000,0,300862,1,632,63200000,63200000,63200000,0,293300,1,632,63200000,63200000,63200000,0,317403,1,632,63200000,63200000,63200000,0,0,1,632,63200000,63200000,63200000,0,1.0,0.512698,0.65,1.0,0.512698,0.65,1.0,0.512698,0.65,632,63500000,False,1.0,5000.0,300.0,500.0,600000000000.0,100000000000.0,,631
1,dropped_command,thermal_loop,638,controller_tick,63300000,63.3,1,0,63300000,633,63300000,RUNNING,,0,0,62,1,0,reconstructed_from_retained_wire,True,,,317.40368724677705,300.86512942548967,293.29725662521207,0.5225988212582714,0.6528078418085339,312500.00000000646,316696.1973756957,0.0001487290031772602,18462.82624361288,-1.900571078294888e-08,0.000148729,300.865,293.297,317.404,0.0,148729,1,633,63300000,63300000,63300000,0,300865,1,633,63300000,63300000,63300000,0,293297,1,633,63300000,63300000,63300000,0,317404,1,633,63300000,63300000,63300000,0,0,1,633,63300000,63300000,63300000,0,1.0,0.513369,0.65,1.0,0.513369,0.65,1.0,0.513369,0.65,633,63600000,False,1.0,5000.0,300.0,500.0,600000000000.0,100000000000.0,,632
1,dropped_command,thermal_loop,639,controller_tick,63400000,63.4,1,0,63400000,634,63400000,RUNNING,,0,0,62,1,0,reconstructed_from_retained_wire,True,,,317.40407562456215,300.86822532636273,293.29430171455715,0.5217204876363156,0.6522988664393403,313000.0000000065,317203.4864461587,0.00014845701107126598,18403.4330674619,-1.8922946765087545e-08,0.000148457,300.868,293.294,317.404,0.0,148457,1,634,63400000,63400000,63400000,0,300868,1,634,63400000,63400000,63400000,0,293294,1,634,63400000,63400000,63400000,0,317404,1,634,63400000,63400000,63400000,0,0,1,634,63400000,63400000,63400000,0,1.0,0.513944,0.65,1.0,0.513944,0.65,1.0,0.513944,0.65,634,63700000,False,1.0,5000.0,300.0,500.0,600000000000.0,100000000000.0,,633
1,dropped_command,thermal_loop,640,controller_tick,63500000,63.5,1,0,63500000,635,63500000,RUNNING,,0,0,62,1,0,reconstructed_from_retained_wire,True,,,317.4044721764386,300.8713609276514,293.2913256463971,0.5209804569942734,0.6518821526518679,313500.0000000065,317710.62719534786,0.00014822839710428433,18353.400573754036,-1.87665136763826e-08,0.000148228,300.871,293.291,317.404,0.0,148228,1,635,63500000,63500000,63500000,0,300871,1,635,63500000,63500000,63500000,0,293291,1,635,63500000,63500000,63500000,0,317404,1,635,63500000,63500000,63500000,0,0,1,635,63500000,63500000,63500000,0,1.0,0.514437,0.65,1.0,0.514437,0.65,1.0,0.514437,0.65,635,63800000,False,1.0,5000.0,300.0,500.0,600000000000.0,100000000000.0,,634
1,dropped_command,thermal_loop,641,controller_tick,63600000,63.6,1,0,63600000,636,63600000,RUNNING,,0,0,62,1,0,reconstructed_from_retained_wire,True,,,317.4048769730236,300.8745207914492,293.2883387195738,0.5203577647317627,0.6515409762587029,314000.0000000066,318217.6188305135,0.00014803645987799142,18311.302950380377,-1.8299033399671316e-08,0.000148036,300.875,293.288,317.405,0.0,148036,1,636,63600000,63600000,63600000,0,300875,1,636,63600000,63600000,63600000,0,293288,1,636,63600000,63600000,63600000,0,317405,1,636,63600000,63600000,63600000,0,0,1,636,63600000,63600000,63600000,0,1.0,0.514861,0.65,1.0,0.514861,0.65,1.0,0.514861,0.65,636,63900000,False,1.0,5000.0,300.0,500.0,600000000000.0,100000000000.0,,635
1,dropped_command,thermal_loop,642,controller_tick,63700000,63.7,1,0,63700000,637,63700000,RUNNING,,0,0,62,1,0,reconstructed_from_retained_wire,True,,,317.40529004237635,300.8776920088926,293.28534954323896,0.519834678407469,0.6512616446532856,314500.0000000066,318724.4610303981,0.00014787555271988156,18275.93765061548,-1.7936145013663918e-08,0.000147876,300.878,293.285,317.405,0.0,147876,1,637,63700000,63700000,63700000,0,300878,1,637,63700000,63700000,63700000,0,293285,1,637,63700000,63700000,63700000,0,317405,1,637,63700000,63700000,63700000,0,0,1,637,63700000,63700000,63700000,0,1.0,0.515223,0.65,1.0,0.515223,0.65,1.0,0.515223,0.65,637,64000000,False,1.0,5000.0,300.0,500.0,600000000000.0,100000000000.0,,636
1,dropped_command,thermal_loop,643,controller_tick,63800000,63.8,1,0,63800000,638,63800000,RUNNING,,0,0,62,1,0,reconstructed_from_retained_wire,True,,,317.4057113771077,300.8808638219089,293.28236528956234,0.5193958191830516,0.6510329472775329,315000.0000000066,319231.1538673735,0.00014774080885987775,18246.263057454948,-1.7577804101165384e-08,0.000147741,300.881,293.282,317.406,0.0,147741,1,638,63800000,63800000,63800000,0,300881,1,638,63800000,63800000,63800000,0,293282,1,638,63800000,63800000,63800000,0,317406,1,638,63800000,63800000,63800000,0,0,1,638,63800000,63800000,63800000,0,1.0,0.515538,0.65,1.0,0.515538,0.65,1.0,0.515538,0.65,638,64100000,False,1.0,5000.0,300.0,500.0,600000000000.0,100000000000.0,,637
1,dropped_command,thermal_loop,644,controller_tick,63900000,63.9,1,0,63900000,639,63900000,RUNNING,,0,0,62,1,0,reconstructed_from_retained_wire,True,,,317.4061409404188,300.88402727539864,293.2793919260707,0.5190286991488631,0.65084570570278,315500.0000000066,319737.6977412741,0.00014762827397186688,18221.436143651066,-1.7209458746947348e-08,0.000147628,300.884,293.279,317.406,0.0,147628,1,639,63900000,63900000,63900000,0,300884,1,639,63900000,63900000,63900000,0,293279,1,639,63900000,63900000,63900000,0,317406,1,639,63900000,63900000,63900000,0,0,1,639,63900000,63900000,63900000,0,1.0,0.515812,0.65,1.0,0.515812,0.65,1.0,0.515812,0.65,639,64200000,False,1.0,5000.0,300.0,500.0,600000000000.0,100000000000.0,,638
1,dropped_command,thermal_loop,645,controller_tick,64000000,64.0,1,0,64000000,640,64000000,RUNNING,,0,0,62,1,0,reconstructed_from_retained_wire,True,,,317.4065786711035,300.88717491453673,293.27643441782874,0.5187225897524734,0.6506924052672122,316000.00000000664,320244.09332458733,0.0001475345677150019,18200.733043610293,-1.675925886956975e-08,0.000147535,300.887,293.276,317.407,0.0,147535,1,640,64000000,64000000,64000000,0,300887,1,640,64000000,64000000,64000000,0,293276,1,640,64000000,64000000,64000000,0,317407,1,640,64000000,64000000,64000000,0,0,1,640,64000000,64000000,64000000,0,1.0,0.516047,0.65,1.0,0.516047,0.65,1.0,0.516047,0.65,640,64300000,False,1.0,5000.0,300.0,500.0,600000000000.0,100000000000.0,,639
1,dropped_command,thermal_loop,646,controller_tick,64100000,64.1,1,0,64100000,641,64100000,RUNNING,,0,0,62,1,0,reconstructed_from_retained_wire,True,,,317.40702448779376,300.89030058120767,293.27349686347446,0.5184679737233664,0.6505668934861005,316500.0000000066,320750.3415159179,0.00014745671435903375,18183.510933856665,-1.6943886294029653e-08,0.000147457,300.89,293.273,317.407,0.0,147457,1,641,64100000,64100000,64100000,0,300890,1,641,64100000,64100000,64100000,0,293273,1,641,64100000,64100000,64100000,0,317407,1,641,64100000,64100000,64100000,0,0,1,641,64100000,64100000,64100000,0,1.0,0.516254,0.65,1.0,0.516254,0.65,1.0,0.516254,0.65,641,64400000,False,1.0,5000.0,300.0,500.0,600000000000.0,100000000000.0,,640
1,dropped_command,thermal_loop,647,controller_tick,64200000,64.2,1,0,64200000,642,64200000,RUNNING,,0,0,62,1,0,reconstructed_from_retained_wire,True,,,317.40747829261085,300.8933992059293,293.27058263421895,0.5182572862674626,0.6504641331309877,317000.0000000065,321256.4433999378,0.00014739234257577633,18169.260416941463,-1.726948539726436e-08,0.000147392,300.893,293.271,317.407,0.0,147392,1,642,64200000,64200000,64200000,0,300893,1,642,64200000,64200000,64200000,0,293271,1,642,64200000,64200000,64200000,0,317407,1,642,64200000,64200000,64200000,0,0,1,642,64200000,64200000,64200000,0,1.0,0.516436,0.65,1.0,0.516436,0.65,1.0,0.516436,0.65,642,64500000,False,1.0,5000.0,300.0,500.0,600000000000.0,100000000000.0,,641
1,dropped_command,thermal_loop,648,controller_tick,64300000,64.3,1,0,64300000,643,64300000,RUNNING,,0,0,62,1,0,reconstructed_from_retained_wire,True,,,317.4079399741658,300.8964666189814,293.2676944999928,0.5180839679637653,0.6503800000680242,317500.0000000065,321762.4002144699,0.0001473394070691063,18157.539435917657,-1.6580088413320482e-08,0.000147339,300.896,293.268,317.408,0.0,147339,1,643,64300000,64300000,64300000,0,300896,1,643,64300000,64300000,64300000,0,293268,1,643,64300000,64300000,64300000,0,317408,1,643,64300000,64300000,64300000,0,0,1,643,64300000,64300000,64300000,0,1.0,0.516595,0.65,1.0,0.516595,0.65,1.0,0.516595,0.65,643,64600000,False,1.0,5000.0,300.0,500.0,600000000000.0,100000000000.0,,642
1,dropped_command,thermal_loop,649,controller_tick,64400000,64.4,1,0,64400000,644,64400000,RUNNING,,0,0,62,1,0,reconstructed_from_retained_wire,True,,,317.40840941010435,300.8994994274024,293.2648347116464,0.5179422739278801,0.6503111177419962,318000.0000000065,322268.21332254785,0.0001472961269707314,18147.960303927186,-1.664739102125168e-08,0.000147296,300.899,293.265,317.408,0.0,147296,1,644,64400000,64400000,64400000,0,300899,1,644,64400000,64400000,64400000,0,293265,1,644,64400000,64400000,64400000,0,317408,1,644,64400000,64400000,64400000,0,0,1,644,64400000,64400000,64400000,0,1.0,0.516735,0.65,1.0,0.516735,0.65,1.0,0.516735,0.65,644,64700000,False,1.0,5000.0,300.0,500.0,600000000000.0,100000000000.0,,643
1,dropped_command,thermal_loop,650,controller_tick,64500000,64.5,1,0,64500000,645,64500000,RUNNING,,0,0,62,1,0,reconstructed_from_retained_wire,True,,,317.40888646929653,300.902494899898,293.2620050778507,0.5178273866237719,0.6502547216633097,318500.0000000065,322773.88418836176,0.00014726101193360304,18140.197979477023,-1.6407284419983625e-08,0.000147261,300.902,293.262,317.409,0.0,147261,1,645,64500000,64500000,64500000,0,300902,1,645,64500000,64500000,64500000,0,293262,1,645,64500000,64500000,64500000,0,317409,1,645,64500000,64500000,64500000,0,0,1,645,64500000,64500000,64500000,0,1.0,0.51686,0.65,1.0,0.51686,0.65,1.0,0.51686,0.65,645,64800000,False,1.0,5000.0,300.0,500.0,600000000000.0,100000000000.0,,644
1,dropped_command,thermal_loop,651,controller_tick,64600000,64.6,1,0,64600000,646,64600000,RUNNING,,0,0,62,1,0,reconstructed_from_retained_wire,True,,,317.40937101367274,300.90545085409127,293.2592070404087,0.5177353276149017,0.6502085484593163,319000.0000000065,323279.4143570672,0.0001472328321391886,18133.98420216036,-1.5801560948602855e-08,0.000147233,300.905,293.259,317.409,0.0,147233,1,646,64600000,64600000,64600000,0,300905,1,646,64600000,64600000,64600000,0,293259,1,646,64600000,64600000,64600000,0,317409,1,646,64600000,64600000,64600000,0,0,1,646,64600000,64600000,64600000,0,1.0,0.516971,0.65,1.0,0.516971,0.65,1.0,0.516971,0.65,646,64900000,False,1.0,5000.0,300.0,500.0,600000000000.0,100000000000.0,,645
1,dropped_command,thermal_loop,652,controller_tick,64700000,64.7,1,0,64700000,647,64700000,RUNNING,,0,0,62,1,0,reconstructed_from_retained_wire,True,,,317.4098628997508,300.90836557158,293.256441731007,0.5176625922256055,0.6501707450372226,319500.0000000065,323784.8054379782,0.00014721051040477738,18129.082189519322,-1.5471414371859282e-08,0.000147211,300.908,293.256,317.41,0.0,147211,1,647,64700000,64700000,64700000,0,300908,1,647,64700000,64700000,64700000,0,293256,1,647,64700000,64700000,64700000,0,317410,1,647,64700000,64700000,64700000,0,0,1,647,64700000,64700000,64700000,0,1.0,0.517071,0.65,1.0,0.517071,0.65,1.0,0.517071,0.65,647,65000000,False,1.0,5000.0,300.0,500.0,600000000000.0,100000000000.0,,646
1,dropped_command,thermal_loop,653,controller_tick,64800000,64.8,1,0,64800000,648,64800000,RUNNING,,0,0,62,1,0,reconstructed_from_retained_wire,True,,,317.4103619799389,300.9112377267398,293.253710018786,0.5176062947819503,0.6501397942129696,320000.0000000065,324290.05909021257,0.00014719316022265814,18125.29707325668,-1.5419573173858225e-08,0.000147193,300.911,293.254,317.41,0.0,147193,1,648,64800000,64800000,64800000,0,300911,1,648,64800000,64800000,64800000,0,293254,1,648,64800000,64800000,64800000,0,317410,1,648,64800000,64800000,64800000,0,0,1,648,64800000,64800000,64800000,0,1.0,0.517163,0.65,1.0,0.517163,0.65,1.0,0.517163,0.65,648,65100000,False,1.0,5000.0,300.0,500.0,600000000000.0,100000000000.0,,647
1,dropped_command,thermal_loop,654,controller_tick,64900000,64.9,1,0,64900000,649,64900000,RUNNING,,0,0,62,1,0,reconstructed_from_retained_wire,True,,,317.41086810361213,300.91406631305654,293.2510125595399,0.5175641097059313,0.6501144538213097,320500.0000000065,324795.1770108181,0.00014718006633904676,18122.471994542844,-1.587795850355178e-08,0.00014718,300.914,293.251,317.411,0.0,147180,1,649,64900000,64900000,64900000,0,300914,1,649,64900000,64900000,64900000,0,293251,1,649,64900000,64900000,64900000,0,317411,1,649,64900000,64900000,64900000,0,0,1,649,64900000,64900000,64900000,0,1.0,0.517246,0.65,1.0,0.517246,0.65,1.0,0.517246,0.65,649,65200000,False,1.0,5000.0,300.0,500.0,600000000000.0,100000000000.0,,648
1,dropped_command,thermal_loop,655,controller_tick,65000000,65.0,1,0,65000000,650,65000000,RUNNING,,0,0,62,1,0,reconstructed_from_retained_wire,True,,,317.41138111799785,300.9168505983086,293.2483498256695,0.5175338375649688,0.6500937068633539,321000.00000000646,325300.16092498874,0.0001471705591699884,18120.457907909535,-1.5688783605583012e-08,0.000147171,300.917,293.248,317.411,0.0,147171,1,650,65000000,65000000,65000000,0,300917,1,650,65000000,65000000,65000000,0,293248,1,650,65000000,65000000,65000000,0,317411,1,650,65000000,65000000,65000000,0,0,1,650,65000000,65000000,65000000,0,1.0,0.51732,0.65,1.0,0.51732,0.65,1.0,0.51732,0.65,650,65300000,False,1.0,5000.0,300.0,500.0,600000000000.0,100000000000.0,,649
1,dropped_command,thermal_loop,656,controller_tick,65100000,65.1,1,0,65100000,651,65100000,RUNNING,,0,0,62,1,0,reconstructed_from_retained_wire,True,,,317.4119008689684,300.91959009947396,293.2457221229779,0.5175134882301667,0.6500767206908353,321500.0000000064,325805.0125772927,0.0001471640366679781,18119.119574649892,-1.6187186702154577e-08,0.000147164,300.92,293.246,317.412,0.0,147164,1,651,65100000,65100000,65100000,0,300920,1,651,65100000,65100000,65100000,0,293246,1,651,65100000,65100000,65100000,0,317412,1,651,65100000,65100000,65100000,0,0,1,651,65100000,65100000,65100000,0,1.0,0.517391,0.65,1.0,0.517391,0.65,1.0,0.517391,0.65,651,65400000,False,1.0,5000.0,300.0,500.0,600000000000.0,100000000000.0,,650
1,dropped_command,thermal_loop,657,controller_tick,65200000,65.2,1,0,65200000,652,65200000,RUNNING,,0,0,62,1,0,reconstructed_from_retained_wire,True,,,317.4124272017179,300.922284523721,293.2431296300695,0.5175018319339246,0.6500628135890113,322000.0000000064,326309.7337241641,0.00014716011956651868,18118.37428916397,-1.610169420018792e-08,0.00014716,300.922,293.243,317.412,0.0,147160,1,652,65200000,65200000,65200000,0,300922,1,652,65200000,65200000,65200000,0,293243,1,652,65200000,65200000,65200000,0,317412,1,652,65200000,65200000,65200000,0,0,1,652,65200000,65200000,65200000,0,1.0,0.517456,0.65,1.0,0.517456,0.65,1.0,0.517456,0.65,652,65500000,False,1.0,5000.0,300.0,500.0,600000000000.0,100000000000.0,,651
1,dropped_command,thermal_loop,658,controller_tick,65300000,65.3,1,0,65300000,653,65300000,RUNNING,,0,0,62,1,0,reconstructed_from_retained_wire,True,,,317.4129599612547,300.92493373264267,293.2405724222375,0.5174974704487562,0.650051427417057,322500.0000000064,326814.32612842415,0.000147158386060368,18118.126956929198,-1.570697349961847e-08,0.000147158,300.925,293.241,317.413,0.0,147158,1,653,65300000,65300000,65300000,0,300925,1,653,65300000,65300000,65300000,0,293241,1,653,65300000,65300000,65300000,0,317413,1,653,65300000,65300000,65300000,0,0,1,653,65300000,65300000,65300000,0,1.0,0.517517,0.65,1.0,0.517517,0.65,1.0,0.517517,0.65,653,65600000,False,1.0,5000.0,300.0,500.0,600000000000.0,100000000000.0,,652
1,dropped_command,thermal_loop,659,controller_tick,65400000,65.4,1,0,65400000,654,65400000,RUNNING,,0,0,62,1,0,reconstructed_from_retained_wire,True,,,317.41349899285905,300.9275377295326,293.2380504799887,0.517499328931277,0.6500421052079141,323000.00000000634,327318.7915541814,0.0001471585106954583,18118.304636390083,-1.5068508218973875e-08,0.000147159,300.928,293.238,317.413,0.0,147159,1,654,65400000,65400000,65400000,0,300928,1,654,65400000,65400000,65400000,0,293238,1,654,65400000,65400000,65400000,0,317413,1,654,65400000,65400000,65400000,0,0,1,654,65400000,65400000,65400000,0,1.0,0.517571,0.65,1.0,0.517571,0.65,1.0,0.517571,0.65,654,65700000,False,1.0,5000.0,300.0,500.0,600000000000.0,100000000000.0,,653
1,dropped_command,thermal_loop,660,controller_tick,65500000,65.5,1,0,65500000,655,65500000,RUNNING,,0,0,62,1,0,reconstructed_from_retained_wire,True,,,317.41404414247694,300.9300966489994,293.23556369600465,0.5175061493352284,0.6500344728285988,323500.00000000634,327823.13176242093,0.00014716011951542655,18118.82114965972,-1.4704710338264704e-08,0.00014716,300.93,293.236,317.414,0.0,147160,1,655,65500000,65500000,65500000,0,300930,1,655,65500000,65500000,65500000,0,293236,1,655,65500000,65500000,65500000,0,317414,1,655,65500000,65500000,65500000,0,0,1,655,65500000,65500000,65500000,0,1.0,0.517626,0.65,1.0,0.517626,0.65,1.0,0.517626,0.65,655,65800000,False,1.0,5000.0,300.0,500.0,600000000000.0,100000000000.0,,654
1,dropped_command,thermal_loop,661,controller_tick,65600000,65.6,1,0,65600000,656,65600000,RUNNING,,0,0,62,1,0,reconstructed_from_retained_wire,True,,,317.4145952570776,300.93261071505106,293.2331119031203,0.5175175546339376,0.6500282239649317,324000.0000000063,328327.34850699175,0.00014716309203588487,18119.65167240413,-1.4857505448162556e-08,0.000147163,300.933,293.233,317.415,0.0,147163,1,656,65600000,65600000,65600000,0,300933,1,656,65600000,65600000,65600000,0,293233,1,656,65600000,65600000,65600000,0,317415,1,656,65600000,65600000,65600000,0,0,1,656,65600000,65600000,65600000,0,1.0,0.517677,0.65,1.0,0.517677,0.65,1.0,0.517677,0.65,656,65900000,False,1.0,5000.0,300.0,500.0,600000000000.0,100000000000.0,,655
1,dropped_command,thermal_loop,662,controller_tick,65700000,65.7,1,0,65700000,657,65700000,RUNNING,,0,0,62,1,0,reconstructed_from_retained_wire,True,,,317.4151521848451,300.93508021638473,293.23069489081865,0.5175327278666534,0.6500231078280734,324500.0000000062,328831.4435324297,0.0001471671850780946,18120.74029578589,-1.4898432709742337e-08,0.000147167,300.935,293.231,317.415,0.0,147167,1,657,65700000,65700000,65700000,0,300935,1,657,65700000,65700000,65700000,0,293231,1,657,65700000,65700000,65700000,0,317415,1,657,65700000,65700000,65700000,0,0,1,657,65700000,65700000,65700000,0,1.0,0.517726,0.65,1.0,0.517726,0.65,1.0,0.517726,0.65,657,66000000,False,1.0,5000.0,300.0,500.0,600000000000.0,100000000000.0,,656
1,dropped_command,thermal_loop,663,controller_tick,65800000,65.8,1,0,65800000,658,65800000,RUNNING,,0,0,62,1,0,reconstructed_from_retained_wire,True,,,317.41571477539816,300.9375055133426,293.228312400617,0.5175511201418832,0.6500189190894887,325000.0000000062,329335.4185714593,0.000147172233663092,18122.049651458306,-1.5339537640102208e-08,0.000147172,300.938,293.228,317.416,0.0,147172,1,658,65800000,65800000,65800000,0,300938,1,658,65800000,65800000,65800000,0,293228,1,658,65800000,65800000,65800000,0,317416,1,658,65800000,65800000,65800000,0,0,1,658,65800000,65800000,65800000,0,1.0,0.517772,0.65,1.0,0.517772,0.65,1.0,0.517772,0.65,658,66100000,False,1.0,5000.0,300.0,500.0,600000000000.0,100000000000.0,,657
1,dropped_command,thermal_loop,664,controller_tick,65900000,65.9,1,0,65900000,659,65900000,RUNNING,,0,0,62,1,0,reconstructed_from_retained_wire,True,,,317.4162828799716,300.93988702441044,293.22596413508916,0.5175721396394842,0.6500154896403914,325500.0000000062,329839.2753429167,0.00014717806221763166,18123.539173844554,-1.581247488502413e-08,0.000147178,300.94,293.226,317.416,0.0,147178,1,659,65900000,65900000,65900000,0,300940,1,659,65900000,65900000,65900000,0,293226,1,659,65900000,65900000,65900000,0,317416,1,659,65900000,65900000,65900000,0,0,1,659,65900000,65900000,65900000,0,1.0,0.517817,0.65,1.0,0.517817,0.65,1.0,0.517817,0.65,659,66200000,False,1.0,5000.0,300.0,500.0,600000000000.0,100000000000.0,,658
1,dropped_command,thermal_loop,665,controller_tick,66000000,66.0,1,0,66000000,660,66000000,RUNNING,,0,0,62,1,0,reconstructed_from_retained_wire,True,,,317.4168563515748,300.9422252135377,293.22364976633753,0.5175954411836102,0.650012681844948,326000.0000000062,330343.0155499267,0.00014718456662529304,18125.185412335482,-1.5599653124809265e-08,0.000147185,300.942,293.224,317.417,0.0,147185,1,660,66000000,66000000,66000000,0,300942,1,660,66000000,66000000,66000000,0,293224,1,660,66000000,66000000,66000000,0,317417,1,660,66000000,66000000,66000000,0,0,1,660,66000000,66000000,66000000,0,1.0,0.517859,0.65,1.0,0.517859,0.65,1.0,0.517859,0.65,660,66300000,False,1.0,5000.0,300.0,500.0,600000000000.0,100000000000.0,,659
1,dropped_command,thermal_loop,666,controller_tick,66100000,66.1,1,0,66100000,661,66100000,RUNNING,,0,0,62,1,0,reconstructed_from_retained_wire,True,,,317.4174350451027,300.9445205846878,293.2213689396421,0.5176205221210758,0.6500103830164691,326500.0000000062,330846.6408785942,0.00014719159906991596,18126.953757385956,-1.492389856139198e-08,0.000147192,300.945,293.221,317.417,0.0,147192,1,661,66100000,66100000,66100000,0,300945,1,661,66100000,66100000,66100000,0,293221,1,661,66100000,66100000,66100000,0,317417,1,661,66100000,66100000,66100000,0,0,1,661,66100000,66100000,66100000,0,1.0,0.517901,0.65,1.0,0.517901,0.65,1.0,0.517901,0.65,661,66400000,False,1.0,5000.0,300.0,500.0,600000000000.0,100000000000.0,,660
1,dropped_command,thermal_loop,667,controller_tick,66200000,66.2,1,0,66200000,662,66200000,RUNNING,,0,0,62,1,0,reconstructed_from_retained_wire,True,,,317.4180188174477,300.9467736708682,293.21912128078867,0.5176472131202163,0.6500085008948966,327000.0000000062,331350.15299669694,0.00014719910740421756,18128.832836873316,-1.5857949620112777e-08,0.000147199,300.947,293.219,317.418,0.0,147199,1,662,66200000,66200000,66200000,0,300947,1,662,66200000,66200000,66200000,0,293219,1,662,66200000,66200000,66200000,0,317418,1,662,66200000,66200000,66200000,0,0,1,662,66200000,66200000,66200000,0,1.0,0.517943,0.65,1.0,0.517943,0.65,1.0,0.517943,0.65,662,66500000,False,1.0,5000.0,300.0,500.0,600000000000.0,100000000000.0,,661
1,dropped_command,thermal_loop,668,controller_tick,66300000,66.3,1,0,66300000,663,66300000,RUNNING,,0,0,62,1,0,reconstructed_from_retained_wire,True,,,317.41860752754246,300.94898501475785,293.2169064089945,0.5176753609634059,0.6500069599440835,327500.0000000062,331853.55355313193,0.00014720704478743928,18130.812320838802,-1.5083969628904015e-08,0.000147207,300.949,293.217,317.419,0.0,147207,1,663,66300000,66300000,66300000,0,300949,1,663,66300000,66300000,66300000,0,293217,1,663,66300000,66300000,66300000,0,317419,1,663,66300000,66300000,66300000,0,0,1,663,66300000,66300000,66300000,0,1.0,0.517983,0.65,1.0,0.517983,0.65,1.0,0.517983,0.65,663,66600000,False,1.0,5000.0,300.0,500.0,600000000000.0,100000000000.0,,662
1,dropped_command,thermal_loop,669,controller_tick,66400000,66.4,1,0,66400000,664,66400000,RUNNING,,0,0,62,1,0,reconstructed_from_retained_wire,True,,,317.4192010363904,300.95115517727277,293.2147239312054,0.5177046366884394,0.6500056983202633,328000.0000000062,332356.84417750256,0.00014721531499682148,18132.869497025553,-1.5201294445432723e-08,0.000147215,300.951,293.215,317.419,0.0,147215,1,664,66400000,66400000,66400000,0,300951,1,664,66400000,66400000,66400000,0,293215,1,664,66400000,66400000,66400000,0,317419,1,664,66400000,66400000,66400000,0,0,1,664,66400000,66400000,66400000,0,1.0,0.518023,0.65,1.0,0.518023,0.65,1.0,0.518023,0.65,664,66700000,False,1.0,5000.0,300.0,500.0,600000000000.0,100000000000.0,,663
1,dropped_command,thermal_loop,670,controller_tick,66500000,66.5,1,0,66500000,665,66500000,RUNNING,,0,0,62,1,0,reconstructed_from_retained_wire,True,,,317.41979920712,300.9532847342249,293.21257344433513,0.5177349329631682,0.6500046653900424,328500.0000000062,332860.02647944,0.0001472238853182366,18134.997117758714,-1.5527803043369204e-08,0.000147224,300.953,293.213,317.42,0.0,147224,1,665,66500000,66500000,66500000,0,300953,1,665,66500000,66500000,66500000,0,293213,1,665,66500000,66500000,66500000,0,317420,1,665,66500000,66500000,66500000,0,0,1,665,66500000,66500000,66500000,0,1.0,0.51806,0.65,1.0,0.51806,0.65,1.0,0.51806,0.65,665,66800000,False,1.0,5000.0,300.0,500.0,600000000000.0,100000000000.0,,664
1,dropped_command,thermal_loop,671,controller_tick,66600000,66.6,1,0,66600000,666,66600000,RUNNING,,0,0,62,1,0,reconstructed_from_retained_wire,True,,,317.42040190501393,300.9553742794419,293.21045453319346,0.5177658671817027,0.6500038196983046,329000.00000000617,333363.1020482016,0.00014723264515779846,18137.168601777186,-1.6702870198059827e-08,0.000147233,300.955,293.21,317.42,0.0,147233,1,666,66600000,66600000,66600000,0,300955,1,666,66600000,66600000,66600000,0,293210,1,666,66600000,66600000,66600000,0,317420,1,666,66600000,66600000,66600000,0,0,1,666,66600000,66600000,66600000,0,1.0,0.518098,0.65,1.0,0.518098,0.65,1.0,0.518098,0.65,666,66900000,False,1.0,5000.0,300.0,500.0,600000000000.0,100000000000.0,,665
1,dropped_command,thermal_loop,672,controller_tick,66700000,66.7,1,0,66700000,667,66700000,RUNNING,,0,0,62,1,0,reconstructed_from_retained_wire,True,,,317.42100899756286,300.9574244159366,293.2083667763843,0.5177974737982449,0.6500031273044709,329500.00000000617,333866.0724520019,0.00014724160284290057,18139.386544085828,-1.816988515201956e-08,0.000147242,300.957,293.208,317.421,0.0,147242,1,667,66700000,66700000,66700000,0,300957,1,667,66700000,66700000,66700000,0,293208,1,667,66700000,66700000,66700000,0,317421,1,667,66700000,66700000,66700000,0,0,1,667,66700000,66700000,66700000,0,1.0,0.518135,0.65,1.0,0.518135,0.65,1.0,0.518135,0.65,667,67000000,False,1.0,5000.0,300.0,500.0,600000000000.0,100000000000.0,,666
1,dropped_command,thermal_loop,673,controller_tick,66800000,66.8,1,0,66800000,668,66800000,RUNNING,,0,0,62,1,0,reconstructed_from_retained_wire,True,,,317.4216203544513,300.95943574413207,293.20630975416077,0.5178295936630826,0.6500025604203457,330000.00000000617,334368.93923808605,0.00014725071191387415,18141.639943670216,-1.871012500487268e-08,0.000147251,300.959,293.206,317.422,0.0,147251,1,668,66800000,66800000,66800000,0,300959,1,668,66800000,66800000,66800000,0,293206,1,668,66800000,66800000,66800000,0,317422,1,668,66800000,66800000,66800000,0,0,1,668,66800000,66800000,66800000,0,1.0,0.518172,0.65,1.0,0.518172,0.65,1.0,0.518172,0.65,668,67100000,False,1.0,5000.0,300.0,500.0,600000000000.0,100000000000.0,,667
1,dropped_command,thermal_loop,674,controller_tick,66900000,66.9,1,0,66900000,669,66900000,RUNNING,,0,0,62,1,0,reconstructed_from_retained_wire,True,,,317.4222358475583,300.9614088660681,293.20428304562665,0.5178621779341825,0.6500020962948786,330500.0000000061,334871.7039326489,0.000147259957496442,18143.925500731933,-1.8659193301573396e-08,0.00014726,300.961,293.204,317.422,0.0,147260,1,669,66900000,66900000,66900000,0,300961,1,669,66900000,66900000,66900000,0,293204,1,669,66900000,66900000,66900000,0,317422,1,669,66900000,66900000,66900000,0,0,1,669,66900000,66900000,66900000,0,1.0,0.518208,0.65,1.0,0.518208,0.65,1.0,0.518208,0.65,669,67200000,False,1.0,5000.0,300.0,500.0,600000000000.0,100000000000.0,,668
1,dropped_command,thermal_loop,675,controller_tick,67000000,67.0,1,0,67000000,670,67000000,RUNNING,,0,0,62,1,0,reconstructed_from_retained_wire,True,,,317.42285535094845,300.9633443844628,293.20228622936764,0.5178950872548639,0.6500017163010854,331000.0000000061,335374.3680408552,0.00014726929915606895,18146.23355070442,-1.8882019503507763e-08,0.000147269,300.963,293.202,317.423,0.0,147269,1,670,67000000,67000000,67000000,0,300963,1,670,67000000,67000000,67000000,0,293202,1,670,67000000,67000000,67000000,0,317423,1,670,67000000,67000000,67000000,0,0,1,670,67000000,67000000,67000000,0,1.0,0.518245,0.65,1.0,0.518245,0.65,1.0,0.518245,0.65,670,67300000,False,1.0,5000.0,300.0,500.0,600000000000.0,100000000000.0,,669
1,dropped_command,thermal_loop,676,controller_tick,67100000,67.1,1,0,67100000,671,67100000,RUNNING,,0,0,62,1,0,reconstructed_from_retained_wire,True,,,317.423478740866,300.9652428961663,293.200318887821,0.5179283858551512,0.6500014051884807,331500.0000000061,335876.93304683326,0.0001472787544966288,18148.568677020936,-1.8741957319434732e-08,0.000147279,300.965,293.2,317.423,0.0,147279,1,671,67100000,67100000,67100000,0,300965,1,671,67100000,67100000,67100000,0,293200,1,671,67100000,67100000,67100000,0,317423,1,671,67100000,67100000,67100000,0,0,1,671,67100000,67100000,67100000,0,1.0,0.51828,0.65,1.0,0.51828,0.65,1.0,0.51828,0.65,671,67400000,False,1.0,5000.0,300.0,500.0,600000000000.0,100000000000.0,,670
1,dropped_command,thermal_loop,677,controller_tick,67200000,67.2,1,0,67200000,672,67200000,RUNNING,,0,0,62,1,0,reconstructed_from_retained_wire,True,,,317.424105895705,300.9671049975651,293.19838060367596,0.5179618463650281,0.6500011504710236,332000.0000000061,336379.4004139285,0.00014728825832197308,18150.915013178783,-1.855187292676419e-08,0.000147288,300.967,293.198,317.424,0.0,147288,1,672,67200000,67200000,67200000,0,300967,1,672,67200000,67200000,67200000,0,293198,1,672,67200000,67200000,67200000,0,317424,1,672,67200000,67200000,67200000,0,0,1,672,67200000,67200000,67200000,0,1.0,0.518316,0.65,1.0,0.518316,0.65,1.0,0.518316,0.65,672,67500000,False,1.0,5000.0,300.0,500.0,600000000000.0,100000000000.0,,671
1,dropped_command,thermal_loop,678,controller_tick,67300000,67.3,1,0,67300000,673,67300000,RUNNING,,0,0,62,1,0,reconstructed_from_retained_wire,True,,,317.4247366960157,300.9689312830866,293.19647096087715,0.5179955485393419,0.6500009419260079,332500.00000000605,336881.7715845583,0.0001472978328683916,18153.278203567523,-1.904300006572157e-08,0.000147298,300.969,293.196,317.425,0.0,147298,1,673,67300000,67300000,67300000,0,300969,1,673,67300000,67300000,67300000,0,293196,1,673,67300000,67300000,67300000,0,317425,1,673,67300000,67300000,67300000,0,0,1,673,67300000,67300000,67300000,0,1.0,0.51835,0.65,1.0,0.51835,0.65,1.0,0.51835,0.65,673,67600000,False,1.0,5000.0,300.0,500.0,600000000000.0,100000000000.0,,672
1,dropped_command,thermal_loop,679,controller_tick,67400000,67.4,1,0,67400000,674,67400000,RUNNING,,0,0,62,1,0,reconstructed_from_retained_wire,True,,,317.4253710244758,300.9707223450853,293.194589544704,0.5180292790555171,0.6500007711837902,333000.00000000605,337384.0479804605,0.00014730741711258772,18155.64334132512,-1.8279024516232312e-08,0.000147307,300.971,293.195,317.425,0.0,147307,1,674,67400000,67400000,67400000,0,300971,1,674,67400000,67400000,67400000,0,293195,1,674,67400000,67400000,67400000,0,317425,1,674,67400000,67400000,67400000,0,0,1,674,67400000,67400000,67400000,0,1.0,0.518386,0.65,1.0,0.518386,0.65,1.0,0.518386,0.65,674,67700000,False,1.0,5000.0,300.0,500.0,600000000000.0,100000000000.0,,673
1,dropped_command,thermal_loop,680,controller_tick,67500000,67.5,1,0,67500000,675,67500000,RUNNING,,0,0,62,1,0,reconstructed_from_retained_wire,True,,,317.42600876588654,300.9724787672127,293.1927359461961,0.5180632255416326,0.6500006313918855,333500.00000000605,337886.2310026582,0.00014731706411178822,18158.023614453363,-1.732223608996719e-08,0.000147317,300.972,293.193,317.426,0.0,147317,1,675,67500000,67500000,67500000,0,300972,1,675,67500000,67500000,67500000,0,293193,1,675,67500000,67500000,67500000,0,317426,1,675,67500000,67500000,67500000,0,0,1,675,67500000,67500000,67500000,0,1.0,0.518419,0.65,1.0,0.518419,0.65,1.0,0.518419,0.65,675,67800000,False,1.0,5000.0,300.0,500.0,600000000000.0,100000000000.0,,674
1,dropped_command,thermal_loop,681,controller_tick,67600000,67.6,1,0,67600000,676,67600000,RUNNING,,0,0,62,1,0,reconstructed_from_retained_wire,True,,,317.4266498071253,300.97420113057996,293.1909097580462,0.5180970819576857,0.6500005169399541,334000.00000000605,338388.3220319194,0.00014732668659698988,18160.397599847816,-1.8085302144754678e-08,0.000147327,300.974,293.191,317.427,0.0,147327,1,676,67600000,67600000,67600000,0,300974,1,676,67600000,67600000,67600000,0,293191,1,676,67600000,67600000,67600000,0,317427,1,676,67600000,67600000,67600000,0,0,1,676,67600000,67600000,67600000,0,1.0,0.518453,0.65,1.0,0.518453,0.65,1.0,0.518453,0.65,676,67900000,False,1.0,5000.0,300.0,500.0,600000000000.0,100000000000.0,,675
1,dropped_command,thermal_loop,682,controller_tick,67700000,67.7,1,0,67700000,677,67700000,RUNNING,,0,0,62,1,0,reconstructed_from_retained_wire,True,,,317.42729403716197,300.97589001744245,293.18911057215155,0.5181309520375579,0.6500004232346381,334500.00000000605,338890.322428501,0.00014733631386702926,18162.772592365105,-1.7822458175942302e-08,0.000147336,300.976,293.189,317.427,0.0,147336,1,677,67700000,67700000,67700000,0,300976,1,677,67700000,67700000,67700000,0,293189,1,677,67700000,67700000,67700000,0,317427,1,677,67700000,67700000,67700000,0,0,1,677,67700000,67700000,67700000,0,1.0,0.518488,0.65,1.0,0.518488,0.65,1.0,0.518488,0.65,677,68000000,False,1.0,5000.0,300.0,500.0,600000000000.0,100000000000.0,,676
1,dropped_command,thermal_loop,683,controller_tick,67800000,67.8,1,0,67800000,678,67800000,RUNNING,,0,0,62,1,0,reconstructed_from_retained_wire,True,,,317.42794134701245,300.97754598967083,293.1873379939673,0.5181649296435468,0.6500003465152142,335000.000000006,339392.23353259754,0.0001473459724497154,18165.155192389262,-1.7960701370611787e-08,0.000147346,300.978,293.187,317.428,0.0,147346,1,678,67800000,67800000,67800000,0,300978,1,678,67800000,67800000,67800000,0,293187,1,678,67800000,67800000,67800000,0,317428,1,678,67800000,67800000,67800000,0,0,1,678,67800000,67800000,67800000,0,1.0,0.518521,0.65,1.0,0.518521,0.65,1.0,0.518521,0.65,678,68100000,False,1.0,5000.0,300.0,500.0,600000000000.0,100000000000.0,,677
1,dropped_command,thermal_loop,684,controller_tick,67900000,67.9,1,0,67900000,679,67900000,RUNNING,,0,0,62,1,0,reconstructed_from_retained_wire,True,,,317.42859162968927,300.97916960607074,293.18559163096154,0.5181988142180257,0.6500002837026625,335500.00000000594,339894.0566648174,0.00014735560518080513,18167.531354416264,-1.8584614736028016e-08,0.000147356,300.979,293.186,317.429,0.0,147356,1,679,67900000,67900000,67900000,0,300979,1,679,67900000,67900000,67900000,0,293186,1,679,67900000,67900000,67900000,0,317429,1,679,67900000,67900000,67900000,0,0,1,679,67900000,67900000,67900000,0,1.0,0.518554,0.65,1.0,0.518554,0.65,1.0,0.518554,0.65,679,68200000,False,1.0,5000.0,300.0,500.0,600000000000.0,100000000000.0,,678
1,dropped_command,thermal_loop,685,controller_tick,68000000,68.0,1,0,68000000,680,68000000,RUNNING,,0,0,62,1,0,reconstructed_from_retained_wire,True,,,317.429244780207,300.9807614265739,293.18387108982716,0.5182326146141133,0.6500002322760946,336000.00000000594,340395.79312605836,0.0001473652144685188,18169.90171083699,-1.8866558093577623e-08,0.000147365,300.981,293.184,317.429,0.0,147365,1,680,68000000,68000000,68000000,0,300981,1,680,68000000,68000000,68000000,0,293184,1,680,68000000,68000000,68000000,0,317429,1,680,68000000,68000000,68000000,0,0,1,680,68000000,68000000,68000000,0,1.0,0.518589,0.65,1.0,0.518589,0.65,1.0,0.518589,0.65,680,68300000,False,1.0,5000.0,300.0,500.0,600000000000.0,100000000000.0,,679
1,dropped_command,thermal_loop,686,controller_tick,68100000,68.1,1,0,68100000,681,68100000,RUNNING,,0,0,62,1,0,reconstructed_from_retained_wire,True,,,317.42990069554577,300.98232199031554,293.182175991099,0.5182665291676065,0.6500001901715818,336500.0000000059,340897.44419784157,0.00014737485662238533,18172.2801797563,-1.9370418158359826e-08,0.000147375,300.982,293.182,317.43,0.0,147375,1,681,68100000,68100000,68100000,0,300982,1,681,68100000,68100000,68100000,0,293182,1,681,68100000,68100000,68100000,0,317430,1,681,68100000,68100000,68100000,0,0,1,681,68100000,68100000,68100000,0,1.0,0.518621,0.65,1.0,0.518621,0.65,1.0,0.518621,0.65,681,68400000,False,1.0,5000.0,300.0,500.0,600000000000.0,100000000000.0,,680
1,dropped_command,thermal_loop,687,controller_tick,68200000,68.2,1,0,68200000,682,68200000,RUNNING,,0,0,62,1,0,reconstructed_from_retained_wire,True,,,317.43055927459136,300.9838518334637,293.18050595726726,0.5183002615272461,0.6500001556993225,337000.0000000059,341399.01114291616,0.00014738444729837355,18174.645987742348,-2.0049810700584203e-08,0.000147384,300.984,293.181,317.431,0.0,147384,1,682,68200000,68200000,68200000,0,300984,1,682,68200000,68200000,68200000,0,293181,1,682,68200000,68200000,68200000,0,317431,1,682,68200000,68200000,68200000,0,0,1,682,68200000,68200000,68200000,0,1.0,0.518656,0.65,1.0,0.518656,0.65,1.0,0.518656,0.65,682,68500000,False,1.0,5000.0,300.0,500.0,600000000000.0,100000000000.0,,681
1,dropped_command,thermal_loop,688,controller_tick,68300000,68.3,1,0,68300000,683,68300000,RUNNING,,0,0,62,1,0,reconstructed_from_retained_wire,True,,,317.4312204181402,300.98535148235646,293.1788606173589,0.5183341145188152,0.6500001274758236,337500.0000000059,341900.4952051352,0.00014739407254838835,18177.020378440597,-1.9872459233738482e-08,0.000147394,300.985,293.179,317.431,0.0,147394,1,683,68300000,68300000,68300000,0,300985,1,683,68300000,68300000,68300000,0,293179,1,683,68300000,68300000,68300000,0,317431,1,683,68300000,68300000,68300000,0,0,1,683,68300000,68300000,68300000,0,1.0,0.518688,0.65,1.0,0.518688,0.65,1.0,0.518688,0.65,683,68600000,False,1.0,5000.0,300.0,500.0,600000000000.0,100000000000.0,,682
1,dropped_command,thermal_loop,689,controller_tick,68400000,68.4,1,0,68400000,684,68400000,RUNNING,,0,0,62,1,0,reconstructed_from_retained_wire,True,,,317.4318840288333,300.98682145496826,293.17723960595885,0.5183677911749223,0.6500001043683772,338000.0000000059,342401.89761012705,0.00014740364787733915,18179.382529738145,-1.9178514776285738e-08,0.000147404,300.987,293.177,317.432,0.0,147404,1,684,68400000,68400000,68400000,0,300987,1,684,68400000,68400000,68400000,0,293177,1,684,68400000,68400000,68400000,0,317432,1,684,68400000,68400000,68400000,0,0,1,684,68400000,68400000,68400000,0,1.0,0.51872,0.65,1.0,0.51872,0.65,1.0,0.51872,0.65,684,68700000,False,1.0,5000.0,300.0,500.0,600000000000.0,100000000000.0,,683
1,dropped_command,thermal_loop,690,controller_tick,68500000,68.5,1,0,68500000,685,68500000,RUNNING,,0,0,62,1,0,reconstructed_from_retained_wire,True,,,317.4325500111736,300.98826227582623,293.1756425532721,0.5184013082761052,0.6500000854496001,338500.0000000059,342903.21956504293,0.00014741317801675,18181.733621038537,-1.9439539755694568e-08,0.000147413,300.988,293.176,317.433,0.0,147413,1,685,68500000,68500000,68500000,0,300988,1,685,68500000,68500000,68500000,0,293176,1,685,68500000,68500000,68500000,0,317433,1,685,68500000,68500000,68500000,0,0,1,685,68500000,68500000,68500000,0,1.0,0.518753,0.65,1.0,0.518753,0.65,1.0,0.518753,0.65,685,68800000,False,1.0,5000.0,300.0,500.0,600000000000.0,100000000000.0,,684
1,dropped_command,thermal_loop,691,controller_tick,68600000,68.6,1,0,68600000,686,68600000,RUNNING,,0,0,62,1,0,reconstructed_from_retained_wire,True,,,317.4332182715002,300.98967445371943,293.17406909998755,0.5184347761686043,0.6500000699602154,339000.0000000059,343404.4622587783,0.00014742269431187942,18184.08139482955,-1.8993887351825833e-08,0.000147423,300.99,293.174,317.433,0.0,147423,1,686,68600000,68600000,68600000,0,300990,1,686,68600000,68600000,68600000,0,293174,1,686,68600000,68600000,68600000,0,317433,1,686,68600000,68600000,68600000,0,0,1,686,68600000,68600000,68600000,0,1.0,0.518785,0.65,1.0,0.518785,0.65,1.0,0.518785,0.65,686,68900000,False,1.0,5000.0,300.0,500.0,600000000000.0,100000000000.0,,685
1,dropped_command,thermal_loop,692,controller_tick,68700000,68.7,1,0,68700000,687,68700000,RUNNING,,0,0,62,1,0,reconstructed_from_retained_wire,True,,,317.43388871793735,300.99105848816504,293.17251889296693,0.5184681043726632,0.6500000572785799,339500.0000000059,343905.62686247955,0.00014743217100684586,18186.419506061546,-1.9538674678187817e-08,0.000147432,300.991,293.173,317.434,0.0,147432,1,687,68700000,68700000,68700000,0,300991,1,687,68700000,68700000,68700000,0,293173,1,687,68700000,68700000,68700000,0,317434,1,687,68700000,68700000,68700000,0,0,1,687,68700000,68700000,68700000,0,1.0,0.518818,0.65,1.0,0.518818,0.65,1.0,0.518818,0.65,687,69000000,False,1.0,5000.0,300.0,500.0,600000000000.0,100000000000.0,,686
1,dropped_command,thermal_loop,693,controller_tick,68800000,68.8,1,0,68800000,688,68800000,RUNNING,,0,0,62,1,0,reconstructed_from_retained_wire,True,,,317.43456126037216,300.99241486923256,293.1709915853652,0.5185014013439765,0.6500000468957349,340000.0000000058,344406.7145297327,0.0001474416389201605,18188.75556458154,-1.9608705770224333e-08,0.000147442,300.992,293.171,317.435,0.0,147442,1,688,68800000,68800000,68800000,0,300992,1,688,68800000,68800000,68800000,0,293171,1,688,68800000,68800000,68800000,0,317435,1,688,68800000,68800000,68800000,0,0,1,688,68800000,68800000,68800000,0,1.0,0.518849,0.65,1.0,0.518849,0.65,1.0,0.518849,0.65,688,69100000,False,1.0,5000.0,300.0,500.0,600000000000.0,100000000000.0,,687
1,dropped_command,thermal_loop,694,controller_tick,68900000,68.9,1,0,68900000,689,68900000,RUNNING,,0,0,62,1,0,reconstructed_from_retained_wire,True,,,317.4352358104163,300.99374408356687,293.1694868326162,0.518534479729569,0.6500000383949803,340500.00000000576,344907.72639692994,0.0001474510447578497,18191.076426768923,-1.8282662495039403e-08,0.000147451,300.994,293.169,317.435,0.0,147451,1,689,68900000,68900000,68900000,0,300994,1,689,68900000,68900000,68900000,0,293169,1,689,68900000,68900000,68900000,0,317435,1,689,68900000,68900000,68900000,0,0,1,689,68900000,68900000,68900000,0,1.0,0.518882,0.65,1.0,0.518882,0.65,1.0,0.518882,0.65,689,69200000,False,1.0,5000.0,300.0,500.0,600000000000.0,100000000000.0,,688
1,dropped_command,thermal_loop,695,controller_tick,69000000,69.0,1,0,69000000,690,69000000,RUNNING,,0,0,62,1,0,reconstructed_from_retained_wire,True,,,317.43591228140025,300.99504660804257,293.16800429666716,0.5185675506557861,0.6500000314351513,341000.00000000576,345408.6635832753,0.00014746044854124028,18193.39690572062,-1.7648744687903672e-08,0.00014746,300.995,293.168,317.436,0.0,147460,1,690,69000000,69000000,69000000,0,300995,1,690,69000000,69000000,69000000,0,293168,1,690,69000000,69000000,69000000,0,317436,1,690,69000000,69000000,69000000,0,0,1,690,69000000,69000000,69000000,0,1.0,0.518915,0.65,1.0,0.518915,0.65,1.0,0.518915,0.65,690,69300000,False,1.0,5000.0,300.0,500.0,600000000000.0,100000000000.0,,689
1,dropped_command,thermal_loop,696,controller_tick,69100000,69.1,1,0,69100000,691,69100000,RUNNING,,0,0,62,1,0,reconstructed_from_retained_wire,True,,,317.43659058830787,300.9963229001861,293.16654365236263,0.5186006148324812,0.6500000257369251,341500.0000000057,345909.52719145844,0.00014746985046007124,18195.717052576445,-1.7154889064840972e-08,0.00014747,300.996,293.167,317.437,0.0,147470,1,691,69100000,69100000,69100000,0,300996,1,691,69100000,69100000,69100000,0,293167,1,691,69100000,69100000,69100000,0,317437,1,691,69100000,69100000,69100000,0,0,1,691,69100000,69100000,69100000,0,1.0,0.518946,0.65,1.0,0.518946,0.65,1.0,0.518946,0.65,691,69400000,False,1.0,5000.0,300.0,500.0,600000000000.0,100000000000.0,,690
1,dropped_command,thermal_loop,697,controller_tick,69200000,69.2,1,0,69200000,692,69200000,RUNNING,,0,0,62,1,0,reconstructed_from_retained_wire,True,,,317.4372706477473,300.9975734205834,293.165104572508,0.5186334825767924,0.650000021071612,342000.0000000057,346410.318307919,0.00014747919656599192,18198.023557073015,-1.7275851860176772e-08,0.000147479,300.998,293.165,317.437,0.0,147479,1,692,69200000,69200000,69200000,0,300998,1,692,69200000,69200000,69200000,0,293165,1,692,69200000,69200000,69200000,0,317437,1,692,69200000,69200000,69200000,0,0,1,692,69200000,69200000,69200000,0,1.0,0.518978,0.65,1.0,0.518978,0.65,1.0,0.518978,0.65,692,69500000,False,1.0,5000.0,300.0,500.0,600000000000.0,100000000000.0,,691
1,dropped_command,thermal_loop,698,controller_tick,69300000,69.3,1,0,69300000,693,69300000,RUNNING,,0,0,62,1,0,reconstructed_from_retained_wire,True,,,317.43795237795916,300.9987986260702,293.16368673241436,0.5186662677443145,0.6500000172519768,342500.00000000565,346911.0380027059,0.00014748851922698398,18200.324408074317,-1.694024831522256e-08,0.000147489,300.999,293.164,317.438,0.0,147489,1,693,69300000,69300000,69300000,0,300999,1,693,69300000,69300000,69300000,0,293164,1,693,69300000,69300000,69300000,0,317438,1,693,69300000,69300000,69300000,0,0,1,693,69300000,69300000,69300000,0,1.0,0.519008,0.65,1.0,0.519008,0.65,1.0,0.519008,0.65,693,69600000,False,1.0,5000.0,300.0,500.0,600000000000.0,100000000000.0,,692
1,dropped_command,thermal_loop,699,controller_tick,69400000,69.4,1,0,69400000,694,69400000,RUNNING,,0,0,62,1,0,reconstructed_from_retained_wire,True,,,317.4386356987839,300.9999989700423,293.16228980969254,0.5186987878681039,0.650000014124724,343000.00000000565,347411.68732978293,0.00014749776654989318,18202.6067987013,-1.7093043425120413e-08,0.000147498,301.0,293.162,317.439,0.0,147498,1,694,69400000,69400000,69400000,0,301000,1,694,69400000,69400000,69400000,0,293162,1,694,69400000,69400000,69400000,0,317439,1,694,69400000,69400000,69400000,0,0,1,694,69400000,69400000,69400000,0,1.0,0.51904,0.65,1.0,0.51904,0.65,1.0,0.51904,0.65,694,69700000,False,1.0,5000.0,300.0,500.0,600000000000.0,100000000000.0,,693
1,dropped_command,thermal_loop,700,controller_tick,69500000,69.5,1,0,69500000,695,69500000,RUNNING,,0,0,62,1,0,reconstructed_from_retained_wire,True,,,317.43932053165673,301.0011748961533,293.160913488459,0.5187312584955706,0.6500000115643458,343500.00000000565,347912.2673270343,0.00014750699982257648,18204.885855376815,-1.7990714695770293e-08,0.000147507,301.001,293.161,317.439,0.0,147507,1,695,69500000,69500000,69500000,0,301001,1,695,69500000,69500000,69500000,0,293161,1,695,69500000,69500000,69500000,0,317439,1,695,69500000,69500000,69500000,0,0,1,695,69500000,69500000,69500000,0,1.0,0.519072,0.65,1.0,0.519072,0.65,1.0,0.519072,0.65,695,69800000,False,1.0,5000.0,300.0,500.0,600000000000.0,100000000000.0,,694
1,dropped_command,thermal_loop,701,controller_tick,69600000,69.6,1,0,69600000,696,69600000,RUNNING,,0,0,62,1,0,reconstructed_from_retained_wire,True,,,317.44000679954235,301.00232682876816,293.1595574656983,0.5187636843369123,0.6500000094680857,344000.00000000565,348412.7790169378,0.00014751622037997232,18207.16190860374,-1.7644197214394808e-08,0.000147516,301.002,293.16,317.44,0.0,147516,1,696,69600000,69600000,69600000,0,301002,1,696,69600000,69600000,69600000,0,293160,1,696,69600000,69600000,69600000,0,317440,1,696,69600000,69600000,69600000,0,0,1,696,69600000,69600000,69600000,0,1.0,0.519104,0.65,1.0,0.519104,0.65,1.0,0.519104,0.65,696,69900000,False,1.0,5000.0,300.0,500.0,600000000000.0,100000000000.0,,695
1,dropped_command,thermal_loop,702,controller_tick,69700000,69.7,1,0,69700000,697,69700000,RUNNING,,0,0,62,1,0,reconstructed_from_retained_wire,True,,,317.4406944268959,301.0034551847186,293.1582214434263,0.5187960696540926,0.650000007751813,344500.00000000565,348913.22340694675,0.0001475254294303668,18209.43525740776,-1.821354089770466e-08,0.000147525,301.003,293.158,317.441,0.0,147525,1,697,69700000,69700000,69700000,0,301003,1,697,69700000,69700000,69700000,0,293158,1,697,69700000,69700000,69700000,0,317441,1,697,69700000,69700000,69700000,0,0,1,697,69700000,69700000,69700000,0,1.0,0.519135,0.65,1.0,0.519135,0.65,1.0,0.519135,0.65,697,70000000,False,1.0,5000.0,300.0,500.0,600000000000.0,100000000000.0,,696
1,dropped_command,thermal_loop,703,controller_tick,69800000,69.8,1,0,69800000,698,69800000,RUNNING,,0,0,62,1,0,reconstructed_from_retained_wire,True,,,317.441383339642,301.0045603788403,293.1569051250012,0.5188283231409133,0.6500000063466477,345000.0000000056,349413.6014896785,0.00014753460100683845,18211.699491622392,-1.8889295461121947e-08,0.000147535,301.005,293.157,317.441,0.0,147535,1,698,69800000,69800000,69800000,0,301005,1,698,69800000,69800000,69800000,0,293157,1,698,69800000,69800000,69800000,0,317441,1,698,69800000,69800000,69800000,0,0,1,698,69800000,69800000,69800000,0,1.0,0.519165,0.65,1.0,0.519165,0.65,1.0,0.519165,0.65,698,70100000,False,1.0,5000.0,300.0,500.0,600000000000.0,100000000000.0,,697
1,dropped_command,thermal_loop,704,controller_tick,69900000,69.9,1,0,69900000,699,69900000,RUNNING,,0,0,62,1,0,reconstructed_from_retained_wire,True,,,317.4420734651741,301.00564282871187,293.1556082119678,0.5188603621801097,0.6500000051961956,345500.0000000056,349913.9142428702,0.0001475437116138023,18213.948809456713,-1.9314029486849904e-08,0.000147544,301.006,293.156,317.442,0.0,147544,1,699,69900000,69900000,69900000,0,301006,1,699,69900000,69900000,69900000,0,293156,1,699,69900000,69900000,69900000,0,317442,1,699,69900000,69900000,69900000,0,0,1,699,69900000,69900000,69900000,0,1.0,0.519196,0.65,1.0,0.519196,0.65,1.0,0.519196,0.65,699,70200000,False,1.0,5000.0,300.0,500.0,600000000000.0,100000000000.0,,698
1,dropped_command,thermal_loop,705,controller_tick,70000000,70.0,1,0,70000000,700,70000000,RUNNING,,0,0,62,1,0,reconstructed_from_retained_wire,True,,,317.44276473234595,301.00670294296765,293.154330411852,0.5188923023416533,0.6500000042542852,346000.00000000553,350414.1626294247,0.00014755279411286052,18216.191322737286,-1.928128767758608e-08,0.000147553,301.007,293.154,317.443,0.0,147553,1,700,70000000,70000000,70000000,0,301007,1,700,70000000,70000000,70000000,0,293154,1,700,70000000,70000000,70000000,0,317443,1,700,70000000,70000000,70000000,0,0,1,700,70000000,70000000,70000000,0,1.0,0.519227,0.65,1.0,0.519227,0.65,1.0,0.519227,0.65,700,70300000,False,1.0,5000.0,300.0,500.0,600000000000.0,100000000000.0,,699
1,dropped_command,thermal_loop,706,controller_tick,70100000,70.1,1,0,70100000,701,70100000,RUNNING,,0,0,62,1,0,reconstructed_from_retained_wire,True,,,317.44345707142526,301.00774111666885,293.15307144124654,0.5189241530349968,0.6500000034831142,346500.00000000553,350914.3475978814,0.0001475618511780549,18218.427691071112,-2.013621269725263e-08,0.000147562,301.008,293.153,317.443,0.0,147562,1,701,70100000,70100000,70100000,0,301008,1,701,70100000,70100000,70100000,0,293153,1,701,70100000,70100000,70100000,0,317443,1,701,70100000,70100000,70100000,0,0,1,701,70100000,70100000,70100000,0,1.0,0.519258,0.65,1.0,0.519258,0.65,1.0,0.519258,0.65,701,70400000,False,1.0,5000.0,300.0,500.0,600000000000.0,100000000000.0,,700
1,dropped_command,thermal_loop,707,controller_tick,70200000,70.2,1,0,70200000,702,70200000,RUNNING,,0,0,62,1,0,reconstructed_from_retained_wire,True,,,317.44415041406074,301.0087577373311,293.1518310217931,0.5189559227741655,0.6500000028517328,347000.00000000553,351414.4700827362,0.00014757088522909966,18220.658511318517,-2.0102561393287033e-08,0.000147571,301.009,293.152,317.444,0.0,147571,1,702,70200000,70200000,70200000,0,301009,1,702,70200000,70200000,70200000,0,293152,1,702,70200000,70200000,70200000,0,317444,1,702,70200000,70200000,70200000,0,0,1,702,70200000,70200000,70200000,0,1.0,0.519288,0.65,1.0,0.519288,0.65,1.0,0.519288,0.65,702,70500000,False,1.0,5000.0,300.0,500.0,600000000000.0,100000000000.0,,701
1,dropped_command,thermal_loop,708,controller_tick,70300000,70.3,1,0,70300000,703,70300000,RUNNING,,0,0,62,1,0,reconstructed_from_retained_wire,True,,,317.4448446932608,301.0097531905166,293.1506088764561,0.5189875241003854,0.6500000023348013,347500.00000000553,351914.53100462985,0.00014757987139502035,18222.877640796512,-2.1243977244012058e-08,0.00014758,301.01,293.151,317.445,0.0,147580,1,703,70300000,70300000,70300000,0,301010,1,703,70300000,70300000,70300000,0,293151,1,703,70300000,70300000,70300000,0,317445,1,703,70300000,70300000,70300000,0,0,1,703,70300000,70300000,70300000,0,1.0,0.519319,0.65,1.0,0.519319,0.65,1.0,0.519319,0.65,703,70600000,False,1.0,5000.0,300.0,500.0,600000000000.0,100000000000.0,,702
1,dropped_command,thermal_loop,709,controller_tick,70400000,70.4,1,0,70400000,704,70400000,RUNNING,,0,0,62,1,0,reconstructed_from_retained_wire,True,,,317.44553984338336,301.01072785386475,293.1494047335048,0.5190190682028497,0.6500000019115736,348000.00000000553,352414.53127042274,0.00014758884129279938,18225.09288615499,-2.1367668523453176e-08,0.000147589,301.011,293.149,317.446,0.0,147589,1,704,70400000,70400000,70400000,0,301011,1,704,70400000,70400000,70400000,0,293149,1,704,70400000,70400000,70400000,0,317446,1,704,70400000,70400000,70400000,0,0,1,704,70400000,70400000,70400000,0,1.0,0.519349,0.65,1.0,0.519349,0.65,1.0,0.519349,0.65,704,70700000,False,1.0,5000.0,300.0,500.0,600000000000.0,100000000000.0,,703
1,dropped_command,thermal_loop,710,controller_tick,70500000,70.5,1,0,70500000,705,70500000,RUNNING,,0,0,62,1,0,reconstructed_from_retained_wire,True,,,317.4462358000976,301.011682097773,293.1482183260594,0.5190504653645367,0.650000001565064,348500.00000000553,352914.47177357273,0.00014759776940966685,18227.29794563054,-2.1072082745376974e-08,0.000147598,301.012,293.148,317.446,0.0,147598,1,705,70500000,70500000,70500000,0,301012,1,705,70500000,70500000,70500000,0,293148,1,705,70500000,70500000,70500000,0,317446,1,705,70500000,70500000,70500000,0,0,1,705,70500000,70500000,70500000,0,1.0,0.519379,0.65,1.0,0.519379,0.65,1.0,0.519379,0.65,705,70800000,False,1.0,5000.0,300.0,500.0,600000000000.0,100000000000.0,,704
1,dropped_command,thermal_loop,711,controller_tick,70600000,70.6,1,0,70600000,706,70600000,RUNNING,,0,0,62,1,0,reconstructed_from_retained_wire,True,,,317.4469325003747,301.01261629057774,293.1470493886398,0.5190817295687101,0.6500000012813661,349000.00000000553,353414.35339419654,0.00014760665972131552,18229.49379957066,-2.0629158825613558e-08,0.000147607,301.013,293.147,317.447,0.0,147607,1,706,70600000,70600000,70600000,0,301013,1,706,70600000,70600000,70600000,0,293147,1,706,70600000,70600000,70600000,0,317447,1,706,70600000,70600000,70600000,0,0,1,706,70600000,70600000,70600000,0,1.0,0.519409,0.65,1.0,0.519409,0.65,1.0,0.519409,0.65,706,70900000,False,1.0,5000.0,300.0,500.0,600000000000.0,100000000000.0,,705
1,dropped_command,thermal_loop,712,controller_tick,70700000,70.7,1,0,70700000,707,70700000,RUNNING,,0,0,62,1,0,reconstructed_from_retained_wire,True,,,317.44762988246663,301.01353079302766,293.14589766085123,0.5191128734679503,0.650000001049094,349500.00000000553,353914.17699926475,0.00014761551582515288,18231.68133508484,-2.0618244889192283e-08,0.000147616,301.014,293.146,317.448,0.0,147616,1,707,70700000,70700000,70700000,0,301014,1,707,70700000,70700000,70700000,0,293146,1,707,70700000,70700000,70700000,0,317448,1,707,70700000,70700000,70700000,0,0,1,707,70700000,70700000,70700000,0,1.0,0.519438,0.65,1.0,0.519438,0.65,1.0,0.519438,0.65,707,71000000,False,1.0,5000.0,300.0,500.0,600000000000.0,100000000000.0,,706
1,dropped_command,thermal_loop,713,controller_tick,70800000,70.8,1,0,70800000,708,70800000,RUNNING,,0,0,62,1,0,reconstructed_from_retained_wire,True,,,317.44832788588525,301.0144259639289,293.1447628836226,0.5191438133482033,0.6500000008589255,350000.00000000553,354413.9434427914,0.00014762431391575231,18233.85467013278,-2.0467268768697977e-08,0.000147624,301.014,293.145,317.448,0.0,147624,1,708,70800000,70800000,70800000,0,301014,1,708,70800000,70800000,70800000,0,293145,1,708,70800000,70800000,70800000,0,317448,1,708,70800000,70800000,70800000,0,0,1,708,70800000,70800000,70800000,0,1.0,0.51947,0.65,1.0,0.51947,0.65,1.0,0.51947,0.65,708,71100000,False,1.0,5000.0,300.0,500.0,600000000000.0,100000000000.0,,707
1,dropped_command,thermal_loop,714,controller_tick,70900000,70.9,1,0,70900000,709,70900000,RUNNING,,0,0,62,1,0,reconstructed_from_retained_wire,True,,,317.44902645138126,301.0153021434388,293.14364481034505,0.5191748541121887,0.6500000007032287,350500.00000000553,354913.65356602846,0.00014763314069525995,18236.035221622667,-2.082560968119651e-08,0.000147633,301.015,293.144,317.449,0.0,147633,1,709,70900000,70900000,70900000,0,301015,1,709,70900000,70900000,70900000,0,293144,1,709,70900000,70900000,70900000,0,317449,1,709,70900000,70900000,70900000,0,0,1,709,70900000,70900000,70900000,0,1.0,0.519499,0.65,1.0,0.519499,0.65,1.0,0.519499,0.65,709,71200000,False,1.0,5000.0,300.0,500.0,600000000000.0,100000000000.0,,708
1,dropped_command,thermal_loop,715,controller_tick,71000000,71.0,1,0,71000000,710,71000000,RUNNING,,0,0,62,1,0,reconstructed_from_retained_wire,True,,,317.44972552087677,301.0161596661492,293.14254319814705,0.519205700671804,0.650000000575755,351000.00000000553,355413.3081981777,0.00014764191225182235,18238.202259659975,-2.073829818982631e-08,0.000147642,301.016,293.143,317.45,0.0,147642,1,710,71000000,71000000,71000000,0,301016,1,710,71000000,71000000,71000000,0,293143,1,710,71000000,71000000,71000000,0,317450,1,710,71000000,71000000,71000000,0,0,1,710,71000000,71000000,71000000,0,1.0,0.519528,0.65,1.0,0.519528,0.65,1.0,0.519528,0.65,710,71300000,False,1.0,5000.0,300.0,500.0,600000000000.0,100000000000.0,,709
1,dropped_command,thermal_loop,716,controller_tick,71100000,71.1,1,0,71100000,711,71100000,RUNNING,,0,0,62,1,0,reconstructed_from_retained_wire,True,,,317.45042503749295,301.0169988761025,293.1414577978889,0.5192363715080386,0.6500000004713884,351500.00000000553,355912.9081560428,0.00014765063384049212,18240.357080283757,-2.1342202671803534e-08,0.000147651,301.017,293.141,317.45,0.0,147651,1,711,71100000,71100000,71100000,0,301017,1,711,71100000,71100000,71100000,0,293141,1,711,71100000,71100000,71100000,0,317450,1,711,71100000,71100000,71100000,0,0,1,711,71100000,71100000,71100000,0,1.0,0.519557,0.65,1.0,0.519557,0.65,1.0,0.519557,0.65,711,71400000,False,1.0,5000.0,300.0,500.0,600000000000.0,100000000000.0,,710
1,dropped_command,thermal_loop,717,controller_tick,71200000,71.2,1,0,71200000,712,71200000,RUNNING,,0,0,62,1,0,reconstructed_from_retained_wire,True,,,317.4511249455405,301.0178201096782,293.1403883655742,0.519266883343183,0.6500000003859403,352000.0000000055,356412.4542440998,0.00014765931021625645,18242.500856278024,-2.173510438296944e-08,0.000147659,301.018,293.14,317.451,0.0,147659,1,712,71200000,71200000,71200000,0,301018,1,712,71200000,71200000,71200000,0,293140,1,712,71200000,71200000,71200000,0,317451,1,712,71200000,71200000,71200000,0,0,1,712,71200000,71200000,71200000,0,1.0,0.519588,0.65,1.0,0.519588,0.65,1.0,0.519588,0.65,712,71500000,False,1.0,5000.0,300.0,500.0,600000000000.0,100000000000.0,,711
1,dropped_command,thermal_loop,718,controller_tick,71300000,71.3,1,0,71300000,713,71300000,RUNNING,,0,0,62,1,0,reconstructed_from_retained_wire,True,,,317.45182519048257,301.01862368512093,293.1393346693309,0.5192974416333554,0.6500000003159812,352500.0000000055,356911.9472548701,0.00014766799980269743,18244.648022403046,-2.132492227246985e-08,0.000147668,301.019,293.139,317.452,0.0,147668,1,713,71300000,71300000,71300000,0,301019,1,713,71300000,71300000,71300000,0,293139,1,713,71300000,71300000,71300000,0,317452,1,713,71300000,71300000,71300000,0,0,1,713,71300000,71300000,71300000,0,1.0,0.519617,0.65,1.0,0.519617,0.65,1.0,0.519617,0.65,713,71600000,False,1.0,5000.0,300.0,500.0,600000000000.0,100000000000.0,,712
1,dropped_command,thermal_loop,719,controller_tick,71400000,71.4,1,0,71400000,714,71400000,RUNNING,,0,0,62,1,0,reconstructed_from_retained_wire,True,,,317.4525257188795,301.0194099152032,293.1382964809668,0.5193278516326116,0.6500000002587034,353000.0000000055,357411.38796949835,0.0001476766472215191,18246.784894298788,-2.1631421986967325e-08,0.000147677,301.019,293.138,317.453,0.0,147677,1,714,71400000,71400000,71400000,0,301019,1,714,71400000,71400000,71400000,0,293138,1,714,71400000,71400000,71400000,0,317453,1,714,71400000,71400000,71400000,0,0,1,714,71400000,71400000,71400000,0,1.0,0.519645,0.65,1.0,0.519645,0.65,1.0,0.519645,0.65,714,71700000,False,1.0,5000.0,300.0,500.0,600000000000.0,100000000000.0,,713
1,dropped_command,thermal_loop,720,controller_tick,71500000,71.5,1,0,71500000,715,71500000,RUNNING,,0,0,62,1,0,reconstructed_from_retained_wire,True,,,317.4532264784068,301.0201791226894,293.1372735656656,0.5193580322901162,0.6500000002118085,353500.0000000055,357910.7771575182,0.00014768522942491564,18248.90577431016,-2.0719198801089078e-08,0.000147685,301.02,293.137,317.453,0.0,147685,1,715,71500000,71500000,71500000,0,301020,1,715,71500000,71500000,71500000,0,293137,1,715,71500000,71500000,71500000,0,317453,1,715,71500000,71500000,71500000,0,0,1,715,71500000,71500000,71500000,0,1.0,0.519676,0.65,1.0,0.519676,0.65,1.0,0.519676,0.65,715,71800000,False,1.0,5000.0,300.0,500.0,600000000000.0,100000000000.0,,714
1,dropped_command,thermal_loop,721,controller_tick,71600000,71.6,1,0,71600000,716,71600000,RUNNING,,0,0,62,1,0,reconstructed_from_retained_wire,True,,,317.4539274178469,301.02093161198326,293.1362657008898,0.519388290918368,0.6500000001734141,354000.0000000055,358410.1155769093,0.00014769383380053023,18251.03225723087,-2.0942025003023446e-08,0.000147694,301.021,293.136,317.454,0.0,147694,1,716,71600000,71600000,71600000,0,301021,1,716,71600000,71600000,71600000,0,293136,1,716,71600000,71600000,71600000,0,317454,1,716,71600000,71600000,71600000,0,0,1,716,71600000,71600000,71600000,0,1.0,0.519704,0.65,1.0,0.519704,0.65,1.0,0.519704,0.65,716,71900000,False,1.0,5000.0,300.0,500.0,600000000000.0,100000000000.0,,715
1,dropped_command,thermal_loop,722,controller_tick,71700000,71.7,1,0,71700000,717,71700000,RUNNING,,0,0,62,1,0,reconstructed_from_retained_wire,True,,,317.45462848702283,301.02166768225527,293.1352726676264,0.5194183346097239,0.6500000001419793,354500.0000000054,358909.40397479956,0.00014770237705675183,18253.143757587954,-2.0278093870729208e-08,0.000147702,301.022,293.135,317.455,0.0,147702,1,717,71700000,71700000,71700000,0,301022,1,717,71700000,71700000,71700000,0,293135,1,717,71700000,71700000,71700000,0,317455,1,717,71700000,71700000,71700000,0,0,1,717,71700000,71700000,71700000,0,1.0,0.519734,0.65,1.0,0.519734,0.65,1.0,0.519734,0.65,717,72000000,False,1.0,5000.0,300.0,500.0,600000000000.0,100000000000.0,,716
1,dropped_command,thermal_loop,723,controller_tick,71800000,71.8,1,0,71800000,718,71800000,RUNNING,,0,0,62,1,0,reconstructed_from_retained_wire,True,,,317.4553296368167,301.0223876317092,293.1342942475466,0.5194483741432974,0.6500000001162428,355000.0000000054,359408.6430872267,0.00014771091913090946,18255.25508781227,-1.9857907318510115e-08,0.000147711,301.022,293.134,317.455,0.0,147711,1,718,71800000,71800000,71800000,0,301022,1,718,71800000,71800000,71800000,0,293134,1,718,71800000,71800000,71800000,0,317455,1,718,71800000,71800000,71800000,0,0,1,718,71800000,71800000,71800000,0,1.0,0.519761,0.65,1.0,0.519761,0.65,1.0,0.519761,0.65,718,72100000,False,1.0,5000.0,300.0,500.0,600000000000.0,100000000000.0,,717
1,dropped_command,thermal_loop,724,controller_tick,71900000,71.9,1,0,71900000,719,71900000,RUNNING,,0,0,62,1,0,reconstructed_from_retained_wire,True,,,317.45603081913674,301.0230917582454,293.1333302225635,0.519478124427008,0.6500000000951717,355500.0000000054,359907.83363947255,0.00014771937895385624,18257.34620841501,-1.9615981727838516e-08,0.000147719,301.023,293.133,317.456,0.0,147719,1,719,71900000,71900000,71900000,0,301023,1,719,71900000,71900000,71900000,0,293133,1,719,71900000,71900000,71900000,0,317456,1,719,71900000,71900000,71900000,0,0,1,719,71900000,71900000,71900000,0,1.0,0.519791,0.65,1.0,0.519791,0.65,1.0,0.519791,0.65,719,72200000,False,1.0,5000.0,300.0,500.0,600000000000.0,100000000000.0,,718
1,dropped_command,thermal_loop,725,controller_tick,72000000,72.0,1,0,72000000,720,72000000,RUNNING,,0,0,62,1,0,reconstructed_from_retained_wire,True,,,317.4567319869335,301.02378035260466,293.1323803794065,0.5195078984743656,0.6500000000779199,356000.00000000536,360406.9763458488,0.0001477278455344262,18259.439119227864,-2.0459992811083794e-08,0.000147728,301.024,293.132,317.457,0.0,147728,1,720,72000000,72000000,72000000,0,301024,1,720,72000000,72000000,72000000,0,293132,1,720,72000000,72000000,72000000,0,317457,1,720,72000000,72000000,72000000,0,0,1,720,72000000,72000000,72000000,0,1.0,0.519819,0.65,1.0,0.519819,0.65,1.0,0.519819,0.65,720,72300000,False,1.0,5000.0,300.0,500.0,600000000000.0,100000000000.0,,719
1,dropped_command,thermal_loop,726,controller_tick,72100000,72.1,1,0,72100000,721,72100000,RUNNING,,0,0,62,1,0,reconstructed_from_retained_wire,True,,,317.4574330941388,301.02445369452187,293.13144451218335,0.5195375036987961,0.6500000000637954,356500.0000000053,360906.07191034633,0.00014773626410845622,18261.52028186825,-2.0515471987891942e-08,0.000147736,301.024,293.131,317.457,0.0,147736,1,721,72100000,72100000,72100000,0,301024,1,721,72100000,72100000,72100000,0,293131,1,721,72100000,72100000,72100000,0,317457,1,721,72100000,72100000,72100000,0,0,1,721,72100000,72100000,72100000,0,1.0,0.519848,0.65,1.0,0.519848,0.65,1.0,0.519848,0.65,721,72400000,False,1.0,5000.0,300.0,500.0,600000000000.0,100000000000.0,,720
1,dropped_command,thermal_loop,727,controller_tick,72200000,72.2,1,0,72200000,722,72200000,RUNNING,,0,0,62,1,0,reconstructed_from_retained_wire,True,,,317.4581340956682,301.02511206325914,293.13052241535985,0.5195670513285072,0.6500000000522314,357000.0000000053,361405.12102657533,0.00014774466630489892,18263.597514001594,-2.0945662981830537e-08,0.000147745,301.025,293.131,317.458,0.0,147745,1,722,72200000,72200000,72200000,0,301025,1,722,72200000,72200000,72200000,0,293131,1,722,72200000,72200000,72200000,0,317458,1,722,72200000,72200000,72200000,0,0,1,722,72200000,72200000,72200000,0,1.0,0.519875,0.65,1.0,0.519875,0.65,1.0,0.519875,0.65,722,72500000,False,1.0,5000.0,300.0,500.0,600000000000.0,100000000000.0,,721
1,dropped_command,thermal_loop,728,controller_tick,72300000,72.3,1,0,72300000,723,72300000,RUNNING,,0,0,62,1,0,reconstructed_from_retained_wire,True,,,317.45883494739996,301.02575573783497,293.12961388360833,0.5195963565191971,0.6500000000427635,357500.0000000053,361904.1243779672,0.0001477529995612022,18265.657819069413,-2.143679012078792e-08,0.000147753,301.026,293.13,317.459,0.0,147753,1,723,72300000,72300000,72300000,0,301026,1,723,72300000,72300000,72300000,0,293130,1,723,72300000,72300000,72300000,0,317459,1,723,72300000,72300000,72300000,0,0,1,723,72300000,72300000,72300000,0,1.0,0.519904,0.65,1.0,0.519904,0.65,1.0,0.519904,0.65,723,72600000,False,1.0,5000.0,300.0,500.0,600000000000.0,100000000000.0,,722
1,dropped_command,thermal_loop,729,controller_tick,72400000,72.4,1,0,72400000,724,72400000,RUNNING,,0,0,62,1,0,reconstructed_from_retained_wire,True,,,317.4595356061818,301.0263849905954,293.1287187160961,0.5196256326671529,0.6500000000350118,358000.0000000053,362403.08263767516,0.00014776132455895583,18267.71619830706,-2.1290361473802477e-08,0.000147761,301.026,293.129,317.46,0.0,147761,1,724,72400000,72400000,72400000,0,301026,1,724,72400000,72400000,72400000,0,293129,1,724,72400000,72400000,72400000,0,317460,1,724,72400000,72400000,72400000,0,0,1,724,72400000,72400000,72400000,0,1.0,0.519933,0.65,1.0,0.519933,0.65,1.0,0.519933,0.65,724,72700000,False,1.0,5000.0,300.0,500.0,600000000000.0,100000000000.0,,723
1,dropped_command,thermal_loop,730,controller_tick,72500000,72.5,1,0,72500000,725,72500000,RUNNING,,0,0,62,1,0,reconstructed_from_retained_wire,True,,,317.46023602977573,301.0270000775259,293.1278367229419,0.5196548825361563,0.6500000000286652,358500.00000000524,362901.9964691511,0.0001477696420840584,18269.77284570635,-2.10711732506752e-08,0.00014777,301.027,293.128,317.46,0.0,147770,1,725,72500000,72500000,72500000,0,301027,1,725,72500000,72500000,72500000,0,293128,1,725,72500000,72500000,72500000,0,317460,1,725,72500000,72500000,72500000,0,0,1,725,72500000,72500000,72500000,0,1.0,0.519959,0.65,1.0,0.519959,0.65,1.0,0.519959,0.65,725,72800000,False,1.0,5000.0,300.0,500.0,600000000000.0,100000000000.0,,724
1,dropped_command,thermal_loop,731,controller_tick,72600000,72.6,1,0,72600000,726,72600000,RUNNING,,0,0,62,1,0,reconstructed_from_retained_wire,True,,,317.46093617684664,301.02760126624054,293.1269677065574,0.5196838231392342,0.6500000000234691,359000.00000000524,363400.8665262488,0.0001477778716660074,18271.807861607107,-2.0792867871932685e-08,0.000147778,301.028,293.127,317.461,0.0,147778,1,726,72600000,72600000,72600000,0,301028,1,726,72600000,72600000,72600000,0,293127,1,726,72600000,72600000,72600000,0,317461,1,726,72600000,72600000,72600000,0,0,1,726,72600000,72600000,72600000,0,1.0,0.519988,0.65,1.0,0.519988,0.65,1.0,0.519988,0.65,726,72900000,False,1.0,5000.0,300.0,500.0,600000000000.0,100000000000.0,,725
1,dropped_command,thermal_loop,732,controller_tick,72700000,72.7,1,0,72700000,727,72700000,RUNNING,,0,0,62,1,0,reconstructed_from_retained_wire,True,,,317.46163600699134,301.0281888174653,293.12611147399684,0.5197127693946766,0.650000000019215,359500.0000000052,363899.6934528725,0.00014778610285531,18273.84338832432,-2.054548531305045e-08,0.000147786,301.028,293.126,317.462,0.0,147786,1,727,72700000,72700000,72700000,0,301028,1,727,72700000,72700000,72700000,0,293126,1,727,72700000,72700000,72700000,0,317462,1,727,72700000,72700000,72700000,0,0,1,727,72700000,72700000,72700000,0,1.0,0.520016,0.65,1.0,0.520016,0.65,1.0,0.520016,0.65,727,73000000,False,1.0,5000.0,300.0,500.0,600000000000.0,100000000000.0,,726
1,dropped_command,thermal_loop,733,controller_tick,72800000,72.8,1,0,72800000,728,72800000,RUNNING,,0,0,62,1,0,reconstructed_from_retained_wire,True,,,317.46233548067295,301.0287629757959,293.12526784311444,0.519741625602008,0.650000000015732,360000.0000000052,364398.4778836779,0.00014779430843846487,18275.87269562015,-2.0535480871330947e-08,0.000147794,301.029,293.125,317.462,0.0,147794,1,728,72800000,72800000,72800000,0,301029,1,728,72800000,72800000,72800000,0,293125,1,728,72800000,72800000,72800000,0,317462,1,728,72800000,72800000,72800000,0,0,1,728,72800000,72800000,72800000,0,1.0,0.520044,0.65,1.0,0.520044,0.65,1.0,0.520044,0.65,728,73100000,False,1.0,5000.0,300.0,500.0,600000000000.0,100000000000.0,,727
1,dropped_command,thermal_loop,734,controller_tick,72900000,72.9,1,0,72900000,729,72900000,RUNNING,,0,0,62,1,0,reconstructed_from_retained_wire,True,,,317.46303455920946,301.0293239864691,293.1244366313851,0.519770400330439,0.6500000000128803,360500.0000000052,364897.2204441713,0.00014780249085221623,18277.896385118693,-2.046817826339975e-08,0.000147802,301.029,293.124,317.463,0.0,147802,1,729,72900000,72900000,72900000,0,301029,1,729,72900000,72900000,72900000,0,293124,1,729,72900000,72900000,72900000,0,317463,1,729,72900000,72900000,72900000,0,0,1,729,72900000,72900000,72900000,0,1.0,0.520072,0.65,1.0,0.520072,0.65,1.0,0.520072,0.65,729,73200000,False,1.0,5000.0,300.0,500.0,600000000000.0,100000000000.0,,728
1,dropped_command,thermal_loop,735,controller_tick,73000000,73.0,1,0,73000000,730,73000000,RUNNING,,0,0,62,1,0,reconstructed_from_retained_wire,True,,,317.4637332047619,301.02987208970353,293.1236176596777,0.5197991013337122,0.6500000000105455,361000.0000000052,365395.92175081826,0.0001478106523014219,18279.91500122475,-1.988428266486153e-08,0.000147811,301.03,293.124,317.464,0.0,147811,1,730,73000000,73000000,73000000,0,301030,1,730,73000000,73000000,73000000,0,293124,1,730,73000000,73000000,73000000,0,317464,1,730,73000000,73000000,73000000,0,0,1,730,73000000,73000000,73000000,0,1.0,0.520098,0.65,1.0,0.520098,0.65,1.0,0.520098,0.65,730,73300000,False,1.0,5000.0,300.0,500.0,600000000000.0,100000000000.0,,729
1,dropped_command,thermal_loop,736,controller_tick,73100000,73.1,1,0,73100000,731,73100000,RUNNING,,0,0,62,1,0,reconstructed_from_retained_wire,True,,,317.4644313803279,301.03040753168625,293.12281074493245,0.5198275453025399,0.6500000000086339,361500.0000000051,365894.58241108886,0.00014781874066004436,18281.915649397837,-1.9240360416006297e-08,0.000147819,301.03,293.123,317.464,0.0,147819,1,731,73100000,73100000,73100000,0,301030,1,731,73100000,73100000,73100000,0,293123,1,731,73100000,73100000,73100000,0,317464,1,731,73100000,73100000,73100000,0,0,1,731,73100000,73100000,73100000,0,1.0,0.520125,0.65,1.0,0.520125,0.65,1.0,0.520125,0.65,731,73400000,False,1.0,5000.0,300.0,500.0,600000000000.0,100000000000.0,,730
1,dropped_command,thermal_loop,737,controller_tick,73200000,73.2,1,0,73200000,732,73200000,RUNNING,,0,0,62,1,0,reconstructed_from_retained_wire,True,,,317.4651290497602,301.0309305577154,293.1220157047362,0.5198558518595657,0.6500000000070688,362000.0000000051,366393.2030232218,0.00014782678994410862,18283.906741191633,-2.0091647456865758e-08,0.000147827,301.031,293.122,317.465,0.0,147827,1,732,73200000,73200000,73200000,0,301031,1,732,73200000,73200000,73200000,0,293122,1,732,73200000,73200000,73200000,0,317465,1,732,73200000,73200000,73200000,0,0,1,732,73200000,73200000,73200000,0,1.0,0.520153,0.65,1.0,0.520153,0.65,1.0,0.520153,0.65,732,73500000,False,1.0,5000.0,300.0,500.0,600000000000.0,100000000000.0,,731
1,dropped_command,thermal_loop,738,controller_tick,73300000,73.3,1,0,73300000,733,73300000,RUNNING,,0,0,62,1,0,reconstructed_from_retained_wire,True,,,317.4658261777295,301.0314413962941,293.1212323679253,0.5198841292438335,0.6500000000057875,362500.0000000051,366891.7841766207,0.00014783483093258723,18285.89588921524,-1.8988430383615196e-08,0.000147835,301.031,293.121,317.466,0.0,147835,1,733,73300000,73300000,73300000,0,301031,1,733,73300000,73300000,73300000,0,293121,1,733,73300000,73300000,73300000,0,317466,1,733,73300000,73300000,73300000,0,0,1,733,73300000,73300000,73300000,0,1.0,0.52018,0.65,1.0,0.52018,0.65,1.0,0.52018,0.65,733,73600000,False,1.0,5000.0,300.0,500.0,600000000000.0,100000000000.0,,732
1,dropped_command,thermal_loop,739,controller_tick,73400000,73.4,1,0,73400000,734,73400000,RUNNING,,0,0,62,1,0,reconstructed_from_retained_wire,True,,,317.4665227296841,301.03194027142206,293.120460566389,0.5199122850689163,0.6500000000047383,363000.0000000051,367390.32645227015,0.00014784283735437046,18287.876593761874,-1.9566869013942778e-08,0.000147843,301.032,293.12,317.467,0.0,147843,1,734,73400000,73400000,73400000,0,301032,1,734,73400000,73400000,73400000,0,293120,1,734,73400000,73400000,73400000,0,317467,1,734,73400000,73400000,73400000,0,0,1,734,73400000,73400000,73400000,0,1.0,0.520207,0.65,1.0,0.520207,0.65,1.0,0.520207,0.65,734,73700000,False,1.0,5000.0,300.0,500.0,600000000000.0,100000000000.0,,733
1,dropped_command,thermal_loop,740,controller_tick,73500000,73.5,1,0,73500000,735,73500000,RUNNING,,0,0,62,1,0,reconstructed_from_retained_wire,True,,,317.4672186718508,301.03242740773464,293.11970013164597,0.5199403309026998,0.6500000000038795,363500.0000000051,367888.8304227075,0.0001478508124989134,18289.84966728535,-1.944954419741407e-08,0.000147851,301.032,293.12,317.467,0.0,147851,1,735,73500000,73500000,73500000,0,301032,1,735,73500000,73500000,73500000,0,293120,1,735,73500000,73500000,73500000,0,317467,1,735,73500000,73500000,73500000,0,0,1,735,73500000,73500000,73500000,0,1.0,0.520234,0.65,1.0,0.520234,0.65,1.0,0.520234,0.65,735,73800000,False,1.0,5000.0,300.0,500.0,600000000000.0,100000000000.0,,734
1,dropped_command,thermal_loop,741,controller_tick,73600000,73.6,1,0,73600000,736,73600000,RUNNING,,0,0,62,1,0,reconstructed_from_retained_wire,True,,,317.4679139712229,301.0329030248708,293.1189508985994,0.5199682772122401,0.6500000000031763,364000.0000000051,368387.29665213113,0.00014785875934263833,18291.815844968805,-2.0431798475328833e-08,0.000147859,301.033,293.119,317.468,0.0,147859,1,736,73600000,73600000,73600000,0,301033,1,736,73600000,73600000,73600000,0,293119,1,736,73600000,73600000,73600000,0,317468,1,736,73600000,73600000,73600000,0,0,1,736,73600000,73600000,73600000,0,1.0,0.520261,0.65,1.0,0.520261,0.65,1.0,0.520261,0.65,736,73900000,False,1.0,5000.0,300.0,500.0,600000000000.0,100000000000.0,,735
1,dropped_command,thermal_loop,742,controller_tick,73700000,73.7,1,0,73700000,737,73700000,RUNNING,,0,0,62,1,0,reconstructed_from_retained_wire,True,,,317.4686085955433,301.03336733767054,293.11821270540605,0.5199961334685214,0.6500000000026005,364500.0000000051,368885.72569656646,0.0001478666805787236,18293.775792073116,-1.9969775166828185e-08,0.000147867,301.033,293.118,317.469,0.0,147867,1,737,73700000,73700000,73700000,0,301033,1,737,73700000,73700000,73700000,0,293118,1,737,73700000,73700000,73700000,0,317469,1,737,73700000,73700000,73700000,0,0,1,737,73700000,73700000,73700000,0,1.0,0.520288,0.65,1.0,0.520288,0.65,1.0,0.520288,0.65,737,74000000,False,1.0,5000.0,300.0,500.0,600000000000.0,100000000000.0,,736
1,dropped_command,thermal_loop,743,controller_tick,73800000,73.8,1,0,73800000,738,73800000,RUNNING,,0,0,62,1,0,reconstructed_from_retained_wire,True,,,317.469302513288,301.03382055635785,293.117485393354,0.520023908241244,0.6500000000021291,365000.0000000051,369384.1181040256,0.0001478745786440578,18295.730110586723,-2.018532541114837e-08,0.000147875,301.034,293.117,317.469,0.0,147875,1,738,73800000,73800000,73800000,0,301034,1,738,73800000,73800000,73800000,0,293117,1,738,73800000,73800000,73800000,0,317469,1,738,73800000,73800000,73800000,0,0,1,738,73800000,73800000,73800000,0,1.0,0.520314,0.65,1.0,0.520314,0.65,1.0,0.520314,0.65,738,74100000,False,1.0,5000.0,300.0,500.0,600000000000.0,100000000000.0,,737
1,dropped_command,thermal_loop,744,controller_tick,73900000,73.9,1,0,73900000,739,73900000,RUNNING,,0,0,62,1,0,reconstructed_from_retained_wire,True,,,317.46999569365613,301.03426289212734,293.1167688031396,0.520051514122012,0.6500000000017433,365500.0000000051,369882.4744146002,0.00014788242868309104,18297.672648775922,-1.997432264033705e-08,0.000147882,301.034,293.117,317.47,0.0,147882,1,739,73900000,73900000,73900000,0,301034,1,739,73900000,73900000,73900000,0,293117,1,739,73900000,73900000,73900000,0,317470,1,739,73900000,73900000,73900000,0,0,1,739,73900000,73900000,73900000,0,1.0,0.520343,0.65,1.0,0.520343,0.65,1.0,0.520343,0.65,739,74200000,False,1.0,5000.0,300.0,500.0,600000000000.0,100000000000.0,,738
1,dropped_command,thermal_loop,745,controller_tick,74000000,74.0,1,0,74000000,740,74000000,RUNNING,,0,0,62,1,0,reconstructed_from_retained_wire,True,,,317.47068810655844,301.0346945402484,293.1160627861318,0.5200792526707657,0.6500000000014272,366000.00000000506,370380.79516056256,0.00014789031644774374,18299.624626252706,-2.056185621768236e-08,0.00014789,301.035,293.116,317.471,0.0,147890,1,740,74000000,74000000,74000000,0,301035,1,740,74000000,74000000,74000000,0,293116,1,740,74000000,74000000,74000000,0,317471,1,740,74000000,74000000,74000000,0,0,1,740,74000000,74000000,74000000,0,1.0,0.520369,0.65,1.0,0.520369,0.65,1.0,0.520369,0.65,740,74300000,False,1.0,5000.0,300.0,500.0,600000000000.0,100000000000.0,,739
1,dropped_command,thermal_loop,746,controller_tick,74100000,74.1,1,0,74100000,741,74100000,RUNNING,,0,0,62,1,0,reconstructed_from_retained_wire,True,,,317.47137972255985,301.03511569314736,293.1153671956472,0.5201068257747312,0.6500000000011684,366500.00000000506,370879.08086698985,0.00014789815716633443,18301.565064467555,-2.076922100968659e-08,0.000147898,301.035,293.115,317.471,0.0,147898,1,741,74100000,74100000,74100000,0,301035,1,741,74100000,74100000,74100000,0,293115,1,741,74100000,74100000,74100000,0,317471,1,741,74100000,74100000,74100000,0,0,1,741,74100000,74100000,74100000,0,1.0,0.520395,0.65,1.0,0.520395,0.65,1.0,0.520395,0.65,741,74400000,False,1.0,5000.0,300.0,500.0,600000000000.0,100000000000.0,,740
1,dropped_command,thermal_loop,747,controller_tick,74200000,74.2,1,0,74200000,742,74200000,RUNNING,,0,0,62,1,0,reconstructed_from_retained_wire,True,,,317.4720705129169,301.03552655543416,293.1146818769372,0.5201342491780616,0.6500000000009566,367000.00000000506,371377.3320513247,0.00014790595531588758,18303.495069640456,-2.1091182134114206e-08,0.000147906,301.036,293.115,317.472,0.0,147906,1,742,74200000,74200000,74200000,0,301036,1,742,74200000,74200000,74200000,0,293115,1,742,74200000,74200000,74200000,0,317472,1,742,74200000,74200000,74200000,0,0,1,742,74200000,74200000,74200000,0,1.0,0.520421,0.65,1.0,0.520421,0.65,1.0,0.520421,0.65,742,74500000,False,1.0,5000.0,300.0,500.0,600000000000.0,100000000000.0,,741
1,dropped_command,thermal_loop,748,controller_tick,74300000,74.3,1,0,74300000,743,74300000,RUNNING,,0,0,62,1,0,reconstructed_from_retained_wire,True,,,317.47276044957744,301.03592732661025,293.1140066787177,0.5201615371266559,0.6500000000007832,367500.00000000506,371875.5492233597,0.0001479137149473825,18305.415642782333,-2.0989318727515638e-08,0.000147914,301.036,293.114,317.473,0.0,147914,1,743,74300000,74300000,74300000,0,301036,1,743,74300000,74300000,74300000,0,293114,1,743,74300000,74300000,74300000,0,317473,1,743,74300000,74300000,74300000,0,0,1,743,74300000,74300000,74300000,0,1.0,0.520446,0.65,1.0,0.520446,0.65,1.0,0.520446,0.65,743,74600000,False,1.0,5000.0,300.0,500.0,600000000000.0,100000000000.0,,742
1,dropped_command,thermal_loop,749,controller_tick,74400000,74.4,1,0,74400000,744,74400000,RUNNING,,0,0,62,1,0,reconstructed_from_retained_wire,True,,,317.473449505169,301.0363182067301,293.11334144939525,0.5201886073481546,0.6500000000006412,368000.00000000506,372373.7328853455,0.00014792141266575904,18307.32099146775,-2.133128873538226e-08,0.000147921,301.036,293.113,317.473,0.0,147921,1,744,74400000,74400000,74400000,0,301036,1,744,74400000,74400000,74400000,0,293113,1,744,74400000,74400000,74400000,0,317473,1,744,74400000,74400000,74400000,0,0,1,744,74400000,74400000,74400000,0,1.0,0.520474,0.65,1.0,0.520474,0.65,1.0,0.520474,0.65,744,74700000,False,1.0,5000.0,300.0,500.0,600000000000.0,100000000000.0,,743
1,dropped_command,thermal_loop,750,controller_tick,74500000,74.5,1,0,74500000,745,74500000,RUNNING,,0,0,62,1,0,reconstructed_from_retained_wire,True,,,317.474137652987,301.0366993795567,293.1126860482971,0.5202157660497762,0.6500000000005249,368500.00000000506,372871.88353210554,0.00014792913554444314,18309.23266750505,-2.1481355361174792e-08,0.000147929,301.037,293.113,317.474,0.0,147929,1,745,74500000,74500000,74500000,0,301037,1,745,74500000,74500000,74500000,0,293113,1,745,74500000,74500000,74500000,0,317474,1,745,74500000,74500000,74500000,0,0,1,745,74500000,74500000,74500000,0,1.0,0.520499,0.65,1.0,0.520499,0.65,1.0,0.520499,0.65,745,74800000,False,1.0,5000.0,300.0,500.0,600000000000.0,100000000000.0,,744
1,dropped_command,thermal_loop,751,controller_tick,74600000,74.6,1,0,74600000,746,74600000,RUNNING,,0,0,62,1,0,reconstructed_from_retained_wire,True,,,317.4748248669356,301.037071025711,293.1120403369015,0.5202427193237777,0.6500000000004299,369000.00000000506,373370.00165167113,0.00014793680000750096,18311.129982356164,-2.130946086253971e-08,0.000147937,301.037,293.112,317.475,0.0,147937,1,746,74600000,74600000,74600000,0,301037,1,746,74600000,74600000,74600000,0,293112,1,746,74600000,74600000,74600000,0,317475,1,746,74600000,74600000,74600000,0,0,1,746,74600000,74600000,74600000,0,1.0,0.520525,0.65,1.0,0.520525,0.65,1.0,0.520525,0.65,746,74900000,False,1.0,5000.0,300.0,500.0,600000000000.0,100000000000.0,,745
1,dropped_command,thermal_loop,752,controller_tick,74700000,74.7,1,0,74700000,747,74700000,RUNNING,,0,0,62,1,0,reconstructed_from_retained_wire,True,,,317.4755111215594,301.03743333233695,293.1114041723982,0.520269581881764,0.650000000000352,369500.000000005,373868.08772491215,0.0001479444386744522,18313.02100926305,-2.0504558051470667e-08,0.000147944,301.037,293.111,317.476,0.0,147944,1,747,74700000,74700000,74700000,0,301037,1,747,74700000,74700000,74700000,0,293111,1,747,74700000,74700000,74700000,0,317476,1,747,74700000,74700000,74700000,0,0,1,747,74700000,74700000,74700000,0,1.0,0.520552,0.65,1.0,0.520552,0.65,1.0,0.520552,0.65,747,75000000,False,1.0,5000.0,300.0,500.0,600000000000.0,100000000000.0,,746
1,dropped_command,thermal_loop,753,controller_tick,74800000,74.8,1,0,74800000,748,74800000,RUNNING,,0,0,62,1,0,reconstructed_from_retained_wire,True,,,317.47619639201656,301.0377864712258,293.1107774222714,0.5202964575190872,0.6500000000002881,370000.000000005,374366.14222581947,0.00014795208106065897,18314.913054619203,-2.0997504179831594e-08,0.000147952,301.038,293.111,317.476,0.0,147952,1,748,74800000,74800000,74800000,0,301038,1,748,74800000,74800000,74800000,0,293111,1,748,74800000,74800000,74800000,0,317476,1,748,74800000,74800000,74800000,0,0,1,748,74800000,74800000,74800000,0,1.0,0.520577,0.65,1.0,0.520577,0.65,1.0,0.520577,0.65,748,75100000,False,1.0,5000.0,300.0,500.0,600000000000.0,100000000000.0,,747
1,dropped_command,thermal_loop,754,controller_tick,74900000,74.9,1,0,74900000,749,74900000,RUNNING,,0,0,62,1,0,reconstructed_from_retained_wire,True,,,317.47688065404935,301.03813061648646,293.11015995251853,0.5203231546659197,0.6500000000002358,370500.000000005,374864.16562181327,0.00014795967269111115,18316.792631005166,-2.0864717953372747e-08,0.00014796,301.038,293.11,317.477,0.0,147960,1,749,74900000,74900000,74900000,0,301038,1,749,74900000,74900000,74900000,0,293110,1,749,74900000,74900000,74900000,0,317477,1,749,74900000,74900000,74900000,0,0,1,749,74900000,74900000,74900000,0,1.0,0.520602,0.65,1.0,0.520602,0.65,1.0,0.520602,0.65,749,75200000,False,1.0,5000.0,300.0,500.0,600000000000.0,100000000000.0,,748
1,dropped_command,thermal_loop,755,controller_tick,75000000,75.0,1,0,75000000,750,75000000,RUNNING,,0,0,62,1,0,reconstructed_from_retained_wire,True,,,317.4775638840102,301.0384659488226,293.109551624802,0.5203496903078777,0.6500000000001931,371000.000000005,375362.1583734398,0.00014796721839585748,18318.66093242747,-2.1131199900992215e-08,0.000147967,301.038,293.11,317.478,0.0,147967,1,750,75000000,75000000,75000000,0,301038,1,750,75000000,75000000,75000000,0,293110,1,750,75000000,75000000,75000000,0,317478,1,750,75000000,75000000,75000000,0,0,1,750,75000000,75000000,75000000,0,1.0,0.520628,0.65,1.0,0.520628,0.65,1.0,0.520628,0.65,750,75300000,False,1.0,5000.0,300.0,500.0,600000000000.0,100000000000.0,,749
1,dropped_command,thermal_loop,756,controller_tick,75100000,75.1,1,0,75100000,751,75100000,RUNNING,,0,0,62,1,0,reconstructed_from_retained_wire,True,,,317.4782460588507,301.0387926386648,293.10895230769523,0.520376174976764,0.6500000000001581,371500.000000005,375860.1209344722,0.0001479747496058446,18320.52573997981,-2.1768755686935037e-08,0.000147975,301.039,293.109,317.478,0.0,147975,1,751,75100000,75100000,75100000,0,301039,1,751,75100000,75100000,75100000,0,293109,1,751,75100000,75100000,75100000,0,317478,1,751,75100000,75100000,75100000,0,0,1,751,75100000,75100000,75100000,0,1.0,0.520653,0.65,1.0,0.520653,0.65,1.0,0.520653,0.65,751,75400000,False,1.0,5000.0,300.0,500.0,600000000000.0,100000000000.0,,750
1,dropped_command,thermal_loop,757,controller_tick,75200000,75.2,1,0,75200000,752,75200000,RUNNING,,0,0,62,1,0,reconstructed_from_retained_wire,True,,,317.4789271560907,301.03911085265077,293.108361872361,0.5204025183607257,0.6500000000001296,372000.000000005,376358.0537522402,0.00014798224063989327,18322.380693697232,-2.2035237634554505e-08,0.000147982,301.039,293.108,317.479,0.0,147982,1,752,75200000,75200000,75200000,0,301039,1,752,75200000,75200000,75200000,0,293108,1,752,75200000,75200000,75200000,0,317479,1,752,75200000,75200000,75200000,0,0,1,752,75200000,75200000,75200000,0,1.0,0.520679,0.65,1.0,0.520679,0.65,1.0,0.520679,0.65,752,75500000,False,1.0,5000.0,300.0,500.0,600000000000.0,100000000000.0,,751
1,dropped_command,thermal_loop,758,controller_tick,75300000,75.3,1,0,75300000,753,75300000,RUNNING,,0,0,62,1,0,reconstructed_from_retained_wire,True,,,317.4796071538162,301.03942075336187,293.10778019272806,0.520428829067383,0.6500000000001062,372500.000000005,376855.9572676386,0.00014798972238178737,18324.233440189335,-2.1398591343313456e-08,0.00014799,301.039,293.108,317.48,0.0,147990,1,753,75300000,75300000,75300000,0,301039,1,753,75300000,75300000,75300000,0,293108,1,753,75300000,75300000,75300000,0,317480,1,753,75300000,75300000,75300000,0,0,1,753,75300000,75300000,75300000,0,1.0,0.520703,0.65,1.0,0.520703,0.65,1.0,0.520703,0.65,753,75600000,False,1.0,5000.0,300.0,500.0,600000000000.0,100000000000.0,,752
1,dropped_command,thermal_loop,759,controller_tick,75400000,75.4,1,0,75400000,754,75400000,RUNNING,,0,0,62,1,0,reconstructed_from_retained_wire,True,,,317.4802860306602,301.039722505345,293.10720714147607,0.5204549198812287,0.6500000000000868,373000.000000005,377353.8319153201,0.0001479971415947165,18326.07079477499,-2.0605511963367462e-08,0.000147997,301.04,293.107,317.48,0.0,147997,1,754,75400000,75400000,75400000,0,301040,1,754,75400000,75400000,75400000,0,293107,1,754,75400000,75400000,75400000,0,317480,1,754,75400000,75400000,75400000,0,0,1,754,75400000,75400000,75400000,0,1.0,0.520729,0.65,1.0,0.520729,0.65,1.0,0.520729,0.65,754,75700000,False,1.0,5000.0,300.0,500.0,600000000000.0,100000000000.0,,753
1,dropped_command,thermal_loop,760,controller_tick,75500000,75.5,1,0,75500000,755,75500000,RUNNING,,0,0,62,1,0,reconstructed_from_retained_wire,True,,,317.48096376581714,301.04001626859133,293.10664259438573,0.5204810020529943,0.6500000000000711,373500.00000000495,377851.67812352424,0.00014800455835017423,18327.907632836854,-2.051820047199726e-08,0.000148005,301.04,293.107,317.481,0.0,148005,1,755,75500000,75500000,75500000,0,301040,1,755,75500000,75500000,75500000,0,293107,1,755,75500000,75500000,75500000,0,317481,1,755,75500000,75500000,75500000,0,0,1,755,75500000,75500000,75500000,0,1.0,0.520753,0.65,1.0,0.520753,0.65,1.0,0.520753,0.65,755,75800000,False,1.0,5000.0,300.0,500.0,600000000000.0,100000000000.0,,754
1,dropped_command,thermal_loop,761,controller_tick,75600000,75.6,1,0,75600000,756,75600000,RUNNING,,0,0,62,1,0,reconstructed_from_retained_wire,True,,,317.4816403390065,301.0403021996019,293.1060864296263,0.5205068860799187,0.6500000000000582,374000.0000000049,378349.49631446507,0.000148011918760944,18329.730607542828,-2.0591869542840868e-08,0.000148012,301.04,293.106,317.482,0.0,148012,1,756,75600000,75600000,75600000,0,301040,1,756,75600000,75600000,75600000,0,293106,1,756,75600000,75600000,75600000,0,317482,1,756,75600000,75600000,75600000,0,0,1,756,75600000,75600000,75600000,0,1.0,0.520779,0.65,1.0,0.520779,0.65,1.0,0.520779,0.65,756,75900000,False,1.0,5000.0,300.0,500.0,600000000000.0,100000000000.0,,755
1,dropped_command,thermal_loop,762,controller_tick,75700000,75.7,1,0,75700000,757,75700000,RUNNING,,0,0,62,1,0,reconstructed_from_retained_wire,True,,,317.4823157304823,301.0405804506955,293.10553852821903,0.5205327811431404,0.6500000000000477,374500.0000000049,378847.2869042116,0.00014801928231000772,18331.554450233343,-2.129763743141666e-08,0.000148019,301.041,293.106,317.482,0.0,148019,1,757,75700000,75700000,75700000,0,301041,1,757,75700000,75700000,75700000,0,293106,1,757,75700000,75700000,75700000,0,317482,1,757,75700000,75700000,75700000,0,0,1,757,75700000,75700000,75700000,0,1.0,0.520805,0.65,1.0,0.520805,0.65,1.0,0.520805,0.65,757,76000000,False,1.0,5000.0,300.0,500.0,600000000000.0,100000000000.0,,756
1,dropped_command,thermal_loop,763,controller_tick,75800000,75.8,1,0,75800000,758,75800000,RUNNING,,0,0,62,1,0,reconstructed_from_retained_wire,True,,,317.482989920987,301.0408511601873,293.10499878058175,0.5205586861924169,0.6500000000000391,375000.0000000049,379345.05030318536,0.00014802664869871716,18333.379087048143,-2.0467268768697977e-08,0.000148027,301.041,293.105,317.483,0.0,148027,1,758,75800000,75800000,75800000,0,301041,1,758,75800000,75800000,75800000,0,293105,1,758,75800000,75800000,75800000,0,317483,1,758,75800000,75800000,75800000,0,0,1,758,75800000,75800000,75800000,0,1.0,0.520828,0.65,1.0,0.520828,0.65,1.0,0.520828,0.65,758,76100000,False,1.0,5000.0,300.0,500.0,600000000000.0,100000000000.0,,757
1,dropped_command,thermal_loop,764,controller_tick,75900000,75.9,1,0,75900000,759,75900000,RUNNING,,0,0,62,1,0,reconstructed_from_retained_wire,True,,,317.483662891748,301.04111448042937,293.10446706783586,0.5205843147897035,0.650000000000032,375500.0000000049,379842.78691618517,0.00014803393647523045,18335.184341165485,-2.0357219909783453e-08,0.000148034,301.041,293.104,317.484,0.0,148034,1,759,75900000,75900000,75900000,0,301041,1,759,75900000,75900000,75900000,0,293104,1,759,75900000,75900000,75900000,0,317484,1,759,75900000,75900000,75900000,0,0,1,759,75900000,75900000,75900000,0,1.0,0.520853,0.65,1.0,0.520853,0.65,1.0,0.520853,0.65,759,76200000,False,1.0,5000.0,300.0,500.0,600000000000.0,100000000000.0,,758
1,dropped_command,thermal_loop,765,controller_tick,76000000,76.0,1,0,76000000,760,76000000,RUNNING,,0,0,62,1,0,reconstructed_from_retained_wire,True,,,317.4843346245208,301.04137056455875,293.10394327064597,0.5206098835680493,0.6500000000000262,376000.0000000049,380340.49714189675,0.0001480412072415631,18336.98547025801,-2.0488187146838754e-08,0.000148041,301.041,293.104,317.484,0.0,148041,1,760,76000000,76000000,76000000,0,301041,1,760,76000000,76000000,76000000,0,293104,1,760,76000000,76000000,76000000,0,317484,1,760,76000000,76000000,76000000,0,0,1,760,76000000,76000000,76000000,0,1.0,0.520879,0.65,1.0,0.520879,0.65,1.0,0.520879,0.65,760,76300000,False,1.0,5000.0,300.0,500.0,600000000000.0,100000000000.0,,759
1,dropped_command,thermal_loop,766,controller_tick,76100000,76.1,1,0,76100000,761,76100000,RUNNING,,0,0,62,1,0,reconstructed_from_retained_wire,True,,,317.4850051015406,301.04161954547595,293.103427283231,0.5206354933825611,0.6500000000000214,376500.0000000049,380838.18137341517,0.0001480484896769857,18338.789578715667,-2.0044353732373565e-08,0.000148048,301.042,293.103,317.485,0.0,148048,1,761,76100000,76100000,76100000,0,301042,1,761,76100000,76100000,76100000,0,293103,1,761,76100000,76100000,76100000,0,317485,1,761,76100000,76100000,76100000,0,0,1,761,76100000,76100000,76100000,0,1.0,0.520904,0.65,1.0,0.520904,0.65,1.0,0.520904,0.65,761,76400000,False,1.0,5000.0,300.0,500.0,600000000000.0,100000000000.0,,760
1,dropped_command,thermal_loop,767,controller_tick,76200000,76.2,1,0,76200000,762,76200000,RUNNING,,0,0,62,1,0,reconstructed_from_retained_wire,True,,,317.4856743054849,301.04186155392614,293.1029190013077,0.5206610451655495,0.6500000000000176,377000.0000000049,381335.8399986466,0.0001480557556104996,18340.589687529842,-1.9625076674856246e-08,0.000148056,301.042,293.103,317.486,0.0,148056,1,762,76200000,76200000,76200000,0,301042,1,762,76200000,76200000,76200000,0,293103,1,762,76200000,76200000,76200000,0,317486,1,762,76200000,76200000,76200000,0,0,1,762,76200000,76200000,76200000,0,1.0,0.520927,0.65,1.0,0.520927,0.65,1.0,0.520927,0.65,762,76500000,False,1.0,5000.0,300.0,500.0,600000000000.0,100000000000.0,,761
1,dropped_command,thermal_loop,768,controller_tick,76300000,76.3,1,0,76300000,763,76300000,RUNNING,,0,0,62,1,0,reconstructed_from_retained_wire,True,,,317.48634221949317,301.0420967344063,293.10241831148863,0.52068635411428,0.6500000000000143,377500.0000000049,381833.4734000817,0.0001480629524913931,18342.372775894728,-1.917578629218042e-08,0.000148063,301.042,293.102,317.486,0.0,148063,1,763,76300000,76300000,76300000,0,301042,1,763,76300000,76300000,76300000,0,293102,1,763,76300000,76300000,76300000,0,317486,1,763,76300000,76300000,76300000,0,0,1,763,76300000,76300000,76300000,0,1.0,0.520951,0.65,1.0,0.520951,0.65,1.0,0.520951,0.65,763,76600000,False,1.0,5000.0,300.0,500.0,600000000000.0,100000000000.0,,762
1,dropped_command,thermal_loop,769,controller_tick,76400000,76.4,1,0,76400000,764,76400000,RUNNING,,0,0,62,1,0,reconstructed_from_retained_wire,True,,,317.487008827198,301.0423252323641,293.1019250998198,0.5207115385000697,0.6500000000000117,378000.00000000483,382331.0819544327,0.00014807011395142976,18344.147174475198,-1.9662365957628936e-08,0.00014807,301.042,293.102,317.487,0.0,148070,1,764,76400000,76400000,76400000,0,301042,1,764,76400000,76400000,76400000,0,293102,1,764,76400000,76400000,76400000,0,317487,1,764,76400000,76400000,76400000,0,0,1,764,76400000,76400000,76400000,0,1.0,0.520976,0.65,1.0,0.520976,0.65,1.0,0.520976,0.65,764,76700000,False,1.0,5000.0,300.0,500.0,600000000000.0,100000000000.0,,763
1,dropped_command,thermal_loop,770,controller_tick,76500000,76.5,1,0,76500000,765,76500000,RUNNING,,0,0,62,1,0,reconstructed_from_retained_wire,True,,,317.48767411269404,301.0425471781828,293.101439262456,0.5207367053392316,0.6500000000000096,378500.00000000483,382828.6660329709,0.00014807727042188786,18345.920422517007,-1.8993887351825833e-08,0.000148077,301.043,293.101,317.488,0.0,148077,1,765,76500000,76500000,76500000,0,301043,1,765,76500000,76500000,76500000,0,293101,1,765,76500000,76500000,76500000,0,317488,1,765,76500000,76500000,76500000,0,0,1,765,76500000,76500000,76500000,0,1.0,0.521,0.65,1.0,0.521,0.65,1.0,0.521,0.65,765,76800000,False,1.0,5000.0,300.0,500.0,600000000000.0,100000000000.0,,764
1,dropped_command,thermal_loop,771,controller_tick,76600000,76.6,1,0,76600000,766,76600000,RUNNING,,0,0,62,1,0,reconstructed_from_retained_wire,True,,,317.488338060504,301.04276269948247,293.1009606974576,0.5207617611389661,0.6500000000000078,379000.00000000483,383326.2260018859,0.00014808439531705048,18347.685931889166,-1.8863829609472305e-08,0.000148084,301.043,293.101,317.488,0.0,148084,1,766,76600000,76600000,76600000,0,301043,1,766,76600000,76600000,76600000,0,293101,1,766,76600000,76600000,76600000,0,317488,1,766,76600000,76600000,76600000,0,0,1,766,76600000,76600000,76600000,0,1.0,0.521025,0.65,1.0,0.521025,0.65,1.0,0.521025,0.65,766,76900000,False,1.0,5000.0,300.0,500.0,600000000000.0,100000000000.0,,765
1,dropped_command,thermal_loop,772,controller_tick,76700000,76.7,1,0,76700000,767,76700000,RUNNING,,0,0,62,1,0,reconstructed_from_retained_wire,True,,,317.48900065558047,301.0429719208036,293.1004893050027,0.5207868116286538,0.6500000000000064,379500.00000000483,383823.76222226117,0.0001480915187022423,18349.45115201926,-1.841544872149825e-08,0.000148092,301.043,293.1,317.489,0.0,148092,1,767,76700000,76700000,76700000,0,301043,1,767,76700000,76700000,76700000,0,293100,1,767,76700000,76700000,76700000,0,317489,1,767,76700000,76700000,76700000,0,0,1,767,76700000,76700000,76700000,0,1.0,0.521047,0.65,1.0,0.521047,0.65,1.0,0.521047,0.65,767,77000000,False,1.0,5000.0,300.0,500.0,600000000000.0,100000000000.0,,766
1,dropped_command,thermal_loop,773,controller_tick,76800000,76.8,1,0,76800000,768,76800000,RUNNING,,0,0,62,1,0,reconstructed_from_retained_wire,True,,,317.4896618832956,301.0431749750233,293.1000249797762,0.5208115718258667,0.6500000000000051,380000.00000000483,384321.2750501737,0.00014809855953954216,18351.195999698066,-1.8620994524098933e-08,0.000148099,301.043,293.1,317.49,0.0,148099,1,768,76800000,76800000,76800000,0,301043,1,768,76800000,76800000,76800000,0,293100,1,768,76800000,76800000,76800000,0,317490,1,768,76800000,76800000,76800000,0,0,1,768,76800000,76800000,76800000,0,1.0,0.521071,0.65,1.0,0.521071,0.65,1.0,0.521071,0.65,768,77100000,False,1.0,5000.0,300.0,500.0,600000000000.0,100000000000.0,,767
1,dropped_command,thermal_loop,774,controller_tick,76900000,76.9,1,0,76900000,769,76900000,RUNNING,,0,0,62,1,0,reconstructed_from_retained_wire,True,,,317.490321729479,301.0433719959738,293.0995676158951,0.5208362596807499,0.6500000000000041,380500.0000000048,384818.76483626285,0.00014810557980549652,18352.93583201443,-1.795888238120824e-08,0.000148106,301.043,293.1,317.49,0.0,148106,1,769,76900000,76900000,76900000,0,301043,1,769,76900000,76900000,76900000,0,293100,1,769,76900000,76900000,76900000,0,317490,1,769,76900000,76900000,76900000,0,0,1,769,76900000,76900000,76900000,0,1.0,0.521095,0.65,1.0,0.521095,0.65,1.0,0.521095,0.65,769,77200000,False,1.0,5000.0,300.0,500.0,600000000000.0,100000000000.0,,768
1,dropped_command,thermal_loop,775,controller_tick,77000000,77.0,1,0,77000000,770,77000000,RUNNING,,0,0,62,1,0,reconstructed_from_retained_wire,True,,,317.49098018037563,301.04356310285067,293.0991171173001,0.5208608820775864,0.6500000000000035,381000.0000000048,385316.2319261864,0.00014811258145772766,18354.67113343533,-1.8682840163819492e-08,0.000148113,301.044,293.099,317.491,0.0,148113,1,770,77000000,77000000,77000000,0,301044,1,770,77000000,77000000,77000000,0,293099,1,770,77000000,77000000,77000000,0,317491,1,770,77000000,77000000,77000000,0,0,1,770,77000000,77000000,77000000,0,1.0,0.521118,0.65,1.0,0.521118,0.65,1.0,0.521118,0.65,770,77300000,False,1.0,5000.0,300.0,500.0,600000000000.0,100000000000.0,,769
1,dropped_command,thermal_loop,776,controller_tick,77100000,77.1,1,0,77100000,771,77100000,RUNNING,,0,0,62,1,0,reconstructed_from_retained_wire,True,,,317.4916372226302,301.0437484175121,293.0986733862224,0.520885350082951,0.6500000000000028,381500.0000000047,385813.6766607861,0.0001481195392070276,18356.395635142966,-1.8423634173814207e-08,0.00014812,301.044,293.099,317.492,0.0,148120,1,771,77100000,77100000,77100000,0,301044,1,771,77100000,77100000,77100000,0,293099,1,771,77100000,77100000,77100000,0,317492,1,771,77100000,77100000,77100000,0,0,1,771,77100000,77100000,77100000,0,1.0,0.521142,0.65,1.0,0.521142,0.65,1.0,0.521142,0.65,771,77400000,False,1.0,5000.0,300.0,500.0,600000000000.0,100000000000.0,,770
1,dropped_command,thermal_loop,777,controller_tick,77200000,77.2,1,0,77200000,772,77200000,RUNNING,,0,0,62,1,0,reconstructed_from_retained_wire,True,,,317.49229284329255,301.0439280583508,293.0982363272702,0.5209097735517167,0.6500000000000024,382000.0000000047,386311.0993760127,0.00014812648429185068,18358.117078704527,-1.781882019713521e-08,0.000148126,301.044,293.098,317.492,0.0,148126,1,772,77200000,77200000,77200000,0,301044,1,772,77200000,77200000,77200000,0,293098,1,772,77200000,77200000,77200000,0,317492,1,772,77200000,77200000,77200000,0,0,1,772,77200000,77200000,77200000,0,1.0,0.521168,0.65,1.0,0.521168,0.65,1.0,0.521168,0.65,772,77500000,False,1.0,5000.0,300.0,500.0,600000000000.0,100000000000.0,,771
1,dropped_command,thermal_loop,778,controller_tick,77300000,77.3,1,0,77300000,773,77300000,RUNNING,,0,0,62,1,0,reconstructed_from_retained_wire,True,,,317.4929470297799,301.0441021245855,293.0978058578982,0.5209343470472653,0.6500000000000019,382500.00000000466,386808.50040334265,0.00014813347203845704,18359.849178088727,-1.668831828283146e-08,0.000148133,301.044,293.098,317.493,0.0,148133,1,773,77300000,77300000,77300000,0,301044,1,773,77300000,77300000,77300000,0,293098,1,773,77300000,77300000,77300000,0,317493,1,773,77300000,77300000,77300000,0,0,1,773,77300000,77300000,77300000,0,1.0,0.521191,0.65,1.0,0.521191,0.65,1.0,0.521191,0.65,773,77600000,False,1.0,5000.0,300.0,500.0,600000000000.0,100000000000.0,,772
1,dropped_command,thermal_loop,779,controller_tick,77400000,77.4,1,0,77400000,774,77400000,RUNNING,,0,0,62,1,0,reconstructed_from_retained_wire,True,,,317.4935997698371,301.04427072014516,293.0973818924826,0.5209587708049147,0.6500000000000016,383000.00000000466,387305.88007020316,0.00014814041720542735,18361.57080393753,-1.7161255527753383e-08,0.00014814,301.044,293.097,317.494,0.0,148140,1,774,77400000,77400000,77400000,0,301044,1,774,77400000,77400000,77400000,0,293097,1,774,77400000,77400000,77400000,0,317494,1,774,77400000,77400000,77400000,0,0,1,774,77400000,77400000,77400000,0,1.0,0.521214,0.65,1.0,0.521214,0.65,1.0,0.521214,0.65,774,77700000,False,1.0,5000.0,300.0,500.0,600000000000.0,100000000000.0,,773
1,dropped_command,thermal_loop,780,controller_tick,77500000,77.5,1,0,77500000,775,77500000,RUNNING,,0,0,62,1,0,reconstructed_from_retained_wire,True,,,317.49425105158707,301.0444339628283,293.09696433621946,0.5209830590741101,0.6500000000000014,383500.00000000466,387803.23869941157,0.0001481473238447498,18363.282959277305,-1.7636921256780624e-08,0.000148147,301.044,293.097,317.494,0.0,148147,1,775,77500000,77500000,77500000,0,301044,1,775,77500000,77500000,77500000,0,293097,1,775,77500000,77500000,77500000,0,317494,1,775,77500000,77500000,77500000,0,0,1,775,77500000,77500000,77500000,0,1.0,0.521237,0.65,1.0,0.521237,0.65,1.0,0.521237,0.65,775,77800000,False,1.0,5000.0,300.0,500.0,600000000000.0,100000000000.0,,774
1,dropped_command,thermal_loop,781,controller_tick,77600000,77.6,1,0,77600000,776,77600000,RUNNING,,0,0,62,1,0,reconstructed_from_retained_wire,True,,,317.49490086353563,301.0445919669061,293.09655309672416,0.5210072247482826,0.6500000000000011,384000.00000000466,388300.57660910604,0.00014815419562281475,18364.986551733447,-1.7832462617661804e-08,0.000148154,301.045,293.097,317.495,0.0,148154,1,776,77600000,77600000,77600000,0,301045,1,776,77600000,77600000,77600000,0,293097,1,776,77600000,77600000,77600000,0,317495,1,776,77600000,77600000,77600000,0,0,1,776,77600000,77600000,77600000,0,1.0,0.52126,0.65,1.0,0.52126,0.65,1.0,0.52126,0.65,776,77900000,False,1.0,5000.0,300.0,500.0,600000000000.0,100000000000.0,,775
1,dropped_command,thermal_loop,782,controller_tick,77700000,77.7,1,0,77700000,777,77700000,RUNNING,,0,0,62,1,0,reconstructed_from_retained_wire,True,,,317.49554919456034,301.04474484332377,293.09614808389665,0.5210312794938912,0.6500000000000009,384500.0000000046,388797.8941128633,0.00014816103585710947,18366.682402603463,-1.8979335436597466e-08,0.000148161,301.045,293.096,317.496,0.0,148161,1,777,77700000,77700000,77700000,0,301045,1,777,77700000,77700000,77700000,0,293096,1,777,77700000,77700000,77700000,0,317496,1,777,77700000,77700000,77700000,0,0,1,777,77700000,77700000,77700000,0,1.0,0.521283,0.65,1.0,0.521283,0.65,1.0,0.521283,0.65,777,78000000,False,1.0,5000.0,300.0,500.0,600000000000.0,100000000000.0,,776
1,dropped_command,thermal_loop,783,controller_tick,77800000,77.8,1,0,77800000,778,77800000,RUNNING,,0,0,62,1,0,reconstructed_from_retained_wire,True,,,317.4961960338998,301.04489269988517,293.0957492097982,0.5210552338671843,0.6500000000000007,385000.0000000046,389295.1915198095,0.00014816784754942067,18368.37125506727,-1.9086655811406672e-08,0.000148168,301.045,293.096,317.496,0.0,148168,1,778,77800000,77800000,77800000,0,301045,1,778,77800000,77800000,77800000,0,293096,1,778,77800000,77800000,77800000,0,317496,1,778,77800000,77800000,77800000,0,0,1,778,77800000,77800000,77800000,0,1.0,0.521306,0.65,1.0,0.521306,0.65,1.0,0.521306,0.65,778,78100000,False,1.0,5000.0,300.0,500.0,600000000000.0,100000000000.0,,777
1,dropped_command,thermal_loop,784,controller_tick,77900000,77.9,1,0,77900000,779,77900000,RUNNING,,0,0,62,1,0,reconstructed_from_retained_wire,True,,,317.49684137114315,301.045035641422,293.0953563885385,0.5210790974198508,0.6500000000000006,385500.00000000454,389792.4691347254,0.00014817463341587714,18370.053781616807,-1.887474354589358e-08,0.000148175,301.045,293.095,317.497,0.0,148175,1,779,77900000,77900000,77900000,0,301045,1,779,77900000,77900000,77900000,0,293095,1,779,77900000,77900000,77900000,0,317497,1,779,77900000,77900000,77900000,0,0,1,779,77900000,77900000,77900000,0,1.0,0.521328,0.65,1.0,0.521328,0.65,1.0,0.521328,0.65,779,78200000,False,1.0,5000.0,300.0,500.0,600000000000.0,100000000000.0,,778
1,dropped_command,thermal_loop,785,controller_tick,78000000,78.0,1,0,78000000,780,78000000,RUNNING,,0,0,62,1,0,reconstructed_from_retained_wire,True,,,317.49748519622597,301.0451737753874,293.09496953254654,0.5211027836320339,0.6500000000000006,386000.00000000454,390289.72725808556,0.00014818136885359596,18371.72388077525,-1.8691025616135448e-08,0.000148181,301.045,293.095,317.497,0.0,148181,1,780,78000000,78000000,78000000,0,301045,1,780,78000000,78000000,78000000,0,293095,1,780,78000000,78000000,78000000,0,317497,1,780,78000000,78000000,78000000,0,0,1,780,78000000,78000000,78000000,0,1.0,0.521352,0.65,1.0,0.521352,0.65,1.0,0.521352,0.65,780,78300000,False,1.0,5000.0,300.0,500.0,600000000000.0,100000000000.0,,779
1,dropped_command,thermal_loop,786,controller_tick,78100000,78.1,1,0,78100000,781,78100000,RUNNING,,0,0,62,1,0,reconstructed_from_retained_wire,True,,,317.4981274994307,301.04530720031255,293.09458856026737,0.5211264997050757,0.6500000000000006,386500.00000000454,390786.96618604433,0.00014818811278258186,18373.396161461154,-1.904845703393221e-08,0.000148188,301.045,293.095,317.498,0.0,148188,1,781,78100000,78100000,78100000,0,301045,1,781,78100000,78100000,78100000,0,293095,1,781,78100000,78100000,78100000,0,317498,1,781,78100000,78100000,78100000,0,0,1,781,78100000,78100000,78100000,0,1.0,0.521375,0.65,1.0,0.521375,0.65,1.0,0.521375,0.65,781,78400000,False,1.0,5000.0,300.0,500.0,600000000000.0,100000000000.0,,780
1,dropped_command,thermal_loop,787,controller_tick,78200000,78.2,1,0,78200000,782,78200000,RUNNING,,0,0,62,1,0,reconstructed_from_retained_wire,True,,,317.4987682713444,301.04543600723986,293.0942133952031,0.5211501476347581,0.6500000000000006,387000.00000000454,391284.186210901,0.00014819483733424606,18375.063712963554,-1.9503204384818673e-08,0.000148195,301.045,293.094,317.499,0.0,148195,1,782,78200000,78200000,78200000,0,301045,1,782,78200000,78200000,78200000,0,293094,1,782,78200000,78200000,78200000,0,317499,1,782,78200000,78200000,78200000,0,0,1,782,78200000,78200000,78200000,0,1.0,0.521397,0.65,1.0,0.521397,0.65,1.0,0.521397,0.65,782,78500000,False,1.0,5000.0,300.0,500.0,600000000000.0,100000000000.0,,781
1,dropped_command,thermal_loop,788,controller_tick,78300000,78.3,1,0,78300000,783,78300000,RUNNING,,0,0,62,1,0,reconstructed_from_retained_wire,True,,,317.4994075028683,301.0455602960933,293.09384395500103,0.5211736387431969,0.6500000000000006,387500.00000000454,391781.38762098027,0.0001482015172920465,18376.720281016525,-2.0299921743571758e-08,0.000148202,301.046,293.094,317.499,0.0,148202,1,783,78300000,78300000,78300000,0,301046,1,783,78300000,78300000,78300000,0,293094,1,783,78300000,78300000,78300000,0,317499,1,783,78300000,78300000,78300000,0,0,1,783,78300000,78300000,78300000,0,1.0,0.521419,0.65,1.0,0.521419,0.65,1.0,0.521419,0.65,783,78600000,False,1.0,5000.0,300.0,500.0,600000000000.0,100000000000.0,,782
1,dropped_command,thermal_loop,789,controller_tick,78400000,78.4,1,0,78400000,784,78400000,RUNNING,,0,0,62,1,0,reconstructed_from_retained_wire,True,,,317.50004518523684,301.04568016910616,293.0934801558373,0.5211969879539067,0.6500000000000006,388000.00000000454,392278.5707004198,0.0001482081568996504,18378.366916585914,-2.0700099412351847e-08,0.000148208,301.046,293.093,317.5,0.0,148208,1,784,78400000,78400000,78400000,0,301046,1,784,78400000,78400000,78400000,0,293093,1,784,78400000,78400000,78400000,0,317500,1,784,78400000,78400000,78400000,0,0,1,784,78400000,78400000,78400000,0,1.0,0.521443,0.65,1.0,0.521443,0.65,1.0,0.521443,0.65,784,78700000,False,1.0,5000.0,300.0,500.0,600000000000.0,100000000000.0,,783
1,dropped_command,thermal_loop,790,controller_tick,78500000,78.5,1,0,78500000,785,78500000,RUNNING,,0,0,62,1,0,reconstructed_from_retained_wire,True,,,317.50068131000097,301.045795714289,293.0931219234373,0.5212203990954057,0.6500000000000006,388500.00000000454,392775.735729346,0.00014821481411796263,18380.01799370852,-2.07319317269139e-08,0.000148215,301.046,293.093,317.501,0.0,148215,1,785,78500000,78500000,78500000,0,301046,1,785,78500000,78500000,78500000,0,293093,1,785,78500000,78500000,78500000,0,317501,1,785,78500000,78500000,78500000,0,0,1,785,78500000,78500000,78500000,0,1.0,0.521464,0.65,1.0,0.521464,0.65,1.0,0.521464,0.65,785,78800000,False,1.0,5000.0,300.0,500.0,600000000000.0,100000000000.0,,784
1,dropped_command,thermal_loop,791,controller_tick,78600000,78.6,1,0,78600000,786,78600000,RUNNING,,0,0,62,1,0,reconstructed_from_retained_wire,True,,,317.5013158689923,301.0459070235748,293.0927691809764,0.5212435807864543,0.6500000000000006,389000.00000000454,393272.88298426324,0.00014822140608948883,18381.65296185043,-2.0559127733577043e-08,0.000148221,301.046,293.093,317.501,0.0,148221,1,786,78600000,78600000,78600000,0,301046,1,786,78600000,78600000,78600000,0,293093,1,786,78600000,78600000,78600000,0,317501,1,786,78600000,78600000,78600000,0,0,1,786,78600000,78600000,78600000,0,1.0,0.521488,0.65,1.0,0.521488,0.65,1.0,0.521488,0.65,786,78900000,False,1.0,5000.0,300.0,500.0,600000000000.0,100000000000.0,,785
1,dropped_command,thermal_loop,792,controller_tick,78700000,78.7,1,0,78700000,787,78700000,RUNNING,,0,0,62,1,0,reconstructed_from_retained_wire,True,,,317.50194885435474,301.0460141857683,293.0924218537835,0.5212668403498955,0.6500000000000006,389500.00000000454,393770.0127377007,0.0001482280202048954,18383.29349529119,-2.038450475083664e-08,0.000148228,301.046,293.092,317.502,0.0,148228,1,787,78700000,78700000,78700000,0,301046,1,787,78700000,78700000,78700000,0,293092,1,787,78700000,78700000,78700000,0,317502,1,787,78700000,78700000,78700000,0,0,1,787,78700000,78700000,78700000,0,1.0,0.521509,0.65,1.0,0.521509,0.65,1.0,0.521509,0.65,787,79000000,False,1.0,5000.0,300.0,500.0,600000000000.0,100000000000.0,,786
1,dropped_command,thermal_loop,793,controller_tick,78800000,78.8,1,0,78800000,788,78800000,RUNNING,,0,0,62,1,0,reconstructed_from_retained_wire,True,,,317.50258025850195,301.04611728798136,293.0920798683811,0.5212898848874455,0.6500000000000006,390000.0000000045,394267.1252586724,0.0001482345731752998,18384.918934811296,-2.094293449772522e-08,0.000148235,301.046,293.092,317.503,0.0,148235,1,788,78800000,78800000,78800000,0,301046,1,788,78800000,78800000,78800000,0,293092,1,788,78800000,78800000,78800000,0,317503,1,788,78800000,78800000,78800000,0,0,1,788,78800000,78800000,78800000,0,1.0,0.521531,0.65,1.0,0.521531,0.65,1.0,0.521531,0.65,788,79100000,False,1.0,5000.0,300.0,500.0,600000000000.0,100000000000.0,,787
1,dropped_command,thermal_loop,794,controller_tick,78900000,78.9,1,0,78900000,789,78900000,RUNNING,,0,0,62,1,0,reconstructed_from_retained_wire,True,,,317.50321007415505,301.0462164253213,293.09174314603035,0.5213128300241053,0.6500000000000006,390500.0000000044,394764.220812258,0.00014824109787995609,18386.537434512284,-2.1074811229482293e-08,0.000148241,301.046,293.092,317.503,0.0,148241,1,789,78900000,78900000,78900000,0,301046,1,789,78900000,78900000,78900000,0,293092,1,789,78900000,78900000,78900000,0,317503,1,789,78900000,78900000,78900000,0,0,1,789,78900000,78900000,78900000,0,1.0,0.521554,0.65,1.0,0.521554,0.65,1.0,0.521554,0.65,789,79200000,False,1.0,5000.0,300.0,500.0,600000000000.0,100000000000.0,,788
1,dropped_command,thermal_loop,795,controller_tick,79000000,79.0,1,0,79000000,790,79000000,RUNNING,,0,0,62,1,0,reconstructed_from_retained_wire,True,,,317.5038382943205,301.0463116789208,293.09141161737585,0.5213357803817021,0.6500000000000006,391000.0000000044,395261.29965983925,0.0001482476240692439,18388.15637374949,-2.11048245546408e-08,0.000148248,301.046,293.091,317.504,0.0,148248,1,790,79000000,79000000,79000000,0,301046,1,790,79000000,79000000,79000000,0,293091,1,790,79000000,79000000,79000000,0,317504,1,790,79000000,79000000,79000000,0,0,1,790,79000000,79000000,79000000,0,1.0,0.521575,0.65,1.0,0.521575,0.65,1.0,0.521575,0.65,790,79300000,False,1.0,5000.0,300.0,500.0,600000000000.0,100000000000.0,,789
1,dropped_command,thermal_loop,796,controller_tick,79100000,79.1,1,0,79100000,791,79100000,RUNNING,,0,0,62,1,0,reconstructed_from_retained_wire,True,,,317.5044649122659,301.04640313365934,293.0910852106302,0.5213585451382343,0.6500000000000006,391500.00000000437,395758.3620593618,0.0001482540974808059,18389.762290926315,-2.058277459582314e-08,0.000148254,301.046,293.091,317.504,0.0,148254,1,791,79100000,79100000,79100000,0,301046,1,791,79100000,79100000,79100000,0,293091,1,791,79100000,79100000,79100000,0,317504,1,791,79100000,79100000,79100000,0,0,1,791,79100000,79100000,79100000,0,1.0,0.521598,0.65,1.0,0.521598,0.65,1.0,0.521598,0.65,791,79400000,False,1.0,5000.0,300.0,500.0,600000000000.0,100000000000.0,,790
1,dropped_command,thermal_loop,797,controller_tick,79200000,79.2,1,0,79200000,792,79200000,RUNNING,,0,0,62,1,0,reconstructed_from_retained_wire,True,,,317.50508992154045,301.0464908715535,293.0907638559823,0.5213813322811424,0.6500000000000006,392000.00000000437,396255.4082651062,0.0001482605772581827,18391.369857554073,-2.0432707970030606e-08,0.000148261,301.046,293.091,317.505,0.0,148261,1,792,79200000,79200000,79200000,0,301046,1,792,79200000,79200000,79200000,0,293091,1,792,79200000,79200000,79200000,0,317505,1,792,79200000,79200000,79200000,0,0,1,792,79200000,79200000,79200000,0,1.0,0.521618,0.65,1.0,0.521618,0.65,1.0,0.521618,0.65,792,79500000,False,1.0,5000.0,300.0,500.0,600000000000.0,100000000000.0,,791
1,dropped_command,thermal_loop,798,controller_tick,79300000,79.3,1,0,79300000,793,79300000,RUNNING,,0,0,62,1,0,reconstructed_from_retained_wire,True,,,317.50571331594955,301.0465749782046,293.0904474812974,0.5214038541923349,0.6500000000000006,392500.00000000437,396752.4385279599,0.00014826698161397305,18392.958781894875,-2.0638253772631288e-08,0.000148267,301.047,293.09,317.506,0.0,148267,1,793,79300000,79300000,79300000,0,301047,1,793,79300000,79300000,79300000,0,293090,1,793,79300000,79300000,79300000,0,317506,1,793,79300000,79300000,79300000,0,0,1,793,79300000,79300000,79300000,0,1.0,0.521641,0.65,1.0,0.521641,0.65,1.0,0.521641,0.65,793,79600000,False,1.0,5000.0,300.0,500.0,600000000000.0,100000000000.0,,792
1,dropped_command,thermal_loop,799,controller_tick,79400000,79.4,1,0,79400000,794,79400000,RUNNING,,0,0,62,1,0,reconstructed_from_retained_wire,True,,,317.50633508958543,301.0466555357925,293.0901360167912,0.5214264215996929,0.6500000000000006,393000.00000000437,397249.4530950747,0.00014827339890710373,18394.550984840025,-2.025080902967602e-08,0.000148273,301.047,293.09,317.506,0.0,148273,1,794,79400000,79400000,79400000,0,301047,1,794,79400000,79400000,79400000,0,293090,1,794,79400000,79400000,79400000,0,317506,1,794,79400000,79400000,79400000,0,0,1,794,79400000,79400000,79400000,0,1.0,0.521664,0.65,1.0,0.521664,0.65,1.0,0.521664,0.65,794,79700000,False,1.0,5000.0,300.0,500.0,600000000000.0,100000000000.0,,793
1,dropped_command,thermal_loop,800,controller_tick,79500000,79.5,1,0,79500000,795,79500000,RUNNING,,0,0,62,1,0,reconstructed_from_retained_wire,True,,,317.50695523676785,301.04673260822443,293.08982940492524,0.5214490301736835,0.6500000000000006,393500.00000000437,397746.45221051876,0.000148279827906424,18396.14616132402,-2.0118022803217173e-08,0.00014828,301.047,293.09,317.507,0.0,148280,1,795,79500000,79500000,79500000,0,301047,1,795,79500000,79500000,79500000,0,293090,1,795,79500000,79500000,79500000,0,317507,1,795,79500000,79500000,79500000,0,0,1,795,79500000,79500000,79500000,0,1.0,0.521684,0.65,1.0,0.521684,0.65,1.0,0.521684,0.65,795,79800000,False,1.0,5000.0,300.0,500.0,600000000000.0,100000000000.0,,794
1,dropped_command,thermal_loop,801,controller_tick,79600000,79.6,1,0,79600000,796,79600000,RUNNING,,0,0,62,1,0,reconstructed_from_retained_wire,True,,,317.5075737520404,301.0468062750675,293.0895275777858,0.521471390509038,0.6500000000000006,394000.00000000437,398243.43611531326,0.00014828618631632876,18397.723891046575,-2.0243533072061837e-08,0.000148286,301.047,293.09,317.508,0.0,148286,1,796,79600000,79600000,79600000,0,301047,1,796,79600000,79600000,79600000,0,293090,1,796,79600000,79600000,79600000,0,317508,1,796,79600000,79600000,79600000,0,0,1,796,79600000,79600000,79600000,0,1.0,0.521706,0.65,1.0,0.521706,0.65,1.0,0.521706,0.65,796,79900000,False,1.0,5000.0,300.0,500.0,600000000000.0,100000000000.0,,795
1,dropped_command,thermal_loop,802,controller_tick,79700000,79.7,1,0,79700000,797,79700000,RUNNING,,0,0,62,1,0,reconstructed_from_retained_wire,True,,,317.5081906302192,301.04687661820054,293.0892304659872,0.5214937165539498,0.6500000000000006,394500.00000000437,398740.40504688834,0.00014829253497536504,18399.29926875719,-1.9718754629138857e-08,0.000148293,301.047,293.089,317.508,0.0,148293,1,797,79700000,79700000,79700000,0,301047,1,797,79700000,79700000,79700000,0,293089,1,797,79700000,79700000,79700000,0,317508,1,797,79700000,79700000,79700000,0,0,1,797,79700000,79700000,79700000,0,1.0,0.521726,0.65,1.0,0.521726,0.65,1.0,0.521726,0.65,797,80000000,False,1.0,5000.0,300.0,500.0,600000000000.0,100000000000.0,,796
1,dropped_command,thermal_loop,803,controller_tick,79800000,79.8,1,0,79800000,798,79800000,RUNNING,,0,0,62,1,0,reconstructed_from_retained_wire,True,,,317.50880586636595,301.04694371701623,293.0889380018682,0.521515821246422,0.6500000000000006,395000.0000000043,399237.3592393742,0.00014829882069037462,18400.85909377065,-1.950502337422222e-08,0.000148299,301.047,293.089,317.509,0.0,148299,1,798,79800000,79800000,79800000,0,301047,1,798,79800000,79800000,79800000,0,293089,1,798,79800000,79800000,79800000,0,317509,1,798,79800000,79800000,79800000,0,0,1,798,79800000,79800000,79800000,0,1.0,0.521749,0.65,1.0,0.521749,0.65,1.0,0.521749,0.65,798,80100000,False,1.0,5000.0,300.0,500.0,600000000000.0,100000000000.0,,797
1,dropped_command,thermal_loop,804,controller_tick,79900000,79.9,1,0,79900000,799,79900000,RUNNING,,0,0,62,1,0,reconstructed_from_retained_wire,True,,,317.50941945579603,301.04700764229347,293.08865012357853,0.5215380111386703,0.6500000000000006,395500.0000000043,399734.2989235084,0.00014830513063288756,18402.42499743284,-1.920125214383006e-08,0.000148305,301.047,293.089,317.509,0.0,148305,1,799,79900000,79900000,79900000,0,301047,1,799,79900000,79900000,79900000,0,293089,1,799,79900000,79900000,79900000,0,317509,1,799,79900000,79900000,79900000,0,0,1,799,79900000,79900000,79900000,0,1.0,0.52177,0.65,1.0,0.52177,0.65,1.0,0.52177,0.65,799,80200000,False,1.0,5000.0,300.0,500.0,600000000000.0,100000000000.0,,798
1,dropped_command,thermal_loop,805,controller_tick,80000000,80.0,1,0,80000000,800,80000000,RUNNING,,0,0,62,1,0,reconstructed_from_retained_wire,True,,,317.5100313940265,301.04706845805504,293.08836677383596,0.5215600877976998,0.6500000000000006,396000.00000000425,400231.22432720935,0.00014831140837627614,18403.982976532614,-1.8683749658521265e-08,0.000148311,301.047,293.088,317.51,0.0,148311,1,800,80000000,80000000,80000000,0,301047,1,800,80000000,80000000,80000000,0,293088,1,800,80000000,80000000,80000000,0,317510,1,800,80000000,80000000,80000000,0,0,1,800,80000000,80000000,80000000,0,1.0,0.521792,0.65,1.0,0.521792,0.65,1.0,0.521792,0.65,800,80300000,False,1.0,5000.0,300.0,500.0,600000000000.0,100000000000.0,,799
1,dropped_command,thermal_loop,806,controller_tick,80100000,80.1,1,0,80100000,801,80100000,RUNNING,,0,0,62,1,0,reconstructed_from_retained_wire,True,,,317.51064167679374,301.04712623205694,293.08808789293533,0.5215821571616583,0.6500000000000006,396500.00000000425,400728.1356753749,0.0001483176840452302,18405.54050672459,-1.865100784925744e-08,0.000148318,301.047,293.088,317.511,0.0,148318,1,801,80100000,80100000,80100000,0,301047,1,801,80100000,80100000,80100000,0,293088,1,801,80100000,80100000,80100000,0,317511,1,801,80100000,80100000,80100000,0,0,1,801,80100000,80100000,80100000,0,1.0,0.521812,0.65,1.0,0.521812,0.65,1.0,0.521812,0.65,801,80400000,False,1.0,5000.0,300.0,500.0,600000000000.0,100000000000.0,,800
1,dropped_command,thermal_loop,807,controller_tick,80200000,80.2,1,0,80200000,802,80200000,RUNNING,,0,0,62,1,0,reconstructed_from_retained_wire,True,,,317.5112503000473,301.0471810358884,293.0878134186817,0.5216040295995995,0.6500000000000006,397000.0000000042,401225.033189948,0.00014832390371608226,18407.084204022933,-1.8957507563754916e-08,0.000148324,301.047,293.088,317.511,0.0,148324,1,802,80200000,80200000,80200000,0,301047,1,802,80200000,80200000,80200000,0,293088,1,802,80200000,80200000,80200000,0,317511,1,802,80200000,80200000,80200000,0,0,1,802,80200000,80200000,80200000,0,1.0,0.521833,0.65,1.0,0.521833,0.65,1.0,0.521833,0.65,802,80500000,False,1.0,5000.0,300.0,500.0,600000000000.0,100000000000.0,,801
1,dropped_command,thermal_loop,808,controller_tick,80300000,80.3,1,0,80300000,803,80300000,RUNNING,,0,0,62,1,0,reconstructed_from_retained_wire,True,,,317.511857259976,301.0472329438157,293.0875432871638,0.5216258190140936,0.6500000000000006,397500.0000000042,401721.91708962363,0.00014833009977829428,18408.622106116898,-1.9255821825936437e-08,0.00014833,301.047,293.088,317.512,0.0,148330,1,803,80300000,80300000,80300000,0,301047,1,803,80300000,80300000,80300000,0,293088,1,803,80300000,80300000,80300000,0,317512,1,803,80300000,80300000,80300000,0,0,1,803,80300000,80300000,80300000,0,1.0,0.521855,0.65,1.0,0.521855,0.65,1.0,0.521855,0.65,803,80600000,False,1.0,5000.0,300.0,500.0,600000000000.0,100000000000.0,,802
1,dropped_command,thermal_loop,809,controller_tick,80400000,80.4,1,0,80400000,804,80400000,RUNNING,,0,0,62,1,0,reconstructed_from_retained_wire,True,,,317.5124625529819,301.04728201665154,293.0872774435055,0.5216476284684481,0.6500000000000006,398000.00000000413,402218.787590131,0.0001483363015390634,18410.161486960435,-1.993066689465195e-08,0.000148336,301.047,293.087,317.512,0.0,148336,1,804,80400000,80400000,80400000,0,301047,1,804,80400000,80400000,80400000,0,293087,1,804,80400000,80400000,80400000,0,317512,1,804,80400000,80400000,80400000,0,0,1,804,80400000,80400000,80400000,0,1.0,0.521876,0.65,1.0,0.521876,0.65,1.0,0.521876,0.65,804,80700000,False,1.0,5000.0,300.0,500.0,600000000000.0,100000000000.0,,803
1,dropped_command,thermal_loop,810,controller_tick,80500000,80.5,1,0,80500000,805,80500000,RUNNING,,0,0,62,1,0,reconstructed_from_retained_wire,True,,,317.5130661756527,301.0473283140164,293.08701583369,0.5216693608930363,0.6500000000000006,398500.00000000413,402715.6449045399,0.00014834248139556223,18411.695494817803,-1.980970409931615e-08,0.000148342,301.047,293.087,317.513,0.0,148342,1,805,80500000,80500000,80500000,0,301047,1,805,80500000,80500000,80500000,0,293087,1,805,80500000,80500000,80500000,0,317513,1,805,80500000,80500000,80500000,0,0,1,805,80500000,80500000,80500000,0,1.0,0.521897,0.65,1.0,0.521897,0.65,1.0,0.521897,0.65,805,80800000,False,1.0,5000.0,300.0,500.0,600000000000.0,100000000000.0,,804
1,dropped_command,thermal_loop,811,controller_tick,80600000,80.6,1,0,80600000,806,80600000,RUNNING,,0,0,62,1,0,reconstructed_from_retained_wire,True,,,317.5136681247735,301.0473718994025,293.08675840118445,0.5216910236182095,0.6500000000000006,399000.00000000413,403212.48924312356,0.00014834864143225767,18413.224646462902,-1.9293111108709127e-08,0.000148349,301.047,293.087,317.514,0.0,148349,1,806,80600000,80600000,80600000,0,301047,1,806,80600000,80600000,80600000,0,293087,1,806,80600000,80600000,80600000,0,317514,1,806,80600000,80600000,80600000,0,0,1,806,80600000,80600000,80600000,0,1.0,0.521916,0.65,1.0,0.521916,0.65,1.0,0.521916,0.65,806,80900000,False,1.0,5000.0,300.0,500.0,600000000000.0,100000000000.0,,805
1,dropped_command,thermal_loop,812,controller_tick,80700000,80.7,1,0,80700000,807,80700000,RUNNING,,0,0,62,1,0,reconstructed_from_retained_wire,True,,,317.5142683973375,301.0474128452983,293.0865050835254,0.5217124329515802,0.6500000000000006,399500.00000000413,403709.3208132397,0.00014835472941417745,18414.735973804185,-1.8467289919499308e-08,0.000148355,301.047,293.087,317.514,0.0,148355,1,807,80700000,80700000,80700000,0,301047,1,807,80700000,80700000,80700000,0,293087,1,807,80700000,80700000,80700000,0,317514,1,807,80700000,80700000,80700000,0,0,1,807,80700000,80700000,80700000,0,1.0,0.521937,0.65,1.0,0.521937,0.65,1.0,0.521937,0.65,807,81000000,False,1.0,5000.0,300.0,500.0,600000000000.0,100000000000.0,,806
1,dropped_command,thermal_loop,813,controller_tick,80800000,80.8,1,0,80800000,808,80800000,RUNNING,,0,0,62,1,0,reconstructed_from_retained_wire,True,,,317.51486699057006,301.04745122078094,293.0862558205926,0.5217338033317306,0.6500000000000006,400000.00000000413,404206.1398190567,0.0001483608063193161,18416.244613212242,-1.859552867244929e-08,0.000148361,301.047,293.086,317.515,0.0,148361,1,808,80800000,80800000,80800000,0,301047,1,808,80800000,80800000,80800000,0,293086,1,808,80800000,80800000,80800000,0,317515,1,808,80800000,80800000,80800000,0,0,1,808,80800000,80800000,80800000,0,1.0,0.521958,0.65,1.0,0.521958,0.65,1.0,0.521958,0.65,808,81100000,False,1.0,5000.0,300.0,500.0,600000000000.0,100000000000.0,,807
1,dropped_command,thermal_loop,814,controller_tick,80900000,80.9,1,0,80900000,809,80900000,RUNNING,,0,0,62,1,0,reconstructed_from_retained_wire,True,,,317.51546390188594,301.0474870817096,293.0860105611435,0.5217551384655494,0.6500000000000006,400500.00000000413,404702.9464620257,0.00014836687320176855,18417.7508260526,-1.899934432003647e-08,0.000148367,301.047,293.086,317.515,0.0,148367,1,809,80900000,80900000,80900000,0,301047,1,809,80900000,80900000,80900000,0,293086,1,809,80900000,80900000,80900000,0,317515,1,809,80900000,80900000,80900000,0,0,1,809,80900000,80900000,80900000,0,1.0,0.521979,0.65,1.0,0.521979,0.65,1.0,0.521979,0.65,809,81200000,False,1.0,5000.0,300.0,500.0,600000000000.0,100000000000.0,,808
1,dropped_command,thermal_loop,815,controller_tick,81000000,81.0,1,0,81000000,810,81000000,RUNNING,,0,0,62,1,0,reconstructed_from_retained_wire,True,,,317.51605912887305,301.047520482558,293.0857692549236,0.5217764417071687,0.6500000000000006,401000.0000000041,405199.74094106024,0.0001483729310153196,18419.254848828736,-1.8088030628859997e-08,0.000148373,301.048,293.086,317.516,0.0,148373,1,810,81000000,81000000,81000000,0,301048,1,810,81000000,81000000,81000000,0,293086,1,810,81000000,81000000,81000000,0,317516,1,810,81000000,81000000,81000000,0,0,1,810,81000000,81000000,81000000,0,1.0,0.521999,0.65,1.0,0.521999,0.65,1.0,0.521999,0.65,810,81300000,False,1.0,5000.0,300.0,500.0,600000000000.0,100000000000.0,,809
1,dropped_command,thermal_loop,816,controller_tick,81100000,81.1,1,0,81100000,811,81100000,RUNNING,,0,0,62,1,0,reconstructed_from_retained_wire,True,,,317.516652669293,301.04755148192186,293.08553184899495,0.5217976209289507,0.6500000000000006,401500.0000000041,405696.5234525243,0.00014837895356245134,18420.75017659605,-1.79334165295586e-08,0.000148379,301.048,293.086,317.517,0.0,148379,1,811,81100000,81100000,81100000,0,301048,1,811,81100000,81100000,81100000,0,293086,1,811,81100000,81100000,81100000,0,317517,1,811,81100000,81100000,81100000,0,0,1,811,81100000,81100000,81100000,0,1.0,0.522019,0.65,1.0,0.522019,0.65,1.0,0.522019,0.65,811,81400000,False,1.0,5000.0,300.0,500.0,600000000000.0,100000000000.0,,810
1,dropped_command,thermal_loop,817,controller_tick,81200000,81.2,1,0,81200000,812,81200000,RUNNING,,0,0,62,1,0,reconstructed_from_retained_wire,True,,,317.5172445210978,301.04758014176423,293.0852982882411,0.5218186879329433,0.6500000000000006,402000.0000000041,406193.2941900475,0.0001483849441992073,18422.237641605097,-1.798071025405079e-08,0.000148385,301.048,293.085,317.517,0.0,148385,1,812,81200000,81200000,81200000,0,301048,1,812,81200000,81200000,81200000,0,293085,1,812,81200000,81200000,81200000,0,317517,1,812,81200000,81200000,81200000,0,0,1,812,81200000,81200000,81200000,0,1.0,0.52204,0.65,1.0,0.52204,0.65,1.0,0.52204,0.65,812,81500000,False,1.0,5000.0,300.0,500.0,600000000000.0,100000000000.0,,811
1,dropped_command,thermal_loop,818,controller_tick,81300000,81.3,1,0,81300000,813,81300000,RUNNING,,0,0,62,1,0,reconstructed_from_retained_wire,True,,,317.51783468242195,301.0476065162577,293.0850685228053,0.5218397485606628,0.6500000000000006,402500.0000000041,406690.05334460584,0.00014839093302279917,18423.724716434837,-1.8026184989139438e-08,0.000148391,301.048,293.085,317.518,0.0,148391,1,813,81300000,81300000,81300000,0,301048,1,813,81300000,81300000,81300000,0,293085,1,813,81300000,81300000,81300000,0,317518,1,813,81300000,81300000,81300000,0,0,1,813,81300000,81300000,81300000,0,1.0,0.52206,0.65,1.0,0.52206,0.65,1.0,0.52206,0.65,813,81600000,False,1.0,5000.0,300.0,500.0,600000000000.0,100000000000.0,,812
1,dropped_command,thermal_loop,819,controller_tick,81400000,81.4,1,0,81400000,814,81400000,RUNNING,,0,0,62,1,0,reconstructed_from_retained_wire,True,,,317.5184231515603,301.0476306581999,293.0848425038113,0.5218607082563101,0.6500000000000006,403000.0000000041,407186.8011047702,0.00014839689314523436,18425.204724114526,-1.808257366064936e-08,0.000148397,301.048,293.085,317.518,0.0,148397,1,814,81400000,81400000,81400000,0,301048,1,814,81400000,81400000,81400000,0,293085,1,814,81400000,81400000,81400000,0,317518,1,814,81400000,81400000,81400000,0,0,1,814,81400000,81400000,81400000,0,1.0,0.52208,0.65,1.0,0.52208,0.65,1.0,0.52208,0.65,814,81700000,False,1.0,5000.0,300.0,500.0,600000000000.0,100000000000.0,,813
1,dropped_command,thermal_loop,820,controller_tick,81500000,81.5,1,0,81500000,815,81500000,RUNNING,,0,0,62,1,0,reconstructed_from_retained_wire,True,,,317.5190099269794,301.04765262411036,293.08462017996715,0.5218815766248418,0.6500000000000006,403500.0000000041,407683.5376565744,0.0001484028272977891,18426.678342052095,-1.708576746750623e-08,0.000148403,301.048,293.085,317.519,0.0,148403,1,815,81500000,81500000,81500000,0,301048,1,815,81500000,81500000,81500000,0,293085,1,815,81500000,81500000,81500000,0,317519,1,815,81500000,81500000,81500000,0,0,1,815,81500000,81500000,81500000,0,1.0,0.5221,0.65,1.0,0.5221,0.65,1.0,0.5221,0.65,815,81800000,False,1.0,5000.0,300.0,500.0,600000000000.0,100000000000.0,,814
1,dropped_command,thermal_loop,821,controller_tick,81600000,81.6,1,0,81600000,816,81600000,RUNNING,,0,0,62,1,0,reconstructed_from_retained_wire,True,,,317.51959500731647,301.04767246848843,293.0844015013929,0.5219023623571819,0.6500000000000006,404000.0000000041,408180.263183523,0.0001484087379518242,18428.146183219433,-1.786884240573272e-08,0.000148409,301.048,293.084,317.52,0.0,148409,1,816,81600000,81600000,81600000,0,301048,1,816,81600000,81600000,81600000,0,293084,1,816,81600000,81600000,81600000,0,317520,1,816,81600000,81600000,81600000,0,0,1,816,81600000,81600000,81600000,0,1.0,0.52212,0.65,1.0,0.52212,0.65,1.0,0.52212,0.65,816,81900000,False,1.0,5000.0,300.0,500.0,600000000000.0,100000000000.0,,815
1,dropped_command,thermal_loop,822,controller_tick,81700000,81.7,1,0,81700000,817,81700000,RUNNING,,0,0,62,1,0,reconstructed_from_retained_wire,True,,,317.5201783913736,301.04769024394386,293.0841864195335,0.5219230733172037,0.6500000000000006,404500.000000004,408676.9778666605,0.00014841462734351945,18429.60880228122,-1.8451828509569168e-08,0.000148415,301.048,293.084,317.52,0.0,148415,1,817,81700000,81700000,81700000,0,301048,1,817,81700000,81700000,81700000,0,293084,1,817,81700000,81700000,81700000,0,317520,1,817,81700000,81700000,81700000,0,0,1,817,81700000,81700000,81700000,0,1.0,0.52214,0.65,1.0,0.52214,0.65,1.0,0.52214,0.65,817,82000000,False,1.0,5000.0,300.0,500.0,600000000000.0,100000000000.0,,816
1,dropped_command,thermal_loop,823,controller_tick,81800000,81.8,1,0,81800000,818,81800000,RUNNING,,0,0,62,1,0,reconstructed_from_retained_wire,True,,,317.520760078111,301.04770600131593,293.083974887079,0.5219437166204342,0.6500000000000006,405000.000000004,409173.68188463483,0.0001484204974962541,18431.066701140982,-1.902117219287902e-08,0.00014842,301.048,293.084,317.521,0.0,148420,1,818,81800000,81800000,81800000,0,301048,1,818,81800000,81800000,81800000,0,293084,1,818,81800000,81800000,81800000,0,317521,1,818,81800000,81800000,81800000,0,0,1,818,81800000,81800000,81800000,0,1.0,0.522161,0.65,1.0,0.522161,0.65,1.0,0.522161,0.65,818,82100000,False,1.0,5000.0,300.0,500.0,600000000000.0,100000000000.0,,817
1,dropped_command,thermal_loop,824,controller_tick,81900000,81.9,1,0,81900000,819,81900000,RUNNING,,0,0,62,1,0,reconstructed_from_retained_wire,True,,,317.5213400666364,301.0477197843341,293.0837668615232,0.5219643938678503,0.6500000000000006,405500.000000004,409670.3754138191,0.00014842637730139518,18432.527055056788,-1.8498212739359587e-08,0.000148426,301.048,293.084,317.521,0.0,148426,1,819,81900000,81900000,81900000,0,301048,1,819,81900000,81900000,81900000,0,293084,1,819,81900000,81900000,81900000,0,317521,1,819,81900000,81900000,81900000,0,0,1,819,81900000,81900000,81900000,0,1.0,0.522181,0.65,1.0,0.522181,0.65,1.0,0.522181,0.65,819,82200000,False,1.0,5000.0,300.0,500.0,600000000000.0,100000000000.0,,818
1,dropped_command,thermal_loop,825,controller_tick,82000000,82.0,1,0,82000000,820,82000000,RUNNING,,0,0,62,1,0,reconstructed_from_retained_wire,True,,,317.5219183561845,301.0477316359763,293.0835623009228,0.5219850066666536,0.6500000000000006,406000.00000000396,410167.05862853816,0.00014843223877985685,18433.982914798464,-1.8978425941895694e-08,0.000148432,301.048,293.084,317.522,0.0,148432,1,820,82000000,82000000,82000000,0,301048,1,820,82000000,82000000,82000000,0,293084,1,820,82000000,82000000,82000000,0,317522,1,820,82000000,82000000,82000000,0,0,1,820,82000000,82000000,82000000,0,1.0,0.5222,0.65,1.0,0.5222,0.65,1.0,0.5222,0.65,820,82300000,False,1.0,5000.0,300.0,500.0,600000000000.0,100000000000.0,,819
1,dropped_command,thermal_loop,826,controller_tick,82100000,82.1,1,0,82100000,821,82100000,RUNNING,,0,0,62,1,0,reconstructed_from_retained_wire,True,,,317.5224949461359,301.047741608962,293.0833611569043,0.5220054659873586,0.6500000000000006,406500.00000000396,410663.7317008556,0.00014843805661511532,18435.42799139907,-1.909211277961731e-08,0.000148438,301.048,293.083,317.522,0.0,148438,1,821,82100000,82100000,82100000,0,301048,1,821,82100000,82100000,82100000,0,293083,1,821,82100000,82100000,82100000,0,317522,1,821,82100000,82100000,82100000,0,0,1,821,82100000,82100000,82100000,0,1.0,0.522219,0.65,1.0,0.522219,0.65,1.0,0.522219,0.65,821,82400000,False,1.0,5000.0,300.0,500.0,600000000000.0,100000000000.0,,820
1,dropped_command,thermal_loop,827,controller_tick,82200000,82.2,1,0,82200000,822,82200000,RUNNING,,0,0,62,1,0,reconstructed_from_retained_wire,True,,,317.5230698360386,301.04774975915046,293.08316337906695,0.5220257864353374,0.6500000000000006,407000.00000000396,411160.3948003329,0.00014844383496037038,18436.863315246577,-1.9599610823206604e-08,0.000148444,301.048,293.083,317.523,0.0,148444,1,822,82200000,82200000,82200000,0,301048,1,822,82200000,82200000,82200000,0,293083,1,822,82200000,82200000,82200000,0,317523,1,822,82200000,82200000,82200000,0,0,1,822,82200000,82200000,82200000,0,1.0,0.522238,0.65,1.0,0.522238,0.65,1.0,0.522238,0.65,822,82500000,False,1.0,5000.0,300.0,500.0,600000000000.0,100000000000.0,,821
1,dropped_command,thermal_loop,828,controller_tick,82300000,82.3,1,0,82300000,823,82300000,RUNNING,,0,0,62,1,0,reconstructed_from_retained_wire,True,,,317.52364302560534,301.0477561398634,293.08296891876785,0.5220459812260771,0.6500000000000006,407500.0000000039,411657.048094056,0.0001484495775735928,18438.28981871851,-1.9494109437800944e-08,0.00014845,301.048,293.083,317.524,0.0,148450,1,823,82300000,82300000,82300000,0,301048,1,823,82300000,82300000,82300000,0,293083,1,823,82300000,82300000,82300000,0,317524,1,823,82300000,82300000,82300000,0,0,1,823,82300000,82300000,82300000,0,1.0,0.522257,0.65,1.0,0.522257,0.65,1.0,0.522257,0.65,823,82600000,False,1.0,5000.0,300.0,500.0,600000000000.0,100000000000.0,,822
1,dropped_command,thermal_loop,829,controller_tick,82400000,82.4,1,0,82400000,824,82400000,RUNNING,,0,0,62,1,0,reconstructed_from_retained_wire,True,,,317.524214514706,301.0477608020739,293.0827777289951,0.5220660623174453,0.6500000000000006,408000.0000000039,412153.6917467199,0.00014845528785513513,18439.70834550386,-1.9391336536500603e-08,0.000148455,301.048,293.083,317.524,0.0,148455,1,824,82400000,82400000,82400000,0,301048,1,824,82400000,82400000,82400000,0,293083,1,824,82400000,82400000,82400000,0,317524,1,824,82400000,82400000,82400000,0,0,1,824,82400000,82400000,82400000,0,1.0,0.522278,0.65,1.0,0.522278,0.65,1.0,0.522278,0.65,824,82700000,False,1.0,5000.0,300.0,500.0,600000000000.0,100000000000.0,,823
1,dropped_command,thermal_loop,830,controller_tick,82500000,82.5,1,0,82500000,825,82500000,RUNNING,,0,0,62,1,0,reconstructed_from_retained_wire,True,,,317.5247843033491,301.04776378368126,293.0825897715168,0.5220862308545314,0.6500000000000006,408500.0000000039,412650.32592082967,0.00014846102300283928,18441.13310436928,-1.902662916108966e-08,0.000148461,301.048,293.083,317.525,0.0,148461,1,825,82500000,82500000,82500000,0,301048,1,825,82500000,82500000,82500000,0,293083,1,825,82500000,82500000,82500000,0,317525,1,825,82500000,82500000,82500000,0,0,1,825,82500000,82500000,82500000,0,1.0,0.522297,0.65,1.0,0.522297,0.65,1.0,0.522297,0.65,825,82800000,False,1.0,5000.0,300.0,500.0,600000000000.0,100000000000.0,,824
1,dropped_command,thermal_loop,831,controller_tick,82600000,82.6,1,0,82600000,826,82600000,RUNNING,,0,0,62,1,0,reconstructed_from_retained_wire,True,,,317.5253523916451,301.04776512218746,293.08240500842635,0.5221062881906113,0.6500000000000006,409000.0000000039,413146.95077711274,0.0001484667265293013,18442.55006228723,-1.8671926227398217e-08,0.000148467,301.048,293.082,317.525,0.0,148467,1,826,82600000,82600000,82600000,0,301048,1,826,82600000,82600000,82600000,0,293082,1,826,82600000,82600000,82600000,0,317525,1,826,82600000,82600000,82600000,0,0,1,826,82600000,82600000,82600000,0,1.0,0.522316,0.65,1.0,0.522316,0.65,1.0,0.522316,0.65,826,82900000,False,1.0,5000.0,300.0,500.0,600000000000.0,100000000000.0,,825
1,dropped_command,thermal_loop,832,controller_tick,82700000,82.7,1,0,82700000,827,82700000,RUNNING,,0,0,62,1,0,reconstructed_from_retained_wire,True,,,317.5259187798364,301.0477648647486,293.0822233954449,0.5221262449078599,0.6500000000000006,409500.0000000039,413643.5664741756,0.0001484724014436802,18443.959965976916,-1.8920218280982226e-08,0.000148472,301.048,293.082,317.526,0.0,148472,1,827,82700000,82700000,82700000,0,301048,1,827,82700000,82700000,82700000,0,293082,1,827,82700000,82700000,82700000,0,317526,1,827,82700000,82700000,82700000,0,0,1,827,82700000,82700000,82700000,0,1.0,0.522336,0.65,1.0,0.522336,0.65,1.0,0.522336,0.65,827,83000000,False,1.0,5000.0,300.0,500.0,600000000000.0,100000000000.0,,826
1,dropped_command,thermal_loop,833,controller_tick,82800000,82.8,1,0,82800000,828,82800000,RUNNING,,0,0,62,1,0,reconstructed_from_retained_wire,True,,,317.52648346829784,301.04776305110494,293.082044893301,0.5221462057440068,0.6500000000000006,410000.0000000039,414140.17316850665,0.00014847807752931363,18445.37021456592,-1.9140315998811275e-08,0.000148478,301.048,293.082,317.526,0.0,148478,1,828,82800000,82800000,82800000,0,301048,1,828,82800000,82800000,82800000,0,293082,1,828,82800000,82800000,82800000,0,317526,1,828,82800000,82800000,82800000,0,0,1,828,82800000,82800000,82800000,0,1.0,0.522355,0.65,1.0,0.522355,0.65,1.0,0.522355,0.65,828,83100000,False,1.0,5000.0,300.0,500.0,600000000000.0,100000000000.0,,827
1,dropped_command,thermal_loop,834,controller_tick,82900000,82.9,1,0,82900000,829,82900000,RUNNING,,0,0,62,1,0,reconstructed_from_retained_wire,True,,,317.5270464575148,301.047759719981,293.08186946346206,0.5221660751445051,0.6500000000000006,410500.0000000039,414636.77101471234,0.00014848372761420403,18446.77405669804,-1.9845174392685294e-08,0.000148484,301.048,293.082,317.527,0.0,148484,1,829,82900000,82900000,82900000,0,301048,1,829,82900000,82900000,82900000,0,293082,1,829,82900000,82900000,82900000,0,317527,1,829,82900000,82900000,82900000,0,0,1,829,82900000,82900000,82900000,0,1.0,0.522373,0.65,1.0,0.522373,0.65,1.0,0.522373,0.65,829,83200000,False,1.0,5000.0,300.0,500.0,600000000000.0,100000000000.0,,828
1,dropped_command,thermal_loop,835,controller_tick,83000000,83.0,1,0,83000000,830,83000000,RUNNING,,0,0,62,1,0,reconstructed_from_retained_wire,True,,,317.52760774810184,301.04775491961686,293.08169706111545,0.5221857666480253,0.6500000000000006,411000.0000000039,415133.36016531213,0.00014848932711211126,18448.165382495565,-2.0409970602486283e-08,0.000148489,301.048,293.082,317.528,0.0,148489,1,830,83000000,83000000,83000000,0,301048,1,830,83000000,83000000,83000000,0,293082,1,830,83000000,83000000,83000000,0,317528,1,830,83000000,83000000,83000000,0,0,1,830,83000000,83000000,83000000,0,1.0,0.522393,0.65,1.0,0.522393,0.65,1.0,0.522393,0.65,830,83300000,False,1.0,5000.0,300.0,500.0,600000000000.0,100000000000.0,,829
1,dropped_command,thermal_loop,836,controller_tick,83100000,83.1,1,0,83100000,831,83100000,RUNNING,,0,0,62,1,0,reconstructed_from_retained_wire,True,,,317.5281673408125,301.0477486902975,293.0815276468162,0.522205487508867,0.6500000000000006,411500.00000000384,415629.94077062694,0.0001484949349580992,18449.558835153297,-2.1354935597628355e-08,0.000148495,301.048,293.082,317.528,0.0,148495,1,831,83100000,83100000,83100000,0,301048,1,831,83100000,83100000,83100000,0,293082,1,831,83100000,83100000,83100000,0,317528,1,831,83100000,83100000,83100000,0,0,1,831,83100000,83100000,83100000,0,1.0,0.522411,0.65,1.0,0.522411,0.65,1.0,0.522411,0.65,831,83400000,False,1.0,5000.0,300.0,500.0,600000000000.0,100000000000.0,,830
1,dropped_command,thermal_loop,837,controller_tick,83200000,83.2,1,0,83200000,832,83200000,RUNNING,,0,0,62,1,0,reconstructed_from_retained_wire,True,,,317.5287252365058,301.0477410712252,293.0813611819029,0.5222250446081477,0.6500000000000006,412000.00000000384,416126.5129791512,0.00014850049623666697,18450.94076858364,-2.178785507567227e-08,0.0001485,301.048,293.081,317.529,0.0,148500,1,832,83200000,83200000,83200000,0,301048,1,832,83200000,83200000,83200000,0,293081,1,832,83200000,83200000,83200000,0,317529,1,832,83200000,83200000,83200000,0,0,1,832,83200000,83200000,83200000,0,1.0,0.522431,0.65,1.0,0.522431,0.65,1.0,0.522431,0.65,832,83500000,False,1.0,5000.0,300.0,500.0,600000000000.0,100000000000.0,,831
1,dropped_command,thermal_loop,838,controller_tick,83300000,83.3,1,0,83300000,833,83300000,RUNNING,,0,0,62,1,0,reconstructed_from_retained_wire,True,,,317.5292814361642,301.0477320997446,293.0811976290155,0.5222446438550046,0.6500000000000006,412500.00000000384,416623.0769373533,0.00014850606950036653,18452.32573214498,-2.1196683519519866e-08,0.000148506,301.048,293.081,317.529,0.0,148506,1,833,83300000,83300000,83300000,0,301048,1,833,83300000,83300000,83300000,0,293081,1,833,83300000,83300000,83300000,0,317529,1,833,83300000,83300000,83300000,0,0,1,833,83300000,83300000,83300000,0,1.0,0.522449,0.65,1.0,0.522449,0.65,1.0,0.522449,0.65,833,83600000,False,1.0,5000.0,300.0,500.0,600000000000.0,100000000000.0,,832
1,dropped_command,thermal_loop,839,controller_tick,83400000,83.4,1,0,83400000,834,83400000,RUNNING,,0,0,62,1,0,reconstructed_from_retained_wire,True,,,317.52983594086623,301.0477218123096,293.08103695144877,0.5222640909134013,0.6500000000000006,413000.00000000384,417119.63278997585,0.00014851159948758575,18453.699992815717,-2.173237589886412e-08,0.000148512,301.048,293.081,317.53,0.0,148512,1,834,83400000,83400000,83400000,0,301048,1,834,83400000,83400000,83400000,0,293081,1,834,83400000,83400000,83400000,0,317530,1,834,83400000,83400000,83400000,0,0,1,834,83400000,83400000,83400000,0,1.0,0.522467,0.65,1.0,0.522467,0.65,1.0,0.522467,0.65,834,83700000,False,1.0,5000.0,300.0,500.0,600000000000.0,100000000000.0,,833
1,dropped_command,thermal_loop,840,controller_tick,83500000,83.5,1,0,83500000,835,83500000,RUNNING,,0,0,62,1,0,reconstructed_from_retained_wire,True,,,317.5303887518162,301.0477102545919,293.08087910641586,0.5222834002659847,0.6500000000000006,413500.00000000384,417616.18067970825,0.00014851709031662636,18455.064572893105,-2.2326275939121842e-08,0.000148517,301.048,293.081,317.53,0.0,148517,1,835,83500000,83500000,83500000,0,301048,1,835,83500000,83500000,83500000,0,293081,1,835,83500000,83500000,83500000,0,317530,1,835,83500000,83500000,83500000,0,0,1,835,83500000,83500000,83500000,0,1.0,0.522487,0.65,1.0,0.522487,0.65,1.0,0.522487,0.65,835,83800000,False,1.0,5000.0,300.0,500.0,600000000000.0,100000000000.0,,834
1,dropped_command,thermal_loop,841,controller_tick,83600000,83.6,1,0,83600000,836,83600000,RUNNING,,0,0,62,1,0,reconstructed_from_retained_wire,True,,,317.5309398703372,301.047697459009,293.0807240600289,0.5223027753423595,0.6500000000000006,414000.00000000384,418112.720747264,0.00014852259983495755,18456.43384833915,-2.2188032744452357e-08,0.000148523,301.048,293.081,317.531,0.0,148523,1,836,83600000,83600000,83600000,0,301048,1,836,83600000,83600000,83600000,0,293081,1,836,83600000,83600000,83600000,0,317531,1,836,83600000,83600000,83600000,0,0,1,836,83600000,83600000,83600000,0,1.0,0.522504,0.65,1.0,0.522504,0.65,1.0,0.522504,0.65,836,83900000,False,1.0,5000.0,300.0,500.0,600000000000.0,100000000000.0,,835
1,dropped_command,thermal_loop,842,controller_tick,83700000,83.7,1,0,83700000,837,83700000,RUNNING,,0,0,62,1,0,reconstructed_from_retained_wire,True,,,317.5314892978386,301.04768346288284,293.0805717751905,0.5223219244003342,0.6500000000000006,414500.00000000384,418609.2531317376,0.00014852804508244438,18457.787200521787,-2.2508174879476428e-08,0.000148528,301.048,293.081,317.531,0.0,148528,1,837,83700000,83700000,83700000,0,301048,1,837,83700000,83700000,83700000,0,293081,1,837,83700000,83700000,83700000,0,317531,1,837,83700000,83700000,83700000,0,0,1,837,83700000,83700000,83700000,0,1.0,0.522524,0.65,1.0,0.522524,0.65,1.0,0.522524,0.65,837,84000000,False,1.0,5000.0,300.0,500.0,600000000000.0,100000000000.0,,836
1,dropped_command,thermal_loop,843,controller_tick,83800000,83.8,1,0,83800000,838,83800000,RUNNING,,0,0,62,1,0,reconstructed_from_retained_wire,True,,,317.5320370358513,301.0476683013562,293.0804222163193,0.522341154436149,0.6500000000000006,415000.0000000038,419105.77797021833,0.00014853351335688015,18459.14632571349,-2.2277163225226104e-08,0.000148534,301.048,293.08,317.532,0.0,148534,1,838,83800000,83800000,83800000,0,301048,1,838,83800000,83800000,83800000,0,293080,1,838,83800000,83800000,83800000,0,317532,1,838,83800000,83800000,83800000,0,0,1,838,83800000,83800000,83800000,0,1.0,0.522541,0.65,1.0,0.522541,0.65,1.0,0.522541,0.65,838,84100000,False,1.0,5000.0,300.0,500.0,600000000000.0,100000000000.0,,837
1,dropped_command,thermal_loop,844,controller_tick,83900000,83.9,1,0,83900000,839,83900000,RUNNING,,0,0,62,1,0,reconstructed_from_retained_wire,True,,,317.53258308598845,301.0476520088114,293.0802753484008,0.522360172255998,0.6500000000000006,415500.0000000038,419602.2953982195,0.00014853892128534712,18460.49050128577,-2.2525455278810114e-08,0.000148539,301.048,293.08,317.533,0.0,148539,1,839,83900000,83900000,83900000,0,301048,1,839,83900000,83900000,83900000,0,293080,1,839,83900000,83900000,83900000,0,317533,1,839,83900000,83900000,83900000,0,0,1,839,83900000,83900000,83900000,0,1.0,0.52256,0.65,1.0,0.52256,0.65,1.0,0.52256,0.65,839,84200000,False,1.0,5000.0,300.0,500.0,600000000000.0,100000000000.0,,838
1,dropped_command,thermal_loop,845,controller_tick,84000000,84.0,1,0,84000000,840,84000000,RUNNING,,0,0,62,1,0,reconstructed_from_retained_wire,True,,,317.533127449981,301.047634623105,293.08013113416723,0.522379188380064,0.6500000000000006,416000.0000000038,420098.8055492885,0.0001485443287315994,18461.834605932854,-2.1973391994833946e-08,0.000148544,301.048,293.08,317.533,0.0,148544,1,840,84000000,84000000,84000000,0,301048,1,840,84000000,84000000,84000000,0,293080,1,840,84000000,84000000,84000000,0,317533,1,840,84000000,84000000,84000000,0,0,1,840,84000000,84000000,84000000,0,1.0,0.522579,0.65,1.0,0.522579,0.65,1.0,0.522579,0.65,840,84300000,False,1.0,5000.0,300.0,500.0,600000000000.0,100000000000.0,,839
1,dropped_command,thermal_loop,846,controller_tick,84100000,84.1,1,0,84100000,841,84100000,RUNNING,,0,0,62,1,0,reconstructed_from_retained_wire,True,,,317.5336701296437,301.04761616980545,293.0799895446028,0.5223982029697224,0.6500000000000006,416500.0000000038,420595.3085553827,0.00014854973574152577,18463.17865104867,-2.262368070660159e-08,0.00014855,301.048,293.08,317.534,0.0,148550,1,841,84100000,84100000,84100000,0,301048,1,841,84100000,84100000,84100000,0,293080,1,841,84100000,84100000,84100000,0,317534,1,841,84100000,84100000,84100000,0,0,1,841,84100000,84100000,84100000,0,1.0,0.522596,0.65,1.0,0.522596,0.65,1.0,0.522596,0.65,841,84400000,False,1.0,5000.0,300.0,500.0,600000000000.0,100000000000.0,,840
1,dropped_command,thermal_loop,847,controller_tick,84200000,84.2,1,0,84200000,842,84200000,RUNNING,,0,0,62,1,0,reconstructed_from_retained_wire,True,,,317.5342111268727,301.04759668488197,293.0798505438178,0.5224170258458272,0.6500000000000006,417000.0000000037,421091.804546896,0.0001485550882355722,18464.509193088506,-2.350589056732133e-08,0.000148555,301.048,293.08,317.534,0.0,148555,1,842,84200000,84200000,84200000,0,301048,1,842,84200000,84200000,84200000,0,293080,1,842,84200000,84200000,84200000,0,317534,1,842,84200000,84200000,84200000,0,0,1,842,84200000,84200000,84200000,0,1.0,0.522615,0.65,1.0,0.522615,0.65,1.0,0.522615,0.65,842,84500000,False,1.0,5000.0,300.0,500.0,600000000000.0,100000000000.0,,841
1,dropped_command,thermal_loop,848,controller_tick,84300000,84.3,1,0,84300000,843,84300000,RUNNING,,0,0,62,1,0,reconstructed_from_retained_wire,True,,,317.5347504436743,301.0475762021905,293.0797140973937,0.5224358655774992,0.6500000000000006,417500.0000000037,421588.2936523394,0.00014856044552268653,18465.840974611434,-2.3494976630900055e-08,0.00014856,301.048,293.08,317.535,0.0,148560,1,843,84300000,84300000,84300000,0,301048,1,843,84300000,84300000,84300000,0,293080,1,843,84300000,84300000,84300000,0,317535,1,843,84300000,84300000,84300000,0,0,1,843,84300000,84300000,84300000,0,1.0,0.522634,0.65,1.0,0.522634,0.65,1.0,0.522634,0.65,843,84600000,False,1.0,5000.0,300.0,500.0,600000000000.0,100000000000.0,,842
1,dropped_command,thermal_loop,849,controller_tick,84400000,84.4,1,0,84400000,844,84400000,RUNNING,,0,0,62,1,0,reconstructed_from_retained_wire,True,,,317.5352880821261,301.047554743572,293.07958017898073,0.5224547205607191,0.6500000000000006,418000.0000000037,422084.7759987711,0.00014856580714674804,18467.173882352014,-2.3153006623033434e-08,0.000148566,301.048,293.08,317.535,0.0,148566,1,844,84400000,84400000,84400000,0,301048,1,844,84400000,84400000,84400000,0,293080,1,844,84400000,84400000,84400000,0,317535,1,844,84400000,84400000,84400000,0,0,1,844,84400000,84400000,84400000,0,1.0,0.522651,0.65,1.0,0.522651,0.65,1.0,0.522651,0.65,844,84700000,False,1.0,5000.0,300.0,500.0,600000000000.0,100000000000.0,,843
1,dropped_command,thermal_loop,850,controller_tick,84500000,84.5,1,0,84500000,845,84500000,RUNNING,,0,0,62,1,0,reconstructed_from_retained_wire,True,,,317.5358240443757,301.04753234151866,293.07944875518695,0.5224733990189463,0.6500000000000006,418500.0000000037,422581.2517118153,0.0001485711185739657,18468.49435851336,-2.275237420690246e-08,0.000148571,301.048,293.079,317.536,0.0,148571,1,845,84500000,84500000,84500000,0,301048,1,845,84500000,84500000,84500000,0,293079,1,845,84500000,84500000,84500000,0,317536,1,845,84500000,84500000,84500000,0,0,1,845,84500000,84500000,84500000,0,1.0,0.522669,0.65,1.0,0.522669,0.65,1.0,0.522669,0.65,845,84800000,False,1.0,5000.0,300.0,500.0,600000000000.0,100000000000.0,,844
1,dropped_command,thermal_loop,851,controller_tick,84600000,84.6,1,0,84600000,846,84600000,RUNNING,,0,0,62,1,0,reconstructed_from_retained_wire,True,,,317.53635833267543,301.04750903208793,293.0793197903054,0.5224920129133369,0.6500000000000006,419000.0000000037,423077.72091527324,0.00014857641164173877,18469.8103172889,-2.287561073899269e-08,0.000148576,301.048,293.079,317.536,0.0,148576,1,846,84600000,84600000,84600000,0,301048,1,846,84600000,84600000,84600000,0,293079,1,846,84600000,84600000,84600000,0,317536,1,846,84600000,84600000,84600000,0,0,1,846,84600000,84600000,84600000,0,1.0,0.522688,0.65,1.0,0.522688,0.65,1.0,0.522688,0.65,846,84900000,False,1.0,5000.0,300.0,500.0,600000000000.0,100000000000.0,,845
1,dropped_command,thermal_loop,852,controller_tick,84700000,84.7,1,0,84700000,847,84700000,RUNNING,,0,0,62,1,0,reconstructed_from_retained_wire,True,,,317.53689094935964,301.04748483871845,293.0791932571016,0.5225106635505341,0.6500000000000006,419500.0000000037,423574.1837313761,0.0001485817151577373,18471.12892071595,-2.2431777324527502e-08,0.000148582,301.047,293.079,317.537,0.0,148582,1,847,84700000,84700000,84700000,0,301047,1,847,84700000,84700000,84700000,0,293079,1,847,84700000,84700000,84700000,0,317537,1,847,84700000,84700000,84700000,0,0,1,847,84700000,84700000,84700000,0,1.0,0.522704,0.65,1.0,0.522704,0.65,1.0,0.522704,0.65,847,85000000,False,1.0,5000.0,300.0,500.0,600000000000.0,100000000000.0,,846
1,dropped_command,thermal_loop,853,controller_tick,84800000,84.8,1,0,84800000,848,84800000,RUNNING,,0,0,62,1,0,reconstructed_from_retained_wire,True,,,317.5374218968307,301.047459795374,293.07906912138253,0.5225290619462519,0.6500000000000006,420000.0000000037,424070.6402809419,0.00014858694694606738,18472.429736741622,-2.2952463041292503e-08,0.000148587,301.047,293.079,317.537,0.0,148587,1,848,84800000,84800000,84800000,0,301047,1,848,84800000,84800000,84800000,0,293079,1,848,84800000,84800000,84800000,0,317537,1,848,84800000,84800000,84800000,0,0,1,848,84800000,84800000,84800000,0,1.0,0.522722,0.65,1.0,0.522722,0.65,1.0,0.522722,0.65,848,85100000,False,1.0,5000.0,300.0,500.0,600000000000.0,100000000000.0,,847
1,dropped_command,thermal_loop,854,controller_tick,84900000,84.9,1,0,84900000,849,84900000,RUNNING,,0,0,62,1,0,reconstructed_from_retained_wire,True,,,317.5379511776044,301.0474339390559,293.0789473469927,0.5225474224296045,0.6500000000000006,420500.00000000367,424567.0906828715,0.00014859216795359498,18473.727917922603,-2.399337972747162e-08,0.000148592,301.047,293.079,317.538,0.0,148592,1,849,84900000,84900000,84900000,0,301047,1,849,84900000,84900000,84900000,0,293079,1,849,84900000,84900000,84900000,0,317538,1,849,84900000,84900000,84900000,0,0,1,849,84900000,84900000,84900000,0,1.0,0.52274,0.65,1.0,0.52274,0.65,1.0,0.52274,0.65,849,85200000,False,1.0,5000.0,300.0,500.0,600000000000.0,100000000000.0,,848
1,dropped_command,thermal_loop,855,controller_tick,85000000,85.0,1,0,85000000,850,85000000,RUNNING,,0,0,62,1,0,reconstructed_from_retained_wire,True,,,317.5384787942747,301.0474072940883,293.07882790628776,0.5225657486084305,0.6500000000000006,421000.00000000367,425063.5350545377,0.00014859737920624915,18475.023719082616,-2.4149812816176564e-08,0.000148597,301.047,293.079,317.538,0.0,148597,1,850,85000000,85000000,85000000,0,301047,1,850,85000000,85000000,85000000,0,293079,1,850,85000000,85000000,85000000,0,317538,1,850,85000000,85000000,85000000,0,0,1,850,85000000,85000000,85000000,0,1.0,0.522759,0.65,1.0,0.522759,0.65,1.0,0.522759,0.65,850,85300000,False,1.0,5000.0,300.0,500.0,600000000000.0,100000000000.0,,849
1,dropped_command,thermal_loop,856,controller_tick,85100000,85.1,1,0,85100000,851,85100000,RUNNING,,0,0,62,1,0,reconstructed_from_retained_wire,True,,,317.53900474949387,301.0473798785004,293.0787107758773,0.5225841389098193,0.6500000000000006,421500.00000000367,425559.9735120076,0.00014860260869286677,18476.32409988161,-2.4229393602581695e-08,0.000148603,301.047,293.079,317.539,0.0,148603,1,851,85100000,85100000,85100000,0,301047,1,851,85100000,85100000,85100000,0,293079,1,851,85100000,85100000,85100000,0,317539,1,851,85100000,85100000,85100000,0,0,1,851,85100000,85100000,85100000,0,1.0,0.522774,0.65,1.0,0.522774,0.65,1.0,0.522774,0.65,851,85400000,False,1.0,5000.0,300.0,500.0,600000000000.0,100000000000.0,,850
1,dropped_command,thermal_loop,857,controller_tick,85200000,85.2,1,0,85200000,852,85200000,RUNNING,,0,0,62,1,0,reconstructed_from_retained_wire,True,,,317.5395290459712,301.0473517266948,293.07859592151283,0.5226022065813742,0.6500000000000006,422000.00000000367,426056.4061700596,0.00014860774643610496,18477.60171204507,-2.4382188712479547e-08,0.000148608,301.047,293.079,317.54,0.0,148608,1,852,85200000,85200000,85200000,0,301047,1,852,85200000,85200000,85200000,0,293079,1,852,85200000,85200000,85200000,0,317540,1,852,85200000,85200000,85200000,0,0,1,852,85200000,85200000,85200000,0,1.0,0.522792,0.65,1.0,0.522792,0.65,1.0,0.522792,0.65,852,85500000,False,1.0,5000.0,300.0,500.0,600000000000.0,100000000000.0,,851
1,dropped_command,thermal_loop,858,controller_tick,85300000,85.3,1,0,85300000,853,85300000,RUNNING,,0,0,62,1,0,reconstructed_from_retained_wire,True,,,317.5400516865347,301.0473228756606,293.07848330728433,0.5226202678131292,0.6500000000000006,422500.00000000367,426552.83314149646,0.00014861288234811447,18478.87891298088,-2.3935172066558152e-08,0.000148613,301.047,293.078,317.54,0.0,148613,1,853,85300000,85300000,85300000,0,301047,1,853,85300000,85300000,85300000,0,293078,1,853,85300000,85300000,85300000,0,317540,1,853,85300000,85300000,85300000,0,0,1,853,85300000,85300000,85300000,0,1.0,0.52281,0.65,1.0,0.52281,0.65,1.0,0.52281,0.65,853,85600000,False,1.0,5000.0,300.0,500.0,600000000000.0,100000000000.0,,852
1,dropped_command,thermal_loop,859,controller_tick,85400000,85.4,1,0,85400000,854,85400000,RUNNING,,0,0,62,1,0,reconstructed_from_retained_wire,True,,,317.5405726740785,301.04729334426935,293.07837290941836,0.5226383232179124,0.6500000000000006,423000.00000000367,427049.2545377294,0.00014861801660315976,18480.15574598028,-2.3295342543860897e-08,0.000148618,301.047,293.078,317.541,0.0,148618,1,854,85400000,85400000,85400000,0,301047,1,854,85400000,85400000,85400000,0,293078,1,854,85400000,85400000,85400000,0,317541,1,854,85400000,85400000,85400000,0,0,1,854,85400000,85400000,85400000,0,1.0,0.522828,0.65,1.0,0.522828,0.65,1.0,0.522828,0.65,854,85700000,False,1.0,5000.0,300.0,500.0,600000000000.0,100000000000.0,,853
1,dropped_command,thermal_loop,860,controller_tick,85500000,85.5,1,0,85500000,855,85500000,RUNNING,,0,0,62,1,0,reconstructed_from_retained_wire,True,,,317.54109201154387,301.0472631509582,293.07826470448754,0.5226563733502333,0.6500000000000006,423500.0000000036,427545.67046898924,0.00014862314935892179,18481.432250216094,-2.3198936105472967e-08,0.000148623,301.047,293.078,317.541,0.0,148623,1,855,85500000,85500000,85500000,0,301047,1,855,85500000,85500000,85500000,0,293078,1,855,85500000,85500000,85500000,0,317541,1,855,85500000,85500000,85500000,0,0,1,855,85500000,85500000,85500000,0,1.0,0.522845,0.65,1.0,0.522845,0.65,1.0,0.522845,0.65,855,85800000,False,1.0,5000.0,300.0,500.0,600000000000.0,100000000000.0,,854
1,dropped_command,thermal_loop,861,controller_tick,85600000,85.6,1,0,85600000,856,85600000,RUNNING,,0,0,62,1,0,reconstructed_from_retained_wire,True,,,317.5416097019235,301.04723231919564,293.0781586657671,0.5226743235492513,0.6500000000000006,424000.0000000036,428042.081044283,0.00014862825369753833,18482.701730894812,-2.243587005068548e-08,0.000148628,301.047,293.078,317.542,0.0,148628,1,856,85600000,85600000,85600000,0,301047,1,856,85600000,85600000,85600000,0,293078,1,856,85600000,85600000,85600000,0,317542,1,856,85600000,85600000,85600000,0,0,1,856,85600000,85600000,85600000,0,1.0,0.522863,0.65,1.0,0.522863,0.65,1.0,0.522863,0.65,856,85900000,False,1.0,5000.0,300.0,500.0,600000000000.0,100000000000.0,,855
1,dropped_command,thermal_loop,862,controller_tick,85700000,85.7,1,0,85700000,857,85700000,RUNNING,,0,0,62,1,0,reconstructed_from_retained_wire,True,,,317.5421257482751,301.0472008712304,293.07805476740305,0.5226922784874591,0.6500000000000006,424500.0000000036,428538.48637124046,0.0001486333593837962,18483.971590356065,-2.3340817278949544e-08,0.000148633,301.047,293.078,317.542,0.0,148633,1,857,85700000,85700000,85700000,0,301047,1,857,85700000,85700000,85700000,0,293078,1,857,85700000,85700000,85700000,0,317542,1,857,85700000,85700000,85700000,0,0,1,857,85700000,85700000,85700000,0,1.0,0.52288,0.65,1.0,0.52288,0.65,1.0,0.52288,0.65,857,86000000,False,1.0,5000.0,300.0,500.0,600000000000.0,100000000000.0,,856
1,dropped_command,thermal_loop,863,controller_tick,85800000,85.8,1,0,85800000,858,85800000,RUNNING,,0,0,62,1,0,reconstructed_from_retained_wire,True,,,317.5426401537073,301.0471688285994,293.07795298407285,0.5227101425512816,0.6500000000000006,425000.0000000036,429034.88655627525,0.00014863843922891245,18485.235066035268,-2.2694621293339878e-08,0.000148638,301.047,293.078,317.543,0.0,148638,1,858,85800000,85800000,85800000,0,301047,1,858,85800000,85800000,85800000,0,293078,1,858,85800000,85800000,85800000,0,317543,1,858,85800000,85800000,85800000,0,0,1,858,85800000,85800000,85800000,0,1.0,0.522897,0.65,1.0,0.522897,0.65,1.0,0.522897,0.65,858,86100000,False,1.0,5000.0,300.0,500.0,600000000000.0,100000000000.0,,857
1,dropped_command,thermal_loop,864,controller_tick,85900000,85.9,1,0,85900000,859,85900000,RUNNING,,0,0,62,1,0,reconstructed_from_retained_wire,True,,,317.5431529213933,301.0471362172054,293.07785328760065,0.5227279243885596,0.6500000000000006,425500.0000000036,429531.2817044302,0.0001486434956919968,18486.492768942506,-2.3147549654822797e-08,0.000148643,301.047,293.078,317.543,0.0,148643,1,859,85900000,85900000,85900000,0,301047,1,859,85900000,85900000,85900000,0,293078,1,859,85900000,85900000,85900000,0,317543,1,859,85900000,85900000,85900000,0,0,1,859,85900000,85900000,85900000,0,1.0,0.522914,0.65,1.0,0.522914,0.65,1.0,0.522914,0.65,859,86200000,False,1.0,5000.0,300.0,500.0,600000000000.0,100000000000.0,,858
1,dropped_command,thermal_loop,865,controller_tick,86000000,86.0,1,0,86000000,860,86000000,RUNNING,,0,0,62,1,0,reconstructed_from_retained_wire,True,,,317.5436640545723,301.04710306154925,293.0777556508033,0.5227456318241837,0.6500000000000006,426000.0000000036,430027.6719193647,0.00014864853099814382,18487.74525196405,-2.301612767041661e-08,0.000148649,301.047,293.078,317.544,0.0,148649,1,860,86000000,86000000,86000000,0,301047,1,860,86000000,86000000,86000000,0,293078,1,860,86000000,86000000,86000000,0,317544,1,860,86000000,86000000,86000000,0,0,1,860,86000000,86000000,86000000,0,1.0,0.522929,0.65,1.0,0.522929,0.65,1.0,0.522929,0.65,860,86300000,False,1.0,5000.0,300.0,500.0,600000000000.0,100000000000.0,,859
1,dropped_command,thermal_loop,866,controller_tick,86100000,86.1,1,0,86100000,861,86100000,RUNNING,,0,0,62,1,0,reconstructed_from_retained_wire,True,,,317.5441735565562,301.0470693957445,293.0776600401473,0.5227630816132431,0.6500000000000006,426500.0000000036,430524.05730327993,0.00014865349303962635,18488.979552624536,-2.2730091586709023e-08,0.000148653,301.047,293.078,317.544,0.0,148653,1,861,86100000,86100000,86100000,0,301047,1,861,86100000,86100000,86100000,0,293078,1,861,86100000,86100000,86100000,0,317544,1,861,86100000,86100000,86100000,0,0,1,861,86100000,86100000,86100000,0,1.0,0.522948,0.65,1.0,0.522948,0.65,1.0,0.522948,0.65,861,86400000,False,1.0,5000.0,300.0,500.0,600000000000.0,100000000000.0,,860
1,dropped_command,thermal_loop,867,controller_tick,86200000,86.2,1,0,86200000,862,86200000,RUNNING,,0,0,62,1,0,reconstructed_from_retained_wire,True,,,317.54468143074524,301.0470352401864,293.0775664313043,0.5227806789243784,0.6500000000000006,427000.0000000036,431020.4379567459,0.00014865849703065093,18490.224329898578,-2.255546860396862e-08,0.000148658,301.047,293.078,317.545,0.0,148658,1,862,86200000,86200000,86200000,0,301047,1,862,86200000,86200000,86200000,0,293078,1,862,86200000,86200000,86200000,0,317545,1,862,86200000,86200000,86200000,0,0,1,862,86200000,86200000,86200000,0,1.0,0.522965,0.65,1.0,0.522965,0.65,1.0,0.522965,0.65,862,86500000,False,1.0,5000.0,300.0,500.0,600000000000.0,100000000000.0,,861
1,dropped_command,thermal_loop,868,controller_tick,86300000,86.3,1,0,86300000,863,86300000,RUNNING,,0,0,62,1,0,reconstructed_from_retained_wire,True,,,317.5451876805567,301.0470006042584,293.0774748073407,0.5227982193938439,0.6500000000000006,427500.0000000036,431516.8139794934,0.00014866348485811484,18491.46512807379,-2.2247149900067598e-08,0.000148663,301.047,293.077,317.545,0.0,148663,1,863,86300000,86300000,86300000,0,301047,1,863,86300000,86300000,86300000,0,293077,1,863,86300000,86300000,86300000,0,317545,1,863,86300000,86300000,86300000,0,0,1,863,86300000,86300000,86300000,0,1.0,0.522982,0.65,1.0,0.522982,0.65,1.0,0.522982,0.65,863,86600000,False,1.0,5000.0,300.0,500.0,600000000000.0,100000000000.0,,862
1,dropped_command,thermal_loop,869,controller_tick,86400000,86.4,1,0,86400000,864,86400000,RUNNING,,0,0,62,1,0,reconstructed_from_retained_wire,True,,,317.54569230944793,301.0469655080847,293.0773851442171,0.5228157084308395,0.6500000000000006,428000.00000000355,432013.18547016237,0.00014866845806018426,18492.702329406944,-2.3072971089277416e-08,0.000148668,301.047,293.077,317.546,0.0,148668,1,864,86400000,86400000,86400000,0,301047,1,864,86400000,86400000,86400000,0,293077,1,864,86400000,86400000,86400000,0,317546,1,864,86400000,86400000,86400000,0,0,1,864,86400000,86400000,86400000,0,1.0,0.522999,0.65,1.0,0.522999,0.65,1.0,0.522999,0.65,864,86700000,False,1.0,5000.0,300.0,500.0,600000000000.0,100000000000.0,,863
1,dropped_command,thermal_loop,870,controller_tick,86500000,86.5,1,0,86500000,865,86500000,RUNNING,,0,0,62,1,0,reconstructed_from_retained_wire,True,,,317.54619532092465,301.04692997082844,293.077297418591,0.5228331509298119,0.6500000000000006,428500.00000000355,432509.55252620846,0.00014867341802864947,18493.93627979092,-2.3396296455757692e-08,0.000148673,301.047,293.077,317.546,0.0,148673,1,865,86500000,86500000,86500000,0,301047,1,865,86500000,86500000,86500000,0,293077,1,865,86500000,86500000,86500000,0,317546,1,865,86500000,86500000,86500000,0,0,1,865,86500000,86500000,86500000,0,1.0,0.523015,0.65,1.0,0.523015,0.65,1.0,0.523015,0.65,865,86800000,False,1.0,5000.0,300.0,500.0,600000000000.0,100000000000.0,,864
1,dropped_command,thermal_loop,871,controller_tick,86600000,86.6,1,0,86600000,866,86600000,RUNNING,,0,0,62,1,0,reconstructed_from_retained_wire,True,,,317.5466967185437,301.0468940162142,293.0772116041347,0.5228504561568577,0.6500000000000006,429000.00000000355,433005.9152438754,0.0001486783389623165,18495.16055970602,-2.313663571840152e-08,0.000148678,301.047,293.077,317.547,0.0,148678,1,866,86600000,86600000,86600000,0,301047,1,866,86600000,86600000,86600000,0,293077,1,866,86600000,86600000,86600000,0,317547,1,866,86600000,86600000,86600000,0,0,1,866,86600000,86600000,86600000,0,1.0,0.523032,0.65,1.0,0.523032,0.65,1.0,0.523032,0.65,866,86900000,False,1.0,5000.0,300.0,500.0,600000000000.0,100000000000.0,,865
1,dropped_command,thermal_loop,872,controller_tick,86700000,86.7,1,0,86700000,867,86700000,RUNNING,,0,0,62,1,0,reconstructed_from_retained_wire,True,,,317.5471965059255,301.04685766632866,293.0771276756693,0.5228677323377096,0.6500000000000006,429500.00000000355,433502.27371805685,0.00014868325163637546,18496.38282513157,-2.250271791126579e-08,0.000148683,301.047,293.077,317.547,0.0,148683,1,867,86700000,86700000,86700000,0,301047,1,867,86700000,86700000,86700000,0,293077,1,867,86700000,86700000,86700000,0,317547,1,867,86700000,86700000,86700000,0,0,1,867,86700000,86700000,86700000,0,1.0,0.523048,0.65,1.0,0.523048,0.65,1.0,0.523048,0.65,867,87000000,False,1.0,5000.0,300.0,500.0,600000000000.0,100000000000.0,,866
1,dropped_command,thermal_loop,873,controller_tick,86800000,86.8,1,0,86800000,868,86800000,RUNNING,,0,0,62,1,0,reconstructed_from_retained_wire,True,,,317.5476946867384,301.0468209421746,293.0770456087942,0.5228848870738967,0.6500000000000006,430000.00000000355,433998.62804246997,0.00014868812977629408,18497.596538479338,-2.2579115466214716e-08,0.000148688,301.047,293.077,317.548,0.0,148688,1,868,86800000,86800000,86800000,0,301047,1,868,86800000,86800000,86800000,0,293077,1,868,86800000,86800000,86800000,0,317548,1,868,86800000,86800000,86800000,0,0,1,868,86800000,86800000,86800000,0,1.0,0.523064,0.65,1.0,0.523064,0.65,1.0,0.523064,0.65,868,87100000,False,1.0,5000.0,300.0,500.0,600000000000.0,100000000000.0,,867
1,dropped_command,thermal_loop,874,controller_tick,86900000,86.9,1,0,86900000,869,86900000,RUNNING,,0,0,62,1,0,reconstructed_from_retained_wire,True,,,317.5481912647116,301.0467838687911,293.0769653764744,0.5229019319224067,0.6500000000000006,430500.00000000355,434494.9783095134,0.00014869297666843026,18498.80251661119,-2.335309545742348e-08,0.000148693,301.047,293.077,317.548,0.0,148693,1,869,86900000,86900000,86900000,0,301047,1,869,86900000,86900000,86900000,0,293077,1,869,86900000,86900000,86900000,0,317548,1,869,86900000,86900000,86900000,0,0,1,869,86900000,86900000,86900000,0,1.0,0.52308,0.65,1.0,0.52308,0.65,1.0,0.52308,0.65,869,87200000,False,1.0,5000.0,300.0,500.0,600000000000.0,100000000000.0,,868
1,dropped_command,thermal_loop,875,controller_tick,87000000,87.0,1,0,87000000,870,87000000,RUNNING,,0,0,62,1,0,reconstructed_from_retained_wire,True,,,317.54868624363587,301.0467464695237,293.07688695286055,0.5229188773404347,0.6500000000000006,431000.00000000355,434991.32461026387,0.00014869779528640362,18500.00149868319,-2.3147549654822797e-08,0.000148698,301.047,293.077,317.549,0.0,148698,1,870,87000000,87000000,87000000,0,301047,1,870,87000000,87000000,87000000,0,293077,1,870,87000000,87000000,87000000,0,317549,1,870,87000000,87000000,87000000,0,0,1,870,87000000,87000000,87000000,0,1.0,0.523096,0.65,1.0,0.523096,0.65,1.0,0.523096,0.65,870,87300000,False,1.0,5000.0,300.0,500.0,600000000000.0,100000000000.0,,869
1,dropped_command,thermal_loop,876,controller_tick,87100000,87.1,1,0,87100000,871,87100000,RUNNING,,0,0,62,1,0,reconstructed_from_retained_wire,True,,,317.54917962735794,301.04670876616865,293.07681031319214,0.5229357327900421,0.6500000000000006,431500.00000000355,435487.6670345333,0.00014870258832085656,18501.19415353697,-2.326032699784264e-08,0.000148703,301.047,293.077,317.549,0.0,148703,1,871,87100000,87100000,87100000,0,301047,1,871,87100000,87100000,87100000,0,293077,1,871,87100000,87100000,87100000,0,317549,1,871,87100000,87100000,87100000,0,0,1,871,87100000,87100000,87100000,0,1.0,0.523112,0.65,1.0,0.523112,0.65,1.0,0.523112,0.65,871,87400000,False,1.0,5000.0,300.0,500.0,600000000000.0,100000000000.0,,870
1,dropped_command,thermal_loop,877,controller_tick,87200000,87.2,1,0,87200000,872,87200000,RUNNING,,0,0,62,1,0,reconstructed_from_retained_wire,True,,,317.5496714197762,301.0466707791049,293.07673543370913,0.5229525068328562,0.6500000000000006,432000.00000000355,435984.0056709209,0.00014870735820638292,18502.38108638826,-2.319347913726233e-08,0.000148707,301.047,293.077,317.55,0.0,148707,1,872,87200000,87200000,87200000,0,301047,1,872,87200000,87200000,87200000,0,293077,1,872,87200000,87200000,87200000,0,317550,1,872,87200000,87200000,87200000,0,0,1,872,87200000,87200000,87200000,0,1.0,0.52313,0.65,1.0,0.52313,0.65,1.0,0.52313,0.65,872,87500000,False,1.0,5000.0,300.0,500.0,600000000000.0,100000000000.0,,871
1,dropped_command,thermal_loop,878,controller_tick,87300000,87.3,1,0,87300000,873,87300000,RUNNING,,0,0,62,1,0,reconstructed_from_retained_wire,True,,,317.5501616248255,301.04663251650845,293.07666229884074,0.5229693975409215,0.6500000000000006,432500.00000000355,436480.3406069837,0.0001487121612669703,18503.57631295409,-2.3258508008439094e-08,0.000148712,301.047,293.077,317.55,0.0,148712,1,873,87300000,87300000,87300000,0,301047,1,873,87300000,87300000,87300000,0,293077,1,873,87300000,87300000,87300000,0,317550,1,873,87300000,87300000,87300000,0,0,1,873,87300000,87300000,87300000,0,1.0,0.523146,0.65,1.0,0.523146,0.65,1.0,0.523146,0.65,873,87600000,False,1.0,5000.0,300.0,500.0,600000000000.0,100000000000.0,,872
1,dropped_command,thermal_loop,879,controller_tick,87400000,87.4,1,0,87400000,874,87400000,RUNNING,,0,0,62,1,0,reconstructed_from_retained_wire,True,,,317.5506502464427,301.0465939869894,293.07659089277786,0.5229862034869075,0.6500000000000006,433000.00000000355,436976.6719296198,0.00014871694022451821,18504.76557986773,-2.2911990527063608e-08,0.000148717,301.047,293.077,317.551,0.0,148717,1,874,87400000,87400000,87400000,0,301047,1,874,87400000,87400000,87400000,0,293077,1,874,87400000,87400000,87400000,0,317551,1,874,87400000,87400000,87400000,0,0,1,874,87400000,87400000,87400000,0,1.0,0.523161,0.65,1.0,0.523161,0.65,1.0,0.523161,0.65,874,87700000,False,1.0,5000.0,300.0,500.0,600000000000.0,100000000000.0,,873
1,dropped_command,thermal_loop,880,controller_tick,87500000,87.5,1,0,87500000,875,87500000,RUNNING,,0,0,62,1,0,reconstructed_from_retained_wire,True,,,317.5511372886057,301.0465552150561,293.0765211891666,0.5230028375744106,0.6500000000000006,433500.00000000355,437472.99972463655,0.00014872167031219623,18505.942722908694,-2.358956407988444e-08,0.000148722,301.047,293.077,317.551,0.0,148722,1,875,87500000,87500000,87500000,0,301047,1,875,87500000,87500000,87500000,0,293077,1,875,87500000,87500000,87500000,0,317551,1,875,87500000,87500000,87500000,0,0,1,875,87500000,87500000,87500000,0,1.0,0.523177,0.65,1.0,0.523177,0.65,1.0,0.523177,0.65,875,87800000,False,1.0,5000.0,300.0,500.0,600000000000.0,100000000000.0,,874
1,dropped_command,thermal_loop,881,controller_tick,87600000,87.6,1,0,87600000,876,87600000,RUNNING,,0,0,62,1,0,reconstructed_from_retained_wire,True,,,317.5516227553567,301.046516223182,293.07645316306593,0.5230194113205097,0.6500000000000006,434000.0000000035,437969.3240764965,0.0001487263832411253,18507.11563301082,-2.3861502995714545e-08,0.000148726,301.047,293.076,317.552,0.0,148726,1,876,87600000,87600000,87600000,0,301047,1,876,87600000,87600000,87600000,0,293076,1,876,87600000,87600000,87600000,0,317552,1,876,87600000,87600000,87600000,0,0,1,876,87600000,87600000,87600000,0,1.0,0.523195,0.65,1.0,0.523195,0.65,1.0,0.523195,0.65,876,87900000,False,1.0,5000.0,300.0,500.0,600000000000.0,100000000000.0,,875
1,dropped_command,thermal_loop,882,controller_tick,87700000,87.7,1,0,87700000,877,87700000,RUNNING,,0,0,62,1,0,reconstructed_from_retained_wire,True,,,317.55210665076845,301.04647701604586,293.07638680145095,0.5230361207926125,0.6500000000000006,434500.0000000035,438465.6450686872,0.0001487311347652522,18508.29818595459,-2.5272129278164357e-08,0.000148731,301.046,293.076,317.552,0.0,148731,1,877,87700000,87700000,87700000,0,301046,1,877,87700000,87700000,87700000,0,293076,1,877,87700000,87700000,87700000,0,317552,1,877,87700000,87700000,87700000,0,0,1,877,87700000,87700000,87700000,0,1.0,0.52321,0.65,1.0,0.52321,0.65,1.0,0.52321,0.65,877,88000000,False,1.0,5000.0,300.0,500.0,600000000000.0,100000000000.0,,876
1,dropped_command,thermal_loop,883,controller_tick,87800000,87.8,1,0,87800000,878,87800000,RUNNING,,0,0,62,1,0,reconstructed_from_retained_wire,True,,,317.5525889789111,301.04643760448494,293.0763220872413,0.5230526675869362,0.6500000000000006,435000.00000000343,438961.96278409916,0.00014873584003014434,18509.469263191924,-2.512661012588069e-08,0.000148736,301.046,293.076,317.553,0.0,148736,1,878,87800000,87800000,87800000,0,301046,1,878,87800000,87800000,87800000,0,293076,1,878,87800000,87800000,87800000,0,317553,1,878,87800000,87800000,87800000,0,0,1,878,87800000,87800000,87800000,0,1.0,0.523225,0.65,1.0,0.523225,0.65,1.0,0.523225,0.65,878,88100000,False,1.0,5000.0,300.0,500.0,600000000000.0,100000000000.0,,877
1,dropped_command,thermal_loop,884,controller_tick,87900000,87.9,1,0,87900000,879,87900000,RUNNING,,0,0,62,1,0,reconstructed_from_retained_wire,True,,,317.5530697439067,301.0463980146696,293.07625899318896,0.5230690671843184,0.6500000000000006,435500.00000000343,439458.27730441495,0.00014874050343795,18510.629959317375,-2.6048837753478438e-08,0.000148741,301.046,293.076,317.553,0.0,148741,1,879,87900000,87900000,87900000,0,301046,1,879,87900000,87900000,87900000,0,293076,1,879,87900000,87900000,87900000,0,317553,1,879,87900000,87900000,87900000,0,0,1,879,87900000,87900000,87900000,0,1.0,0.52324,0.65,1.0,0.52324,0.65,1.0,0.52324,0.65,879,88200000,False,1.0,5000.0,300.0,500.0,600000000000.0,100000000000.0,,878
1,dropped_command,thermal_loop,885,controller_tick,88000000,88.0,1,0,88000000,880,88000000,RUNNING,,0,0,62,1,0,reconstructed_from_retained_wire,True,,,317.55354894994025,301.0463582706437,293.07619749351943,0.5230853335924001,0.6500000000000006,436000.00000000343,439954.5887099922,0.00014874512897189757,18511.78126480067,-2.5715962692629546e-08,0.000148745,301.046,293.076,317.554,0.0,148745,1,880,88000000,88000000,88000000,0,301046,1,880,88000000,88000000,88000000,0,293076,1,880,88000000,88000000,88000000,0,317554,1,880,88000000,88000000,88000000,0,0,1,880,88000000,88000000,88000000,0,1.0,0.523257,0.65,1.0,0.523257,0.65,1.0,0.523257,0.65,880,88300000,False,1.0,5000.0,300.0,500.0,600000000000.0,100000000000.0,,879
1,dropped_command,thermal_loop,886,controller_tick,88100000,88.1,1,0,88100000,881,88100000,RUNNING,,0,0,62,1,0,reconstructed_from_retained_wire,True,,,317.5540266012424,301.046318383611,293.0761375710719,0.5231016698109827,0.6500000000000006,436500.00000000343,440450.8970800562,0.0001487497743572371,18512.93754737226,-2.5336703401990235e-08,0.00014875,301.046,293.076,317.554,0.0,148750,1,881,88100000,88100000,88100000,0,301046,1,881,88100000,88100000,88100000,0,293076,1,881,88100000,88100000,88100000,0,317554,1,881,88100000,88100000,88100000,0,0,1,881,88100000,88100000,88100000,0,1.0,0.523272,0.65,1.0,0.523272,0.65,1.0,0.523272,0.65,881,88400000,False,1.0,5000.0,300.0,500.0,600000000000.0,100000000000.0,,880
1,dropped_command,thermal_loop,887,controller_tick,88200000,88.2,1,0,88200000,882,88200000,RUNNING,,0,0,62,1,0,reconstructed_from_retained_wire,True,,,317.55450270205296,301.0462783646383,293.0760792088278,0.5231178788715549,0.6500000000000006,437000.00000000343,440947.2024931038,0.00014875438358378292,18514.08486535099,-2.491924533387646e-08,0.000148754,301.046,293.076,317.555,0.0,148754,1,882,88200000,88200000,88200000,0,301046,1,882,88200000,88200000,88200000,0,293076,1,882,88200000,88200000,88200000,0,317555,1,882,88200000,88200000,88200000,0,0,1,882,88200000,88200000,88200000,0,1.0,0.523289,0.65,1.0,0.523289,0.65,1.0,0.523289,0.65,882,88500000,False,1.0,5000.0,300.0,500.0,600000000000.0,100000000000.0,,881
1,dropped_command,thermal_loop,888,controller_tick,88300000,88.3,1,0,88300000,883,88300000,RUNNING,,0,0,62,1,0,reconstructed_from_retained_wire,True,,,317.5549772566421,301.04623822382143,293.07602239046804,0.5231341631999653,0.6500000000000006,437500.0000000034,441443.5050266727,0.00014875901421357519,18515.23754677493,-2.5321241992060095e-08,0.000148759,301.046,293.076,317.555,0.0,148759,1,883,88300000,88300000,88300000,0,301046,1,883,88300000,88300000,88300000,0,293076,1,883,88300000,88300000,88300000,0,317555,1,883,88300000,88300000,88300000,0,0,1,883,88300000,88300000,88300000,0,1.0,0.523304,0.65,1.0,0.523304,0.65,1.0,0.523304,0.65,883,88600000,False,1.0,5000.0,300.0,500.0,600000000000.0,100000000000.0,,882
1,dropped_command,thermal_loop,889,controller_tick,88400000,88.4,1,0,88400000,884,88400000,RUNNING,,0,0,62,1,0,reconstructed_from_retained_wire,True,,,317.55545026928604,301.04619797119904,293.0759670997618,0.523150325308368,0.6500000000000006,438000.0000000034,441939.8047576126,0.0001487636100887497,18516.38161237011,-2.546994437579997e-08,0.000148764,301.046,293.076,317.555,0.0,148764,1,884,88400000,88400000,88400000,0,301046,1,884,88400000,88400000,88400000,0,293076,1,884,88400000,88400000,88400000,0,317555,1,884,88400000,88400000,88400000,0,0,1,884,88400000,88400000,88400000,0,1.0,0.523319,0.65,1.0,0.523319,0.65,1.0,0.523319,0.65,884,88700000,False,1.0,5000.0,300.0,500.0,600000000000.0,100000000000.0,,883
1,dropped_command,thermal_loop,890,controller_tick,88500000,88.5,1,0,88500000,885,88500000,RUNNING,,0,0,62,1,0,reconstructed_from_retained_wire,True,,,317.5559217442993,301.0461576268165,293.0759133138597,0.5231663768275348,0.6500000000000006,438500.0000000033,442436.1017617301,0.00014876817451664573,18517.517884678946,-2.4963810574263334e-08,0.000148768,301.046,293.076,317.556,0.0,148768,1,885,88500000,88500000,88500000,0,301046,1,885,88500000,88500000,88500000,0,293076,1,885,88500000,88500000,88500000,0,317556,1,885,88500000,88500000,88500000,0,0,1,885,88500000,88500000,88500000,0,1.0,0.523336,0.65,1.0,0.523336,0.65,1.0,0.523336,0.65,885,88800000,False,1.0,5000.0,300.0,500.0,600000000000.0,100000000000.0,,884
1,dropped_command,thermal_loop,891,controller_tick,88600000,88.6,1,0,88600000,886,88600000,RUNNING,,0,0,62,1,0,reconstructed_from_retained_wire,True,,,317.55639168603,301.04611719819917,293.0758610183114,0.5231825186065864,0.6500000000000006,439000.0000000033,442932.39611384016,0.0001487727646109433,18518.660581559852,-2.495016815373674e-08,0.000148773,301.046,293.076,317.556,0.0,148773,1,886,88600000,88600000,88600000,0,301046,1,886,88600000,88600000,88600000,0,293076,1,886,88600000,88600000,88600000,0,317556,1,886,88600000,88600000,88600000,0,0,1,886,88600000,88600000,88600000,0,1.0,0.52335,0.65,1.0,0.52335,0.65,1.0,0.52335,0.65,886,88900000,False,1.0,5000.0,300.0,500.0,600000000000.0,100000000000.0,,885
1,dropped_command,thermal_loop,892,controller_tick,88700000,88.7,1,0,88700000,887,88700000,RUNNING,,0,0,62,1,0,reconstructed_from_retained_wire,True,,,317.5568600988301,301.0460766984781,293.07581019497877,0.5231984565684135,0.6500000000000006,439500.0000000033,443428.6878880987,0.00014877729674754757,18519.788884553873,-2.4775999918347225e-08,0.000148777,301.046,293.076,317.557,0.0,148777,1,887,88700000,88700000,88700000,0,301046,1,887,88700000,88700000,88700000,0,293076,1,887,88700000,88700000,88700000,0,317557,1,887,88700000,88700000,88700000,0,0,1,887,88700000,88700000,88700000,0,1.0,0.523367,0.65,1.0,0.523367,0.65,1.0,0.523367,0.65,887,89000000,False,1.0,5000.0,300.0,500.0,600000000000.0,100000000000.0,,886
1,dropped_command,thermal_loop,893,controller_tick,88800000,88.8,1,0,88800000,888,88800000,RUNNING,,0,0,62,1,0,reconstructed_from_retained_wire,True,,,317.55732698709267,301.0460361392656,293.07576082678867,0.5232144955965352,0.6500000000000006,440000.0000000033,443924.97715759283,0.0001487818576234761,18520.92437707675,-2.5358531274832785e-08,0.000148782,301.046,293.076,317.557,0.0,148782,1,888,88800000,88800000,88800000,0,301046,1,888,88800000,88800000,88800000,0,293076,1,888,88800000,88800000,88800000,0,317557,1,888,88800000,88800000,88800000,0,0,1,888,88800000,88800000,88800000,0,1.0,0.523381,0.65,1.0,0.523381,0.65,1.0,0.523381,0.65,888,89100000,False,1.0,5000.0,300.0,500.0,600000000000.0,100000000000.0,,887
1,dropped_command,thermal_loop,894,controller_tick,88900000,88.9,1,0,88900000,889,88900000,RUNNING,,0,0,62,1,0,reconstructed_from_retained_wire,True,,,317.5577923552152,301.04599553203997,293.07571289680664,0.5232303405854764,0.6500000000000006,440500.0000000033,444421.26399474835,0.0001487863633222068,18522.046166660268,-2.5283043214585632e-08,0.000148786,301.046,293.076,317.558,0.0,148786,1,889,88900000,88900000,88900000,0,301046,1,889,88900000,88900000,88900000,0,293076,1,889,88900000,88900000,88900000,0,317558,1,889,88900000,88900000,88900000,0,0,1,889,88900000,88900000,88900000,0,1.0,0.523397,0.65,1.0,0.523397,0.65,1.0,0.523397,0.65,889,89200000,False,1.0,5000.0,300.0,500.0,600000000000.0,100000000000.0,,888
1,dropped_command,thermal_loop,895,controller_tick,89000000,89.0,1,0,89000000,890,89000000,RUNNING,,0,0,62,1,0,reconstructed_from_retained_wire,True,,,317.5582562076367,301.04595489235044,293.0756663854366,0.5232462003256699,0.6500000000000006,441000.00000000326,444917.54847091896,0.00014879087321562005,18523.16903461842,-2.4547262000851333e-08,0.000148791,301.046,293.076,317.558,0.0,148791,1,890,89000000,89000000,89000000,0,301046,1,890,89000000,89000000,89000000,0,293076,1,890,89000000,89000000,89000000,0,317558,1,890,89000000,89000000,89000000,0,0,1,890,89000000,89000000,89000000,0,1.0,0.523411,0.65,1.0,0.523411,0.65,1.0,0.523411,0.65,890,89300000,False,1.0,5000.0,300.0,500.0,600000000000.0,100000000000.0,,889
1,dropped_command,thermal_loop,896,controller_tick,89100000,89.1,1,0,89100000,891,89100000,RUNNING,,0,0,62,1,0,reconstructed_from_retained_wire,True,,,317.5587185488169,301.0459142349244,293.0756212736805,0.523261883088185,0.6500000000000006,441500.00000000326,445413.8306566197,0.0001487953327834633,18524.279406042704,-2.4991095415316522e-08,0.000148795,301.046,293.076,317.559,0.0,148795,1,891,89100000,89100000,89100000,0,301046,1,891,89100000,89100000,89100000,0,293076,1,891,89100000,89100000,89100000,0,317559,1,891,89100000,89100000,89100000,0,0,1,891,89100000,89100000,89100000,0,1.0,0.523428,0.65,1.0,0.523428,0.65,1.0,0.523428,0.65,891,89400000,False,1.0,5000.0,300.0,500.0,600000000000.0,100000000000.0,,890
1,dropped_command,thermal_loop,897,controller_tick,89200000,89.2,1,0,89200000,892,89200000,RUNNING,,0,0,62,1,0,reconstructed_from_retained_wire,True,,,317.5591793832498,301.0458735674515,293.0755775472838,0.5232776912024202,0.6500000000000006,442000.00000000326,445910.11062137893,0.00014879982799646143,18525.39868630294,-2.499018592061475e-08,0.0001488,301.046,293.076,317.559,0.0,148800,1,892,89200000,89200000,89200000,0,301046,1,892,89200000,89200000,89200000,0,293076,1,892,89200000,89200000,89200000,0,317559,1,892,89200000,89200000,89200000,0,0,1,892,89200000,89200000,89200000,0,1.0,0.523442,0.65,1.0,0.523442,0.65,1.0,0.523442,0.65,892,89500000,False,1.0,5000.0,300.0,500.0,600000000000.0,100000000000.0,,891
1,dropped_command,thermal_loop,898,controller_tick,89300000,89.3,1,0,89300000,893,89300000,RUNNING,,0,0,62,1,0,reconstructed_from_retained_wire,True,,,317.5596387154222,301.04583289782454,293.07553519190407,0.5232933272518363,0.6500000000000006,442500.00000000326,446406.3884341991,0.00014880427428091574,18526.505816921745,-2.399610821157694e-08,0.000148804,301.046,293.076,317.56,0.0,148804,1,893,89300000,89300000,89300000,0,301046,1,893,89300000,89300000,89300000,0,293076,1,893,89300000,89300000,89300000,0,317560,1,893,89300000,89300000,89300000,0,0,1,893,89300000,89300000,89300000,0,1.0,0.523457,0.65,1.0,0.523457,0.65,1.0,0.523457,0.65,893,89600000,False,1.0,5000.0,300.0,500.0,600000000000.0,100000000000.0,,892
1,dropped_command,thermal_loop,899,controller_tick,89400000,89.4,1,0,89400000,894,89400000,RUNNING,,0,0,62,1,0,reconstructed_from_retained_wire,True,,,317.5600965498574,301.04579224376533,293.0754941866974,0.5233089027731478,0.6500000000000006,443000.0000000032,446902.6641630736,0.00014880870335353064,18527.608694659953,-2.342858351767063e-08,0.000148809,301.046,293.075,317.56,0.0,148809,1,894,89400000,89400000,89400000,0,301046,1,894,89400000,89400000,89400000,0,293075,1,894,89400000,89400000,89400000,0,317560,1,894,89400000,89400000,89400000,0,0,1,894,89400000,89400000,89400000,0,1.0,0.523471,0.65,1.0,0.523471,0.65,1.0,0.523471,0.65,894,89700000,False,1.0,5000.0,300.0,500.0,600000000000.0,100000000000.0,,893
1,dropped_command,thermal_loop,900,controller_tick,89500000,89.5,1,0,89500000,895,89500000,RUNNING,,0,0,62,1,0,reconstructed_from_retained_wire,True,,,317.56055289111066,301.0457516216392,293.0754545117751,0.5233243283637833,0.6500000000000006,443500.0000000032,447398.93787504104,0.00014881308979169128,18528.7009884005,-2.3751908884150907e-08,0.000148813,301.046,293.075,317.561,0.0,148813,1,895,89500000,89500000,89500000,0,301046,1,895,89500000,89500000,89500000,0,293075,1,895,89500000,89500000,89500000,0,317561,1,895,89500000,89500000,89500000,0,0,1,895,89500000,89500000,89500000,0,1.0,0.523487,0.65,1.0,0.523487,0.65,1.0,0.523487,0.65,895,89800000,False,1.0,5000.0,300.0,500.0,600000000000.0,100000000000.0,,894
1,dropped_command,thermal_loop,901,controller_tick,89600000,89.6,1,0,89600000,896,89600000,RUNNING,,0,0,62,1,0,reconstructed_from_retained_wire,True,,,317.5610077437702,301.04571104070885,293.07541615203434,0.5233398086166969,0.6500000000000006,444000.0000000032,447895.20963617286,0.00014881749177367832,18529.79718517257,-2.3784195946063846e-08,0.000148817,301.046,293.075,317.561,0.0,148817,1,896,89600000,89600000,89600000,0,301046,1,896,89600000,89600000,89600000,0,293075,1,896,89600000,89600000,89600000,0,317561,1,896,89600000,89600000,89600000,0,0,1,896,89600000,89600000,89600000,0,1.0,0.523503,0.65,1.0,0.523503,0.65,1.0,0.523503,0.65,896,89900000,False,1.0,5000.0,300.0,500.0,600000000000.0,100000000000.0,,895
1,dropped_command,thermal_loop,902,controller_tick,89700000,89.7,1,0,89700000,897,89700000,RUNNING,,0,0,62,1,0,reconstructed_from_retained_wire,True,,,317.5614611124154,301.0456704990613,293.0753790998696,0.5233553383300853,0.6500000000000006,444500.00000000314,448391.47951203946,0.00014882190782030113,18530.89691695012,-2.4084329197648913e-08,0.000148822,301.046,293.075,317.561,0.0,148822,1,897,89700000,89700000,89700000,0,301046,1,897,89700000,89700000,89700000,0,293075,1,897,89700000,89700000,89700000,0,317561,1,897,89700000,89700000,89700000,0,0,1,897,89700000,89700000,89700000,0,1.0,0.523516,0.65,1.0,0.523516,0.65,1.0,0.523516,0.65,897,90000000,False,1.0,5000.0,300.0,500.0,600000000000.0,100000000000.0,,896
1,dropped_command,thermal_loop,903,controller_tick,89800000,89.8,1,0,89800000,898,89800000,RUNNING,,0,0,62,1,0,reconstructed_from_retained_wire,True,,,317.5619130016237,301.0456300116798,293.0753433364586,0.5233706273094161,0.6500000000000006,445000.00000000314,448887.7475676394,0.00014882625541151877,18531.979633099323,-2.4525434128008783e-08,0.000148826,301.046,293.075,317.562,0.0,148826,1,898,89800000,89800000,89800000,0,301046,1,898,89800000,89800000,89800000,0,293075,1,898,89800000,89800000,89800000,0,317562,1,898,89800000,89800000,89800000,0,0,1,898,89800000,89800000,89800000,0,1.0,0.523532,0.65,1.0,0.523532,0.65,1.0,0.523532,0.65,898,90100000,False,1.0,5000.0,300.0,500.0,600000000000.0,100000000000.0,,897
1,dropped_command,thermal_loop,904,controller_tick,89900000,89.9,1,0,89900000,899,89900000,RUNNING,,0,0,62,1,0,reconstructed_from_retained_wire,True,,,317.5623634160176,301.04558959158857,293.0753088443364,0.5233859839513095,0.6500000000000006,445500.0000000031,449384.01386687567,0.00014883062224333823,18533.067172732346,-2.4227119865827262e-08,0.000148831,301.046,293.075,317.562,0.0,148831,1,899,89900000,89900000,89900000,0,301046,1,899,89900000,89900000,89900000,0,293075,1,899,89900000,89900000,89900000,0,317562,1,899,89900000,89900000,89900000,0,0,1,899,89900000,89900000,89900000,0,1.0,0.523545,0.65,1.0,0.523545,0.65,1.0,0.523545,0.65,899,90200000,False,1.0,5000.0,300.0,500.0,600000000000.0,100000000000.0,,898
1,dropped_command,thermal_loop,905,controller_tick,90000000,90.0,1,0,90000000,900,90000000,RUNNING,,0,0,62,1,0,reconstructed_from_retained_wire,True,,,317.56281236022704,301.0455492512842,293.0752756064376,0.5234011163290756,0.6500000000000006,446000.000000003,449880.27847297717,0.00014883492530316024,18534.138861453335,-2.392380338278599e-08,0.000148835,301.046,293.075,317.563,0.0,148835,1,900,90000000,90000000,90000000,0,301046,1,900,90000000,90000000,90000000,0,293075,1,900,90000000,90000000,90000000,0,317563,1,900,90000000,90000000,90000000,0,0,1,900,90000000,90000000,90000000,0,1.0,0.52356,0.65,1.0,0.52356,0.65,1.0,0.52356,0.65,900,90300000,False,1.0,5000.0,300.0,500.0,600000000000.0,100000000000.0,,899
1,dropped_command,thermal_loop,906,controller_tick,90100000,90.1,1,0,90100000,901,90100000,RUNNING,,0,0,62,1,0,reconstructed_from_retained_wire,True,,,317.5632598389253,301.0455090069824,293.07524360326835,0.5234162361094317,0.6500000000000006,446500.000000003,450376.54144809995,0.00014883922478076868,18535.209688960356,-2.3733264242764562e-08,0.000148839,301.046,293.075,317.563,0.0,148839,1,901,90100000,90100000,90100000,0,301046,1,901,90100000,90100000,90100000,0,293075,1,901,90100000,90100000,90100000,0,317563,1,901,90100000,90100000,90100000,0,0,1,901,90100000,90100000,90100000,0,1.0,0.523576,0.65,1.0,0.523576,0.65,1.0,0.523576,0.65,901,90400000,False,1.0,5000.0,300.0,500.0,600000000000.0,100000000000.0,,900
1,dropped_command,thermal_loop,907,controller_tick,90200000,90.2,1,0,90200000,902,90200000,RUNNING,,0,0,62,1,0,reconstructed_from_retained_wire,True,,,317.56370585679076,301.0454688574058,293.0752128270443,0.5234314396537617,0.6500000000000006,447000.000000003,450872.80285375536,0.00014884354807759425,18536.286480070114,-2.3616848920937628e-08,0.000148844,301.045,293.075,317.564,0.0,148844,1,902,90200000,90200000,90200000,0,301045,1,902,90200000,90200000,90200000,0,293075,1,902,90200000,90200000,90200000,0,317564,1,902,90200000,90200000,90200000,0,0,1,902,90200000,90200000,90200000,0,1.0,0.523589,0.65,1.0,0.523589,0.65,1.0,0.523589,0.65,902,90500000,False,1.0,5000.0,300.0,500.0,600000000000.0,100000000000.0,,901
1,dropped_command,thermal_loop,908,controller_tick,90300000,90.3,1,0,90300000,903,90300000,RUNNING,,0,0,62,1,0,reconstructed_from_retained_wire,True,,,317.5641504184901,301.04542881275376,293.07518326237573,0.5234464335031239,0.6500000000000006,447500.000000003,451369.0627509975,0.0001488478117453248,18537.348450165373,-2.3253051040228456e-08,0.000148848,301.045,293.075,317.564,0.0,148848,1,903,90300000,90300000,90300000,0,301045,1,903,90300000,90300000,90300000,0,293075,1,903,90300000,90300000,90300000,0,317564,1,903,90300000,90300000,90300000,0,0,1,903,90300000,90300000,90300000,0,1.0,0.523604,0.65,1.0,0.523604,0.65,1.0,0.523604,0.65,903,90600000,False,1.0,5000.0,300.0,500.0,600000000000.0,100000000000.0,,902
1,dropped_command,thermal_loop,909,controller_tick,90400000,90.4,1,0,90400000,904,90400000,RUNNING,,0,0,62,1,0,reconstructed_from_retained_wire,True,,,317.56459352872673,301.04538888714603,293.07515489130907,0.5234614279377967,0.6500000000000006,448000.00000000297,451865.3211998881,0.0001488520755794949,18538.410492138246,-2.280739863635972e-08,0.000148852,301.045,293.075,317.565,0.0,148852,1,904,90400000,90400000,90400000,0,301045,1,904,90400000,90400000,90400000,0,293075,1,904,90400000,90400000,90400000,0,317565,1,904,90400000,90400000,90400000,0,0,1,904,90400000,90400000,90400000,0,1.0,0.523619,0.65,1.0,0.523619,0.65,1.0,0.523619,0.65,904,90700000,False,1.0,5000.0,300.0,500.0,600000000000.0,100000000000.0,,903
1,dropped_command,thermal_loop,910,controller_tick,90500000,90.5,1,0,90500000,905,90500000,RUNNING,,0,0,62,1,0,reconstructed_from_retained_wire,True,,,317.56503519220854,301.0453490828445,293.07512770384284,0.5234764229020804,0.6500000000000006,448500.0000000029,452361.5782598568,0.00014885633956426578,18539.47260204697,-2.3321263142861426e-08,0.000148856,301.045,293.075,317.565,0.0,148856,1,905,90500000,90500000,90500000,0,301045,1,905,90500000,90500000,90500000,0,293075,1,905,90500000,90500000,90500000,0,317565,1,905,90500000,90500000,90500000,0,0,1,905,90500000,90500000,90500000,0,1.0,0.523634,0.65,1.0,0.523634,0.65,1.0,0.523634,0.65,905,90800000,False,1.0,5000.0,300.0,500.0,600000000000.0,100000000000.0,,904
1,dropped_command,thermal_loop,911,controller_tick,90600000,90.6,1,0,90600000,906,90600000,RUNNING,,0,0,62,1,0,reconstructed_from_retained_wire,True,,,317.5654754136359,301.04530940203625,293.0751016900712,0.5234914183455758,0.6500000000000006,449000.0000000029,452857.83398983564,0.00014886060368530583,18540.53477632479,-2.3777829483151436e-08,0.000148861,301.045,293.075,317.565,0.0,148861,1,906,90600000,90600000,90600000,0,301045,1,906,90600000,90600000,90600000,0,293075,1,906,90600000,90600000,90600000,0,317565,1,906,90600000,90600000,90600000,0,0,1,906,90600000,90600000,90600000,0,1.0,0.523646,0.65,1.0,0.523646,0.65,1.0,0.523646,0.65,906,90900000,False,1.0,5000.0,300.0,500.0,600000000000.0,100000000000.0,,905
1,dropped_command,thermal_loop,912,controller_tick,90700000,90.7,1,0,90700000,907,90700000,RUNNING,,0,0,62,1,0,reconstructed_from_retained_wire,True,,,317.5659141977182,301.04526986319144,293.07507682927974,0.5235061287349341,0.6500000000000006,449500.00000000285,453354.08844808023,0.00014886478674803346,18541.576788888746,-2.4085693439701572e-08,0.000148865,301.045,293.075,317.566,0.0,148865,1,907,90700000,90700000,90700000,0,301045,1,907,90700000,90700000,90700000,0,293075,1,907,90700000,90700000,90700000,0,317566,1,907,90700000,90700000,90700000,0,0,1,907,90700000,90700000,90700000,0,1.0,0.523661,0.65,1.0,0.523661,0.65,1.0,0.523661,0.65,907,91000000,False,1.0,5000.0,300.0,500.0,600000000000.0,100000000000.0,,906
1,dropped_command,thermal_loop,913,controller_tick,90800000,90.8,1,0,90800000,908,90800000,RUNNING,,0,0,62,1,0,reconstructed_from_retained_wire,True,,,317.56635154921906,301.0452304822708,293.0750531024777,0.5235208666843888,0.6500000000000006,450000.00000000285,453850.34169166535,0.00014886897764778087,18542.620783039172,-2.442038748995401e-08,0.000148869,301.045,293.075,317.566,0.0,148869,1,908,90800000,90800000,90800000,0,301045,1,908,90800000,90800000,90800000,0,293075,1,908,90800000,90800000,90800000,0,317566,1,908,90800000,90800000,90800000,0,0,1,908,90800000,90800000,90800000,0,1.0,0.523676,0.65,1.0,0.523676,0.65,1.0,0.523676,0.65,908,91100000,False,1.0,5000.0,300.0,500.0,600000000000.0,100000000000.0,,907
1,dropped_command,thermal_loop,914,controller_tick,90900000,90.9,1,0,90900000,909,90900000,RUNNING,,0,0,62,1,0,reconstructed_from_retained_wire,True,,,317.5667874729007,301.04519125785583,293.0750305023064,0.52353562957125,0.6500000000000006,450500.00000000285,454346.5937771071,0.000148873175638757,18543.666573149236,-2.3377651814371347e-08,0.000148873,301.045,293.075,317.567,0.0,148873,1,909,90900000,90900000,90900000,0,301045,1,909,90900000,90900000,90900000,0,293075,1,909,90900000,90900000,90900000,0,317567,1,909,90900000,90900000,90900000,0,0,1,909,90900000,90900000,90900000,0,1.0,0.52369,0.65,1.0,0.52369,0.65,1.0,0.52369,0.65,909,91200000,False,1.0,5000.0,300.0,500.0,600000000000.0,100000000000.0,,908
1,dropped_command,thermal_loop,915,controller_tick,91000000,91.0,1,0,91000000,910,91000000,RUNNING,,0,0,62,1,0,reconstructed_from_retained_wire,True,,,317.56722197351263,301.0451521942398,293.07500901764365,0.5235503198598277,0.6500000000000006,451000.00000000285,454842.8447604891,0.00014887735298560427,18544.70724973271,-2.316619429620914e-08,0.000148877,301.045,293.075,317.567,0.0,148877,1,910,91000000,91000000,91000000,0,301045,1,910,91000000,91000000,91000000,0,293075,1,910,91000000,91000000,91000000,0,317567,1,910,91000000,91000000,91000000,0,0,1,910,91000000,91000000,91000000,0,1.0,0.523705,0.65,1.0,0.523705,0.65,1.0,0.523705,0.65,910,91300000,False,1.0,5000.0,300.0,500.0,600000000000.0,100000000000.0,,909
1,dropped_command,thermal_loop,916,controller_tick,91100000,91.1,1,0,91100000,911,91100000,RUNNING,,0,0,62,1,0,reconstructed_from_retained_wire,True,,,317.5676550558078,301.04511329513275,293.074988637802,0.523565039621344,0.6500000000000006,451500.00000000285,455339.0946972871,0.00014888153871340924,18545.750043501008,-2.285651135025546e-08,0.000148882,301.045,293.075,317.568,0.0,148882,1,911,91100000,91100000,91100000,0,301045,1,911,91100000,91100000,91100000,0,293075,1,911,91100000,91100000,91100000,0,317568,1,911,91100000,91100000,91100000,0,0,1,911,91100000,91100000,91100000,0,1.0,0.523717,0.65,1.0,0.523717,0.65,1.0,0.523717,0.65,911,91400000,False,1.0,5000.0,300.0,500.0,600000000000.0,100000000000.0,,910
1,dropped_command,thermal_loop,917,controller_tick,91200000,91.2,1,0,91200000,912,91200000,RUNNING,,0,0,62,1,0,reconstructed_from_retained_wire,True,,,317.5680867245412,301.04507457503433,293.07496934494634,0.5235795005633322,0.6500000000000006,452000.00000000285,455835.3436423859,0.00014888565084300446,18546.77453023683,-2.2420863388106227e-08,0.000148886,301.045,293.075,317.568,0.0,148886,1,912,91200000,91200000,91200000,0,301045,1,912,91200000,91200000,91200000,0,293075,1,912,91200000,91200000,91200000,0,317568,1,912,91200000,91200000,91200000,0,0,1,912,91200000,91200000,91200000,0,1.0,0.523731,0.65,1.0,0.523731,0.65,1.0,0.523731,0.65,912,91500000,False,1.0,5000.0,300.0,500.0,600000000000.0,100000000000.0,,911
1,dropped_command,thermal_loop,918,controller_tick,91300000,91.3,1,0,91300000,913,91300000,RUNNING,,0,0,62,1,0,reconstructed_from_retained_wire,True,,,317.56851698451624,301.04503605174693,293.07495111908923,0.5235939176408907,0.6500000000000006,452500.00000000285,456331.5916495664,0.00014888975049926148,18547.79593756065,-2.2473614080809057e-08,0.00014889,301.045,293.075,317.569,0.0,148890,1,913,91300000,91300000,91300000,0,301045,1,913,91300000,91300000,91300000,0,293075,1,913,91300000,91300000,91300000,0,317569,1,913,91300000,91300000,91300000,0,0,1,913,91300000,91300000,91300000,0,1.0,0.523746,0.65,1.0,0.523746,0.65,1.0,0.523746,0.65,913,91600000,False,1.0,5000.0,300.0,500.0,600000000000.0,100000000000.0,,912
1,dropped_command,thermal_loop,919,controller_tick,91400000,91.4,1,0,91400000,914,91400000,RUNNING,,0,0,62,1,0,reconstructed_from_retained_wire,True,,,317.5689458405451,301.04499772520774,293.0749339521992,0.5236083901908537,0.6500000000000006,453000.00000000285,456827.83877194626,0.00014889386592971336,18548.821303227545,-2.2540461941389367e-08,0.000148894,301.045,293.075,317.569,0.0,148894,1,914,91400000,91400000,91400000,0,301045,1,914,91400000,91400000,91400000,0,293075,1,914,91400000,91400000,91400000,0,317569,1,914,91400000,91400000,91400000,0,0,1,914,91400000,91400000,91400000,0,1.0,0.52376,0.65,1.0,0.52376,0.65,1.0,0.52376,0.65,914,91700000,False,1.0,5000.0,300.0,500.0,600000000000.0,100000000000.0,,913
1,dropped_command,thermal_loop,920,controller_tick,91500000,91.5,1,0,91500000,915,91500000,RUNNING,,0,0,62,1,0,reconstructed_from_retained_wire,True,,,317.56937329742016,301.0449595955923,293.074917836129,0.5236228177717422,0.6500000000000006,453500.00000000285,457324.08506230137,0.00014889796857270906,18549.843511090137,-2.2937001631362364e-08,0.000148898,301.045,293.075,317.569,0.0,148898,1,915,91500000,91500000,91500000,0,301045,1,915,91500000,91500000,91500000,0,293075,1,915,91500000,91500000,91500000,0,317569,1,915,91500000,91500000,91500000,0,0,1,915,91500000,91500000,91500000,0,1.0,0.523774,0.65,1.0,0.523774,0.65,1.0,0.523774,0.65,915,91800000,False,1.0,5000.0,300.0,500.0,600000000000.0,100000000000.0,,914
1,dropped_command,thermal_loop,921,controller_tick,91600000,91.6,1,0,91600000,916,91600000,RUNNING,,0,0,62,1,0,reconstructed_from_retained_wire,True,,,317.5697993599307,301.0449216683231,293.07490275927773,0.5236372046629294,0.6500000000000006,454000.00000000285,457820.33057288086,0.0001489020596451359,18550.86286409522,-2.2664607968181372e-08,0.000148902,301.045,293.075,317.57,0.0,148902,1,916,91600000,91600000,91600000,0,301045,1,916,91600000,91600000,91600000,0,293075,1,916,91600000,91600000,91600000,0,317570,1,916,91600000,91600000,91600000,0,0,1,916,91600000,91600000,91600000,0,1.0,0.523788,0.65,1.0,0.523788,0.65,1.0,0.523788,0.65,916,91900000,False,1.0,5000.0,300.0,500.0,600000000000.0,100000000000.0,,915
1,dropped_command,thermal_loop,922,controller_tick,91700000,91.7,1,0,91700000,917,91700000,RUNNING,,0,0,62,1,0,reconstructed_from_retained_wire,True,,,317.57022403286715,301.0448839482377,293.0748887104791,0.5236515547365522,0.6500000000000006,454500.00000000285,458316.57535536477,0.00014890614024807907,18551.879636368598,-2.2930180421099067e-08,0.000148906,301.045,293.075,317.57,0.0,148906,1,917,91700000,91700000,91700000,0,301045,1,917,91700000,91700000,91700000,0,293075,1,917,91700000,91700000,91700000,0,317570,1,917,91700000,91700000,91700000,0,0,1,917,91700000,91700000,91700000,0,1.0,0.523802,0.65,1.0,0.523802,0.65,1.0,0.523802,0.65,917,92000000,False,1.0,5000.0,300.0,500.0,600000000000.0,100000000000.0,,916
1,dropped_command,thermal_loop,923,controller_tick,91800000,91.8,1,0,91800000,918,91800000,RUNNING,,0,0,62,1,0,reconstructed_from_retained_wire,True,,,317.5706473210191,301.0448464396416,293.07487567896584,0.5236658714962652,0.6500000000000006,455000.0000000028,458812.81946088496,0.00014891021137784167,18552.8940759569,-2.284741640323773e-08,0.00014891,301.045,293.075,317.571,0.0,148910,1,918,91800000,91800000,91800000,0,301045,1,918,91800000,91800000,91800000,0,293075,1,918,91800000,91800000,91800000,0,317571,1,918,91800000,91800000,91800000,0,0,1,918,91800000,91800000,91800000,0,1.0,0.523815,0.65,1.0,0.523815,0.65,1.0,0.523815,0.65,918,92100000,False,1.0,5000.0,300.0,500.0,600000000000.0,100000000000.0,,917
1,dropped_command,thermal_loop,924,controller_tick,91900000,91.9,1,0,91900000,919,91900000,RUNNING,,0,0,62,1,0,reconstructed_from_retained_wire,True,,,317.5710692291796,301.04480915180886,293.0748636507026,0.5236800629497241,0.6500000000000006,455500.0000000028,459309.0629399831,0.0001489142468753781,18553.899664118282,-2.287060851813294e-08,0.000148914,301.045,293.075,317.571,0.0,148914,1,919,91900000,91900000,91900000,0,301045,1,919,91900000,91900000,91900000,0,293075,1,919,91900000,91900000,91900000,0,317571,1,919,91900000,91900000,91900000,0,0,1,919,91900000,91900000,91900000,0,1.0,0.523829,0.65,1.0,0.523829,0.65,1.0,0.523829,0.65,919,92200000,False,1.0,5000.0,300.0,500.0,600000000000.0,100000000000.0,,918
1,dropped_command,thermal_loop,925,controller_tick,92000000,92.0,1,0,92000000,920,92000000,RUNNING,,0,0,62,1,0,reconstructed_from_retained_wire,True,,,317.57148976215876,301.04477209276126,293.0748526125344,0.5236942361839776,0.6500000000000006,456000.0000000028,459805.3058424584,0.0001489182771920809,18554.903988488993,-2.2846961655886844e-08,0.000148918,301.045,293.075,317.571,0.0,148918,1,920,92000000,92000000,92000000,0,301045,1,920,92000000,92000000,92000000,0,293075,1,920,92000000,92000000,92000000,0,317571,1,920,92000000,92000000,92000000,0,0,1,920,92000000,92000000,92000000,0,1.0,0.523843,0.65,1.0,0.523843,0.65,1.0,0.523843,0.65,920,92300000,False,1.0,5000.0,300.0,500.0,600000000000.0,100000000000.0,,919
1,dropped_command,thermal_loop,926,controller_tick,92100000,92.1,1,0,92100000,921,92100000,RUNNING,,0,0,62,1,0,reconstructed_from_retained_wire,True,,,317.5719089247641,301.04473526435123,293.0748425554629,0.5237083929328121,0.6500000000000006,456500.0000000028,460301.5482175897,0.0001489223028209716,18555.90717182641,-2.2714630176778883e-08,0.000148922,301.045,293.075,317.572,0.0,148922,1,921,92100000,92100000,92100000,0,301045,1,921,92100000,92100000,92100000,0,293075,1,921,92100000,92100000,92100000,0,317572,1,921,92100000,92100000,92100000,0,0,1,921,92100000,92100000,92100000,0,1.0,0.523856,0.65,1.0,0.523856,0.65,1.0,0.523856,0.65,921,92400000,False,1.0,5000.0,300.0,500.0,600000000000.0,100000000000.0,,920
1,dropped_command,thermal_loop,927,controller_tick,92200000,92.2,1,0,92200000,922,92200000,RUNNING,,0,0,62,1,0,reconstructed_from_retained_wire,True,,,317.57232672179947,301.04469867362883,293.07483346706783,0.5237224396024409,0.6500000000000006,457000.0000000028,460797.7901141502,0.00014892629714761656,18556.902581473165,-2.2022049961378798e-08,0.000148926,301.045,293.075,317.572,0.0,148926,1,922,92200000,92200000,92200000,0,301045,1,922,92200000,92200000,92200000,0,293075,1,922,92200000,92200000,92200000,0,317572,1,922,92200000,92200000,92200000,0,0,1,922,92200000,92200000,92200000,0,1.0,0.52387,0.65,1.0,0.52387,0.65,1.0,0.52387,0.65,922,92500000,False,1.0,5000.0,300.0,500.0,600000000000.0,100000000000.0,,921
1,dropped_command,thermal_loop,928,controller_tick,92300000,92.3,1,0,92300000,923,92300000,RUNNING,,0,0,62,1,0,reconstructed_from_retained_wire,True,,,317.57274315807933,301.0446623265995,293.0748253356698,0.5237364818308673,0.6500000000000006,457500.00000000274,461294.03158024803,0.00014893029021135627,18557.897703081915,-2.1976120478939265e-08,0.00014893,301.045,293.075,317.573,0.0,148930,1,923,92300000,92300000,92300000,0,301045,1,923,92300000,92300000,92300000,0,293075,1,923,92300000,92300000,92300000,0,317573,1,923,92300000,92300000,92300000,0,0,1,923,92300000,92300000,92300000,0,1.0,0.523883,0.65,1.0,0.523883,0.65,1.0,0.523883,0.65,923,92600000,False,1.0,5000.0,300.0,500.0,600000000000.0,100000000000.0,,922
1,dropped_command,thermal_loop,929,controller_tick,92400000,92.4,1,0,92400000,924,92400000,RUNNING,,0,0,62,1,0,reconstructed_from_retained_wire,True,,,317.57315823841554,301.0446262287395,293.0748181499852,0.5237504248781456,0.6500000000000006,458000.0000000027,461790.2726634801,0.00014893425507183408,18558.88582248295,-2.2040694602765143e-08,0.000148934,301.045,293.075,317.573,0.0,148934,1,924,92400000,92400000,92400000,0,301045,1,924,92400000,92400000,92400000,0,293075,1,924,92400000,92400000,92400000,0,317573,1,924,92400000,92400000,92400000,0,0,1,924,92400000,92400000,92400000,0,1.0,0.523896,0.65,1.0,0.523896,0.65,1.0,0.523896,0.65,924,92700000,False,1.0,5000.0,300.0,500.0,600000000000.0,100000000000.0,,923
1,dropped_command,thermal_loop,930,controller_tick,92500000,92.5,1,0,92500000,925,92500000,RUNNING,,0,0,62,1,0,reconstructed_from_retained_wire,True,,,317.5735719676315,301.0445903900806,293.0748118957378,0.52376427818261,0.6500000000000006,458500.0000000027,462286.51341077156,0.00014893819441294518,18559.86760801974,-2.2009771782904863e-08,0.000148938,301.045,293.075,317.574,0.0,148938,1,925,92500000,92500000,92500000,0,301045,1,925,92500000,92500000,92500000,0,293075,1,925,92500000,92500000,92500000,0,317574,1,925,92500000,92500000,92500000,0,0,1,925,92500000,92500000,92500000,0,1.0,0.52391,0.65,1.0,0.52391,0.65,1.0,0.52391,0.65,925,92800000,False,1.0,5000.0,300.0,500.0,600000000000.0,100000000000.0,,924
1,dropped_command,thermal_loop,931,controller_tick,92600000,92.6,1,0,92600000,926,92600000,RUNNING,,0,0,62,1,0,reconstructed_from_retained_wire,True,,,317.57398435055893,301.0445548139955,293.07480656313436,0.5237781454470004,0.6500000000000006,459000.0000000027,462782.75386841636,0.00014894213772371644,18560.850408905706,-2.1637788449879736e-08,0.000148942,301.045,293.075,317.574,0.0,148942,1,926,92600000,92600000,92600000,0,301045,1,926,92600000,92600000,92600000,0,293075,1,926,92600000,92600000,92600000,0,317574,1,926,92600000,92600000,92600000,0,0,1,926,92600000,92600000,92600000,0,1.0,0.523923,0.65,1.0,0.523923,0.65,1.0,0.523923,0.65,926,92900000,False,1.0,5000.0,300.0,500.0,600000000000.0,100000000000.0,,925
1,dropped_command,thermal_loop,932,controller_tick,92700000,92.7,1,0,92700000,927,92700000,RUNNING,,0,0,62,1,0,reconstructed_from_retained_wire,True,,,317.5743953920191,301.0445195035772,293.07480214260994,0.5237919301802721,0.6500000000000006,459500.0000000027,463278.9940822875,0.0001489460575658467,18561.827386434103,-2.2166204871609807e-08,0.000148946,301.045,293.075,317.574,0.0,148946,1,927,92700000,92700000,92700000,0,301045,1,927,92700000,92700000,92700000,0,293075,1,927,92700000,92700000,92700000,0,317574,1,927,92700000,92700000,92700000,0,0,1,927,92700000,92700000,92700000,0,1.0,0.523936,0.65,1.0,0.523936,0.65,1.0,0.523936,0.65,927,93000000,False,1.0,5000.0,300.0,500.0,600000000000.0,100000000000.0,,926
1,dropped_command,thermal_loop,933,controller_tick,92800000,92.8,1,0,92800000,928,92800000,RUNNING,,0,0,62,1,0,reconstructed_from_retained_wire,True,,,317.5748050968383,301.0444844667006,293.0747986214549,0.5238056402362995,0.6500000000000006,460000.0000000026,463775.23409766797,0.00014894995617267248,18562.799096799543,-2.205024429713376e-08,0.00014895,301.044,293.075,317.575,0.0,148950,1,928,92800000,92800000,92800000,0,301044,1,928,92800000,92800000,92800000,0,293075,1,928,92800000,92800000,92800000,0,317575,1,928,92800000,92800000,92800000,0,0,1,928,92800000,92800000,92800000,0,1.0,0.523949,0.65,1.0,0.523949,0.65,1.0,0.523949,0.65,928,93100000,False,1.0,5000.0,300.0,500.0,600000000000.0,100000000000.0,,927
1,dropped_command,thermal_loop,934,controller_tick,92900000,92.9,1,0,92900000,929,92900000,RUNNING,,0,0,62,1,0,reconstructed_from_retained_wire,True,,,317.5752134698504,301.04444971023804,293.074795987671,0.5238192827215621,0.6500000000000006,460500.0000000026,464271.47395922366,0.0001489538355650002,18563.76604328313,-2.2612312022829428e-08,0.000148954,301.044,293.075,317.575,0.0,148954,1,929,92900000,92900000,92900000,0,301044,1,929,92900000,92900000,92900000,0,293075,1,929,92900000,92900000,92900000,0,317575,1,929,92900000,92900000,92900000,0,0,1,929,92900000,92900000,92900000,0,1.0,0.523962,0.65,1.0,0.523962,0.65,1.0,0.523962,0.65,929,93200000,False,1.0,5000.0,300.0,500.0,600000000000.0,100000000000.0,,928
1,dropped_command,thermal_loop,935,controller_tick,93000000,93.0,1,0,93000000,930,93000000,RUNNING,,0,0,62,1,0,reconstructed_from_retained_wire,True,,,317.5756205158939,301.0444152401554,293.0747942299073,0.5238328640662682,0.6500000000000006,461000.0000000026,464767.71371103666,0.00014895769757133107,18564.728681286084,-2.230581230833195e-08,0.000148958,301.044,293.075,317.576,0.0,148958,1,930,93000000,93000000,93000000,0,301044,1,930,93000000,93000000,93000000,0,293075,1,930,93000000,93000000,93000000,0,317576,1,930,93000000,93000000,93000000,0,0,1,930,93000000,93000000,93000000,0,1.0,0.523975,0.65,1.0,0.523975,0.65,1.0,0.523975,0.65,930,93300000,False,1.0,5000.0,300.0,500.0,600000000000.0,100000000000.0,,929
1,dropped_command,thermal_loop,936,controller_tick,93100000,93.1,1,0,93100000,931,93100000,RUNNING,,0,0,62,1,0,reconstructed_from_retained_wire,True,,,317.57602623980944,301.0443810615993,293.0747933374011,0.523846390088711,0.6500000000000006,461500.0000000026,465263.9533966366,0.00014896154384616146,18565.68742288465,-2.325123205082491e-08,0.000148962,301.044,293.075,317.576,0.0,148962,1,931,93100000,93100000,93100000,0,301044,1,931,93100000,93100000,93100000,0,293075,1,931,93100000,93100000,93100000,0,317576,1,931,93100000,93100000,93100000,0,0,1,931,93100000,93100000,93100000,0,1.0,0.523987,0.65,1.0,0.523987,0.65,1.0,0.523987,0.65,931,93400000,False,1.0,5000.0,300.0,500.0,600000000000.0,100000000000.0,,930
1,dropped_command,thermal_loop,937,controller_tick,93200000,93.2,1,0,93200000,932,93200000,RUNNING,,0,0,62,1,0,reconstructed_from_retained_wire,True,,,317.57643064644316,301.044347184428,293.07479329629143,0.5238597708909182,0.6500000000000006,462000.0000000026,465760.19305896736,0.0001489653488260036,18566.635895447354,-2.3029770090943202e-08,0.000148965,301.044,293.075,317.576,0.0,148965,1,932,93200000,93200000,93200000,0,301044,1,932,93200000,93200000,93200000,0,293075,1,932,93200000,93200000,93200000,0,317576,1,932,93200000,93200000,93200000,0,0,1,932,93200000,93200000,93200000,0,1.0,0.524002,0.65,1.0,0.524002,0.65,1.0,0.524002,0.65,932,93500000,False,1.0,5000.0,300.0,500.0,600000000000.0,100000000000.0,,931
1,dropped_command,thermal_loop,938,controller_tick,93300000,93.3,1,0,93300000,933,93300000,RUNNING,,0,0,62,1,0,reconstructed_from_retained_wire,True,,,317.57683374064845,301.04431360611403,293.07479410101666,0.5238733057801679,0.6500000000000006,462500.00000000256,466256.43274036545,0.0001489691976222091,18567.595314822214,-2.209753802162595e-08,0.000148969,301.044,293.075,317.577,0.0,148969,1,933,93300000,93300000,93300000,0,301044,1,933,93300000,93300000,93300000,0,293075,1,933,93300000,93300000,93300000,0,317577,1,933,93300000,93300000,93300000,0,0,1,933,93300000,93300000,93300000,0,1.0,0.524015,0.65,1.0,0.524015,0.65,1.0,0.524015,0.65,933,93600000,False,1.0,5000.0,300.0,500.0,600000000000.0,100000000000.0,,932
1,dropped_command,thermal_loop,939,controller_tick,93400000,93.4,1,0,93400000,934,93400000,RUNNING,,0,0,62,1,0,reconstructed_from_retained_wire,True,,,317.57723552723513,301.04428031938113,293.07479574921905,0.5238867897679755,0.6500000000000006,463000.00000000256,466752.67248312826,0.0001489730319440237,18568.55115070146,-2.1634150471072644e-08,0.000148973,301.044,293.075,317.577,0.0,148973,1,934,93400000,93400000,93400000,0,301044,1,934,93400000,93400000,93400000,0,293075,1,934,93400000,93400000,93400000,0,317577,1,934,93400000,93400000,93400000,0,0,1,934,93400000,93400000,93400000,0,1.0,0.524027,0.65,1.0,0.524027,0.65,1.0,0.524027,0.65,934,93700000,False,1.0,5000.0,300.0,500.0,600000000000.0,100000000000.0,,933
1,dropped_command,thermal_loop,940,controller_tick,93500000,93.5,1,0,93500000,935,93500000,RUNNING,,0,0,62,1,0,reconstructed_from_retained_wire,True,,,317.577636011005,301.0442473335058,293.0747982275463,0.5239001325356718,0.6500000000000006,463500.0000000025,467248.91232912353,0.00014897682610832993,18569.497000164818,-2.20488800550811e-08,0.000148977,301.044,293.075,317.578,0.0,148977,1,935,93500000,93500000,93500000,0,301044,1,935,93500000,93500000,93500000,0,293075,1,935,93500000,93500000,93500000,0,317578,1,935,93500000,93500000,93500000,0,0,1,935,93500000,93500000,93500000,0,1.0,0.52404,0.65,1.0,0.52404,0.65,1.0,0.52404,0.65,935,93800000,False,1.0,5000.0,300.0,500.0,600000000000.0,100000000000.0,,934
1,dropped_command,thermal_loop,941,controller_tick,93600000,93.6,1,0,93600000,936,93600000,RUNNING,,0,0,62,1,0,reconstructed_from_retained_wire,True,,,317.57803519677674,301.044214656338,293.07480152363996,0.5239134426847091,0.6500000000000006,464000.0000000025,467745.15231951367,0.0001489806109971579,18570.440561339798,-2.242677510366775e-08,0.000148981,301.044,293.075,317.578,0.0,148981,1,936,93600000,93600000,93600000,0,301044,1,936,93600000,93600000,93600000,0,293075,1,936,93600000,93600000,93600000,0,317578,1,936,93600000,93600000,93600000,0,0,1,936,93600000,93600000,93600000,0,1.0,0.524052,0.65,1.0,0.524052,0.65,1.0,0.524052,0.65,936,93900000,False,1.0,5000.0,300.0,500.0,600000000000.0,100000000000.0,,935
1,dropped_command,thermal_loop,942,controller_tick,93700000,93.7,1,0,93700000,937,93700000,RUNNING,,0,0,62,1,0,reconstructed_from_retained_wire,True,,,317.5784330893711,301.04418229485634,293.07480562576393,0.5239266281565812,0.6500000000000006,464500.0000000025,468241.3924949221,0.0001489843604326481,18571.37530774237,-2.233309714938514e-08,0.000148984,301.044,293.075,317.578,0.0,148984,1,937,93700000,93700000,93700000,0,301044,1,937,93700000,93700000,93700000,0,293075,1,937,93700000,93700000,93700000,0,317578,1,937,93700000,93700000,93700000,0,0,1,937,93700000,93700000,93700000,0,1.0,0.524066,0.65,1.0,0.524066,0.65,1.0,0.524066,0.65,937,94000000,False,1.0,5000.0,300.0,500.0,600000000000.0,100000000000.0,,936
1,dropped_command,thermal_loop,943,controller_tick,93800000,93.8,1,0,93800000,938,93800000,RUNNING,,0,0,62,1,0,reconstructed_from_retained_wire,True,,,317.57882969361384,301.0441502493841,293.07481052666014,0.5239398911410532,0.6500000000000006,465000.00000000244,468737.63289540494,0.00014898813190970768,18572.315572912088,-2.180968294851482e-08,0.000148988,301.044,293.075,317.579,0.0,148988,1,938,93800000,93800000,93800000,0,301044,1,938,93800000,93800000,93800000,0,293075,1,938,93800000,93800000,93800000,0,317579,1,938,93800000,93800000,93800000,0,0,1,938,93800000,93800000,93800000,0,1.0,0.524079,0.65,1.0,0.524079,0.65,1.0,0.524079,0.65,938,94100000,False,1.0,5000.0,300.0,500.0,600000000000.0,100000000000.0,,937
1,dropped_command,thermal_loop,944,controller_tick,93900000,93.9,1,0,93900000,939,93900000,RUNNING,,0,0,62,1,0,reconstructed_from_retained_wire,True,,,317.5792250143002,301.04411851493523,293.0748162226484,0.5239531290992437,0.6500000000000006,465500.00000000244,469233.873560841,0.00014899189627026591,18573.254087605008,-2.1572304831352085e-08,0.000148992,301.044,293.075,317.579,0.0,148992,1,939,93900000,93900000,93900000,0,301044,1,939,93900000,93900000,93900000,0,293075,1,939,93900000,93900000,93900000,0,317579,1,939,93900000,93900000,93900000,0,0,1,939,93900000,93900000,93900000,0,1.0,0.524091,0.65,1.0,0.524091,0.65,1.0,0.524091,0.65,939,94200000,False,1.0,5000.0,300.0,500.0,600000000000.0,100000000000.0,,938
1,dropped_command,thermal_loop,945,controller_tick,94000000,94.0,1,0,94000000,940,94000000,RUNNING,,0,0,62,1,0,reconstructed_from_retained_wire,True,,,317.57961905621335,301.04408709753574,293.0748227027465,0.5239662492501366,0.6500000000000006,466000.00000000244,469730.1145307391,0.00014899562713100958,18574.184273660492,-2.2142103262012824e-08,0.000148996,301.044,293.075,317.58,0.0,148996,1,940,94000000,94000000,94000000,0,301044,1,940,94000000,94000000,94000000,0,293075,1,940,94000000,94000000,94000000,0,317580,1,940,94000000,94000000,94000000,0,0,1,940,94000000,94000000,94000000,0,1.0,0.524103,0.65,1.0,0.524103,0.65,1.0,0.524103,0.65,940,94300000,False,1.0,5000.0,300.0,500.0,600000000000.0,100000000000.0,,939
1,dropped_command,thermal_loop,946,controller_tick,94100000,94.1,1,0,94100000,941,94100000,RUNNING,,0,0,62,1,0,reconstructed_from_retained_wire,True,,,317.5800118241494,301.04405600755314,293.0748299531195,0.5239792628045783,0.6500000000000006,466500.00000000244,470226.3558439544,0.00014899932767986748,18575.106925301923,-2.3351276468019933e-08,0.000148999,301.044,293.075,317.58,0.0,148999,1,941,94100000,94100000,94100000,0,301044,1,941,94100000,94100000,94100000,0,293075,1,941,94100000,94100000,94100000,0,317580,1,941,94100000,94100000,94100000,0,0,1,941,94100000,94100000,94100000,0,1.0,0.524117,0.65,1.0,0.524117,0.65,1.0,0.524117,0.65,941,94400000,False,1.0,5000.0,300.0,500.0,600000000000.0,100000000000.0,,940
1,dropped_command,thermal_loop,947,controller_tick,94200000,94.2,1,0,94200000,942,94200000,RUNNING,,0,0,62,1,0,reconstructed_from_retained_wire,True,,,317.5804033229082,301.04402524305414,293.0748379681737,0.5239923702317263,0.6500000000000006,467000.00000000244,470722.59753879777,0.00014900305492247288,18576.036255614465,-2.3725533537799492e-08,0.000149003,301.044,293.075,317.58,0.0,149003,1,942,94200000,94200000,94200000,0,301044,1,942,94200000,94200000,94200000,0,293075,1,942,94200000,94200000,94200000,0,317580,1,942,94200000,94200000,94200000,0,0,1,942,94200000,94200000,94200000,0,1.0,0.524129,0.65,1.0,0.524129,0.65,1.0,0.524129,0.65,942,94500000,False,1.0,5000.0,300.0,500.0,600000000000.0,100000000000.0,,941
1,dropped_command,thermal_loop,948,controller_tick,94300000,94.3,1,0,94300000,943,94300000,RUNNING,,0,0,62,1,0,reconstructed_from_retained_wire,True,,,317.5807935572585,301.04399480246866,293.0748467421106,0.5240053722732475,0.6500000000000006,467500.0000000024,471218.8396534207,0.00014900675219750389,18576.958136943136,-2.3425400286214426e-08,0.000149007,301.044,293.075,317.581,0.0,149007,1,943,94300000,94300000,94300000,0,301044,1,943,94300000,94300000,94300000,0,293075,1,943,94300000,94300000,94300000,0,317581,1,943,94300000,94300000,94300000,0,0,1,943,94300000,94300000,94300000,0,1.0,0.524141,0.65,1.0,0.524141,0.65,1.0,0.524141,0.65,943,94600000,False,1.0,5000.0,300.0,500.0,600000000000.0,100000000000.0,,942
1,dropped_command,thermal_loop,949,controller_tick,94400000,94.4,1,0,94400000,944,94400000,RUNNING,,0,0,62,1,0,reconstructed_from_retained_wire,True,,,317.5811825319717,301.04396469462614,293.07485626223865,0.5240182789579103,0.6500000000000006,468000.0000000023,471715.08222544624,0.00014901042235675223,18577.87327982596,-2.3551365302409977e-08,0.00014901,301.044,293.075,317.581,0.0,149010,1,944,94400000,94400000,94400000,0,301044,1,944,94400000,94400000,94400000,0,293075,1,944,94400000,94400000,94400000,0,317581,1,944,94400000,94400000,94400000,0,0,1,944,94400000,94400000,94400000,0,1.0,0.524155,0.65,1.0,0.524155,0.65,1.0,0.524155,0.65,944,94700000,False,1.0,5000.0,300.0,500.0,600000000000.0,100000000000.0,,943
1,dropped_command,thermal_loop,950,controller_tick,94500000,94.5,1,0,94500000,945,94500000,RUNNING,,0,0,62,1,0,reconstructed_from_retained_wire,True,,,317.58157025181845,301.04393491620664,293.0748665240056,0.5240312896852836,0.6500000000000006,468500.0000000023,472211.3252920074,0.00014901412210170182,18578.795822625798,-2.4678229237906635e-08,0.000149014,301.044,293.075,317.582,0.0,149014,1,945,94500000,94500000,94500000,0,301044,1,945,94500000,94500000,94500000,0,293075,1,945,94500000,94500000,94500000,0,317582,1,945,94500000,94500000,94500000,0,0,1,945,94500000,94500000,94500000,0,1.0,0.524166,0.65,1.0,0.524166,0.65,1.0,0.524166,0.65,945,94800000,False,1.0,5000.0,300.0,500.0,600000000000.0,100000000000.0,,944
1,dropped_command,thermal_loop,951,controller_tick,94600000,94.6,1,0,94600000,946,94600000,RUNNING,,0,0,62,1,0,reconstructed_from_retained_wire,True,,,317.5819567215401,301.0439054698427,293.07487751892796,0.5240441090666483,0.6500000000000006,469000.0000000023,472707.56889006647,0.00014901776743528696,18579.704820186813,-2.50556695391424e-08,0.000149018,301.044,293.075,317.582,0.0,149018,1,946,94600000,94600000,94600000,0,301044,1,946,94600000,94600000,94600000,0,293075,1,946,94600000,94600000,94600000,0,317582,1,946,94600000,94600000,94600000,0,0,1,946,94600000,94600000,94600000,0,1.0,0.524178,0.65,1.0,0.524178,0.65,1.0,0.524178,0.65,946,94900000,False,1.0,5000.0,300.0,500.0,600000000000.0,100000000000.0,,945
1,dropped_command,thermal_loop,952,controller_tick,94700000,94.7,1,0,94700000,947,94700000,RUNNING,,0,0,62,1,0,reconstructed_from_retained_wire,True,,,317.5823419458979,301.04387636787783,293.0748892320893,0.5240568504735668,0.6500000000000006,469500.0000000023,473203.8130558719,0.00014902139059597155,18580.608310764583,-2.506203600205481e-08,0.000149021,301.044,293.075,317.582,0.0,149021,1,947,94700000,94700000,94700000,0,301044,1,947,94700000,94700000,94700000,0,293075,1,947,94700000,94700000,94700000,0,317582,1,947,94700000,94700000,94700000,0,0,1,947,94700000,94700000,94700000,0,1.0,0.524192,0.65,1.0,0.524192,0.65,1.0,0.524192,0.65,947,95000000,False,1.0,5000.0,300.0,500.0,600000000000.0,100000000000.0,,946
1,dropped_command,thermal_loop,953,controller_tick,94800000,94.8,1,0,94800000,948,94800000,RUNNING,,0,0,62,1,0,reconstructed_from_retained_wire,True,,,317.5827259296513,301.04384760485067,293.07490166048217,0.5240697116514526,0.6500000000000006,470000.0000000023,473700.0578251982,0.00014902504781486205,18581.520316554896,-2.48642209044192e-08,0.000149025,301.044,293.075,317.583,0.0,149025,1,948,94800000,94800000,94800000,0,301044,1,948,94800000,94800000,94800000,0,293075,1,948,94800000,94800000,94800000,0,317583,1,948,94800000,94800000,94800000,0,0,1,948,94800000,94800000,94800000,0,1.0,0.524203,0.65,1.0,0.524203,0.65,1.0,0.524203,0.65,948,95100000,False,1.0,5000.0,300.0,500.0,600000000000.0,100000000000.0,,947
1,dropped_command,thermal_loop,954,controller_tick,94900000,94.9,1,0,94900000,949,94900000,RUNNING,,0,0,62,1,0,reconstructed_from_retained_wire,True,,,317.58310867752454,301.04381918146356,293.07491479702594,0.5240823957148452,0.6500000000000006,470500.0000000023,474196.3032337231,0.0001490286546692777,18582.41978480723,-2.499655238352716e-08,0.000149029,301.044,293.075,317.583,0.0,149029,1,949,94900000,94900000,94900000,0,301044,1,949,94900000,94900000,94900000,0,293075,1,949,94900000,94900000,94900000,0,317583,1,949,94900000,94900000,94900000,0,0,1,949,94900000,94900000,94900000,0,1.0,0.524214,0.65,1.0,0.524214,0.65,1.0,0.524214,0.65,949,95200000,False,1.0,5000.0,300.0,500.0,600000000000.0,100000000000.0,,948
1,dropped_command,thermal_loop,955,controller_tick,95000000,95.0,1,0,95000000,950,95000000,RUNNING,,0,0,62,1,0,reconstructed_from_retained_wire,True,,,317.5834901942617,301.04379111377295,293.0749286244445,0.5240949195184171,0.6500000000000006,471000.00000000227,474692.5493164159,0.00014903221595203195,18583.307909872383,-2.523165676393546e-08,0.000149032,301.044,293.075,317.583,0.0,149032,1,950,95000000,95000000,95000000,0,301044,1,950,95000000,95000000,95000000,0,293075,1,950,95000000,95000000,95000000,0,317583,1,950,95000000,95000000,95000000,0,0,1,950,95000000,95000000,95000000,0,1.0,0.524228,0.65,1.0,0.524228,0.65,1.0,0.524228,0.65,950,95300000,False,1.0,5000.0,300.0,500.0,600000000000.0,100000000000.0,,949
1,dropped_command,thermal_loop,956,controller_tick,95100000,95.1,1,0,95100000,951,95100000,RUNNING,,0,0,62,1,0,reconstructed_from_retained_wire,True,,,317.58387048462106,301.04376339939165,293.07494313779756,0.5241075838006526,0.6500000000000006,471500.00000000227,475188.79610760213,0.00014903581718145567,18584.2060185581,-2.5715962692629546e-08,0.000149036,301.044,293.075,317.584,0.0,149036,1,951,95100000,95100000,95100000,0,301044,1,951,95100000,95100000,95100000,0,293075,1,951,95100000,95100000,95100000,0,317584,1,951,95100000,95100000,95100000,0,0,1,951,95100000,95100000,95100000,0,1.0,0.524239,0.65,1.0,0.524239,0.65,1.0,0.524239,0.65,951,95400000,False,1.0,5000.0,300.0,500.0,600000000000.0,100000000000.0,,950
1,dropped_command,thermal_loop,957,controller_tick,95200000,95.2,1,0,95200000,952,95200000,RUNNING,,0,0,62,1,0,reconstructed_from_retained_wire,True,,,317.5842495533234,301.0437360364849,293.0749583318118,0.5241200897054935,0.6500000000000006,472000.00000000227,475685.0436415406,0.0001490393733745068,18585.0929169432,-2.590832082205452e-08,0.000149039,301.044,293.075,317.584,0.0,149039,1,952,95200000,95200000,95200000,0,301044,1,952,95200000,95200000,95200000,0,293075,1,952,95200000,95200000,95200000,0,317584,1,952,95200000,95200000,95200000,0,0,1,952,95200000,95200000,95200000,0,1.0,0.524252,0.65,1.0,0.524252,0.65,1.0,0.524252,0.65,952,95500000,False,1.0,5000.0,300.0,500.0,600000000000.0,100000000000.0,,951
1,dropped_command,thermal_loop,958,controller_tick,95300000,95.3,1,0,95300000,953,95300000,RUNNING,,0,0,62,1,0,reconstructed_from_retained_wire,True,,,317.5846274050911,301.0437090279206,293.0749741981172,0.5241326426297056,0.6500000000000006,472500.0000000022,476181.29195199,0.0001490429429380388,18585.983171147273,-2.664910425664857e-08,0.000149043,301.044,293.075,317.585,0.0,149043,1,953,95300000,95300000,95300000,0,301044,1,953,95300000,95300000,95300000,0,293075,1,953,95300000,95300000,95300000,0,317585,1,953,95300000,95300000,95300000,0,0,1,953,95300000,95300000,95300000,0,1.0,0.524263,0.65,1.0,0.524263,0.65,1.0,0.524263,0.65,953,95600000,False,1.0,5000.0,300.0,500.0,600000000000.0,100000000000.0,,952
1,dropped_command,thermal_loop,959,controller_tick,95400000,95.4,1,0,95400000,954,95400000,RUNNING,,0,0,62,1,0,reconstructed_from_retained_wire,True,,,317.5850040446295,301.0436823763296,293.0749907285387,0.52414504777364,0.6500000000000006,473000.00000000215,476677.5410724215,0.00014904647047860614,18586.86296571113,-2.6557245291769505e-08,0.000149046,301.044,293.075,317.585,0.0,149046,1,954,95400000,95400000,95400000,0,301044,1,954,95400000,95400000,95400000,0,293075,1,954,95400000,95400000,95400000,0,317585,1,954,95400000,95400000,95400000,0,0,1,954,95400000,95400000,95400000,0,1.0,0.524277,0.65,1.0,0.524277,0.65,1.0,0.524277,0.65,954,95700000,False,1.0,5000.0,300.0,500.0,600000000000.0,100000000000.0,,953
1,dropped_command,thermal_loop,960,controller_tick,95500000,95.5,1,0,95500000,955,95500000,RUNNING,,0,0,62,1,0,reconstructed_from_retained_wire,True,,,317.5853794766417,301.0436560778466,293.07500791926964,0.5241576046881955,0.6500000000000006,473500.0000000021,477173.79103585135,0.00014905004117683662,18587.753545319985,-2.6454472390469164e-08,0.00014905,301.044,293.075,317.585,0.0,149050,1,955,95500000,95500000,95500000,0,301044,1,955,95500000,95500000,95500000,0,293075,1,955,95500000,95500000,95500000,0,317585,1,955,95500000,95500000,95500000,0,0,1,955,95500000,95500000,95500000,0,1.0,0.524288,0.65,1.0,0.524288,0.65,1.0,0.524288,0.65,955,95800000,False,1.0,5000.0,300.0,500.0,600000000000.0,100000000000.0,,954
1,dropped_command,thermal_loop,961,controller_tick,95600000,95.6,1,0,95600000,956,95600000,RUNNING,,0,0,62,1,0,reconstructed_from_retained_wire,True,,,317.58575370578944,301.0436301293099,293.07502576606845,0.524170013442742,0.6500000000000006,474000.0000000021,477670.0418752834,0.00014905356974412168,18588.633637870138,-2.6765519578475505e-08,0.000149054,301.044,293.075,317.586,0.0,149054,1,956,95600000,95600000,95600000,0,301044,1,956,95600000,95600000,95600000,0,293075,1,956,95600000,95600000,95600000,0,317586,1,956,95600000,95600000,95600000,0,0,1,956,95600000,95600000,95600000,0,1.0,0.524298,0.65,1.0,0.524298,0.65,1.0,0.524298,0.65,956,95900000,False,1.0,5000.0,300.0,500.0,600000000000.0,100000000000.0,,955
1,dropped_command,thermal_loop,962,controller_tick,95700000,95.7,1,0,95700000,957,95700000,RUNNING,,0,0,62,1,0,reconstructed_from_retained_wire,True,,,317.58612673674895,301.04360454875143,293.0750442506035,0.5241821929739866,0.6500000000000006,474500.00000000204,478166.2936230872,0.00014905703312921288,18589.49749298847,-2.6948328013531864e-08,0.000149057,301.044,293.075,317.586,0.0,149057,1,957,95700000,95700000,95700000,0,301044,1,957,95700000,95700000,95700000,0,293075,1,957,95700000,95700000,95700000,0,317586,1,957,95700000,95700000,95700000,0,0,1,957,95700000,95700000,95700000,0,1.0,0.524311,0.65,1.0,0.524311,0.65,1.0,0.524311,0.65,957,96000000,False,1.0,5000.0,300.0,500.0,600000000000.0,100000000000.0,,956
1,dropped_command,thermal_loop,963,controller_tick,95800000,95.8,1,0,95800000,958,95800000,RUNNING,,0,0,62,1,0,reconstructed_from_retained_wire,True,,,317.58649857422733,301.0435793407506,293.07506336355175,0.5241944505831563,0.6500000000000006,475000.000000002,478662.5463108192,0.00014906051871662996,18590.36690618939,-2.7036548999603838e-08,0.000149061,301.044,293.075,317.586,0.0,149061,1,958,95800000,95800000,95800000,0,301044,1,958,95800000,95800000,95800000,0,293075,1,958,95800000,95800000,95800000,0,317586,1,958,95800000,95800000,95800000,0,0,1,958,95800000,95800000,95800000,0,1.0,0.524322,0.65,1.0,0.524322,0.65,1.0,0.524322,0.65,958,96100000,False,1.0,5000.0,300.0,500.0,600000000000.0,100000000000.0,,957
1,dropped_command,thermal_loop,964,controller_tick,95900000,95.9,1,0,95900000,959,95900000,RUNNING,,0,0,62,1,0,reconstructed_from_retained_wire,True,,,317.5868692229083,301.0435545041774,293.0750830994318,0.5242065885149904,0.6500000000000006,475500.0000000019,479158.7999698252,0.00014906397027246638,18591.227850896146,-2.725482772802934e-08,0.000149064,301.044,293.075,317.587,0.0,149064,1,959,95900000,95900000,95900000,0,301044,1,959,95900000,95900000,95900000,0,293075,1,959,95900000,95900000,95900000,0,317587,1,959,95900000,95900000,95900000,0,0,1,959,95900000,95900000,95900000,0,1.0,0.524335,0.65,1.0,0.524335,0.65,1.0,0.524335,0.65,959,96200000,False,1.0,5000.0,300.0,500.0,600000000000.0,100000000000.0,,958
1,dropped_command,thermal_loop,965,controller_tick,96000000,96.0,1,0,96000000,960,96000000,RUNNING,,0,0,62,1,0,reconstructed_from_retained_wire,True,,,317.5872386874685,301.0435300372338,293.0751034532443,0.5242188084834569,0.6500000000000006,476000.0000000019,479655.0546310632,0.00014906744515633114,18592.09463460721,-2.7194801077712327e-08,0.000149067,301.044,293.075,317.587,0.0,149067,1,960,96000000,96000000,96000000,0,301044,1,960,96000000,96000000,96000000,0,293075,1,960,96000000,96000000,96000000,0,317587,1,960,96000000,96000000,96000000,0,0,1,960,96000000,96000000,96000000,0,1.0,0.524347,0.65,1.0,0.524347,0.65,1.0,0.524347,0.65,960,96300000,False,1.0,5000.0,300.0,500.0,600000000000.0,100000000000.0,,959
1,dropped_command,thermal_loop,966,controller_tick,96100000,96.1,1,0,96100000,961,96100000,RUNNING,,0,0,62,1,0,reconstructed_from_retained_wire,True,,,317.5876069725488,301.0435059329033,293.0751244235025,0.5242310075191563,0.6500000000000006,476500.00000000186,480151.31032542506,0.00014907091408773086,18592.95995367431,-2.759679773589596e-08,0.000149071,301.044,293.075,317.588,0.0,149071,1,961,96100000,96100000,96100000,0,301044,1,961,96100000,96100000,96100000,0,293075,1,961,96100000,96100000,96100000,0,317588,1,961,96100000,96100000,96100000,0,0,1,961,96100000,96100000,96100000,0,1.0,0.524358,0.65,1.0,0.524358,0.65,1.0,0.524358,0.65,961,96400000,False,1.0,5000.0,300.0,500.0,600000000000.0,100000000000.0,,960
1,dropped_command,thermal_loop,967,controller_tick,96200000,96.2,1,0,96200000,962,96200000,RUNNING,,0,0,62,1,0,reconstructed_from_retained_wire,True,,,317.58797408277206,301.0434821952639,293.0751460013587,0.5242430924515226,0.6500000000000006,477000.00000000186,480647.5670835408,0.00014907435057257953,18593.817198859026,-2.8131125873187557e-08,0.000149074,301.043,293.075,317.588,0.0,149074,1,962,96200000,96200000,96200000,0,301043,1,962,96200000,96200000,96200000,0,293075,1,962,96200000,96200000,96200000,0,317588,1,962,96200000,96200000,96200000,0,0,1,962,96200000,96200000,96200000,0,1.0,0.524371,0.65,1.0,0.524371,0.65,1.0,0.524371,0.65,962,96500000,False,1.0,5000.0,300.0,500.0,600000000000.0,100000000000.0,,961
1,dropped_command,thermal_loop,968,controller_tick,96300000,96.3,1,0,96300000,963,96300000,RUNNING,,0,0,62,1,0,reconstructed_from_retained_wire,True,,,317.5883400227581,301.0434588219102,293.0751681823238,0.5242552644640875,0.6500000000000006,477500.00000000186,481143.82493561466,0.0001490778118196506,18594.680641056973,-2.8604517865460366e-08,0.000149078,301.043,293.075,317.588,0.0,149078,1,963,96300000,96300000,96300000,0,301043,1,963,96300000,96300000,96300000,0,293075,1,963,96300000,96300000,96300000,0,317588,1,963,96300000,96300000,96300000,0,0,1,963,96300000,96300000,96300000,0,1.0,0.524381,0.65,1.0,0.524381,0.65,1.0,0.524381,0.65,963,96600000,False,1.0,5000.0,300.0,500.0,600000000000.0,100000000000.0,,962
1,dropped_command,thermal_loop,969,controller_tick,96400000,96.4,1,0,96400000,964,96400000,RUNNING,,0,0,62,1,0,reconstructed_from_retained_wire,True,,,317.5887047971002,301.04343581618764,293.075190958109,0.5242672297823288,0.6500000000000006,478000.00000000186,481640.08391168696,0.0001490812142908932,18595.52944058482,-2.9398506740108132e-08,0.000149081,301.043,293.075,317.589,0.0,149081,1,964,96400000,96400000,96400000,0,301043,1,964,96400000,96400000,96400000,0,293075,1,964,96400000,96400000,96400000,0,317589,1,964,96400000,96400000,96400000,0,0,1,964,96400000,96400000,96400000,0,1.0,0.524393,0.65,1.0,0.524393,0.65,1.0,0.524393,0.65,964,96700000,False,1.0,5000.0,300.0,500.0,600000000000.0,100000000000.0,,963
1,dropped_command,thermal_loop,970,controller_tick,96500000,96.5,1,0,96500000,965,96500000,RUNNING,,0,0,62,1,0,reconstructed_from_retained_wire,True,,,317.5890684104085,301.0434131855209,293.0752143177437,0.5242791984009757,0.6500000000000006,478500.00000000186,482136.3440411578,0.00014908461770064287,18596.37849361823,-3.0157025321386755e-08,0.000149085,301.043,293.075,317.589,0.0,149085,1,965,96500000,96500000,96500000,0,301043,1,965,96500000,96500000,96500000,0,293075,1,965,96500000,96500000,96500000,0,317589,1,965,96500000,96500000,96500000,0,0,1,965,96500000,96500000,96500000,0,1.0,0.524404,0.65,1.0,0.524404,0.65,1.0,0.524404,0.65,965,96800000,False,1.0,5000.0,300.0,500.0,600000000000.0,100000000000.0,,964
1,dropped_command,thermal_loop,971,controller_tick,96600000,96.6,1,0,96600000,966,96600000,RUNNING,,0,0,62,1,0,reconstructed_from_retained_wire,True,,,317.58943086728345,301.0433909310852,293.07523825445907,0.5242910748433713,0.6500000000000006,479000.00000000186,482632.6053530802,0.0001490879948990509,18597.22102683399,-3.007244231412187e-08,0.000149088,301.043,293.075,317.589,0.0,149088,1,966,96600000,96600000,96600000,0,301043,1,966,96600000,96600000,96600000,0,293075,1,966,96600000,96600000,96600000,0,317589,1,966,96600000,96600000,96600000,0,0,1,966,96600000,96600000,96600000,0,1.0,0.524416,0.65,1.0,0.524416,0.65,1.0,0.524416,0.65,966,96900000,False,1.0,5000.0,300.0,500.0,600000000000.0,100000000000.0,,965
1,dropped_command,thermal_loop,972,controller_tick,96700000,96.7,1,0,96700000,967,96700000,RUNNING,,0,0,62,1,0,reconstructed_from_retained_wire,True,,,317.5897921723197,301.0433690533174,293.07526276201384,0.5243029630438276,0.6500000000000006,479500.00000000186,483128.8678761192,0.00014909137544099417,18598.064413298736,-3.0662249628221616e-08,0.000149091,301.043,293.075,317.59,0.0,149091,1,967,96700000,96700000,96700000,0,301043,1,967,96700000,96700000,96700000,0,293075,1,967,96700000,96700000,96700000,0,317590,1,967,96700000,96700000,96700000,0,0,1,967,96700000,96700000,96700000,0,1.0,0.524428,0.65,1.0,0.524428,0.65,1.0,0.524428,0.65,967,97000000,False,1.0,5000.0,300.0,500.0,600000000000.0,100000000000.0,,966
1,dropped_command,thermal_loop,973,controller_tick,96800000,96.8,1,0,96800000,968,96800000,RUNNING,,0,0,62,1,0,reconstructed_from_retained_wire,True,,,317.59015233008796,301.04334754695645,293.0752878379992,0.5243148618834171,0.6500000000000006,480000.00000000186,483625.13163875695,0.0001490947590082932,18598.908573686265,-3.100649337284267e-08,0.000149095,301.043,293.075,317.59,0.0,149095,1,968,96800000,96800000,96800000,0,301043,1,968,96800000,96800000,96800000,0,293075,1,968,96800000,96800000,96800000,0,317590,1,968,96800000,96800000,96800000,0,0,1,968,96800000,96800000,96800000,0,1.0,0.524438,0.65,1.0,0.524438,0.65,1.0,0.524438,0.65,968,97100000,False,1.0,5000.0,300.0,500.0,600000000000.0,100000000000.0,,967
1,dropped_command,thermal_loop,974,controller_tick,96900000,96.9,1,0,96900000,969,96900000,RUNNING,,0,0,62,1,0,reconstructed_from_retained_wire,True,,,317.5905113451408,301.0433264178191,293.0753134726551,0.5243265800245286,0.6500000000000006,480500.00000000186,484121.39666923066,0.00014909809119197147,18599.739933186065,-3.2074694900074974e-08,0.000149098,301.043,293.075,317.591,0.0,149098,1,969,96900000,96900000,96900000,0,301043,1,969,96900000,96900000,96900000,0,293075,1,969,96900000,96900000,96900000,0,317591,1,969,96900000,96900000,96900000,0,0,1,969,96900000,96900000,96900000,0,1.0,0.52445,0.65,1.0,0.52445,0.65,1.0,0.52445,0.65,969,97200000,False,1.0,5000.0,300.0,500.0,600000000000.0,100000000000.0,,968
1,dropped_command,thermal_loop,975,controller_tick,97000000,97.0,1,0,97000000,970,97000000,RUNNING,,0,0,62,1,0,reconstructed_from_retained_wire,True,,,317.5908692220436,301.04330567025977,293.07533965723314,0.5243383249880595,0.6500000000000006,481000.00000000186,484617.6629951894,0.00014910143100290286,18600.573214283035,-3.3121523301815614e-08,0.000149101,301.043,293.075,317.591,0.0,149101,1,970,97000000,97000000,97000000,0,301043,1,970,97000000,97000000,97000000,0,293075,1,970,97000000,97000000,97000000,0,317591,1,970,97000000,97000000,97000000,0,0,1,970,97000000,97000000,97000000,0,1.0,0.524462,0.65,1.0,0.524462,0.65,1.0,0.524462,0.65,970,97300000,False,1.0,5000.0,300.0,500.0,600000000000.0,100000000000.0,,969
1,dropped_command,thermal_loop,976,controller_tick,97100000,97.1,1,0,97100000,971,97100000,RUNNING,,0,0,62,1,0,reconstructed_from_retained_wire,True,,,317.5912259653381,301.04328529724717,293.07536639060856,0.5243500942215195,0.6500000000000006,481500.00000000186,485113.93064410216,0.00014910477771525832,18601.408236004994,-3.293916961411014e-08,0.000149105,301.043,293.075,317.591,0.0,149105,1,971,97100000,97100000,97100000,0,301043,1,971,97100000,97100000,97100000,0,293075,1,971,97100000,97100000,97100000,0,317591,1,971,97100000,97100000,97100000,0,0,1,971,97100000,97100000,97100000,0,1.0,0.524472,0.65,1.0,0.524472,0.65,1.0,0.524472,0.65,971,97400000,False,1.0,5000.0,300.0,500.0,600000000000.0,100000000000.0,,970
1,dropped_command,thermal_loop,977,controller_tick,97200000,97.2,1,0,97200000,972,97200000,RUNNING,,0,0,62,1,0,reconstructed_from_retained_wire,True,,,317.5915815795429,301.04326530300966,293.07539366418325,0.5243616950901553,0.6500000000000006,482000.00000000186,485610.19964325393,0.0001491080765512046,18602.231330662144,-3.205877874279395e-08,0.000149108,301.043,293.075,317.592,0.0,149108,1,972,97200000,97200000,97200000,0,301043,1,972,97200000,97200000,97200000,0,293075,1,972,97200000,97200000,97200000,0,317592,1,972,97200000,97200000,97200000,0,0,1,972,97200000,97200000,97200000,0,1.0,0.524484,0.65,1.0,0.524484,0.65,1.0,0.524484,0.65,972,97500000,False,1.0,5000.0,300.0,500.0,600000000000.0,100000000000.0,,971
1,dropped_command,thermal_loop,978,controller_tick,97300000,97.3,1,0,97300000,973,97300000,RUNNING,,0,0,62,1,0,reconstructed_from_retained_wire,True,,,317.591936069185,301.0432456904779,293.07542147025987,0.5243733339411623,0.6500000000000006,482500.0000000018,486106.4700193971,0.00014911138618786028,18603.057138510885,-3.260538505855948e-08,0.000149111,301.043,293.075,317.592,0.0,149111,1,973,97300000,97300000,97300000,0,301043,1,973,97300000,97300000,97300000,0,293075,1,973,97300000,97300000,97300000,0,317592,1,973,97300000,97300000,97300000,0,0,1,973,97300000,97300000,97300000,0,1.0,0.524496,0.65,1.0,0.524496,0.65,1.0,0.524496,0.65,973,97600000,False,1.0,5000.0,300.0,500.0,600000000000.0,100000000000.0,,972
1,dropped_command,thermal_loop,979,controller_tick,97400000,97.4,1,0,97400000,974,97400000,RUNNING,,0,0,62,1,0,reconstructed_from_retained_wire,True,,,317.59228943876394,301.0432264513458,293.0754498086648,0.5243850071600398,0.6500000000000006,483000.00000000175,486602.7417991537,0.00014911470559740198,18603.88540326355,-3.287641447968781e-08,0.000149115,301.043,293.075,317.592,0.0,149115,1,974,97400000,97400000,97400000,0,301043,1,974,97400000,97400000,97400000,0,293075,1,974,97400000,97400000,97400000,0,317592,1,974,97400000,97400000,97400000,0,0,1,974,97400000,97400000,97400000,0,1.0,0.524505,0.65,1.0,0.524505,0.65,1.0,0.524505,0.65,974,97700000,False,1.0,5000.0,300.0,500.0,600000000000.0,100000000000.0,,973
1,dropped_command,thermal_loop,980,controller_tick,97500000,97.5,1,0,97500000,975,97500000,RUNNING,,0,0,62,1,0,reconstructed_from_retained_wire,True,,,317.592641692758,301.04320759415185,293.0754786680275,0.5243964259885068,0.6500000000000006,483500.00000000175,487099.01500894607,0.0001491179526682028,18604.695635769396,-3.3688593248371035e-08,0.000149118,301.043,293.075,317.593,0.0,149118,1,975,97500000,97500000,97500000,0,301043,1,975,97500000,97500000,97500000,0,293075,1,975,97500000,97500000,97500000,0,317593,1,975,97500000,97500000,97500000,0,0,1,975,97500000,97500000,97500000,0,1.0,0.524517,0.65,1.0,0.524517,0.65,1.0,0.524517,0.65,975,97800000,False,1.0,5000.0,300.0,500.0,600000000000.0,100000000000.0,,974
1,dropped_command,thermal_loop,981,controller_tick,97600000,97.6,1,0,97600000,976,97600000,RUNNING,,0,0,62,1,0,reconstructed_from_retained_wire,True,,,317.5929928356717,301.04318912544636,293.07550803833954,0.5244079001227574,0.6500000000000006,484000.0000000017,487595.289674474,0.00014912121546581793,18605.509810314834,-3.3337528293486685e-08,0.000149121,301.043,293.076,317.593,0.0,149121,1,976,97600000,97600000,97600000,0,301043,1,976,97600000,97600000,97600000,0,293076,1,976,97600000,97600000,97600000,0,317593,1,976,97600000,97600000,97600000,0,0,1,976,97600000,97600000,97600000,0,1.0,0.524529,0.65,1.0,0.524529,0.65,1.0,0.524529,0.65,976,97900000,False,1.0,5000.0,300.0,500.0,600000000000.0,100000000000.0,,975
1,dropped_command,thermal_loop,982,controller_tick,97700000,97.7,1,0,97700000,977,97700000,RUNNING,,0,0,62,1,0,reconstructed_from_retained_wire,True,,,317.59334287198124,301.04317103488546,293.0755379208873,0.5244194242997505,0.6500000000000006,484500.0000000017,488091.56582131895,0.0001491244924936431,18606.327553693533,-3.280410965089686e-08,0.000149124,301.043,293.076,317.593,0.0,149124,1,977,97700000,97700000,97700000,0,301043,1,977,97700000,97700000,97700000,0,293076,1,977,97700000,97700000,97700000,0,317593,1,977,97700000,97700000,97700000,0,0,1,977,97700000,97700000,97700000,0,1.0,0.52454,0.65,1.0,0.52454,0.65,1.0,0.52454,0.65,977,98000000,False,1.0,5000.0,300.0,500.0,600000000000.0,100000000000.0,,976
1,dropped_command,thermal_loop,983,controller_tick,97800000,97.8,1,0,97800000,978,97800000,RUNNING,,0,0,62,1,0,reconstructed_from_retained_wire,True,,,317.59369180612515,301.04315331827763,293.0755683128862,0.5244308985947076,0.6500000000000006,485000.00000000163,488587.84347505454,0.0001491277553369569,18607.14177534954,-3.3179276215378195e-08,0.000149128,301.043,293.076,317.594,0.0,149128,1,978,97800000,97800000,97800000,0,301043,1,978,97800000,97800000,97800000,0,293076,1,978,97800000,97800000,97800000,0,317594,1,978,97800000,97800000,97800000,0,0,1,978,97800000,97800000,97800000,0,1.0,0.52455,0.65,1.0,0.52455,0.65,1.0,0.52455,0.65,978,98100000,False,1.0,5000.0,300.0,500.0,600000000000.0,100000000000.0,,977
1,dropped_command,thermal_loop,984,controller_tick,97900000,97.9,1,0,97900000,979,97900000,RUNNING,,0,0,62,1,0,reconstructed_from_retained_wire,True,,,317.5940396425323,301.0431359821577,293.0755992044342,0.52444223259195,0.6500000000000006,485500.00000000163,489084.1226609338,0.00014913097828505605,18607.946058899754,-3.326476871734485e-08,0.000149131,301.043,293.076,317.594,0.0,149131,1,979,97900000,97900000,97900000,0,301043,1,979,97900000,97900000,97900000,0,293076,1,979,97900000,97900000,97900000,0,317594,1,979,97900000,97900000,97900000,0,0,1,979,97900000,97900000,97900000,0,1.0,0.524561,0.65,1.0,0.524561,0.65,1.0,0.524561,0.65,979,98200000,False,1.0,5000.0,300.0,500.0,600000000000.0,100000000000.0,,978
1,dropped_command,thermal_loop,985,controller_tick,98000000,98.0,1,0,98000000,980,98000000,RUNNING,,0,0,62,1,0,reconstructed_from_retained_wire,True,,,317.5943863856417,301.0431190316984,293.07563058657166,0.5244535348051524,0.6500000000000006,486000.0000000016,489580.4034036756,0.00014913419219501014,18608.748104298636,-3.35185177391395e-08,0.000149134,301.043,293.076,317.594,0.0,149134,1,980,98000000,98000000,98000000,0,301043,1,980,98000000,98000000,98000000,0,293076,1,980,98000000,98000000,98000000,0,317594,1,980,98000000,98000000,98000000,0,0,1,980,98000000,98000000,98000000,0,1.0,0.524572,0.65,1.0,0.524572,0.65,1.0,0.524572,0.65,980,98300000,False,1.0,5000.0,300.0,500.0,600000000000.0,100000000000.0,,979
1,dropped_command,thermal_loop,986,controller_tick,98100000,98.1,1,0,98100000,981,98100000,RUNNING,,0,0,62,1,0,reconstructed_from_retained_wire,True,,,317.594732039882,301.0431024658125,293.0756624545453,0.5244648082589662,0.6500000000000006,486500.0000000016,490076.6857276894,0.00014913739792691237,18609.54812604734,-3.334162101964466e-08,0.000149137,301.043,293.076,317.595,0.0,149137,1,981,98100000,98100000,98100000,0,301043,1,981,98100000,98100000,98100000,0,293076,1,981,98100000,98100000,98100000,0,317595,1,981,98100000,98100000,98100000,0,0,1,981,98100000,98100000,98100000,0,1.0,0.524584,0.65,1.0,0.524584,0.65,1.0,0.524584,0.65,981,98400000,False,1.0,5000.0,300.0,500.0,600000000000.0,100000000000.0,,980
1,dropped_command,thermal_loop,987,controller_tick,98200000,98.2,1,0,98200000,982,98200000,RUNNING,,0,0,62,1,0,reconstructed_from_retained_wire,True,,,317.59507660965926,301.0430862776316,293.07569480748737,0.5244761508527911,0.6500000000000006,487000.0000000016,490572.9696572147,0.00014914062331954528,18610.353071678972,-3.453169483691454e-08,0.000149141,301.043,293.076,317.595,0.0,149141,1,982,98200000,98200000,98200000,0,301043,1,982,98200000,98200000,98200000,0,293076,1,982,98200000,98200000,98200000,0,317595,1,982,98200000,98200000,98200000,0,0,1,982,98200000,98200000,98200000,0,1.0,0.524593,0.65,1.0,0.524593,0.65,1.0,0.524593,0.65,982,98500000,False,1.0,5000.0,300.0,500.0,600000000000.0,100000000000.0,,981
1,dropped_command,thermal_loop,988,controller_tick,98300000,98.3,1,0,98300000,983,98300000,RUNNING,,0,0,62,1,0,reconstructed_from_retained_wire,True,,,317.5954200993521,301.0430704717055,293.07572763694895,0.524487270519339,0.6500000000000006,487500.0000000016,491069.2552163801,0.00014914378532032902,18611.14221381207,-3.4213371691294014e-08,0.000149144,301.043,293.076,317.595,0.0,149144,1,983,98300000,98300000,98300000,0,301043,1,983,98300000,98300000,98300000,0,293076,1,983,98300000,98300000,98300000,0,317595,1,983,98300000,98300000,98300000,0,0,1,983,98300000,98300000,98300000,0,1.0,0.524604,0.65,1.0,0.524604,0.65,1.0,0.524604,0.65,983,98600000,False,1.0,5000.0,300.0,500.0,600000000000.0,100000000000.0,,982
1,dropped_command,thermal_loop,989,controller_tick,98400000,98.4,1,0,98400000,984,98400000,RUNNING,,0,0,62,1,0,reconstructed_from_retained_wire,True,,,317.5957625133596,301.0430550564651,293.07576093192864,0.5244983787981092,0.6500000000000006,488000.0000000016,491565.5424286695,0.00014914694408287162,18611.930564480797,-3.434797690715641e-08,0.000149147,301.043,293.076,317.596,0.0,149147,1,984,98400000,98400000,98400000,0,301043,1,984,98400000,98400000,98400000,0,293076,1,984,98400000,98400000,98400000,0,317596,1,984,98400000,98400000,98400000,0,0,1,984,98400000,98400000,98400000,0,1.0,0.524615,0.65,1.0,0.524615,0.65,1.0,0.524615,0.65,984,98700000,False,1.0,5000.0,300.0,500.0,600000000000.0,100000000000.0,,983
1,dropped_command,thermal_loop,990,controller_tick,98500000,98.5,1,0,98500000,985,98500000,RUNNING,,0,0,62,1,0,reconstructed_from_retained_wire,True,,,317.59610385606913,301.04304002846476,293.07579468937485,0.5245094767727922,0.6500000000000006,488500.0000000016,492061.83131728205,0.0001491500999153325,18612.718200545358,-3.400964487809688e-08,0.00014915,301.043,293.076,317.596,0.0,149150,1,985,98500000,98500000,98500000,0,301043,1,985,98500000,98500000,98500000,0,293076,1,985,98500000,98500000,98500000,0,317596,1,985,98500000,98500000,98500000,0,0,1,985,98500000,98500000,98500000,0,1.0,0.524626,0.65,1.0,0.524626,0.65,1.0,0.524626,0.65,985,98800000,False,1.0,5000.0,300.0,500.0,600000000000.0,100000000000.0,,984
1,dropped_command,thermal_loop,991,controller_tick,98600000,98.6,1,0,98600000,986,98600000,RUNNING,,0,0,62,1,0,reconstructed_from_retained_wire,True,,,317.59644413184446,301.04302538417375,293.07582890632335,0.5245205654239514,0.6500000000000006,489000.0000000016,492558.1219052666,0.00014915325309654572,18613.505191553282,-3.4769072954077274e-08,0.000149153,301.043,293.076,317.596,0.0,149153,1,986,98600000,98600000,98600000,0,301043,1,986,98600000,98600000,98600000,0,293076,1,986,98600000,98600000,98600000,0,317596,1,986,98600000,98600000,98600000,0,0,1,986,98600000,98600000,98600000,0,1.0,0.524637,0.65,1.0,0.524637,0.65,1.0,0.524637,0.65,986,98900000,False,1.0,5000.0,300.0,500.0,600000000000.0,100000000000.0,,985
1,dropped_command,thermal_loop,992,controller_tick,98700000,98.7,1,0,98700000,987,98700000,RUNNING,,0,0,62,1,0,reconstructed_from_retained_wire,True,,,317.5967833450257,301.043011119989,293.075863579889,0.5245316456388374,0.6500000000000006,489500.0000000016,493054.4142155259,0.00014915640387881088,18614.291600435106,-3.423974703764543e-08,0.000149156,301.043,293.076,317.597,0.0,149156,1,987,98700000,98700000,98700000,0,301043,1,987,98700000,98700000,98700000,0,293076,1,987,98700000,98700000,98700000,0,317597,1,987,98700000,98700000,98700000,0,0,1,987,98700000,98700000,98700000,0,1.0,0.524648,0.65,1.0,0.524648,0.65,1.0,0.524648,0.65,987,99000000,False,1.0,5000.0,300.0,500.0,600000000000.0,100000000000.0,,986
1,dropped_command,thermal_loop,993,controller_tick,98800000,98.8,1,0,98800000,988,98800000,RUNNING,,0,0,62,1,0,reconstructed_from_retained_wire,True,,,317.5971214999289,301.04299723224614,293.07589870725786,0.5245427182202675,0.6500000000000006,490000.0000000016,493550.7082708202,0.00014915955249041803,18615.077484133995,-3.280547389294952e-08,0.00014916,301.043,293.076,317.597,0.0,149160,1,988,98800000,98800000,98800000,0,301043,1,988,98800000,98800000,98800000,0,293076,1,988,98800000,98800000,98800000,0,317597,1,988,98800000,98800000,98800000,0,0,1,988,98800000,98800000,98800000,0,1.0,0.524657,0.65,1.0,0.524657,0.65,1.0,0.524657,0.65,988,99100000,False,1.0,5000.0,300.0,500.0,600000000000.0,100000000000.0,,987
1,dropped_command,thermal_loop,994,controller_tick,98900000,98.9,1,0,98900000,989,98900000,RUNNING,,0,0,62,1,0,reconstructed_from_retained_wire,True,,,317.59745860085724,301.04298372813037,293.0759342784139,0.5245535935694976,0.6500000000000006,490500.0000000016,494047.0040936483,0.00014916264501685676,18615.84938529744,-3.239438228774816e-08,0.000149163,301.043,293.076,317.597,0.0,149163,1,989,98900000,98900000,98900000,0,301043,1,989,98900000,98900000,98900000,0,293076,1,989,98900000,98900000,98900000,0,317597,1,989,98900000,98900000,98900000,0,0,1,989,98900000,98900000,98900000,0,1.0,0.524667,0.65,1.0,0.524667,0.65,1.0,0.524667,0.65,989,99200000,False,1.0,5000.0,300.0,500.0,600000000000.0,100000000000.0,,988
1,dropped_command,thermal_loop,995,controller_tick,99000000,99.0,1,0,99000000,990,99000000,RUNNING,,0,0,62,1,0,reconstructed_from_retained_wire,True,,,317.59779465213677,301.042970618611,293.07597028085286,0.5245643856182348,0.6500000000000006,491000.0000000015,494543.30170585046,0.0001491657138558744,18616.615389850573,-3.251352609368041e-08,0.000149166,301.043,293.076,317.598,0.0,149166,1,990,99000000,99000000,99000000,0,301043,1,990,99000000,99000000,99000000,0,293076,1,990,99000000,99000000,99000000,0,317598,1,990,99000000,99000000,99000000,0,0,1,990,99000000,99000000,99000000,0,1.0,0.524678,0.65,1.0,0.524678,0.65,1.0,0.524678,0.65,990,99300000,False,1.0,5000.0,300.0,500.0,600000000000.0,100000000000.0,,989
1,dropped_command,thermal_loop,996,controller_tick,99100000,99.1,1,0,99100000,991,99100000,RUNNING,,0,0,62,1,0,reconstructed_from_retained_wire,True,,,317.5981296580945,301.04295790227826,293.07600671035544,0.5245751974561511,0.6500000000000006,491500.00000000146,495039.60112885275,0.0001491687883221651,18617.38281481484,-3.2182470022235066e-08,0.000149169,301.043,293.076,317.598,0.0,149169,1,991,99100000,99100000,99100000,0,301043,1,991,99100000,99100000,99100000,0,293076,1,991,99100000,99100000,99100000,0,317598,1,991,99100000,99100000,99100000,0,0,1,991,99100000,99100000,99100000,0,1.0,0.524689,0.65,1.0,0.524689,0.65,1.0,0.524689,0.65,991,99400000,False,1.0,5000.0,300.0,500.0,600000000000.0,100000000000.0,,990
1,dropped_command,thermal_loop,997,controller_tick,99200000,99.2,1,0,99200000,992,99200000,RUNNING,,0,0,62,1,0,reconstructed_from_retained_wire,True,,,317.5984636230289,301.0429455721494,293.076043566447,0.5245860272000571,0.6500000000000006,492000.00000000146,495535.9023839972,0.00014917186788022298,18618.151526604022,-3.218701749574393e-08,0.000149172,301.043,293.076,317.598,0.0,149172,1,992,99200000,99200000,99200000,0,301043,1,992,99200000,99200000,99200000,0,293076,1,992,99200000,99200000,99200000,0,317598,1,992,99200000,99200000,99200000,0,0,1,992,99200000,99200000,99200000,0,1.0,0.524699,0.65,1.0,0.524699,0.65,1.0,0.524699,0.65,992,99500000,False,1.0,5000.0,300.0,500.0,600000000000.0,100000000000.0,,991
1,dropped_command,thermal_loop,998,controller_tick,99300000,99.3,1,0,99300000,993,99300000,RUNNING,,0,0,62,1,0,reconstructed_from_retained_wire,True,,,317.59879655121085,301.0429336269818,293.0760808448556,0.5245967779833905,0.6500000000000006,492500.0000000014,496032.2054925369,0.0001491749249849644,18618.91464934757,-3.091918188147247e-08,0.000149175,301.043,293.076,317.599,0.0,149175,1,993,99300000,99300000,99300000,0,301043,1,993,99300000,99300000,99300000,0,293076,1,993,99300000,99300000,99300000,0,317599,1,993,99300000,99300000,99300000,0,0,1,993,99300000,99300000,99300000,0,1.0,0.52471,0.65,1.0,0.52471,0.65,1.0,0.52471,0.65,993,99600000,False,1.0,5000.0,300.0,500.0,600000000000.0,100000000000.0,,992
1,dropped_command,thermal_loop,999,controller_tick,99400000,99.4,1,0,99400000,994,99400000,RUNNING,,0,0,62,1,0,reconstructed_from_retained_wire,True,,,317.59912844689916,301.0429220649868,293.07611854170364,0.5246075524828255,0.6500000000000006,493000.0000000014,496528.51047545817,0.00014917798883364285,18619.679471221865,-3.03302840620745e-08,0.000149178,301.043,293.076,317.599,0.0,149178,1,994,99400000,99400000,99400000,0,301043,1,994,99400000,99400000,99400000,0,293076,1,994,99400000,99400000,99400000,0,317599,1,994,99400000,99400000,99400000,0,0,1,994,99400000,99400000,99400000,0,1.0,0.52472,0.65,1.0,0.52472,0.65,1.0,0.52472,0.65,994,99700000,False,1.0,5000.0,300.0,500.0,600000000000.0,100000000000.0,,993
1,dropped_command,thermal_loop,1000,controller_tick,99500000,99.5,1,0,99500000,995,99500000,RUNNING,,0,0,62,1,0,reconstructed_from_retained_wire,True,,,317.5994593143289,301.0429108843038,293.076156653191,0.5246182532788947,0.6500000000000006,493500.00000000134,497024.81735361874,0.00014918103172395004,18620.439076850973,-3.054083208553493e-08,0.000149181,301.043,293.076,317.599,0.0,149181,1,995,99500000,99500000,99500000,0,301043,1,995,99500000,99500000,99500000,0,293076,1,995,99500000,99500000,99500000,0,317599,1,995,99500000,99500000,99500000,0,0,1,995,99500000,99500000,99500000,0,1.0,0.52473,0.65,1.0,0.52473,0.65,1.0,0.52473,0.65,995,99800000,False,1.0,5000.0,300.0,500.0,600000000000.0,100000000000.0,,994
1,dropped_command,thermal_loop,1001,controller_tick,99600000,99.6,1,0,99600000,996,99600000,RUNNING,,0,0,62,1,0,reconstructed_from_retained_wire,True,,,317.59978915772734,301.04290008804566,293.0761951722326,0.5246288873854003,0.6500000000000006,494000.00000000134,497521.1261475707,0.0001491840556503385,18621.19396381098,-3.062859832425602e-08,0.000149184,301.043,293.076,317.6,0.0,149184,1,996,99600000,99600000,99600000,0,301043,1,996,99600000,99600000,99600000,0,293076,1,996,99600000,99600000,99600000,0,317600,1,996,99600000,99600000,99600000,0,0,1,996,99600000,99600000,99600000,0,1.0,0.524741,0.65,1.0,0.524741,0.65,1.0,0.524741,0.65,996,99900000,False,1.0,5000.0,300.0,500.0,600000000000.0,100000000000.0,,995
1,dropped_command,thermal_loop,1002,controller_tick,99700000,99.7,1,0,99700000,997,99700000,RUNNING,,0,0,62,1,0,reconstructed_from_retained_wire,True,,,317.60011798131177,301.0428896730537,293.0762340959544,0.5246395563112756,0.6500000000000006,494500.00000000134,498017.4368775881,0.00014918708947800178,18621.95133788229,-2.9922830435680225e-08,0.000149187,301.043,293.076,317.6,0.0,149187,1,997,99700000,99700000,99700000,0,301043,1,997,99700000,99700000,99700000,0,293076,1,997,99700000,99700000,99700000,0,317600,1,997,99700000,99700000,99700000,0,0,1,997,99700000,99700000,99700000,0,1.0,0.524751,0.65,1.0,0.524751,0.65,1.0,0.524751,0.65,997,100000000,False,1.0,5000.0,300.0,500.0,600000000000.0,100000000000.0,,996
1,dropped_command,thermal_loop,1003,controller_tick,99800000,99.8,1,0,99800000,998,99800000,RUNNING,,0,0,62,1,0,reconstructed_from_retained_wire,True,,,317.6004457892716,301.04287963624455,293.0762734214609,0.5246501615804375,0.6500000000000006,495000.0000000013,498513.74956386344,0.00014919010520417109,18622.704208305266,-2.982596924994141e-08,0.00014919,301.043,293.076,317.6,0.0,149190,1,998,99800000,99800000,99800000,0,301043,1,998,99800000,99800000,99800000,0,293076,1,998,99800000,99800000,99800000,0,317600,1,998,99800000,99800000,99800000,0,0,1,998,99800000,99800000,99800000,0,1.0,0.524761,0.65,1.0,0.524761,0.65,1.0,0.524761,0.65,998,100100000,False,1.0,5000.0,300.0,500.0,600000000000.0,100000000000.0,,997
1,dropped_command,thermal_loop,1004,controller_tick,99900000,99.9,1,0,99900000,999,99900000,RUNNING,,0,0,62,1,0,reconstructed_from_retained_wire,True,,,317.6007725857852,301.042869979641,293.07631314248215,0.5246607092506231,0.6500000000000006,495500.0000000013,499010.064226327,0.00014919310455143117,18623.45300485898,-2.9116563382558525e-08,0.000149193,301.043,293.076,317.601,0.0,149193,1,999,99900000,99900000,99900000,0,301043,1,999,99900000,99900000,99900000,0,293076,1,999,99900000,99900000,99900000,0,317601,1,999,99900000,99900000,99900000,0,0,1,999,99900000,99900000,99900000,0,1.0,0.524771,0.65,1.0,0.524771,0.65,1.0,0.524771,0.65,999,100200000,False,1.0,5000.0,300.0,500.0,600000000000.0,100000000000.0,,998
1,dropped_command,thermal_loop,1005,controller_tick,100000000,100.0,1,0,100000000,1000,100000000,RUNNING,,0,0,62,1,0,reconstructed_from_retained_wire,True,,,317.6010983750234,301.0428607045643,293.0763532532459,0.5246712048030999,0.6500000000000006,496000.0000000013,499506.38088460825,0.00014919608907844147,18624.198116432744,-2.9718648875132203e-08,0.000149196,301.043,293.076,317.601,0.0,149196,1,1000,100000000,100000000,100000000,0,301043,1,1000,100000000,100000000,100000000,0,293076,1,1000,100000000,100000000,100000000,0,317601,1,1000,100000000,100000000,100000000,0,0,1,1000,100000000,100000000,100000000,0,1.0,0.524781,0.65,1.0,0.524781,0.65,1.0,0.524781,0.65,1000,100300000,False,1.0,5000.0,300.0,500.0,600000000000.0,100000000000.0,,999
1,dropped_command,thermal_loop,1006,controller_tick,100100000,100.1,1,0,100100000,1001,100100000,RUNNING,,0,0,62,1,0,reconstructed_from_retained_wire,True,,,317.60142316114764,301.04285181170764,293.07639374842836,0.5246816531975234,0.6500000000000006,496500.0000000013,500002.6995580595,0.00014919906019553509,18624.939894916253,-2.9742750484729186e-08,0.000149199,301.043,293.076,317.601,0.0,149199,1,1001,100100000,100100000,100100000,0,301043,1,1001,100100000,100100000,100100000,0,293076,1,1001,100100000,100100000,100100000,0,317601,1,1001,100100000,100100000,100100000,0,0,1,1001,100100000,100100000,100100000,0,1.0,0.524791,0.65,1.0,0.524791,0.65,1.0,0.524791,0.65,1001,100400000,False,1.0,5000.0,300.0,500.0,600000000000.0,100000000000.0,,1000
1,dropped_command,thermal_loop,1007,controller_tick,100200000,100.2,1,0,100200000,1002,100200000,RUNNING,,0,0,62,1,0,reconstructed_from_retained_wire,True,,,317.601746948308,301.04284330120146,293.0764346231102,0.5246920589215759,0.6500000000000006,497000.0000000013,500499.0202657771,0.00014920201917883444,18625.678658719735,-3.017157723661512e-08,0.000149202,301.043,293.076,317.602,0.0,149202,1,1002,100200000,100200000,100200000,0,301043,1,1002,100200000,100200000,100200000,0,293076,1,1002,100200000,100200000,100200000,0,317602,1,1002,100200000,100200000,100200000,0,0,1,1002,100200000,100200000,100200000,0,1.0,0.524801,0.65,1.0,0.524801,0.65,1.0,0.524801,0.65,1002,100500000,False,1.0,5000.0,300.0,500.0,600000000000.0,100000000000.0,,1001
1,dropped_command,thermal_loop,1008,controller_tick,100300000,100.3,1,0,100300000,1003,100300000,RUNNING,,0,0,62,1,0,reconstructed_from_retained_wire,True,,,317.6020697406417,301.04283517267345,293.0764758727364,0.52470242603588,0.6500000000000006,497500.0000000013,500995.34302662057,0.0001492049671830227,18626.414695959065,-3.0926003091735765e-08,0.000149205,301.043,293.076,317.602,0.0,149205,1,1003,100300000,100300000,100300000,0,301043,1,1003,100300000,100300000,100300000,0,293076,1,1003,100300000,100300000,100300000,0,317602,1,1003,100300000,100300000,100300000,0,0,1,1003,100300000,100300000,100300000,0,1.0,0.524811,0.65,1.0,0.524811,0.65,1.0,0.524811,0.65,1003,100600000,False,1.0,5000.0,300.0,500.0,600000000000.0,100000000000.0,,1002
1,dropped_command,thermal_loop,1009,controller_tick,100400000,100.4,1,0,100400000,1004,100400000,RUNNING,,0,0,62,1,0,reconstructed_from_retained_wire,True,,,317.60239154227196,301.04282742530216,293.07651749308025,0.524712758214639,0.6500000000000006,498000.0000000012,501491.6678592303,0.00014920790525290036,18627.14826733803,-3.0725459509994835e-08,0.000149208,301.043,293.077,317.602,0.0,149208,1,1004,100400000,100400000,100400000,0,301043,1,1004,100400000,100400000,100400000,0,293077,1,1004,100400000,100400000,100400000,0,317602,1,1004,100400000,100400000,100400000,0,0,1,1004,100400000,100400000,100400000,0,1.0,0.524821,0.65,1.0,0.524821,0.65,1.0,0.524821,0.65,1004,100700000,False,1.0,5000.0,300.0,500.0,600000000000.0,100000000000.0,,1003
1,dropped_command,thermal_loop,1010,controller_tick,100500000,100.5,1,0,100500000,1005,100500000,RUNNING,,0,0,62,1,0,reconstructed_from_retained_wire,True,,,317.6027123573064,301.04282005786587,293.0765594802103,0.5247230587824097,0.6500000000000006,498500.0000000012,501987.99478204275,0.00014921083433384208,18627.879608756306,-3.055629349546507e-08,0.000149211,301.043,293.077,317.603,0.0,149211,1,1005,100500000,100500000,100500000,0,301043,1,1005,100500000,100500000,100500000,0,293077,1,1005,100500000,100500000,100500000,0,317603,1,1005,100500000,100500000,100500000,0,0,1,1005,100500000,100500000,100500000,0,1.0,0.524831,0.65,1.0,0.524831,0.65,1.0,0.524831,0.65,1005,100800000,False,1.0,5000.0,300.0,500.0,600000000000.0,100000000000.0,,1004
1,dropped_command,thermal_loop,1011,controller_tick,100600000,100.6,1,0,100600000,1006,100600000,RUNNING,,0,0,62,1,0,reconstructed_from_retained_wire,True,,,317.60303218983614,301.0428130687863,293.07660183046113,0.5247333307473752,0.6500000000000006,499000.00000000116,502484.32381330436,0.00014921375528125823,18628.608933669333,-3.111745172645897e-08,0.000149214,301.043,293.077,317.603,0.0,149214,1,1006,100600000,100600000,100600000,0,301043,1,1006,100600000,100600000,100600000,0,293077,1,1006,100600000,100600000,100600000,0,317603,1,1006,100600000,100600000,100600000,0,0,1,1006,100600000,100600000,100600000,0,1.0,0.524841,0.65,1.0,0.524841,0.65,1.0,0.524841,0.65,1006,100900000,False,1.0,5000.0,300.0,500.0,600000000000.0,100000000000.0,,1005
1,dropped_command,thermal_loop,1012,controller_tick,100700000,100.7,1,0,100700000,1007,100700000,RUNNING,,0,0,62,1,0,reconstructed_from_retained_wire,True,,,317.6033510439349,301.04280645616825,293.0766445404068,0.5247435768314525,0.6500000000000006,499500.00000000116,502980.6549710848,0.00014921666886915616,18629.336435223686,-3.165496309520677e-08,0.000149217,301.043,293.077,317.603,0.0,149217,1,1007,100700000,100700000,100700000,0,301043,1,1007,100700000,100700000,100700000,0,293077,1,1007,100700000,100700000,100700000,0,317603,1,1007,100700000,100700000,100700000,0,0,1,1007,100700000,100700000,100700000,0,1.0,0.52485,0.65,1.0,0.52485,0.65,1.0,0.52485,0.65,1007,101000000,False,1.0,5000.0,300.0,500.0,600000000000.0,100000000000.0,,1006
1,dropped_command,thermal_loop,1013,controller_tick,100800000,100.8,1,0,100800000,1008,100800000,RUNNING,,0,0,62,1,0,reconstructed_from_retained_wire,True,,,317.6036689236635,301.04280022328504,293.0766876032038,0.5247537043349516,0.6500000000000006,500000.0000000011,503476.9882732264,0.0001492195487373486,18630.0555311742,-3.2383013603975996e-08,0.00014922,301.043,293.077,317.604,0.0,149220,1,1008,100800000,100800000,100800000,0,301043,1,1008,100800000,100800000,100800000,0,293077,1,1008,100800000,100800000,100800000,0,317604,1,1008,100800000,100800000,100800000,0,0,1,1008,100800000,100800000,100800000,0,1.0,0.52486,0.65,1.0,0.52486,0.65,1.0,0.52486,0.65,1008,101100000,False,1.0,5000.0,300.0,500.0,600000000000.0,100000000000.0,,1007
1,dropped_command,thermal_loop,1014,controller_tick,100900000,100.9,1,0,100900000,1009,100900000,RUNNING,,0,0,62,1,0,reconstructed_from_retained_wire,True,,,317.6039858330847,301.04279437234936,293.0767310127454,0.5247638197048885,0.6500000000000006,500500.0000000011,503973.3237371854,0.00014922242515522774,18630.773779443454,-3.196691977791488e-08,0.000149222,301.043,293.077,317.604,0.0,149222,1,1009,100900000,100900000,100900000,0,301043,1,1009,100900000,100900000,100900000,0,293077,1,1009,100900000,100900000,100900000,0,317604,1,1009,100900000,100900000,100900000,0,0,1,1009,100900000,100900000,100900000,0,1.0,0.524872,0.65,1.0,0.524872,0.65,1.0,0.524872,0.65,1009,101200000,False,1.0,5000.0,300.0,500.0,600000000000.0,100000000000.0,,1008
1,dropped_command,thermal_loop,1015,controller_tick,101000000,101.0,1,0,101000000,1010,101000000,RUNNING,,0,0,62,1,0,reconstructed_from_retained_wire,True,,,317.60430177623243,301.0427888886889,293.07677477420793,0.5247741144210882,0.6500000000000006,501000.0000000011,504469.6613803686,0.00014922535257221023,18631.504776523558,-3.326476871734485e-08,0.000149225,301.043,293.077,317.604,0.0,149225,1,1010,101000000,101000000,101000000,0,301043,1,1010,101000000,101000000,101000000,0,293077,1,1010,101000000,101000000,101000000,0,317604,1,1010,101000000,101000000,101000000,0,0,1,1010,101000000,101000000,101000000,0,1.0,0.524881,0.65,1.0,0.524881,0.65,1.0,0.524881,0.65,1010,101300000,False,1.0,5000.0,300.0,500.0,600000000000.0,100000000000.0,,1009
1,dropped_command,thermal_loop,1016,controller_tick,101100000,101.1,1,0,101100000,1011,101100000,RUNNING,,0,0,62,1,0,reconstructed_from_retained_wire,True,,,317.60461675708126,301.04278376462196,293.0768188881313,0.5247842859287515,0.6500000000000006,501500.0000000011,504966.00122048095,0.00014922824495347588,18632.22703901712,-3.3272954169660807e-08,0.000149228,301.043,293.077,317.605,0.0,149228,1,1011,101100000,101100000,101100000,0,301043,1,1011,101100000,101100000,101100000,0,293077,1,1011,101100000,101100000,101100000,0,317605,1,1011,101100000,101100000,101100000,0,0,1,1011,101100000,101100000,101100000,0,1.0,0.52489,0.65,1.0,0.52489,0.65,1.0,0.52489,0.65,1011,101400000,False,1.0,5000.0,300.0,500.0,600000000000.0,100000000000.0,,1010
1,dropped_command,thermal_loop,1017,controller_tick,101200000,101.2,1,0,101200000,1012,101200000,RUNNING,,0,0,62,1,0,reconstructed_from_retained_wire,True,,,317.60493077960393,301.0427790085662,293.07686334435084,0.5247943459527208,0.6500000000000006,502000.0000000011,505462.3432748871,0.0001492311056331139,18632.941399001757,-3.357990863150917e-08,0.000149231,301.043,293.077,317.605,0.0,149231,1,1012,101200000,101200000,101200000,0,301043,1,1012,101200000,101200000,101200000,0,293077,1,1012,101200000,101200000,101200000,0,317605,1,1012,101200000,101200000,101200000,0,0,1,1012,101200000,101200000,101200000,0,1.0,0.5249,0.65,1.0,0.5249,0.65,1.0,0.5249,0.65,1012,101500000,False,1.0,5000.0,300.0,500.0,600000000000.0,100000000000.0,,1011
1,dropped_command,thermal_loop,1018,controller_tick,101300000,101.3,1,0,101300000,1013,101300000,RUNNING,,0,0,62,1,0,reconstructed_from_retained_wire,True,,,317.60524384777887,301.0427746220829,293.0769081373021,0.5248044002646541,0.6500000000000006,502500.00000000105,505958.68756052933,0.00014923396468847106,18633.6553670584,-3.347076926729642e-08,0.000149234,301.043,293.077,317.605,0.0,149234,1,1013,101300000,101300000,101300000,0,301043,1,1013,101300000,101300000,101300000,0,293077,1,1013,101300000,101300000,101300000,0,317605,1,1013,101300000,101300000,101300000,0,0,1,1013,101300000,101300000,101300000,0,1.0,0.524909,0.65,1.0,0.524909,0.65,1.0,0.524909,0.65,1013,101600000,False,1.0,5000.0,300.0,500.0,600000000000.0,100000000000.0,,1012
1,dropped_command,thermal_loop,1019,controller_tick,101400000,101.4,1,0,101400000,1014,101400000,RUNNING,,0,0,62,1,0,reconstructed_from_retained_wire,True,,,317.60555596557083,301.0427706062804,293.07695326174996,0.5248143542455417,0.6500000000000006,503000.00000000105,506455.03409414284,0.00014923679521358012,18634.362223968474,-3.3131527743535116e-08,0.000149237,301.043,293.077,317.606,0.0,149237,1,1014,101400000,101400000,101400000,0,301043,1,1014,101400000,101400000,101400000,0,293077,1,1014,101400000,101400000,101400000,0,317606,1,1014,101400000,101400000,101400000,0,0,1,1014,101400000,101400000,101400000,0,1.0,0.524918,0.65,1.0,0.524918,0.65,1.0,0.524918,0.65,1014,101700000,False,1.0,5000.0,300.0,500.0,600000000000.0,100000000000.0,,1013
1,dropped_command,thermal_loop,1020,controller_tick,101500000,101.5,1,0,101500000,1015,101500000,RUNNING,,0,0,62,1,0,reconstructed_from_retained_wire,True,,,317.60586713694596,301.042766966896,293.0769987094017,0.524824217443145,0.6500000000000006,503500.00000000105,506951.3828920917,0.00014923959992345316,18635.06264735601,-3.329569153720513e-08,0.00014924,301.043,293.077,317.606,0.0,149240,1,1015,101500000,101500000,101500000,0,301043,1,1015,101500000,101500000,101500000,0,293077,1,1015,101500000,101500000,101500000,0,317606,1,1015,101500000,101500000,101500000,0,0,1,1015,101500000,101500000,101500000,0,1.0,0.524928,0.65,1.0,0.524928,0.65,1.0,0.524928,0.65,1015,101800000,False,1.0,5000.0,300.0,500.0,600000000000.0,100000000000.0,,1014
1,dropped_command,thermal_loop,1021,controller_tick,101600000,101.6,1,0,101600000,1016,101600000,RUNNING,,0,0,62,1,0,reconstructed_from_retained_wire,True,,,317.6061773658685,301.04276370308696,293.07704447637974,0.5248340936592174,0.6500000000000006,504000.00000000105,507447.7339704064,0.00014924240833527264,18635.764008424318,-3.2298885344062e-08,0.000149242,301.043,293.077,317.606,0.0,149242,1,1016,101600000,101600000,101600000,0,301043,1,1016,101600000,101600000,101600000,0,293077,1,1016,101600000,101600000,101600000,0,317606,1,1016,101600000,101600000,101600000,0,0,1,1016,101600000,101600000,101600000,0,1.0,0.524939,0.65,1.0,0.524939,0.65,1.0,0.524939,0.65,1016,101900000,False,1.0,5000.0,300.0,500.0,600000000000.0,100000000000.0,,1015
1,dropped_command,thermal_loop,1022,controller_tick,101700000,101.7,1,0,101700000,1017,101700000,RUNNING,,0,0,62,1,0,reconstructed_from_retained_wire,True,,,317.60648665627133,301.04276080290794,293.0770905662332,0.52484407681747,0.6500000000000006,504500.00000000105,507944.08734511276,0.00014924524715728972,18636.472977422043,-3.199511411366984e-08,0.000149245,301.043,293.077,317.606,0.0,149245,1,1017,101700000,101700000,101700000,0,301043,1,1017,101700000,101700000,101700000,0,293077,1,1017,101700000,101700000,101700000,0,317606,1,1017,101700000,101700000,101700000,0,0,1,1017,101700000,101700000,101700000,0,1.0,0.524948,0.65,1.0,0.524948,0.65,1.0,0.524948,0.65,1017,102000000,False,1.0,5000.0,300.0,500.0,600000000000.0,100000000000.0,,1016
1,dropped_command,thermal_loop,1023,controller_tick,101800000,101.8,1,0,101800000,1018,101800000,RUNNING,,0,0,62,1,0,reconstructed_from_retained_wire,True,,,317.6067950120411,301.04275826089207,293.0771369782163,0.5248539664158449,0.6500000000000006,505000.00000000105,508440.4430323991,0.00014924805937451566,18637.175315420907,-3.256809577578679e-08,0.000149248,301.043,293.077,317.607,0.0,149248,1,1018,101800000,101800000,101800000,0,301043,1,1018,101800000,101800000,101800000,0,293077,1,1018,101800000,101800000,101800000,0,317607,1,1018,101800000,101800000,101800000,0,0,1,1018,101800000,101800000,101800000,0,1.0,0.524957,0.65,1.0,0.524957,0.65,1.0,0.524957,0.65,1018,102100000,False,1.0,5000.0,300.0,500.0,600000000000.0,100000000000.0,,1017
1,dropped_command,thermal_loop,1024,controller_tick,101900000,101.9,1,0,101900000,1019,101900000,RUNNING,,0,0,62,1,0,reconstructed_from_retained_wire,True,,,317.6071024370584,301.0427560821767,293.077183704541,0.5248637713577414,0.6500000000000006,505500.000000001,508936.80104817403,0.00014925084751873095,18637.871654363356,-3.2806383387651294e-08,0.000149251,301.043,293.077,317.607,0.0,149251,1,1019,101900000,101900000,101900000,0,301043,1,1019,101900000,101900000,101900000,0,293077,1,1019,101900000,101900000,101900000,0,317607,1,1019,101900000,101900000,101900000,0,0,1,1019,101900000,101900000,101900000,0,1.0,0.524966,0.65,1.0,0.524966,0.65,1.0,0.524966,0.65,1019,102200000,False,1.0,5000.0,300.0,500.0,600000000000.0,100000000000.0,,1018
1,dropped_command,thermal_loop,1025,controller_tick,102000000,102.0,1,0,102000000,1020,102000000,RUNNING,,0,0,62,1,0,reconstructed_from_retained_wire,True,,,317.60740893520597,301.04275427084707,293.0772307381486,0.5248734996992888,0.6500000000000006,506000.000000001,509433.16140797525,0.0001492536138807855,18638.562566068085,-3.272589310654439e-08,0.000149254,301.043,293.077,317.607,0.0,149254,1,1020,102000000,102000000,102000000,0,301043,1,1020,102000000,102000000,102000000,0,293077,1,1020,102000000,102000000,102000000,0,317607,1,1020,102000000,102000000,102000000,0,0,1,1020,102000000,102000000,102000000,0,1.0,0.524975,0.65,1.0,0.524975,0.65,1.0,0.524975,0.65,1020,102300000,False,1.0,5000.0,300.0,500.0,600000000000.0,100000000000.0,,1019
1,dropped_command,thermal_loop,1026,controller_tick,102100000,102.1,1,0,102100000,1021,102100000,RUNNING,,0,0,62,1,0,reconstructed_from_retained_wire,True,,,317.60771451036567,301.04275283004387,293.0772780726374,0.5248831587299739,0.6500000000000006,506500.000000001,509929.5241270043,0.00014925636053352595,18639.24856794995,-3.20806066156365e-08,0.000149256,301.043,293.077,317.608,0.0,149256,1,1021,102100000,102100000,102100000,0,301043,1,1021,102100000,102100000,102100000,0,293077,1,1021,102100000,102100000,102100000,0,317608,1,1021,102100000,102100000,102100000,0,0,1,1021,102100000,102100000,102100000,0,1.0,0.524986,0.65,1.0,0.524986,0.65,1.0,0.524986,0.65,1021,102400000,False,1.0,5000.0,300.0,500.0,600000000000.0,100000000000.0,,1020
1,dropped_command,thermal_loop,1027,controller_tick,102200000,102.2,1,0,102200000,1022,102200000,RUNNING,,0,0,62,1,0,reconstructed_from_retained_wire,True,,,317.6080191664049,301.04275175116226,293.0773257094621,0.5248929453707615,0.6500000000000006,507000.000000001,510425.8892202799,0.0001492591434736175,18639.943645808144,-3.2345724321203306e-08,0.000149259,301.043,293.077,317.608,0.0,149259,1,1022,102200000,102200000,102200000,0,301043,1,1022,102200000,102200000,102200000,0,293077,1,1022,102200000,102200000,102200000,0,317608,1,1022,102200000,102200000,102200000,0,0,1,1022,102200000,102200000,102200000,0,1.0,0.524995,0.65,1.0,0.524995,0.65,1.0,0.524995,0.65,1022,102500000,False,1.0,5000.0,300.0,500.0,600000000000.0,100000000000.0,,1021
1,dropped_command,thermal_loop,1028,controller_tick,102300000,102.3,1,0,102300000,1023,102300000,RUNNING,,0,0,62,1,0,reconstructed_from_retained_wire,True,,,317.60832290714364,301.0427510264616,293.0773736495247,0.5249026571527805,0.6500000000000006,507500.00000000093,510922.2567030052,0.0001492619051267861,18640.633419773865,-3.2455318432766944e-08,0.000149262,301.043,293.077,317.608,0.0,149262,1,1023,102300000,102300000,102300000,0,301043,1,1023,102300000,102300000,102300000,0,293077,1,1023,102300000,102300000,102300000,0,317608,1,1023,102300000,102300000,102300000,0,0,1,1023,102300000,102300000,102300000,0,1.0,0.525003,0.65,1.0,0.525003,0.65,1.0,0.525003,0.65,1023,102600000,False,1.0,5000.0,300.0,500.0,600000000000.0,100000000000.0,,1022
1,dropped_command,thermal_loop,1029,controller_tick,102400000,102.4,1,0,102400000,1024,102400000,RUNNING,,0,0,62,1,0,reconstructed_from_retained_wire,True,,,317.6086257363951,301.0427506645014,293.07742188288654,0.5249122060372029,0.6500000000000006,508000.0000000009,511418.6265901208,0.00014926462045821242,18641.31163647061,-3.2141542760655284e-08,0.000149265,301.043,293.077,317.609,0.0,149265,1,1024,102400000,102400000,102400000,0,301043,1,1024,102400000,102400000,102400000,0,293077,1,1024,102400000,102400000,102400000,0,317609,1,1024,102400000,102400000,102400000,0,0,1,1024,102400000,102400000,102400000,0,1.0,0.525012,0.65,1.0,0.525012,0.65,1.0,0.525012,0.65,1024,102700000,False,1.0,5000.0,300.0,500.0,600000000000.0,100000000000.0,,1023
1,dropped_command,thermal_loop,1030,controller_tick,102500000,102.5,1,0,102500000,1025,102500000,RUNNING,,0,0,62,1,0,reconstructed_from_retained_wire,True,,,317.6089276579896,301.04275067220055,293.07747040073144,0.5249217026883664,0.6500000000000006,508500.0000000009,511914.998896036,0.00014926732093653092,18641.986155497638,-3.147215466015041e-08,0.000149267,301.043,293.077,317.609,0.0,149267,1,1025,102500000,102500000,102500000,0,301043,1,1025,102500000,102500000,102500000,0,293077,1,1025,102500000,102500000,102500000,0,317609,1,1025,102500000,102500000,102500000,0,0,1,1025,102500000,102500000,102500000,0,1.0,0.525023,0.65,1.0,0.525023,0.65,1.0,0.525023,0.65,1025,102800000,False,1.0,5000.0,300.0,500.0,600000000000.0,100000000000.0,,1024
1,dropped_command,thermal_loop,1031,controller_tick,102600000,102.6,1,0,102600000,1026,102600000,RUNNING,,0,0,62,1,0,reconstructed_from_retained_wire,True,,,317.6092286757432,301.04275103907116,293.0775192058732,0.5249313424020867,0.6500000000000006,509000.0000000009,512411.37363498425,0.00014927006209627776,18642.670848315036,-3.1104718800634146e-08,0.00014927,301.043,293.078,317.609,0.0,149270,1,1026,102600000,102600000,102600000,0,301043,1,1026,102600000,102600000,102600000,0,293078,1,1026,102600000,102600000,102600000,0,317609,1,1026,102600000,102600000,102600000,0,0,1,1026,102600000,102600000,102600000,0,1.0,0.525031,0.65,1.0,0.525031,0.65,1.0,0.525031,0.65,1026,102900000,False,1.0,5000.0,300.0,500.0,600000000000.0,100000000000.0,,1025
1,dropped_command,thermal_loop,1032,controller_tick,102700000,102.7,1,0,102700000,1027,102700000,RUNNING,,0,0,62,1,0,reconstructed_from_retained_wire,True,,,317.60952879342483,301.04275176114305,293.077568296803,0.5249408260764159,0.6500000000000006,509500.0000000009,512907.75082138664,0.0001492727588844892,18643.344470184253,-3.209152055205777e-08,0.000149273,301.043,293.078,317.61,0.0,149273,1,1027,102700000,102700000,102700000,0,301043,1,1027,102700000,102700000,102700000,0,293078,1,1027,102700000,102700000,102700000,0,317610,1,1027,102700000,102700000,102700000,0,0,1,1027,102700000,102700000,102700000,0,1.0,0.52504,0.65,1.0,0.52504,0.65,1.0,0.52504,0.65,1027,103000000,False,1.0,5000.0,300.0,500.0,600000000000.0,100000000000.0,,1026
1,dropped_command,thermal_loop,1033,controller_tick,102800000,102.8,1,0,102800000,1028,102800000,RUNNING,,0,0,62,1,0,reconstructed_from_retained_wire,True,,,317.6098280148072,301.0427528446694,293.07761766522344,0.5249502637230471,0.6500000000000006,510000.0000000009,513404.1304692902,0.00014927544258421313,18644.014834804584,-3.2438492780784145e-08,0.000149275,301.043,293.078,317.61,0.0,149275,1,1028,102800000,102800000,102800000,0,301043,1,1028,102800000,102800000,102800000,0,293078,1,1028,102800000,102800000,102800000,0,317610,1,1028,102800000,102800000,102800000,0,0,1,1028,102800000,102800000,102800000,0,1.0,0.52505,0.65,1.0,0.52505,0.65,1.0,0.52505,0.65,1028,103100000,False,1.0,5000.0,300.0,500.0,600000000000.0,100000000000.0,,1027
1,dropped_command,thermal_loop,1034,controller_tick,102900000,102.9,1,0,102900000,1029,102900000,RUNNING,,0,0,62,1,0,reconstructed_from_retained_wire,True,,,317.6101263436522,301.0427542840266,293.0776673107804,0.5249597548846767,0.6500000000000006,510500.0000000009,513900.51259252935,0.0001492781415015217,18644.68901279865,-3.266814019298181e-08,0.000149278,301.043,293.078,317.61,0.0,149278,1,1029,102900000,102900000,102900000,0,301043,1,1029,102900000,102900000,102900000,0,293078,1,1029,102900000,102900000,102900000,0,317610,1,1029,102900000,102900000,102900000,0,0,1,1029,102900000,102900000,102900000,0,1.0,0.525059,0.65,1.0,0.525059,0.65,1.0,0.525059,0.65,1029,103200000,False,1.0,5000.0,300.0,500.0,600000000000.0,100000000000.0,,1028
1,dropped_command,thermal_loop,1035,controller_tick,103000000,103.0,1,0,103000000,1030,103000000,RUNNING,,0,0,62,1,0,reconstructed_from_retained_wire,True,,,317.6104237836887,301.0427560739207,293.0777172329233,0.5249691993060975,0.6500000000000006,511000.0000000009,514396.8972049788,0.00014928082712773236,18645.35988283255,-3.1417130230693147e-08,0.000149281,301.043,293.078,317.61,0.0,149281,1,1030,103000000,103000000,103000000,0,301043,1,1030,103000000,103000000,103000000,0,293078,1,1030,103000000,103000000,103000000,0,317610,1,1030,103000000,103000000,103000000,0,0,1,1030,103000000,103000000,103000000,0,1.0,0.525067,0.65,1.0,0.525067,0.65,1.0,0.525067,0.65,1030,103300000,False,1.0,5000.0,300.0,500.0,600000000000.0,100000000000.0,,1029
1,dropped_command,thermal_loop,1036,controller_tick,103100000,103.1,1,0,103100000,1031,103100000,RUNNING,,0,0,62,1,0,reconstructed_from_retained_wire,True,,,317.61072033863474,301.04275821984163,293.07776742393736,0.5249785062726465,0.6500000000000006,511500.0000000009,514893.28432030306,0.00014928347366712232,18646.021000776956,-3.1722265703137964e-08,0.000149283,301.043,293.078,317.611,0.0,149283,1,1031,103100000,103100000,103100000,0,301043,1,1031,103100000,103100000,103100000,0,293078,1,1031,103100000,103100000,103100000,0,317611,1,1031,103100000,103100000,103100000,0,0,1,1031,103100000,103100000,103100000,0,1.0,0.525077,0.65,1.0,0.525077,0.65,1.0,0.525077,0.65,1031,103400000,False,1.0,5000.0,300.0,500.0,600000000000.0,100000000000.0,,1030
1,dropped_command,thermal_loop,1037,controller_tick,103200000,103.2,1,0,103200000,1032,103200000,RUNNING,,0,0,62,1,0,reconstructed_from_retained_wire,True,,,317.61101601221196,301.04276072052585,293.07781788063664,0.5249878791900481,0.6500000000000006,512000.0000000008,515389.6739518021,0.0001492861389603703,18646.68681536845,-3.128934622509405e-08,0.000149286,301.043,293.078,317.611,0.0,149286,1,1032,103200000,103200000,103200000,0,301043,1,1032,103200000,103200000,103200000,0,293078,1,1032,103200000,103200000,103200000,0,317611,1,1032,103200000,103200000,103200000,0,0,1,1032,103200000,103200000,103200000,0,1.0,0.525086,0.65,1.0,0.525086,0.65,1.0,0.525086,0.65,1032,103500000,False,1.0,5000.0,300.0,500.0,600000000000.0,100000000000.0,,1031
1,dropped_command,thermal_loop,1038,controller_tick,103300000,103.3,1,0,103300000,1033,103300000,RUNNING,,0,0,62,1,0,reconstructed_from_retained_wire,True,,,317.6113108081104,301.0427635693165,293.0778686034536,0.5249972166196668,0.6500000000000006,512500.0000000008,515886.06611280295,0.00014928879416227275,18647.35012086956,-3.159584593959153e-08,0.000149289,301.043,293.078,317.611,0.0,149289,1,1033,103300000,103300000,103300000,0,301043,1,1033,103300000,103300000,103300000,0,293078,1,1033,103300000,103300000,103300000,0,317611,1,1033,103300000,103300000,103300000,0,0,1,1033,103300000,103300000,103300000,0,1.0,0.525094,0.65,1.0,0.525094,0.65,1.0,0.525094,0.65,1033,103600000,False,1.0,5000.0,300.0,500.0,600000000000.0,100000000000.0,,1032
1,dropped_command,thermal_loop,1039,controller_tick,103400000,103.4,1,0,103400000,1034,103400000,RUNNING,,0,0,62,1,0,reconstructed_from_retained_wire,True,,,317.6116047300056,301.0427667704895,293.07791958555697,0.5250064267760298,0.6500000000000006,513000.0000000008,516382.4608164692,0.00014929141317261027,18648.004396783464,-3.100740286754444e-08,0.000149291,301.043,293.078,317.612,0.0,149291,1,1034,103400000,103400000,103400000,0,301043,1,1034,103400000,103400000,103400000,0,293078,1,1034,103400000,103400000,103400000,0,317612,1,1034,103400000,103400000,103400000,0,0,1,1034,103400000,103400000,103400000,0,1.0,0.525104,0.65,1.0,0.525104,0.65,1.0,0.525104,0.65,1034,103700000,False,1.0,5000.0,300.0,500.0,600000000000.0,100000000000.0,,1033
1,dropped_command,thermal_loop,1040,controller_tick,103500000,103.5,1,0,103500000,1035,103500000,RUNNING,,0,0,62,1,0,reconstructed_from_retained_wire,True,,,317.6118977815735,301.042770321701,293.07797082455374,0.5250157120959528,0.6500000000000006,513500.00000000076,516878.85807564174,0.0001492940535565415,18648.664023824644,-3.1499439501203597e-08,0.000149294,301.043,293.078,317.612,0.0,149294,1,1035,103500000,103500000,103500000,0,301043,1,1035,103500000,103500000,103500000,0,293078,1,1035,103500000,103500000,103500000,0,317612,1,1035,103500000,103500000,103500000,0,0,1,1035,103500000,103500000,103500000,0,1.0,0.525112,0.65,1.0,0.525112,0.65,1.0,0.525112,0.65,1035,103800000,False,1.0,5000.0,300.0,500.0,600000000000.0,100000000000.0,,1034
1,dropped_command,thermal_loop,1041,controller_tick,103600000,103.6,1,0,103600000,1036,103600000,RUNNING,,0,0,62,1,0,reconstructed_from_retained_wire,True,,,317.61218996646085,301.04277422078434,293.0780223179562,0.5250248751015131,0.6500000000000006,514000.00000000076,517375.257903165,0.00014929665915902412,18649.314973117613,-3.128798198304139e-08,0.000149297,301.043,293.078,317.612,0.0,149297,1,1036,103600000,103600000,103600000,0,301043,1,1036,103600000,103600000,103600000,0,293078,1,1036,103600000,103600000,103600000,0,317612,1,1036,103600000,103600000,103600000,0,0,1,1036,103600000,103600000,103600000,0,1.0,0.52512,0.65,1.0,0.52512,0.65,1.0,0.52512,0.65,1036,103900000,False,1.0,5000.0,300.0,500.0,600000000000.0,100000000000.0,,1035
1,dropped_command,thermal_loop,1042,controller_tick,103700000,103.7,1,0,103700000,1037,103700000,RUNNING,,0,0,62,1,0,reconstructed_from_retained_wire,True,,,317.6124812883183,301.04277847580227,293.07807405648225,0.5250339274324615,0.6500000000000006,514500.00000000076,517871.6603115232,0.00014929923328995065,18649.958071128676,-3.2064235711004585e-08,0.000149299,301.043,293.078,317.612,0.0,149299,1,1037,103700000,103700000,103700000,0,301043,1,1037,103700000,103700000,103700000,0,293078,1,1037,103700000,103700000,103700000,0,317612,1,1037,103700000,103700000,103700000,0,0,1,1037,103700000,103700000,103700000,0,1.0,0.52513,0.65,1.0,0.52513,0.65,1.0,0.52513,0.65,1037,104000000,False,1.0,5000.0,300.0,500.0,600000000000.0,100000000000.0,,1036
1,dropped_command,thermal_loop,1043,controller_tick,103800000,103.8,1,0,103800000,1038,103800000,RUNNING,,0,0,62,1,0,reconstructed_from_retained_wire,True,,,317.6127717507966,301.04278308253197,293.0781260390657,0.5250430699460437,0.6500000000000006,515000.00000000076,518368.06531288254,0.00014930183306531154,18650.607587171748,-3.311561158625409e-08,0.000149302,301.043,293.078,317.613,0.0,149302,1,1038,103800000,103800000,103800000,0,301043,1,1038,103800000,103800000,103800000,0,293078,1,1038,103800000,103800000,103800000,0,317613,1,1038,103800000,103800000,103800000,0,0,1,1038,103800000,103800000,103800000,0,1.0,0.525138,0.65,1.0,0.525138,0.65,1.0,0.525138,0.65,1038,104100000,False,1.0,5000.0,300.0,500.0,600000000000.0,100000000000.0,,1037
1,dropped_command,thermal_loop,1044,controller_tick,103900000,103.9,1,0,103900000,1039,103900000,RUNNING,,0,0,62,1,0,reconstructed_from_retained_wire,True,,,317.6130613575122,301.04278803712674,293.0781782644116,0.5250521037350835,0.6500000000000006,515500.0000000007,518864.47291947616,0.00014930440192364026,18651.249390153323,-3.3516244002385065e-08,0.000149304,301.043,293.078,317.613,0.0,149304,1,1039,103900000,103900000,103900000,0,301043,1,1039,103900000,103900000,103900000,0,293078,1,1039,103900000,103900000,103900000,0,317613,1,1039,103900000,103900000,103900000,0,0,1,1039,103900000,103900000,103900000,0,1.0,0.525148,0.65,1.0,0.525148,0.65,1.0,0.525148,0.65,1039,104200000,False,1.0,5000.0,300.0,500.0,600000000000.0,100000000000.0,,1038
1,dropped_command,thermal_loop,1045,controller_tick,104000000,104.0,1,0,104000000,1040,104000000,RUNNING,,0,0,62,1,0,reconstructed_from_retained_wire,True,,,317.6133501120698,301.0427933352521,293.078230731574,0.525061229471253,0.6500000000000006,516000.00000000064,519360.88314335555,0.00014930699692815736,18651.897736704464,-3.324839781271294e-08,0.000149307,301.043,293.078,317.613,0.0,149307,1,1040,104000000,104000000,104000000,0,301043,1,1040,104000000,104000000,104000000,0,293078,1,1040,104000000,104000000,104000000,0,317613,1,1040,104000000,104000000,104000000,0,0,1,1040,104000000,104000000,104000000,0,1.0,0.525156,0.65,1.0,0.525156,0.65,1.0,0.525156,0.65,1040,104300000,False,1.0,5000.0,300.0,500.0,600000000000.0,100000000000.0,,1039
1,dropped_command,thermal_loop,1046,controller_tick,104100000,104.1,1,0,104100000,1041,104100000,RUNNING,,0,0,62,1,0,reconstructed_from_retained_wire,True,,,317.61363801803947,301.0427989729714,293.0782834393636,0.525070248079462,0.6500000000000006,516500.0000000006,519857.29599664436,0.0001493095614696481,18652.53848331933,-3.294462658232078e-08,0.00014931,301.043,293.078,317.614,0.0,149310,1,1041,104100000,104100000,104100000,0,301043,1,1041,104100000,104100000,104100000,0,293078,1,1041,104100000,104100000,104100000,0,317614,1,1041,104100000,104100000,104100000,0,0,1,1041,104100000,104100000,104100000,0,1.0,0.525164,0.65,1.0,0.525164,0.65,1.0,0.525164,0.65,1041,104400000,False,1.0,5000.0,300.0,500.0,600000000000.0,100000000000.0,,1040
1,dropped_command,thermal_loop,1047,controller_tick,104200000,104.2,1,0,104200000,1042,104200000,RUNNING,,0,0,62,1,0,reconstructed_from_retained_wire,True,,,317.61392507899046,301.04280495677693,293.0783363796628,0.5250791697542838,0.6500000000000006,517000.0000000006,520353.7114911675,0.00014931209844705273,18653.17235391985,-3.356717570568435e-08,0.000149312,301.043,293.078,317.614,0.0,149312,1,1042,104200000,104200000,104200000,0,301043,1,1042,104200000,104200000,104200000,0,293078,1,1042,104200000,104200000,104200000,0,317614,1,1042,104200000,104200000,104200000,0,0,1,1042,104200000,104200000,104200000,0,1.0,0.525174,0.65,1.0,0.525174,0.65,1.0,0.525174,0.65,1042,104500000,False,1.0,5000.0,300.0,500.0,600000000000.0,100000000000.0,,1041
1,dropped_command,thermal_loop,1048,controller_tick,104300000,104.3,1,0,104300000,1043,104300000,RUNNING,,0,0,62,1,0,reconstructed_from_retained_wire,True,,,317.61421129848793,301.0428112810557,293.07838955244864,0.5250881940453139,0.6500000000000006,517500.0000000006,520850.1296384871,0.00014931466460451682,18653.813526193186,-3.416153049329296e-08,0.000149315,301.043,293.078,317.614,0.0,149315,1,1043,104300000,104300000,104300000,0,301043,1,1043,104300000,104300000,104300000,0,293078,1,1043,104300000,104300000,104300000,0,317614,1,1043,104300000,104300000,104300000,0,0,1,1043,104300000,104300000,104300000,0,1.0,0.525181,0.65,1.0,0.525181,0.65,1.0,0.525181,0.65,1043,104600000,False,1.0,5000.0,300.0,500.0,600000000000.0,100000000000.0,,1042
1,dropped_command,thermal_loop,1049,controller_tick,104400000,104.4,1,0,104400000,1044,104400000,RUNNING,,0,0,62,1,0,reconstructed_from_retained_wire,True,,,317.6144966800646,301.0428179461816,293.0784429537283,0.5250970256995828,0.6500000000000006,518000.0000000006,521346.5504502205,0.0001493171759835766,18654.44102237068,-3.514651325531304e-08,0.000149317,301.043,293.078,317.614,0.0,149317,1,1044,104400000,104400000,104400000,0,301043,1,1044,104400000,104400000,104400000,0,293078,1,1044,104400000,104400000,104400000,0,317614,1,1044,104400000,104400000,104400000,0,0,1,1044,104400000,104400000,104400000,0,1.0,0.525191,0.65,1.0,0.525191,0.65,1.0,0.525191,0.65,1044,104700000,False,1.0,5000.0,300.0,500.0,600000000000.0,100000000000.0,,1043
1,dropped_command,thermal_loop,1050,controller_tick,104500000,104.5,1,0,104500000,1045,104500000,RUNNING,,0,0,62,1,0,reconstructed_from_retained_wire,True,,,317.6147812272589,301.0428249513755,293.07849658030244,0.5251059685366481,0.6500000000000006,518500.0000000006,521842.97393761657,0.00014931971897870039,18655.076428929908,-3.4909135138150305e-08,0.00014932,301.043,293.078,317.615,0.0,149320,1,1045,104500000,104500000,104500000,0,301043,1,1045,104500000,104500000,104500000,0,293078,1,1045,104500000,104500000,104500000,0,317615,1,1045,104500000,104500000,104500000,0,0,1,1045,104500000,104500000,104500000,0,1.0,0.525199,0.65,1.0,0.525199,0.65,1.0,0.525199,0.65,1045,104800000,False,1.0,5000.0,300.0,500.0,600000000000.0,100000000000.0,,1044
1,dropped_command,thermal_loop,1051,controller_tick,104600000,104.6,1,0,104600000,1046,104600000,RUNNING,,0,0,62,1,0,reconstructed_from_retained_wire,True,,,317.61506494357417,301.0428322906235,293.0785504324826,0.525114821650904,0.6500000000000006,519000.0000000006,522339.40011201135,0.000149322236460146,18655.705471162168,-3.528293746057898e-08,0.000149322,301.043,293.079,317.615,0.0,149322,1,1046,104600000,104600000,104600000,0,301043,1,1046,104600000,104600000,104600000,0,293079,1,1046,104600000,104600000,104600000,0,317615,1,1046,104600000,104600000,104600000,0,0,1,1046,104600000,104600000,104600000,0,1.0,0.525208,0.65,1.0,0.525208,0.65,1.0,0.525208,0.65,1046,104900000,False,1.0,5000.0,300.0,500.0,600000000000.0,100000000000.0,,1045
1,dropped_command,thermal_loop,1052,controller_tick,104700000,104.7,1,0,104700000,1047,104700000,RUNNING,,0,0,62,1,0,reconstructed_from_retained_wire,True,,,317.6153478325017,301.0428399631213,293.0786045071302,0.5251236887431865,0.6500000000000006,519500.0000000006,522835.82898457383,0.00014932475791639883,18656.335517208656,-3.4771346690831706e-08,0.000149325,301.043,293.079,317.615,0.0,149325,1,1047,104700000,104700000,104700000,0,301043,1,1047,104700000,104700000,104700000,0,293079,1,1047,104700000,104700000,104700000,0,317615,1,1047,104700000,104700000,104700000,0,0,1,1047,104700000,104700000,104700000,0,1.0,0.525216,0.65,1.0,0.525216,0.65,1.0,0.525216,0.65,1047,105000000,False,1.0,5000.0,300.0,500.0,600000000000.0,100000000000.0,,1046
1,dropped_command,thermal_loop,1053,controller_tick,104800000,104.8,1,0,104800000,1048,104800000,RUNNING,,0,0,62,1,0,reconstructed_from_retained_wire,True,,,317.615629897514,301.04284796787505,293.0786588012552,0.5251324733207287,0.6500000000000006,520000.0000000005,523332.2605663829,0.0001493272559086681,18656.959710709438,-3.397963155293837e-08,0.000149327,301.043,293.079,317.616,0.0,149327,1,1048,104800000,104800000,104800000,0,301043,1,1048,104800000,104800000,104800000,0,293079,1,1048,104800000,104800000,104800000,0,317616,1,1048,104800000,104800000,104800000,0,0,1,1048,104800000,104800000,104800000,0,1.0,0.525225,0.65,1.0,0.525225,0.65,1.0,0.525225,0.65,1048,105100000,False,1.0,5000.0,300.0,500.0,600000000000.0,100000000000.0,,1047
1,dropped_command,thermal_loop,1054,controller_tick,104900000,104.9,1,0,104900000,1049,104900000,RUNNING,,0,0,62,1,0,reconstructed_from_retained_wire,True,,,317.6159111420749,301.04285630330907,293.0787133122784,0.5251412783984281,0.6500000000000006,520500.0000000005,523828.69486831554,0.00014932975973038493,18657.585371339734,-3.2938714866759256e-08,0.00014933,301.043,293.079,317.616,0.0,149330,1,1049,104900000,104900000,104900000,0,301043,1,1049,104900000,104900000,104900000,0,293079,1,1049,104900000,104900000,104900000,0,317616,1,1049,104900000,104900000,104900000,0,0,1,1049,104900000,104900000,104900000,0,1.0,0.525232,0.65,1.0,0.525232,0.65,1.0,0.525232,0.65,1049,105200000,False,1.0,5000.0,300.0,500.0,600000000000.0,100000000000.0,,1048
1,dropped_command,thermal_loop,1055,controller_tick,105000000,105.0,1,0,105000000,1050,105000000,RUNNING,,0,0,62,1,0,reconstructed_from_retained_wire,True,,,317.61619156963286,301.0428649731921,293.07876803407987,0.5251499117002729,0.6500000000000006,521000.00000000047,524325.1319011237,0.00014933221470572814,18658.19883631337,-3.257537173340097e-08,0.000149332,301.043,293.079,317.616,0.0,149332,1,1050,105000000,105000000,105000000,0,301043,1,1050,105000000,105000000,105000000,0,293079,1,1050,105000000,105000000,105000000,0,317616,1,1050,105000000,105000000,105000000,0,0,1,1050,105000000,105000000,105000000,0,1.0,0.525242,0.65,1.0,0.525242,0.65,1.0,0.525242,0.65,1050,105300000,False,1.0,5000.0,300.0,500.0,600000000000.0,100000000000.0,,1049
1,dropped_command,thermal_loop,1056,controller_tick,105100000,105.1,1,0,105100000,1051,105100000,RUNNING,,0,0,62,1,0,reconstructed_from_retained_wire,True,,,317.6164711836411,301.04287397452856,293.0788229650732,0.5251586750606431,0.6500000000000006,521500.00000000047,524821.5716752119,0.0001493347066646587,18658.821553297148,-3.258674041717313e-08,0.000149335,301.043,293.079,317.616,0.0,149335,1,1051,105100000,105100000,105100000,0,301043,1,1051,105100000,105100000,105100000,0,293079,1,1051,105100000,105100000,105100000,0,317616,1,1051,105100000,105100000,105100000,0,0,1,1051,105100000,105100000,105100000,0,1.0,0.525249,0.65,1.0,0.525249,0.65,1.0,0.525249,0.65,1051,105400000,False,1.0,5000.0,300.0,500.0,600000000000.0,100000000000.0,,1050
1,dropped_command,thermal_loop,1057,controller_tick,105200000,105.2,1,0,105200000,1052,105200000,RUNNING,,0,0,62,1,0,reconstructed_from_retained_wire,True,,,317.61674998751727,301.0428833047844,293.07887810338457,0.5251672706150874,0.6500000000000006,522000.00000000047,525318.0142010865,0.000149337150906109,18659.432356228455,-3.2825482776388526e-08,0.000149337,301.043,293.079,317.617,0.0,149337,1,1052,105200000,105200000,105200000,0,301043,1,1052,105200000,105200000,105200000,0,293079,1,1052,105200000,105200000,105200000,0,317617,1,1052,105200000,105200000,105200000,0,0,1,1052,105200000,105200000,105200000,0,1.0,0.525258,0.65,1.0,0.525258,0.65,1.0,0.525258,0.65,1052,105500000,False,1.0,5000.0,300.0,500.0,600000000000.0,100000000000.0,,1051
1,dropped_command,thermal_loop,1058,controller_tick,105300000,105.3,1,0,105300000,1053,105300000,RUNNING,,0,0,62,1,0,reconstructed_from_retained_wire,True,,,317.6170279846823,301.0428929660473,293.07893344408257,0.525175904657615,0.6500000000000006,522500.00000000047,525814.4594889248,0.00014933960609207357,18660.045904200153,-3.363493306096643e-08,0.00014934,301.043,293.079,317.617,0.0,149340,1,1053,105300000,105300000,105300000,0,301043,1,1053,105300000,105300000,105300000,0,293079,1,1053,105300000,105300000,105300000,0,317617,1,1053,105300000,105300000,105300000,0,0,1,1053,105300000,105300000,105300000,0,1.0,0.525266,0.65,1.0,0.525266,0.65,1.0,0.525266,0.65,1053,105600000,False,1.0,5000.0,300.0,500.0,600000000000.0,100000000000.0,,1052
1,dropped_command,thermal_loop,1059,controller_tick,105400000,105.4,1,0,105400000,1054,105400000,RUNNING,,0,0,62,1,0,reconstructed_from_retained_wire,True,,,317.617305178536,301.04290295465285,293.07898898609176,0.5251844783630187,0.6500000000000006,523000.00000000047,526310.9075488505,0.00014934204412050633,18660.655174507105,-3.3148353395517915e-08,0.000149342,301.043,293.079,317.617,0.0,149342,1,1054,105400000,105400000,105400000,0,301043,1,1054,105400000,105400000,105400000,0,293079,1,1054,105400000,105400000,105400000,0,317617,1,1054,105400000,105400000,105400000,0,0,1,1054,105400000,105400000,105400000,0,1.0,0.525275,0.65,1.0,0.525275,0.65,1.0,0.525275,0.65,1054,105700000,False,1.0,5000.0,300.0,500.0,600000000000.0,100000000000.0,,1053
1,dropped_command,thermal_loop,1060,controller_tick,105500000,105.5,1,0,105500000,1055,105500000,RUNNING,,0,0,62,1,0,reconstructed_from_retained_wire,True,,,317.6175815724622,301.0429132666473,293.079044728551,0.5251930926357169,0.6500000000000006,523500.0000000004,526807.3583908761,0.00014934449368470015,18661.267337651094,-3.2781827030703425e-08,0.000149344,301.043,293.079,317.618,0.0,149344,1,1055,105500000,105500000,105500000,0,301043,1,1055,105500000,105500000,105500000,0,293079,1,1055,105500000,105500000,105500000,0,317618,1,1055,105500000,105500000,105500000,0,0,1,1055,105500000,105500000,105500000,0,1.0,0.525284,0.65,1.0,0.525284,0.65,1.0,0.525284,0.65,1055,105800000,False,1.0,5000.0,300.0,500.0,600000000000.0,100000000000.0,,1054
1,dropped_command,thermal_loop,1061,controller_tick,105600000,105.6,1,0,105600000,1056,105600000,RUNNING,,0,0,62,1,0,reconstructed_from_retained_wire,True,,,317.6178571698117,301.0429238927894,293.07910067414434,0.525201743615221,0.6500000000000006,524000.0000000004,527303.8120250924,0.00014934695368688225,18661.88211942613,-3.3039214031305164e-08,0.000149347,301.043,293.079,317.618,0.0,149347,1,1056,105600000,105600000,105600000,0,301043,1,1056,105600000,105600000,105600000,0,293079,1,1056,105600000,105600000,105600000,0,317618,1,1056,105600000,105600000,105600000,0,0,1,1056,105600000,105600000,105600000,0,1.0,0.525291,0.65,1.0,0.525291,0.65,1.0,0.525291,0.65,1056,105900000,False,1.0,5000.0,300.0,500.0,600000000000.0,100000000000.0,,1055
1,dropped_command,thermal_loop,1062,controller_tick,105700000,105.7,1,0,105700000,1057,105700000,RUNNING,,0,0,62,1,0,reconstructed_from_retained_wire,True,,,317.61813197390967,301.0429348352796,293.0791568179483,0.5252102374832528,0.6500000000000006,524500.0000000003,527800.2684615941,0.00014934936901267088,18662.485745928305,-3.2541265682084486e-08,0.000149349,301.043,293.079,317.618,0.0,149349,1,1057,105700000,105700000,105700000,0,301043,1,1057,105700000,105700000,105700000,0,293079,1,1057,105700000,105700000,105700000,0,317618,1,1057,105700000,105700000,105700000,0,0,1,1057,105700000,105700000,105700000,0,1.0,0.5253,0.65,1.0,0.5253,0.65,1.0,0.5253,0.65,1057,106000000,False,1.0,5000.0,300.0,500.0,600000000000.0,100000000000.0,,1056
1,dropped_command,thermal_loop,1063,controller_tick,105800000,105.8,1,0,105800000,1058,105800000,RUNNING,,0,0,62,1,0,reconstructed_from_retained_wire,True,,,317.61840598808715,301.0429460951927,293.0792131558129,0.5252187795161095,0.6500000000000006,525000.0000000003,528296.7277101229,0.00014935179803466278,18663.092805164488,-3.2956904760794714e-08,0.000149352,301.043,293.079,317.618,0.0,149352,1,1058,105800000,105800000,105800000,0,301043,1,1058,105800000,105800000,105800000,0,293079,1,1058,105800000,105800000,105800000,0,317618,1,1058,105800000,105800000,105800000,0,0,1,1058,105800000,105800000,105800000,0,1.0,0.525307,0.65,1.0,0.525307,0.65,1.0,0.525307,0.65,1058,106100000,False,1.0,5000.0,300.0,500.0,600000000000.0,100000000000.0,,1057
1,dropped_command,thermal_loop,1064,controller_tick,105900000,105.9,1,0,105900000,1059,105900000,RUNNING,,0,0,62,1,0,reconstructed_from_retained_wire,True,,,317.6186792156572,301.042957673425,293.07926968372817,0.5252271748051381,0.6500000000000006,525500.0000000003,528793.189780343,0.00014935418532841609,18663.68944533277,-3.27322595694568e-08,0.000149354,301.043,293.079,317.619,0.0,149354,1,1059,105900000,105900000,105900000,0,301043,1,1059,105900000,105900000,105900000,0,293079,1,1059,105900000,105900000,105900000,0,317619,1,1059,105900000,105900000,105900000,0,0,1,1059,105900000,105900000,105900000,0,1.0,0.525316,0.65,1.0,0.525316,0.65,1.0,0.525316,0.65,1059,106200000,False,1.0,5000.0,300.0,500.0,600000000000.0,100000000000.0,,1058
1,dropped_command,thermal_loop,1065,controller_tick,106000000,106.0,1,0,106000000,1060,106000000,RUNNING,,0,0,62,1,0,reconstructed_from_retained_wire,True,,,317.6189516599352,301.04296956988463,293.0793263983655,0.5252356276400241,0.6500000000000006,526000.0000000003,529289.654681609,0.00014935658898597353,18664.290184830992,-3.2536263461224735e-08,0.000149357,301.043,293.079,317.619,0.0,149357,1,1060,106000000,106000000,106000000,0,301043,1,1060,106000000,106000000,106000000,0,293079,1,1060,106000000,106000000,106000000,0,317619,1,1060,106000000,106000000,106000000,0,0,1,1060,106000000,106000000,106000000,0,1.0,0.525323,0.65,1.0,0.525323,0.65,1.0,0.525323,0.65,1060,106300000,False,1.0,5000.0,300.0,500.0,600000000000.0,100000000000.0,,1059
1,dropped_command,thermal_loop,1066,controller_tick,106100000,106.1,1,0,106100000,1061,106100000,RUNNING,,0,0,62,1,0,reconstructed_from_retained_wire,True,,,317.619223324215,301.04298178442554,293.0793832964526,0.525243942219391,0.6500000000000006,526500.0000000003,529786.1224232371,0.0001493589533290374,18664.881107998466,-3.210243448847905e-08,0.000149359,301.043,293.079,317.619,0.0,149359,1,1061,106100000,106100000,106100000,0,301043,1,1061,106100000,106100000,106100000,0,293079,1,1061,106100000,106100000,106100000,0,317619,1,1061,106100000,106100000,106100000,0,0,1,1061,106100000,106100000,106100000,0,1.0,0.525332,0.65,1.0,0.525332,0.65,1.0,0.525332,0.65,1061,106400000,False,1.0,5000.0,300.0,500.0,600000000000.0,100000000000.0,,1060
1,dropped_command,thermal_loop,1067,controller_tick,106200000,106.2,1,0,106200000,1062,106200000,RUNNING,,0,0,62,1,0,reconstructed_from_retained_wire,True,,,317.61949421179014,301.04299431602567,293.0794403753234,0.5252523220251551,0.6500000000000006,527000.0000000003,530282.5930142688,0.0001493613362199523,18665.47667631787,-3.2250682124868035e-08,0.000149361,301.043,293.079,317.619,0.0,149361,1,1062,106200000,106200000,106200000,0,301043,1,1062,106200000,106200000,106200000,0,293079,1,1062,106200000,106200000,106200000,0,317619,1,1062,106200000,106200000,106200000,0,0,1,1062,106200000,106200000,106200000,0,1.0,0.52534,0.65,1.0,0.52534,0.65,1.0,0.52534,0.65,1062,106500000,False,1.0,5000.0,300.0,500.0,600000000000.0,100000000000.0,,1061
1,dropped_command,thermal_loop,1068,controller_tick,106300000,106.3,1,0,106300000,1063,106300000,RUNNING,,0,0,62,1,0,reconstructed_from_retained_wire,True,,,317.6197643259244,301.0430071582626,293.07949763593155,0.5252606656876221,0.6500000000000006,527500.0000000003,530779.0664637992,0.00014936370883311895,18666.069685306495,-3.2209754863288254e-08,0.000149364,301.043,293.079,317.62,0.0,149364,1,1063,106300000,106300000,106300000,0,301043,1,1063,106300000,106300000,106300000,0,293079,1,1063,106300000,106300000,106300000,0,317620,1,1063,106300000,106300000,106300000,0,0,1,1063,106300000,106300000,106300000,0,1.0,0.525347,0.65,1.0,0.525347,0.65,1.0,0.525347,0.65,1063,106600000,False,1.0,5000.0,300.0,500.0,600000000000.0,100000000000.0,,1062
1,dropped_command,thermal_loop,1069,controller_tick,106400000,106.4,1,0,106400000,1064,106400000,RUNNING,,0,0,62,1,0,reconstructed_from_retained_wire,True,,,317.62003366986943,301.04302031563657,293.07955507196954,0.5252688814836994,0.6500000000000006,528000.0000000002,531275.542780786,0.00014936604508605634,18666.65361565374,-3.197328624082729e-08,0.000149366,301.043,293.08,317.62,0.0,149366,1,1064,106400000,106400000,106400000,0,301043,1,1064,106400000,106400000,106400000,0,293080,1,1064,106400000,106400000,106400000,0,317620,1,1064,106400000,106400000,106400000,0,0,1,1064,106400000,106400000,106400000,0,1.0,0.525356,0.65,1.0,0.525356,0.65,1.0,0.525356,0.65,1064,106700000,False,1.0,5000.0,300.0,500.0,600000000000.0,100000000000.0,,1063
1,dropped_command,thermal_loop,1070,controller_tick,106500000,106.5,1,0,106500000,1065,106500000,RUNNING,,0,0,62,1,0,reconstructed_from_retained_wire,True,,,317.62030224687885,301.04303378602293,293.07961268156856,0.5252771719066468,0.6500000000000006,528500.0000000002,531772.0219738903,0.00014936840255997378,18667.24285929715,-3.177774487994611e-08,0.000149368,301.043,293.08,317.62,0.0,149368,1,1065,106500000,106500000,106500000,0,301043,1,1065,106500000,106500000,106500000,0,293080,1,1065,106500000,106500000,106500000,0,317620,1,1065,106500000,106500000,106500000,0,0,1,1065,106500000,106500000,106500000,0,1.0,0.525364,0.65,1.0,0.525364,0.65,1.0,0.525364,0.65,1065,106800000,False,1.0,5000.0,300.0,500.0,600000000000.0,100000000000.0,,1064
1,dropped_command,thermal_loop,1071,controller_tick,106600000,106.6,1,0,106600000,1066,106600000,RUNNING,,0,0,62,1,0,reconstructed_from_retained_wire,True,,,317.6205700601736,301.04304756202004,293.0796704663966,0.5252854346921967,0.6500000000000006,529000.0000000002,532268.5040518641,0.00014937075217489007,18667.830147860033,-3.150807970087044e-08,0.000149371,301.043,293.08,317.621,0.0,149371,1,1066,106600000,106600000,106600000,0,301043,1,1066,106600000,106600000,106600000,0,293080,1,1066,106600000,106600000,106600000,0,317621,1,1066,106600000,106600000,106600000,0,0,1,1066,106600000,106600000,106600000,0,1.0,0.525371,0.65,1.0,0.525371,0.65,1.0,0.525371,0.65,1066,106900000,False,1.0,5000.0,300.0,500.0,600000000000.0,100000000000.0,,1065
1,dropped_command,thermal_loop,1072,controller_tick,106700000,106.7,1,0,106700000,1067,106700000,RUNNING,,0,0,62,1,0,reconstructed_from_retained_wire,True,,,317.6208371129597,301.04306164726046,293.0797284207855,0.5252935773078131,0.6500000000000006,529500.0000000002,532764.9890233562,0.00014937306761815,18668.408904221378,-3.1267973099602386e-08,0.000149373,301.043,293.08,317.621,0.0,149373,1,1067,106700000,106700000,106700000,0,301043,1,1067,106700000,106700000,106700000,0,293080,1,1067,106700000,106700000,106700000,0,317621,1,1067,106700000,106700000,106700000,0,0,1,1067,106700000,106700000,106700000,0,1.0,0.525379,0.65,1.0,0.525379,0.65,1.0,0.525379,0.65,1067,107000000,False,1.0,5000.0,300.0,500.0,600000000000.0,100000000000.0,,1066
1,dropped_command,thermal_loop,1073,controller_tick,106800000,106.8,1,0,106800000,1068,106800000,RUNNING,,0,0,62,1,0,reconstructed_from_retained_wire,True,,,317.6211034084484,301.04307604430016,293.07978653980695,0.5253017063517593,0.6500000000000006,530000.0000000002,533261.4768966875,0.00014937537920215463,18668.986704892002,-3.209470378351398e-08,0.000149375,301.043,293.08,317.621,0.0,149375,1,1068,106800000,106800000,106800000,0,301043,1,1068,106800000,106800000,106800000,0,293080,1,1068,106800000,106800000,106800000,0,317621,1,1068,106800000,106800000,106800000,0,0,1,1068,106800000,106800000,106800000,0,1.0,0.525388,0.65,1.0,0.525388,0.65,1.0,0.525388,0.65,1068,107100000,False,1.0,5000.0,300.0,500.0,600000000000.0,100000000000.0,,1067
1,dropped_command,thermal_loop,1074,controller_tick,106900000,106.9,1,0,106900000,1069,106900000,RUNNING,,0,0,62,1,0,reconstructed_from_retained_wire,True,,,317.62136894983166,301.0430907442496,293.0798448261826,0.5253099182781324,0.6500000000000006,530500.0000000002,533757.9676801277,0.00014937771435469865,18669.570405804247,-3.1623130780644715e-08,0.000149378,301.043,293.08,317.621,0.0,149378,1,1069,106900000,106900000,106900000,0,301043,1,1069,106900000,106900000,106900000,0,293080,1,1069,106900000,106900000,106900000,0,317621,1,1069,106900000,106900000,106900000,0,0,1,1069,106900000,106900000,106900000,0,1.0,0.525394,0.65,1.0,0.525394,0.65,1.0,0.525394,0.65,1069,107200000,False,1.0,5000.0,300.0,500.0,600000000000.0,100000000000.0,,1068
1,dropped_command,thermal_loop,1075,controller_tick,107000000,107.0,1,0,107000000,1070,107000000,RUNNING,,0,0,62,1,0,reconstructed_from_retained_wire,True,,,317.62163374027153,301.04310574983026,293.07990327491166,0.5253179197118807,0.6500000000000006,531000.0000000002,534254.4613820115,0.00014937998965132505,18670.139153749802,-3.197465048287995e-08,0.00014938,301.043,293.08,317.622,0.0,149380,1,1070,107000000,107000000,107000000,0,301043,1,1070,107000000,107000000,107000000,0,293080,1,1070,107000000,107000000,107000000,0,317622,1,1070,107000000,107000000,107000000,0,0,1,1070,107000000,107000000,107000000,0,1.0,0.525403,0.65,1.0,0.525403,0.65,1.0,0.525403,0.65,1070,107300000,False,1.0,5000.0,300.0,500.0,600000000000.0,100000000000.0,,1069
1,dropped_command,thermal_loop,1076,controller_tick,107100000,107.1,1,0,107100000,1071,107100000,RUNNING,,0,0,62,1,0,reconstructed_from_retained_wire,True,,,317.6218977829436,301.043121062376,293.07996188194113,0.5253260161717719,0.6500000000000006,531500.0000000002,534750.9580102589,0.00014938229196969147,18670.714665043215,-3.2043772080214694e-08,0.000149382,301.043,293.08,317.622,0.0,149382,1,1071,107100000,107100000,107100000,0,301043,1,1071,107100000,107100000,107100000,0,293080,1,1071,107100000,107100000,107100000,0,317622,1,1071,107100000,107100000,107100000,0,0,1,1071,107100000,107100000,107100000,0,1.0,0.525411,0.65,1.0,0.525411,0.65,1.0,0.525411,0.65,1071,107400000,False,1.0,5000.0,300.0,500.0,600000000000.0,100000000000.0,,1070
1,dropped_command,thermal_loop,1077,controller_tick,107200000,107.2,1,0,107200000,1072,107200000,RUNNING,,0,0,62,1,0,reconstructed_from_retained_wire,True,,,317.62216108099005,301.04313667232634,293.0800206504986,0.5253341034522907,0.6500000000000006,532000.0000000002,535247.4575728986,0.0001493845916778013,18671.28953270484,-3.191416908521205e-08,0.000149385,301.043,293.08,317.622,0.0,149385,1,1072,107200000,107200000,107200000,0,301043,1,1072,107200000,107200000,107200000,0,293080,1,1072,107200000,107200000,107200000,0,317622,1,1072,107200000,107200000,107200000,0,0,1,1072,107200000,107200000,107200000,0,1.0,0.525417,0.65,1.0,0.525417,0.65,1.0,0.525417,0.65,1072,107500000,False,1.0,5000.0,300.0,500.0,600000000000.0,100000000000.0,,1071
1,dropped_command,thermal_loop,1078,controller_tick,107300000,107.3,1,0,107300000,1073,107300000,RUNNING,,0,0,62,1,0,reconstructed_from_retained_wire,True,,,317.62242363753774,301.04315258684477,293.080079572682,0.525341992101806,0.6500000000000006,532500.0000000002,535743.9600778689,0.0001493868349029774,18671.85028961763,-3.1269337341655046e-08,0.000149387,301.043,293.08,317.622,0.0,149387,1,1073,107300000,107300000,107300000,0,301043,1,1073,107300000,107300000,107300000,0,293080,1,1073,107300000,107300000,107300000,0,317622,1,1073,107300000,107300000,107300000,0,0,1,1073,107300000,107300000,107300000,0,1.0,0.525426,0.65,1.0,0.525426,0.65,1.0,0.525426,0.65,1073,107600000,False,1.0,5000.0,300.0,500.0,600000000000.0,100000000000.0,,1072
1,dropped_command,thermal_loop,1079,controller_tick,107400000,107.4,1,0,107400000,1074,107400000,RUNNING,,0,0,62,1,0,reconstructed_from_retained_wire,True,,,317.6226854557287,301.0431688059777,293.08013864535593,0.525349986510303,0.6500000000000006,533000.0000000002,536240.4655326767,0.00014938910820189554,18672.41857289449,-3.15530996886082e-08,0.000149389,301.043,293.08,317.623,0.0,149389,1,1074,107400000,107400000,107400000,0,301043,1,1074,107400000,107400000,107400000,0,293080,1,1074,107400000,107400000,107400000,0,317623,1,1074,107400000,107400000,107400000,0,0,1,1074,107400000,107400000,107400000,0,1.0,0.525434,0.65,1.0,0.525434,0.65,1.0,0.525434,0.65,1074,107700000,False,1.0,5000.0,300.0,500.0,600000000000.0,100000000000.0,,1073
1,dropped_command,thermal_loop,1080,controller_tick,107500000,107.5,1,0,107500000,1075,107500000,RUNNING,,0,0,62,1,0,reconstructed_from_retained_wire,True,,,317.62294653866826,301.04318531901913,293.08019787257075,0.5253579814509017,0.6500000000000006,533500.0000000001,536736.9739449811,0.00014939138165212269,18672.98690264453,-3.105560608673841e-08,0.000149391,301.043,293.08,317.623,0.0,149391,1,1075,107500000,107500000,107500000,0,301043,1,1075,107500000,107500000,107500000,0,293080,1,1075,107500000,107500000,107500000,0,317623,1,1075,107500000,107500000,107500000,0,0,1,1075,107500000,107500000,107500000,0,1.0,0.525442,0.65,1.0,0.525442,0.65,1.0,0.525442,0.65,1075,107800000,False,1.0,5000.0,300.0,500.0,600000000000.0,100000000000.0,,1074
1,dropped_command,thermal_loop,1081,controller_tick,107600000,107.6,1,0,107600000,1076,107600000,RUNNING,,0,0,62,1,0,reconstructed_from_retained_wire,True,,,317.623206889432,301.04320212121945,293.08025725442377,0.5253659768729663,0.6500000000000006,534000.0000000001,537233.485322512,0.00014939365523926,18673.555275269864,-3.0951923690736294e-08,0.000149394,301.043,293.08,317.623,0.0,149394,1,1076,107600000,107600000,107600000,0,301043,1,1076,107600000,107600000,107600000,0,293080,1,1076,107600000,107600000,107600000,0,317623,1,1076,107600000,107600000,107600000,0,0,1,1076,107600000,107600000,107600000,0,1.0,0.525448,0.65,1.0,0.525448,0.65,1.0,0.525448,0.65,1076,107900000,False,1.0,5000.0,300.0,500.0,600000000000.0,100000000000.0,,1075
1,dropped_command,thermal_loop,1082,controller_tick,107700000,107.7,1,0,107700000,1077,107700000,RUNNING,,0,0,62,1,0,reconstructed_from_retained_wire,True,,,317.62346651108345,301.0432192187931,293.0803167837221,0.5253737824055149,0.6500000000000006,534500.0000000001,537729.9996728807,0.00014939587482920276,18674.110157514606,-3.120203473372385e-08,0.000149396,301.043,293.08,317.623,0.0,149396,1,1077,107700000,107700000,107700000,0,301043,1,1077,107700000,107700000,107700000,0,293080,1,1077,107700000,107700000,107700000,0,317623,1,1077,107700000,107700000,107700000,0,0,1,1077,107700000,107700000,107700000,0,1.0,0.525456,0.65,1.0,0.525456,0.65,1.0,0.525456,0.65,1077,108000000,False,1.0,5000.0,300.0,500.0,600000000000.0,100000000000.0,,1076
1,dropped_command,thermal_loop,1083,controller_tick,107800000,107.8,1,0,107800000,1078,107800000,RUNNING,,0,0,62,1,0,reconstructed_from_retained_wire,True,,,317.62372540670424,301.0432366163987,293.08037645433217,0.5253816064440885,0.6500000000000006,535000.0,538226.5170032404,0.0001493980996815394,18674.66636359503,-3.045852281502448e-08,0.000149398,301.043,293.08,317.624,0.0,149398,1,1078,107800000,107800000,107800000,0,301043,1,1078,107800000,107800000,107800000,0,293080,1,1078,107800000,107800000,107800000,0,317624,1,1078,107800000,107800000,107800000,0,0,1,1078,107800000,107800000,107800000,0,1.0,0.525464,0.65,1.0,0.525464,0.65,1.0,0.525464,0.65,1078,108100000,False,1.0,5000.0,300.0,500.0,600000000000.0,100000000000.0,,1077
1,dropped_command,thermal_loop,1084,controller_tick,107900000,107.9,1,0,107900000,1079,107900000,RUNNING,,0,0,62,1,0,reconstructed_from_retained_wire,True,,,317.62398357935774,301.04325430723327,293.0804362677798,0.5253894472276056,0.6500000000000006,535500.0,538723.0373206956,0.00014940032929548687,18675.223768372933,-2.9753209673799574e-08,0.0001494,301.043,293.08,317.624,0.0,149400,1,1079,107900000,107900000,107900000,0,301043,1,1079,107900000,107900000,107900000,0,293080,1,1079,107900000,107900000,107900000,0,317624,1,1079,107900000,107900000,107900000,0,0,1,1079,107900000,107900000,107900000,0,1.0,0.525472,0.65,1.0,0.525472,0.65,1.0,0.525472,0.65,1079,108200000,False,1.0,5000.0,300.0,500.0,600000000000.0,100000000000.0,,1078
1,dropped_command,thermal_loop,1085,controller_tick,108000000,108.0,1,0,108000000,1080,108000000,RUNNING,,0,0,62,1,0,reconstructed_from_retained_wire,True,,,317.62424103207803,301.04327228477894,293.0804962254184,0.5253973031625744,0.6500000000000006,536000.0,539219.5606324227,0.00014940256321791805,18675.782258617008,-2.994784153997898e-08,0.000149403,301.043,293.08,317.624,0.0,149403,1,1080,108000000,108000000,108000000,0,301043,1,1080,108000000,108000000,108000000,0,293080,1,1080,108000000,108000000,108000000,0,317624,1,1080,108000000,108000000,108000000,0,0,1,1080,108000000,108000000,108000000,0,1.0,0.525478,0.65,1.0,0.525478,0.65,1.0,0.525478,0.65,1080,108300000,False,1.0,5000.0,300.0,500.0,600000000000.0,100000000000.0,,1079
1,dropped_command,thermal_loop,1086,controller_tick,108100000,108.1,1,0,108100000,1081,108100000,RUNNING,,0,0,62,1,0,reconstructed_from_retained_wire,True,,,317.6244977678822,301.04329055367504,293.08055632118163,0.5254049824819796,0.6500000000000006,536500.0,539716.0869455393,0.00014940474691775056,18676.3282010661,-2.9583134164568037e-08,0.000149405,301.043,293.081,317.624,0.0,149405,1,1081,108100000,108100000,108100000,0,301043,1,1081,108100000,108100000,108100000,0,293081,1,1081,108100000,108100000,108100000,0,317624,1,1081,108100000,108100000,108100000,0,0,1,1081,108100000,108100000,108100000,0,1.0,0.525486,0.65,1.0,0.525486,0.65,1.0,0.525486,0.65,1081,108400000,False,1.0,5000.0,300.0,500.0,600000000000.0,100000000000.0,,1080
1,dropped_command,thermal_loop,1087,controller_tick,108200000,108.2,1,0,108200000,1082,108200000,RUNNING,,0,0,62,1,0,reconstructed_from_retained_wire,True,,,317.62475378980116,301.0433091171797,293.0806165499449,0.5254126923181782,0.6500000000000006,537000.0,540212.6162667585,0.00014940693929537242,18676.876321059222,-2.9894636099925265e-08,0.000149407,301.043,293.081,317.625,0.0,149407,1,1082,108200000,108200000,108200000,0,301043,1,1082,108200000,108200000,108200000,0,293081,1,1082,108200000,108200000,108200000,0,317625,1,1082,108200000,108200000,108200000,0,0,1,1082,108200000,108200000,108200000,0,1.0,0.525494,0.65,1.0,0.525494,0.65,1.0,0.525494,0.65,1082,108500000,False,1.0,5000.0,300.0,500.0,600000000000.0,100000000000.0,,1081
1,dropped_command,thermal_loop,1088,controller_tick,108300000,108.3,1,0,108300000,1083,108300000,RUNNING,,0,0,62,1,0,reconstructed_from_retained_wire,True,,,317.6250091008438,301.04332796724754,293.0806769141373,0.5254204297671133,0.6500000000000006,537500.0,540709.1486027921,0.0001494091395249829,18677.426412227484,-3.057721187360585e-08,0.000149409,301.043,293.081,317.625,0.0,149409,1,1083,108300000,108300000,108300000,0,301043,1,1083,108300000,108300000,108300000,0,293081,1,1083,108300000,108300000,108300000,0,317625,1,1083,108300000,108300000,108300000,0,0,1,1083,108300000,108300000,108300000,0,1.0,0.525502,0.65,1.0,0.525502,0.65,1.0,0.525502,0.65,1083,108600000,False,1.0,5000.0,300.0,500.0,600000000000.0,100000000000.0,,1082
1,dropped_command,thermal_loop,1089,controller_tick,108400000,108.4,1,0,108400000,1084,108400000,RUNNING,,0,0,62,1,0,reconstructed_from_retained_wire,True,,,317.6252637039864,301.0433470962605,293.08073741591977,0.5254281922010857,0.6500000000000006,538000.0,541205.6839604664,0.00014941134685936643,18677.978287838145,-2.9858711059205234e-08,0.000149411,301.043,293.081,317.625,0.0,149411,1,1084,108400000,108400000,108400000,0,301043,1,1084,108400000,108400000,108400000,0,293081,1,1084,108400000,108400000,108400000,0,317625,1,1084,108400000,108400000,108400000,0,0,1,1084,108400000,108400000,108400000,0,1.0,0.52551,0.65,1.0,0.52551,0.65,1.0,0.52551,0.65,1084,108700000,False,1.0,5000.0,300.0,500.0,600000000000.0,100000000000.0,,1083
1,dropped_command,thermal_loop,1090,controller_tick,108500000,108.5,1,0,108500000,1085,108500000,RUNNING,,0,0,62,1,0,reconstructed_from_retained_wire,True,,,317.62551760217406,301.04336649699155,293.0807980572091,0.5254359772424546,0.6500000000000006,538500.0,541702.2223467102,0.00014941356062241445,18678.53177892616,-2.946035237982869e-08,0.000149414,301.043,293.081,317.626,0.0,149414,1,1085,108500000,108500000,108500000,0,301043,1,1085,108500000,108500000,108500000,0,293081,1,1085,108500000,108500000,108500000,0,317626,1,1085,108500000,108500000,108500000,0,0,1,1085,108500000,108500000,108500000,0,1.0,0.525515,0.65,1.0,0.525515,0.65,1.0,0.525515,0.65,1085,108800000,False,1.0,5000.0,300.0,500.0,600000000000.0,100000000000.0,,1084
1,dropped_command,thermal_loop,1091,controller_tick,108600000,108.6,1,0,108600000,1086,108600000,RUNNING,,0,0,62,1,0,reconstructed_from_retained_wire,True,,,317.6257707983385,301.04338617891307,293.08085882880744,0.5254434972520959,0.6500000000000006,539000.0,542198.7637683585,0.00014941569902074476,18679.066434908218,-2.9568127501988783e-08,0.000149416,301.043,293.081,317.626,0.0,149416,1,1086,108600000,108600000,108600000,0,301043,1,1086,108600000,108600000,108600000,0,293081,1,1086,108600000,108600000,108600000,0,317626,1,1086,108600000,108600000,108600000,0,0,1,1086,108600000,108600000,108600000,0,1.0,0.525523,0.65,1.0,0.525523,0.65,1.0,0.525523,0.65,1086,108900000,False,1.0,5000.0,300.0,500.0,600000000000.0,100000000000.0,,1085
1,dropped_command,thermal_loop,1092,controller_tick,108700000,108.7,1,0,108700000,1087,108700000,RUNNING,,0,0,62,1,0,reconstructed_from_retained_wire,True,,,317.62602329544495,301.0434061493905,293.08091972294363,0.5254510629388591,0.6500000000000006,539500.0,542695.3082316344,0.00014941785040787243,18679.604346153952,-3.026525519089773e-08,0.000149418,301.043,293.081,317.626,0.0,149418,1,1087,108700000,108700000,108700000,0,301043,1,1087,108700000,108700000,108700000,0,293081,1,1087,108700000,108700000,108700000,0,317626,1,1087,108700000,108700000,108700000,0,0,1,1087,108700000,108700000,108700000,0,1.0,0.525531,0.65,1.0,0.525531,0.65,1.0,0.525531,0.65,1087,109000000,False,1.0,5000.0,300.0,500.0,600000000000.0,100000000000.0,,1086
1,dropped_command,thermal_loop,1093,controller_tick,108800000,108.8,1,0,108800000,1088,108800000,RUNNING,,0,0,62,1,0,reconstructed_from_retained_wire,True,,,317.62627509643715,301.04342639879997,293.0809807431903,0.5254586699559913,0.6500000000000006,540000.0,543191.8557427559,0.0001494200135477499,18680.145203748034,-3.0110641091596335e-08,0.00014942,301.043,293.081,317.626,0.0,149420,1,1088,108800000,108800000,108800000,0,301043,1,1088,108800000,108800000,108800000,0,293081,1,1088,108800000,108800000,108800000,0,317626,1,1088,108800000,108800000,108800000,0,0,1,1088,108800000,108800000,108800000,0,1.0,0.525538,0.65,1.0,0.525538,0.65,1.0,0.525538,0.65,1088,109100000,False,1.0,5000.0,300.0,500.0,600000000000.0,100000000000.0,,1087
1,dropped_command,thermal_loop,1094,controller_tick,108900000,108.9,1,0,108900000,1089,108900000,RUNNING,,0,0,62,1,0,reconstructed_from_retained_wire,True,,,317.6265262042277,301.0434469235717,293.0810418891003,0.525466219207806,0.6500000000000006,540500.0,543688.4063080485,0.00014942216026141728,18680.681961979135,-2.958404365926981e-08,0.000149422,301.043,293.081,317.627,0.0,149422,1,1089,108900000,108900000,108900000,0,301043,1,1089,108900000,108900000,108900000,0,293081,1,1089,108900000,108900000,108900000,0,317627,1,1089,108900000,108900000,108900000,0,0,1,1089,108900000,108900000,108900000,0,1.0,0.525546,0.65,1.0,0.525546,0.65,1.0,0.525546,0.65,1089,109200000,False,1.0,5000.0,300.0,500.0,600000000000.0,100000000000.0,,1088
1,dropped_command,thermal_loop,1095,controller_tick,109000000,109.0,1,0,109000000,1090,109000000,RUNNING,,0,0,62,1,0,reconstructed_from_retained_wire,True,,,317.62677662171495,301.0434677198774,293.08110316041626,0.5254738113539817,0.6500000000000006,541000.0,544184.9599337573,0.00014942431917257294,18681.221777813218,-2.984143065987155e-08,0.000149424,301.043,293.081,317.627,0.0,149424,1,1090,109000000,109000000,109000000,0,301043,1,1090,109000000,109000000,109000000,0,293081,1,1090,109000000,109000000,109000000,0,317627,1,1090,109000000,109000000,109000000,0,0,1,1090,109000000,109000000,109000000,0,1.0,0.525553,0.65,1.0,0.525553,0.65,1.0,0.525553,0.65,1090,109300000,False,1.0,5000.0,300.0,500.0,600000000000.0,100000000000.0,,1089
1,dropped_command,thermal_loop,1096,controller_tick,109100000,109.1,1,0,109100000,1091,109100000,RUNNING,,0,0,62,1,0,reconstructed_from_retained_wire,True,,,317.6270263517719,301.04348878407677,293.0811645567724,0.5254813471499986,0.6500000000000006,541499.9999999999,544681.5166261748,0.00014942646205993464,18681.757594758103,-2.972683432744816e-08,0.000149426,301.043,293.081,317.627,0.0,149426,1,1091,109100000,109100000,109100000,0,301043,1,1091,109100000,109100000,109100000,0,293081,1,1091,109100000,109100000,109100000,0,317627,1,1091,109100000,109100000,109100000,0,0,1,1091,109100000,109100000,109100000,0,1.0,0.525561,0.65,1.0,0.525561,0.65,1.0,0.525561,0.65,1091,109400000,False,1.0,5000.0,300.0,500.0,600000000000.0,100000000000.0,,1090
1,dropped_command,thermal_loop,1097,controller_tick,109200000,109.2,1,0,109200000,1092,109200000,RUNNING,,0,0,62,1,0,reconstructed_from_retained_wire,True,,,317.6272753972572,301.04351011228806,293.0812260779812,0.5254889271208649,0.6500000000000006,541999.9999999999,545178.0763915167,0.00014942861750890578,18682.296560414623,-2.9943294066470116e-08,0.000149429,301.044,293.081,317.627,0.0,149429,1,1092,109200000,109200000,109200000,0,301044,1,1092,109200000,109200000,109200000,0,293081,1,1092,109200000,109200000,109200000,0,317627,1,1092,109200000,109200000,109200000,0,0,1,1092,109200000,109200000,109200000,0,1.0,0.525566,0.65,1.0,0.525566,0.65,1.0,0.525566,0.65,1092,109500000,False,1.0,5000.0,300.0,500.0,600000000000.0,100000000000.0,,1091
1,dropped_command,thermal_loop,1098,controller_tick,109300000,109.3,1,0,109300000,1093,109300000,RUNNING,,0,0,62,1,0,reconstructed_from_retained_wire,True,,,317.6275237610151,301.0435317117267,293.0812877164743,0.5254962615750423,0.6500000000000006,542499.9999999998,545674.639235927,0.0001494307031424774,18682.81807627244,-3.048080543521792e-08,0.000149431,301.044,293.081,317.628,0.0,149431,1,1093,109300000,109300000,109300000,0,301044,1,1093,109300000,109300000,109300000,0,293081,1,1093,109300000,109300000,109300000,0,317628,1,1093,109300000,109300000,109300000,0,0,1,1093,109300000,109300000,109300000,0,1.0,0.525574,0.65,1.0,0.525574,0.65,1.0,0.525574,0.65,1093,109600000,False,1.0,5000.0,300.0,500.0,600000000000.0,100000000000.0,,1092
1,dropped_command,thermal_loop,1099,controller_tick,109400000,109.4,1,0,109400000,1094,109400000,RUNNING,,0,0,62,1,0,reconstructed_from_retained_wire,True,,,317.62777144591684,301.04355358775723,293.0813494659384,0.5255036593642785,0.6500000000000006,542999.9999999998,546171.2051650148,0.00014943280678607695,18683.344102938758,-3.053310138056986e-08,0.000149433,301.044,293.081,317.628,0.0,149433,1,1094,109400000,109400000,109400000,0,301044,1,1094,109400000,109400000,109400000,0,293081,1,1094,109400000,109400000,109400000,0,317628,1,1094,109400000,109400000,109400000,0,0,1,1094,109400000,109400000,109400000,0,1.0,0.525581,0.65,1.0,0.525581,0.65,1.0,0.525581,0.65,1094,109700000,False,1.0,5000.0,300.0,500.0,600000000000.0,100000000000.0,,1093
1,dropped_command,thermal_loop,1100,controller_tick,109500000,109.5,1,0,109500000,1095,109500000,RUNNING,,0,0,62,1,0,reconstructed_from_retained_wire,True,,,317.6280184548127,301.04357573443315,293.08141132761733,0.5255110192988639,0.6500000000000006,543499.9999999998,546667.7741843917,0.0001494348996652858,18683.867445263473,-3.0197043088264763e-08,0.000149435,301.044,293.081,317.628,0.0,149435,1,1095,109500000,109500000,109500000,0,301044,1,1095,109500000,109500000,109500000,0,293081,1,1095,109500000,109500000,109500000,0,317628,1,1095,109500000,109500000,109500000,0,0,1,1095,109500000,109500000,109500000,0,1.0,0.525588,0.65,1.0,0.525588,0.65,1.0,0.525588,0.65,1095,109800000,False,1.0,5000.0,300.0,500.0,600000000000.0,100000000000.0,,1094
1,dropped_command,thermal_loop,1101,controller_tick,109600000,109.6,1,0,109600000,1096,109600000,RUNNING,,0,0,62,1,0,reconstructed_from_retained_wire,True,,,317.62826479053786,301.04359815125844,293.08147329913834,0.5255183449811449,0.6500000000000006,543999.9999999997,547164.346299608,0.00014943698280447118,18684.388359290635,-2.958904588012956e-08,0.000149437,301.044,293.081,317.628,0.0,149437,1,1096,109600000,109600000,109600000,0,301044,1,1096,109600000,109600000,109600000,0,293081,1,1096,109600000,109600000,109600000,0,317628,1,1096,109600000,109600000,109600000,0,0,1,1096,109600000,109600000,109600000,0,1.0,0.525596,0.65,1.0,0.525596,0.65,1.0,0.525596,0.65,1096,109900000,False,1.0,5000.0,300.0,500.0,600000000000.0,100000000000.0,,1095
1,dropped_command,thermal_loop,1102,controller_tick,109700000,109.7,1,0,109700000,1097,109700000,RUNNING,,0,0,62,1,0,reconstructed_from_retained_wire,True,,,317.6285104559111,301.04362083190324,293.08153538203476,0.5255257348332412,0.6500000000000006,544499.9999999997,547660.9215161632,0.00014943908419105679,18684.91384365711,-3.019977157237008e-08,0.000149439,301.044,293.082,317.629,0.0,149439,1,1097,109700000,109700000,109700000,0,301044,1,1097,109700000,109700000,109700000,0,293082,1,1097,109700000,109700000,109700000,0,317629,1,1097,109700000,109700000,109700000,0,0,1,1097,109700000,109700000,109700000,0,1.0,0.525603,0.65,1.0,0.525603,0.65,1.0,0.525603,0.65,1097,110000000,False,1.0,5000.0,300.0,500.0,600000000000.0,100000000000.0,,1096
1,dropped_command,thermal_loop,1103,controller_tick,109800000,109.8,1,0,109800000,1098,109800000,RUNNING,,0,0,62,1,0,reconstructed_from_retained_wire,True,,,317.62875545371924,301.0436437705052,293.08159757754356,0.5255330875860053,0.6500000000000006,544999.9999999997,548157.4998396891,0.00014944117502803492,18685.436697264082,-3.0346200219355524e-08,0.000149441,301.044,293.082,317.629,0.0,149441,1,1098,109800000,109800000,109800000,0,301044,1,1098,109800000,109800000,109800000,0,293082,1,1098,109800000,109800000,109800000,0,317629,1,1098,109800000,109800000,109800000,0,0,1,1098,109800000,109800000,109800000,0,1.0,0.52561,0.65,1.0,0.52561,0.65,1.0,0.52561,0.65,1098,110100000,False,1.0,5000.0,300.0,500.0,600000000000.0,100000000000.0,,1097
1,dropped_command,thermal_loop,1104,controller_tick,109900000,109.9,1,0,109900000,1099,109900000,RUNNING,,0,0,62,1,0,reconstructed_from_retained_wire,True,,,317.6289997867341,301.04366696665966,293.08165988327994,0.5255404067699057,0.6500000000000006,545499.9999999997,548654.0812757555,0.00014944325631933354,18685.95717105738,-2.9867806006222963e-08,0.000149443,301.044,293.082,317.629,0.0,149443,1,1099,109900000,109900000,109900000,0,301044,1,1099,109900000,109900000,109900000,0,293082,1,1099,109900000,109900000,109900000,0,317629,1,1099,109900000,109900000,109900000,0,0,1,1099,109900000,109900000,109900000,0,1.0,0.525617,0.65,1.0,0.525617,0.65,1.0,0.525617,0.65,1099,110200000,False,1.0,5000.0,300.0,500.0,600000000000.0,100000000000.0,,1098
1,dropped_command,thermal_loop,1105,controller_tick,110000000,110.0,1,0,110000000,1100,110000000,RUNNING,,0,0,62,1,0,reconstructed_from_retained_wire,True,,,317.6292434577175,301.0436904195813,293.0817222971298,0.5255476955794419,0.6500000000000006,545999.9999999995,549150.6658298197,0.0001494453289733441,18686.47549210576,-2.940396370831877e-08,0.000149445,301.044,293.082,317.629,0.0,149445,1,1100,110000000,110000000,110000000,0,301044,1,1100,110000000,110000000,110000000,0,293082,1,1100,110000000,110000000,110000000,0,317629,1,1100,110000000,110000000,110000000,0,0,1,1100,110000000,110000000,110000000,0,1.0,0.525624,0.65,1.0,0.525624,0.65,1.0,0.525624,0.65,1100,110300000,False,1.0,5000.0,300.0,500.0,600000000000.0,100000000000.0,,1099
1,dropped_command,thermal_loop,1106,controller_tick,110100000,110.1,1,0,110100000,1101,110100000,RUNNING,,0,0,62,1,0,reconstructed_from_retained_wire,True,,,317.62948646942016,301.04371412814623,293.08178481722155,0.525554956905117,0.6500000000000006,546499.9999999995,549647.25350724,0.00014944739381201317,18686.99186587276,-2.90501702693291e-08,0.000149447,301.044,293.082,317.629,0.0,149447,1,1101,110100000,110100000,110100000,0,301044,1,1101,110100000,110100000,110100000,0,293082,1,1101,110100000,110100000,110100000,0,317629,1,1101,110100000,110100000,110100000,0,0,1,1101,110100000,110100000,110100000,0,1.0,0.525631,0.65,1.0,0.525631,0.65,1.0,0.525631,0.65,1101,110400000,False,1.0,5000.0,300.0,500.0,600000000000.0,100000000000.0,,1100
1,dropped_command,thermal_loop,1107,controller_tick,110200000,110.2,1,0,110200000,1102,110200000,RUNNING,,0,0,62,1,0,reconstructed_from_retained_wire,True,,,317.6297288245806,301.0437380909298,293.08184744190095,0.525562193362366,0.6500000000000006,546999.9999999995,550143.8443132859,0.00014944945157906894,18687.50647827231,-2.8415342967491597e-08,0.000149449,301.044,293.082,317.63,0.0,149449,1,1102,110200000,110200000,110200000,0,301044,1,1102,110200000,110200000,110200000,0,293082,1,1102,110200000,110200000,110200000,0,317630,1,1102,110200000,110200000,110200000,0,0,1,1102,110200000,110200000,110200000,0,1.0,0.525638,0.65,1.0,0.525638,0.65,1.0,0.525638,0.65,1102,110500000,False,1.0,5000.0,300.0,500.0,600000000000.0,100000000000.0,,1101
1,dropped_command,thermal_loop,1108,controller_tick,110300000,110.3,1,0,110300000,1103,110300000,RUNNING,,0,0,62,1,0,reconstructed_from_retained_wire,True,,,317.6299705259245,301.0437623062411,293.08191016970756,0.5255694073177327,0.6500000000000006,547499.9999999995,550640.4382531496,0.00014945150294746432,18688.01949752891,-2.864635462174192e-08,0.000149452,301.044,293.082,317.63,0.0,149452,1,1103,110300000,110300000,110300000,0,301044,1,1103,110300000,110300000,110300000,0,293082,1,1103,110300000,110300000,110300000,0,317630,1,1103,110300000,110300000,110300000,0,0,1,1103,110300000,110300000,110300000,0,1.0,0.525643,0.65,1.0,0.525643,0.65,1.0,0.525643,0.65,1103,110600000,False,1.0,5000.0,300.0,500.0,600000000000.0,100000000000.0,,1102
1,dropped_command,thermal_loop,1109,controller_tick,110400000,110.4,1,0,110400000,1104,110400000,RUNNING,,0,0,62,1,0,reconstructed_from_retained_wire,True,,,317.63021157617504,301.04378678304687,293.08197299209314,0.5255764105873904,0.6500000000000006,547999.9999999995,551137.0353318326,0.00014945349440503644,18688.51754064201,-2.8465365176089108e-08,0.000149453,301.044,293.082,317.63,0.0,149453,1,1104,110400000,110400000,110400000,0,301044,1,1104,110400000,110400000,110400000,0,293082,1,1104,110400000,110400000,110400000,0,317630,1,1104,110400000,110400000,110400000,0,0,1,1104,110400000,110400000,110400000,0,1.0,0.525652,0.65,1.0,0.525652,0.65,1.0,0.525652,0.65,1104,110700000,False,1.0,5000.0,300.0,500.0,600000000000.0,100000000000.0,,1103
1,dropped_command,thermal_loop,1110,controller_tick,110500000,110.5,1,0,110500000,1105,110500000,RUNNING,,0,0,62,1,0,reconstructed_from_retained_wire,True,,,317.63045197807156,301.04381151758975,293.0820359090111,0.525583603871063,0.6500000000000006,548499.9999999995,551633.6355539366,0.0001494555398952058,18689.029103662462,-2.967908585560508e-08,0.000149456,301.044,293.082,317.63,0.0,149456,1,1105,110500000,110500000,110500000,0,301044,1,1105,110500000,110500000,110500000,0,293082,1,1105,110500000,110500000,110500000,0,317630,1,1105,110500000,110500000,110500000,0,0,1,1105,110500000,110500000,110500000,0,1.0,0.525657,0.65,1.0,0.525657,0.65,1.0,0.525657,0.65,1105,110800000,False,1.0,5000.0,300.0,500.0,600000000000.0,100000000000.0,,1104
1,dropped_command,thermal_loop,1111,controller_tick,110600000,110.6,1,0,110600000,1106,110600000,RUNNING,,0,0,62,1,0,reconstructed_from_retained_wire,True,,,317.63069173431256,301.0438365069206,293.08209891989,0.5255905884361982,0.6500000000000006,548999.9999999995,552130.2389242994,0.0001494575260339391,18689.52582999668,-2.9620878194691613e-08,0.000149458,301.044,293.082,317.631,0.0,149458,1,1106,110600000,110600000,110600000,0,301044,1,1106,110600000,110600000,110600000,0,293082,1,1106,110600000,110600000,110600000,0,317631,1,1106,110600000,110600000,110600000,0,0,1,1106,110600000,110600000,110600000,0,1.0,0.525664,0.65,1.0,0.525664,0.65,1.0,0.525664,0.65,1106,110900000,False,1.0,5000.0,300.0,500.0,600000000000.0,100000000000.0,,1105
1,dropped_command,thermal_loop,1112,controller_tick,110700000,110.7,1,0,110700000,1107,110700000,RUNNING,,0,0,62,1,0,reconstructed_from_retained_wire,True,,,317.63093084761186,301.04386175805325,293.0821620175347,0.5255975744701552,0.6500000000000006,549499.9999999995,552626.8454473726,0.00014945951259034816,18690.022667393263,-2.9696821002289653e-08,0.00014946,301.044,293.082,317.631,0.0,149460,1,1107,110700000,110700000,110700000,0,301044,1,1107,110700000,110700000,110700000,0,293082,1,1107,110700000,110700000,110700000,0,317631,1,1107,110700000,110700000,110700000,0,0,1,1107,110700000,110700000,110700000,0,1.0,0.525671,0.65,1.0,0.525671,0.65,1.0,0.525671,0.65,1107,111000000,False,1.0,5000.0,300.0,500.0,600000000000.0,100000000000.0,,1106
1,dropped_command,thermal_loop,1113,controller_tick,110800000,110.8,1,0,110800000,1108,110800000,RUNNING,,0,0,62,1,0,reconstructed_from_retained_wire,True,,,317.63116932067254,301.0438872663154,293.08222520255737,0.5256045618331568,0.6500000000000006,549999.9999999995,553123.45512751,0.00014946149952468581,18690.51960591542,-2.993147063534707e-08,0.000149461,301.044,293.082,317.631,0.0,149461,1,1108,110800000,110800000,110800000,0,301044,1,1108,110800000,110800000,110800000,0,293082,1,1108,110800000,110800000,110800000,0,317631,1,1108,110800000,110800000,110800000,0,0,1,1108,110800000,110800000,110800000,0,1.0,0.525679,0.65,1.0,0.525679,0.65,1.0,0.525679,0.65,1108,111100000,False,1.0,5000.0,300.0,500.0,600000000000.0,100000000000.0,,1107
1,dropped_command,thermal_loop,1114,controller_tick,110900000,110.9,1,0,110900000,1109,110900000,RUNNING,,0,0,62,1,0,reconstructed_from_retained_wire,True,,,317.6314071561703,301.04391302166846,293.0822884791623,0.5256116455613098,0.6500000000000006,550499.9999999995,553620.0679691561,0.00014946351386152542,18691.023404633033,-2.858450898202136e-08,0.000149464,301.044,293.082,317.631,0.0,149464,1,1109,110900000,110900000,110900000,0,301044,1,1109,110900000,110900000,110900000,0,293082,1,1109,110900000,110900000,110900000,0,317631,1,1109,110900000,110900000,110900000,0,0,1,1109,110900000,110900000,110900000,0,1.0,0.525684,0.65,1.0,0.525684,0.65,1.0,0.525684,0.65,1109,111200000,False,1.0,5000.0,300.0,500.0,600000000000.0,100000000000.0,,1108
1,dropped_command,thermal_loop,1115,controller_tick,111000000,111.0,1,0,111000000,1110,111000000,RUNNING,,0,0,62,1,0,reconstructed_from_retained_wire,True,,,317.63164435674935,301.0439390258562,293.0823518437129,0.5256185309965116,0.6500000000000006,550999.9999999995,554116.6839768916,0.00014946547181156027,18691.513107152154,-2.852311808965169e-08,0.000149465,301.044,293.082,317.632,0.0,149465,1,1110,111000000,111000000,111000000,0,301044,1,1110,111000000,111000000,111000000,0,293082,1,1110,111000000,111000000,111000000,0,317632,1,1110,111000000,111000000,111000000,0,0,1,1110,111000000,111000000,111000000,0,1.0,0.525693,0.65,1.0,0.525693,0.65,1.0,0.525693,0.65,1110,111300000,False,1.0,5000.0,300.0,500.0,600000000000.0,100000000000.0,,1109
1,dropped_command,thermal_loop,1116,controller_tick,111100000,111.1,1,0,111100000,1111,111100000,RUNNING,,0,0,62,1,0,reconstructed_from_retained_wire,True,,,317.63188092506095,301.04396527394425,293.08241529704225,0.5256256176591593,0.6500000000000006,551499.9999999995,554613.303155009,0.00014946748698285603,18692.017127969175,-2.900287654483691e-08,0.000149467,301.044,293.082,317.632,0.0,149467,1,1111,111100000,111100000,111100000,0,301044,1,1111,111100000,111100000,111100000,0,293082,1,1111,111100000,111100000,111100000,0,317632,1,1111,111100000,111100000,111100000,0,0,1,1111,111100000,111100000,111100000,0,1.0,0.5257,0.65,1.0,0.5257,0.65,1.0,0.5257,0.65,1111,111400000,False,1.0,5000.0,300.0,500.0,600000000000.0,100000000000.0,,1110
1,dropped_command,thermal_loop,1117,controller_tick,111200000,111.2,1,0,111200000,1112,111200000,RUNNING,,0,0,62,1,0,reconstructed_from_retained_wire,True,,,317.63211686370136,301.04399175105857,293.08247884662194,0.5256326960747657,0.6500000000000006,551999.9999999995,555109.9255082008,0.000149469499809014,18692.520569019965,-2.8227987058926374e-08,0.000149469,301.044,293.082,317.632,0.0,149469,1,1112,111200000,111200000,111200000,0,301044,1,1112,111200000,111200000,111200000,0,293082,1,1112,111200000,111200000,111200000,0,317632,1,1112,111200000,111200000,111200000,0,0,1,1112,111200000,111200000,111200000,0,1.0,0.525706,0.65,1.0,0.525706,0.65,1.0,0.525706,0.65,1112,111500000,False,1.0,5000.0,300.0,500.0,600000000000.0,100000000000.0,,1111
1,dropped_command,thermal_loop,1118,controller_tick,111300000,111.3,1,0,111300000,1113,111300000,RUNNING,,0,0,62,1,0,reconstructed_from_retained_wire,True,,,317.63235217524357,301.0440184594884,293.08254248849556,0.5256396718655586,0.6500000000000006,552499.9999999995,555606.5510412097,0.0001494714834526655,18693.016717677034,-2.8311660571489483e-08,0.000149471,301.044,293.083,317.632,0.0,149471,1,1113,111300000,111300000,111300000,0,301044,1,1113,111300000,111300000,111300000,0,293083,1,1113,111300000,111300000,111300000,0,317632,1,1113,111300000,111300000,111300000,0,0,1,1113,111300000,111300000,111300000,0,1.0,0.525713,0.65,1.0,0.525713,0.65,1.0,0.525713,0.65,1113,111600000,False,1.0,5000.0,300.0,500.0,600000000000.0,100000000000.0,,1112
1,dropped_command,thermal_loop,1119,controller_tick,111400000,111.4,1,0,111400000,1114,111400000,RUNNING,,0,0,62,1,0,reconstructed_from_retained_wire,True,,,317.6325868622641,301.04404540066906,293.08260621929315,0.5256466499601622,0.6500000000000006,552999.9999999995,556103.1797585331,0.00014947346775143116,18693.513036778873,-2.78878360404633e-08,0.000149473,301.044,293.083,317.633,0.0,149473,1,1114,111400000,111400000,111400000,0,301044,1,1114,111400000,111400000,111400000,0,293083,1,1114,111400000,111400000,111400000,0,317633,1,1114,111400000,111400000,111400000,0,0,1,1114,111400000,111400000,111400000,0,1.0,0.525719,0.65,1.0,0.525719,0.65,1.0,0.525719,0.65,1114,111700000,False,1.0,5000.0,300.0,500.0,600000000000.0,100000000000.0,,1113
1,dropped_command,thermal_loop,1120,controller_tick,111500000,111.5,1,0,111500000,1115,111500000,RUNNING,,0,0,62,1,0,reconstructed_from_retained_wire,True,,,317.6328209273298,301.0440725756854,293.08267003589367,0.5256535349767578,0.6500000000000006,553499.9999999995,556599.8116645692,0.00014947542558243067,18694.002742136647,-2.7459009288577363e-08,0.000149475,301.044,293.083,317.633,0.0,149475,1,1115,111500000,111500000,111500000,0,301044,1,1115,111500000,111500000,111500000,0,293083,1,1115,111500000,111500000,111500000,0,317633,1,1115,111500000,111500000,111500000,0,0,1,1115,111500000,111500000,111500000,0,1.0,0.525726,0.65,1.0,0.525726,0.65,1.0,0.525726,0.65,1115,111800000,False,1.0,5000.0,300.0,500.0,600000000000.0,100000000000.0,,1114
1,dropped_command,thermal_loop,1121,controller_tick,111600000,111.6,1,0,111600000,1116,111600000,RUNNING,,0,0,62,1,0,reconstructed_from_retained_wire,True,,,317.6330543730078,301.0440999848949,293.0827339356775,0.5256604309354711,0.6500000000000006,553999.9999999995,557096.4467635098,0.00014947738652494296,18694.493232195637,-2.6768248062580824e-08,0.000149477,301.044,293.083,317.633,0.0,149477,1,1116,111600000,111600000,111600000,0,301044,1,1116,111600000,111600000,111600000,0,293083,1,1116,111600000,111600000,111600000,0,317633,1,1116,111600000,111600000,111600000,0,0,1,1116,111600000,111600000,111600000,0,1.0,0.525732,0.65,1.0,0.525732,0.65,1.0,0.525732,0.65,1116,111900000,False,1.0,5000.0,300.0,500.0,600000000000.0,100000000000.0,,1115
1,dropped_command,thermal_loop,1122,controller_tick,111700000,111.7,1,0,111700000,1117,111700000,RUNNING,,0,0,62,1,0,reconstructed_from_retained_wire,True,,,317.6332872018523,301.0441276284194,293.08279791619714,0.5256672416324398,0.6500000000000006,554499.9999999995,557593.0850594828,0.00014947932322233043,18694.977664143415,-2.7335318009136245e-08,0.000149479,301.044,293.083,317.633,0.0,149479,1,1117,111700000,111700000,111700000,0,301044,1,1117,111700000,111700000,111700000,0,293083,1,1117,111700000,111700000,111700000,0,317633,1,1117,111700000,111700000,111700000,0,0,1,1117,111700000,111700000,111700000,0,1.0,0.525739,0.65,1.0,0.525739,0.65,1.0,0.525739,0.65,1117,112000000,False,1.0,5000.0,300.0,500.0,600000000000.0,100000000000.0,,1116
1,dropped_command,thermal_loop,1123,controller_tick,111800000,111.8,1,0,111800000,1118,111800000,RUNNING,,0,0,62,1,0,reconstructed_from_retained_wire,True,,,317.6335194164152,301.0441555057565,293.08286197543737,0.525674070343974,0.6500000000000006,554999.9999999995,558089.7265564423,0.00014948126504235983,18695.463383734437,-2.7910573408007622e-08,0.000149481,301.044,293.083,317.634,0.0,149481,1,1118,111800000,111800000,111800000,0,301044,1,1118,111800000,111800000,111800000,0,293083,1,1118,111800000,111800000,111800000,0,317634,1,1118,111800000,111800000,111800000,0,0,1,1118,111800000,111800000,111800000,0,1.0,0.525745,0.65,1.0,0.525745,0.65,1.0,0.525745,0.65,1118,112100000,False,1.0,5000.0,300.0,500.0,600000000000.0,100000000000.0,,1117
1,dropped_command,thermal_loop,1124,controller_tick,111900000,111.9,1,0,111900000,1119,111900000,RUNNING,,0,0,62,1,0,reconstructed_from_retained_wire,True,,,317.6337510192333,301.04418361626165,293.0829261114926,0.5256808201931787,0.6500000000000006,555499.9999999995,558586.3712583071,0.0001494831844370093,18695.943500125737,-2.6731868274509907e-08,0.000149483,301.044,293.083,317.634,0.0,149483,1,1119,111900000,111900000,111900000,0,301044,1,1119,111900000,111900000,111900000,0,293083,1,1119,111900000,111900000,111900000,0,317634,1,1119,111900000,111900000,111900000,0,0,1,1119,111900000,111900000,111900000,0,1.0,0.525751,0.65,1.0,0.525751,0.65,1.0,0.525751,0.65,1119,112200000,False,1.0,5000.0,300.0,500.0,600000000000.0,100000000000.0,,1118
1,dropped_command,thermal_loop,1125,controller_tick,112000000,112.0,1,0,112000000,1120,112000000,RUNNING,,0,0,62,1,0,reconstructed_from_retained_wire,True,,,317.63398201284406,301.04421196419634,293.08299031920234,0.5256874986847971,0.6500000000000006,555999.9999999995,559083.0191687861,0.00014948508354033587,18696.418546923385,-2.592878445284441e-08,0.000149485,301.044,293.083,317.634,0.0,149485,1,1120,112000000,112000000,112000000,0,301044,1,1120,112000000,112000000,112000000,0,293083,1,1120,112000000,112000000,112000000,0,317634,1,1120,112000000,112000000,112000000,0,0,1,1120,112000000,112000000,112000000,0,1.0,0.525758,0.65,1.0,0.525758,0.65,1.0,0.525758,0.65,1120,112300000,False,1.0,5000.0,300.0,500.0,600000000000.0,100000000000.0,,1119
1,dropped_command,thermal_loop,1126,controller_tick,112100000,112.1,1,0,112100000,1121,112100000,RUNNING,,0,0,62,1,0,reconstructed_from_retained_wire,True,,,317.6342123997834,301.0442405474982,293.08305459763795,0.5256942077719832,0.6500000000000006,556499.9999999995,559579.6702914069,0.00014948699134385222,18696.895776086523,-2.564229362178594e-08,0.000149487,301.044,293.083,317.634,0.0,149487,1,1121,112100000,112100000,112100000,0,301044,1,1121,112100000,112100000,112100000,0,293083,1,1121,112100000,112100000,112100000,0,317634,1,1121,112100000,112100000,112100000,0,0,1,1121,112100000,112100000,112100000,0,1.0,0.525764,0.65,1.0,0.525764,0.65,1.0,0.525764,0.65,1121,112400000,False,1.0,5000.0,300.0,500.0,600000000000.0,100000000000.0,,1120
1,dropped_command,thermal_loop,1127,controller_tick,112200000,112.2,1,0,112200000,1122,112200000,RUNNING,,0,0,62,1,0,reconstructed_from_retained_wire,True,,,317.6344421825678,301.0442693641289,293.083118945869,0.5257008493806017,0.6500000000000006,556999.9999999995,560076.3246297134,0.0001494888799590878,18697.36821137958,-2.5013832782860845e-08,0.000149489,301.044,293.083,317.634,0.0,149489,1,1122,112200000,112200000,112200000,0,301044,1,1122,112200000,112200000,112200000,0,293083,1,1122,112200000,112200000,112200000,0,317634,1,1122,112200000,112200000,112200000,0,0,1,1122,112200000,112200000,112200000,0,1.0,0.52577,0.65,1.0,0.52577,0.65,1.0,0.52577,0.65,1122,112500000,False,1.0,5000.0,300.0,500.0,600000000000.0,100000000000.0,,1121
1,dropped_command,thermal_loop,1128,controller_tick,112300000,112.3,1,0,112300000,1123,112300000,RUNNING,,0,0,62,1,0,reconstructed_from_retained_wire,True,,,317.6346713637107,301.0442984171068,293.0831833596093,0.5257074299320875,0.6500000000000006,557499.9999999995,560572.982187086,0.00014949075121204906,18697.83630940297,-2.4986547941807657e-08,0.000149491,301.044,293.083,317.635,0.0,149491,1,1123,112300000,112300000,112300000,0,301044,1,1123,112300000,112300000,112300000,0,293083,1,1123,112300000,112300000,112300000,0,317635,1,1123,112300000,112300000,112300000,0,0,1,1123,112300000,112300000,112300000,0,1.0,0.525776,0.65,1.0,0.525776,0.65,1.0,0.525776,0.65,1123,112600000,False,1.0,5000.0,300.0,500.0,600000000000.0,100000000000.0,,1122
1,dropped_command,thermal_loop,1129,controller_tick,112400000,112.4,1,0,112400000,1124,112400000,RUNNING,,0,0,62,1,0,reconstructed_from_retained_wire,True,,,317.63489994572586,301.0443277087082,293.0832478350832,0.5257139552367951,0.6500000000000006,557999.9999999995,561069.6429667037,0.00014949260675497478,18698.300483312487,-2.4877408577594906e-08,0.000149493,301.044,293.083,317.635,0.0,149493,1,1124,112400000,112400000,112400000,0,301044,1,1124,112400000,112400000,112400000,0,293083,1,1124,112400000,112400000,112400000,0,317635,1,1124,112400000,112400000,112400000,0,0,1,1124,112400000,112400000,112400000,0,1.0,0.525783,0.65,1.0,0.525783,0.65,1.0,0.525783,0.65,1124,112700000,False,1.0,5000.0,300.0,500.0,600000000000.0,100000000000.0,,1123
1,dropped_command,thermal_loop,1130,controller_tick,112500000,112.5,1,0,112500000,1125,112500000,RUNNING,,0,0,62,1,0,reconstructed_from_retained_wire,True,,,317.63512793111994,301.04435723509823,293.08331237260415,0.5257205257147323,0.6500000000000006,558499.9999999994,561566.3069716296,0.0001494944751434105,18698.767876415935,-2.486922312527895e-08,0.000149494,301.044,293.083,317.635,0.0,149494,1,1125,112500000,112500000,112500000,0,301044,1,1125,112500000,112500000,112500000,0,293083,1,1125,112500000,112500000,112500000,0,317635,1,1125,112500000,112500000,112500000,0,0,1,1125,112500000,112500000,112500000,0,1.0,0.525791,0.65,1.0,0.525791,0.65,1.0,0.525791,0.65,1125,112800000,False,1.0,5000.0,300.0,500.0,600000000000.0,100000000000.0,,1124
1,dropped_command,thermal_loop,1131,controller_tick,112600000,112.6,1,0,112600000,1126,112600000,RUNNING,,0,0,62,1,0,reconstructed_from_retained_wire,True,,,317.63535532236403,301.04438698176665,293.0833769796151,0.52572723222968,0.6500000000000006,558999.9999999994,562062.974205124,0.0001494963822154823,18699.244952580957,-2.4577730073360726e-08,0.000149496,301.044,293.083,317.635,0.0,149496,1,1126,112600000,112600000,112600000,0,301044,1,1126,112600000,112600000,112600000,0,293083,1,1126,112600000,112600000,112600000,0,317635,1,1126,112600000,112600000,112600000,0,0,1,1126,112600000,112600000,112600000,0,1.0,0.525797,0.65,1.0,0.525797,0.65,1.0,0.525797,0.65,1126,112900000,False,1.0,5000.0,300.0,500.0,600000000000.0,100000000000.0,,1125
1,dropped_command,thermal_loop,1132,controller_tick,112700000,112.7,1,0,112700000,1127,112700000,RUNNING,,0,0,62,1,0,reconstructed_from_retained_wire,True,,,317.63558212188065,301.04441694105645,293.08344165900087,0.525733871510841,0.6500000000000006,559499.9999999994,562559.6446707976,0.0001494982701688795,18699.71725198284,-2.426850187475793e-08,0.000149498,301.044,293.083,317.636,0.0,149498,1,1127,112700000,112700000,112700000,0,301044,1,1127,112700000,112700000,112700000,0,293083,1,1127,112700000,112700000,112700000,0,317636,1,1127,112700000,112700000,112700000,0,0,1,1127,112700000,112700000,112700000,0,1.0,0.525803,0.65,1.0,0.525803,0.65,1.0,0.525803,0.65,1127,113000000,False,1.0,5000.0,300.0,500.0,600000000000.0,100000000000.0,,1126
1,dropped_command,thermal_loop,1133,controller_tick,112800000,112.8,1,0,112800000,1128,112800000,RUNNING,,0,0,62,1,0,reconstructed_from_retained_wire,True,,,317.6358083320843,301.0444471162501,293.0835064063681,0.5257404499563563,0.6500000000000006,559999.9999999994,563056.3183721574,0.00014950014082298457,18700.185229594306,-2.3835582396714017e-08,0.0001495,301.044,293.084,317.636,0.0,149500,1,1128,112800000,112800000,112800000,0,301044,1,1128,112800000,112800000,112800000,0,293084,1,1128,112800000,112800000,112800000,0,317636,1,1128,112800000,112800000,112800000,0,0,1,1128,112800000,112800000,112800000,0,1.0,0.525809,0.65,1.0,0.525809,0.65,1.0,0.525809,0.65,1128,113100000,False,1.0,5000.0,300.0,500.0,600000000000.0,100000000000.0,,1127
1,dropped_command,thermal_loop,1134,controller_tick,112900000,112.9,1,0,112900000,1129,112900000,RUNNING,,0,0,62,1,0,reconstructed_from_retained_wire,True,,,317.636033955391,301.0444775098866,293.08357121783433,0.5257469733555027,0.6500000000000006,560499.9999999994,563552.9953125033,0.00014950199582404282,18700.649297098316,-2.3730535758659244e-08,0.000149502,301.044,293.084,317.636,0.0,149502,1,1129,112900000,112900000,112900000,0,301044,1,1129,112900000,112900000,112900000,0,293084,1,1129,112900000,112900000,112900000,0,317636,1,1129,112900000,112900000,112900000,0,0,1,1129,112900000,112900000,112900000,0,1.0,0.525815,0.65,1.0,0.525815,0.65,1.0,0.525815,0.65,1129,113200000,False,1.0,5000.0,300.0,500.0,600000000000.0,100000000000.0,,1128
1,dropped_command,thermal_loop,1135,controller_tick,113000000,113.0,1,0,113000000,1130,113000000,RUNNING,,0,0,62,1,0,reconstructed_from_retained_wire,True,,,317.63625899421606,301.0445081238381,293.08363608997666,0.525753446946635,0.6500000000000006,560999.9999999994,564049.6754949528,0.00014950383666163862,18701.109827006843,-2.373235474806279e-08,0.000149504,301.045,293.084,317.636,0.0,149504,1,1130,113000000,113000000,113000000,0,301045,1,1130,113000000,113000000,113000000,0,293084,1,1130,113000000,113000000,113000000,0,317636,1,1130,113000000,113000000,113000000,0,0,1,1130,113000000,113000000,113000000,0,1.0,0.525821,0.65,1.0,0.525821,0.65,1.0,0.525821,0.65,1130,113300000,False,1.0,5000.0,300.0,500.0,600000000000.0,100000000000.0,,1129
1,dropped_command,thermal_loop,1136,controller_tick,113100000,113.1,1,0,113100000,1131,113100000,RUNNING,,0,0,62,1,0,reconstructed_from_retained_wire,True,,,317.6364834509723,301.0445389593799,293.0837010197851,0.5257598754696123,0.6500000000000006,561499.9999999994,564546.3589224627,0.00014950566468360362,18701.567156387777,-2.4016117095015943e-08,0.000149506,301.045,293.084,317.636,0.0,149506,1,1131,113100000,113100000,113100000,0,301045,1,1131,113100000,113100000,113100000,0,293084,1,1131,113100000,113100000,113100000,0,317636,1,1131,113100000,113100000,113100000,0,0,1,1131,113100000,113100000,113100000,0,1.0,0.525827,0.65,1.0,0.525827,0.65,1.0,0.525827,0.65,1131,113400000,False,1.0,5000.0,300.0,500.0,600000000000.0,100000000000.0,,1130
1,dropped_command,thermal_loop,1137,controller_tick,113200000,113.2,1,0,113200000,1132,113200000,RUNNING,,0,0,62,1,0,reconstructed_from_retained_wire,True,,,317.63670732806844,301.0445700172529,293.08376600462043,0.5257662632132367,0.6500000000000006,561999.9999999994,565043.045597849,0.00014950748110950627,18702.021590237306,-2.3359916667686775e-08,0.000149507,301.045,293.084,317.637,0.0,149507,1,1132,113200000,113200000,113200000,0,301045,1,1132,113200000,113200000,113200000,0,293084,1,1132,113200000,113200000,113200000,0,317637,1,1132,113200000,113200000,113200000,0,0,1,1132,113200000,113200000,113200000,0,1.0,0.525834,0.65,1.0,0.525834,0.65,1.0,0.525834,0.65,1132,113500000,False,1.0,5000.0,300.0,500.0,600000000000.0,100000000000.0,,1131
1,dropped_command,thermal_loop,1138,controller_tick,113300000,113.3,1,0,113300000,1133,113300000,RUNNING,,0,0,62,1,0,reconstructed_from_retained_wire,True,,,317.63693062790173,301.0446012922748,293.08383104580605,0.5257727092207586,0.6500000000000006,562499.9999999994,565539.735523865,0.00014950931410339583,18702.480174666485,-2.3522261471953243e-08,0.000149509,301.045,293.084,317.637,0.0,149509,1,1133,113300000,113300000,113300000,0,301045,1,1133,113300000,113300000,113300000,0,293084,1,1133,113300000,113300000,113300000,0,317637,1,1133,113300000,113300000,113300000,0,0,1,1133,113300000,113300000,113300000,0,1.0,0.52584,0.65,1.0,0.52584,0.65,1.0,0.52584,0.65,1133,113600000,False,1.0,5000.0,300.0,500.0,600000000000.0,100000000000.0,,1132
1,dropped_command,thermal_loop,1139,controller_tick,113400000,113.4,1,0,113400000,1134,113400000,RUNNING,,0,0,62,1,0,reconstructed_from_retained_wire,True,,,317.6371533528419,301.0446327796488,293.08389614442086,0.5257791127850531,0.6500000000000006,562999.9999999994,566036.4287033872,0.0001495111350280819,18702.935745149618,-2.3601387511007488e-08,0.000149511,301.045,293.084,317.637,0.0,149511,1,1134,113400000,113400000,113400000,0,301045,1,1134,113400000,113400000,113400000,0,293084,1,1134,113400000,113400000,113400000,0,317637,1,1134,113400000,113400000,113400000,0,0,1,1134,113400000,113400000,113400000,0,1.0,0.525846,0.65,1.0,0.525846,0.65,1.0,0.525846,0.65,1134,113700000,False,1.0,5000.0,300.0,500.0,600000000000.0,100000000000.0,,1133
1,dropped_command,thermal_loop,1140,controller_tick,113500000,113.5,1,0,113500000,1135,113500000,RUNNING,,0,0,62,1,0,reconstructed_from_retained_wire,True,,,317.6373755052481,301.04466447996043,293.08396129796927,0.5257854779451273,0.6500000000000006,563499.9999999994,566533.1251392231,0.00014951294503210108,18703.388588929764,-2.3443590180249885e-08,0.000149513,301.045,293.084,317.637,0.0,149513,1,1135,113500000,113500000,113500000,0,301045,1,1135,113500000,113500000,113500000,0,293084,1,1135,113500000,113500000,113500000,0,317637,1,1135,113500000,113500000,113500000,0,0,1,1135,113500000,113500000,113500000,0,1.0,0.525852,0.65,1.0,0.525852,0.65,1.0,0.525852,0.65,1135,113800000,False,1.0,5000.0,300.0,500.0,600000000000.0,100000000000.0,,1134
1,dropped_command,thermal_loop,1141,controller_tick,113600000,113.6,1,0,113600000,1136,113600000,RUNNING,,0,0,62,1,0,reconstructed_from_retained_wire,True,,,317.6375970874734,301.04469639334724,293.0840265042685,0.5257918083556261,0.6500000000000006,563999.9999999993,567029.8248340638,0.00014951474515469224,18703.83896591892,-2.3590473574586213e-08,0.000149515,301.045,293.084,317.638,0.0,149515,1,1136,113600000,113600000,113600000,0,301045,1,1136,113600000,113600000,113600000,0,293084,1,1136,113600000,113600000,113600000,0,317638,1,1136,113600000,113600000,113600000,0,0,1,1136,113600000,113600000,113600000,0,1.0,0.525857,0.65,1.0,0.525857,0.65,1.0,0.525857,0.65,1136,113900000,False,1.0,5000.0,300.0,500.0,600000000000.0,100000000000.0,,1135
1,dropped_command,thermal_loop,1142,controller_tick,113700000,113.7,1,0,113700000,1137,113700000,RUNNING,,0,0,62,1,0,reconstructed_from_retained_wire,True,,,317.63781810186936,301.0447285249926,293.08409175778615,0.5257980121608268,0.6500000000000006,564499.9999999993,567526.5277904369,0.00014951650927565955,18704.28034083634,-2.4193013814510778e-08,0.000149517,301.045,293.084,317.638,0.0,149517,1,1137,113700000,113700000,113700000,0,301045,1,1137,113700000,113700000,113700000,0,293084,1,1137,113700000,113700000,113700000,0,317638,1,1137,113700000,113700000,113700000,0,0,1,1137,113700000,113700000,113700000,0,1.0,0.525863,0.65,1.0,0.525863,0.65,1.0,0.525863,0.65,1137,114000000,False,1.0,5000.0,300.0,500.0,600000000000.0,100000000000.0,,1136
1,dropped_command,thermal_loop,1143,controller_tick,113800000,113.8,1,0,113800000,1138,113800000,RUNNING,,0,0,62,1,0,reconstructed_from_retained_wire,True,,,317.63803855079976,301.04476087891226,293.084157053784,0.5258041965713983,0.6500000000000006,564999.9999999993,568023.234010551,0.00014951826788154847,18704.720341089975,-2.465458237566054e-08,0.000149518,301.045,293.084,317.638,0.0,149518,1,1138,113800000,113800000,113800000,0,301045,1,1138,113800000,113800000,113800000,0,293084,1,1138,113800000,113800000,113800000,0,317638,1,1138,113800000,113800000,113800000,0,0,1,1138,113800000,113800000,113800000,0,1.0,0.525871,0.65,1.0,0.525871,0.65,1.0,0.525871,0.65,1138,114100000,False,1.0,5000.0,300.0,500.0,600000000000.0,100000000000.0,,1137
1,dropped_command,thermal_loop,1144,controller_tick,113900000,113.9,1,0,113900000,1139,113900000,RUNNING,,0,0,62,1,0,reconstructed_from_retained_wire,True,,,317.6382584366103,301.04479344215144,293.0842223988503,0.5258105537581477,0.6500000000000006,565499.9999999993,568519.9434966348,0.00014952007561826408,18705.17263918843,-2.503747964510694e-08,0.00014952,301.045,293.084,317.638,0.0,149520,1,1139,113900000,113900000,113900000,0,301045,1,1139,113900000,113900000,113900000,0,293084,1,1139,113900000,113900000,113900000,0,317638,1,1139,113900000,113900000,113900000,0,0,1,1139,113900000,113900000,113900000,0,1.0,0.525876,0.65,1.0,0.525876,0.65,1.0,0.525876,0.65,1139,114200000,False,1.0,5000.0,300.0,500.0,600000000000.0,100000000000.0,,1138
1,dropped_command,thermal_loop,1145,controller_tick,114000000,114.0,1,0,114000000,1140,114000000,RUNNING,,0,0,62,1,0,reconstructed_from_retained_wire,True,,,317.63847776159713,301.0448262086529,293.0842877949848,0.5258167817915018,0.6500000000000006,565999.9999999992,569016.6562512871,0.00014952184662877618,18705.61575364548,-2.490378392394632e-08,0.000149522,301.045,293.084,317.638,0.0,149522,1,1140,114000000,114000000,114000000,0,301045,1,1140,114000000,114000000,114000000,0,293084,1,1140,114000000,114000000,114000000,0,317638,1,1140,114000000,114000000,114000000,0,0,1,1140,114000000,114000000,114000000,0,1.0,0.525882,0.65,1.0,0.525882,0.65,1.0,0.525882,0.65,1140,114300000,False,1.0,5000.0,300.0,500.0,600000000000.0,100000000000.0,,1139
1,dropped_command,thermal_loop,1146,controller_tick,114100000,114.1,1,0,114100000,1141,114100000,RUNNING,,0,0,62,1,0,reconstructed_from_retained_wire,True,,,317.63869652805886,301.0448591829226,293.08435323715975,0.525822988124613,0.6500000000000006,566499.9999999992,569513.3722769013,0.00014952361146858297,18706.05732938659,-2.4901055439841002e-08,0.000149524,301.045,293.084,317.639,0.0,149524,1,1141,114100000,114100000,114100000,0,301045,1,1141,114100000,114100000,114100000,0,293084,1,1141,114100000,114100000,114100000,0,317639,1,1141,114100000,114100000,114100000,0,0,1,1141,114100000,114100000,114100000,0,1.0,0.525887,0.65,1.0,0.525887,0.65,1.0,0.525887,0.65,1141,114400000,False,1.0,5000.0,300.0,500.0,600000000000.0,100000000000.0,,1140
1,dropped_command,thermal_loop,1147,controller_tick,114200000,114.2,1,0,114200000,1142,114200000,RUNNING,,0,0,62,1,0,reconstructed_from_retained_wire,True,,,317.6389147382941,301.0448923687994,293.08441872080607,0.5258290796599507,0.6500000000000006,566999.9999999992,570010.0915756942,0.0001495253436643668,18706.490742424285,-2.460410541971214e-08,0.000149525,301.045,293.084,317.639,0.0,149525,1,1142,114200000,114200000,114200000,0,301045,1,1142,114200000,114200000,114200000,0,293084,1,1142,114200000,114200000,114200000,0,317639,1,1142,114200000,114200000,114200000,0,0,1,1142,114200000,114200000,114200000,0,1.0,0.525895,0.65,1.0,0.525895,0.65,1.0,0.525895,0.65,1142,114500000,False,1.0,5000.0,300.0,500.0,600000000000.0,100000000000.0,,1141
1,dropped_command,thermal_loop,1148,controller_tick,114300000,114.3,1,0,114300000,1143,114300000,RUNNING,,0,0,62,1,0,reconstructed_from_retained_wire,True,,,317.6391323945992,301.0449257582176,293.08448424930504,0.5258353528097133,0.6500000000000006,567499.9999999991,570506.8141497312,0.0001495271275042311,18706.93708258493,-2.3739630705676973e-08,0.000149527,301.045,293.084,317.639,0.0,149527,1,1143,114300000,114300000,114300000,0,301045,1,1143,114300000,114300000,114300000,0,293084,1,1143,114300000,114300000,114300000,0,317639,1,1143,114300000,114300000,114300000,0,0,1,1143,114300000,114300000,114300000,0,1.0,0.5259,0.65,1.0,0.5259,0.65,1.0,0.5259,0.65,1143,114600000,False,1.0,5000.0,300.0,500.0,600000000000.0,100000000000.0,,1142
1,dropped_command,thermal_loop,1149,controller_tick,114400000,114.4,1,0,114400000,1144,114400000,RUNNING,,0,0,62,1,0,reconstructed_from_retained_wire,True,,,317.6393494992241,301.0449593442405,293.08454982529497,0.5258415048032573,0.6500000000000006,567999.9999999991,571003.5400014161,0.00014952887689197796,18707.37480754489,-2.3891061573522165e-08,0.000149529,301.045,293.085,317.639,0.0,149529,1,1144,114400000,114400000,114400000,0,301045,1,1144,114400000,114400000,114400000,0,293085,1,1144,114400000,114400000,114400000,0,317639,1,1144,114400000,114400000,114400000,0,0,1,1144,114400000,114400000,114400000,0,1.0,0.525906,0.65,1.0,0.525906,0.65,1.0,0.525906,0.65,1144,114700000,False,1.0,5000.0,300.0,500.0,600000000000.0,100000000000.0,,1143
1,dropped_command,thermal_loop,1150,controller_tick,114500000,114.5,1,0,114500000,1145,114500000,RUNNING,,0,0,62,1,0,reconstructed_from_retained_wire,True,,,317.639566054419,301.0449931305986,293.08461544431697,0.5258476423327032,0.6500000000000006,568499.9999999991,571500.2691329784,0.00014953062216669773,18707.81150846237,-2.3603206500411034e-08,0.000149531,301.045,293.085,317.64,0.0,149531,1,1145,114500000,114500000,114500000,0,301045,1,1145,114500000,114500000,114500000,0,293085,1,1145,114500000,114500000,114500000,0,317640,1,1145,114500000,114500000,114500000,0,0,1,1145,114500000,114500000,114500000,0,1.0,0.525911,0.65,1.0,0.525911,0.65,1.0,0.525911,0.65,1145,114800000,False,1.0,5000.0,300.0,500.0,600000000000.0,100000000000.0,,1144
1,dropped_command,thermal_loop,1151,controller_tick,114600000,114.6,1,0,114600000,1146,114600000,RUNNING,,0,0,62,1,0,reconstructed_from_retained_wire,True,,,317.63978206243183,301.04502712044905,293.08468110230757,0.52585367161191,0.6500000000000006,568999.9999999991,571997.0015464972,0.0001495323366592587,18708.240512061493,-2.430442691547796e-08,0.000149532,301.045,293.085,317.64,0.0,149532,1,1146,114600000,114600000,114600000,0,301045,1,1146,114600000,114600000,114600000,0,293085,1,1146,114600000,114600000,114600000,0,317640,1,1146,114600000,114600000,114600000,0,0,1,1146,114600000,114600000,114600000,0,1.0,0.525919,0.65,1.0,0.525919,0.65,1.0,0.525919,0.65,1146,114900000,False,1.0,5000.0,300.0,500.0,600000000000.0,100000000000.0,,1145
1,dropped_command,thermal_loop,1152,controller_tick,114700000,114.7,1,0,114700000,1147,114700000,RUNNING,,0,0,62,1,0,reconstructed_from_retained_wire,True,,,317.63999752550666,301.04506130512937,293.08474680309683,0.5258598884299958,0.6500000000000006,569499.9999999991,572493.7372439243,0.00014953410448058458,18708.682864836606,-2.4181645130738616e-08,0.000149534,301.045,293.085,317.64,0.0,149534,1,1147,114700000,114700000,114700000,0,301045,1,1147,114700000,114700000,114700000,0,293085,1,1147,114700000,114700000,114700000,0,317640,1,1147,114700000,114700000,114700000,0,0,1,1147,114700000,114700000,114700000,0,1.0,0.525924,0.65,1.0,0.525924,0.65,1.0,0.525924,0.65,1147,115000000,False,1.0,5000.0,300.0,500.0,600000000000.0,100000000000.0,,1146
1,dropped_command,thermal_loop,1153,controller_tick,114800000,114.8,1,0,114800000,1148,114800000,RUNNING,,0,0,62,1,0,reconstructed_from_retained_wire,True,,,317.64021244583967,301.04509567718225,293.08481254972054,0.5258659894525307,0.6500000000000006,569999.999999999,572990.4762275708,0.00014953583937415843,18709.116983355267,-2.4153450794983655e-08,0.000149536,301.045,293.085,317.64,0.0,149536,1,1148,114800000,114800000,114800000,0,301045,1,1148,114800000,114800000,114800000,0,293085,1,1148,114800000,114800000,114800000,0,317640,1,1148,114800000,114800000,114800000,0,0,1,1148,114800000,114800000,114800000,0,1.0,0.525929,0.65,1.0,0.525929,0.65,1.0,0.525929,0.65,1148,115100000,False,1.0,5000.0,300.0,500.0,600000000000.0,100000000000.0,,1147
1,dropped_command,thermal_loop,1154,controller_tick,114900000,114.9,1,0,114900000,1149,114900000,RUNNING,,0,0,62,1,0,reconstructed_from_retained_wire,True,,,317.6404268256313,301.04513024533156,293.084878334441,0.5258719856989185,0.6500000000000006,570499.999999999,573487.2184995312,0.0001495375444734702,18709.543651430315,-2.4506789486622438e-08,0.000149538,301.045,293.085,317.64,0.0,149538,1,1149,114900000,114900000,114900000,0,301045,1,1149,114900000,114900000,114900000,0,293085,1,1149,114900000,114900000,114900000,0,317640,1,1149,114900000,114900000,114900000,0,0,1,1149,114900000,114900000,114900000,0,1.0,0.525934,0.65,1.0,0.525934,0.65,1.0,0.525934,0.65,1149,115200000,False,1.0,5000.0,300.0,500.0,600000000000.0,100000000000.0,,1148
1,dropped_command,thermal_loop,1155,controller_tick,115000000,115.0,1,0,115000000,1150,115000000,RUNNING,,0,0,62,1,0,reconstructed_from_retained_wire,True,,,317.64064066709966,301.0451650169785,293.08494415041736,0.5258778871399277,0.6500000000000006,570999.999999999,573983.9640615358,0.00014953922261381873,18709.963578297356,-2.442811819491908e-08,0.000149539,301.045,293.085,317.641,0.0,149539,1,1150,115000000,115000000,115000000,0,301045,1,1150,115000000,115000000,115000000,0,293085,1,1150,115000000,115000000,115000000,0,317641,1,1150,115000000,115000000,115000000,0,0,1,1150,115000000,115000000,115000000,0,1.0,0.525942,0.65,1.0,0.525942,0.65,1.0,0.525942,0.65,1150,115300000,False,1.0,5000.0,300.0,500.0,600000000000.0,100000000000.0,,1149
1,dropped_command,thermal_loop,1156,controller_tick,115100000,115.1,1,0,115100000,1151,115100000,RUNNING,,0,0,62,1,0,reconstructed_from_retained_wire,True,,,317.64085397245987,301.0451999819984,293.0850100025059,0.5258839882852289,0.6500000000000006,571499.999999999,574480.7129151768,0.0001495409575423025,18710.39772041038,-2.4807832232909277e-08,0.000149541,301.045,293.085,317.641,0.0,149541,1,1151,115100000,115100000,115100000,0,301045,1,1151,115100000,115100000,115100000,0,293085,1,1151,115100000,115100000,115100000,0,317641,1,1151,115100000,115100000,115100000,0,0,1,1151,115100000,115100000,115100000,0,1.0,0.525947,0.65,1.0,0.525947,0.65,1.0,0.525947,0.65,1151,115400000,False,1.0,5000.0,300.0,500.0,600000000000.0,100000000000.0,,1150
1,dropped_command,thermal_loop,1157,controller_tick,115200000,115.2,1,0,115200000,1152,115200000,RUNNING,,0,0,62,1,0,reconstructed_from_retained_wire,True,,,317.64106674387546,301.0452351316322,293.08507589466126,0.5258899846427,0.6500000000000006,571999.999999999,574977.4650624543,0.00014954266267320205,18710.824410993486,-2.46054696617648e-08,0.000149543,301.045,293.085,317.641,0.0,149543,1,1152,115200000,115200000,115200000,0,301045,1,1152,115200000,115200000,115200000,0,293085,1,1152,115200000,115200000,115200000,0,317641,1,1152,115200000,115200000,115200000,0,0,1,1152,115200000,115200000,115200000,0,1.0,0.525952,0.65,1.0,0.525952,0.65,1.0,0.525952,0.65,1152,115500000,False,1.0,5000.0,300.0,500.0,600000000000.0,100000000000.0,,1151
1,dropped_command,thermal_loop,1158,controller_tick,115300000,115.3,1,0,115300000,1153,115300000,RUNNING,,0,0,62,1,0,reconstructed_from_retained_wire,True,,,317.64127898351035,301.0452704734462,293.0851418199678,0.5258958861842217,0.6500000000000006,572499.999999999,575474.2205051956,0.00014954434084213242,18711.244359385633,-2.5227564037777483e-08,0.000149544,301.045,293.085,317.641,0.0,149544,1,1153,115300000,115300000,115300000,0,301045,1,1153,115300000,115300000,115300000,0,293085,1,1153,115300000,115300000,115300000,0,317641,1,1153,115300000,115300000,115300000,0,0,1,1153,115300000,115300000,115300000,0,1.0,0.525959,0.65,1.0,0.525959,0.65,1.0,0.525959,0.65,1153,115600000,False,1.0,5000.0,300.0,500.0,600000000000.0,100000000000.0,,1152
1,dropped_command,thermal_loop,1159,controller_tick,115400000,115.4,1,0,115400000,1154,115400000,RUNNING,,0,0,62,1,0,reconstructed_from_retained_wire,True,,,317.64149069353215,301.0453060029239,293.08520777957864,0.5259018922578884,0.6500000000000006,572999.9999999988,575970.9792450242,0.0001495460487359402,18711.671751029884,-2.510205376893282e-08,0.000149546,301.045,293.085,317.641,0.0,149546,1,1154,115400000,115400000,115400000,0,301045,1,1154,115400000,115400000,115400000,0,293085,1,1154,115400000,115400000,115400000,0,317641,1,1154,115400000,115400000,115400000,0,0,1,1154,115400000,115400000,115400000,0,1.0,0.525964,0.65,1.0,0.525964,0.65,1.0,0.525964,0.65,1154,115700000,False,1.0,5000.0,300.0,500.0,600000000000.0,100000000000.0,,1153
1,dropped_command,thermal_loop,1160,controller_tick,115500000,115.5,1,0,115500000,1155,115500000,RUNNING,,0,0,62,1,0,reconstructed_from_retained_wire,True,,,317.6417018760779,301.0453417161002,293.08527377428953,0.5259078025909872,0.6500000000000006,573499.9999999988,576467.7412837384,0.00014954772940485326,18712.092334549197,-2.482283889548853e-08,0.000149548,301.045,293.085,317.642,0.0,149548,1,1155,115500000,115500000,115500000,0,301045,1,1155,115500000,115500000,115500000,0,293085,1,1155,115500000,115500000,115500000,0,317642,1,1155,115500000,115500000,115500000,0,0,1,1155,115500000,115500000,115500000,0,1.0,0.525969,0.65,1.0,0.525969,0.65,1.0,0.525969,0.65,1155,115800000,False,1.0,5000.0,300.0,500.0,600000000000.0,100000000000.0,,1154
1,dropped_command,thermal_loop,1161,controller_tick,115600000,115.6,1,0,115600000,1156,115600000,RUNNING,,0,0,62,1,0,reconstructed_from_retained_wire,True,,,317.6419125332879,301.045377619571,293.08533979786904,0.5259136262944379,0.6500000000000006,573999.9999999987,576964.5066229345,0.00014954938543966298,18712.50675806422,-2.565866452641785e-08,0.000149549,301.045,293.085,317.642,0.0,149549,1,1156,115600000,115600000,115600000,0,301045,1,1156,115600000,115600000,115600000,0,293085,1,1156,115600000,115600000,115600000,0,317642,1,1156,115600000,115600000,115600000,0,0,1,1156,115600000,115600000,115600000,0,1.0,0.525976,0.65,1.0,0.525976,0.65,1.0,0.525976,0.65,1156,115900000,False,1.0,5000.0,300.0,500.0,600000000000.0,100000000000.0,,1155
1,dropped_command,thermal_loop,1162,controller_tick,115700000,115.7,1,0,115700000,1157,115700000,RUNNING,,0,0,62,1,0,reconstructed_from_retained_wire,True,,,317.6421226673035,301.04541370795704,293.0854058520822,0.5259195619373055,0.6500000000000006,574499.9999999987,577461.2752640373,0.0001495510733056901,18712.929152079174,-2.640990715008229e-08,0.000149551,301.045,293.085,317.642,0.0,149551,1,1157,115700000,115700000,115700000,0,301045,1,1157,115700000,115700000,115700000,0,293085,1,1157,115700000,115700000,115700000,0,317642,1,1157,115700000,115700000,115700000,0,0,1,1157,115700000,115700000,115700000,0,1.0,0.525981,0.65,1.0,0.525981,0.65,1.0,0.525981,0.65,1157,116000000,False,1.0,5000.0,300.0,500.0,600000000000.0,100000000000.0,,1156
1,dropped_command,thermal_loop,1163,controller_tick,115800000,115.8,1,0,115800000,1158,115800000,RUNNING,,0,0,62,1,0,reconstructed_from_retained_wire,True,,,317.642332280233,301.0454499765277,293.08547193827167,0.525925408541982,0.6500000000000006,574999.9999999987,577958.0472086758,0.0001495527358527179,18713.345214591944,-2.6230281946482137e-08,0.000149553,301.045,293.085,317.642,0.0,149553,1,1158,115800000,115800000,115800000,0,301045,1,1158,115800000,115800000,115800000,0,293085,1,1158,115800000,115800000,115800000,0,317642,1,1158,115800000,115800000,115800000,0,0,1,1158,115800000,115800000,115800000,0,1.0,0.525986,0.65,1.0,0.525986,0.65,1.0,0.525986,0.65,1158,116100000,False,1.0,5000.0,300.0,500.0,600000000000.0,100000000000.0,,1157
1,dropped_command,thermal_loop,1164,controller_tick,115900000,115.9,1,0,115900000,1159,115900000,RUNNING,,0,0,62,1,0,reconstructed_from_retained_wire,True,,,317.6425413741863,301.0454864312008,293.0855380506939,0.5259311745815715,0.6500000000000006,575499.9999999986,578454.8224583019,0.0001495543754901677,18713.755548373512,-2.518936526030302e-08,0.000149554,301.045,293.086,317.643,0.0,149554,1,1159,115900000,115900000,115900000,0,301045,1,1159,115900000,115900000,115900000,0,293086,1,1159,115900000,115900000,115900000,0,317643,1,1159,115900000,115900000,115900000,0,0,1,1159,115900000,115900000,115900000,0,1.0,0.525993,0.65,1.0,0.525993,0.65,1.0,0.525993,0.65,1159,116200000,False,1.0,5000.0,300.0,500.0,600000000000.0,100000000000.0,,1158
1,dropped_command,thermal_loop,1165,controller_tick,116000000,116.0,1,0,116000000,1160,116000000,RUNNING,,0,0,62,1,0,reconstructed_from_retained_wire,True,,,317.6427499512719,301.04552306599817,293.08560419154867,0.5259370580480197,0.6500000000000006,575999.9999999986,578951.6010142204,0.00014955604851925002,18714.174243343696,-2.5772351364139467e-08,0.000149556,301.046,293.086,317.643,0.0,149556,1,1160,116000000,116000000,116000000,0,301046,1,1160,116000000,116000000,116000000,0,293086,1,1160,116000000,116000000,116000000,0,317643,1,1160,116000000,116000000,116000000,0,0,1,1160,116000000,116000000,116000000,0,1.0,0.525998,0.65,1.0,0.525998,0.65,1.0,0.525998,0.65,1160,116300000,False,1.0,5000.0,300.0,500.0,600000000000.0,100000000000.0,,1159
1,dropped_command,thermal_loop,1166,controller_tick,116100000,116.1,1,0,116100000,1161,116100000,RUNNING,,0,0,62,1,0,reconstructed_from_retained_wire,True,,,317.6429580135642,301.0455598756618,293.0856703625654,0.5259428574415197,0.6500000000000006,576499.9999999986,579448.3828779595,0.00014955769764125502,18714.586959873846,-2.5836925487965345e-08,0.000149558,301.046,293.086,317.643,0.0,149558,1,1161,116100000,116100000,116100000,0,301046,1,1161,116100000,116100000,116100000,0,293086,1,1161,116100000,116100000,116100000,0,317643,1,1161,116100000,116100000,116100000,0,0,1,1161,116100000,116100000,116100000,0,1.0,0.526003,0.65,1.0,0.526003,0.65,1.0,0.526003,0.65,1161,116400000,False,1.0,5000.0,300.0,500.0,600000000000.0,100000000000.0,,1160
1,dropped_command,thermal_loop,1167,controller_tick,116200000,116.2,1,0,116200000,1162,116200000,RUNNING,,0,0,62,1,0,reconstructed_from_retained_wire,True,,,317.6431655631375,301.04559686564613,293.08573655834437,0.5259485807626701,0.6500000000000006,576999.9999999986,579945.1680508899,0.00014955932513124184,18714.994267141694,-2.5798271963139996e-08,0.000149559,301.046,293.086,317.643,0.0,149559,1,1162,116200000,116200000,116200000,0,301046,1,1162,116200000,116200000,116200000,0,293086,1,1162,116200000,116200000,116200000,0,317643,1,1162,116200000,116200000,116200000,0,0,1,1162,116200000,116200000,116200000,0,1.0,0.52601,0.65,1.0,0.52601,0.65,1.0,0.52601,0.65,1162,116500000,False,1.0,5000.0,300.0,500.0,600000000000.0,100000000000.0,,1161
1,dropped_command,thermal_loop,1168,controller_tick,116300000,116.3,1,0,116300000,1163,116300000,RUNNING,,0,0,62,1,0,reconstructed_from_retained_wire,True,,,317.6433726020637,301.04563402956796,293.08580278138993,0.5259544255758762,0.6500000000000006,577499.9999999986,580441.9565342499,0.00014956098716884512,18715.41022511721,-2.5338067644042894e-08,0.000149561,301.046,293.086,317.643,0.0,149561,1,1163,116300000,116300000,116300000,0,301046,1,1163,116300000,116300000,116300000,0,293086,1,1163,116300000,116300000,116300000,0,317643,1,1163,116300000,116300000,116300000,0,0,1,1163,116300000,116300000,116300000,0,1.0,0.526014,0.65,1.0,0.526014,0.65,1.0,0.526014,0.65,1163,116600000,False,1.0,5000.0,300.0,500.0,600000000000.0,100000000000.0,,1162
1,dropped_command,thermal_loop,1169,controller_tick,116400000,116.4,1,0,116400000,1164,116400000,RUNNING,,0,0,62,1,0,reconstructed_from_retained_wire,True,,,317.64357913238496,301.0456713672615,293.08586903007136,0.5259600948318945,0.6500000000000006,577999.9999999986,580938.7483294557,0.00014956259928481063,18715.813693626013,-2.4104338081087917e-08,0.000149563,301.046,293.086,317.644,0.0,149563,1,1164,116400000,116400000,116400000,0,301046,1,1164,116400000,116400000,116400000,0,293086,1,1164,116400000,116400000,116400000,0,317644,1,1164,116400000,116400000,116400000,0,0,1,1164,116400000,116400000,116400000,0,1.0,0.526019,0.65,1.0,0.526019,0.65,1.0,0.526019,0.65,1164,116700000,False,1.0,5000.0,300.0,500.0,600000000000.0,100000000000.0,,1163
1,dropped_command,thermal_loop,1170,controller_tick,116500000,116.5,1,0,116500000,1165,116500000,RUNNING,,0,0,62,1,0,reconstructed_from_retained_wire,True,,,317.64378515616306,301.045708888509,293.08593529613984,0.5259657003997821,0.6500000000000006,578499.9999999986,581435.5434375472,0.00014956419329034828,18716.21263386627,-2.3700522433500737e-08,0.000149564,301.046,293.086,317.644,0.0,149564,1,1165,116500000,116500000,116500000,0,301046,1,1165,116500000,116500000,116500000,0,293086,1,1165,116500000,116500000,116500000,0,317644,1,1165,116500000,116500000,116500000,0,0,1,1165,116500000,116500000,116500000,0,1.0,0.526026,0.65,1.0,0.526026,0.65,1.0,0.526026,0.65,1165,116800000,False,1.0,5000.0,300.0,500.0,600000000000.0,100000000000.0,,1164
1,dropped_command,thermal_loop,1171,controller_tick,116600000,116.6,1,0,116600000,1166,116600000,RUNNING,,0,0,62,1,0,reconstructed_from_retained_wire,True,,,317.6439906754591,301.0457465855361,293.08600158306336,0.5259714386654298,0.6500000000000006,578999.9999999986,581932.3418594188,0.000149565825029969,18716.621022420077,-2.3933353077154607e-08,0.000149566,301.046,293.086,317.644,0.0,149566,1,1166,116600000,116600000,116600000,0,301046,1,1166,116600000,116600000,116600000,0,293086,1,1166,116600000,116600000,116600000,0,317644,1,1166,116600000,116600000,116600000,0,0,1,1166,116600000,116600000,116600000,0,1.0,0.52603,0.65,1.0,0.52603,0.65,1.0,0.52603,0.65,1166,116900000,False,1.0,5000.0,300.0,500.0,600000000000.0,100000000000.0,,1165
1,dropped_command,thermal_loop,1172,controller_tick,116700000,116.7,1,0,116700000,1167,116700000,RUNNING,,0,0,62,1,0,reconstructed_from_retained_wire,True,,,317.6441956923003,301.045784456934,293.0860678900755,0.5259770115132304,0.6500000000000006,579499.9999999986,582429.1435961879,0.00014956740973118618,18717.017642560277,-2.4481778382323682e-08,0.000149567,301.046,293.086,317.644,0.0,149567,1,1167,116700000,116700000,116700000,0,301046,1,1167,116700000,116700000,116700000,0,293086,1,1167,116700000,116700000,116700000,0,317644,1,1167,116700000,116700000,116700000,0,0,1,1167,116700000,116700000,116700000,0,1.0,0.526037,0.65,1.0,0.526037,0.65,1.0,0.526037,0.65,1167,117000000,False,1.0,5000.0,300.0,500.0,600000000000.0,100000000000.0,,1166
1,dropped_command,thermal_loop,1173,controller_tick,116800000,116.8,1,0,116800000,1168,116800000,RUNNING,,0,0,62,1,0,reconstructed_from_retained_wire,True,,,317.6444002087193,301.0458225004854,293.08613421696145,0.5259827201725191,0.6500000000000006,579999.9999999986,582925.948648759,0.00014956903305190966,18717.423932774956,-2.4234395823441446e-08,0.000149569,301.046,293.086,317.644,0.0,149569,1,1168,116800000,116800000,116800000,0,301046,1,1168,116800000,116800000,116800000,0,293086,1,1168,116800000,116800000,116800000,0,317644,1,1168,116800000,116800000,116800000,0,0,1,1168,116800000,116800000,116800000,0,1.0,0.526042,0.65,1.0,0.526042,0.65,1.0,0.526042,0.65,1168,117100000,False,1.0,5000.0,300.0,500.0,600000000000.0,100000000000.0,,1167
1,dropped_command,thermal_loop,1174,controller_tick,116900000,116.9,1,0,116900000,1169,116900000,RUNNING,,0,0,62,1,0,reconstructed_from_retained_wire,True,,,317.6446042267143,301.04586070905077,293.08620056679683,0.5259883613939602,0.6500000000000006,580499.9999999986,583422.7570182668,0.00014957063719593154,18717.82542771154,-2.375008989474736e-08,0.000149571,301.046,293.086,317.645,0.0,149571,1,1169,116900000,116900000,116900000,0,301046,1,1169,116900000,116900000,116900000,0,293086,1,1169,116900000,116900000,116900000,0,317645,1,1169,116900000,116900000,116900000,0,0,1,1169,116900000,116900000,116900000,0,1.0,0.526046,0.65,1.0,0.526046,0.65,1.0,0.526046,0.65,1169,117200000,False,1.0,5000.0,300.0,500.0,600000000000.0,100000000000.0,,1168
1,dropped_command,thermal_loop,1175,controller_tick,117000000,117.0,1,0,117000000,1170,117000000,RUNNING,,0,0,62,1,0,reconstructed_from_retained_wire,True,,,317.644807748284,301.04589909186524,293.086266931753,0.5259938464325313,0.6500000000000006,580999.9999999986,583919.5687056904,0.00014957219692761828,18718.215810987247,-2.3784195946063846e-08,0.000149572,301.046,293.086,317.645,0.0,149572,1,1170,117000000,117000000,117000000,0,301046,1,1170,117000000,117000000,117000000,0,293086,1,1170,117000000,117000000,117000000,0,317645,1,1170,117000000,117000000,117000000,0,0,1,1170,117000000,117000000,117000000,0,1.0,0.526053,0.65,1.0,0.526053,0.65,1.0,0.526053,0.65,1170,117300000,False,1.0,5000.0,300.0,500.0,600000000000.0,100000000000.0,,1169
1,dropped_command,thermal_loop,1176,controller_tick,117100000,117.1,1,0,117100000,1171,117100000,RUNNING,,0,0,62,1,0,reconstructed_from_retained_wire,True,,,317.64501077544105,301.0459376457109,293.0863333123165,0.5259994756387436,0.6500000000000006,581499.9999999986,584416.3837117038,0.0001495737976549763,18718.616459250607,-2.3513166524935514e-08,0.000149574,301.046,293.086,317.645,0.0,149574,1,1171,117100000,117100000,117100000,0,301046,1,1171,117100000,117100000,117100000,0,293086,1,1171,117100000,117100000,117100000,0,317645,1,1171,117100000,117100000,117100000,0,0,1,1171,117100000,117100000,117100000,0,1.0,0.526057,0.65,1.0,0.526057,0.65,1.0,0.526057,0.65,1171,117400000,False,1.0,5000.0,300.0,500.0,600000000000.0,100000000000.0,,1170
1,dropped_command,thermal_loop,1177,controller_tick,117200000,117.2,1,0,117200000,1172,117200000,RUNNING,,0,0,62,1,0,reconstructed_from_retained_wire,True,,,317.6452133101665,301.0459763680027,293.0863997085611,0.5260049498054862,0.6500000000000006,581999.9999999986,584913.2020371831,0.00014957535429513773,18719.00607698081,-2.3416760086547583e-08,0.000149575,301.046,293.086,317.645,0.0,149575,1,1172,117200000,117200000,117200000,0,301046,1,1172,117200000,117200000,117200000,0,293086,1,1172,117200000,117200000,117200000,0,317645,1,1172,117200000,117200000,117200000,0,0,1,1172,117200000,117200000,117200000,0,1.0,0.526064,0.65,1.0,0.526064,0.65,1.0,0.526064,0.65,1172,117500000,False,1.0,5000.0,300.0,500.0,600000000000.0,100000000000.0,,1171
1,dropped_command,thermal_loop,1178,controller_tick,117300000,117.3,1,0,117300000,1173,117300000,RUNNING,,0,0,62,1,0,reconstructed_from_retained_wire,True,,,317.64541535444357,301.0460152554826,293.0864661210211,0.5260105691744611,0.6500000000000006,582499.9999999986,585410.0236828316,0.00014957695222516797,18719.406033535983,-2.4228484107879922e-08,0.000149577,301.046,293.086,317.645,0.0,149577,1,1173,117300000,117300000,117300000,0,301046,1,1173,117300000,117300000,117300000,0,293086,1,1173,117300000,117300000,117300000,0,317645,1,1173,117300000,117300000,117300000,0,0,1,1173,117300000,117300000,117300000,0,1.0,0.526068,0.65,1.0,0.526068,0.65,1.0,0.526068,0.65,1173,117600000,False,1.0,5000.0,300.0,500.0,600000000000.0,100000000000.0,,1172
1,dropped_command,thermal_loop,1179,controller_tick,117400000,117.4,1,0,117400000,1174,117400000,RUNNING,,0,0,62,1,0,reconstructed_from_retained_wire,True,,,317.6456169102238,301.04605430553767,293.0865325498099,0.5260160344401033,0.6500000000000006,582999.9999999986,585906.8486495571,0.00014957850633420255,18719.79502594076,-2.4640939955133945e-08,0.000149579,301.046,293.087,317.646,0.0,149579,1,1174,117400000,117400000,117400000,0,301046,1,1174,117400000,117400000,117400000,0,293087,1,1174,117400000,117400000,117400000,0,317646,1,1174,117400000,117400000,117400000,0,0,1,1174,117400000,117400000,117400000,0,1.0,0.526073,0.65,1.0,0.526073,0.65,1.0,0.526073,0.65,1174,117700000,False,1.0,5000.0,300.0,500.0,600000000000.0,100000000000.0,,1173
1,dropped_command,thermal_loop,1180,controller_tick,117500000,117.5,1,0,117500000,1175,117500000,RUNNING,,0,0,62,1,0,reconstructed_from_retained_wire,True,,,317.64581797947204,301.04609352578325,293.0865989882347,0.5260214554298657,0.6500000000000006,583499.9999999986,586403.6769379736,0.00014958004785289863,18720.18087098524,-2.5296685635112226e-08,0.00014958,301.046,293.087,317.646,0.0,149580,1,1175,117500000,117500000,117500000,0,301046,1,1175,117500000,117500000,117500000,0,293087,1,1175,117500000,117500000,117500000,0,317646,1,1175,117500000,117500000,117500000,0,0,1,1175,117500000,117500000,117500000,0,1.0,0.526079,0.65,1.0,0.526079,0.65,1.0,0.526079,0.65,1175,117800000,False,1.0,5000.0,300.0,500.0,600000000000.0,100000000000.0,,1174
1,dropped_command,thermal_loop,1181,controller_tick,117600000,117.6,1,0,117600000,1176,117600000,RUNNING,,0,0,62,1,0,reconstructed_from_retained_wire,True,,,317.646018564152,301.04613291197654,293.0866654375198,0.5260269315197372,0.6500000000000006,583999.9999999986,586900.5085485624,0.00014958160503992317,18720.570641879203,-2.6078851078636944e-08,0.000149582,301.046,293.087,317.646,0.0,149582,1,1176,117600000,117600000,117600000,0,301046,1,1176,117600000,117600000,117600000,0,293087,1,1176,117600000,117600000,117600000,0,317646,1,1176,117600000,117600000,117600000,0,0,1,1176,117600000,117600000,117600000,0,1.0,0.526084,0.65,1.0,0.526084,0.65,1.0,0.526084,0.65,1176,117900000,False,1.0,5000.0,300.0,500.0,600000000000.0,100000000000.0,,1175
1,dropped_command,thermal_loop,1182,controller_tick,117700000,117.7,1,0,117700000,1177,117700000,RUNNING,,0,0,62,1,0,reconstructed_from_retained_wire,True,,,317.6462186662036,301.0461724602121,293.086731898674,0.5260323623036673,0.6500000000000006,584499.9999999986,587397.3434819237,0.0001495831493436997,18720.957192045847,-2.57914507528767e-08,0.000149583,301.046,293.087,317.646,0.0,149583,1,1177,117700000,117700000,117700000,0,301046,1,1177,117700000,117700000,117700000,0,293087,1,1177,117700000,117700000,117700000,0,317646,1,1177,117700000,117700000,117700000,0,0,1,1177,117700000,117700000,117700000,0,1.0,0.52609,0.65,1.0,0.52609,0.65,1.0,0.52609,0.65,1177,118000000,False,1.0,5000.0,300.0,500.0,600000000000.0,100000000000.0,,1176
1,dropped_command,thermal_loop,1183,controller_tick,117800000,117.8,1,0,117800000,1178,117800000,RUNNING,,0,0,62,1,0,reconstructed_from_retained_wire,True,,,317.6464182875547,301.04621216647706,293.0867983727881,0.5260378472556685,0.6500000000000006,584999.9999999986,587894.1817386468,0.0001495847090507693,18721.34760181648,-2.548131305957213e-08,0.000149585,301.046,293.087,317.646,0.0,149585,1,1178,117800000,117800000,117800000,0,301046,1,1178,117800000,117800000,117800000,0,293087,1,1178,117800000,117800000,117800000,0,317646,1,1178,117800000,117800000,117800000,0,0,1,1178,117800000,117800000,117800000,0,1.0,0.526094,0.65,1.0,0.526094,0.65,1.0,0.526094,0.65,1178,118100000,False,1.0,5000.0,300.0,500.0,600000000000.0,100000000000.0,,1177
1,dropped_command,thermal_loop,1184,controller_tick,117900000,117.9,1,0,117900000,1179,117900000,RUNNING,,0,0,62,1,0,reconstructed_from_retained_wire,True,,,317.6466174301158,301.04625203252664,293.0868648571174,0.5260431908958031,0.6500000000000006,585499.9999999986,588391.0233193726,0.0001495862285742389,18721.727957158055,-2.5053850549738854e-08,0.000149586,301.046,293.087,317.647,0.0,149586,1,1179,117900000,117900000,117900000,0,301046,1,1179,117900000,117900000,117900000,0,293087,1,1179,117900000,117900000,117900000,0,317647,1,1179,117900000,117900000,117900000,0,0,1,1179,117900000,117900000,117900000,0,1.0,0.5261,0.65,1.0,0.5261,0.65,1.0,0.5261,0.65,1179,118200000,False,1.0,5000.0,300.0,500.0,600000000000.0,100000000000.0,,1178
1,dropped_command,thermal_loop,1185,controller_tick,118000000,118.0,1,0,118000000,1180,118000000,RUNNING,,0,0,62,1,0,reconstructed_from_retained_wire,True,,,317.6468160958066,301.0462920591844,293.08693134955047,0.5260485969968371,0.6500000000000006,585999.9999999986,588887.8682244946,0.00014958776585915955,18722.112762340184,-2.5062945496756583e-08,0.000149588,301.046,293.087,317.647,0.0,149588,1,1180,118000000,118000000,118000000,0,301046,1,1180,118000000,118000000,118000000,0,293087,1,1180,118000000,118000000,118000000,0,317647,1,1180,118000000,118000000,118000000,0,0,1,1180,118000000,118000000,118000000,0,1.0,0.526105,0.65,1.0,0.526105,0.65,1.0,0.526105,0.65,1180,118300000,False,1.0,5000.0,300.0,500.0,600000000000.0,100000000000.0,,1179
1,dropped_command,thermal_loop,1186,controller_tick,118100000,118.1,1,0,118100000,1181,118100000,RUNNING,,0,0,62,1,0,reconstructed_from_retained_wire,True,,,317.647014286527,301.046332241824,293.0869978516186,0.5260539644522483,0.6500000000000006,586499.9999999986,589384.7164544885,0.00014958929215476777,18722.49482064694,-2.586330083431676e-08,0.000149589,301.046,293.087,317.647,0.0,149589,1,1181,118100000,118100000,118100000,0,301046,1,1181,118100000,118100000,118100000,0,293087,1,1181,118100000,118100000,118100000,0,317647,1,1181,118100000,118100000,118100000,0,0,1,1181,118100000,118100000,118100000,0,1.0,0.526111,0.65,1.0,0.526111,0.65,1.0,0.526111,0.65,1181,118400000,False,1.0,5000.0,300.0,500.0,600000000000.0,100000000000.0,,1180
1,dropped_command,thermal_loop,1187,controller_tick,118200000,118.2,1,0,118200000,1182,118200000,RUNNING,,0,0,62,1,0,reconstructed_from_retained_wire,True,,,317.6472120041627,301.0463725757984,293.08706436487705,0.5260593921022357,0.6500000000000006,586999.9999999986,589881.5680098439,0.00014959083556737287,18722.881167599466,-2.647038854775019e-08,0.000149591,301.046,293.087,317.647,0.0,149591,1,1182,118200000,118200000,118200000,0,301046,1,1182,118200000,118200000,118200000,0,293087,1,1182,118200000,118200000,118200000,0,317647,1,1182,118200000,118200000,118200000,0,0,1,1182,118200000,118200000,118200000,0,1.0,0.526115,0.65,1.0,0.526115,0.65,1.0,0.526115,0.65,1182,118500000,False,1.0,5000.0,300.0,500.0,600000000000.0,100000000000.0,,1181
1,dropped_command,thermal_loop,1188,controller_tick,118300000,118.3,1,0,118300000,1183,118300000,RUNNING,,0,0,62,1,0,reconstructed_from_retained_wire,True,,,317.64740925058055,301.0464130623063,293.0871308869931,0.5260646838933641,0.6500000000000006,587499.9999999986,590378.4228911236,0.00014959234034700122,18723.257847785295,-2.6637280825525522e-08,0.000149592,301.046,293.087,317.647,0.0,149592,1,1183,118300000,118300000,118300000,0,301046,1,1183,118300000,118300000,118300000,0,293087,1,1183,118300000,118300000,118300000,0,317647,1,1183,118300000,118300000,118300000,0,0,1,1183,118300000,118300000,118300000,0,1.0,0.526121,0.65,1.0,0.526121,0.65,1.0,0.526121,0.65,1183,118600000,False,1.0,5000.0,300.0,500.0,600000000000.0,100000000000.0,,1182
1,dropped_command,thermal_loop,1189,controller_tick,118400000,118.4,1,0,118400000,1184,118400000,RUNNING,,0,0,62,1,0,reconstructed_from_retained_wire,True,,,317.6476060276552,301.0464537016852,293.08719741622014,0.5260700430794774,0.6500000000000006,587999.9999999986,590875.2810986628,0.00014959386429114264,18723.63932914159,-2.705928636714816e-08,0.000149594,301.046,293.087,317.648,0.0,149594,1,1184,118400000,118400000,118400000,0,301046,1,1184,118400000,118400000,118400000,0,293087,1,1184,118400000,118400000,118400000,0,317648,1,1184,118400000,118400000,118400000,0,0,1,1184,118400000,118400000,118400000,0,1.0,0.526125,0.65,1.0,0.526125,0.65,1.0,0.526125,0.65,1184,118700000,False,1.0,5000.0,300.0,500.0,600000000000.0,100000000000.0,,1183
1,dropped_command,thermal_loop,1190,controller_tick,118500000,118.5,1,0,118500000,1185,118500000,RUNNING,,0,0,62,1,0,reconstructed_from_retained_wire,True,,,317.6478023372455,301.0464944943309,293.0872639507821,0.5260752729219307,0.6500000000000006,588499.9999999985,591372.1426328343,0.00014959535145497667,18724.011607213186,-2.7791429602075368e-08,0.000149595,301.046,293.087,317.648,0.0,149595,1,1185,118500000,118500000,118500000,0,301046,1,1185,118500000,118500000,118500000,0,293087,1,1185,118500000,118500000,118500000,0,317648,1,1185,118500000,118500000,118500000,0,0,1,1185,118500000,118500000,118500000,0,1.0,0.526131,0.65,1.0,0.526131,0.65,1.0,0.526131,0.65,1185,118800000,False,1.0,5000.0,300.0,500.0,600000000000.0,100000000000.0,,1184
1,dropped_command,thermal_loop,1191,controller_tick,118600000,118.6,1,0,118600000,1186,118600000,RUNNING,,0,0,62,1,0,reconstructed_from_retained_wire,True,,,317.6479981812161,301.0465354398639,293.0873304894314,0.5260805760545646,0.6500000000000006,588999.9999999985,591869.0074938101,0.00014959685945968817,18724.389106109575,-2.7349415177013725e-08,0.000149597,301.047,293.087,317.648,0.0,149597,1,1186,118600000,118600000,118600000,0,301047,1,1186,118600000,118600000,118600000,0,293087,1,1186,118600000,118600000,118600000,0,317648,1,1186,118600000,118600000,118600000,0,0,1,1186,118600000,118600000,118600000,0,1.0,0.526136,0.65,1.0,0.526136,0.65,1.0,0.526136,0.65,1186,118900000,False,1.0,5000.0,300.0,500.0,600000000000.0,100000000000.0,,1185
1,dropped_command,thermal_loop,1192,controller_tick,118700000,118.7,1,0,118700000,1187,118700000,RUNNING,,0,0,62,1,0,reconstructed_from_retained_wire,True,,,317.64819356140833,301.04657653259596,293.0873970344684,0.5260858503403145,0.6500000000000006,589499.9999999985,592365.8756818845,0.0001495983592614676,18724.764555339927,-2.6700945454649627e-08,0.000149598,301.047,293.087,317.648,0.0,149598,1,1187,118700000,118700000,118700000,0,301047,1,1187,118700000,118700000,118700000,0,293087,1,1187,118700000,118700000,118700000,0,317648,1,1187,118700000,118700000,118700000,0,0,1,1187,118700000,118700000,118700000,0,1.0,0.526142,0.65,1.0,0.526142,0.65,1.0,0.526142,0.65,1187,119000000,False,1.0,5000.0,300.0,500.0,600000000000.0,100000000000.0,,1186
1,dropped_command,thermal_loop,1193,controller_tick,118800000,118.8,1,0,118800000,1188,118800000,RUNNING,,0,0,62,1,0,reconstructed_from_retained_wire,True,,,317.6483884796467,301.0466177669454,293.0874635881316,0.5260911936869062,0.6500000000000006,589999.9999999985,592862.747197402,0.00014959987870146499,18725.14492449417,-2.7455826057121158e-08,0.0001496,301.047,293.087,317.648,0.0,149600,1,1188,118800000,118800000,118800000,0,301047,1,1188,118800000,118800000,118800000,0,293087,1,1188,118800000,118800000,118800000,0,317648,1,1188,118800000,118800000,118800000,0,0,1,1188,118800000,118800000,118800000,0,1.0,0.526146,0.65,1.0,0.526146,0.65,1.0,0.526146,0.65,1188,119100000,False,1.0,5000.0,300.0,500.0,600000000000.0,100000000000.0,,1187
1,dropped_command,thermal_loop,1194,controller_tick,118900000,118.9,1,0,118900000,1189,118900000,RUNNING,,0,0,62,1,0,reconstructed_from_retained_wire,True,,,317.6485829377343,301.04665914329115,293.08753014869484,0.5260964091971677,0.6500000000000006,590499.9999999985,593359.6220408126,0.000149601361789781,18725.5161972726,-2.716114977374673e-08,0.000149601,301.047,293.088,317.649,0.0,149601,1,1189,118900000,118900000,118900000,0,301047,1,1189,118900000,118900000,118900000,0,293088,1,1189,118900000,118900000,118900000,0,317649,1,1189,118900000,118900000,118900000,0,0,1,1189,118900000,118900000,118900000,0,1.0,0.526152,0.65,1.0,0.526152,0.65,1.0,0.526152,0.65,1189,119200000,False,1.0,5000.0,300.0,500.0,600000000000.0,100000000000.0,,1188
1,dropped_command,thermal_loop,1195,controller_tick,119000000,119.0,1,0,119000000,1190,119000000,RUNNING,,0,0,62,1,0,reconstructed_from_retained_wire,True,,,317.64877693747997,301.0467006612539,293.08759671494846,0.5261016993614983,0.6500000000000006,590999.9999999985,593856.5002123673,0.0001496028661068113,18725.89278815663,-2.696924639167264e-08,0.000149603,301.047,293.088,317.649,0.0,149603,1,1190,119000000,119000000,119000000,0,301047,1,1190,119000000,119000000,119000000,0,293088,1,1190,119000000,119000000,119000000,0,317649,1,1190,119000000,119000000,119000000,0,0,1,1190,119000000,119000000,119000000,0,1.0,0.526155,0.65,1.0,0.526155,0.65,1.0,0.526155,0.65,1190,119300000,False,1.0,5000.0,300.0,500.0,600000000000.0,100000000000.0,,1189
1,dropped_command,thermal_loop,1196,controller_tick,119100000,119.1,1,0,119100000,1191,119100000,RUNNING,,0,0,62,1,0,reconstructed_from_retained_wire,True,,,317.6489704806804,301.04674232605095,293.0876632819613,0.5261067715878781,0.6500000000000006,591499.9999999985,594353.3817123192,0.00014960430845076283,18726.25386824958,-2.6463567337486893e-08,0.000149604,301.047,293.088,317.649,0.0,149604,1,1191,119100000,119100000,119100000,0,301047,1,1191,119100000,119100000,119100000,0,293088,1,1191,119100000,119100000,119100000,0,317649,1,1191,119100000,119100000,119100000,0,0,1,1191,119100000,119100000,119100000,0,1.0,0.526161,0.65,1.0,0.526161,0.65,1.0,0.526161,0.65,1191,119400000,False,1.0,5000.0,300.0,500.0,600000000000.0,100000000000.0,,1190
1,dropped_command,thermal_loop,1197,controller_tick,119200000,119.2,1,0,119200000,1192,119200000,RUNNING,,0,0,62,1,0,reconstructed_from_retained_wire,True,,,317.64916356915734,301.0467841413965,293.08772984581685,0.5261119321035911,0.6500000000000006,591999.9999999985,594850.266540512,0.00014960577590076763,18726.62123702908,-2.7077021513832733e-08,0.000149606,301.047,293.088,317.649,0.0,149606,1,1192,119200000,119200000,119200000,0,301047,1,1192,119200000,119200000,119200000,0,293088,1,1192,119200000,119200000,119200000,0,317649,1,1192,119200000,119200000,119200000,0,0,1,1192,119200000,119200000,119200000,0,1.0,0.526165,0.65,1.0,0.526165,0.65,1.0,0.526165,0.65,1192,119500000,False,1.0,5000.0,300.0,500.0,600000000000.0,100000000000.0,,1191
1,dropped_command,thermal_loop,1198,controller_tick,119300000,119.3,1,0,119300000,1193,119300000,RUNNING,,0,0,62,1,0,reconstructed_from_retained_wire,True,,,317.6493562047155,301.0468261054557,293.08779640630735,0.5261169821816324,0.6500000000000006,592499.9999999985,595347.1546968448,0.0001496072119465929,18726.9807474177,-2.675733412615955e-08,0.000149607,301.047,293.088,317.649,0.0,149607,1,1193,119300000,119300000,119300000,0,301047,1,1193,119300000,119300000,119300000,0,293088,1,1193,119300000,119300000,119300000,0,317649,1,1193,119300000,119300000,119300000,0,0,1,1193,119300000,119300000,119300000,0,1.0,0.526171,0.65,1.0,0.526171,0.65,1.0,0.526171,0.65,1193,119600000,False,1.0,5000.0,300.0,500.0,600000000000.0,100000000000.0,,1192
1,dropped_command,thermal_loop,1199,controller_tick,119400000,119.4,1,0,119400000,1194,119400000,RUNNING,,0,0,62,1,0,reconstructed_from_retained_wire,True,,,317.6495483891592,301.0468682158666,293.0878629635866,0.5261221226567,0.6500000000000006,592999.9999999985,595844.0461810903,0.00014960867369781744,18727.346696631164,-2.7637724997475743e-08,0.000149609,301.047,293.088,317.65,0.0,149609,1,1194,119400000,119400000,119400000,0,301047,1,1194,119400000,119400000,119400000,0,293088,1,1194,119400000,119400000,119400000,0,317650,1,1194,119400000,119400000,119400000,0,0,1,1194,119400000,119400000,119400000,0,1.0,0.526175,0.65,1.0,0.526175,0.65,1.0,0.526175,0.65,1194,119700000,False,1.0,5000.0,300.0,500.0,600000000000.0,100000000000.0,,1193
1,dropped_command,thermal_loop,1200,controller_tick,119500000,119.5,1,0,119500000,1195,119500000,RUNNING,,0,0,62,1,0,reconstructed_from_retained_wire,True,,,317.64974012426944,301.04691047062767,293.0879295175767,0.5261271546012154,0.6500000000000006,593499.9999999985,596340.9409931485,0.00014961010458717304,18727.70492304318,-2.8299837140366435e-08,0.00014961,301.047,293.088,317.65,0.0,149610,1,1195,119500000,119500000,119500000,0,301047,1,1195,119500000,119500000,119500000,0,293088,1,1195,119500000,119500000,119500000,0,317650,1,1195,119500000,119500000,119500000,0,0,1,1195,119500000,119500000,119500000,0,1.0,0.526181,0.65,1.0,0.526181,0.65,1.0,0.526181,0.65,1195,119800000,False,1.0,5000.0,300.0,500.0,600000000000.0,100000000000.0,,1194
1,dropped_command,thermal_loop,1201,controller_tick,119600000,119.6,1,0,119600000,1196,119600000,RUNNING,,0,0,62,1,0,reconstructed_from_retained_wire,True,,,317.6499314118266,301.0469528672345,293.0879960685452,0.5261322786683902,0.6500000000000006,593999.9999999985,596837.8391327986,0.0001496115616726309,18728.069711229884,-2.843944457708858e-08,0.000149612,301.047,293.088,317.65,0.0,149612,1,1196,119600000,119600000,119600000,0,301047,1,1196,119600000,119600000,119600000,0,293088,1,1196,119600000,119600000,119600000,0,317650,1,1196,119600000,119600000,119600000,0,0,1,1196,119600000,119600000,119600000,0,1.0,0.526185,0.65,1.0,0.526185,0.65,1.0,0.526185,0.65,1196,119900000,False,1.0,5000.0,300.0,500.0,600000000000.0,100000000000.0,,1195
1,dropped_command,thermal_loop,1202,controller_tick,119700000,119.7,1,0,119700000,1197,119700000,RUNNING,,0,0,62,1,0,reconstructed_from_retained_wire,True,,,317.65012225358737,301.0469954035647,293.08806261651307,0.5261372957664304,0.6500000000000006,594499.9999999984,597334.7405999529,0.00014961298834022626,18728.426887604157,-2.860542736016214e-08,0.000149613,301.047,293.088,317.65,0.0,149613,1,1197,119700000,119700000,119700000,0,301047,1,1197,119700000,119700000,119700000,0,293088,1,1197,119700000,119700000,119700000,0,317650,1,1197,119700000,119700000,119700000,0,0,1,1197,119700000,119700000,119700000,0,1.0,0.52619,0.65,1.0,0.52619,0.65,1.0,0.52619,0.65,1197,120000000,False,1.0,5000.0,300.0,500.0,600000000000.0,100000000000.0,,1196
1,dropped_command,thermal_loop,1203,controller_tick,119800000,119.8,1,0,119800000,1198,119800000,RUNNING,,0,0,62,1,0,reconstructed_from_retained_wire,True,,,317.65031265131296,301.0470380824572,293.0881291582044,0.526142311237377,0.6500000000000006,594999.9999999984,597831.645394346,0.00014961441454513946,18728.783951546953,-2.8747308533638716e-08,0.000149614,301.047,293.088,317.65,0.0,149614,1,1198,119800000,119800000,119800000,0,301047,1,1198,119800000,119800000,119800000,0,293088,1,1198,119800000,119800000,119800000,0,317650,1,1198,119800000,119800000,119800000,0,0,1,1198,119800000,119800000,119800000,0,1.0,0.526196,0.65,1.0,0.526196,0.65,1.0,0.526196,0.65,1198,120100000,False,1.0,5000.0,300.0,500.0,600000000000.0,100000000000.0,,1197
1,dropped_command,thermal_loop,1204,controller_tick,119900000,119.9,1,0,119900000,1199,119900000,RUNNING,,0,0,62,1,0,reconstructed_from_retained_wire,True,,,317.65050260675054,301.0470808954498,293.08819569788636,0.5261474203986503,0.6500000000000006,595499.9999999984,598328.553515741,0.00014961586739193852,18729.147689038553,-2.826209311024286e-08,0.000149616,301.047,293.088,317.651,0.0,149616,1,1199,119900000,119900000,119900000,0,301047,1,1199,119900000,119900000,119900000,0,293088,1,1199,119900000,119900000,119900000,0,317651,1,1199,119900000,119900000,119900000,0,0,1,1199,119900000,119900000,119900000,0,1.0,0.5262,0.65,1.0,0.5262,0.65,1.0,0.5262,0.65,1199,120200000,False,1.0,5000.0,300.0,500.0,600000000000.0,100000000000.0,,1198
1,dropped_command,thermal_loop,1205,controller_tick,120000000,120.0,1,0,120000000,1200,120000000,RUNNING,,0,0,62,1,0,reconstructed_from_retained_wire,True,,,317.6506921216177,301.0471238403639,293.0882622356443,0.5261524240092729,0.6500000000000006,595999.9999999984,598825.4649641025,0.0001496172902242368,18729.503915465964,-2.889737515943125e-08,0.000149617,301.047,293.088,317.651,0.0,149617,1,1200,120000000,120000000,120000000,0,301047,1,1200,120000000,120000000,120000000,0,293088,1,1200,120000000,120000000,120000000,0,317651,1,1200,120000000,120000000,120000000,0,0,1,1200,120000000,120000000,120000000,0,1.0,0.526205,0.65,1.0,0.526205,0.65,1.0,0.526205,0.65,1200,120300000,False,1.0,5000.0,300.0,500.0,600000000000.0,100000000000.0,,1199
