schema_version,run_name,topology,sample_id,record_type,time_us,time_s,epoch,session_origin_us,wire_time_us,controller_tick_id,reply_time_us,controller_state,trip_reason,operation,operation_result,valid_mask,stale_mask,max_age_us,observation_cache_source,cache_matches_reply,event_ids,event_phase,wall_temperature_k,hot_temperature_k,cold_temperature_k,pump_speed,valve_opening,heat_in_j,heat_rejected_j,flow_m3_s,pump_pressure_pa,energy_residual_j,observed_flow_m3_s,observed_hot_temperature_k,observed_cold_temperature_k,observed_wall_temperature_k,observed_separate_trip,flow_value_i,flow_quality,flow_sequence,flow_source_time_us,flow_receipt_time_us,flow_last_good_source_time_us,flow_age_us,hot_value_i,hot_quality,hot_sequence,hot_source_time_us,hot_receipt_time_us,hot_last_good_source_time_us,hot_age_us,cold_value_i,cold_quality,cold_sequence,cold_source_time_us,cold_receipt_time_us,cold_last_good_source_time_us,cold_age_us,wall_value_i,wall_quality,wall_sequence,wall_source_time_us,wall_receipt_time_us,wall_last_good_source_time_us,wall_age_us,separate_value_i,separate_quality,separate_sequence,separate_source_time_us,separate_receipt_time_us,separate_last_good_source_time_us,separate_age_us,requested_heat_command,requested_pump_command,requested_valve_command,lease_heat_command,lease_pump_command,lease_valve_command,fault_heat_command,fault_pump_command,fault_valve_command,command_sequence,command_expires_us,command_expired,heat_demand_command,applied_heat_w,effective_hot_conductance_w_k,effective_sink_conductance_w_k,effective_pipe_resistance_pa_s2_m6,effective_valve_resistance_pa_s2_m6,terminal_boundary,solver_diagnostic_id
1,planned_restart,thermal_loop,0,event_boundary,0,0.0,1,0,0,,,DISARMED,,0,0,0,63,18446744073709551615,reconstructed_from_retained_wire,False,arm_initial,after,317.7911483254,301.1244816587,293.15,0.5274982823,0.65,0.0,0.0,0.00014999999998911826,18825.443784250852,0.0,,,,,,,,,,,,,,,,,,,,,,,,,,,,,,,,,,,,,,,,,0.0,0.0,1.0,0.0,1.0,1.0,0.0,1.0,1.0,,,True,1.0,0.0,300.0,500.0,600000000000.0,100000000000.0,,
1,planned_restart,thermal_loop,1,controller_tick,0,0.0,1,0,0,0,0,RUNNING,,1,1,62,1,0,reconstructed_from_retained_wire,True,,,317.7911483254,301.1244816587,293.15,0.5274982823,0.65,0.0,0.0,0.00014999999998911826,18825.443784250852,0.0,0.00015,301.124,293.15,317.791,0.0,150000,1,0,0,0,0,0,301124,1,0,0,0,0,0,293150,1,0,0,0,0,0,317791,1,0,0,0,0,0,0,1,0,0,0,0,0,1.0,0.527498,0.65,1.0,0.527498,0.65,1.0,0.527498,0.65,0,300000,False,1.0,5000.0,300.0,500.0,600000000000.0,100000000000.0,,
1,planned_restart,thermal_loop,2,controller_tick,100000,0.1,1,0,100000,1,100000,RUNNING,,0,0,62,1,0,reconstructed_from_retained_wire,True,,,317.7911483254015,301.1244816602444,293.14999999897066,0.5274982554356031,0.65,500.0,499.99999998265616,0.0001499999923499284,18825.441866769048,7.619291864102706e-10,0.00015,301.124,293.15,317.791,0.0,150000,1,1,100000,100000,100000,0,301124,1,1,100000,100000,100000,0,293150,1,1,100000,100000,100000,0,317791,1,1,100000,100000,100000,0,0,1,1,100000,100000,100000,0,1.0,0.527498,0.65,1.0,0.527498,0.65,1.0,0.527498,0.65,1,400000,False,1.0,5000.0,300.0,500.0,600000000000.0,100000000000.0,,0
1,planned_restart,thermal_loop,3,controller_tick,200000,0.2,1,0,200000,2,200000,RUNNING,,0,0,62,1,0,reconstructed_from_retained_wire,True,,,317.79114832541194,301.1244816646391,293.1499999960418,0.5274982311276916,0.65,1000.0,999.9999998654229,0.00014999998543770358,18825.440131759835,2.384012987022288e-10,0.00015,301.124,293.15,317.791,0.0,150000,1,2,200000,200000,200000,0,301124,1,2,200000,200000,200000,0,293150,1,2,200000,200000,200000,0,317791,1,2,200000,200000,200000,0,0,1,2,200000,200000,200000,0,1.0,0.527498,0.65,1.0,0.527498,0.65,1.0,0.527498,0.65,2,500000,False,1.0,5000.0,300.0,500.0,600000000000.0,100000000000.0,,1
1,planned_restart,thermal_loop,4,controller_tick,300000,0.3,1,0,300000,3,300000,RUNNING,,0,0,62,1,0,reconstructed_from_retained_wire,True,,,317.79114832543934,301.1244816715652,293.14999999142697,0.5274982091329836,0.65,1500.0000000000002,1499.9999995587523,0.00014999997918326388,18825.438561858653,-3.70391717297025e-10,0.00015,301.124,293.15,317.791,0.0,150000,1,3,300000,300000,300000,0,301124,1,3,300000,300000,300000,0,293150,1,3,300000,300000,300000,0,317791,1,3,300000,300000,300000,0,0,1,3,300000,300000,300000,0,1.0,0.527498,0.65,1.0,0.527498,0.65,1.0,0.527498,0.65,3,600000,False,1.0,5000.0,300.0,500.0,600000000000.0,100000000000.0,,2
1,planned_restart,thermal_loop,5,controller_tick,400000,0.4,1,0,400000,4,400000,RUNNING,,0,0,62,1,0,reconstructed_from_retained_wire,True,,,317.79114832549084,301.1244816807348,293.1499999853187,0.5274981892313491,0.65,2000.0000000000005,1999.9999989832415,0.00014999997352401284,18825.43714135339,-1.003400029730983e-09,0.00015,301.124,293.15,317.791,0.0,150000,1,4,400000,400000,400000,0,301124,1,4,400000,400000,400000,0,293150,1,4,400000,400000,400000,0,317791,1,4,400000,400000,400000,0,0,1,4,400000,400000,400000,0,1.0,0.527498,0.65,1.0,0.527498,0.65,1.0,0.527498,0.65,4,700000,False,1.0,5000.0,300.0,500.0,600000000000.0,100000000000.0,,3
1,planned_restart,thermal_loop,6,controller_tick,500000,0.5,1,0,500000,5,500000,RUNNING,,0,0,62,1,0,reconstructed_from_retained_wire,True,,,317.79114832557275,301.12448169188815,293.1499999778908,0.5274981712236053,0.65,2500.0000000000005,2499.999998068638,0.00014999996840331075,18825.435856027114,-2.630713424878195e-10,0.00015,301.124,293.15,317.791,0.0,150000,1,5,500000,500000,500000,0,301124,1,5,500000,500000,500000,0,293150,1,5,500000,500000,500000,0,317791,1,5,500000,500000,500000,0,0,1,5,500000,500000,500000,0,1.0,0.527498,0.65,1.0,0.527498,0.65,1.0,0.527498,0.65,5,800000,False,1.0,5000.0,300.0,500.0,600000000000.0,100000000000.0,,4
1,planned_restart,thermal_loop,7,controller_tick,600000,0.6,1,0,600000,6,600000,RUNNING,,0,0,62,1,0,reconstructed_from_retained_wire,True,,,317.7911483256905,301.1244817047911,293.1499999692998,0.5274981549295249,0.65,3000.0000000000005,2999.9999967529448,0.0001499999637699079,18825.43469301583,-9.179075277643278e-10,0.00015,301.124,293.15,317.791,0.0,150000,1,6,600000,600000,600000,0,301124,1,6,600000,600000,600000,0,293150,1,6,600000,600000,600000,0,317791,1,6,600000,600000,600000,0,0,1,6,600000,600000,600000,0,1.0,0.527498,0.65,1.0,0.527498,0.65,1.0,0.527498,0.65,6,900000,False,1.0,5000.0,300.0,500.0,600000000000.0,100000000000.0,,5
1,planned_restart,thermal_loop,8,controller_tick,700000,0.7,1,0,700000,7,700000,RUNNING,,0,0,62,1,0,reconstructed_from_retained_wire,True,,,317.79114832584884,301.1244817192325,293.14999995968714,0.5274981401860313,0.65,3500.0,3499.999994981602,0.00014999995957743156,18825.433640679745,-1.3694716471945867e-09,0.00015,301.124,293.15,317.791,0.0,150000,1,7,700000,700000,700000,0,301124,1,7,700000,700000,700000,0,293150,1,7,700000,700000,700000,0,317791,1,7,700000,700000,700000,0,0,1,7,700000,700000,700000,0,1.0,0.527498,0.65,1.0,0.527498,0.65,1.0,0.527498,0.65,7,1000000,False,1.0,5000.0,300.0,500.0,600000000000.0,100000000000.0,,6
1,planned_restart,thermal_loop,9,controller_tick,800000,0.8,1,0,800000,8,800000,RUNNING,,0,0,62,1,0,reconstructed_from_retained_wire,True,,,317.79114832605205,301.124481735022,293.14999994918014,0.5274981268455666,0.65,4000.0,3999.999992706762,0.00014999995578392217,18825.43268848671,-1.4620127330999821e-09,0.00015,301.124,293.15,317.791,0.0,150000,1,8,800000,800000,800000,0,301124,1,8,800000,800000,800000,0,293150,1,8,800000,800000,800000,0,317791,1,8,800000,800000,800000,0,0,1,8,800000,800000,800000,0,1.0,0.527498,0.65,1.0,0.527498,0.65,1.0,0.527498,0.65,8,1100000,False,1.0,5000.0,300.0,500.0,600000000000.0,100000000000.0,,7
1,planned_restart,thermal_loop,10,controller_tick,900000,0.9,1,0,900000,9,900000,RUNNING,,0,0,62,1,0,reconstructed_from_retained_wire,True,,,317.79114832630376,301.12448175198824,293.1499999378935,0.5274981147746151,0.65,4500.0,4499.999989886627,0.00014999995235141295,18825.43182690683,-1.6232206689892337e-09,0.00015,301.124,293.15,317.791,0.0,150000,1,9,900000,900000,900000,0,301124,1,9,900000,900000,900000,0,293150,1,9,900000,900000,900000,0,317791,1,9,900000,900000,900000,0,0,1,9,900000,900000,900000,0,1.0,0.527498,0.65,1.0,0.527498,0.65,1.0,0.527498,0.65,9,1200000,False,1.0,5000.0,300.0,500.0,600000000000.0,100000000000.0,,8
1,planned_restart,thermal_loop,11,controller_tick,1000000,1.0,1,0,1000000,10,1000000,RUNNING,,0,0,62,1,0,reconstructed_from_retained_wire,True,,,317.7911483266071,301.1244817699767,293.14999992593056,0.5274981038523663,0.65,5000.0,4999.999986484845,0.00014999994924555008,18825.431047317143,-1.9520030036801472e-09,0.00015,301.124,293.15,317.791,0.0,150000,1,10,1000000,1000000,1000000,0,301124,1,10,1000000,1000000,1000000,0,293150,1,10,1000000,1000000,1000000,0,317791,1,10,1000000,1000000,1000000,0,0,1,10,1000000,1000000,1000000,0,1.0,0.527498,0.65,1.0,0.527498,0.65,1.0,0.527498,0.65,10,1300000,False,1.0,5000.0,300.0,500.0,600000000000.0,100000000000.0,,9
1,planned_restart,thermal_loop,12,controller_tick,1100000,1.1,1,0,1100000,11,1100000,RUNNING,,0,0,62,1,0,reconstructed_from_retained_wire,True,,,317.7911483269648,301.1244817888483,293.1499999133844,0.527498093969507,0.65,5500.0,5499.99998246997,0.00014999994643524918,18825.430341915227,-1.5263594832504168e-09,0.00015,301.124,293.15,317.791,0.0,150000,1,11,1100000,1100000,1100000,0,301124,1,11,1100000,1100000,1100000,0,293150,1,11,1100000,1100000,1100000,0,317791,1,11,1100000,1100000,1100000,0,0,1,11,1100000,1100000,1100000,0,1.0,0.527498,0.65,1.0,0.527498,0.65,1.0,0.527498,0.65,11,1400000,False,1.0,5000.0,300.0,500.0,600000000000.0,100000000000.0,,10
1,planned_restart,thermal_loop,13,controller_tick,1200000,1.2,1,0,1200000,12,1200000,RUNNING,,0,0,62,1,0,reconstructed_from_retained_wire,True,,,317.7911483273791,301.12448180847804,293.14999990033874,0.527498085027126,0.65,6000.0,5999.9999778149695,0.00014999994389238374,18825.429703641195,-1.4076704246690497e-09,0.00015,301.124,293.15,317.791,0.0,150000,1,12,1200000,1200000,1200000,0,301124,1,12,1200000,1200000,1200000,0,293150,1,12,1200000,1200000,1200000,0,317791,1,12,1200000,1200000,1200000,0,0,1,12,1200000,1200000,1200000,0,1.0,0.527498,0.65,1.0,0.527498,0.65,1.0,0.527498,0.65,12,1500000,False,1.0,5000.0,300.0,500.0,600000000000.0,100000000000.0,,11
1,planned_restart,thermal_loop,14,controller_tick,1300000,1.3,1,0,1300000,13,1300000,RUNNING,,0,0,62,1,0,reconstructed_from_retained_wire,True,,,317.791148327852,301.12448182875346,293.14999988686884,0.527498076935725,0.65,6500.0,6499.999972496782,0.00014999994159150396,18825.429126106967,-8.167262421920896e-10,0.00015,301.124,293.15,317.791,0.0,150000,1,13,1300000,1300000,1300000,0,301124,1,13,1300000,1300000,1300000,0,293150,1,13,1300000,1300000,1300000,0,317791,1,13,1300000,1300000,1300000,0,0,1,13,1300000,1300000,1300000,0,1.0,0.527498,0.65,1.0,0.527498,0.65,1.0,0.527498,0.65,13,1600000,False,1.0,5000.0,300.0,500.0,600000000000.0,100000000000.0,,12
1,planned_restart,thermal_loop,15,controller_tick,1400000,1.4,1,0,1400000,14,1400000,RUNNING,,0,0,62,1,0,reconstructed_from_retained_wire,True,,,317.7911483283851,301.1244818495733,293.14999987304236,0.5274980696143229,0.65,7000.0,6999.999966495919,0.00014999993950958187,18825.428603532415,-8.567440090700984e-10,0.00015,301.124,293.15,317.791,0.0,150000,1,14,1400000,1400000,1400000,0,301124,1,14,1400000,1400000,1400000,0,293150,1,14,1400000,1400000,1400000,0,317791,1,14,1400000,1400000,1400000,0,0,1,14,1400000,1400000,1400000,0,1.0,0.527498,0.65,1.0,0.527498,0.65,1.0,0.527498,0.65,14,1700000,False,1.0,5000.0,300.0,500.0,600000000000.0,100000000000.0,,13
1,planned_restart,thermal_loop,16,controller_tick,1500000,1.5,1,0,1500000,15,1500000,RUNNING,,0,0,62,1,0,reconstructed_from_retained_wire,True,,,317.7911483289796,301.1244818708469,293.1499998589201,0.5274980629896441,0.65,7500.0,7499.999959796098,0.0001499999376257808,18825.428130687396,-1.0270468919770792e-09,0.00015,301.124,293.15,317.791,0.0,150000,1,15,1500000,1500000,1500000,0,301124,1,15,1500000,1500000,1500000,0,293150,1,15,1500000,1500000,1500000,0,317791,1,15,1500000,1500000,1500000,0,0,1,15,1500000,1500000,1500000,0,1.0,0.527498,0.65,1.0,0.527498,0.65,1.0,0.527498,0.65,15,1800000,False,1.0,5000.0,300.0,500.0,600000000000.0,100000000000.0,,14
1,planned_restart,thermal_loop,17,controller_tick,1600000,1.6,1,0,1600000,16,1600000,RUNNING,,0,0,62,1,0,reconstructed_from_retained_wire,True,,,317.79114832963666,301.12448189249267,293.1499998445568,0.527498056995387,0.65,8000.0,7999.9999523839215,0.00014999993592124718,18825.42770283955,-1.23463905765675e-10,0.00015,301.124,293.15,317.791,0.0,150000,1,16,1600000,1600000,1600000,0,301124,1,16,1600000,1600000,1600000,0,293150,1,16,1600000,1600000,1600000,0,317791,1,16,1600000,1600000,1600000,0,0,1,16,1600000,1600000,1600000,0,1.0,0.527498,0.65,1.0,0.527498,0.65,1.0,0.527498,0.65,16,1900000,False,1.0,5000.0,300.0,500.0,600000000000.0,100000000000.0,,15
1,planned_restart,thermal_loop,18,controller_tick,1700000,1.7,1,0,1700000,17,1700000,RUNNING,,0,0,62,1,0,reconstructed_from_retained_wire,True,,,317.791148330357,301.12448191443747,293.14999983000126,0.5274980515715588,0.65,8500.000000000002,8499.999944248582,0.00014999993437892135,18825.42731570681,-3.7766767491120845e-10,0.00015,301.124,293.15,317.791,0.0,150000,1,17,1700000,1700000,1700000,0,301124,1,17,1700000,1700000,1700000,0,293150,1,17,1700000,1700000,1700000,0,317791,1,17,1700000,1700000,1700000,0,0,1,17,1700000,1700000,1700000,0,1.0,0.527498,0.65,1.0,0.527498,0.65,1.0,0.527498,0.65,17,2000000,False,1.0,5000.0,300.0,500.0,600000000000.0,100000000000.0,,16
1,planned_restart,thermal_loop,19,controller_tick,1800000,1.8,1,0,1800000,18,1800000,RUNNING,,0,0,62,1,0,reconstructed_from_retained_wire,True,,,317.7911483311413,301.12448193661567,293.14999981529746,0.5274980466638761,0.65,9000.000000000002,8999.999935381584,0.0001499999329833672,18825.42696541462,-4.160938260611147e-11,0.00015,301.124,293.15,317.791,0.0,150000,1,18,1800000,1800000,1800000,0,301124,1,18,1800000,1800000,1800000,0,293150,1,18,1800000,1800000,1800000,0,317791,1,18,1800000,1800000,1800000,0,0,1,18,1800000,1800000,1800000,0,1.0,0.527498,0.65,1.0,0.527498,0.65,1.0,0.527498,0.65,18,2100000,False,1.0,5000.0,300.0,500.0,600000000000.0,100000000000.0,,17
1,planned_restart,thermal_loop,20,controller_tick,1900000,1.9,1,0,1900000,19,1900000,RUNNING,,0,0,62,1,0,reconstructed_from_retained_wire,True,,,317.79114833199,301.1244819589687,293.1499998004847,0.5274980422232212,0.65,9500.000000000002,9499.999925776516,0.00014999993172061762,18825.42664845714,9.722498361952603e-10,0.00015,301.124,293.15,317.791,0.0,150000,1,19,1900000,1900000,1900000,0,301124,1,19,1900000,1900000,1900000,0,293150,1,19,1900000,1900000,1900000,0,317791,1,19,1900000,1900000,1900000,0,0,1,19,1900000,1900000,1900000,0,1.0,0.527498,0.65,1.0,0.527498,0.65,1.0,0.527498,0.65,19,2200000,False,1.0,5000.0,300.0,500.0,600000000000.0,100000000000.0,,18
1,planned_restart,thermal_loop,21,controller_tick,2000000,2.0,1,0,2000000,20,2000000,RUNNING,,0,0,62,1,0,reconstructed_from_retained_wire,True,,,317.7911483329032,301.1244819814441,293.149999785598,0.5274980382051504,0.65,10000.000000000002,9999.999915428825,0.00014999993057803455,18825.426361662154,1.0975327313644812e-09,0.00015,301.124,293.15,317.791,0.0,150000,1,20,2000000,2000000,2000000,0,301124,1,20,2000000,2000000,2000000,0,293150,1,20,2000000,2000000,2000000,0,317791,1,20,2000000,2000000,2000000,0,0,1,20,2000000,2000000,2000000,0,1.0,0.527498,0.65,1.0,0.527498,0.65,1.0,0.527498,0.65,20,2300000,False,1.0,5000.0,300.0,500.0,600000000000.0,100000000000.0,,19
1,planned_restart,thermal_loop,22,controller_tick,2100000,2.1,1,0,2100000,21,2100000,RUNNING,,0,0,62,1,0,reconstructed_from_retained_wire,True,,,317.7911483338812,301.12448200399484,293.1499997706689,0.5274980345694497,0.65,10500.000000000004,10499.999904335615,0.00014999992954418265,18825.426102159327,8.033111953409389e-10,0.00015,301.124,293.15,317.791,0.0,150000,1,21,2100000,2100000,2100000,0,301124,1,21,2100000,2100000,2100000,0,293150,1,21,2100000,2100000,2100000,0,317791,1,21,2100000,2100000,2100000,0,0,1,21,2100000,2100000,2100000,0,1.0,0.527498,0.65,1.0,0.527498,0.65,1.0,0.527498,0.65,21,2400000,False,1.0,5000.0,300.0,500.0,600000000000.0,100000000000.0,,20
1,planned_restart,thermal_loop,23,controller_tick,2200000,2.2,1,0,2200000,22,2200000,RUNNING,,0,0,62,1,0,reconstructed_from_retained_wire,True,,,317.7911483349239,301.1244820265792,293.14999975572533,0.5274980312797316,0.65,11000.000000000004,10999.999892495478,0.00014999992860871474,18825.425867351463,2.5715962692629546e-10,0.00015,301.124,293.15,317.791,0.0,150000,1,22,2200000,2200000,2200000,0,301124,1,22,2200000,2200000,2200000,0,293150,1,22,2200000,2200000,2200000,0,317791,1,22,2200000,2200000,2200000,0,0,1,22,2200000,2200000,2200000,0,1.0,0.527498,0.65,1.0,0.527498,0.65,1.0,0.527498,0.65,22,2500000,False,1.0,5000.0,300.0,500.0,600000000000.0,100000000000.0,,21
1,planned_restart,thermal_loop,24,controller_tick,2300000,2.3,1,0,2300000,23,2300000,RUNNING,,0,0,62,1,0,reconstructed_from_retained_wire,True,,,317.7911483360311,301.1244820491599,293.1499997407924,0.5274980283030716,0.65,11500.000000000005,11499.999879908333,0.00014999992776226838,18825.425654888517,7.571543392259628e-10,0.00015,301.124,293.15,317.791,0.0,150000,1,23,2300000,2300000,2300000,0,301124,1,23,2300000,2300000,2300000,0,293150,1,23,2300000,2300000,2300000,0,317791,1,23,2300000,2300000,2300000,0,0,1,23,2300000,2300000,2300000,0,1.0,0.527498,0.65,1.0,0.527498,0.65,1.0,0.527498,0.65,23,2600000,False,1.0,5000.0,300.0,500.0,600000000000.0,100000000000.0,,22
1,planned_restart,thermal_loop,25,controller_tick,2400000,2.4,1,0,2400000,24,2400000,RUNNING,,0,0,62,1,0,reconstructed_from_retained_wire,True,,,317.7911483372025,301.1244820717037,293.1499997258922,0.5274980256096782,0.65,12000.000000000005,11999.999866575272,0.00014999992699637202,18825.425462644092,-1.566604623803869e-10,0.00015,301.124,293.15,317.791,0.0,150000,1,24,2400000,2400000,2400000,0,301124,1,24,2400000,2400000,2400000,0,293150,1,24,2400000,2400000,2400000,0,317791,1,24,2400000,2400000,2400000,0,0,1,24,2400000,2400000,2400000,0,1.0,0.527498,0.65,1.0,0.527498,0.65,1.0,0.527498,0.65,24,2700000,False,1.0,5000.0,300.0,500.0,600000000000.0,100000000000.0,,23
1,planned_restart,thermal_loop,26,controller_tick,2500000,2.5,1,0,2500000,25,2500000,RUNNING,,0,0,62,1,0,reconstructed_from_retained_wire,True,,,317.79114833843795,301.1244820941813,293.14999971104453,0.5274980231725951,0.65,12500.000000000007,12499.999852498433,0.00014999992630336035,18825.425288694147,2.2873791749589145e-10,0.00015,301.124,293.15,317.791,0.0,150000,1,25,2500000,2500000,2500000,0,301124,1,25,2500000,2500000,2500000,0,293150,1,25,2500000,2500000,2500000,0,317791,1,25,2500000,2500000,2500000,0,0,1,25,2500000,2500000,2500000,0,1.0,0.527498,0.65,1.0,0.527498,0.65,1.0,0.527498,0.65,25,2800000,False,1.0,5000.0,300.0,500.0,600000000000.0,100000000000.0,,24
1,planned_restart,thermal_loop,27,controller_tick,2600000,2.6,1,0,2600000,26,2600000,RUNNING,,0,0,62,1,0,reconstructed_from_retained_wire,True,,,317.7911483397369,301.1244821165665,293.1499996962669,0.5274980209674311,0.65,13000.00000000001,12999.999837680894,0.00014999992567629747,18825.425131297736,8.274128049379215e-10,0.00015,301.124,293.15,317.791,0.0,150000,1,26,2600000,2600000,2600000,0,301124,1,26,2600000,2600000,2600000,0,293150,1,26,2600000,2600000,2600000,0,317791,1,26,2600000,2600000,2600000,0,0,1,26,2600000,2600000,2600000,0,1.0,0.527498,0.65,1.0,0.527498,0.65,1.0,0.527498,0.65,26,2900000,False,1.0,5000.0,300.0,500.0,600000000000.0,100000000000.0,,25
1,planned_restart,thermal_loop,28,controller_tick,2700000,2.7,1,0,2700000,27,2700000,RUNNING,,0,0,62,1,0,reconstructed_from_retained_wire,True,,,317.7911483410988,301.1244821388363,293.1499996815747,0.5274980189721162,0.65,13500.000000000011,13499.99982212655,0.0001499999251089075,18825.424988879568,6.55518306302838e-10,0.00015,301.124,293.15,317.791,0.0,150000,1,27,2700000,2700000,2700000,0,301124,1,27,2700000,2700000,2700000,0,293150,1,27,2700000,2700000,2700000,0,317791,1,27,2700000,2700000,2700000,0,0,1,27,2700000,2700000,2700000,0,1.0,0.527498,0.65,1.0,0.527498,0.65,1.0,0.527498,0.65,27,3000000,False,1.0,5000.0,300.0,500.0,600000000000.0,100000000000.0,,26
1,planned_restart,thermal_loop,29,controller_tick,2800000,2.8,1,0,2800000,28,2800000,RUNNING,,0,0,62,1,0,reconstructed_from_retained_wire,True,,,317.7911483425231,301.12448216097033,293.1499996669816,0.5274980171666807,0.65,14000.000000000013,13999.99980584002,0.0001499999245955118,18825.424860014282,7.855760486563668e-10,0.00015,301.124,293.15,317.791,0.0,150000,1,28,2800000,2800000,2800000,0,301124,1,28,2800000,2800000,2800000,0,293150,1,28,2800000,2800000,2800000,0,317791,1,28,2800000,2800000,2800000,0,0,1,28,2800000,2800000,2800000,0,1.0,0.527498,0.65,1.0,0.527498,0.65,1.0,0.527498,0.65,28,3100000,False,1.0,5000.0,300.0,500.0,600000000000.0,100000000000.0,,27
1,planned_restart,thermal_loop,30,controller_tick,2900000,2.9,1,0,2900000,29,2900000,RUNNING,,0,0,62,1,0,reconstructed_from_retained_wire,True,,,317.7911483440093,301.12448218295077,293.14999965249956,0.5274980155330551,0.65,14500.000000000015,14499.999788826564,0.0001499999241309722,18825.424743412157,5.579749995376915e-10,0.00015,301.124,293.15,317.791,0.0,150000,1,29,2900000,2900000,2900000,0,301124,1,29,2900000,2900000,2900000,0,293150,1,29,2900000,2900000,2900000,0,317791,1,29,2900000,2900000,2900000,0,0,1,29,2900000,2900000,2900000,0,1.0,0.527498,0.65,1.0,0.527498,0.65,1.0,0.527498,0.65,29,3200000,False,1.0,5000.0,300.0,500.0,600000000000.0,100000000000.0,,28
1,planned_restart,thermal_loop,31,controller_tick,3000000,3.0,1,0,3000000,30,3000000,RUNNING,,0,0,62,1,0,reconstructed_from_retained_wire,True,,,317.7911483455566,301.1244822047619,293.14999963813915,0.5274980140548895,0.65,15000.000000000015,14999.999771092007,0.0001499999237106394,18825.424637906184,6.391474016709253e-10,0.00015,301.124,293.15,317.791,0.0,150000,1,30,3000000,3000000,3000000,0,301124,1,30,3000000,3000000,3000000,0,293150,1,30,3000000,3000000,3000000,0,317791,1,30,3000000,3000000,3000000,0,0,1,30,3000000,3000000,3000000,0,1.0,0.527498,0.65,1.0,0.527498,0.65,1.0,0.527498,0.65,30,3300000,False,1.0,5000.0,300.0,500.0,600000000000.0,100000000000.0,,29
1,planned_restart,thermal_loop,32,controller_tick,3100000,3.1,1,0,3100000,31,3100000,RUNNING,,0,0,62,1,0,reconstructed_from_retained_wire,True,,,317.7911483471643,301.12448222639006,293.14999962390954,0.5274980127173898,0.65,15500.000000000016,15499.999752642661,0.00014999992333030653,18825.424542440425,5.691163096344098e-10,0.00015,301.124,293.15,317.791,0.0,150000,1,31,3100000,3100000,3100000,0,301124,1,31,3100000,3100000,3100000,0,293150,1,31,3100000,3100000,3100000,0,317791,1,31,3100000,3100000,3100000,0,0,1,31,3100000,3100000,3100000,0,1.0,0.527498,0.65,1.0,0.527498,0.65,1.0,0.527498,0.65,31,3400000,False,1.0,5000.0,300.0,500.0,600000000000.0,100000000000.0,,30
1,planned_restart,thermal_loop,33,controller_tick,3200000,3.2,1,0,3200000,32,3200000,RUNNING,,0,0,62,1,0,reconstructed_from_retained_wire,True,,,317.7911483488317,301.12448224782355,293.14999960981856,0.5274980115071701,0.65,16000.000000000018,15999.999733485272,0.0001499999229861671,18825.424456059438,2.7330315788276494e-10,0.00015,301.124,293.15,317.791,0.0,150000,1,32,3200000,3200000,3200000,0,301124,1,32,3200000,3200000,3200000,0,293150,1,32,3200000,3200000,3200000,0,317791,1,32,3200000,3200000,3200000,0,0,1,32,3200000,3200000,3200000,0,1.0,0.527498,0.65,1.0,0.527498,0.65,1.0,0.527498,0.65,32,3500000,False,1.0,5000.0,300.0,500.0,600000000000.0,100000000000.0,,31
1,planned_restart,thermal_loop,34,controller_tick,3300000,3.3,1,0,3300000,33,3300000,RUNNING,,0,0,62,1,0,reconstructed_from_retained_wire,True,,,317.79114835055805,301.12448226905195,293.1499995958732,0.5274980104121181,0.65,16500.00000000002,16499.99971362695,0.00014999992267477686,18825.424377898686,1.8530954548623413e-10,0.00015,301.124,293.15,317.791,0.0,150000,1,33,3300000,3300000,3300000,0,301124,1,33,3300000,3300000,3300000,0,293150,1,33,3300000,3300000,3300000,0,317791,1,33,3300000,3300000,3300000,0,0,1,33,3300000,3300000,3300000,0,1.0,0.527498,0.65,1.0,0.527498,0.65,1.0,0.527498,0.65,33,3600000,False,1.0,5000.0,300.0,500.0,600000000000.0,100000000000.0,,32
1,planned_restart,thermal_loop,35,controller_tick,3400000,3.4,1,0,3400000,34,3400000,RUNNING,,0,0,62,1,0,reconstructed_from_retained_wire,True,,,317.7911483523424,301.1244822900667,293.1499995820794,0.5274980094212741,0.65,17000.00000000002,16999.999693075122,0.00014999992239301936,18825.424307175927,3.0399860406760126e-10,0.00015,301.124,293.15,317.791,0.0,150000,1,34,3400000,3400000,3400000,0,301124,1,34,3400000,3400000,3400000,0,293150,1,34,3400000,3400000,3400000,0,317791,1,34,3400000,3400000,3400000,0,0,1,34,3400000,3400000,3400000,0,1.0,0.527498,0.65,1.0,0.527498,0.65,1.0,0.527498,0.65,34,3700000,False,1.0,5000.0,300.0,500.0,600000000000.0,100000000000.0,,33
1,planned_restart,thermal_loop,36,controller_tick,3500000,3.5,1,0,3500000,35,3500000,RUNNING,,0,0,62,1,0,reconstructed_from_retained_wire,True,,,317.7911483541841,301.1244823108601,293.14999956844207,0.5274980085247214,0.65,17500.00000000002,17499.999671837497,0.00014999992213807464,18825.42424318332,7.055405149003491e-10,0.00015,301.124,293.15,317.791,0.0,150000,1,35,3500000,3500000,3500000,0,301124,1,35,3500000,3500000,3500000,0,293150,1,35,3500000,3500000,3500000,0,317791,1,35,3500000,3500000,3500000,0,0,1,35,3500000,3500000,3500000,0,1.0,0.527498,0.65,1.0,0.527498,0.65,1.0,0.527498,0.65,35,3800000,False,1.0,5000.0,300.0,500.0,600000000000.0,100000000000.0,,34
1,planned_restart,thermal_loop,37,controller_tick,3600000,3.6,1,0,3600000,36,3600000,RUNNING,,0,0,62,1,0,reconstructed_from_retained_wire,True,,,317.7911483560822,301.124482331426,293.1499995549655,0.5274980077134869,0.65,18000.00000000002,17999.99964992201,0.00014999992190739108,18825.424185280415,1.276703187613748e-09,0.00015,301.124,293.15,317.791,0.0,150000,1,36,3600000,3600000,3600000,0,301124,1,36,3600000,3600000,3600000,0,293150,1,36,3600000,3600000,3600000,0,317791,1,36,3600000,3600000,3600000,0,0,1,36,3600000,3600000,3600000,0,1.0,0.527498,0.65,1.0,0.527498,0.65,1.0,0.527498,0.65,36,3900000,False,1.0,5000.0,300.0,500.0,600000000000.0,100000000000.0,,35
1,planned_restart,thermal_loop,38,controller_tick,3700000,3.7,1,0,3700000,37,3700000,RUNNING,,0,0,62,1,0,reconstructed_from_retained_wire,True,,,317.79114835803585,301.1244823517591,293.1499995416532,0.5274980069794516,0.65,18500.000000000022,18499.99962733679,0.00014999992169866,18825.424132887703,8.085407898761332e-10,0.00015,301.124,293.15,317.791,0.0,150000,1,37,3700000,3700000,3700000,0,301124,1,37,3700000,3700000,3700000,0,293150,1,37,3700000,3700000,3700000,0,317791,1,37,3700000,3700000,3700000,0,0,1,37,3700000,3700000,3700000,0,1.0,0.527498,0.65,1.0,0.527498,0.65,1.0,0.527498,0.65,37,4000000,False,1.0,5000.0,300.0,500.0,600000000000.0,100000000000.0,,36
1,planned_restart,thermal_loop,39,controller_tick,3800000,3.8,1,0,3800000,38,3800000,RUNNING,,0,0,62,1,0,reconstructed_from_retained_wire,True,,,317.79114836004425,301.12448237185515,293.14999952850803,0.527498006315269,0.65,19000.000000000022,18999.99960409012,0.0001499999215097923,18825.424085480816,5.843503458891064e-10,0.00015,301.124,293.15,317.791,0.0,150000,1,38,3800000,3800000,3800000,0,301124,1,38,3800000,3800000,3800000,0,293150,1,38,3800000,3800000,3800000,0,317791,1,38,3800000,3800000,3800000,0,0,1,38,3800000,3800000,3800000,0,1.0,0.527498,0.65,1.0,0.527498,0.65,1.0,0.527498,0.65,38,4100000,False,1.0,5000.0,300.0,500.0,600000000000.0,100000000000.0,,37
1,planned_restart,thermal_loop,40,controller_tick,3900000,3.9,1,0,3900000,39,3900000,RUNNING,,0,0,62,1,0,reconstructed_from_retained_wire,True,,,317.7911483621064,301.12448239171067,293.1499995155324,0.5274980057142916,0.65,19500.000000000025,19499.99958019042,0.0001499999213388977,18825.424042585284,6.45741238258779e-11,0.00015,301.124,293.15,317.791,0.0,150000,1,39,3900000,3900000,3900000,0,301124,1,39,3900000,3900000,3900000,0,293150,1,39,3900000,3900000,3900000,0,317791,1,39,3900000,3900000,3900000,0,0,1,39,3900000,3900000,3900000,0,1.0,0.527498,0.65,1.0,0.527498,0.65,1.0,0.527498,0.65,39,4200000,False,1.0,5000.0,300.0,500.0,600000000000.0,100000000000.0,,38
1,planned_restart,thermal_loop,41,controller_tick,4000000,4.0,1,0,4000000,40,4000000,RUNNING,,0,0,62,1,0,reconstructed_from_retained_wire,True,,,317.79114836422156,301.1244824113231,293.149999502728,0.5274980051705048,0.65,20000.00000000003,19999.999555646213,0.00014999992118426588,18825.424003771805,5.979927664157003e-11,0.00015,301.124,293.15,317.791,0.0,150000,1,40,4000000,4000000,4000000,0,301124,1,40,4000000,4000000,4000000,0,293150,1,40,4000000,4000000,4000000,0,317791,1,40,4000000,4000000,4000000,0,0,1,40,4000000,4000000,4000000,0,1.0,0.527498,0.65,1.0,0.527498,0.65,1.0,0.527498,0.65,40,4300000,False,1.0,5000.0,300.0,500.0,600000000000.0,100000000000.0,,39
1,planned_restart,thermal_loop,42,controller_tick,4100000,4.1,1,0,4100000,41,4100000,RUNNING,,0,0,62,1,0,reconstructed_from_retained_wire,True,,,317.7911483663887,301.1244824306903,293.1499994900963,0.5274980046784663,0.65,20500.00000000003,20499.9995304661,0.00014999992104434924,18825.42396865192,2.1964297047816217e-10,0.00015,301.124,293.15,317.791,0.0,150000,1,41,4100000,4100000,4100000,0,301124,1,41,4100000,4100000,4100000,0,293150,1,41,4100000,4100000,4100000,0,317791,1,41,4100000,4100000,4100000,0,0,1,41,4100000,4100000,4100000,0,1.0,0.527498,0.65,1.0,0.527498,0.65,1.0,0.527498,0.65,41,4400000,False,1.0,5000.0,300.0,500.0,600000000000.0,100000000000.0,,40
1,planned_restart,thermal_loop,43,controller_tick,4200000,4.2,1,0,4200000,42,4200000,RUNNING,,0,0,62,1,0,reconstructed_from_retained_wire,True,,,317.791148368607,301.124482449811,293.1499994776381,0.5274980042332513,0.65,21000.000000000025,20999.999504658732,0.00014999992091774744,18825.423936874133,-7.532889867434278e-10,0.00015,301.124,293.15,317.791,0.0,150000,1,42,4200000,4200000,4200000,0,301124,1,42,4200000,4200000,4200000,0,293150,1,42,4200000,4200000,4200000,0,317791,1,42,4200000,4200000,4200000,0,0,1,42,4200000,4200000,4200000,0,1.0,0.527498,0.65,1.0,0.527498,0.65,1.0,0.527498,0.65,42,4500000,False,1.0,5000.0,300.0,500.0,600000000000.0,100000000000.0,,41
1,planned_restart,thermal_loop,44,controller_tick,4300000,4.3,1,0,4300000,43,4300000,RUNNING,,0,0,62,1,0,reconstructed_from_retained_wire,True,,,317.7911483708756,301.12448246868445,293.14999946535414,0.5274980038304042,0.65,21500.000000000025,21499.99947823281,0.00014999992080319338,18825.423908120407,-1.7394086171407253e-10,0.00015,301.124,293.15,317.791,0.0,150000,1,43,4300000,4300000,4300000,0,301124,1,43,4300000,4300000,4300000,0,293150,1,43,4300000,4300000,4300000,0,317791,1,43,4300000,4300000,4300000,0,0,1,43,4300000,4300000,4300000,0,1.0,0.527498,0.65,1.0,0.527498,0.65,1.0,0.527498,0.65,43,4600000,False,1.0,5000.0,300.0,500.0,600000000000.0,100000000000.0,,42
1,planned_restart,thermal_loop,45,controller_tick,4400000,4.4,1,0,4400000,44,4400000,RUNNING,,0,0,62,1,0,reconstructed_from_retained_wire,True,,,317.79114837319355,301.1244824873102,293.1499994532445,0.527498003465893,0.65,22000.000000000025,21999.99945119705,0.00014999992069954056,18825.42388210295,2.5056579033844173e-10,0.00015,301.124,293.15,317.791,0.0,150000,1,44,4400000,4400000,4400000,0,301124,1,44,4400000,4400000,4400000,0,293150,1,44,4400000,4400000,4400000,0,317791,1,44,4400000,4400000,4400000,0,0,1,44,4400000,4400000,4400000,0,1.0,0.527498,0.65,1.0,0.527498,0.65,1.0,0.527498,0.65,44,4700000,False,1.0,5000.0,300.0,500.0,600000000000.0,100000000000.0,,43
1,planned_restart,thermal_loop,46,controller_tick,4500000,4.5,1,0,4500000,45,4500000,RUNNING,,0,0,62,1,0,reconstructed_from_retained_wire,True,,,317.79114837556,301.1244825056883,293.14999944130926,0.5274980031360698,0.65,22500.000000000025,22499.99942356017,0.00014999992060575165,18825.423858561386,8.546976459911093e-10,0.00015,301.124,293.15,317.791,0.0,150000,1,45,4500000,4500000,4500000,0,301124,1,45,4500000,4500000,4500000,0,293150,1,45,4500000,4500000,4500000,0,317791,1,45,4500000,4500000,4500000,0,0,1,45,4500000,4500000,4500000,0,1.0,0.527498,0.65,1.0,0.527498,0.65,1.0,0.527498,0.65,45,4800000,False,1.0,5000.0,300.0,500.0,600000000000.0,100000000000.0,,44
1,planned_restart,thermal_loop,47,controller_tick,4600000,4.6,1,0,4600000,46,4600000,RUNNING,,0,0,62,1,0,reconstructed_from_retained_wire,True,,,317.79114837797397,301.1244825238193,293.14999942954796,0.5274980028376334,0.65,23000.000000000025,22999.999395330877,0.00014999992052088795,18825.42383726011,-2.660272002685815e-10,0.00015,301.124,293.15,317.791,0.0,150000,1,46,4600000,4600000,4600000,0,301124,1,46,4600000,4600000,4600000,0,293150,1,46,4600000,4600000,4600000,0,317791,1,46,4600000,4600000,4600000,0,0,1,46,4600000,4600000,4600000,0,1.0,0.527498,0.65,1.0,0.527498,0.65,1.0,0.527498,0.65,46,4900000,False,1.0,5000.0,300.0,500.0,600000000000.0,100000000000.0,,45
1,planned_restart,thermal_loop,48,controller_tick,4700000,4.7,1,0,4700000,47,4700000,RUNNING,,0,0,62,1,0,reconstructed_from_retained_wire,True,,,317.7911483804347,301.124482541704,293.1499994179602,0.5274980025675968,0.65,23500.000000000025,23499.99936651786,0.00014999992044410003,18825.423817985902,-1.5052137314341962e-10,0.00015,301.124,293.15,317.791,0.0,150000,1,47,4700000,4700000,4700000,0,301124,1,47,4700000,4700000,4700000,0,293150,1,47,4700000,4700000,4700000,0,317791,1,47,4700000,4700000,4700000,0,0,1,47,4700000,4700000,4700000,0,1.0,0.527498,0.65,1.0,0.527498,0.65,1.0,0.527498,0.65,47,5000000,False,1.0,5000.0,300.0,500.0,600000000000.0,100000000000.0,,46
1,planned_restart,thermal_loop,49,controller_tick,4800000,4.8,1,0,4800000,48,4800000,RUNNING,,0,0,62,1,0,reconstructed_from_retained_wire,True,,,317.7911483829413,301.12448255934356,293.1499994065452,0.5274980023232577,0.65,24000.000000000025,23999.999337129775,0.0001499999203746195,18825.423800545883,-2.7898749976884574e-10,0.00015,301.124,293.15,317.791,0.0,150000,1,48,4800000,4800000,4800000,0,301124,1,48,4800000,4800000,4800000,0,293150,1,48,4800000,4800000,4800000,0,317791,1,48,4800000,4800000,4800000,0,0,1,48,4800000,4800000,4800000,0,1.0,0.527498,0.65,1.0,0.527498,0.65,1.0,0.527498,0.65,48,5100000,False,1.0,5000.0,300.0,500.0,600000000000.0,100000000000.0,,47
1,planned_restart,thermal_loop,50,controller_tick,4900000,4.9,1,0,4900000,49,4900000,RUNNING,,0,0,62,1,0,reconstructed_from_retained_wire,True,,,317.7911483854928,301.12448257673935,293.14999939530196,0.5274980021021706,0.65,24500.000000000025,24499.99930717524,0.00014999992031175093,18825.423784765502,-8.008100849110633e-10,0.00015,301.124,293.15,317.791,0.0,150000,1,49,4900000,4900000,4900000,0,301124,1,49,4900000,4900000,4900000,0,293150,1,49,4900000,4900000,4900000,0,317791,1,49,4900000,4900000,4900000,0,0,1,49,4900000,4900000,4900000,0,1.0,0.527498,0.65,1.0,0.527498,0.65,1.0,0.527498,0.65,49,5200000,False,1.0,5000.0,300.0,500.0,600000000000.0,100000000000.0,,48
1,planned_restart,thermal_loop,51,controller_tick,5000000,5.0,1,0,5000000,50,5000000,RUNNING,,0,0,62,1,0,reconstructed_from_retained_wire,True,,,317.7911483880885,301.124482593893,293.14999938422955,0.5274980019021226,0.65,25000.000000000025,24999.99927666282,0.00014999992025486507,18825.42377048682,8.139977580867708e-11,0.00015,301.124,293.15,317.791,0.0,150000,1,50,5000000,5000000,5000000,0,301124,1,50,5000000,5000000,5000000,0,293150,1,50,5000000,5000000,5000000,0,317791,1,50,5000000,5000000,5000000,0,0,1,50,5000000,5000000,5000000,0,1.0,0.527498,0.65,1.0,0.527498,0.65,1.0,0.527498,0.65,50,5300000,False,1.0,5000.0,300.0,500.0,600000000000.0,100000000000.0,,49
1,planned_restart,thermal_loop,52,controller_tick,5100000,5.1,1,0,5100000,51,5100000,RUNNING,,0,0,62,1,0,reconstructed_from_retained_wire,True,,,317.79114839072736,301.12448261080635,293.1499993733266,0.5274980017211117,0.65,25500.000000000025,25499.99924560102,0.0001499999202033926,18825.42375756694,-7.878497854107991e-10,0.00015,301.124,293.15,317.791,0.0,150000,1,51,5100000,5100000,5100000,0,301124,1,51,5100000,5100000,5100000,0,293150,1,51,5100000,5100000,5100000,0,317791,1,51,5100000,5100000,5100000,0,0,1,51,5100000,5100000,5100000,0,1.0,0.527498,0.65,1.0,0.527498,0.65,1.0,0.527498,0.65,51,5400000,False,1.0,5000.0,300.0,500.0,600000000000.0,100000000000.0,,50
1,planned_restart,thermal_loop,53,controller_tick,5200000,5.2,1,0,5200000,52,5200000,RUNNING,,0,0,62,1,0,reconstructed_from_retained_wire,True,,,317.79114839340866,301.1244826274814,293.14999936259187,0.5274980015573262,0.65,26000.000000000025,25999.99921399828,0.0001499999201568184,18825.423745876535,-1.227817847393453e-10,0.00015,301.124,293.15,317.791,0.0,150000,1,52,5200000,5200000,5200000,0,301124,1,52,5200000,5200000,5200000,0,293150,1,52,5200000,5200000,5200000,0,317791,1,52,5200000,5200000,5200000,0,0,1,52,5200000,5200000,5200000,0,1.0,0.527498,0.65,1.0,0.527498,0.65,1.0,0.527498,0.65,52,5500000,False,1.0,5000.0,300.0,500.0,600000000000.0,100000000000.0,,51
1,planned_restart,thermal_loop,54,controller_tick,5300000,5.3,1,0,5300000,53,5300000,RUNNING,,0,0,62,1,0,reconstructed_from_retained_wire,True,,,317.7911483961315,301.1244826439204,293.1499993520238,0.5274980014091271,0.65,26500.000000000022,26499.999181862975,0.0001499999201146763,18825.42373529863,-5.409219738794491e-10,0.00015,301.124,293.15,317.791,0.0,150000,1,53,5300000,5300000,5300000,0,301124,1,53,5300000,5300000,5300000,0,293150,1,53,5300000,5300000,5300000,0,317791,1,53,5300000,5300000,5300000,0,0,1,53,5300000,5300000,5300000,0,1.0,0.527498,0.65,1.0,0.527498,0.65,1.0,0.527498,0.65,53,5600000,False,1.0,5000.0,300.0,500.0,600000000000.0,100000000000.0,,52
1,planned_restart,thermal_loop,55,controller_tick,5400000,5.4,1,0,5400000,54,5400000,RUNNING,,0,0,62,1,0,reconstructed_from_retained_wire,True,,,317.7911483988951,301.1244826601255,293.149999341621,0.5274980012750309,0.65,27000.000000000022,26999.99914920341,0.00014999992007654457,18825.423725727345,-6.109530659159645e-10,0.00015,301.124,293.15,317.791,0.0,150000,1,54,5400000,5400000,5400000,0,301124,1,54,5400000,5400000,5400000,0,293150,1,54,5400000,5400000,5400000,0,317791,1,54,5400000,5400000,5400000,0,0,1,54,5400000,5400000,5400000,0,1.0,0.527498,0.65,1.0,0.527498,0.65,1.0,0.527498,0.65,54,5700000,False,1.0,5000.0,300.0,500.0,600000000000.0,100000000000.0,,53
1,planned_restart,thermal_loop,56,controller_tick,5500000,5.5,1,0,5500000,55,5500000,RUNNING,,0,0,62,1,0,reconstructed_from_retained_wire,True,,,317.7911484016986,301.1244826760993,293.14999933138176,0.5274980011536957,0.65,27500.00000000002,27499.9991160278,0.00014999992004204157,18825.423717066893,-4.474713932722807e-10,0.00015,301.124,293.15,317.791,0.0,150000,1,55,5500000,5500000,5500000,0,301124,1,55,5500000,5500000,5500000,0,293150,1,55,5500000,5500000,5500000,0,317791,1,55,5500000,5500000,5500000,0,0,1,55,5500000,5500000,5500000,0,1.0,0.527498,0.65,1.0,0.527498,0.65,1.0,0.527498,0.65,55,5800000,False,1.0,5000.0,300.0,500.0,600000000000.0,100000000000.0,,54
1,planned_restart,thermal_loop,57,controller_tick,5600000,5.6,1,0,5600000,56,5600000,RUNNING,,0,0,62,1,0,reconstructed_from_retained_wire,True,,,317.7911484045412,301.1244826918443,293.1499993213044,0.5274980010439071,0.65,28000.00000000002,27999.99908234428,0.00014999992001082192,18825.423709230592,2.594333636807278e-10,0.00015,301.124,293.15,317.791,0.0,150000,1,56,5600000,5600000,5600000,0,301124,1,56,5600000,5600000,5600000,0,293150,1,56,5600000,5600000,5600000,0,317791,1,56,5600000,5600000,5600000,0,0,1,56,5600000,5600000,5600000,0,1.0,0.527498,0.65,1.0,0.527498,0.65,1.0,0.527498,0.65,56,5900000,False,1.0,5000.0,300.0,500.0,600000000000.0,100000000000.0,,55
1,planned_restart,thermal_loop,58,controller_tick,5700000,5.7,1,0,5700000,57,5700000,RUNNING,,0,0,62,1,0,reconstructed_from_retained_wire,True,,,317.79114840742216,301.1244827073631,293.1499993113871,0.5274980009445662,0.65,28500.00000000002,28499.999048160906,0.00014999991998257325,18825.42370214001,1.914486347232014e-10,0.00015,301.124,293.15,317.791,0.0,150000,1,57,5700000,5700000,5700000,0,301124,1,57,5700000,5700000,5700000,0,293150,1,57,5700000,5700000,5700000,0,317791,1,57,5700000,5700000,5700000,0,0,1,57,5700000,5700000,5700000,0,1.0,0.527498,0.65,1.0,0.527498,0.65,1.0,0.527498,0.65,57,6000000,False,1.0,5000.0,300.0,500.0,600000000000.0,100000000000.0,,56
1,planned_restart,thermal_loop,59,controller_tick,5800000,5.8,1,0,5800000,58,5800000,RUNNING,,0,0,62,1,0,reconstructed_from_retained_wire,True,,,317.7911484103406,301.1244827226584,293.1499993016281,0.5274980008546789,0.65,29000.00000000002,28999.99901348563,0.0001499999199570128,18825.423695724185,5.275069270282984e-10,0.00015,301.124,293.15,317.791,0.0,150000,1,58,5800000,5800000,5800000,0,301124,1,58,5800000,5800000,5800000,0,293150,1,58,5800000,5800000,5800000,0,317791,1,58,5800000,5800000,5800000,0,0,1,58,5800000,5800000,5800000,0,1.0,0.527498,0.65,1.0,0.527498,0.65,1.0,0.527498,0.65,58,6100000,False,1.0,5000.0,300.0,500.0,600000000000.0,100000000000.0,,57
1,planned_restart,thermal_loop,60,controller_tick,5900000,5.9,1,0,5900000,59,5900000,RUNNING,,0,0,62,1,0,reconstructed_from_retained_wire,True,,,317.7911484132958,301.124482737733,293.14999929202554,0.5274980007733454,0.65,29500.000000000015,29499.998978326323,0.0001499999199338847,18825.4236899189,4.69299266114831e-10,0.00015,301.124,293.15,317.791,0.0,150000,1,59,5900000,5900000,5900000,0,301124,1,59,5900000,5900000,5900000,0,293150,1,59,5900000,5900000,5900000,0,317791,1,59,5900000,5900000,5900000,0,0,1,59,5900000,5900000,5900000,0,1.0,0.527498,0.65,1.0,0.527498,0.65,1.0,0.527498,0.65,59,6200000,False,1.0,5000.0,300.0,500.0,600000000000.0,100000000000.0,,58
1,planned_restart,thermal_loop,61,controller_tick,6000000,6.0,1,0,6000000,60,6000000,RUNNING,,0,0,62,1,0,reconstructed_from_retained_wire,True,,,317.791148416287,301.1244827525896,293.14999928257754,0.5274980006997518,0.65,30000.000000000015,29999.99894269076,0.00014999991991295757,18825.423684666064,2.5352164811920375e-10,0.00015,301.124,293.15,317.791,0.0,150000,1,60,6000000,6000000,6000000,0,301124,1,60,6000000,6000000,6000000,0,293150,1,60,6000000,6000000,6000000,0,317791,1,60,6000000,6000000,6000000,0,0,1,60,6000000,6000000,6000000,0,1.0,0.527498,0.65,1.0,0.527498,0.65,1.0,0.527498,0.65,60,6300000,False,1.0,5000.0,300.0,500.0,600000000000.0,100000000000.0,,59
1,planned_restart,thermal_loop,62,controller_tick,6100000,6.1,1,0,6100000,61,6100000,RUNNING,,0,0,62,1,0,reconstructed_from_retained_wire,True,,,317.7911484193134,301.1244827672311,293.1499992732823,0.5274980006331617,0.65,30500.000000000015,30499.99890658662,0.0001499999198940219,18825.423679913103,4.6270542952697724e-10,0.00015,301.124,293.15,317.791,0.0,150000,1,61,6100000,6100000,6100000,0,301124,1,61,6100000,6100000,6100000,0,293150,1,61,6100000,6100000,6100000,0,317791,1,61,6100000,6100000,6100000,0,0,1,61,6100000,6100000,6100000,0,1.0,0.527498,0.65,1.0,0.527498,0.65,1.0,0.527498,0.65,61,6400000,False,1.0,5000.0,300.0,500.0,600000000000.0,100000000000.0,,60
1,planned_restart,thermal_loop,63,controller_tick,6200000,6.2,1,0,6200000,62,6200000,RUNNING,,0,0,62,1,0,reconstructed_from_retained_wire,True,,,317.79114842237425,301.12448278166045,293.1499992641377,0.5274980005729084,0.65,31000.000000000015,30999.998870021493,0.00014999991987688823,18825.423675612452,3.41970007866621e-10,0.00015,301.124,293.15,317.791,0.0,150000,1,62,6200000,6200000,6200000,0,301124,1,62,6200000,6200000,6200000,0,293150,1,62,6200000,6200000,6200000,0,317791,1,62,6200000,6200000,6200000,0,0,1,62,6200000,6200000,6200000,0,1.0,0.527498,0.65,1.0,0.527498,0.65,1.0,0.527498,0.65,62,6500000,False,1.0,5000.0,300.0,500.0,600000000000.0,100000000000.0,,61
1,planned_restart,thermal_loop,64,controller_tick,6300000,6.3,1,0,6300000,63,6300000,RUNNING,,0,0,62,1,0,reconstructed_from_retained_wire,True,,,317.7911484254688,301.12448279588045,293.149999255142,0.527498000518389,0.65,31500.000000000015,31499.99883300287,0.00014999991986138503,18825.42367172106,4.711182555183768e-10,0.00015,301.124,293.15,317.791,0.0,150000,1,63,6300000,6300000,6300000,0,301124,1,63,6300000,6300000,6300000,0,293150,1,63,6300000,6300000,6300000,0,317791,1,63,6300000,6300000,6300000,0,0,1,63,6300000,6300000,6300000,0,1.0,0.527498,0.65,1.0,0.527498,0.65,1.0,0.527498,0.65,63,6600000,False,1.0,5000.0,300.0,500.0,600000000000.0,100000000000.0,,62
1,planned_restart,thermal_loop,65,controller_tick,6400000,6.4,1,0,6400000,64,6400000,RUNNING,,0,0,62,1,0,reconstructed_from_retained_wire,True,,,317.7911484285964,301.124482809894,293.1499992462931,0.5274980004690578,0.65,32000.000000000015,31999.99879553814,0.00014999991984735716,18825.423668199983,-7.171365723479539e-10,0.00015,301.124,293.15,317.791,0.0,150000,1,64,6400000,6400000,6400000,0,301124,1,64,6400000,6400000,6400000,0,293150,1,64,6400000,6400000,6400000,0,317791,1,64,6400000,6400000,6400000,0,0,1,64,6400000,6400000,6400000,0,1.0,0.527498,0.65,1.0,0.527498,0.65,1.0,0.527498,0.65,64,6700000,False,1.0,5000.0,300.0,500.0,600000000000.0,100000000000.0,,63
1,planned_restart,thermal_loop,66,controller_tick,6500000,6.5,1,0,6500000,65,6500000,RUNNING,,0,0,62,1,0,reconstructed_from_retained_wire,True,,,317.79114843175626,301.1244828237041,293.1499992375891,0.5274980004244211,0.65,32500.00000000001,32499.998757634596,0.00014999991983466422,18825.423665013972,-9.458744898438454e-10,0.00015,301.124,293.15,317.791,0.0,150000,1,65,6500000,6500000,6500000,0,301124,1,65,6500000,6500000,6500000,0,293150,1,65,6500000,6500000,6500000,0,317791,1,65,6500000,6500000,6500000,0,0,1,65,6500000,6500000,6500000,0,1.0,0.527498,0.65,1.0,0.527498,0.65,1.0,0.527498,0.65,65,6800000,False,1.0,5000.0,300.0,500.0,600000000000.0,100000000000.0,,64
1,planned_restart,thermal_loop,67,controller_tick,6600000,6.6,1,0,6600000,66,6600000,RUNNING,,0,0,62,1,0,reconstructed_from_retained_wire,True,,,317.7911484349478,301.1244828373136,293.149999229028,0.5274980003840322,0.65,33000.00000000001,32999.99871929943,0.00014999991982317918,18825.423662131165,-1.1764313967432827e-09,0.00015,301.124,293.15,317.791,0.0,150000,1,66,6600000,6600000,6600000,0,301124,1,66,6600000,6600000,6600000,0,293150,1,66,6600000,6600000,6600000,0,317791,1,66,6600000,6600000,6600000,0,0,1,66,6600000,6600000,6600000,0,1.0,0.527498,0.65,1.0,0.527498,0.65,1.0,0.527498,0.65,66,6900000,False,1.0,5000.0,300.0,500.0,600000000000.0,100000000000.0,,65
1,planned_restart,thermal_loop,68,controller_tick,6700000,6.7,1,0,6700000,67,6700000,RUNNING,,0,0,62,1,0,reconstructed_from_retained_wire,True,,,317.7911484381702,301.12448285072554,293.14999922060787,0.5274980003474866,0.65,33500.00000000001,33499.99868053975,0.00014999991981278705,18825.42365952268,-2.0279458112781867e-09,0.00015,301.124,293.15,317.791,0.0,150000,1,67,6700000,6700000,6700000,0,301124,1,67,6700000,6700000,6700000,0,293150,1,67,6700000,6700000,6700000,0,317791,1,67,6700000,6700000,6700000,0,0,1,67,6700000,6700000,6700000,0,1.0,0.527498,0.65,1.0,0.527498,0.65,1.0,0.527498,0.65,67,7000000,False,1.0,5000.0,300.0,500.0,600000000000.0,100000000000.0,,66
1,planned_restart,thermal_loop,69,controller_tick,6800000,6.8,1,0,6800000,68,6800000,RUNNING,,0,0,62,1,0,reconstructed_from_retained_wire,True,,,317.7911484414229,301.1244828639428,293.14999921232675,0.5274980003144188,0.65,34000.00000000001,33999.99864136254,0.00014999991980338385,18825.423657162428,-1.483385858591646e-09,0.00015,301.124,293.15,317.791,0.0,150000,1,68,6800000,6800000,6800000,0,301124,1,68,6800000,6800000,6800000,0,293150,1,68,6800000,6800000,6800000,0,317791,1,68,6800000,6800000,6800000,0,0,1,68,6800000,6800000,6800000,0,1.0,0.527498,0.65,1.0,0.527498,0.65,1.0,0.527498,0.65,68,7100000,False,1.0,5000.0,300.0,500.0,600000000000.0,100000000000.0,,67
1,planned_restart,thermal_loop,70,controller_tick,6900000,6.9,1,0,6900000,69,6900000,RUNNING,,0,0,62,1,0,reconstructed_from_retained_wire,True,,,317.79114844470513,301.1244828769682,293.1499992041827,0.5274980002844979,0.65,34500.00000000001,34499.99860177471,0.0001499999197948755,18825.42365502678,-7.330527296289802e-10,0.00015,301.124,293.15,317.791,0.0,150000,1,69,6900000,6900000,6900000,0,301124,1,69,6900000,6900000,6900000,0,293150,1,69,6900000,6900000,6900000,0,317791,1,69,6900000,6900000,6900000,0,0,1,69,6900000,6900000,6900000,0,1.0,0.527498,0.65,1.0,0.527498,0.65,1.0,0.527498,0.65,69,7200000,False,1.0,5000.0,300.0,500.0,600000000000.0,100000000000.0,,68
1,planned_restart,thermal_loop,71,controller_tick,7000000,7.0,1,0,7000000,70,7000000,RUNNING,,0,0,62,1,0,reconstructed_from_retained_wire,True,,,317.79114844801626,301.12448288980477,293.14999919617367,0.5274980002574243,0.65,35000.00000000001,34999.99856178305,0.00014999991978717681,18825.423653094374,-5.152287485543638e-10,0.00015,301.124,293.15,317.791,0.0,150000,1,70,7000000,7000000,7000000,0,301124,1,70,7000000,7000000,7000000,0,293150,1,70,7000000,7000000,7000000,0,317791,1,70,7000000,7000000,7000000,0,0,1,70,7000000,7000000,7000000,0,1.0,0.527498,0.65,1.0,0.527498,0.65,1.0,0.527498,0.65,70,7300000,False,1.0,5000.0,300.0,500.0,600000000000.0,100000000000.0,,69
1,planned_restart,thermal_loop,72,controller_tick,7100000,7.1,1,0,7100000,71,7100000,RUNNING,,0,0,62,1,0,reconstructed_from_retained_wire,True,,,317.7911484513556,301.1244829024553,293.1499991882978,0.5274980002329271,0.65,35500.00000000001,35499.998521394285,0.0001499999197802108,18825.423651345853,-9.426912583876401e-10,0.00015,301.124,293.15,317.791,0.0,150000,1,71,7100000,7100000,7100000,0,301124,1,71,7100000,7100000,7100000,0,293150,1,71,7100000,7100000,7100000,0,317791,1,71,7100000,7100000,7100000,0,0,1,71,7100000,7100000,7100000,0,1.0,0.527498,0.65,1.0,0.527498,0.65,1.0,0.527498,0.65,71,7400000,False,1.0,5000.0,300.0,500.0,600000000000.0,100000000000.0,,70
1,planned_restart,thermal_loop,73,controller_tick,7200000,7.2,1,0,7200000,72,7200000,RUNNING,,0,0,62,1,0,reconstructed_from_retained_wire,True,,,317.7911484547226,301.12448291492274,293.1499991805531,0.5274980002107612,0.65,36000.00000000001,35999.99848061502,0.00014999991977390764,18825.423649763732,-9.927134669851512e-10,0.00015,301.124,293.15,317.791,0.0,150000,1,72,7200000,7200000,7200000,0,301124,1,72,7200000,7200000,7200000,0,293150,1,72,7200000,7200000,7200000,0,317791,1,72,7200000,7200000,7200000,0,0,1,72,7200000,7200000,7200000,0,1.0,0.527498,0.65,1.0,0.527498,0.65,1.0,0.527498,0.65,72,7500000,False,1.0,5000.0,300.0,500.0,600000000000.0,100000000000.0,,71
1,planned_restart,thermal_loop,74,controller_tick,7300000,7.3,1,0,7300000,73,7300000,RUNNING,,0,0,62,1,0,reconstructed_from_retained_wire,True,,,317.79114845811654,301.1244829272098,293.1499991729378,0.5274980001907046,0.65,36500.00000000001,36499.99843945175,0.00014999991976820433,18825.423648332162,-1.0750227374956012e-09,0.00015,301.124,293.15,317.791,0.0,150000,1,73,7300000,7300000,7300000,0,301124,1,73,7300000,7300000,7300000,0,293150,1,73,7300000,7300000,7300000,0,317791,1,73,7300000,7300000,7300000,0,0,1,73,7300000,7300000,7300000,0,1.0,0.527498,0.65,1.0,0.527498,0.65,1.0,0.527498,0.65,73,7600000,False,1.0,5000.0,300.0,500.0,600000000000.0,100000000000.0,,72
1,planned_restart,thermal_loop,75,controller_tick,7400000,7.4,1,0,7400000,74,7400000,RUNNING,,0,0,62,1,0,reconstructed_from_retained_wire,True,,,317.79114846153686,301.1244829393193,293.1499991654499,0.5274980001725567,0.65,37000.00000000001,36999.99839791092,0.00014999991976304375,18825.423647036834,-9.245013643521816e-10,0.00015,301.124,293.15,317.791,0.0,150000,1,74,7400000,7400000,7400000,0,301124,1,74,7400000,7400000,7400000,0,293150,1,74,7400000,7400000,7400000,0,317791,1,74,7400000,7400000,7400000,0,0,1,74,7400000,7400000,7400000,0,1.0,0.527498,0.65,1.0,0.527498,0.65,1.0,0.527498,0.65,74,7700000,False,1.0,5000.0,300.0,500.0,600000000000.0,100000000000.0,,73
1,planned_restart,thermal_loop,76,controller_tick,7500000,7.5,1,0,7500000,75,7500000,RUNNING,,0,0,62,1,0,reconstructed_from_retained_wire,True,,,317.79114846498305,301.1244829512541,293.1499991580875,0.5274980001561357,0.65,37500.00000000001,37499.99835599883,0.00014999991975837428,18825.423645864765,-9.97488314169459e-10,0.00015,301.124,293.15,317.791,0.0,150000,1,75,7500000,7500000,7500000,0,301124,1,75,7500000,7500000,7500000,0,293150,1,75,7500000,7500000,7500000,0,317791,1,75,7500000,7500000,7500000,0,0,1,75,7500000,7500000,7500000,0,1.0,0.527498,0.65,1.0,0.527498,0.65,1.0,0.527498,0.65,75,7800000,False,1.0,5000.0,300.0,500.0,600000000000.0,100000000000.0,,74
1,planned_restart,thermal_loop,77,controller_tick,7600000,7.6,1,0,7600000,76,7600000,RUNNING,,0,0,62,1,0,reconstructed_from_retained_wire,True,,,317.7911484684543,301.124482963017,293.1499991508488,0.5274980001412775,0.65,38000.00000000001,37999.99831372173,0.00014999991975414917,18825.42364480424,-6.477876013377681e-10,0.00015,301.124,293.15,317.791,0.0,150000,1,76,7600000,7600000,7600000,0,301124,1,76,7600000,7600000,7600000,0,293150,1,76,7600000,7600000,7600000,0,317791,1,76,7600000,7600000,7600000,0,0,1,76,7600000,7600000,7600000,0,1.0,0.527498,0.65,1.0,0.527498,0.65,1.0,0.527498,0.65,76,7900000,False,1.0,5000.0,300.0,500.0,600000000000.0,100000000000.0,,75
1,planned_restart,thermal_loop,78,controller_tick,7700000,7.7,1,0,7700000,77,7700000,RUNNING,,0,0,62,1,0,reconstructed_from_retained_wire,True,,,317.7911484719501,301.12448297461066,293.149999143732,0.5274980001278331,0.65,38500.00000000001,38499.998271085744,0.00014999991975032614,18825.423643844628,-7.512426236644387e-10,0.00015,301.124,293.15,317.791,0.0,150000,1,77,7700000,7700000,7700000,0,301124,1,77,7700000,7700000,7700000,0,293150,1,77,7700000,7700000,7700000,0,317791,1,77,7700000,7700000,7700000,0,0,1,77,7700000,7700000,7700000,0,1.0,0.527498,0.65,1.0,0.527498,0.65,1.0,0.527498,0.65,77,8000000,False,1.0,5000.0,300.0,500.0,600000000000.0,100000000000.0,,76
1,planned_restart,thermal_loop,79,controller_tick,7800000,7.8,1,0,7800000,78,7800000,RUNNING,,0,0,62,1,0,reconstructed_from_retained_wire,True,,,317.79114847547004,301.1244829860378,293.1499991367351,0.5274980001156682,0.65,39000.00000000001,38999.99822809693,0.00014999991974686688,18825.423642976344,-2.842170943040401e-10,0.00015,301.124,293.15,317.791,0.0,150000,1,78,7800000,7800000,7800000,0,301124,1,78,7800000,7800000,7800000,0,293150,1,78,7800000,7800000,7800000,0,317791,1,78,7800000,7800000,7800000,0,0,1,78,7800000,7800000,7800000,0,1.0,0.527498,0.65,1.0,0.527498,0.65,1.0,0.527498,0.65,78,8100000,False,1.0,5000.0,300.0,500.0,600000000000.0,100000000000.0,,77
1,planned_restart,thermal_loop,80,controller_tick,7900000,7.9,1,0,7900000,79,7900000,RUNNING,,0,0,62,1,0,reconstructed_from_retained_wire,True,,,317.79114847901343,301.1244829973011,293.14999912985644,0.5274980001046609,0.65,39500.00000000001,39499.99818476122,0.00014999991974373684,18825.42364219068,4.4497028284240514e-10,0.00015,301.124,293.15,317.791,0.0,150000,1,79,7900000,7900000,7900000,0,301124,1,79,7900000,7900000,7900000,0,293150,1,79,7900000,7900000,7900000,0,317791,1,79,7900000,7900000,7900000,0,0,1,79,7900000,7900000,7900000,0,1.0,0.527498,0.65,1.0,0.527498,0.65,1.0,0.527498,0.65,79,8200000,False,1.0,5000.0,300.0,500.0,600000000000.0,100000000000.0,,78
1,planned_restart,thermal_loop,81,controller_tick,8000000,8.0,1,0,8000000,80,8000000,RUNNING,,0,0,62,1,0,reconstructed_from_retained_wire,True,,,317.7911484825796,301.12448300840316,293.1499991230942,0.527498000094701,0.65,40000.00000000001,39999.9981410845,0.00014999991974090466,18825.423641479785,2.4920154828578234e-10,0.00015,301.124,293.15,317.791,0.0,150000,1,80,8000000,8000000,8000000,0,301124,1,80,8000000,8000000,8000000,0,293150,1,80,8000000,8000000,8000000,0,317791,1,80,8000000,8000000,8000000,0,0,1,80,8000000,8000000,8000000,0,1.0,0.527498,0.65,1.0,0.527498,0.65,1.0,0.527498,0.65,80,8300000,False,1.0,5000.0,300.0,500.0,600000000000.0,100000000000.0,,79
1,planned_restart,thermal_loop,82,controller_tick,8100000,8.1,1,0,8100000,81,8100000,RUNNING,,0,0,62,1,0,reconstructed_from_retained_wire,True,,,317.7911484861682,301.1244830193466,293.14999911644657,0.527498000085689,0.65,40500.0,40499.998097072545,0.000149999919738342,18825.423640836543,2.28283170145005e-10,0.00015,301.124,293.15,317.791,0.0,150000,1,81,8100000,8100000,8100000,0,301124,1,81,8100000,8100000,8100000,0,293150,1,81,8100000,8100000,8100000,0,317791,1,81,8100000,8100000,8100000,0,0,1,81,8100000,8100000,8100000,0,1.0,0.527498,0.65,1.0,0.527498,0.65,1.0,0.527498,0.65,81,8400000,False,1.0,5000.0,300.0,500.0,600000000000.0,100000000000.0,,80
1,planned_restart,thermal_loop,83,controller_tick,8200000,8.2,1,0,8200000,82,8200000,RUNNING,,0,0,62,1,0,reconstructed_from_retained_wire,True,,,317.79114848977855,301.12448303013406,293.14999910991185,0.5274980000775347,0.65,40999.99999999999,40999.99805273104,0.0001499999197360232,18825.423640254514,4.229150363244116e-11,0.00015,301.124,293.15,317.791,0.0,150000,1,82,8200000,8200000,8200000,0,301124,1,82,8200000,8200000,8200000,0,293150,1,82,8200000,8200000,8200000,0,317791,1,82,8200000,8200000,8200000,0,0,1,82,8200000,8200000,8200000,0,1.0,0.527498,0.65,1.0,0.527498,0.65,1.0,0.527498,0.65,82,8500000,False,1.0,5000.0,300.0,500.0,600000000000.0,100000000000.0,,81
1,planned_restart,thermal_loop,84,controller_tick,8300000,8.3,1,0,8300000,83,8300000,RUNNING,,0,0,62,1,0,reconstructed_from_retained_wire,True,,,317.7911484934102,301.124483040768,293.14999910348837,0.5274980000701562,0.65,41499.99999999999,41499.99800806559,0.00014999991973392509,18825.42363972787,5.013589543523267e-10,0.00015,301.124,293.15,317.791,0.0,150000,1,83,8300000,8300000,8300000,0,301124,1,83,8300000,8300000,8300000,0,293150,1,83,8300000,8300000,8300000,0,317791,1,83,8300000,8300000,8300000,0,0,1,83,8300000,8300000,8300000,0,1.0,0.527498,0.65,1.0,0.527498,0.65,1.0,0.527498,0.65,83,8600000,False,1.0,5000.0,300.0,500.0,600000000000.0,100000000000.0,,82
1,planned_restart,thermal_loop,85,controller_tick,8400000,8.4,1,0,8400000,84,8400000,RUNNING,,0,0,62,1,0,reconstructed_from_retained_wire,True,,,317.7911484970626,301.12448305125105,293.1499990971744,0.52749800006348,0.65,41999.99999999999,41999.9979630817,0.00014999991973202662,18825.42363925134,1.1127667676191777e-09,0.00015,301.124,293.15,317.791,0.0,150000,1,84,8400000,8400000,8400000,0,301124,1,84,8400000,8400000,8400000,0,293150,1,84,8400000,8400000,8400000,0,317791,1,84,8400000,8400000,8400000,0,0,1,84,8400000,8400000,8400000,0,1.0,0.527498,0.65,1.0,0.527498,0.65,1.0,0.527498,0.65,84,8700000,False,1.0,5000.0,300.0,500.0,600000000000.0,100000000000.0,,83
1,planned_restart,thermal_loop,86,controller_tick,8500000,8.5,1,0,8500000,85,8500000,RUNNING,,0,0,62,1,0,reconstructed_from_retained_wire,True,,,317.7911485007352,301.1244830615855,293.1499990909682,0.5274980000574392,0.65,42499.999999999985,42499.99791778482,0.00014999991973030884,18825.423638820175,1.108219294110313e-09,0.00015,301.124,293.15,317.791,0.0,150000,1,85,8500000,8500000,8500000,0,301124,1,85,8500000,8500000,8500000,0,293150,1,85,8500000,8500000,8500000,0,317791,1,85,8500000,8500000,8500000,0,0,1,85,8500000,8500000,8500000,0,1.0,0.527498,0.65,1.0,0.527498,0.65,1.0,0.527498,0.65,85,8800000,False,1.0,5000.0,300.0,500.0,600000000000.0,100000000000.0,,84
1,planned_restart,thermal_loop,87,controller_tick,8600000,8.6,1,0,8600000,86,8600000,RUNNING,,0,0,62,1,0,reconstructed_from_retained_wire,True,,,317.79114850442755,301.12448307177397,293.1499990848682,0.5274980000519731,0.65,42999.999999999985,42999.99787218029,0.0001499999197287545,18825.423638430024,1.9863364286720753e-09,0.00015,301.124,293.15,317.791,0.0,150000,1,86,8600000,8600000,8600000,0,301124,1,86,8600000,8600000,8600000,0,293150,1,86,8600000,8600000,8600000,0,317791,1,86,8600000,8600000,8600000,0,0,1,86,8600000,8600000,8600000,0,1.0,0.527498,0.65,1.0,0.527498,0.65,1.0,0.527498,0.65,86,8900000,False,1.0,5000.0,300.0,500.0,600000000000.0,100000000000.0,,85
1,planned_restart,thermal_loop,88,controller_tick,8700000,8.7,1,0,8700000,87,8700000,RUNNING,,0,0,62,1,0,reconstructed_from_retained_wire,True,,,317.79114850813914,301.1244830818187,293.1499990788727,0.5274980000470272,0.65,43499.99999999998,43499.99782627338,0.00014999991972734804,18825.423638077005,1.44427758641541e-09,0.00015,301.124,293.15,317.791,0.0,150000,1,87,8700000,8700000,8700000,0,301124,1,87,8700000,8700000,8700000,0,293150,1,87,8700000,8700000,8700000,0,317791,1,87,8700000,8700000,8700000,0,0,1,87,8700000,8700000,8700000,0,1.0,0.527498,0.65,1.0,0.527498,0.65,1.0,0.527498,0.65,87,9000000,False,1.0,5000.0,300.0,500.0,600000000000.0,100000000000.0,,86
1,planned_restart,thermal_loop,89,controller_tick,8800000,8.8,1,0,8800000,88,8800000,RUNNING,,0,0,62,1,0,reconstructed_from_retained_wire,True,,,317.7911485118695,301.1244830917222,293.14999907298017,0.527498000042552,0.65,43999.99999999997,43999.99778006927,0.0001499999197260755,18825.42363775758,1.303078533965163e-09,0.00015,301.124,293.15,317.791,0.0,150000,1,88,8800000,8800000,8800000,0,301124,1,88,8800000,8800000,8800000,0,293150,1,88,8800000,8800000,8800000,0,317791,1,88,8800000,8800000,8800000,0,0,1,88,8800000,8800000,8800000,0,1.0,0.527498,0.65,1.0,0.527498,0.65,1.0,0.527498,0.65,88,9100000,False,1.0,5000.0,300.0,500.0,600000000000.0,100000000000.0,,87
1,planned_restart,thermal_loop,90,controller_tick,8900000,8.9,1,0,8900000,89,8900000,RUNNING,,0,0,62,1,0,reconstructed_from_retained_wire,True,,,317.7911485156181,301.12448310148676,293.14999906718896,0.5274980000385027,0.65,44499.99999999996,44499.99773357308,0.000149999919724924,18825.423637468557,1.0793428373290226e-09,0.00015,301.124,293.15,317.791,0.0,150000,1,89,8900000,8900000,8900000,0,301124,1,89,8900000,8900000,8900000,0,293150,1,89,8900000,8900000,8900000,0,317791,1,89,8900000,8900000,8900000,0,0,1,89,8900000,8900000,8900000,0,1.0,0.527498,0.65,1.0,0.527498,0.65,1.0,0.527498,0.65,89,9200000,False,1.0,5000.0,300.0,500.0,600000000000.0,100000000000.0,,88
1,planned_restart,thermal_loop,91,controller_tick,9000000,9.0,1,0,9000000,90,9000000,RUNNING,,0,0,62,1,0,reconstructed_from_retained_wire,True,,,317.79114851938454,301.1244831111146,293.1499990614975,0.5274980000348387,0.65,44999.99999999996,44999.99768678983,0.00014999991972388212,18825.423637207037,3.888089850079268e-10,0.00015,301.124,293.15,317.791,0.0,150000,1,90,9000000,9000000,9000000,0,301124,1,90,9000000,9000000,9000000,0,293150,1,90,9000000,9000000,9000000,0,317791,1,90,9000000,9000000,9000000,0,0,1,90,9000000,9000000,9000000,0,1.0,0.527498,0.65,1.0,0.527498,0.65,1.0,0.527498,0.65,90,9300000,False,1.0,5000.0,300.0,500.0,600000000000.0,100000000000.0,,89
1,planned_restart,thermal_loop,92,controller_tick,9100000,9.1,1,0,9100000,91,9100000,RUNNING,,0,0,62,1,0,reconstructed_from_retained_wire,True,,,317.7911485231683,301.1244831206081,293.14999905590435,0.5274980000315234,0.65,45499.999999999956,45499.99763972447,0.00014999991972293938,18825.4236369704,2.8194335754960775e-11,0.00015,301.124,293.15,317.791,0.0,150000,1,91,9100000,9100000,9100000,0,301124,1,91,9100000,9100000,9100000,0,293150,1,91,9100000,9100000,9100000,0,317791,1,91,9100000,9100000,9100000,0,0,1,91,9100000,9100000,9100000,0,1.0,0.527498,0.65,1.0,0.527498,0.65,1.0,0.527498,0.65,91,9400000,False,1.0,5000.0,300.0,500.0,600000000000.0,100000000000.0,,90
1,planned_restart,thermal_loop,93,controller_tick,9200000,9.2,1,0,9200000,92,9200000,RUNNING,,0,0,62,1,0,reconstructed_from_retained_wire,True,,,317.79114852696904,301.12448312996946,293.14999905040787,0.5274980000285234,0.65,45999.99999999995,45999.99759238188,0.0001499999197220863,18825.423636756277,-5.707079253625125e-11,0.00015,301.124,293.15,317.791,0.0,150000,1,92,9200000,9200000,9200000,0,301124,1,92,9200000,9200000,9200000,0,293150,1,92,9200000,9200000,9200000,0,317791,1,92,9200000,9200000,9200000,0,0,1,92,9200000,9200000,9200000,0,1.0,0.527498,0.65,1.0,0.527498,0.65,1.0,0.527498,0.65,92,9500000,False,1.0,5000.0,300.0,500.0,600000000000.0,100000000000.0,,91
1,planned_restart,thermal_loop,94,controller_tick,9300000,9.3,1,0,9300000,93,9300000,RUNNING,,0,0,62,1,0,reconstructed_from_retained_wire,True,,,317.7911485307862,301.12448313920083,293.14999904500667,0.527498000025809,0.65,46499.99999999994,46499.99754476685,0.00014999991972131446,18825.42363656253,-4.3291947804391384e-10,0.00015,301.124,293.15,317.791,0.0,150000,1,93,9300000,9300000,9300000,0,301124,1,93,9300000,9300000,9300000,0,293150,1,93,9300000,9300000,9300000,0,317791,1,93,9300000,9300000,9300000,0,0,1,93,9300000,9300000,9300000,0,1.0,0.527498,0.65,1.0,0.527498,0.65,1.0,0.527498,0.65,93,9600000,False,1.0,5000.0,300.0,500.0,600000000000.0,100000000000.0,,92
1,planned_restart,thermal_loop,95,controller_tick,9400000,9.4,1,0,9400000,94,9400000,RUNNING,,0,0,62,1,0,reconstructed_from_retained_wire,True,,,317.79114853461937,301.1244831483044,293.14999903969925,0.527498000023353,0.65,46999.999999999935,46999.997496884105,0.00014999991972061604,18825.423636387233,-3.490185918053612e-10,0.00015,301.124,293.15,317.791,0.0,150000,1,94,9400000,9400000,9400000,0,301124,1,94,9400000,9400000,9400000,0,293150,1,94,9400000,9400000,9400000,0,317791,1,94,9400000,9400000,9400000,0,0,1,94,9400000,9400000,9400000,0,1.0,0.527498,0.65,1.0,0.527498,0.65,1.0,0.527498,0.65,94,9700000,False,1.0,5000.0,300.0,500.0,600000000000.0,100000000000.0,,93
1,planned_restart,thermal_loop,96,controller_tick,9500000,9.5,1,0,9500000,95,9500000,RUNNING,,0,0,62,1,0,reconstructed_from_retained_wire,True,,,317.7911485384682,301.1244831572824,293.14999903448415,0.5274980000211307,0.65,47499.99999999993,47499.997448738315,0.0001499999197199841,18825.42363622861,4.042703949380666e-10,0.00015,301.124,293.15,317.791,0.0,150000,1,95,9500000,9500000,9500000,0,301124,1,95,9500000,9500000,9500000,0,293150,1,95,9500000,9500000,9500000,0,317791,1,95,9500000,9500000,9500000,0,0,1,95,9500000,9500000,9500000,0,1.0,0.527498,0.65,1.0,0.527498,0.65,1.0,0.527498,0.65,95,9800000,False,1.0,5000.0,300.0,500.0,600000000000.0,100000000000.0,,94
1,planned_restart,thermal_loop,97,controller_tick,9600000,9.6,1,0,9600000,96,9600000,RUNNING,,0,0,62,1,0,reconstructed_from_retained_wire,True,,,317.7911485423321,301.12448316613677,293.1499990293599,0.5274980000191198,0.65,47999.99999999993,47999.99740033405,0.00014999991971941228,18825.423636085085,-1.525677362224087e-10,0.00015,301.124,293.15,317.791,0.0,150000,1,96,9600000,9600000,9600000,0,301124,1,96,9600000,9600000,9600000,0,293150,1,96,9600000,9600000,9600000,0,317791,1,96,9600000,9600000,9600000,0,0,1,96,9600000,9600000,9600000,0,1.0,0.527498,0.65,1.0,0.527498,0.65,1.0,0.527498,0.65,96,9900000,False,1.0,5000.0,300.0,500.0,600000000000.0,100000000000.0,,95
1,planned_restart,thermal_loop,98,controller_tick,9700000,9.7,1,0,9700000,97,9700000,RUNNING,,0,0,62,1,0,reconstructed_from_retained_wire,True,,,317.7911485462108,301.1244831748696,293.14999902432504,0.5274980000173004,0.65,48499.99999999992,48499.997351675804,0.00014999991971889493,18825.42363595522,-1.624584911041893e-09,0.00015,301.124,293.15,317.791,0.0,150000,1,97,9700000,9700000,9700000,0,301124,1,97,9700000,9700000,9700000,0,293150,1,97,9700000,9700000,9700000,0,317791,1,97,9700000,9700000,9700000,0,0,1,97,9700000,9700000,9700000,0,1.0,0.527498,0.65,1.0,0.527498,0.65,1.0,0.527498,0.65,97,10000000,False,1.0,5000.0,300.0,500.0,600000000000.0,100000000000.0,,96
1,planned_restart,thermal_loop,99,controller_tick,9800000,9.8,1,0,9800000,98,9800000,RUNNING,,0,0,62,1,0,reconstructed_from_retained_wire,True,,,317.7911485501039,301.1244831834831,293.14999901937836,0.527498000015654,0.65,48999.99999999991,48999.997302768024,0.00014999991971842674,18825.4236358377,-1.183707354357466e-09,0.00015,301.124,293.15,317.791,0.0,150000,1,98,9800000,9800000,9800000,0,301124,1,98,9800000,9800000,9800000,0,293150,1,98,9800000,9800000,9800000,0,317791,1,98,9800000,9800000,9800000,0,0,1,98,9800000,9800000,9800000,0,1.0,0.527498,0.65,1.0,0.527498,0.65,1.0,0.527498,0.65,98,10100000,False,1.0,5000.0,300.0,500.0,600000000000.0,100000000000.0,,97
1,planned_restart,thermal_loop,100,controller_tick,9900000,9.9,1,0,9900000,99,9900000,RUNNING,,0,0,62,1,0,reconstructed_from_retained_wire,True,,,317.791148554011,301.12448319197904,293.14999901451836,0.5274980000141642,0.65,49499.999999999905,49499.99725361509,0.00014999991971800312,18825.42363573137,-1.7553247744217515e-09,0.00015,301.124,293.15,317.791,0.0,150000,1,99,9900000,9900000,9900000,0,301124,1,99,9900000,9900000,9900000,0,293150,1,99,9900000,9900000,9900000,0,317791,1,99,9900000,9900000,9900000,0,0,1,99,9900000,9900000,9900000,0,1.0,0.527498,0.65,1.0,0.527498,0.65,1.0,0.527498,0.65,99,10200000,False,1.0,5000.0,300.0,500.0,600000000000.0,100000000000.0,,98
1,planned_restart,thermal_loop,101,controller_tick,10000000,10.0,1,0,10000000,100,10000000,RUNNING,,0,0,62,1,0,reconstructed_from_retained_wire,True,,,317.7911485579316,301.1244832003595,293.14999900974374,0.5274980000128163,0.65,49999.9999999999,49999.99720422129,0.00014999991971761982,18825.42363563516,-2.4060682335402817e-09,0.00015,301.124,293.15,317.791,0.0,150000,1,100,10000000,10000000,10000000,0,301124,1,100,10000000,10000000,10000000,0,293150,1,100,10000000,10000000,10000000,0,317791,1,100,10000000,10000000,10000000,0,0,1,100,10000000,10000000,10000000,0,1.0,0.527498,0.65,1.0,0.527498,0.65,1.0,0.527498,0.65,100,10300000,False,1.0,5000.0,300.0,500.0,600000000000.0,100000000000.0,,99
1,planned_restart,thermal_loop,102,controller_tick,10100000,10.1,1,0,10100000,101,10100000,RUNNING,,0,0,62,1,0,reconstructed_from_retained_wire,True,,,317.7911485618654,301.12448320862643,293.1499990050532,0.5274980000115966,0.65,50499.99999999989,50499.99715459087,0.000149999919717273,18825.423635548104,-3.0174760468071327e-09,0.00015,301.124,293.15,317.791,0.0,150000,1,101,10100000,10100000,10100000,0,301124,1,101,10100000,10100000,10100000,0,293150,1,101,10100000,10100000,10100000,0,317791,1,101,10100000,10100000,10100000,0,0,1,101,10100000,10100000,10100000,0,1.0,0.527498,0.65,1.0,0.527498,0.65,1.0,0.527498,0.65,101,10400000,False,1.0,5000.0,300.0,500.0,600000000000.0,100000000000.0,,100
1,planned_restart,thermal_loop,103,controller_tick,10200000,10.2,1,0,10200000,102,10200000,RUNNING,,0,0,62,1,0,reconstructed_from_retained_wire,True,,,317.791148565812,301.12448321678175,293.14999900044535,0.5274980000104931,0.65,50999.99999999989,50999.99710472799,0.00014999991971695917,18825.423635469335,-3.3207925298484042e-09,0.00015,301.124,293.15,317.791,0.0,150000,1,102,10200000,10200000,10200000,0,301124,1,102,10200000,10200000,10200000,0,293150,1,102,10200000,10200000,10200000,0,317791,1,102,10200000,10200000,10200000,0,0,1,102,10200000,10200000,10200000,0,1.0,0.527498,0.65,1.0,0.527498,0.65,1.0,0.527498,0.65,102,10500000,False,1.0,5000.0,300.0,500.0,600000000000.0,100000000000.0,,101
1,planned_restart,thermal_loop,104,controller_tick,10300000,10.3,1,0,10300000,103,10300000,RUNNING,,0,0,62,1,0,reconstructed_from_retained_wire,True,,,317.79114856977105,301.12448322482726,293.149998995919,0.5274980000094945,0.65,51499.99999999989,51499.99705463676,0.00014999991971667524,18825.423635398063,-3.982904672739096e-09,0.00015,301.124,293.15,317.791,0.0,150000,1,103,10300000,10300000,10300000,0,301124,1,103,10300000,10300000,10300000,0,293150,1,103,10300000,10300000,10300000,0,317791,1,103,10300000,10300000,10300000,0,0,1,103,10300000,10300000,10300000,0,1.0,0.527498,0.65,1.0,0.527498,0.65,1.0,0.527498,0.65,103,10600000,False,1.0,5000.0,300.0,500.0,600000000000.0,100000000000.0,,102
1,planned_restart,thermal_loop,105,controller_tick,10400000,10.4,1,0,10400000,104,10400000,RUNNING,,0,0,62,1,0,reconstructed_from_retained_wire,True,,,317.79114857374225,301.1244832327649,293.1499989914729,0.527498000008591,0.65,51999.99999999988,51999.99700432123,0.0001499999197164183,18825.423635333576,-3.462446329649538e-09,0.00015,301.124,293.15,317.791,0.0,150000,1,104,10400000,10400000,10400000,0,301124,1,104,10400000,10400000,10400000,0,293150,1,104,10400000,10400000,10400000,0,317791,1,104,10400000,10400000,10400000,0,0,1,104,10400000,10400000,10400000,0,1.0,0.527498,0.65,1.0,0.527498,0.65,1.0,0.527498,0.65,104,10700000,False,1.0,5000.0,300.0,500.0,600000000000.0,100000000000.0,,103
1,planned_restart,thermal_loop,106,controller_tick,10500000,10.5,1,0,10500000,105,10500000,RUNNING,,0,0,62,1,0,reconstructed_from_retained_wire,True,,,317.79114857772515,301.12448324059636,293.14999898710573,0.5274980000077735,0.65,52499.999999999876,52499.99695378537,0.00014999991971618586,18825.423635275212,-3.2919160730671138e-09,0.00015,301.124,293.15,317.791,0.0,150000,1,105,10500000,10500000,10500000,0,301124,1,105,10500000,10500000,10500000,0,293150,1,105,10500000,10500000,10500000,0,317791,1,105,10500000,10500000,10500000,0,0,1,105,10500000,10500000,10500000,0,1.0,0.527498,0.65,1.0,0.527498,0.65,1.0,0.527498,0.65,105,10800000,False,1.0,5000.0,300.0,500.0,600000000000.0,100000000000.0,,104
1,planned_restart,thermal_loop,107,controller_tick,10600000,10.6,1,0,10600000,106,10600000,RUNNING,,0,0,62,1,0,reconstructed_from_retained_wire,True,,,317.7911485817194,301.1244832483235,293.1499989828163,0.5274980000070337,0.65,52999.999999999876,52999.9969030331,0.0001499999197159755,18825.423635222414,-3.205059329047799e-09,0.00015,301.124,293.15,317.791,0.0,150000,1,106,10600000,10600000,10600000,0,301124,1,106,10600000,10600000,10600000,0,293150,1,106,10600000,10600000,10600000,0,317791,1,106,10600000,10600000,10600000,0,0,1,106,10600000,10600000,10600000,0,1.0,0.527498,0.65,1.0,0.527498,0.65,1.0,0.527498,0.65,106,10900000,False,1.0,5000.0,300.0,500.0,600000000000.0,100000000000.0,,105
1,planned_restart,thermal_loop,108,controller_tick,10700000,10.7,1,0,10700000,107,10700000,RUNNING,,0,0,62,1,0,reconstructed_from_retained_wire,True,,,317.79114858572467,301.12448325594806,293.14999897860343,0.5274980000063644,0.65,53499.999999999876,53499.996852068274,0.00014999991971578514,18825.423635174644,-3.792592906393111e-09,0.00015,301.124,293.15,317.791,0.0,150000,1,107,10700000,10700000,10700000,0,301124,1,107,10700000,10700000,10700000,0,293150,1,107,10700000,10700000,10700000,0,317791,1,107,10700000,10700000,10700000,0,0,1,107,10700000,10700000,10700000,0,1.0,0.527498,0.65,1.0,0.527498,0.65,1.0,0.527498,0.65,107,11000000,False,1.0,5000.0,300.0,500.0,600000000000.0,100000000000.0,,106
1,planned_restart,thermal_loop,109,controller_tick,10800000,10.8,1,0,10800000,108,10800000,RUNNING,,0,0,62,1,0,reconstructed_from_retained_wire,True,,,317.7911485897406,301.1244832634718,293.1499989744659,0.5274980000057587,0.65,53999.999999999876,53999.996800894696,0.0001499999197156129,18825.423635131418,-4.098637873539701e-09,0.00015,301.124,293.15,317.791,0.0,150000,1,108,10800000,10800000,10800000,0,301124,1,108,10800000,10800000,10800000,0,293150,1,108,10800000,10800000,10800000,0,317791,1,108,10800000,10800000,10800000,0,0,1,108,10800000,10800000,10800000,0,1.0,0.527498,0.65,1.0,0.527498,0.65,1.0,0.527498,0.65,108,11100000,False,1.0,5000.0,300.0,500.0,600000000000.0,100000000000.0,,107
1,planned_restart,thermal_loop,110,controller_tick,10900000,10.9,1,0,10900000,109,10900000,RUNNING,,0,0,62,1,0,reconstructed_from_retained_wire,True,,,317.79114859376693,301.1244832708965,293.1499989704025,0.5274980000052106,0.65,54499.99999999987,54499.9967495161,0.00014999991971545703,18825.4236350923,-3.6934579838998616e-09,0.00015,301.124,293.15,317.791,0.0,150000,1,109,10900000,10900000,10900000,0,301124,1,109,10900000,10900000,10900000,0,293150,1,109,10900000,10900000,10900000,0,317791,1,109,10900000,10900000,10900000,0,0,1,109,10900000,10900000,10900000,0,1.0,0.527498,0.65,1.0,0.527498,0.65,1.0,0.527498,0.65,109,11200000,False,1.0,5000.0,300.0,500.0,600000000000.0,100000000000.0,,108
1,planned_restart,thermal_loop,111,controller_tick,11000000,11.0,1,0,11000000,110,11000000,RUNNING,,0,0,62,1,0,reconstructed_from_retained_wire,True,,,317.7911485978033,301.1244832782237,293.14999896641217,0.5274980000047148,0.65,54999.99999999987,54999.99669793618,0.00014999991971531608,18825.4236350569,-3.508603185764514e-09,0.00015,301.124,293.15,317.791,0.0,150000,1,110,11000000,11000000,11000000,0,301124,1,110,11000000,11000000,11000000,0,293150,1,110,11000000,11000000,11000000,0,317791,1,110,11000000,11000000,11000000,0,0,1,110,11000000,11000000,11000000,0,1.0,0.527498,0.65,1.0,0.527498,0.65,1.0,0.527498,0.65,110,11300000,False,1.0,5000.0,300.0,500.0,600000000000.0,100000000000.0,,109
1,planned_restart,thermal_loop,112,controller_tick,11100000,11.1,1,0,11100000,111,11100000,RUNNING,,0,0,62,1,0,reconstructed_from_retained_wire,True,,,317.7911486018494,301.1244832854551,293.1499989624937,0.5274980000042662,0.65,55499.99999999986,55499.996646158535,0.0001499999197151885,18825.423635024876,-3.4171989682363346e-09,0.00015,301.124,293.15,317.791,0.0,150000,1,111,11100000,11100000,11100000,0,301124,1,111,11100000,11100000,11100000,0,293150,1,111,11100000,11100000,11100000,0,317791,1,111,11100000,11100000,11100000,0,0,1,111,11100000,11100000,11100000,0,1.0,0.527498,0.65,1.0,0.527498,0.65,1.0,0.527498,0.65,111,11400000,False,1.0,5000.0,300.0,500.0,600000000000.0,100000000000.0,,110
1,planned_restart,thermal_loop,113,controller_tick,11200000,11.2,1,0,11200000,112,11200000,RUNNING,,0,0,62,1,0,reconstructed_from_retained_wire,True,,,317.7911486059049,301.12448329259223,293.14999895864605,0.5274980000038603,0.65,55999.99999999986,55999.99659418674,0.00014999991971507306,18825.42363499591,-3.5679477150551975e-09,0.00015,301.124,293.15,317.791,0.0,150000,1,112,11200000,11200000,11200000,0,301124,1,112,11200000,11200000,11200000,0,293150,1,112,11200000,11200000,11200000,0,317791,1,112,11200000,11200000,11200000,0,0,1,112,11200000,11200000,11200000,0,1.0,0.527498,0.65,1.0,0.527498,0.65,1.0,0.527498,0.65,112,11500000,False,1.0,5000.0,300.0,500.0,600000000000.0,100000000000.0,,111
1,planned_restart,thermal_loop,114,controller_tick,11300000,11.3,1,0,11300000,113,11300000,RUNNING,,0,0,62,1,0,reconstructed_from_retained_wire,True,,,317.79114860996947,301.12448329963684,293.14999895486807,0.527498000003493,0.65,56499.999999999854,56499.99654202431,0.00014999991971496862,18825.423634969695,-3.1297986424760893e-09,0.00015,301.124,293.15,317.791,0.0,150000,1,113,11300000,11300000,11300000,0,301124,1,113,11300000,11300000,11300000,0,293150,1,113,11300000,11300000,11300000,0,317791,1,113,11300000,11300000,11300000,0,0,1,113,11300000,11300000,11300000,0,1.0,0.527498,0.65,1.0,0.527498,0.65,1.0,0.527498,0.65,113,11600000,False,1.0,5000.0,300.0,500.0,600000000000.0,100000000000.0,,112
1,planned_restart,thermal_loop,115,controller_tick,11400000,11.4,1,0,11400000,114,11400000,RUNNING,,0,0,62,1,0,reconstructed_from_retained_wire,True,,,317.79114861404287,301.1244833065904,293.14999895115875,0.5274980000031606,0.65,56999.99999999985,56999.9964896747,0.0001499999197148741,18825.42363494597,-1.971329766092822e-09,0.00015,301.124,293.15,317.791,0.0,150000,1,114,11400000,11400000,11400000,0,301124,1,114,11400000,11400000,11400000,0,293150,1,114,11400000,11400000,11400000,0,317791,1,114,11400000,11400000,11400000,0,0,1,114,11400000,11400000,11400000,0,1.0,0.527498,0.65,1.0,0.527498,0.65,1.0,0.527498,0.65,114,11700000,False,1.0,5000.0,300.0,500.0,600000000000.0,100000000000.0,,113
1,planned_restart,thermal_loop,116,controller_tick,11500000,11.5,1,0,11500000,115,11500000,RUNNING,,0,0,62,1,0,reconstructed_from_retained_wire,True,,,317.7911486181247,301.1244833134544,293.14999894751696,0.52749800000286,0.65,57499.99999999984,57499.996437141315,0.00014999991971478862,18825.42363492451,-2.0847892301389948e-09,0.00015,301.124,293.15,317.791,0.0,150000,1,115,11500000,11500000,11500000,0,301124,1,115,11500000,11500000,11500000,0,293150,1,115,11500000,11500000,11500000,0,317791,1,115,11500000,11500000,11500000,0,0,1,115,11500000,11500000,11500000,0,1.0,0.527498,0.65,1.0,0.527498,0.65,1.0,0.527498,0.65,115,11800000,False,1.0,5000.0,300.0,500.0,600000000000.0,100000000000.0,,114
1,planned_restart,thermal_loop,117,controller_tick,11600000,11.6,1,0,11600000,116,11600000,RUNNING,,0,0,62,1,0,reconstructed_from_retained_wire,True,,,317.79114862221473,301.1244833202304,293.1499989439417,0.5274980000025877,0.65,57999.99999999983,57999.996384427504,0.0001499999197147112,18825.42363490508,-1.8358150555286556e-09,0.00015,301.124,293.15,317.791,0.0,150000,1,116,11600000,11600000,11600000,0,301124,1,116,11600000,11600000,11600000,0,293150,1,116,11600000,11600000,11600000,0,317791,1,116,11600000,11600000,11600000,0,0,1,116,11600000,11600000,11600000,0,1.0,0.527498,0.65,1.0,0.527498,0.65,1.0,0.527498,0.65,116,11900000,False,1.0,5000.0,300.0,500.0,600000000000.0,100000000000.0,,115
1,planned_restart,thermal_loop,118,controller_tick,11700000,11.7,1,0,11700000,117,11700000,RUNNING,,0,0,62,1,0,reconstructed_from_retained_wire,True,,,317.7911486263127,301.12448332692,293.14999894043183,0.5274980000023415,0.65,58499.99999999983,58499.99633153657,0.00014999991971464117,18825.423634887506,-2.051820047199726e-09,0.00015,301.124,293.15,317.791,0.0,150000,1,117,11700000,11700000,11700000,0,301124,1,117,11700000,11700000,11700000,0,293150,1,117,11700000,11700000,11700000,0,317791,1,117,11700000,11700000,11700000,0,0,1,117,11700000,11700000,11700000,0,1.0,0.527498,0.65,1.0,0.527498,0.65,1.0,0.527498,0.65,117,12000000,False,1.0,5000.0,300.0,500.0,600000000000.0,100000000000.0,,116
1,planned_restart,thermal_loop,119,controller_tick,11800000,11.8,1,0,11800000,118,11800000,RUNNING,,0,0,62,1,0,reconstructed_from_retained_wire,True,,,317.79114863041826,301.1244833335245,293.1499989369865,0.5274980000021187,0.65,58999.99999999983,58999.99627847176,0.00014999991971457782,18825.4236348716,-1.840135155362077e-09,0.00015,301.124,293.15,317.791,0.0,150000,1,118,11800000,11800000,11800000,0,301124,1,118,11800000,11800000,11800000,0,293150,1,118,11800000,11800000,11800000,0,317791,1,118,11800000,11800000,11800000,0,0,1,118,11800000,11800000,11800000,0,1.0,0.527498,0.65,1.0,0.527498,0.65,1.0,0.527498,0.65,118,12100000,False,1.0,5000.0,300.0,500.0,600000000000.0,100000000000.0,,117
1,planned_restart,thermal_loop,120,controller_tick,11900000,11.9,1,0,11900000,119,11900000,RUNNING,,0,0,62,1,0,reconstructed_from_retained_wire,True,,,317.7911486345312,301.1244833400454,293.14999893360465,0.5274980000019169,0.65,59499.999999999825,59499.996225236275,0.00014999991971452044,18825.4236348572,-1.2162217899458483e-09,0.00015,301.124,293.15,317.791,0.0,150000,1,119,11900000,11900000,11900000,0,301124,1,119,11900000,11900000,11900000,0,293150,1,119,11900000,11900000,11900000,0,317791,1,119,11900000,11900000,11900000,0,0,1,119,11900000,11900000,11900000,0,1.0,0.527498,0.65,1.0,0.527498,0.65,1.0,0.527498,0.65,119,12200000,False,1.0,5000.0,300.0,500.0,600000000000.0,100000000000.0,,118
1,planned_restart,thermal_loop,121,controller_tick,12000000,12.0,1,0,12000000,120,12000000,RUNNING,,0,0,62,1,0,reconstructed_from_retained_wire,True,,,317.79114863865124,301.1244833464841,293.1499989302852,0.5274980000017344,0.65,59999.99999999982,59999.99617183326,0.00014999991971446856,18825.423634844174,-2.1179857867537066e-09,0.00015,301.124,293.15,317.791,0.0,150000,1,120,12000000,12000000,12000000,0,301124,1,120,12000000,12000000,12000000,0,293150,1,120,12000000,12000000,12000000,0,317791,1,120,12000000,12000000,12000000,0,0,1,120,12000000,12000000,12000000,0,1.0,0.527498,0.65,1.0,0.527498,0.65,1.0,0.527498,0.65,120,12300000,False,1.0,5000.0,300.0,500.0,600000000000.0,100000000000.0,,119
1,planned_restart,thermal_loop,122,controller_tick,12100000,12.1,1,0,12100000,121,12100000,RUNNING,,0,0,62,1,0,reconstructed_from_retained_wire,True,,,317.7911486427781,301.124483352842,293.14999892702735,0.5274980000015693,0.65,60499.99999999981,60499.99611826583,0.00014999991971442162,18825.42363483239,-2.431079337839037e-09,0.00015,301.124,293.15,317.791,0.0,150000,1,121,12100000,12100000,12100000,0,301124,1,121,12100000,12100000,12100000,0,293150,1,121,12100000,12100000,12100000,0,317791,1,121,12100000,12100000,12100000,0,0,1,121,12100000,12100000,12100000,0,1.0,0.527498,0.65,1.0,0.527498,0.65,1.0,0.527498,0.65,121,12400000,False,1.0,5000.0,300.0,500.0,600000000000.0,100000000000.0,,120
1,planned_restart,thermal_loop,123,controller_tick,12200000,12.2,1,0,12200000,122,12200000,RUNNING,,0,0,62,1,0,reconstructed_from_retained_wire,True,,,317.79114864691155,301.12448335912046,293.1499989238301,0.52749800000142,0.65,60999.9999999998,60999.996064537016,0.00014999991971437914,18825.42363482173,-2.7623627829598263e-09,0.00015,301.124,293.15,317.791,0.0,150000,1,122,12200000,12200000,12200000,0,301124,1,122,12200000,12200000,12200000,0,293150,1,122,12200000,12200000,12200000,0,317791,1,122,12200000,12200000,12200000,0,0,1,122,12200000,12200000,12200000,0,1.0,0.527498,0.65,1.0,0.527498,0.65,1.0,0.527498,0.65,122,12500000,False,1.0,5000.0,300.0,500.0,600000000000.0,100000000000.0,,121
1,planned_restart,thermal_loop,124,controller_tick,12300000,12.3,1,0,12300000,123,12300000,RUNNING,,0,0,62,1,0,reconstructed_from_retained_wire,True,,,317.7911486510513,301.1244833653208,293.1499989206925,0.5274980000012849,0.65,61499.999999999796,61499.99601064983,0.00014999991971434074,18825.42363481209,-2.8485374059528112e-09,0.00015,301.124,293.15,317.791,0.0,150000,1,123,12300000,12300000,12300000,0,301124,1,123,12300000,12300000,12300000,0,293150,1,123,12300000,12300000,12300000,0,317791,1,123,12300000,12300000,12300000,0,0,1,123,12300000,12300000,12300000,0,1.0,0.527498,0.65,1.0,0.527498,0.65,1.0,0.527498,0.65,123,12600000,False,1.0,5000.0,300.0,500.0,600000000000.0,100000000000.0,,122
1,planned_restart,thermal_loop,125,controller_tick,12400000,12.4,1,0,12400000,124,12400000,RUNNING,,0,0,62,1,0,reconstructed_from_retained_wire,True,,,317.79114865519705,301.1244833714444,293.14999891761363,0.5274980000011626,0.65,61999.99999999979,61999.99595660725,0.00014999991971430596,18825.423634803366,-3.7512108974624425e-09,0.00015,301.124,293.15,317.791,0.0,150000,1,124,12400000,12400000,12400000,0,301124,1,124,12400000,12400000,12400000,0,293150,1,124,12400000,12400000,12400000,0,317791,1,124,12400000,12400000,12400000,0,0,1,124,12400000,12400000,12400000,0,1.0,0.527498,0.65,1.0,0.527498,0.65,1.0,0.527498,0.65,124,12700000,False,1.0,5000.0,300.0,500.0,600000000000.0,100000000000.0,,123
1,planned_restart,thermal_loop,126,controller_tick,12500000,12.5,1,0,12500000,125,12500000,RUNNING,,0,0,62,1,0,reconstructed_from_retained_wire,True,,,317.79114865934866,301.1244833774926,293.14999891459263,0.527498000001052,0.65,62499.99999999978,62499.99590241216,0.0001499999197142745,18825.423634795465,-3.0918272386770695e-09,0.00015,301.124,293.15,317.791,0.0,150000,1,125,12500000,12500000,12500000,0,301124,1,125,12500000,12500000,12500000,0,293150,1,125,12500000,12500000,12500000,0,317791,1,125,12500000,12500000,12500000,0,0,1,125,12500000,12500000,12500000,0,1.0,0.527498,0.65,1.0,0.527498,0.65,1.0,0.527498,0.65,125,12800000,False,1.0,5000.0,300.0,500.0,600000000000.0,100000000000.0,,124
1,planned_restart,thermal_loop,127,controller_tick,12600000,12.6,1,0,12600000,126,12600000,RUNNING,,0,0,62,1,0,reconstructed_from_retained_wire,True,,,317.7911486635058,301.1244833834666,293.1499989116285,0.5274980000009518,0.65,62999.999999999774,62999.995848067454,0.000149999919714246,18825.423634788316,-4.2509782360866666e-09,0.00015,301.124,293.15,317.791,0.0,150000,1,126,12600000,12600000,12600000,0,301124,1,126,12600000,12600000,12600000,0,293150,1,126,12600000,12600000,12600000,0,317791,1,126,12600000,12600000,12600000,0,0,1,126,12600000,12600000,12600000,0,1.0,0.527498,0.65,1.0,0.527498,0.65,1.0,0.527498,0.65,126,12900000,False,1.0,5000.0,300.0,500.0,600000000000.0,100000000000.0,,125
1,planned_restart,thermal_loop,128,controller_tick,12700000,12.7,1,0,12700000,127,12700000,RUNNING,,0,0,62,1,0,reconstructed_from_retained_wire,True,,,317.79114866766827,301.1244833893677,293.1499989087205,0.5274980000008612,0.65,63499.99999999977,63499.995793575945,0.00014999991971422028,18825.423634781844,-4.210050974506885e-09,0.00015,301.124,293.15,317.791,0.0,150000,1,127,12700000,12700000,12700000,0,301124,1,127,12700000,12700000,12700000,0,293150,1,127,12700000,12700000,12700000,0,317791,1,127,12700000,12700000,12700000,0,0,1,127,12700000,12700000,12700000,0,1.0,0.527498,0.65,1.0,0.527498,0.65,1.0,0.527498,0.65,127,13000000,False,1.0,5000.0,300.0,500.0,600000000000.0,100000000000.0,,126
1,planned_restart,thermal_loop,129,controller_tick,12800000,12.8,1,0,12800000,128,12800000,RUNNING,,0,0,62,1,0,reconstructed_from_retained_wire,True,,,317.79114867183586,301.1244833951971,293.1499989058677,0.5274980000007793,0.65,63999.99999999976,63999.99573894042,0.00014999991971419694,18825.423634776,-4.119328878005035e-09,0.00015,301.124,293.15,317.791,0.0,150000,1,128,12800000,12800000,12800000,0,301124,1,128,12800000,12800000,12800000,0,293150,1,128,12800000,12800000,12800000,0,317791,1,128,12800000,12800000,12800000,0,0,1,128,12800000,12800000,12800000,0,1.0,0.527498,0.65,1.0,0.527498,0.65,1.0,0.527498,0.65,128,13100000,False,1.0,5000.0,300.0,500.0,600000000000.0,100000000000.0,,127
1,planned_restart,thermal_loop,130,controller_tick,12900000,12.9,1,0,12900000,129,12900000,RUNNING,,0,0,62,1,0,reconstructed_from_retained_wire,True,,,317.7911486760084,301.124483400956,293.1499989030692,0.5274980000007051,0.65,64499.99999999975,64499.99568416362,0.00014999991971417588,18825.42363477071,-3.6611709219869226e-09,0.00015,301.124,293.15,317.791,0.0,150000,1,129,12900000,12900000,12900000,0,301124,1,129,12900000,12900000,12900000,0,293150,1,129,12900000,12900000,12900000,0,317791,1,129,12900000,12900000,12900000,0,0,1,129,12900000,12900000,12900000,0,1.0,0.527498,0.65,1.0,0.527498,0.65,1.0,0.527498,0.65,129,13200000,False,1.0,5000.0,300.0,500.0,600000000000.0,100000000000.0,,128
1,planned_restart,thermal_loop,131,controller_tick,13000000,13.0,1,0,13000000,130,13000000,RUNNING,,0,0,62,1,0,reconstructed_from_retained_wire,True,,,317.79114868018553,301.1244834066457,293.14999890032425,0.527498000000638,0.65,64999.999999999745,64999.99562924824,0.00014999991971415677,18825.423634765917,-3.791683411691338e-09,0.00015,301.124,293.15,317.791,0.0,150000,1,130,13000000,13000000,13000000,0,301124,1,130,13000000,13000000,13000000,0,293150,1,130,13000000,13000000,13000000,0,317791,1,130,13000000,13000000,13000000,0,0,1,130,13000000,13000000,13000000,0,1.0,0.527498,0.65,1.0,0.527498,0.65,1.0,0.527498,0.65,130,13300000,False,1.0,5000.0,300.0,500.0,600000000000.0,100000000000.0,,129
1,planned_restart,thermal_loop,132,controller_tick,13100000,13.1,1,0,13100000,131,13100000,RUNNING,,0,0,62,1,0,reconstructed_from_retained_wire,True,,,317.79114868436704,301.1244834122673,293.14999889763203,0.5274980000005772,0.65,65499.99999999974,65499.99557419693,0.00014999991971413948,18825.42363476158,-3.88399712392129e-09,0.00015,301.124,293.15,317.791,0.0,150000,1,131,13100000,13100000,13100000,0,301124,1,131,13100000,13100000,13100000,0,293150,1,131,13100000,13100000,13100000,0,317791,1,131,13100000,13100000,13100000,0,0,1,131,13100000,13100000,13100000,0,1.0,0.527498,0.65,1.0,0.527498,0.65,1.0,0.527498,0.65,131,13400000,False,1.0,5000.0,300.0,500.0,600000000000.0,100000000000.0,,130
1,planned_restart,thermal_loop,133,controller_tick,13200000,13.2,1,0,13200000,132,13200000,RUNNING,,0,0,62,1,0,reconstructed_from_retained_wire,True,,,317.7911486885528,301.1244834178219,293.14999889499165,0.5274980000005223,0.65,65999.99999999974,65999.99551901231,0.00014999991971412387,18825.42363475766,-4.371031536720693e-09,0.00015,301.124,293.15,317.791,0.0,150000,1,132,13200000,13200000,13200000,0,301124,1,132,13200000,13200000,13200000,0,293150,1,132,13200000,13200000,13200000,0,317791,1,132,13200000,13200000,13200000,0,0,1,132,13200000,13200000,13200000,0,1.0,0.527498,0.65,1.0,0.527498,0.65,1.0,0.527498,0.65,132,13500000,False,1.0,5000.0,300.0,500.0,600000000000.0,100000000000.0,,131
1,planned_restart,thermal_loop,134,controller_tick,13300000,13.3,1,0,13300000,133,13300000,RUNNING,,0,0,62,1,0,reconstructed_from_retained_wire,True,,,317.7911486927426,301.1244834233107,293.14999889240244,0.5274980000004725,0.65,66499.99999999974,66499.99546369696,0.00014999991971410972,18825.42363475411,-4.5615706767421216e-09,0.00015,301.124,293.15,317.791,0.0,150000,1,133,13300000,13300000,13300000,0,301124,1,133,13300000,13300000,13300000,0,293150,1,133,13300000,13300000,13300000,0,317791,1,133,13300000,13300000,13300000,0,0,1,133,13300000,13300000,13300000,0,1.0,0.527498,0.65,1.0,0.527498,0.65,1.0,0.527498,0.65,133,13600000,False,1.0,5000.0,300.0,500.0,600000000000.0,100000000000.0,,132
1,planned_restart,thermal_loop,135,controller_tick,13400000,13.4,1,0,13400000,134,13400000,RUNNING,,0,0,62,1,0,reconstructed_from_retained_wire,True,,,317.79114869693615,301.12448342873483,293.14999888986347,0.5274980000004277,0.65,66999.99999999974,66999.99540825341,0.00014999991971409695,18825.423634750907,-5.529727786779404e-09,0.00015,301.124,293.15,317.791,0.0,150000,1,134,13400000,13400000,13400000,0,301124,1,134,13400000,13400000,13400000,0,293150,1,134,13400000,13400000,13400000,0,317791,1,134,13400000,13400000,13400000,0,0,1,134,13400000,13400000,13400000,0,1.0,0.527498,0.65,1.0,0.527498,0.65,1.0,0.527498,0.65,134,13700000,False,1.0,5000.0,300.0,500.0,600000000000.0,100000000000.0,,133
1,planned_restart,thermal_loop,136,controller_tick,13500000,13.5,1,0,13500000,135,13500000,RUNNING,,0,0,62,1,0,reconstructed_from_retained_wire,True,,,317.7911487011333,301.12448343409545,293.1499988873741,0.5274980000003869,0.65,67499.99999999972,67499.99535268414,0.00014999991971408538,18825.423634747996,-4.907860784442164e-09,0.00015,301.124,293.15,317.791,0.0,150000,1,135,13500000,13500000,13500000,0,301124,1,135,13500000,13500000,13500000,0,293150,1,135,13500000,13500000,13500000,0,317791,1,135,13500000,13500000,13500000,0,0,1,135,13500000,13500000,13500000,0,1.0,0.527498,0.65,1.0,0.527498,0.65,1.0,0.527498,0.65,135,13800000,False,1.0,5000.0,300.0,500.0,600000000000.0,100000000000.0,,134
1,planned_restart,thermal_loop,137,controller_tick,13600000,13.6,1,0,13600000,136,13600000,RUNNING,,0,0,62,1,0,reconstructed_from_retained_wire,True,,,317.79114870533385,301.1244834393935,293.14999888493355,0.5274980000003501,0.65,67999.99999999972,67999.99529699163,0.00014999991971407492,18825.423634745363,-5.045421858085319e-09,0.00015,301.124,293.15,317.791,0.0,150000,1,136,13600000,13600000,13600000,0,301124,1,136,13600000,13600000,13600000,0,293150,1,136,13600000,13600000,13600000,0,317791,1,136,13600000,13600000,13600000,0,0,1,136,13600000,13600000,13600000,0,1.0,0.527498,0.65,1.0,0.527498,0.65,1.0,0.527498,0.65,136,13900000,False,1.0,5000.0,300.0,500.0,600000000000.0,100000000000.0,,135
1,planned_restart,thermal_loop,138,controller_tick,13700000,13.7,1,0,13700000,137,13700000,RUNNING,,0,0,62,1,0,reconstructed_from_retained_wire,True,,,317.7911487095376,301.12448344463013,293.14999888254107,0.5274980000003168,0.65,68499.99999999972,68499.99524117829,0.00014999991971406543,18825.42363474299,-4.374896889203228e-09,0.00015,301.124,293.15,317.791,0.0,150000,1,137,13700000,13700000,13700000,0,301124,1,137,13700000,13700000,13700000,0,293150,1,137,13700000,13700000,13700000,0,317791,1,137,13700000,13700000,13700000,0,0,1,137,13700000,13700000,13700000,0,1.0,0.527498,0.65,1.0,0.527498,0.65,1.0,0.527498,0.65,137,14000000,False,1.0,5000.0,300.0,500.0,600000000000.0,100000000000.0,,136
1,planned_restart,thermal_loop,139,controller_tick,13800000,13.8,1,0,13800000,138,13800000,RUNNING,,0,0,62,1,0,reconstructed_from_retained_wire,True,,,317.79114871374435,301.12448344980635,293.1499988801959,0.5274980000002867,0.65,68999.99999999972,68999.99518524652,0.00014999991971405686,18825.423634740844,-4.086814442416653e-09,0.00015,301.124,293.15,317.791,0.0,150000,1,138,13800000,13800000,13800000,0,301124,1,138,13800000,13800000,13800000,0,293150,1,138,13800000,13800000,13800000,0,317791,1,138,13800000,13800000,13800000,0,0,1,138,13800000,13800000,13800000,0,1.0,0.527498,0.65,1.0,0.527498,0.65,1.0,0.527498,0.65,138,14100000,False,1.0,5000.0,300.0,500.0,600000000000.0,100000000000.0,,137
1,planned_restart,thermal_loop,140,controller_tick,13900000,13.9,1,0,13900000,139,13900000,RUNNING,,0,0,62,1,0,reconstructed_from_retained_wire,True,,,317.79114871795394,301.1244834549232,293.14999887789725,0.5274980000002595,0.65,69499.99999999971,69499.99512919865,0.00014999991971404914,18825.4236347389,-3.781224222620949e-09,0.00015,301.124,293.15,317.791,0.0,150000,1,139,13900000,13900000,13900000,0,301124,1,139,13900000,13900000,13900000,0,293150,1,139,13900000,13900000,13900000,0,317791,1,139,13900000,13900000,13900000,0,0,1,139,13900000,13900000,13900000,0,1.0,0.527498,0.65,1.0,0.527498,0.65,1.0,0.527498,0.65,139,14200000,False,1.0,5000.0,300.0,500.0,600000000000.0,100000000000.0,,138
1,planned_restart,thermal_loop,141,controller_tick,14000000,14.0,1,0,14000000,140,14000000,RUNNING,,0,0,62,1,0,reconstructed_from_retained_wire,True,,,317.79114872216616,301.1244834599817,293.14999887564454,0.5274980000002347,0.65,69999.99999999971,69999.995073037,0.00014999991971404212,18825.423634737133,-3.2096068025566638e-09,0.00015,301.124,293.15,317.791,0.0,150000,1,140,14000000,14000000,14000000,0,301124,1,140,14000000,14000000,14000000,0,293150,1,140,14000000,14000000,14000000,0,317791,1,140,14000000,14000000,14000000,0,0,1,140,14000000,14000000,14000000,0,1.0,0.527498,0.65,1.0,0.527498,0.65,1.0,0.527498,0.65,140,14300000,False,1.0,5000.0,300.0,500.0,600000000000.0,100000000000.0,,139
1,planned_restart,thermal_loop,142,controller_tick,14100000,14.1,1,0,14100000,141,14100000,RUNNING,,0,0,62,1,0,reconstructed_from_retained_wire,True,,,317.7911487263808,301.12448346498275,293.14999887343697,0.5274980000002124,0.65,70499.99999999971,70499.99501676386,0.00014999991971403575,18825.42363473554,-4.15411705034785e-09,0.00015,301.124,293.15,317.791,0.0,150000,1,141,14100000,14100000,14100000,0,301124,1,141,14100000,14100000,14100000,0,293150,1,141,14100000,14100000,14100000,0,317791,1,141,14100000,14100000,14100000,0,0,1,141,14100000,14100000,14100000,0,1.0,0.527498,0.65,1.0,0.527498,0.65,1.0,0.527498,0.65,141,14400000,False,1.0,5000.0,300.0,500.0,600000000000.0,100000000000.0,,140
1,planned_restart,thermal_loop,143,controller_tick,14200000,14.2,1,0,14200000,142,14200000,RUNNING,,0,0,62,1,0,reconstructed_from_retained_wire,True,,,317.7911487305977,301.12448346992744,293.14999887127397,0.5274980000001922,0.65,70999.99999999971,70999.99496038146,0.00014999991971403003,18825.423634734096,-4.2714418668765575e-09,0.00015,301.124,293.15,317.791,0.0,150000,1,142,14200000,14200000,14200000,0,301124,1,142,14200000,14200000,14200000,0,293150,1,142,14200000,14200000,14200000,0,317791,1,142,14200000,14200000,14200000,0,0,1,142,14200000,14200000,14200000,0,1.0,0.527498,0.65,1.0,0.527498,0.65,1.0,0.527498,0.65,142,14500000,False,1.0,5000.0,300.0,500.0,600000000000.0,100000000000.0,,141
1,planned_restart,thermal_loop,144,controller_tick,14300000,14.3,1,0,14300000,143,14300000,RUNNING,,0,0,62,1,0,reconstructed_from_retained_wire,True,,,317.7911487348167,301.12448347481666,293.1499988691548,0.5274980000001739,0.65,71499.9999999997,71499.994903892,0.0001499999197140248,18825.42363473279,-4.056573743582703e-09,0.00015,301.124,293.15,317.791,0.0,150000,1,143,14300000,14300000,14300000,0,301124,1,143,14300000,14300000,14300000,0,293150,1,143,14300000,14300000,14300000,0,317791,1,143,14300000,14300000,14300000,0,0,1,143,14300000,14300000,14300000,0,1.0,0.527498,0.65,1.0,0.527498,0.65,1.0,0.527498,0.65,143,14600000,False,1.0,5000.0,300.0,500.0,600000000000.0,100000000000.0,,142
1,planned_restart,thermal_loop,145,controller_tick,14400000,14.4,1,0,14400000,144,14400000,RUNNING,,0,0,62,1,0,reconstructed_from_retained_wire,True,,,317.7911487390377,301.1244834796514,293.1499988670787,0.5274980000001573,0.65,71999.99999999968,71999.99484729767,0.0001499999197140201,18825.423634731607,-4.327830538386479e-09,0.00015,301.124,293.15,317.791,0.0,150000,1,144,14400000,14400000,14400000,0,301124,1,144,14400000,14400000,14400000,0,293150,1,144,14400000,14400000,14400000,0,317791,1,144,14400000,14400000,14400000,0,0,1,144,14400000,14400000,14400000,0,1.0,0.527498,0.65,1.0,0.527498,0.65,1.0,0.527498,0.65,144,14700000,False,1.0,5000.0,300.0,500.0,600000000000.0,100000000000.0,,143
1,planned_restart,thermal_loop,146,controller_tick,14500000,14.5,1,0,14500000,145,14500000,RUNNING,,0,0,62,1,0,reconstructed_from_retained_wire,True,,,317.7911487432604,301.1244834844326,293.1499988650452,0.5274980000001424,0.65,72499.99999999967,72499.99479060057,0.00014999991971401583,18825.42363473054,-3.9676706364843994e-09,0.00015,301.124,293.15,317.791,0.0,150000,1,145,14500000,14500000,14500000,0,301124,1,145,14500000,14500000,14500000,0,293150,1,145,14500000,14500000,14500000,0,317791,1,145,14500000,14500000,14500000,0,0,1,145,14500000,14500000,14500000,0,1.0,0.527498,0.65,1.0,0.527498,0.65,1.0,0.527498,0.65,145,14800000,False,1.0,5000.0,300.0,500.0,600000000000.0,100000000000.0,,144
1,planned_restart,thermal_loop,147,controller_tick,14600000,14.6,1,0,14600000,146,14600000,RUNNING,,0,0,62,1,0,reconstructed_from_retained_wire,True,,,317.79114874748467,301.1244834891611,293.1499988630535,0.5274980000001287,0.65,72999.99999999965,72999.99473380286,0.00014999991971401195,18825.423634729566,-4.2841747927013785e-09,0.00015,301.124,293.15,317.791,0.0,150000,1,146,14600000,14600000,14600000,0,301124,1,146,14600000,14600000,14600000,0,293150,1,146,14600000,14600000,14600000,0,317791,1,146,14600000,14600000,14600000,0,0,1,146,14600000,14600000,14600000,0,1.0,0.527498,0.65,1.0,0.527498,0.65,1.0,0.527498,0.65,146,14900000,False,1.0,5000.0,300.0,500.0,600000000000.0,100000000000.0,,145
1,planned_restart,thermal_loop,148,controller_tick,14700000,14.7,1,0,14700000,147,14700000,RUNNING,,0,0,62,1,0,reconstructed_from_retained_wire,True,,,317.7911487517104,301.12448349383783,293.14999886110303,0.5274980000001165,0.65,73499.99999999965,73499.9946769066,0.00014999991971400848,18825.423634728693,-4.506773620960303e-09,0.00015,301.124,293.15,317.791,0.0,150000,1,147,14700000,14700000,14700000,0,301124,1,147,14700000,14700000,14700000,0,293150,1,147,14700000,14700000,14700000,0,317791,1,147,14700000,14700000,14700000,0,0,1,147,14700000,14700000,14700000,0,1.0,0.527498,0.65,1.0,0.527498,0.65,1.0,0.527498,0.65,147,15000000,False,1.0,5000.0,300.0,500.0,600000000000.0,100000000000.0,,146
1,planned_restart,thermal_loop,149,controller_tick,14800000,14.8,1,0,14800000,148,14800000,RUNNING,,0,0,62,1,0,reconstructed_from_retained_wire,True,,,317.79114875593746,301.1244834984637,293.1499988591932,0.5274980000001054,0.65,73999.99999999965,73999.99461991384,0.00014999991971400534,18825.4236347279,-3.813738658209331e-09,0.00015,301.124,293.15,317.791,0.0,150000,1,148,14800000,14800000,14800000,0,301124,1,148,14800000,14800000,14800000,0,293150,1,148,14800000,14800000,14800000,0,317791,1,148,14800000,14800000,14800000,0,0,1,148,14800000,14800000,14800000,0,1.0,0.527498,0.65,1.0,0.527498,0.65,1.0,0.527498,0.65,148,15100000,False,1.0,5000.0,300.0,500.0,600000000000.0,100000000000.0,,147
1,planned_restart,thermal_loop,150,controller_tick,14900000,14.9,1,0,14900000,149,14900000,RUNNING,,0,0,62,1,0,reconstructed_from_retained_wire,True,,,317.7911487601655,301.1244835030395,293.14999885732334,0.5274980000000953,0.65,74499.99999999964,74499.9945628266,0.00014999991971400246,18825.42363472718,-4.421053745318204e-09,0.00015,301.124,293.15,317.791,0.0,150000,1,149,14900000,14900000,14900000,0,301124,1,149,14900000,14900000,14900000,0,293150,1,149,14900000,14900000,14900000,0,317791,1,149,14900000,14900000,14900000,0,0,1,149,14900000,14900000,14900000,0,1.0,0.527498,0.65,1.0,0.527498,0.65,1.0,0.527498,0.65,149,15200000,False,1.0,5000.0,300.0,500.0,600000000000.0,100000000000.0,,148
1,planned_restart,thermal_loop,151,controller_tick,15000000,15.0,1,0,15000000,150,15000000,RUNNING,,0,0,62,1,0,reconstructed_from_retained_wire,True,,,317.7911487643946,301.1244835075662,293.1499988554928,0.5274980000000862,0.65,74999.99999999964,74999.99450564684,0.00014999991971399986,18825.42363472653,-5.120682544657029e-09,0.00015,301.124,293.15,317.791,0.0,150000,1,150,15000000,15000000,15000000,0,301124,1,150,15000000,15000000,15000000,0,293150,1,150,15000000,15000000,15000000,0,317791,1,150,15000000,15000000,15000000,0,0,1,150,15000000,15000000,15000000,0,1.0,0.527498,0.65,1.0,0.527498,0.65,1.0,0.527498,0.65,150,15300000,False,1.0,5000.0,300.0,500.0,600000000000.0,100000000000.0,,149
1,planned_restart,thermal_loop,152,controller_tick,15100000,15.1,1,0,15100000,151,15100000,RUNNING,,0,0,62,1,0,reconstructed_from_retained_wire,True,,,317.7911487686245,301.12448351204455,293.1499988537011,0.5274980000000778,0.65,75499.99999999962,75499.99444837653,0.0001499999197139975,18825.423634725936,-5.479932951857336e-09,0.00015,301.124,293.15,317.791,0.0,150000,1,151,15100000,15100000,15100000,0,301124,1,151,15100000,15100000,15100000,0,293150,1,151,15100000,15100000,15100000,0,317791,1,151,15100000,15100000,15100000,0,0,1,151,15100000,15100000,15100000,0,1.0,0.527498,0.65,1.0,0.527498,0.65,1.0,0.527498,0.65,151,15400000,False,1.0,5000.0,300.0,500.0,600000000000.0,100000000000.0,,150
1,planned_restart,thermal_loop,153,controller_tick,15200000,15.2,1,0,15200000,152,15200000,RUNNING,,0,0,62,1,0,reconstructed_from_retained_wire,True,,,317.7911487728551,301.1244835164754,293.1499988519476,0.5274980000000705,0.65,75999.9999999996,75999.99439101758,0.00014999991971399542,18825.423634725412,-5.917399903410114e-09,0.00015,301.124,293.15,317.791,0.0,150000,1,152,15200000,15200000,15200000,0,301124,1,152,15200000,15200000,15200000,0,293150,1,152,15200000,15200000,15200000,0,317791,1,152,15200000,15200000,15200000,0,0,1,152,15200000,15200000,15200000,0,1.0,0.527498,0.65,1.0,0.527498,0.65,1.0,0.527498,0.65,152,15500000,False,1.0,5000.0,300.0,500.0,600000000000.0,100000000000.0,,151
1,planned_restart,thermal_loop,154,controller_tick,15300000,15.3,1,0,15300000,153,15300000,RUNNING,,0,0,62,1,0,reconstructed_from_retained_wire,True,,,317.79114877708616,301.12448352085954,293.1499988502317,0.5274980000000639,0.65,76499.99999999959,76499.9943335719,0.00014999991971399352,18825.42363472494,-6.2320850702235475e-09,0.00015,301.124,293.15,317.791,0.0,150000,1,153,15300000,15300000,15300000,0,301124,1,153,15300000,15300000,15300000,0,293150,1,153,15300000,15300000,15300000,0,317791,1,153,15300000,15300000,15300000,0,0,1,153,15300000,15300000,15300000,0,1.0,0.527498,0.65,1.0,0.527498,0.65,1.0,0.527498,0.65,153,15600000,False,1.0,5000.0,300.0,500.0,600000000000.0,100000000000.0,,152
1,planned_restart,thermal_loop,155,controller_tick,15400000,15.4,1,0,15400000,154,15400000,RUNNING,,0,0,62,1,0,reconstructed_from_retained_wire,True,,,317.79114878131764,301.1244835251978,293.1499988485529,0.5274980000000578,0.65,76999.99999999959,76999.99427604135,0.00014999991971399176,18825.423634724502,-6.6631855588639155e-09,0.00015,301.124,293.15,317.791,0.0,150000,1,154,15400000,15400000,15400000,0,301124,1,154,15400000,15400000,15400000,0,293150,1,154,15400000,15400000,15400000,0,317791,1,154,15400000,15400000,15400000,0,0,1,154,15400000,15400000,15400000,0,1.0,0.527498,0.65,1.0,0.527498,0.65,1.0,0.527498,0.65,154,15700000,False,1.0,5000.0,300.0,500.0,600000000000.0,100000000000.0,,153
1,planned_restart,thermal_loop,156,controller_tick,15500000,15.5,1,0,15500000,155,15500000,RUNNING,,0,0,62,1,0,reconstructed_from_retained_wire,True,,,317.7911487855494,301.12448352949093,293.14999884691065,0.5274980000000522,0.65,77499.99999999958,77499.99421842779,0.00014999991971399019,18825.42363472411,-5.757556209573522e-09,0.00015,301.124,293.15,317.791,0.0,150000,1,155,15500000,15500000,15500000,0,301124,1,155,15500000,15500000,15500000,0,293150,1,155,15500000,15500000,15500000,0,317791,1,155,15500000,15500000,15500000,0,0,1,155,15500000,15500000,15500000,0,1.0,0.527498,0.65,1.0,0.527498,0.65,1.0,0.527498,0.65,155,15800000,False,1.0,5000.0,300.0,500.0,600000000000.0,100000000000.0,,154
1,planned_restart,thermal_loop,157,controller_tick,15600000,15.6,1,0,15600000,156,15600000,RUNNING,,0,0,62,1,0,reconstructed_from_retained_wire,True,,,317.7911487897813,301.1244835337397,293.14999884530437,0.5274980000000473,0.65,77999.99999999956,77999.99416073301,0.0001499999197139888,18825.423634723757,-4.85624696011655e-09,0.00015,301.124,293.15,317.791,0.0,150000,1,156,15600000,15600000,15600000,0,301124,1,156,15600000,15600000,15600000,0,293150,1,156,15600000,15600000,15600000,0,317791,1,156,15600000,15600000,15600000,0,0,1,156,15600000,15600000,15600000,0,1.0,0.527498,0.65,1.0,0.527498,0.65,1.0,0.527498,0.65,156,15900000,False,1.0,5000.0,300.0,500.0,600000000000.0,100000000000.0,,155
1,planned_restart,thermal_loop,158,controller_tick,15700000,15.7,1,0,15700000,157,15700000,RUNNING,,0,0,62,1,0,reconstructed_from_retained_wire,True,,,317.79114879401317,301.1244835379449,293.14999884373344,0.5274980000000429,0.65,78499.99999999955,78499.99410295881,0.00014999991971398753,18825.42363472344,-4.01905708713457e-09,0.00015,301.124,293.15,317.791,0.0,150000,1,157,15700000,15700000,15700000,0,301124,1,157,15700000,15700000,15700000,0,293150,1,157,15700000,15700000,15700000,0,317791,1,157,15700000,15700000,15700000,0,0,1,157,15700000,15700000,15700000,0,1.0,0.527498,0.65,1.0,0.527498,0.65,1.0,0.527498,0.65,157,16000000,False,1.0,5000.0,300.0,500.0,600000000000.0,100000000000.0,,156
1,planned_restart,thermal_loop,159,controller_tick,15800000,15.8,1,0,15800000,158,15800000,RUNNING,,0,0,62,1,0,reconstructed_from_retained_wire,True,,,317.7911487982449,301.1244835421072,293.14999884219736,0.5274980000000388,0.65,78999.99999999955,78999.99404510693,0.00014999991971398636,18825.42363472315,-4.4076386984670535e-09,0.00015,301.124,293.15,317.791,0.0,150000,1,158,15800000,15800000,15800000,0,301124,1,158,15800000,15800000,15800000,0,293150,1,158,15800000,15800000,15800000,0,317791,1,158,15800000,15800000,15800000,0,0,1,158,15800000,15800000,15800000,0,1.0,0.527498,0.65,1.0,0.527498,0.65,1.0,0.527498,0.65,158,16100000,False,1.0,5000.0,300.0,500.0,600000000000.0,100000000000.0,,157
1,planned_restart,thermal_loop,160,controller_tick,15900000,15.9,1,0,15900000,159,15900000,RUNNING,,0,0,62,1,0,reconstructed_from_retained_wire,True,,,317.7911488024763,301.12448354622745,293.1499988406957,0.5274980000000351,0.65,79499.99999999953,79499.9939871791,0.00014999991971398533,18825.423634722887,-3.972445483668707e-09,0.00015,301.124,293.15,317.791,0.0,150000,1,159,15900000,15900000,15900000,0,301124,1,159,15900000,15900000,15900000,0,293150,1,159,15900000,15900000,15900000,0,317791,1,159,15900000,15900000,15900000,0,0,1,159,15900000,15900000,15900000,0,1.0,0.527498,0.65,1.0,0.527498,0.65,1.0,0.527498,0.65,159,16200000,False,1.0,5000.0,300.0,500.0,600000000000.0,100000000000.0,,158
1,planned_restart,thermal_loop,161,controller_tick,16000000,16.0,1,0,16000000,160,16000000,RUNNING,,0,0,62,1,0,reconstructed_from_retained_wire,True,,,317.7911488067073,301.12448355030625,293.1499988392278,0.5274980000000318,0.65,79999.99999999953,79999.99392917706,0.00014999991971398439,18825.423634722647,-4.04861566494219e-09,0.00015,301.124,293.15,317.791,0.0,150000,1,160,16000000,16000000,16000000,0,301124,1,160,16000000,16000000,16000000,0,293150,1,160,16000000,16000000,16000000,0,317791,1,160,16000000,16000000,16000000,0,0,1,160,16000000,16000000,16000000,0,1.0,0.527498,0.65,1.0,0.527498,0.65,1.0,0.527498,0.65,160,16300000,False,1.0,5000.0,300.0,500.0,600000000000.0,100000000000.0,,159
1,planned_restart,thermal_loop,162,controller_tick,16100000,16.1,1,0,16100000,161,16100000,RUNNING,,0,0,62,1,0,reconstructed_from_retained_wire,True,,,317.7911488109379,301.12448355434435,293.14999883779325,0.5274980000000287,0.65,80499.99999999955,80499.99387110246,0.00014999991971398352,18825.42363472243,-3.783270585699938e-09,0.00015,301.124,293.15,317.791,0.0,150000,1,161,16100000,16100000,16100000,0,301124,1,161,16100000,16100000,16100000,0,293150,1,161,16100000,16100000,16100000,0,317791,1,161,16100000,16100000,16100000,0,0,1,161,16100000,16100000,16100000,0,1.0,0.527498,0.65,1.0,0.527498,0.65,1.0,0.527498,0.65,161,16400000,False,1.0,5000.0,300.0,500.0,600000000000.0,100000000000.0,,160
1,planned_restart,thermal_loop,163,controller_tick,16200000,16.2,1,0,16200000,162,16200000,RUNNING,,0,0,62,1,0,reconstructed_from_retained_wire,True,,,317.7911488151678,301.12448355834243,293.14999883639155,0.527498000000026,0.65,80999.99999999955,80999.99381295696,0.00014999991971398276,18825.423634722232,-3.762124833883718e-09,0.00015,301.124,293.15,317.791,0.0,150000,1,162,16200000,16200000,16200000,0,301124,1,162,16200000,16200000,16200000,0,293150,1,162,16200000,16200000,16200000,0,317791,1,162,16200000,16200000,16200000,0,0,1,162,16200000,16200000,16200000,0,1.0,0.527498,0.65,1.0,0.527498,0.65,1.0,0.527498,0.65,162,16500000,False,1.0,5000.0,300.0,500.0,600000000000.0,100000000000.0,,161
1,planned_restart,thermal_loop,164,controller_tick,16300000,16.3,1,0,16300000,163,16300000,RUNNING,,0,0,62,1,0,reconstructed_from_retained_wire,True,,,317.7911488193969,301.1244835623012,293.1499988350222,0.5274980000000236,0.65,81499.99999999956,81499.99375474219,0.00014999991971398205,18825.42363472206,-4.248704499332234e-09,0.00015,301.124,293.15,317.791,0.0,150000,1,163,16300000,16300000,16300000,0,301124,1,163,16300000,16300000,16300000,0,293150,1,163,16300000,16300000,16300000,0,317791,1,163,16300000,16300000,16300000,0,0,1,163,16300000,16300000,16300000,0,1.0,0.527498,0.65,1.0,0.527498,0.65,1.0,0.527498,0.65,163,16600000,False,1.0,5000.0,300.0,500.0,600000000000.0,100000000000.0,,162
1,planned_restart,thermal_loop,165,controller_tick,16400000,16.4,1,0,16400000,164,16400000,RUNNING,,0,0,62,1,0,reconstructed_from_retained_wire,True,,,317.7911488236252,301.1244835662213,293.14999883368466,0.5274980000000212,0.65,81999.99999999958,81999.99369645973,0.0001499999197139814,18825.42363472189,-4.3405634642113e-09,0.00015,301.124,293.15,317.791,0.0,150000,1,164,16400000,16400000,16400000,0,301124,1,164,16400000,16400000,16400000,0,293150,1,164,16400000,16400000,16400000,0,317791,1,164,16400000,16400000,16400000,0,0,1,164,16400000,16400000,16400000,0,1.0,0.527498,0.65,1.0,0.527498,0.65,1.0,0.527498,0.65,164,16700000,False,1.0,5000.0,300.0,500.0,600000000000.0,100000000000.0,,163
1,planned_restart,thermal_loop,166,controller_tick,16500000,16.5,1,0,16500000,165,16500000,RUNNING,,0,0,62,1,0,reconstructed_from_retained_wire,True,,,317.79114882785245,301.1244835701034,293.14999883237857,0.5274980000000192,0.65,82499.99999999958,82499.99363811118,0.0001499999197139808,18825.423634721752,-3.997911335318349e-09,0.00015,301.124,293.15,317.791,0.0,150000,1,165,16500000,16500000,16500000,0,301124,1,165,16500000,16500000,16500000,0,293150,1,165,16500000,16500000,16500000,0,317791,1,165,16500000,16500000,16500000,0,0,1,165,16500000,16500000,16500000,0,1.0,0.527498,0.65,1.0,0.527498,0.65,1.0,0.527498,0.65,165,16800000,False,1.0,5000.0,300.0,500.0,600000000000.0,100000000000.0,,164
1,planned_restart,thermal_loop,167,controller_tick,16600000,16.6,1,0,16600000,166,16600000,RUNNING,,0,0,62,1,0,reconstructed_from_retained_wire,True,,,317.7911488320786,301.1244835739481,293.1499988311034,0.5274980000000175,0.65,82999.99999999959,82999.9935796981,0.00014999991971398032,18825.423634721625,-4.478351911529899e-09,0.00015,301.124,293.15,317.791,0.0,150000,1,166,16600000,16600000,16600000,0,301124,1,166,16600000,16600000,16600000,0,293150,1,166,16600000,16600000,16600000,0,317791,1,166,16600000,16600000,16600000,0,0,1,166,16600000,16600000,16600000,0,1.0,0.527498,0.65,1.0,0.527498,0.65,1.0,0.527498,0.65,166,16900000,False,1.0,5000.0,300.0,500.0,600000000000.0,100000000000.0,,165
1,planned_restart,thermal_loop,168,controller_tick,16700000,16.7,1,0,16700000,167,16700000,RUNNING,,0,0,62,1,0,reconstructed_from_retained_wire,True,,,317.7911488363036,301.1244835777561,293.14999882985865,0.5274980000000158,0.65,83499.99999999959,83499.99352122204,0.00014999991971397986,18825.423634721505,-4.9230948206968606e-09,0.00015,301.124,293.15,317.791,0.0,150000,1,167,16700000,16700000,16700000,0,301124,1,167,16700000,16700000,16700000,0,293150,1,167,16700000,16700000,16700000,0,317791,1,167,16700000,16700000,16700000,0,0,1,167,16700000,16700000,16700000,0,1.0,0.527498,0.65,1.0,0.527498,0.65,1.0,0.527498,0.65,167,17000000,False,1.0,5000.0,300.0,500.0,600000000000.0,100000000000.0,,166
1,planned_restart,thermal_loop,169,controller_tick,16800000,16.8,1,0,16800000,168,16800000,RUNNING,,0,0,62,1,0,reconstructed_from_retained_wire,True,,,317.7911488405272,301.12448358152807,293.14999882864385,0.5274980000000143,0.65,83999.99999999959,83999.99346268449,0.00014999991971397943,18825.423634721403,-6.136133379186504e-09,0.00015,301.124,293.15,317.791,0.0,150000,1,168,16800000,16800000,16800000,0,301124,1,168,16800000,16800000,16800000,0,293150,1,168,16800000,16800000,16800000,0,317791,1,168,16800000,16800000,16800000,0,0,1,168,16800000,16800000,16800000,0,1.0,0.527498,0.65,1.0,0.527498,0.65,1.0,0.527498,0.65,168,17100000,False,1.0,5000.0,300.0,500.0,600000000000.0,100000000000.0,,167
1,planned_restart,thermal_loop,170,controller_tick,16900000,16.9,1,0,16900000,169,16900000,RUNNING,,0,0,62,1,0,reconstructed_from_retained_wire,True,,,317.79114884474956,301.12448358526456,293.14999882745866,0.527498000000013,0.65,84499.99999999959,84499.99340408694,0.00014999991971397907,18825.423634721305,-5.574975148192607e-09,0.00015,301.124,293.15,317.791,0.0,150000,1,169,16900000,16900000,16900000,0,301124,1,169,16900000,16900000,16900000,0,293150,1,169,16900000,16900000,16900000,0,317791,1,169,16900000,16900000,16900000,0,0,1,169,16900000,16900000,16900000,0,1.0,0.527498,0.65,1.0,0.527498,0.65,1.0,0.527498,0.65,169,17200000,False,1.0,5000.0,300.0,500.0,600000000000.0,100000000000.0,,168
1,planned_restart,thermal_loop,171,controller_tick,17000000,17.0,1,0,17000000,170,17000000,RUNNING,,0,0,62,1,0,reconstructed_from_retained_wire,True,,,317.7911488489703,301.1244835889661,293.1499988263026,0.5274980000000117,0.65,84999.99999999959,84999.99334543086,0.00014999991971397867,18825.423634721214,-6.750497050234117e-09,0.00015,301.124,293.15,317.791,0.0,150000,1,170,17000000,17000000,17000000,0,301124,1,170,17000000,17000000,17000000,0,293150,1,170,17000000,17000000,17000000,0,317791,1,170,17000000,17000000,17000000,0,0,1,170,17000000,17000000,17000000,0,1.0,0.527498,0.65,1.0,0.527498,0.65,1.0,0.527498,0.65,170,17300000,False,1.0,5000.0,300.0,500.0,600000000000.0,100000000000.0,,169
1,planned_restart,thermal_loop,172,controller_tick,17100000,17.1,1,0,17100000,171,17100000,RUNNING,,0,0,62,1,0,reconstructed_from_retained_wire,True,,,317.79114885318944,301.1244835926334,293.14999882517515,0.5274980000000106,0.65,85499.99999999959,85499.9932867177,0.00014999991971397837,18825.423634721134,-7.74684849602636e-09,0.00015,301.124,293.15,317.791,0.0,150000,1,171,17100000,17100000,17100000,0,301124,1,171,17100000,17100000,17100000,0,293150,1,171,17100000,17100000,17100000,0,317791,1,171,17100000,17100000,17100000,0,0,1,171,17100000,17100000,17100000,0,1.0,0.527498,0.65,1.0,0.527498,0.65,1.0,0.527498,0.65,171,17400000,False,1.0,5000.0,300.0,500.0,600000000000.0,100000000000.0,,170
1,planned_restart,thermal_loop,173,controller_tick,17200000,17.2,1,0,17200000,172,17200000,RUNNING,,0,0,62,1,0,reconstructed_from_retained_wire,True,,,317.79114885740694,301.12448359626705,293.149998824076,0.5274980000000096,0.65,85999.9999999996,85999.99322794886,0.00014999991971397807,18825.42363472106,-7.260268830577843e-09,0.00015,301.124,293.15,317.791,0.0,150000,1,172,17200000,17200000,17200000,0,301124,1,172,17200000,17200000,17200000,0,293150,1,172,17200000,17200000,17200000,0,317791,1,172,17200000,17200000,17200000,0,0,1,172,17200000,17200000,17200000,0,1.0,0.527498,0.65,1.0,0.527498,0.65,1.0,0.527498,0.65,172,17500000,False,1.0,5000.0,300.0,500.0,600000000000.0,100000000000.0,,171
1,planned_restart,thermal_loop,174,controller_tick,17300000,17.3,1,0,17300000,173,17300000,RUNNING,,0,0,62,1,0,reconstructed_from_retained_wire,True,,,317.79114886162256,301.1244835998676,293.1499988230047,0.5274980000000087,0.65,86499.9999999996,86499.99316912578,0.00014999991971397783,18825.423634721003,-8.233200787799433e-09,0.00015,301.124,293.15,317.791,0.0,150000,1,173,17300000,17300000,17300000,0,301124,1,173,17300000,17300000,17300000,0,293150,1,173,17300000,17300000,17300000,0,317791,1,173,17300000,17300000,17300000,0,0,1,173,17300000,17300000,17300000,0,1.0,0.527498,0.65,1.0,0.527498,0.65,1.0,0.527498,0.65,173,17600000,False,1.0,5000.0,300.0,500.0,600000000000.0,100000000000.0,,172
1,planned_restart,thermal_loop,175,controller_tick,17400000,17.4,1,0,17400000,174,17400000,RUNNING,,0,0,62,1,0,reconstructed_from_retained_wire,True,,,317.79114886583636,301.1244836034356,293.1499988219608,0.5274980000000079,0.65,86999.9999999996,86999.99311024982,0.0001499999197139776,18825.42363472094,-7.808012014720589e-09,0.00015,301.124,293.15,317.791,0.0,150000,1,174,17400000,17400000,17400000,0,301124,1,174,17400000,17400000,17400000,0,293150,1,174,17400000,17400000,17400000,0,317791,1,174,17400000,17400000,17400000,0,0,1,174,17400000,17400000,17400000,0,1.0,0.527498,0.65,1.0,0.527498,0.65,1.0,0.527498,0.65,174,17700000,False,1.0,5000.0,300.0,500.0,600000000000.0,100000000000.0,,173
1,planned_restart,thermal_loop,176,controller_tick,17500000,17.5,1,0,17500000,175,17500000,RUNNING,,0,0,62,1,0,reconstructed_from_retained_wire,True,,,317.7911488700481,301.1244836069716,293.149998820944,0.5274980000000072,0.65,87499.9999999996,87499.99305132235,0.00014999991971397742,18825.423634720893,-7.60337570682168e-09,0.00015,301.124,293.15,317.791,0.0,150000,1,175,17500000,17500000,17500000,0,301124,1,175,17500000,17500000,17500000,0,293150,1,175,17500000,17500000,17500000,0,317791,1,175,17500000,17500000,17500000,0,0,1,175,17500000,17500000,17500000,0,1.0,0.527498,0.65,1.0,0.527498,0.65,1.0,0.527498,0.65,175,17800000,False,1.0,5000.0,300.0,500.0,600000000000.0,100000000000.0,,174
1,planned_restart,thermal_loop,177,controller_tick,17600000,17.6,1,0,17600000,176,17600000,RUNNING,,0,0,62,1,0,reconstructed_from_retained_wire,True,,,317.7911488742579,301.1244836104761,293.1499988199538,0.5274980000000066,0.65,87999.9999999996,87999.99299234469,0.0001499999197139772,18825.42363472085,-7.152266334742308e-09,0.00015,301.124,293.15,317.791,0.0,150000,1,176,17600000,17600000,17600000,0,301124,1,176,17600000,17600000,17600000,0,293150,1,176,17600000,17600000,17600000,0,317791,1,176,17600000,17600000,17600000,0,0,1,176,17600000,17600000,17600000,0,1.0,0.527498,0.65,1.0,0.527498,0.65,1.0,0.527498,0.65,176,17900000,False,1.0,5000.0,300.0,500.0,600000000000.0,100000000000.0,,175
1,planned_restart,thermal_loop,178,controller_tick,17700000,17.7,1,0,17700000,177,17700000,RUNNING,,0,0,62,1,0,reconstructed_from_retained_wire,True,,,317.7911488784655,301.12448361394974,293.1499988189898,0.5274980000000059,0.65,88499.9999999996,88499.99293331818,0.000149999919713977,18825.423634720803,-6.583604772458784e-09,0.00015,301.124,293.15,317.791,0.0,150000,1,177,17700000,17700000,17700000,0,301124,1,177,17700000,17700000,17700000,0,293150,1,177,17700000,17700000,17700000,0,317791,1,177,17700000,17700000,17700000,0,0,1,177,17700000,17700000,17700000,0,1.0,0.527498,0.65,1.0,0.527498,0.65,1.0,0.527498,0.65,177,18000000,False,1.0,5000.0,300.0,500.0,600000000000.0,100000000000.0,,176
1,planned_restart,thermal_loop,179,controller_tick,17800000,17.8,1,0,17800000,178,17800000,RUNNING,,0,0,62,1,0,reconstructed_from_retained_wire,True,,,317.7911488826708,301.1244836173929,293.14999881805164,0.5274980000000054,0.65,88999.9999999996,88999.99287424413,0.00014999991971397688,18825.423634720762,-6.6750089899869636e-09,0.00015,301.124,293.15,317.791,0.0,150000,1,178,17800000,17800000,17800000,0,301124,1,178,17800000,17800000,17800000,0,293150,1,178,17800000,17800000,17800000,0,317791,1,178,17800000,17800000,17800000,0,0,1,178,17800000,17800000,17800000,0,1.0,0.527498,0.65,1.0,0.527498,0.65,1.0,0.527498,0.65,178,18100000,False,1.0,5000.0,300.0,500.0,600000000000.0,100000000000.0,,177
1,planned_restart,thermal_loop,180,controller_tick,17900000,17.9,1,0,17900000,179,17900000,RUNNING,,0,0,62,1,0,reconstructed_from_retained_wire,True,,,317.7911488868738,301.12448362080625,293.1499988171389,0.5274980000000048,0.65,89499.9999999996,89499.99281512378,0.00014999991971397671,18825.423634720726,-7.2186594479717314e-09,0.00015,301.124,293.15,317.791,0.0,150000,1,179,17900000,17900000,17900000,0,301124,1,179,17900000,17900000,17900000,0,293150,1,179,17900000,17900000,17900000,0,317791,1,179,17900000,17900000,17900000,0,0,1,179,17900000,17900000,17900000,0,1.0,0.527498,0.65,1.0,0.527498,0.65,1.0,0.527498,0.65,179,18200000,False,1.0,5000.0,300.0,500.0,600000000000.0,100000000000.0,,178
1,planned_restart,thermal_loop,181,controller_tick,18000000,18.0,1,0,18000000,180,18000000,RUNNING,,0,0,62,1,0,reconstructed_from_retained_wire,True,,,317.7911488910744,301.12448362419025,293.1499988162513,0.5274980000000044,0.65,89999.9999999996,89999.99275595843,0.00014999991971397658,18825.42363472069,-7.358039511018433e-09,0.00015,301.124,293.15,317.791,0.0,150000,1,180,18000000,18000000,18000000,0,301124,1,180,18000000,18000000,18000000,0,293150,1,180,18000000,18000000,18000000,0,317791,1,180,18000000,18000000,18000000,0,0,1,180,18000000,18000000,18000000,0,1.0,0.527498,0.65,1.0,0.527498,0.65,1.0,0.527498,0.65,180,18300000,False,1.0,5000.0,300.0,500.0,600000000000.0,100000000000.0,,179
1,planned_restart,thermal_loop,182,controller_tick,18100000,18.1,1,0,18100000,181,18100000,RUNNING,,0,0,62,1,0,reconstructed_from_retained_wire,True,,,317.79114889527244,301.1244836275454,293.1499988153884,0.5274980000000039,0.65,90499.9999999996,90499.99269674932,0.00014999991971397647,18825.423634720653,-7.598146112286486e-09,0.00015,301.124,293.15,317.791,0.0,150000,1,181,18100000,18100000,18100000,0,301124,1,181,18100000,18100000,18100000,0,293150,1,181,18100000,18100000,18100000,0,317791,1,181,18100000,18100000,18100000,0,0,1,181,18100000,18100000,18100000,0,1.0,0.527498,0.65,1.0,0.527498,0.65,1.0,0.527498,0.65,181,18400000,False,1.0,5000.0,300.0,500.0,600000000000.0,100000000000.0,,180
1,planned_restart,thermal_loop,183,controller_tick,18200000,18.2,1,0,18200000,182,18200000,RUNNING,,0,0,62,1,0,reconstructed_from_retained_wire,True,,,317.791148899468,301.12448363087213,293.14999881454986,0.5274980000000035,0.65,90999.9999999996,90999.99263749768,0.00014999991971397636,18825.423634720624,-7.4294348451076075e-09,0.00015,301.124,293.15,317.791,0.0,150000,1,182,18200000,18200000,18200000,0,301124,1,182,18200000,18200000,18200000,0,293150,1,182,18200000,18200000,18200000,0,317791,1,182,18200000,18200000,18200000,0,0,1,182,18200000,18200000,18200000,0,1.0,0.527498,0.65,1.0,0.527498,0.65,1.0,0.527498,0.65,182,18500000,False,1.0,5000.0,300.0,500.0,600000000000.0,100000000000.0,,181
1,planned_restart,thermal_loop,184,controller_tick,18300000,18.3,1,0,18300000,183,18300000,RUNNING,,0,0,62,1,0,reconstructed_from_retained_wire,True,,,317.7911489036608,301.12448363417104,293.1499988137353,0.5274980000000031,0.65,91499.99999999962,91499.99257820472,0.00014999991971397625,18825.423634720602,-7.91783349995967e-09,0.00015,301.124,293.15,317.791,0.0,150000,1,183,18300000,18300000,18300000,0,301124,1,183,18300000,18300000,18300000,0,293150,1,183,18300000,18300000,18300000,0,317791,1,183,18300000,18300000,18300000,0,0,1,183,18300000,18300000,18300000,0,1.0,0.527498,0.65,1.0,0.527498,0.65,1.0,0.527498,0.65,183,18600000,False,1.0,5000.0,300.0,500.0,600000000000.0,100000000000.0,,182
1,planned_restart,thermal_loop,185,controller_tick,18400000,18.4,1,0,18400000,184,18400000,RUNNING,,0,0,62,1,0,reconstructed_from_retained_wire,True,,,317.791148907851,301.1244836374425,293.14999881294443,0.5274980000000029,0.65,91999.99999999962,91999.99251887163,0.00014999991971397617,18825.423634720588,-7.524704415118322e-09,0.00015,301.124,293.15,317.791,0.0,150000,1,184,18400000,18400000,18400000,0,301124,1,184,18400000,18400000,18400000,0,293150,1,184,18400000,18400000,18400000,0,317791,1,184,18400000,18400000,18400000,0,0,1,184,18400000,18400000,18400000,0,1.0,0.527498,0.65,1.0,0.527498,0.65,1.0,0.527498,0.65,184,18700000,False,1.0,5000.0,300.0,500.0,600000000000.0,100000000000.0,,183
1,planned_restart,thermal_loop,186,controller_tick,18500000,18.5,1,0,18500000,185,18500000,RUNNING,,0,0,62,1,0,reconstructed_from_retained_wire,True,,,317.79114891203835,301.124483640687,293.1499988121768,0.5274980000000027,0.65,92499.99999999964,92499.99245949957,0.00014999991971397615,18825.423634720566,-7.677499525016174e-09,0.00015,301.124,293.15,317.791,0.0,150000,1,185,18500000,18500000,18500000,0,301124,1,185,18500000,18500000,18500000,0,293150,1,185,18500000,18500000,18500000,0,317791,1,185,18500000,18500000,18500000,0,0,1,185,18500000,18500000,18500000,0,1.0,0.527498,0.65,1.0,0.527498,0.65,1.0,0.527498,0.65,185,18800000,False,1.0,5000.0,300.0,500.0,600000000000.0,100000000000.0,,184
1,planned_restart,thermal_loop,187,controller_tick,18600000,18.6,1,0,18600000,186,18600000,RUNNING,,0,0,62,1,0,reconstructed_from_retained_wire,True,,,317.7911489162228,301.1244836439051,293.1499988114321,0.5274980000000025,0.65,92999.99999999964,92999.9924000897,0.00014999991971397606,18825.42363472055,-8.319830158143304e-09,0.00015,301.124,293.15,317.791,0.0,150000,1,186,18600000,18600000,18600000,0,301124,1,186,18600000,18600000,18600000,0,293150,1,186,18600000,18600000,18600000,0,317791,1,186,18600000,18600000,18600000,0,0,1,186,18600000,18600000,18600000,0,1.0,0.527498,0.65,1.0,0.527498,0.65,1.0,0.527498,0.65,186,18900000,False,1.0,5000.0,300.0,500.0,600000000000.0,100000000000.0,,185
1,planned_restart,thermal_loop,188,controller_tick,18700000,18.7,1,0,18700000,187,18700000,RUNNING,,0,0,62,1,0,reconstructed_from_retained_wire,True,,,317.79114892040445,301.1244836470971,293.14999881071003,0.5274980000000022,0.65,93499.99999999964,93499.99234064318,0.00014999991971397598,18825.42363472054,-7.985818228917196e-09,0.00015,301.124,293.15,317.791,0.0,150000,1,187,18700000,18700000,18700000,0,301124,1,187,18700000,18700000,18700000,0,293150,1,187,18700000,18700000,18700000,0,317791,1,187,18700000,18700000,18700000,0,0,1,187,18700000,18700000,18700000,0,1.0,0.527498,0.65,1.0,0.527498,0.65,1.0,0.527498,0.65,187,19000000,False,1.0,5000.0,300.0,500.0,600000000000.0,100000000000.0,,186
1,planned_restart,thermal_loop,189,controller_tick,18800000,18.8,1,0,18800000,188,18800000,RUNNING,,0,0,62,1,0,reconstructed_from_retained_wire,True,,,317.791148924583,301.1244836502636,293.14999881001023,0.527498000000002,0.65,93999.99999999964,93999.99228116109,0.00014999991971397593,18825.423634720522,-8.333017831319012e-09,0.00015,301.124,293.15,317.791,0.0,150000,1,188,18800000,18800000,18800000,0,301124,1,188,18800000,18800000,18800000,0,293150,1,188,18800000,18800000,18800000,0,317791,1,188,18800000,18800000,18800000,0,0,1,188,18800000,18800000,18800000,0,1.0,0.527498,0.65,1.0,0.527498,0.65,1.0,0.527498,0.65,188,19100000,False,1.0,5000.0,300.0,500.0,600000000000.0,100000000000.0,,187
1,planned_restart,thermal_loop,190,controller_tick,18900000,18.9,1,0,18900000,189,18900000,RUNNING,,0,0,62,1,0,reconstructed_from_retained_wire,True,,,317.7911489287585,301.12448365340487,293.1499988093324,0.5274980000000018,0.65,94499.99999999965,94499.99222164458,0.00014999991971397585,18825.423634720508,-9.176801540888846e-09,0.00015,301.124,293.15,317.791,0.0,150000,1,189,18900000,18900000,18900000,0,301124,1,189,18900000,18900000,18900000,0,293150,1,189,18900000,18900000,18900000,0,317791,1,189,18900000,18900000,18900000,0,0,1,189,18900000,18900000,18900000,0,1.0,0.527498,0.65,1.0,0.527498,0.65,1.0,0.527498,0.65,189,19200000,False,1.0,5000.0,300.0,500.0,600000000000.0,100000000000.0,,188
1,planned_restart,thermal_loop,191,controller_tick,19000000,19.0,1,0,19000000,190,19000000,RUNNING,,0,0,62,1,0,reconstructed_from_retained_wire,True,,,317.79114893293087,301.1244836565215,293.1499988086762,0.5274980000000016,0.65,94999.99999999965,94999.99216209471,0.00014999991971397582,18825.423634720486,-9.2959453468211e-09,0.00015,301.124,293.15,317.791,0.0,150000,1,190,19000000,19000000,19000000,0,301124,1,190,19000000,19000000,19000000,0,293150,1,190,19000000,19000000,19000000,0,317791,1,190,19000000,19000000,19000000,0,0,1,190,19000000,19000000,19000000,0,1.0,0.527498,0.65,1.0,0.527498,0.65,1.0,0.527498,0.65,190,19300000,False,1.0,5000.0,300.0,500.0,600000000000.0,100000000000.0,,189
1,planned_restart,thermal_loop,192,controller_tick,19100000,19.1,1,0,19100000,191,19100000,RUNNING,,0,0,62,1,0,reconstructed_from_retained_wire,True,,,317.79114893710005,301.12448365961376,293.14999880804135,0.5274980000000015,0.65,95499.99999999965,95499.99210251257,0.00014999991971397577,18825.423634720486,-8.894858183339238e-09,0.00015,301.124,293.15,317.791,0.0,150000,1,191,19100000,19100000,19100000,0,301124,1,191,19100000,19100000,19100000,0,293150,1,191,19100000,19100000,19100000,0,317791,1,191,19100000,19100000,19100000,0,0,1,191,19100000,19100000,19100000,0,1.0,0.527498,0.65,1.0,0.527498,0.65,1.0,0.527498,0.65,191,19400000,False,1.0,5000.0,300.0,500.0,600000000000.0,100000000000.0,,190
1,planned_restart,thermal_loop,193,controller_tick,19200000,19.2,1,0,19200000,192,19200000,RUNNING,,0,0,62,1,0,reconstructed_from_retained_wire,True,,,317.791148941266,301.12448366268217,293.1499988074275,0.5274980000000014,0.65,95999.99999999967,95999.9920428992,0.00014999991971397574,18825.423634720475,-8.682263796799816e-09,0.00015,301.124,293.15,317.791,0.0,150000,1,192,19200000,19200000,19200000,0,301124,1,192,19200000,19200000,19200000,0,293150,1,192,19200000,19200000,19200000,0,317791,1,192,19200000,19200000,19200000,0,0,1,192,19200000,19200000,19200000,0,1.0,0.527498,0.65,1.0,0.527498,0.65,1.0,0.527498,0.65,192,19500000,False,1.0,5000.0,300.0,500.0,600000000000.0,100000000000.0,,191
1,planned_restart,thermal_loop,194,controller_tick,19300000,19.3,1,0,19300000,193,19300000,RUNNING,,0,0,62,1,0,reconstructed_from_retained_wire,True,,,317.7911489454286,301.1244836657271,293.14999880683433,0.5274980000000012,0.65,96499.99999999968,96499.99198325566,0.0001499999197139757,18825.423634720468,-8.984898158814758e-09,0.00015,301.124,293.15,317.791,0.0,150000,1,193,19300000,19300000,19300000,0,301124,1,193,19300000,19300000,19300000,0,293150,1,193,19300000,19300000,19300000,0,317791,1,193,19300000,19300000,19300000,0,0,1,193,19300000,19300000,19300000,0,1.0,0.527498,0.65,1.0,0.527498,0.65,1.0,0.527498,0.65,193,19600000,False,1.0,5000.0,300.0,500.0,600000000000.0,100000000000.0,,192
1,planned_restart,thermal_loop,195,controller_tick,19400000,19.4,1,0,19400000,194,19400000,RUNNING,,0,0,62,1,0,reconstructed_from_retained_wire,True,,,317.79114894958775,301.12448366874895,293.1499988062616,0.5274980000000011,0.65,96999.99999999968,96999.99192358299,0.00014999991971397566,18825.423634720464,-9.546511137159541e-09,0.00015,301.124,293.15,317.791,0.0,150000,1,194,19400000,19400000,19400000,0,301124,1,194,19400000,19400000,19400000,0,293150,1,194,19400000,19400000,19400000,0,317791,1,194,19400000,19400000,19400000,0,0,1,194,19400000,19400000,19400000,0,1.0,0.527498,0.65,1.0,0.527498,0.65,1.0,0.527498,0.65,194,19700000,False,1.0,5000.0,300.0,500.0,600000000000.0,100000000000.0,,193
1,planned_restart,thermal_loop,196,controller_tick,19500000,19.5,1,0,19500000,195,19500000,RUNNING,,0,0,62,1,0,reconstructed_from_retained_wire,True,,,317.7911489537435,301.1244836717481,293.14999880570895,0.5274980000000011,0.65,97499.99999999968,97499.99186388217,0.00014999991971397566,18825.423634720464,-9.629729902371764e-09,0.00015,301.124,293.15,317.791,0.0,150000,1,195,19500000,19500000,19500000,0,301124,1,195,19500000,19500000,19500000,0,293150,1,195,19500000,19500000,19500000,0,317791,1,195,19500000,19500000,19500000,0,0,1,195,19500000,19500000,19500000,0,1.0,0.527498,0.65,1.0,0.527498,0.65,1.0,0.527498,0.65,195,19800000,False,1.0,5000.0,300.0,500.0,600000000000.0,100000000000.0,,194
1,planned_restart,thermal_loop,197,controller_tick,19600000,19.6,1,0,19600000,196,19600000,RUNNING,,0,0,62,1,0,reconstructed_from_retained_wire,True,,,317.79114895789576,301.12448367472496,293.14999880517615,0.5274980000000011,0.65,97999.99999999968,97999.99180415423,0.00014999991971397566,18825.423634720464,-1.006560523819644e-08,0.00015,301.124,293.15,317.791,0.0,150000,1,196,19600000,19600000,19600000,0,301124,1,196,19600000,19600000,19600000,0,293150,1,196,19600000,19600000,19600000,0,317791,1,196,19600000,19600000,19600000,0,0,1,196,19600000,19600000,19600000,0,1.0,0.527498,0.65,1.0,0.527498,0.65,1.0,0.527498,0.65,196,19900000,False,1.0,5000.0,300.0,500.0,600000000000.0,100000000000.0,,195
1,planned_restart,thermal_loop,198,controller_tick,19700000,19.7,1,0,19700000,197,19700000,RUNNING,,0,0,62,1,0,reconstructed_from_retained_wire,True,,,317.7911489620445,301.1244836776799,293.1499988046629,0.5274980000000011,0.65,98499.9999999997,98499.99174440013,0.00014999991971397566,18825.423634720464,-9.656105248723179e-09,0.00015,301.124,293.15,317.791,0.0,150000,1,197,19700000,19700000,19700000,0,301124,1,197,19700000,19700000,19700000,0,293150,1,197,19700000,19700000,19700000,0,317791,1,197,19700000,19700000,19700000,0,0,1,197,19700000,19700000,19700000,0,1.0,0.527498,0.65,1.0,0.527498,0.65,1.0,0.527498,0.65,197,20000000,False,1.0,5000.0,300.0,500.0,600000000000.0,100000000000.0,,196
1,planned_restart,thermal_loop,199,controller_tick,19800000,19.8,1,0,19800000,198,19800000,RUNNING,,0,0,62,1,0,reconstructed_from_retained_wire,True,,,317.79114896618955,301.1244836806133,293.1499988041689,0.5274980000000011,0.65,98999.9999999997,98999.99168462085,0.00014999991971397566,18825.423634720464,-9.97420102066826e-09,0.00015,301.124,293.15,317.791,0.0,150000,1,198,19800000,19800000,19800000,0,301124,1,198,19800000,19800000,19800000,0,293150,1,198,19800000,19800000,19800000,0,317791,1,198,19800000,19800000,19800000,0,0,1,198,19800000,19800000,19800000,0,1.0,0.527498,0.65,1.0,0.527498,0.65,1.0,0.527498,0.65,198,20100000,False,1.0,5000.0,300.0,500.0,600000000000.0,100000000000.0,,197
1,planned_restart,thermal_loop,200,controller_tick,19900000,19.9,1,0,19900000,199,19900000,RUNNING,,0,0,62,1,0,reconstructed_from_retained_wire,True,,,317.791148970331,301.12448368352557,293.1499988036938,0.5274980000000011,0.65,99499.9999999997,99499.99162481734,0.00014999991971397566,18825.423634720464,-1.0311623555026017e-08,0.00015,301.124,293.15,317.791,0.0,150000,1,199,19900000,19900000,19900000,0,301124,1,199,19900000,19900000,19900000,0,293150,1,199,19900000,19900000,19900000,0,317791,1,199,19900000,19900000,19900000,0,0,1,199,19900000,19900000,19900000,0,1.0,0.527498,0.65,1.0,0.527498,0.65,1.0,0.527498,0.65,199,20200000,False,1.0,5000.0,300.0,500.0,600000000000.0,100000000000.0,,198
1,planned_restart,thermal_loop,201,controller_tick,20000000,20.0,1,0,20000000,200,20000000,RUNNING,,0,0,62,1,0,reconstructed_from_retained_wire,True,,,317.79114897446874,301.124483686417,293.1499988032374,0.5274980000000011,0.65,99999.99999999971,99999.99156499055,0.00014999991971397566,18825.423634720464,-1.030548446578905e-08,0.00015,301.124,293.15,317.791,0.0,150000,1,200,20000000,20000000,20000000,0,301124,1,200,20000000,20000000,20000000,0,293150,1,200,20000000,20000000,20000000,0,317791,1,200,20000000,20000000,20000000,0,0,1,200,20000000,20000000,20000000,0,1.0,0.527498,0.65,1.0,0.527498,0.65,1.0,0.527498,0.65,200,20300000,False,1.0,5000.0,300.0,500.0,600000000000.0,100000000000.0,,199
1,planned_restart,thermal_loop,202,controller_tick,20100000,20.1,1,0,20100000,201,20100000,RUNNING,,0,0,62,1,0,reconstructed_from_retained_wire,True,,,317.7911489786027,301.124483689288,293.1499988027994,0.5274980000000011,0.65,100499.99999999972,100499.9915051414,0.00014999991971397566,18825.423634720464,-1.0859594112844206e-08,0.00015,301.124,293.15,317.791,0.0,150000,1,201,20100000,20100000,20100000,0,301124,1,201,20100000,20100000,20100000,0,293150,1,201,20100000,20100000,20100000,0,317791,1,201,20100000,20100000,20100000,0,0,1,201,20100000,20100000,20100000,0,1.0,0.527498,0.65,1.0,0.527498,0.65,1.0,0.527498,0.65,201,20400000,False,1.0,5000.0,300.0,500.0,600000000000.0,100000000000.0,,200
1,planned_restart,thermal_loop,203,controller_tick,20200000,20.2,1,0,20200000,202,20200000,RUNNING,,0,0,62,1,0,reconstructed_from_retained_wire,True,,,317.79114898273286,301.1244836921389,293.1499988023796,0.5274980000000011,0.65,100999.99999999972,100999.9914452708,0.00014999991971397566,18825.423634720464,-1.0488747648196295e-08,0.00015,301.124,293.15,317.791,0.0,150000,1,202,20200000,20200000,20200000,0,301124,1,202,20200000,20200000,20200000,0,293150,1,202,20200000,20200000,20200000,0,317791,1,202,20200000,20200000,20200000,0,0,1,202,20200000,20200000,20200000,0,1.0,0.527498,0.65,1.0,0.527498,0.65,1.0,0.527498,0.65,202,20500000,False,1.0,5000.0,300.0,500.0,600000000000.0,100000000000.0,,201
1,planned_restart,thermal_loop,204,controller_tick,20300000,20.3,1,0,20300000,203,20300000,RUNNING,,0,0,62,1,0,reconstructed_from_retained_wire,True,,,317.7911489868591,301.12448369496997,293.14999880197774,0.5274980000000011,0.65,101499.99999999972,101499.99138537968,0.00014999991971397566,18825.423634720464,-1.0708845366025344e-08,0.00015,301.124,293.15,317.791,0.0,150000,1,203,20300000,20300000,20300000,0,301124,1,203,20300000,20300000,20300000,0,293150,1,203,20300000,20300000,20300000,0,317791,1,203,20300000,20300000,20300000,0,0,1,203,20300000,20300000,20300000,0,1.0,0.527498,0.65,1.0,0.527498,0.65,1.0,0.527498,0.65,203,20600000,False,1.0,5000.0,300.0,500.0,600000000000.0,100000000000.0,,202
1,planned_restart,thermal_loop,205,controller_tick,20400000,20.4,1,0,20400000,204,20400000,RUNNING,,0,0,62,1,0,reconstructed_from_retained_wire,True,,,317.79114899098147,301.1244836977816,293.1499988015935,0.5274980000000011,0.65,101999.99999999972,101999.99132546889,0.00014999991971397566,18825.423634720464,-1.1359588825143874e-08,0.00015,301.124,293.15,317.791,0.0,150000,1,204,20400000,20400000,20400000,0,301124,1,204,20400000,20400000,20400000,0,293150,1,204,20400000,20400000,20400000,0,317791,1,204,20400000,20400000,20400000,0,0,1,204,20400000,20400000,20400000,0,1.0,0.527498,0.65,1.0,0.527498,0.65,1.0,0.527498,0.65,204,20700000,False,1.0,5000.0,300.0,500.0,600000000000.0,100000000000.0,,203
1,planned_restart,thermal_loop,206,controller_tick,20500000,20.5,1,0,20500000,205,20500000,RUNNING,,0,0,62,1,0,reconstructed_from_retained_wire,True,,,317.7911489950999,301.12448370057416,293.1499988012266,0.5274980000000011,0.65,102499.99999999972,102499.99126553933,0.00014999991971397566,18825.423634720464,-1.1553311196621507e-08,0.00015,301.124,293.15,317.791,0.0,150000,1,205,20500000,20500000,20500000,0,301124,1,205,20500000,20500000,20500000,0,293150,1,205,20500000,20500000,20500000,0,317791,1,205,20500000,20500000,20500000,0,0,1,205,20500000,20500000,20500000,0,1.0,0.527498,0.65,1.0,0.527498,0.65,1.0,0.527498,0.65,205,20800000,False,1.0,5000.0,300.0,500.0,600000000000.0,100000000000.0,,204
1,planned_restart,thermal_loop,207,controller_tick,20600000,20.6,1,0,20600000,206,20600000,RUNNING,,0,0,62,1,0,reconstructed_from_retained_wire,True,,,317.79114899921433,301.1244837033479,293.1499988008769,0.5274980000000011,0.65,102999.99999999972,102999.99120559185,0.00014999991971397566,18825.423634720464,-1.1475094652269036e-08,0.00015,301.124,293.15,317.791,0.0,150000,1,206,20600000,20600000,20600000,0,301124,1,206,20600000,20600000,20600000,0,293150,1,206,20600000,20600000,20600000,0,317791,1,206,20600000,20600000,20600000,0,0,1,206,20600000,20600000,20600000,0,1.0,0.527498,0.65,1.0,0.527498,0.65,1.0,0.527498,0.65,206,20900000,False,1.0,5000.0,300.0,500.0,600000000000.0,100000000000.0,,205
1,planned_restart,thermal_loop,208,controller_tick,20700000,20.7,1,0,20700000,207,20700000,RUNNING,,0,0,62,1,0,reconstructed_from_retained_wire,True,,,317.7911490033247,301.12448370610315,293.1499988005441,0.5274980000000011,0.65,103499.99999999974,103499.99114562731,0.00014999991971397566,18825.423634720464,-1.214516487380024e-08,0.00015,301.124,293.15,317.791,0.0,150000,1,207,20700000,20700000,20700000,0,301124,1,207,20700000,20700000,20700000,0,293150,1,207,20700000,20700000,20700000,0,317791,1,207,20700000,20700000,20700000,0,0,1,207,20700000,20700000,20700000,0,1.0,0.527498,0.65,1.0,0.527498,0.65,1.0,0.527498,0.65,207,21000000,False,1.0,5000.0,300.0,500.0,600000000000.0,100000000000.0,,206
1,planned_restart,thermal_loop,209,controller_tick,20800000,20.8,1,0,20800000,208,20800000,RUNNING,,0,0,62,1,0,reconstructed_from_retained_wire,True,,,317.79114900743093,301.12448370884033,293.1499988002279,0.5274980000000011,0.65,103999.99999999975,103999.99108564656,0.00014999991971397566,18825.423634720464,-1.2928012438351288e-08,0.00015,301.124,293.15,317.791,0.0,150000,1,208,20800000,20800000,20800000,0,301124,1,208,20800000,20800000,20800000,0,293150,1,208,20800000,20800000,20800000,0,317791,1,208,20800000,20800000,20800000,0,0,1,208,20800000,20800000,20800000,0,1.0,0.527498,0.65,1.0,0.527498,0.65,1.0,0.527498,0.65,208,21100000,False,1.0,5000.0,300.0,500.0,600000000000.0,100000000000.0,,207
1,planned_restart,thermal_loop,210,controller_tick,20900000,20.9,1,0,20900000,209,20900000,RUNNING,,0,0,62,1,0,reconstructed_from_retained_wire,True,,,317.7911490115331,301.12448371155966,293.14999879992814,0.5274980000000011,0.65,104499.99999999975,104499.9910256504,0.00014999991971397566,18825.423634720464,-1.253351911145728e-08,0.00015,301.124,293.15,317.791,0.0,150000,1,209,20900000,20900000,20900000,0,301124,1,209,20900000,20900000,20900000,0,293150,1,209,20900000,20900000,20900000,0,317791,1,209,20900000,20900000,20900000,0,0,1,209,20900000,20900000,20900000,0,1.0,0.527498,0.65,1.0,0.527498,0.65,1.0,0.527498,0.65,209,21200000,False,1.0,5000.0,300.0,500.0,600000000000.0,100000000000.0,,208
1,planned_restart,thermal_loop,211,controller_tick,21000000,21.0,1,0,21000000,210,21000000,RUNNING,,0,0,62,1,0,reconstructed_from_retained_wire,True,,,317.79114901563105,301.1244837142615,293.14999879964455,0.5274980000000011,0.65,104999.99999999975,104999.99096563966,0.00014999991971397566,18825.423634720464,-1.2694727047346532e-08,0.00015,301.124,293.15,317.791,0.0,150000,1,210,21000000,21000000,21000000,0,301124,1,210,21000000,21000000,21000000,0,293150,1,210,21000000,21000000,21000000,0,317791,1,210,21000000,21000000,21000000,0,0,1,210,21000000,21000000,21000000,0,1.0,0.527498,0.65,1.0,0.527498,0.65,1.0,0.527498,0.65,210,21300000,False,1.0,5000.0,300.0,500.0,600000000000.0,100000000000.0,,209
1,planned_restart,thermal_loop,212,controller_tick,21100000,21.1,1,0,21100000,211,21100000,RUNNING,,0,0,62,1,0,reconstructed_from_retained_wire,True,,,317.7911490197248,301.12448371694614,293.14999879937693,0.5274980000000011,0.65,105499.99999999977,105499.99090561514,0.00014999991971397566,18825.423634720464,-1.1942120181629434e-08,0.00015,301.124,293.15,317.791,0.0,150000,1,211,21100000,21100000,21100000,0,301124,1,211,21100000,21100000,21100000,0,293150,1,211,21100000,21100000,21100000,0,317791,1,211,21100000,21100000,21100000,0,0,1,211,21100000,21100000,21100000,0,1.0,0.527498,0.65,1.0,0.527498,0.65,1.0,0.527498,0.65,211,21400000,False,1.0,5000.0,300.0,500.0,600000000000.0,100000000000.0,,210
1,planned_restart,thermal_loop,213,controller_tick,21200000,21.2,1,0,21200000,212,21200000,RUNNING,,0,0,62,1,0,reconstructed_from_retained_wire,True,,,317.79114902381434,301.1244837196138,293.149998799125,0.5274980000000011,0.65,105999.99999999977,105999.99084557763,0.00014999991971397566,18825.423634720464,-1.1570136848604307e-08,0.00015,301.124,293.15,317.791,0.0,150000,1,212,21200000,21200000,21200000,0,301124,1,212,21200000,21200000,21200000,0,293150,1,212,21200000,21200000,21200000,0,317791,1,212,21200000,21200000,21200000,0,0,1,212,21200000,21200000,21200000,0,1.0,0.527498,0.65,1.0,0.527498,0.65,1.0,0.527498,0.65,212,21500000,False,1.0,5000.0,300.0,500.0,600000000000.0,100000000000.0,,211
1,planned_restart,thermal_loop,214,controller_tick,21300000,21.3,1,0,21300000,213,21300000,RUNNING,,0,0,62,1,0,reconstructed_from_retained_wire,True,,,317.79114902789956,301.1244837222648,293.14999879888853,0.5274980000000011,0.65,106499.99999999977,106499.99078552792,0.00014999991971397566,18825.423634720464,-1.1958945833612233e-08,0.00015,301.124,293.15,317.791,0.0,150000,1,213,21300000,21300000,21300000,0,301124,1,213,21300000,21300000,21300000,0,293150,1,213,21300000,21300000,21300000,0,317791,1,213,21300000,21300000,21300000,0,0,1,213,21300000,21300000,21300000,0,1.0,0.527498,0.65,1.0,0.527498,0.65,1.0,0.527498,0.65,213,21600000,False,1.0,5000.0,300.0,500.0,600000000000.0,100000000000.0,,212
1,planned_restart,thermal_loop,215,controller_tick,21400000,21.4,1,0,21400000,214,21400000,RUNNING,,0,0,62,1,0,reconstructed_from_retained_wire,True,,,317.79114903198047,301.12448372489945,293.1499987986673,0.5274980000000011,0.65,106999.99999999978,106999.99072546676,0.00014999991971397566,18825.423634720464,-1.2827058526454493e-08,0.00015,301.124,293.15,317.791,0.0,150000,1,214,21400000,21400000,21400000,0,301124,1,214,21400000,21400000,21400000,0,293150,1,214,21400000,21400000,21400000,0,317791,1,214,21400000,21400000,21400000,0,0,1,214,21400000,21400000,21400000,0,1.0,0.527498,0.65,1.0,0.527498,0.65,1.0,0.527498,0.65,214,21700000,False,1.0,5000.0,300.0,500.0,600000000000.0,100000000000.0,,213
1,planned_restart,thermal_loop,216,controller_tick,21500000,21.5,1,0,21500000,215,21500000,RUNNING,,0,0,62,1,0,reconstructed_from_retained_wire,True,,,317.79114903605705,301.12448372751794,293.1499987984612,0.5274980000000011,0.65,107499.99999999978,107499.99066539491,0.00014999991971397566,18825.423634720464,-1.2928012438351288e-08,0.00015,301.124,293.15,317.791,0.0,150000,1,215,21500000,21500000,21500000,0,301124,1,215,21500000,21500000,21500000,0,293150,1,215,21500000,21500000,21500000,0,317791,1,215,21500000,21500000,21500000,0,0,1,215,21500000,21500000,21500000,0,1.0,0.527498,0.65,1.0,0.527498,0.65,1.0,0.527498,0.65,215,21800000,False,1.0,5000.0,300.0,500.0,600000000000.0,100000000000.0,,214
1,planned_restart,thermal_loop,217,controller_tick,21600000,21.6,1,0,21600000,216,21600000,RUNNING,,0,0,62,1,0,reconstructed_from_retained_wire,True,,,317.79114904012926,301.12448373012063,293.14999879826985,0.5274980000000011,0.65,107999.99999999978,107999.99060531313,0.00014999991971397566,18825.423634720464,-1.3513727026293054e-08,0.00015,301.124,293.15,317.791,0.0,150000,1,216,21600000,21600000,21600000,0,301124,1,216,21600000,21600000,21600000,0,293150,1,216,21600000,21600000,21600000,0,317791,1,216,21600000,21600000,21600000,0,0,1,216,21600000,21600000,21600000,0,1.0,0.527498,0.65,1.0,0.527498,0.65,1.0,0.527498,0.65,216,21900000,False,1.0,5000.0,300.0,500.0,600000000000.0,100000000000.0,,215
1,planned_restart,thermal_loop,218,controller_tick,21700000,21.7,1,0,21700000,217,21700000,RUNNING,,0,0,62,1,0,reconstructed_from_retained_wire,True,,,317.791149044197,301.1244837327078,293.1499987980932,0.5274980000000011,0.65,108499.99999999978,108499.99054522216,0.00014999991971397566,18825.423634720464,-1.3445514923660085e-08,0.00015,301.124,293.15,317.791,0.0,150000,1,217,21700000,21700000,21700000,0,301124,1,217,21700000,21700000,21700000,0,293150,1,217,21700000,21700000,21700000,0,317791,1,217,21700000,21700000,21700000,0,0,1,217,21700000,21700000,21700000,0,1.0,0.527498,0.65,1.0,0.527498,0.65,1.0,0.527498,0.65,217,22000000,False,1.0,5000.0,300.0,500.0,600000000000.0,100000000000.0,,216
1,planned_restart,thermal_loop,219,controller_tick,21800000,21.8,1,0,21800000,218,21800000,RUNNING,,0,0,62,1,0,reconstructed_from_retained_wire,True,,,317.7911490482603,301.1244837352797,293.1499987979309,0.5274980000000011,0.65,108999.9999999998,108999.99048512272,0.00014999991971397566,18825.423634720464,-1.4256556823966093e-08,0.00015,301.124,293.15,317.791,0.0,150000,1,218,21800000,21800000,21800000,0,301124,1,218,21800000,21800000,21800000,0,293150,1,218,21800000,21800000,21800000,0,317791,1,218,21800000,21800000,21800000,0,0,1,218,21800000,21800000,21800000,0,1.0,0.527498,0.65,1.0,0.527498,0.65,1.0,0.527498,0.65,218,22100000,False,1.0,5000.0,300.0,500.0,600000000000.0,100000000000.0,,217
1,planned_restart,thermal_loop,220,controller_tick,21900000,21.9,1,0,21900000,219,21900000,RUNNING,,0,0,62,1,0,reconstructed_from_retained_wire,True,,,317.7911490523191,301.1244837378366,293.14999879778287,0.5274980000000011,0.65,109499.9999999998,109499.99042501551,0.00014999991971397566,18825.423634720464,-1.3793624020763673e-08,0.00015,301.124,293.15,317.791,0.0,150000,1,219,21900000,21900000,21900000,0,301124,1,219,21900000,21900000,21900000,0,293150,1,219,21900000,21900000,21900000,0,317791,1,219,21900000,21900000,21900000,0,0,1,219,21900000,21900000,21900000,0,1.0,0.527498,0.65,1.0,0.527498,0.65,1.0,0.527498,0.65,219,22200000,False,1.0,5000.0,300.0,500.0,600000000000.0,100000000000.0,,218
1,planned_restart,thermal_loop,221,controller_tick,22000000,22.0,1,0,22000000,220,22000000,RUNNING,,0,0,62,1,0,reconstructed_from_retained_wire,True,,,317.7911490563734,301.1244837403787,293.14999879764883,0.5274980000000011,0.65,109999.9999999998,109999.99036490126,0.00014999991971397566,18825.423634720464,-1.39573330670828e-08,0.00015,301.124,293.15,317.791,0.0,150000,1,220,22000000,22000000,22000000,0,301124,1,220,22000000,22000000,22000000,0,293150,1,220,22000000,22000000,22000000,0,317791,1,220,22000000,22000000,22000000,0,0,1,220,22000000,22000000,22000000,0,1.0,0.527498,0.65,1.0,0.527498,0.65,1.0,0.527498,0.65,220,22300000,False,1.0,5000.0,300.0,500.0,600000000000.0,100000000000.0,,219
1,planned_restart,thermal_loop,222,controller_tick,22100000,22.1,1,0,22100000,221,22100000,RUNNING,,0,0,62,1,0,reconstructed_from_retained_wire,True,,,317.79114906042315,301.12448374290625,293.1499987975286,0.5274980000000011,0.65,110499.9999999998,110499.99030478064,0.00014999991971397566,18825.423634720464,-1.4394572644960135e-08,0.00015,301.124,293.15,317.791,0.0,150000,1,221,22100000,22100000,22100000,0,301124,1,221,22100000,22100000,22100000,0,293150,1,221,22100000,22100000,22100000,0,317791,1,221,22100000,22100000,22100000,0,0,1,221,22100000,22100000,22100000,0,1.0,0.527498,0.65,1.0,0.527498,0.65,1.0,0.527498,0.65,221,22400000,False,1.0,5000.0,300.0,500.0,600000000000.0,100000000000.0,,220
1,planned_restart,thermal_loop,223,controller_tick,22200000,22.2,1,0,22200000,222,22200000,RUNNING,,0,0,62,1,0,reconstructed_from_retained_wire,True,,,317.7911490644683,301.1244837454195,293.1499987974221,0.5274980000000011,0.65,110999.9999999998,110999.99024465437,0.00014999991971397566,18825.423634720464,-1.402486304868944e-08,0.00015,301.124,293.15,317.791,0.0,150000,1,222,22200000,22200000,22200000,0,301124,1,222,22200000,22200000,22200000,0,293150,1,222,22200000,22200000,22200000,0,317791,1,222,22200000,22200000,22200000,0,0,1,222,22200000,22200000,22200000,0,1.0,0.527498,0.65,1.0,0.527498,0.65,1.0,0.527498,0.65,222,22500000,False,1.0,5000.0,300.0,500.0,600000000000.0,100000000000.0,,221
1,planned_restart,thermal_loop,224,controller_tick,22300000,22.3,1,0,22300000,223,22300000,RUNNING,,0,0,62,1,0,reconstructed_from_retained_wire,True,,,317.79114906850884,301.12448374791876,293.149998797329,0.5274980000000011,0.65,111499.99999999981,111499.99018452309,0.00014999991971397566,18825.423634720464,-1.3871158444089815e-08,0.00015,301.124,293.15,317.791,0.0,150000,1,223,22300000,22300000,22300000,0,301124,1,223,22300000,22300000,22300000,0,293150,1,223,22300000,22300000,22300000,0,317791,1,223,22300000,22300000,22300000,0,0,1,223,22300000,22300000,22300000,0,1.0,0.527498,0.65,1.0,0.527498,0.65,1.0,0.527498,0.65,223,22600000,False,1.0,5000.0,300.0,500.0,600000000000.0,100000000000.0,,222
1,planned_restart,thermal_loop,225,controller_tick,22400000,22.4,1,0,22400000,224,22400000,RUNNING,,0,0,62,1,0,reconstructed_from_retained_wire,True,,,317.7911490725448,301.1244837504042,293.14999879724905,0.5274980000000011,0.65,111999.99999999983,111999.99012438748,0.00014999991971397566,18825.423634720464,-1.4199940778780729e-08,0.00015,301.124,293.15,317.791,0.0,150000,1,224,22400000,22400000,22400000,0,301124,1,224,22400000,22400000,22400000,0,293150,1,224,22400000,22400000,22400000,0,317791,1,224,22400000,22400000,22400000,0,0,1,224,22400000,22400000,22400000,0,1.0,0.527498,0.65,1.0,0.527498,0.65,1.0,0.527498,0.65,224,22700000,False,1.0,5000.0,300.0,500.0,600000000000.0,100000000000.0,,223
1,planned_restart,thermal_loop,226,controller_tick,22500000,22.5,1,0,22500000,225,22500000,RUNNING,,0,0,62,1,0,reconstructed_from_retained_wire,True,,,317.79114907657606,301.1244837528761,293.1499987971822,0.5274980000000011,0.65,112499.99999999983,112499.99006424821,0.00014999991971397566,18825.423634720464,-1.3930730347055942e-08,0.00015,301.124,293.15,317.791,0.0,150000,1,225,22500000,22500000,22500000,0,301124,1,225,22500000,22500000,22500000,0,293150,1,225,22500000,22500000,22500000,0,317791,1,225,22500000,22500000,22500000,0,0,1,225,22500000,22500000,22500000,0,1.0,0.527498,0.65,1.0,0.527498,0.65,1.0,0.527498,0.65,225,22800000,False,1.0,5000.0,300.0,500.0,600000000000.0,100000000000.0,,224
1,planned_restart,thermal_loop,227,controller_tick,22600000,22.6,1,0,22600000,226,22600000,RUNNING,,0,0,62,1,0,reconstructed_from_retained_wire,True,,,317.79114908060257,301.12448375533467,293.14999879712826,0.5274980000000011,0.65,112999.99999999983,112999.99000410592,0.00014999991971397566,18825.423634720464,-1.3826820577378385e-08,0.00015,301.124,293.15,317.791,0.0,150000,1,226,22600000,22600000,22600000,0,301124,1,226,22600000,22600000,22600000,0,293150,1,226,22600000,22600000,22600000,0,317791,1,226,22600000,22600000,22600000,0,0,1,226,22600000,22600000,22600000,0,1.0,0.527498,0.65,1.0,0.527498,0.65,1.0,0.527498,0.65,226,22900000,False,1.0,5000.0,300.0,500.0,600000000000.0,100000000000.0,,225
1,planned_restart,thermal_loop,228,controller_tick,22700000,22.7,1,0,22700000,227,22700000,RUNNING,,0,0,62,1,0,reconstructed_from_retained_wire,True,,,317.7911490846244,301.1244837577801,293.14999879708694,0.5274980000000011,0.65,113499.99999999983,113499.98994396125,0.00014999991971397566,18825.423634720464,-1.4234956324798986e-08,0.00015,301.124,293.15,317.791,0.0,150000,1,227,22700000,22700000,22700000,0,301124,1,227,22700000,22700000,22700000,0,293150,1,227,22700000,22700000,22700000,0,317791,1,227,22700000,22700000,22700000,0,0,1,227,22700000,22700000,22700000,0,1.0,0.527498,0.65,1.0,0.527498,0.65,1.0,0.527498,0.65,227,23000000,False,1.0,5000.0,300.0,500.0,600000000000.0,100000000000.0,,226
1,planned_restart,thermal_loop,229,controller_tick,22800000,22.8,1,0,22800000,228,22800000,RUNNING,,0,0,62,1,0,reconstructed_from_retained_wire,True,,,317.79114908864153,301.12448376021274,293.1499987970582,0.5274980000000011,0.65,113999.99999999983,113999.98988381484,0.00014999991971397566,18825.423634720464,-1.343460098723881e-08,0.00015,301.124,293.15,317.791,0.0,150000,1,228,22800000,22800000,22800000,0,301124,1,228,22800000,22800000,22800000,0,293150,1,228,22800000,22800000,22800000,0,317791,1,228,22800000,22800000,22800000,0,0,1,228,22800000,22800000,22800000,0,1.0,0.527498,0.65,1.0,0.527498,0.65,1.0,0.527498,0.65,228,23100000,False,1.0,5000.0,300.0,500.0,600000000000.0,100000000000.0,,227
1,planned_restart,thermal_loop,230,controller_tick,22900000,22.9,1,0,22900000,229,22900000,RUNNING,,0,0,62,1,0,reconstructed_from_retained_wire,True,,,317.7911490926538,301.1244837626327,293.14999879704175,0.5274980000000011,0.65,114499.99999999983,114499.98982366729,0.00014999991971397566,18825.423634720464,-1.3377075447351672e-08,0.00015,301.124,293.15,317.791,0.0,150000,1,229,22900000,22900000,22900000,0,301124,1,229,22900000,22900000,22900000,0,293150,1,229,22900000,22900000,22900000,0,317791,1,229,22900000,22900000,22900000,0,0,1,229,22900000,22900000,22900000,0,1.0,0.527498,0.65,1.0,0.527498,0.65,1.0,0.527498,0.65,229,23200000,False,1.0,5000.0,300.0,500.0,600000000000.0,100000000000.0,,228
1,planned_restart,thermal_loop,231,controller_tick,23000000,23.0,1,0,23000000,230,23000000,RUNNING,,0,0,62,1,0,reconstructed_from_retained_wire,True,,,317.79114909666134,301.1244837650401,293.1499987970374,0.5274980000000011,0.65,114999.99999999984,114999.98976351923,0.00014999991971397566,18825.423634720464,-1.430839802196715e-08,0.00015,301.124,293.15,317.791,0.0,150000,1,230,23000000,23000000,23000000,0,301124,1,230,23000000,23000000,23000000,0,293150,1,230,23000000,23000000,23000000,0,317791,1,230,23000000,23000000,23000000,0,0,1,230,23000000,23000000,23000000,0,1.0,0.527498,0.65,1.0,0.527498,0.65,1.0,0.527498,0.65,230,23300000,False,1.0,5000.0,300.0,500.0,600000000000.0,100000000000.0,,229
1,planned_restart,thermal_loop,232,controller_tick,23100000,23.1,1,0,23100000,231,23100000,RUNNING,,0,0,62,1,0,reconstructed_from_retained_wire,True,,,317.7911491006641,301.1244837674353,293.1499987970451,0.5274980000000011,0.65,115499.99999999984,115499.98970337126,0.00014999991971397566,18825.423634720464,-1.465241439291276e-08,0.00015,301.124,293.15,317.791,0.0,150000,1,231,23100000,23100000,23100000,0,301124,1,231,23100000,23100000,23100000,0,293150,1,231,23100000,23100000,23100000,0,317791,1,231,23100000,23100000,23100000,0,0,1,231,23100000,23100000,23100000,0,1.0,0.527498,0.65,1.0,0.527498,0.65,1.0,0.527498,0.65,231,23400000,False,1.0,5000.0,300.0,500.0,600000000000.0,100000000000.0,,230
1,planned_restart,thermal_loop,233,controller_tick,23200000,23.2,1,0,23200000,232,23200000,RUNNING,,0,0,62,1,0,reconstructed_from_retained_wire,True,,,317.79114910466194,301.12448376981854,293.14999879706465,0.5274980000000011,0.65,115999.99999999984,115999.98964322396,0.00014999991971397566,18825.423634720464,-1.4503257261822e-08,0.00015,301.124,293.15,317.791,0.0,150000,1,232,23200000,23200000,23200000,0,301124,1,232,23200000,23200000,23200000,0,293150,1,232,23200000,23200000,23200000,0,317791,1,232,23200000,23200000,23200000,0,0,1,232,23200000,23200000,23200000,0,1.0,0.527498,0.65,1.0,0.527498,0.65,1.0,0.527498,0.65,232,23500000,False,1.0,5000.0,300.0,500.0,600000000000.0,100000000000.0,,231
1,planned_restart,thermal_loop,234,controller_tick,23300000,23.3,1,0,23300000,233,23300000,RUNNING,,0,0,62,1,0,reconstructed_from_retained_wire,True,,,317.79114910865496,301.12448377218993,293.1499987970958,0.5274980000000011,0.65,116499.99999999984,116499.98958307793,0.00014999991971397566,18825.423634720464,-1.4834313333267346e-08,0.00015,301.124,293.15,317.791,0.0,150000,1,233,23300000,23300000,23300000,0,301124,1,233,23300000,23300000,23300000,0,293150,1,233,23300000,23300000,23300000,0,317791,1,233,23300000,23300000,23300000,0,0,1,233,23300000,23300000,23300000,0,1.0,0.527498,0.65,1.0,0.527498,0.65,1.0,0.527498,0.65,233,23600000,False,1.0,5000.0,300.0,500.0,600000000000.0,100000000000.0,,232
1,planned_restart,thermal_loop,235,controller_tick,23400000,23.4,1,0,23400000,234,23400000,RUNNING,,0,0,62,1,0,reconstructed_from_retained_wire,True,,,317.79114911264315,301.1244837745497,293.1499987971385,0.5274980000000011,0.65,116999.99999999984,116999.98952293374,0.00014999991971397566,18825.423634720464,-1.4350689525599591e-08,0.00015,301.124,293.15,317.791,0.0,150000,1,234,23400000,23400000,23400000,0,301124,1,234,23400000,23400000,23400000,0,293150,1,234,23400000,23400000,23400000,0,317791,1,234,23400000,23400000,23400000,0,0,1,234,23400000,23400000,23400000,0,1.0,0.527498,0.65,1.0,0.527498,0.65,1.0,0.527498,0.65,234,23700000,False,1.0,5000.0,300.0,500.0,600000000000.0,100000000000.0,,233
1,planned_restart,thermal_loop,236,controller_tick,23500000,23.5,1,0,23500000,235,23500000,RUNNING,,0,0,62,1,0,reconstructed_from_retained_wire,True,,,317.7911491166264,301.124483776898,293.14999879719255,0.5274980000000011,0.65,117499.99999999984,117499.98946279197,0.00014999991971397566,18825.423634720464,-1.3859335012966767e-08,0.00015,301.124,293.15,317.791,0.0,150000,1,235,23500000,23500000,23500000,0,301124,1,235,23500000,23500000,23500000,0,293150,1,235,23500000,23500000,23500000,0,317791,1,235,23500000,23500000,23500000,0,0,1,235,23500000,23500000,23500000,0,1.0,0.527498,0.65,1.0,0.527498,0.65,1.0,0.527498,0.65,235,23800000,False,1.0,5000.0,300.0,500.0,600000000000.0,100000000000.0,,234
1,planned_restart,thermal_loop,237,controller_tick,23600000,23.6,1,0,23600000,236,23600000,RUNNING,,0,0,62,1,0,reconstructed_from_retained_wire,True,,,317.79114912060476,301.124483779235,293.14999879725775,0.5274980000000011,0.65,117999.99999999985,117999.98940265318,0.00014999991971397566,18825.423634720464,-1.4139686754788272e-08,0.00015,301.124,293.15,317.791,0.0,150000,1,236,23600000,23600000,23600000,0,301124,1,236,23600000,23600000,23600000,0,293150,1,236,23600000,23600000,23600000,0,317791,1,236,23600000,23600000,23600000,0,0,1,236,23600000,23600000,23600000,0,1.0,0.527498,0.65,1.0,0.527498,0.65,1.0,0.527498,0.65,236,23900000,False,1.0,5000.0,300.0,500.0,600000000000.0,100000000000.0,,235
1,planned_restart,thermal_loop,238,controller_tick,23700000,23.7,1,0,23700000,237,23700000,RUNNING,,0,0,62,1,0,reconstructed_from_retained_wire,True,,,317.79114912457817,301.12448378156097,293.149998797334,0.5274980000000011,0.65,118499.99999999985,118499.98934251795,0.00014999991971397566,18825.423634720464,-1.4213128451956436e-08,0.00015,301.124,293.15,317.791,0.0,150000,1,237,23700000,23700000,23700000,0,301124,1,237,23700000,23700000,23700000,0,293150,1,237,23700000,23700000,23700000,0,317791,1,237,23700000,23700000,23700000,0,0,1,237,23700000,23700000,23700000,0,1.0,0.527498,0.65,1.0,0.527498,0.65,1.0,0.527498,0.65,237,24000000,False,1.0,5000.0,300.0,500.0,600000000000.0,100000000000.0,,236
1,planned_restart,thermal_loop,239,controller_tick,23800000,23.8,1,0,23800000,238,23800000,RUNNING,,0,0,62,1,0,reconstructed_from_retained_wire,True,,,317.79114912854664,301.12448378387614,293.149998797421,0.5274980000000011,0.65,118999.99999999987,118999.9892823868,0.00014999991971397566,18825.423634720464,-1.4520765034831129e-08,0.00015,301.124,293.15,317.791,0.0,150000,1,238,23800000,23800000,23800000,0,301124,1,238,23800000,23800000,23800000,0,293150,1,238,23800000,23800000,23800000,0,317791,1,238,23800000,23800000,23800000,0,0,1,238,23800000,23800000,23800000,0,1.0,0.527498,0.65,1.0,0.527498,0.65,1.0,0.527498,0.65,238,24100000,False,1.0,5000.0,300.0,500.0,600000000000.0,100000000000.0,,237
1,planned_restart,thermal_loop,240,controller_tick,23900000,23.9,1,0,23900000,239,23900000,RUNNING,,0,0,62,1,0,reconstructed_from_retained_wire,True,,,317.7911491325101,301.1244837861806,293.14999879751883,0.5274980000000011,0.65,119499.99999999987,119499.98922226026,0.00014999991971397566,18825.423634720464,-1.4602846931666136e-08,0.00015,301.124,293.15,317.791,0.0,150000,1,239,23900000,23900000,23900000,0,301124,1,239,23900000,23900000,23900000,0,293150,1,239,23900000,23900000,23900000,0,317791,1,239,23900000,23900000,23900000,0,0,1,239,23900000,23900000,23900000,0,1.0,0.527498,0.65,1.0,0.527498,0.65,1.0,0.527498,0.65,239,24200000,False,1.0,5000.0,300.0,500.0,600000000000.0,100000000000.0,,238
1,planned_restart,thermal_loop,241,controller_tick,24000000,24.0,1,0,24000000,240,24000000,RUNNING,,0,0,62,1,0,reconstructed_from_retained_wire,True,,,317.7911491364686,301.1244837884745,293.1499987976272,0.5274980000000011,0.65,119999.99999999987,119999.98916213888,0.00014999991971397566,18825.423634720464,-1.5030309441499412e-08,0.00015,301.124,293.15,317.791,0.0,150000,1,240,24000000,24000000,24000000,0,301124,1,240,24000000,24000000,24000000,0,293150,1,240,24000000,24000000,24000000,0,317791,1,240,24000000,24000000,24000000,0,0,1,240,24000000,24000000,24000000,0,1.0,0.527498,0.65,1.0,0.527498,0.65,1.0,0.527498,0.65,240,24300000,False,1.0,5000.0,300.0,500.0,600000000000.0,100000000000.0,,239
1,planned_restart,thermal_loop,242,controller_tick,24100000,24.1,1,0,24100000,241,24100000,RUNNING,,0,0,62,1,0,reconstructed_from_retained_wire,True,,,317.79114914042214,301.1244837907581,293.149998797746,0.5274980000000011,0.65,120499.99999999987,120499.98910202317,0.00014999991971397566,18825.423634720464,-1.4659690350526944e-08,0.00015,301.124,293.15,317.791,0.0,150000,1,241,24100000,24100000,24100000,0,301124,1,241,24100000,24100000,24100000,0,293150,1,241,24100000,24100000,24100000,0,317791,1,241,24100000,24100000,24100000,0,0,1,241,24100000,24100000,24100000,0,1.0,0.527498,0.65,1.0,0.527498,0.65,1.0,0.527498,0.65,241,24400000,False,1.0,5000.0,300.0,500.0,600000000000.0,100000000000.0,,240
1,planned_restart,thermal_loop,243,controller_tick,24200000,24.2,1,0,24200000,242,24200000,RUNNING,,0,0,62,1,0,reconstructed_from_retained_wire,True,,,317.7911491443706,301.1244837930316,293.149998797875,0.5274980000000011,0.65,120999.99999999987,120999.98904191366,0.00014999991971397566,18825.423634720464,-1.5436398825841025e-08,0.00015,301.124,293.15,317.791,0.0,150000,1,242,24200000,24200000,24200000,0,301124,1,242,24200000,24200000,24200000,0,293150,1,242,24200000,24200000,24200000,0,317791,1,242,24200000,24200000,24200000,0,0,1,242,24200000,24200000,24200000,0,1.0,0.527498,0.65,1.0,0.527498,0.65,1.0,0.527498,0.65,242,24500000,False,1.0,5000.0,300.0,500.0,600000000000.0,100000000000.0,,241
1,planned_restart,thermal_loop,244,controller_tick,24300000,24.3,1,0,24300000,243,24300000,RUNNING,,0,0,62,1,0,reconstructed_from_retained_wire,True,,,317.79114914831405,301.1244837952951,293.14999879801417,0.5274980000000011,0.65,121499.99999999987,121499.98898181086,0.00014999991971397566,18825.423634720464,-1.580747266416438e-08,0.00015,301.124,293.15,317.791,0.0,150000,1,243,24300000,24300000,24300000,0,301124,1,243,24300000,24300000,24300000,0,293150,1,243,24300000,24300000,24300000,0,317791,1,243,24300000,24300000,24300000,0,0,1,243,24300000,24300000,24300000,0,1.0,0.527498,0.65,1.0,0.527498,0.65,1.0,0.527498,0.65,243,24600000,False,1.0,5000.0,300.0,500.0,600000000000.0,100000000000.0,,242
1,planned_restart,thermal_loop,245,controller_tick,24400000,24.4,1,0,24400000,244,24400000,RUNNING,,0,0,62,1,0,reconstructed_from_retained_wire,True,,,317.7911491522525,301.1244837975487,293.1499987981633,0.5274980000000011,0.65,121999.99999999987,121999.98892171527,0.00014999991971397566,18825.423634720464,-1.6228568711085245e-08,0.00015,301.124,293.15,317.791,0.0,150000,1,244,24400000,24400000,24400000,0,301124,1,244,24400000,24400000,24400000,0,293150,1,244,24400000,24400000,24400000,0,317791,1,244,24400000,24400000,24400000,0,0,1,244,24400000,24400000,24400000,0,1.0,0.527498,0.65,1.0,0.527498,0.65,1.0,0.527498,0.65,244,24700000,False,1.0,5000.0,300.0,500.0,600000000000.0,100000000000.0,,243
1,planned_restart,thermal_loop,246,controller_tick,24500000,24.5,1,0,24500000,245,24500000,RUNNING,,0,0,62,1,0,reconstructed_from_retained_wire,True,,,317.7911491561859,301.1244837997927,293.1499987983224,0.5274980000000011,0.65,122499.99999999988,122499.98886162738,0.00014999991971397566,18825.423634720464,-1.582293407409452e-08,0.00015,301.124,293.15,317.791,0.0,150000,1,245,24500000,24500000,24500000,0,301124,1,245,24500000,24500000,24500000,0,293150,1,245,24500000,24500000,24500000,0,317791,1,245,24500000,24500000,24500000,0,0,1,245,24500000,24500000,24500000,0,1.0,0.527498,0.65,1.0,0.527498,0.65,1.0,0.527498,0.65,245,24800000,False,1.0,5000.0,300.0,500.0,600000000000.0,100000000000.0,,244
1,planned_restart,thermal_loop,247,controller_tick,24600000,24.6,1,0,24600000,246,24600000,RUNNING,,0,0,62,1,0,reconstructed_from_retained_wire,True,,,317.7911491601141,301.12448380202716,293.14999879849114,0.5274980000000011,0.65,122999.9999999999,122999.98880154768,0.00014999991971397566,18825.423634720464,-1.6910462363739498e-08,0.00015,301.124,293.15,317.791,0.0,150000,1,246,24600000,24600000,24600000,0,301124,1,246,24600000,24600000,24600000,0,293150,1,246,24600000,24600000,24600000,0,317791,1,246,24600000,24600000,24600000,0,0,1,246,24600000,24600000,24600000,0,1.0,0.527498,0.65,1.0,0.527498,0.65,1.0,0.527498,0.65,246,24900000,False,1.0,5000.0,300.0,500.0,600000000000.0,100000000000.0,,245
1,planned_restart,thermal_loop,248,controller_tick,24700000,24.7,1,0,24700000,247,24700000,RUNNING,,0,0,62,1,0,reconstructed_from_retained_wire,True,,,317.79114916403734,301.1244838042523,293.1499987986695,0.5274980000000011,0.65,123499.9999999999,123499.98874147666,0.00014999991971397566,18825.423634720464,-1.678677108429838e-08,0.00015,301.124,293.15,317.791,0.0,150000,1,247,24700000,24700000,24700000,0,301124,1,247,24700000,24700000,24700000,0,293150,1,247,24700000,24700000,24700000,0,317791,1,247,24700000,24700000,24700000,0,0,1,247,24700000,24700000,24700000,0,1.0,0.527498,0.65,1.0,0.527498,0.65,1.0,0.527498,0.65,247,25000000,False,1.0,5000.0,300.0,500.0,600000000000.0,100000000000.0,,246
1,planned_restart,thermal_loop,249,controller_tick,24800000,24.8,1,0,24800000,248,24800000,RUNNING,,0,0,62,1,0,reconstructed_from_retained_wire,True,,,317.79114916795544,301.12448380646833,293.1499987988574,0.5274980000000011,0.65,123999.9999999999,123999.98868141479,0.00014999991971397566,18825.423634720464,-1.5662408259231597e-08,0.00015,301.124,293.15,317.791,0.0,150000,1,248,24800000,24800000,24800000,0,301124,1,248,24800000,24800000,24800000,0,293150,1,248,24800000,24800000,24800000,0,317791,1,248,24800000,24800000,24800000,0,0,1,248,24800000,24800000,24800000,0,1.0,0.527498,0.65,1.0,0.527498,0.65,1.0,0.527498,0.65,248,25100000,False,1.0,5000.0,300.0,500.0,600000000000.0,100000000000.0,,247
1,planned_restart,thermal_loop,250,controller_tick,24900000,24.9,1,0,24900000,249,24900000,RUNNING,,0,0,62,1,0,reconstructed_from_retained_wire,True,,,317.7911491718684,301.1244838086753,293.1499987990546,0.5274980000000011,0.65,124499.9999999999,124499.98862136256,0.00014999991971397566,18825.423634720464,-1.5195610103546642e-08,0.00015,301.124,293.15,317.791,0.0,150000,1,249,24900000,24900000,24900000,0,301124,1,249,24900000,24900000,24900000,0,293150,1,249,24900000,24900000,24900000,0,317791,1,249,24900000,24900000,24900000,0,0,1,249,24900000,24900000,24900000,0,1.0,0.527498,0.65,1.0,0.527498,0.65,1.0,0.527498,0.65,249,25200000,False,1.0,5000.0,300.0,500.0,600000000000.0,100000000000.0,,248
1,planned_restart,thermal_loop,251,controller_tick,25000000,25.0,1,0,25000000,250,25000000,RUNNING,,0,0,62,1,0,reconstructed_from_retained_wire,True,,,317.7911491757763,301.12448381087336,293.14999879926097,0.5274980000000011,0.65,124999.9999999999,124999.98856132042,0.00014999991971397566,18825.423634720464,-1.444550434825942e-08,0.00015,301.124,293.15,317.791,0.0,150000,1,250,25000000,25000000,25000000,0,301124,1,250,25000000,25000000,25000000,0,293150,1,250,25000000,25000000,25000000,0,317791,1,250,25000000,25000000,25000000,0,0,1,250,25000000,25000000,25000000,0,1.0,0.527498,0.65,1.0,0.527498,0.65,1.0,0.527498,0.65,250,25300000,False,1.0,5000.0,300.0,500.0,600000000000.0,100000000000.0,,249
1,planned_restart,thermal_loop,252,controller_tick,25100000,25.1,1,0,25100000,251,25100000,RUNNING,,0,0,62,1,0,reconstructed_from_retained_wire,True,,,317.79114917967905,301.12448381306274,293.14999879947635,0.5274980000000011,0.65,125499.99999999991,125499.98850128883,0.00014999991971397566,18825.423634720464,-1.4415718396776356e-08,0.00015,301.124,293.15,317.791,0.0,150000,1,251,25100000,25100000,25100000,0,301124,1,251,25100000,25100000,25100000,0,293150,1,251,25100000,25100000,25100000,0,317791,1,251,25100000,25100000,25100000,0,0,1,251,25100000,25100000,25100000,0,1.0,0.527498,0.65,1.0,0.527498,0.65,1.0,0.527498,0.65,251,25400000,False,1.0,5000.0,300.0,500.0,600000000000.0,100000000000.0,,250
1,planned_restart,thermal_loop,253,controller_tick,25200000,25.2,1,0,25200000,252,25200000,RUNNING,,0,0,62,1,0,reconstructed_from_retained_wire,True,,,317.79114918357664,301.1244838152435,293.14999879970077,0.5274980000000011,0.65,125999.99999999993,125999.98844126823,0.00014999991971397566,18825.423634720464,-1.4006445780978538e-08,0.00015,301.124,293.15,317.791,0.0,150000,1,252,25200000,25200000,25200000,0,301124,1,252,25200000,25200000,25200000,0,293150,1,252,25200000,25200000,25200000,0,317791,1,252,25200000,25200000,25200000,0,0,1,252,25200000,25200000,25200000,0,1.0,0.527498,0.65,1.0,0.527498,0.65,1.0,0.527498,0.65,252,25500000,False,1.0,5000.0,300.0,500.0,600000000000.0,100000000000.0,,251
1,planned_restart,thermal_loop,254,controller_tick,25300000,25.3,1,0,25300000,253,25300000,RUNNING,,0,0,62,1,0,reconstructed_from_retained_wire,True,,,317.79114918746905,301.12448381741575,293.14999879993394,0.5274980000000011,0.65,126499.99999999994,126499.98838125907,0.00014999991971397566,18825.423634720464,-1.4919578461558558e-08,0.00015,301.124,293.15,317.791,0.0,150000,1,253,25300000,25300000,25300000,0,301124,1,253,25300000,25300000,25300000,0,293150,1,253,25300000,25300000,25300000,0,317791,1,253,25300000,25300000,25300000,0,0,1,253,25300000,25300000,25300000,0,1.0,0.527498,0.65,1.0,0.527498,0.65,1.0,0.527498,0.65,253,25600000,False,1.0,5000.0,300.0,500.0,600000000000.0,100000000000.0,,252
1,planned_restart,thermal_loop,255,controller_tick,25400000,25.4,1,0,25400000,254,25400000,RUNNING,,0,0,62,1,0,reconstructed_from_retained_wire,True,,,317.7911491913563,301.1244838195797,293.14999880017587,0.5274980000000011,0.65,126999.99999999996,126999.98832126179,0.00014999991971397566,18825.423634720464,-1.5292926036636345e-08,0.00015,301.124,293.15,317.791,0.0,150000,1,254,25400000,25400000,25400000,0,301124,1,254,25400000,25400000,25400000,0,293150,1,254,25400000,25400000,25400000,0,317791,1,254,25400000,25400000,25400000,0,0,1,254,25400000,25400000,25400000,0,1.0,0.527498,0.65,1.0,0.527498,0.65,1.0,0.527498,0.65,254,25700000,False,1.0,5000.0,300.0,500.0,600000000000.0,100000000000.0,,253
1,planned_restart,thermal_loop,256,controller_tick,25500000,25.5,1,0,25500000,255,25500000,RUNNING,,0,0,62,1,0,reconstructed_from_retained_wire,True,,,317.79114919523835,301.12448382173557,293.1499988004263,0.5274980000000011,0.65,127499.99999999996,127499.98826127681,0.00014999991971397566,18825.423634720464,-1.6101012079161592e-08,0.00015,301.124,293.15,317.791,0.0,150000,1,255,25500000,25500000,25500000,0,301124,1,255,25500000,25500000,25500000,0,293150,1,255,25500000,25500000,25500000,0,317791,1,255,25500000,25500000,25500000,0,0,1,255,25500000,25500000,25500000,0,1.0,0.527498,0.65,1.0,0.527498,0.65,1.0,0.527498,0.65,255,25800000,False,1.0,5000.0,300.0,500.0,600000000000.0,100000000000.0,,254
1,planned_restart,thermal_loop,257,controller_tick,25600000,25.6,1,0,25600000,256,25600000,RUNNING,,0,0,62,1,0,reconstructed_from_retained_wire,True,,,317.79114919911524,301.1244838238834,293.1499988006853,0.5274980000000011,0.65,127999.99999999996,127999.98820130457,0.00014999991971397566,18825.423634720464,-1.5985960999387316e-08,0.00015,301.124,293.15,317.791,0.0,150000,1,256,25600000,25600000,25600000,0,301124,1,256,25600000,25600000,25600000,0,293150,1,256,25600000,25600000,25600000,0,317791,1,256,25600000,25600000,25600000,0,0,1,256,25600000,25600000,25600000,0,1.0,0.527498,0.65,1.0,0.527498,0.65,1.0,0.527498,0.65,256,25900000,False,1.0,5000.0,300.0,500.0,600000000000.0,100000000000.0,,255
1,planned_restart,thermal_loop,258,controller_tick,25700000,25.7,1,0,25700000,257,25700000,RUNNING,,0,0,62,1,0,reconstructed_from_retained_wire,True,,,317.79114920298696,301.1244838260234,293.14999880095263,0.5274980000000011,0.65,128499.99999999996,128499.98814134549,0.00014999991971397566,18825.423634720464,-1.5238583728205413e-08,0.00015,301.124,293.15,317.791,0.0,150000,1,257,25700000,25700000,25700000,0,301124,1,257,25700000,25700000,25700000,0,293150,1,257,25700000,25700000,25700000,0,317791,1,257,25700000,25700000,25700000,0,0,1,257,25700000,25700000,25700000,0,1.0,0.527498,0.65,1.0,0.527498,0.65,1.0,0.527498,0.65,257,26000000,False,1.0,5000.0,300.0,500.0,600000000000.0,100000000000.0,,256
1,planned_restart,thermal_loop,259,controller_tick,25800000,25.8,1,0,25800000,258,25800000,RUNNING,,0,0,62,1,0,reconstructed_from_retained_wire,True,,,317.79114920685345,301.1244838281555,293.1499988012282,0.5274980000000011,0.65,128999.99999999996,128999.98808139998,0.00014999991971397566,18825.423634720464,-1.5430941857630387e-08,0.00015,301.124,293.15,317.791,0.0,150000,1,258,25800000,25800000,25800000,0,301124,1,258,25800000,25800000,25800000,0,293150,1,258,25800000,25800000,25800000,0,317791,1,258,25800000,25800000,25800000,0,0,1,258,25800000,25800000,25800000,0,1.0,0.527498,0.65,1.0,0.527498,0.65,1.0,0.527498,0.65,258,26100000,False,1.0,5000.0,300.0,500.0,600000000000.0,100000000000.0,,257
1,planned_restart,thermal_loop,260,controller_tick,25900000,25.9,1,0,25900000,259,25900000,RUNNING,,0,0,62,1,0,reconstructed_from_retained_wire,True,,,317.79114921071476,301.12448383028004,293.1499988015119,0.5274980000000011,0.65,129499.99999999996,129499.98802146845,0.00014999991971397566,18825.423634720464,-1.5111936590983532e-08,0.00015,301.124,293.15,317.791,0.0,150000,1,259,25900000,25900000,25900000,0,301124,1,259,25900000,25900000,25900000,0,293150,1,259,25900000,25900000,25900000,0,317791,1,259,25900000,25900000,25900000,0,0,1,259,25900000,25900000,25900000,0,1.0,0.527498,0.65,1.0,0.527498,0.65,1.0,0.527498,0.65,259,26200000,False,1.0,5000.0,300.0,500.0,600000000000.0,100000000000.0,,258
1,planned_restart,thermal_loop,261,controller_tick,26000000,26.0,1,0,26000000,260,26000000,RUNNING,,0,0,62,1,0,reconstructed_from_retained_wire,True,,,317.79114921457085,301.124483832397,293.14999880180363,0.5274980000000011,0.65,129999.99999999996,129999.98796155132,0.00014999991971397566,18825.423634720464,-1.5392970453831367e-08,0.00015,301.124,293.15,317.791,0.0,150000,1,260,26000000,26000000,26000000,0,301124,1,260,26000000,26000000,26000000,0,293150,1,260,26000000,26000000,26000000,0,317791,1,260,26000000,26000000,26000000,0,0,1,260,26000000,26000000,26000000,0,1.0,0.527498,0.65,1.0,0.527498,0.65,1.0,0.527498,0.65,260,26300000,False,1.0,5000.0,300.0,500.0,600000000000.0,100000000000.0,,259
1,planned_restart,thermal_loop,262,controller_tick,26100000,26.1,1,0,26100000,261,26100000,RUNNING,,0,0,62,1,0,reconstructed_from_retained_wire,True,,,317.7911492184217,301.1244838345066,293.14999880210326,0.5274980000000011,0.65,130499.99999999996,130499.98790164897,0.00014999991971397566,18825.423634720464,-1.5881141735007986e-08,0.00015,301.124,293.15,317.791,0.0,150000,1,261,26100000,26100000,26100000,0,301124,1,261,26100000,26100000,26100000,0,293150,1,261,26100000,26100000,26100000,0,317791,1,261,26100000,26100000,26100000,0,0,1,261,26100000,26100000,26100000,0,1.0,0.527498,0.65,1.0,0.527498,0.65,1.0,0.527498,0.65,261,26400000,False,1.0,5000.0,300.0,500.0,600000000000.0,100000000000.0,,260
1,planned_restart,thermal_loop,263,controller_tick,26200000,26.2,1,0,26200000,262,26200000,RUNNING,,0,0,62,1,0,reconstructed_from_retained_wire,True,,,317.79114922226734,301.124483836609,293.14999880241066,0.5274980000000011,0.65,130999.99999999997,130999.9878417618,0.00014999991971397566,18825.423634720464,-1.5722889656899497e-08,0.00015,301.124,293.15,317.791,0.0,150000,1,262,26200000,26200000,26200000,0,301124,1,262,26200000,26200000,26200000,0,293150,1,262,26200000,26200000,26200000,0,317791,1,262,26200000,26200000,26200000,0,0,1,262,26200000,26200000,26200000,0,1.0,0.527498,0.65,1.0,0.527498,0.65,1.0,0.527498,0.65,262,26500000,False,1.0,5000.0,300.0,500.0,600000000000.0,100000000000.0,,261
1,planned_restart,thermal_loop,264,controller_tick,26300000,26.3,1,0,26300000,263,26300000,RUNNING,,0,0,62,1,0,reconstructed_from_retained_wire,True,,,317.79114922610773,301.12448383870424,293.1499988027258,0.5274980000000011,0.65,131499.99999999997,131499.98778189017,0.00014999991971397566,18825.423634720464,-1.5238128980854526e-08,0.00015,301.124,293.15,317.791,0.0,150000,1,263,26300000,26300000,26300000,0,301124,1,263,26300000,26300000,26300000,0,293150,1,263,26300000,26300000,26300000,0,317791,1,263,26300000,26300000,26300000,0,0,1,263,26300000,26300000,26300000,0,1.0,0.527498,0.65,1.0,0.527498,0.65,1.0,0.527498,0.65,263,26600000,False,1.0,5000.0,300.0,500.0,600000000000.0,100000000000.0,,262
1,planned_restart,thermal_loop,265,controller_tick,26400000,26.4,1,0,26400000,264,26400000,RUNNING,,0,0,62,1,0,reconstructed_from_retained_wire,True,,,317.7911492299429,301.12448384079244,293.14999880304856,0.5274980000000011,0.65,131999.99999999997,131999.9877220345,0.00014999991971397566,18825.423634720464,-1.4494617062155157e-08,0.00015,301.124,293.15,317.791,0.0,150000,1,264,26400000,26400000,26400000,0,301124,1,264,26400000,26400000,26400000,0,293150,1,264,26400000,26400000,26400000,0,317791,1,264,26400000,26400000,26400000,0,0,1,264,26400000,26400000,26400000,0,1.0,0.527498,0.65,1.0,0.527498,0.65,1.0,0.527498,0.65,264,26700000,False,1.0,5000.0,300.0,500.0,600000000000.0,100000000000.0,,263
1,planned_restart,thermal_loop,266,controller_tick,26500000,26.5,1,0,26500000,265,26500000,RUNNING,,0,0,62,1,0,reconstructed_from_retained_wire,True,,,317.79114923377284,301.1244838428737,293.14999880337876,0.5274980000000011,0.65,132499.99999999997,132499.98766219517,0.00014999991971397566,18825.423634720464,-1.4316583474283107e-08,0.00015,301.124,293.15,317.791,0.0,150000,1,265,26500000,26500000,26500000,0,301124,1,265,26500000,26500000,26500000,0,293150,1,265,26500000,26500000,26500000,0,317791,1,265,26500000,26500000,26500000,0,0,1,265,26500000,26500000,26500000,0,1.0,0.527498,0.65,1.0,0.527498,0.65,1.0,0.527498,0.65,265,26800000,False,1.0,5000.0,300.0,500.0,600000000000.0,100000000000.0,,264
1,planned_restart,thermal_loop,267,controller_tick,26600000,26.6,1,0,26600000,266,26600000,RUNNING,,0,0,62,1,0,reconstructed_from_retained_wire,True,,,317.7911492375975,301.12448384494814,293.14999880371636,0.5274980000000011,0.65,133000.0,132999.9876023725,0.00014999991971397566,18825.423634720464,-1.4714714779984206e-08,0.00015,301.124,293.15,317.791,0.0,150000,1,266,26600000,26600000,26600000,0,301124,1,266,26600000,26600000,26600000,0,293150,1,266,26600000,26600000,26600000,0,317791,1,266,26600000,26600000,26600000,0,0,1,266,26600000,26600000,26600000,0,1.0,0.527498,0.65,1.0,0.527498,0.65,1.0,0.527498,0.65,266,26900000,False,1.0,5000.0,300.0,500.0,600000000000.0,100000000000.0,,265
1,planned_restart,thermal_loop,268,controller_tick,26700000,26.7,1,0,26700000,267,26700000,RUNNING,,0,0,62,1,0,reconstructed_from_retained_wire,True,,,317.791149241417,301.12448384701594,293.1499988040613,0.5274980000000011,0.65,133500.0,133499.98754256693,0.00014999991971397566,18825.423634720464,-1.3373664842220023e-08,0.00015,301.124,293.15,317.791,0.0,150000,1,267,26700000,26700000,26700000,0,301124,1,267,26700000,26700000,26700000,0,293150,1,267,26700000,26700000,26700000,0,317791,1,267,26700000,26700000,26700000,0,0,1,267,26700000,26700000,26700000,0,1.0,0.527498,0.65,1.0,0.527498,0.65,1.0,0.527498,0.65,267,27000000,False,1.0,5000.0,300.0,500.0,600000000000.0,100000000000.0,,266
1,planned_restart,thermal_loop,269,controller_tick,26800000,26.8,1,0,26800000,268,26800000,RUNNING,,0,0,62,1,0,reconstructed_from_retained_wire,True,,,317.7911492452311,301.12448384907714,293.14999880441337,0.5274980000000011,0.65,134000.0,133999.98748277876,0.00014999991971397566,18825.423634720464,-1.3370936358114704e-08,0.00015,301.124,293.15,317.791,0.0,150000,1,268,26800000,26800000,26800000,0,301124,1,268,26800000,26800000,26800000,0,293150,1,268,26800000,26800000,26800000,0,317791,1,268,26800000,26800000,26800000,0,0,1,268,26800000,26800000,26800000,0,1.0,0.527498,0.65,1.0,0.527498,0.65,1.0,0.527498,0.65,268,27100000,False,1.0,5000.0,300.0,500.0,600000000000.0,100000000000.0,,267
1,planned_restart,thermal_loop,270,controller_tick,26900000,26.9,1,0,26900000,269,26900000,RUNNING,,0,0,62,1,0,reconstructed_from_retained_wire,True,,,317.79114924904,301.12448385113186,293.1499988047725,0.5274980000000011,0.65,134500.0,134499.98742300837,0.00014999991971397566,18825.423634720464,-1.3666522136190906e-08,0.00015,301.124,293.15,317.791,0.0,150000,1,269,26900000,26900000,26900000,0,301124,1,269,26900000,26900000,26900000,0,293150,1,269,26900000,26900000,26900000,0,317791,1,269,26900000,26900000,26900000,0,0,1,269,26900000,26900000,26900000,0,1.0,0.527498,0.65,1.0,0.527498,0.65,1.0,0.527498,0.65,269,27200000,False,1.0,5000.0,300.0,500.0,600000000000.0,100000000000.0,,268
1,planned_restart,thermal_loop,271,controller_tick,27000000,27.0,1,0,27000000,270,27000000,RUNNING,,0,0,62,1,0,reconstructed_from_retained_wire,True,,,317.7911492528437,301.1244838531802,293.1499988051387,0.5274980000000011,0.65,135000.0,134999.98736325614,0.00014999991971397566,18825.423634720464,-1.293165041715838e-08,0.00015,301.124,293.15,317.791,0.0,150000,1,270,27000000,27000000,27000000,0,301124,1,270,27000000,27000000,27000000,0,293150,1,270,27000000,27000000,27000000,0,317791,1,270,27000000,27000000,27000000,0,0,1,270,27000000,27000000,27000000,0,1.0,0.527498,0.65,1.0,0.527498,0.65,1.0,0.527498,0.65,270,27300000,False,1.0,5000.0,300.0,500.0,600000000000.0,100000000000.0,,269
1,planned_restart,thermal_loop,272,controller_tick,27100000,27.1,1,0,27100000,271,27100000,RUNNING,,0,0,62,1,0,reconstructed_from_retained_wire,True,,,317.7911492566421,301.1244838552223,293.14999880551176,0.5274980000000011,0.65,135500.0,135499.98730352236,0.00014999991971397566,18825.423634720464,-1.2631744539248757e-08,0.00015,301.124,293.15,317.791,0.0,150000,1,271,27100000,27100000,27100000,0,301124,1,271,27100000,27100000,27100000,0,293150,1,271,27100000,27100000,27100000,0,317791,1,271,27100000,27100000,27100000,0,0,1,271,27100000,27100000,27100000,0,1.0,0.527498,0.65,1.0,0.527498,0.65,1.0,0.527498,0.65,271,27400000,False,1.0,5000.0,300.0,500.0,600000000000.0,100000000000.0,,270
1,planned_restart,thermal_loop,273,controller_tick,27200000,27.2,1,0,27200000,272,27200000,RUNNING,,0,0,62,1,0,reconstructed_from_retained_wire,True,,,317.7911492604352,301.12448385725827,293.1499988058916,0.5274980000000011,0.65,136000.0,135999.98724380744,0.00014999991971397566,18825.423634720464,-1.283456185774412e-08,0.00015,301.124,293.15,317.791,0.0,150000,1,272,27200000,27200000,27200000,0,301124,1,272,27200000,27200000,27200000,0,293150,1,272,27200000,27200000,27200000,0,317791,1,272,27200000,27200000,27200000,0,0,1,272,27200000,27200000,27200000,0,1.0,0.527498,0.65,1.0,0.527498,0.65,1.0,0.527498,0.65,272,27500000,False,1.0,5000.0,300.0,500.0,600000000000.0,100000000000.0,,271
1,planned_restart,thermal_loop,274,controller_tick,27300000,27.3,1,0,27300000,273,27300000,RUNNING,,0,0,62,1,0,reconstructed_from_retained_wire,True,,,317.79114926422307,301.12448385928815,293.1499988062781,0.5274980000000011,0.65,136500.0,136499.98718411167,0.00014999991971397566,18825.423634720464,-1.291823537030723e-08,0.00015,301.124,293.15,317.791,0.0,150000,1,273,27300000,27300000,27300000,0,301124,1,273,27300000,27300000,27300000,0,293150,1,273,27300000,27300000,27300000,0,317791,1,273,27300000,27300000,27300000,0,0,1,273,27300000,27300000,27300000,0,1.0,0.527498,0.65,1.0,0.527498,0.65,1.0,0.527498,0.65,273,27600000,False,1.0,5000.0,300.0,500.0,600000000000.0,100000000000.0,,272
1,planned_restart,thermal_loop,275,controller_tick,27400000,27.4,1,0,27400000,274,27400000,RUNNING,,0,0,62,1,0,reconstructed_from_retained_wire,True,,,317.7911492680056,301.12448386131206,293.14999880667136,0.5274980000000011,0.65,137000.0,136999.98712443537,0.00014999991971397566,18825.423634720464,-1.2749069355777465e-08,0.00015,301.124,293.15,317.791,0.0,150000,1,274,27400000,27400000,27400000,0,301124,1,274,27400000,27400000,27400000,0,293150,1,274,27400000,27400000,27400000,0,317791,1,274,27400000,27400000,27400000,0,0,1,274,27400000,27400000,27400000,0,1.0,0.527498,0.65,1.0,0.527498,0.65,1.0,0.527498,0.65,274,27700000,False,1.0,5000.0,300.0,500.0,600000000000.0,100000000000.0,,273
1,planned_restart,thermal_loop,276,controller_tick,27500000,27.5,1,0,27500000,275,27500000,RUNNING,,0,0,62,1,0,reconstructed_from_retained_wire,True,,,317.7911492717829,301.1244838633301,293.14999880707114,0.5274980000000011,0.65,137500.0,137499.98706477892,0.00014999991971397566,18825.423634720464,-1.1999873095192015e-08,0.00015,301.124,293.15,317.791,0.0,150000,1,275,27500000,27500000,27500000,0,301124,1,275,27500000,27500000,27500000,0,293150,1,275,27500000,27500000,27500000,0,317791,1,275,27500000,27500000,27500000,0,0,1,275,27500000,27500000,27500000,0,1.0,0.527498,0.65,1.0,0.527498,0.65,1.0,0.527498,0.65,275,27800000,False,1.0,5000.0,300.0,500.0,600000000000.0,100000000000.0,,274
1,planned_restart,thermal_loop,277,controller_tick,27600000,27.6,1,0,27600000,276,27600000,RUNNING,,0,0,62,1,0,reconstructed_from_retained_wire,True,,,317.79114927555486,301.12448386534237,293.14999880747735,0.5274980000000011,0.65,138000.0,137999.9870051426,0.00014999991971397566,18825.423634720464,-1.2466898624552414e-08,0.00015,301.124,293.15,317.791,0.0,150000,1,276,27600000,27600000,27600000,0,301124,1,276,27600000,27600000,27600000,0,293150,1,276,27600000,27600000,27600000,0,317791,1,276,27600000,27600000,27600000,0,0,1,276,27600000,27600000,27600000,0,1.0,0.527498,0.65,1.0,0.527498,0.65,1.0,0.527498,0.65,276,27900000,False,1.0,5000.0,300.0,500.0,600000000000.0,100000000000.0,,275
1,planned_restart,thermal_loop,278,controller_tick,27700000,27.7,1,0,27700000,277,27700000,RUNNING,,0,0,62,1,0,reconstructed_from_retained_wire,True,,,317.7911492793216,301.12448386734894,293.1499988078899,0.5274980000000011,0.65,138500.0,138499.9869455268,0.00014999991971397566,18825.423634720464,-1.2426426110323519e-08,0.00015,301.124,293.15,317.791,0.0,150000,1,277,27700000,27700000,27700000,0,301124,1,277,27700000,27700000,27700000,0,293150,1,277,27700000,27700000,27700000,0,317791,1,277,27700000,27700000,27700000,0,0,1,277,27700000,27700000,27700000,0,1.0,0.527498,0.65,1.0,0.527498,0.65,1.0,0.527498,0.65,277,28000000,False,1.0,5000.0,300.0,500.0,600000000000.0,100000000000.0,,276
1,planned_restart,thermal_loop,279,controller_tick,27800000,27.8,1,0,27800000,278,27800000,RUNNING,,0,0,62,1,0,reconstructed_from_retained_wire,True,,,317.79114928308303,301.1244838693499,293.1499988083088,0.5274980000000011,0.65,139000.0,138999.98688593175,0.00014999991971397566,18825.423634720464,-1.239345692738425e-08,0.00015,301.124,293.15,317.791,0.0,150000,1,278,27800000,27800000,27800000,0,301124,1,278,27800000,27800000,27800000,0,293150,1,278,27800000,27800000,27800000,0,317791,1,278,27800000,27800000,27800000,0,0,1,278,27800000,27800000,27800000,0,1.0,0.527498,0.65,1.0,0.527498,0.65,1.0,0.527498,0.65,278,28100000,False,1.0,5000.0,300.0,500.0,600000000000.0,100000000000.0,,277
1,planned_restart,thermal_loop,280,controller_tick,27900000,27.9,1,0,27900000,279,27900000,RUNNING,,0,0,62,1,0,reconstructed_from_retained_wire,True,,,317.7911492868392,301.1244838713453,293.1499988087338,0.5274980000000011,0.65,139500.0,139499.98682635778,0.00014999991971397566,18825.423634720464,-1.3264980225358158e-08,0.00015,301.124,293.15,317.791,0.0,150000,1,279,27900000,27900000,27900000,0,301124,1,279,27900000,27900000,27900000,0,293150,1,279,27900000,27900000,27900000,0,317791,1,279,27900000,27900000,27900000,0,0,1,279,27900000,27900000,27900000,0,1.0,0.527498,0.65,1.0,0.527498,0.65,1.0,0.527498,0.65,279,28200000,False,1.0,5000.0,300.0,500.0,600000000000.0,100000000000.0,,278
1,planned_restart,thermal_loop,281,controller_tick,28000000,28.0,1,0,28000000,280,28000000,RUNNING,,0,0,62,1,0,reconstructed_from_retained_wire,True,,,317.79114929059,301.12448387333535,293.149998809165,0.5274980000000011,0.65,140000.0,139999.98676680523,0.00014999991971397566,18825.423634720464,-1.3596945791505277e-08,0.00015,301.124,293.15,317.791,0.0,150000,1,280,28000000,28000000,28000000,0,301124,1,280,28000000,28000000,28000000,0,293150,1,280,28000000,28000000,28000000,0,317791,1,280,28000000,28000000,28000000,0,0,1,280,28000000,28000000,28000000,0,1.0,0.527498,0.65,1.0,0.527498,0.65,1.0,0.527498,0.65,280,28300000,False,1.0,5000.0,300.0,500.0,600000000000.0,100000000000.0,,279
1,planned_restart,thermal_loop,282,controller_tick,28100000,28.1,1,0,28100000,281,28100000,RUNNING,,0,0,62,1,0,reconstructed_from_retained_wire,True,,,317.7911492943356,301.12448387532004,293.1499988096022,0.5274980000000011,0.65,140500.00000000003,140499.9867072744,0.00014999991971397566,18825.423634720464,-1.4366605682880618e-08,0.00015,301.124,293.15,317.791,0.0,150000,1,281,28100000,28100000,28100000,0,301124,1,281,28100000,28100000,28100000,0,293150,1,281,28100000,28100000,28100000,0,317791,1,281,28100000,28100000,28100000,0,0,1,281,28100000,28100000,28100000,0,1.0,0.527498,0.65,1.0,0.527498,0.65,1.0,0.527498,0.65,281,28400000,False,1.0,5000.0,300.0,500.0,600000000000.0,100000000000.0,,280
1,planned_restart,thermal_loop,283,controller_tick,28200000,28.2,1,0,28200000,282,28200000,RUNNING,,0,0,62,1,0,reconstructed_from_retained_wire,True,,,317.7911492980759,301.12448387729955,293.14999881004536,0.5274980000000011,0.65,141000.00000000003,140999.9866477656,0.00014999991971397566,18825.423634720464,-1.4338411347125657e-08,0.00015,301.124,293.15,317.791,0.0,150000,1,282,28200000,28200000,28200000,0,301124,1,282,28200000,28200000,28200000,0,293150,1,282,28200000,28200000,28200000,0,317791,1,282,28200000,28200000,28200000,0,0,1,282,28200000,28200000,28200000,0,1.0,0.527498,0.65,1.0,0.527498,0.65,1.0,0.527498,0.65,282,28500000,False,1.0,5000.0,300.0,500.0,600000000000.0,100000000000.0,,281
1,planned_restart,thermal_loop,284,controller_tick,28300000,28.3,1,0,28300000,283,28300000,RUNNING,,0,0,62,1,0,reconstructed_from_retained_wire,True,,,317.7911493018109,301.1244838792739,293.1499988104944,0.5274980000000011,0.65,141500.00000000003,141499.98658827908,0.00014999991971397566,18825.423634720464,-1.3992348613101058e-08,0.00015,301.124,293.15,317.791,0.0,150000,1,283,28300000,28300000,28300000,0,301124,1,283,28300000,28300000,28300000,0,293150,1,283,28300000,28300000,28300000,0,317791,1,283,28300000,28300000,28300000,0,0,1,283,28300000,28300000,28300000,0,1.0,0.527498,0.65,1.0,0.527498,0.65,1.0,0.527498,0.65,283,28600000,False,1.0,5000.0,300.0,500.0,600000000000.0,100000000000.0,,282
1,planned_restart,thermal_loop,285,controller_tick,28400000,28.4,1,0,28400000,284,28400000,RUNNING,,0,0,62,1,0,reconstructed_from_retained_wire,True,,,317.79114930554067,301.1244838812431,293.1499988109493,0.5274980000000011,0.65,142000.00000000003,141999.98652881518,0.00014999991971397566,18825.423634720464,-1.339026312052738e-08,0.00015,301.124,293.15,317.791,0.0,150000,1,284,28400000,28400000,28400000,0,301124,1,284,28400000,28400000,28400000,0,293150,1,284,28400000,28400000,28400000,0,317791,1,284,28400000,28400000,28400000,0,0,1,284,28400000,28400000,28400000,0,1.0,0.527498,0.65,1.0,0.527498,0.65,1.0,0.527498,0.65,284,28700000,False,1.0,5000.0,300.0,500.0,600000000000.0,100000000000.0,,283
1,planned_restart,thermal_loop,286,controller_tick,28500000,28.5,1,0,28500000,285,28500000,RUNNING,,0,0,62,1,0,reconstructed_from_retained_wire,True,,,317.7911493092651,301.12448388320735,293.14999881140983,0.5274980000000011,0.65,142500.00000000006,142499.98646937415,0.00014999991971397566,18825.423634720464,-1.3911403584643267e-08,0.00015,301.124,293.15,317.791,0.0,150000,1,285,28500000,28500000,28500000,0,301124,1,285,28500000,28500000,28500000,0,293150,1,285,28500000,28500000,28500000,0,317791,1,285,28500000,28500000,28500000,0,0,1,285,28500000,28500000,28500000,0,1.0,0.527498,0.65,1.0,0.527498,0.65,1.0,0.527498,0.65,285,28800000,False,1.0,5000.0,300.0,500.0,600000000000.0,100000000000.0,,284
1,planned_restart,thermal_loop,287,controller_tick,28600000,28.6,1,0,28600000,286,28600000,RUNNING,,0,0,62,1,0,reconstructed_from_retained_wire,True,,,317.7911493129843,301.1244838851667,293.149998811876,0.5274980000000011,0.65,143000.00000000006,142999.98640995627,0.00014999991971397566,18825.423634720464,-1.3861154002370313e-08,0.00015,301.124,293.15,317.791,0.0,150000,1,286,28600000,28600000,28600000,0,301124,1,286,28600000,28600000,28600000,0,293150,1,286,28600000,28600000,28600000,0,317791,1,286,28600000,28600000,28600000,0,0,1,286,28600000,28600000,28600000,0,1.0,0.527498,0.65,1.0,0.527498,0.65,1.0,0.527498,0.65,286,28900000,False,1.0,5000.0,300.0,500.0,600000000000.0,100000000000.0,,285
1,planned_restart,thermal_loop,288,controller_tick,28700000,28.7,1,0,28700000,287,28700000,RUNNING,,0,0,62,1,0,reconstructed_from_retained_wire,True,,,317.7911493166982,301.12448388712113,293.1499988123478,0.5274980000000011,0.65,143500.00000000006,143499.98635056187,0.00014999991971397566,18825.423634720464,-1.4056240615900606e-08,0.00015,301.124,293.15,317.791,0.0,150000,1,287,28700000,28700000,28700000,0,301124,1,287,28700000,28700000,28700000,0,293150,1,287,28700000,28700000,28700000,0,317791,1,287,28700000,28700000,28700000,0,0,1,287,28700000,28700000,28700000,0,1.0,0.527498,0.65,1.0,0.527498,0.65,1.0,0.527498,0.65,287,29000000,False,1.0,5000.0,300.0,500.0,600000000000.0,100000000000.0,,286
1,planned_restart,thermal_loop,289,controller_tick,28800000,28.8,1,0,28800000,288,28800000,RUNNING,,0,0,62,1,0,reconstructed_from_retained_wire,True,,,317.7911493204068,301.1244838890708,293.14999881282506,0.5274980000000011,0.65,144000.00000000006,143999.9862911912,0.00014999991971397566,18825.423634720464,-1.4314991858555004e-08,0.00015,301.124,293.15,317.791,0.0,150000,1,288,28800000,28800000,28800000,0,301124,1,288,28800000,28800000,28800000,0,293150,1,288,28800000,28800000,28800000,0,317791,1,288,28800000,28800000,28800000,0,0,1,288,28800000,28800000,28800000,0,1.0,0.527498,0.65,1.0,0.527498,0.65,1.0,0.527498,0.65,288,29100000,False,1.0,5000.0,300.0,500.0,600000000000.0,100000000000.0,,287
1,planned_restart,thermal_loop,290,controller_tick,28900000,28.9,1,0,28900000,289,28900000,RUNNING,,0,0,62,1,0,reconstructed_from_retained_wire,True,,,317.79114932411017,301.12448389101576,293.1499988133078,0.5274980000000011,0.65,144500.00000000006,144499.9862318445,0.00014999991971397566,18825.423634720464,-1.4468696463154629e-08,0.00015,301.124,293.15,317.791,0.0,150000,1,289,28900000,28900000,28900000,0,301124,1,289,28900000,28900000,28900000,0,293150,1,289,28900000,28900000,28900000,0,317791,1,289,28900000,28900000,28900000,0,0,1,289,28900000,28900000,28900000,0,1.0,0.527498,0.65,1.0,0.527498,0.65,1.0,0.527498,0.65,289,29200000,False,1.0,5000.0,300.0,500.0,600000000000.0,100000000000.0,,288
1,planned_restart,thermal_loop,291,controller_tick,29000000,29.0,1,0,29000000,290,29000000,RUNNING,,0,0,62,1,0,reconstructed_from_retained_wire,True,,,317.7911493278082,301.12448389295616,293.14999881379583,0.5274980000000011,0.65,145000.00000000006,144999.98617252207,0.00014999991971397566,18825.423634720464,-1.4226316125132143e-08,0.00015,301.124,293.15,317.791,0.0,150000,1,290,29000000,29000000,29000000,0,301124,1,290,29000000,29000000,29000000,0,293150,1,290,29000000,29000000,29000000,0,317791,1,290,29000000,29000000,29000000,0,0,1,290,29000000,29000000,29000000,0,1.0,0.527498,0.65,1.0,0.527498,0.65,1.0,0.527498,0.65,290,29300000,False,1.0,5000.0,300.0,500.0,600000000000.0,100000000000.0,,289
1,planned_restart,thermal_loop,292,controller_tick,29100000,29.1,1,0,29100000,291,29100000,RUNNING,,0,0,62,1,0,reconstructed_from_retained_wire,True,,,317.79114933150106,301.124483894892,293.1499988142891,0.5274980000000011,0.65,145500.00000000006,145499.98611322418,0.00014999991971397566,18825.423634720464,-1.418311512679793e-08,0.00015,301.124,293.15,317.791,0.0,150000,1,291,29100000,29100000,29100000,0,301124,1,291,29100000,29100000,29100000,0,293150,1,291,29100000,29100000,29100000,0,317791,1,291,29100000,29100000,29100000,0,0,1,291,29100000,29100000,29100000,0,1.0,0.527498,0.65,1.0,0.527498,0.65,1.0,0.527498,0.65,291,29400000,False,1.0,5000.0,300.0,500.0,600000000000.0,100000000000.0,,290
1,planned_restart,thermal_loop,293,controller_tick,29200000,29.2,1,0,29200000,292,29200000,RUNNING,,0,0,62,1,0,reconstructed_from_retained_wire,True,,,317.79114933518855,301.12448389682334,293.1499988147877,0.5274980000000011,0.65,146000.00000000006,145999.98605395108,0.00014999991971397566,18825.423634720464,-1.4501210898743011e-08,0.00015,301.124,293.15,317.791,0.0,150000,1,292,29200000,29200000,29200000,0,301124,1,292,29200000,29200000,29200000,0,293150,1,292,29200000,29200000,29200000,0,317791,1,292,29200000,29200000,29200000,0,0,1,292,29200000,29200000,29200000,0,1.0,0.527498,0.65,1.0,0.527498,0.65,1.0,0.527498,0.65,292,29500000,False,1.0,5000.0,300.0,500.0,600000000000.0,100000000000.0,,291
1,planned_restart,thermal_loop,294,controller_tick,29300000,29.3,1,0,29300000,293,29300000,RUNNING,,0,0,62,1,0,reconstructed_from_retained_wire,True,,,317.7911493388708,301.1244838987503,293.1499988152914,0.5274980000000011,0.65,146500.00000000006,146499.98599470305,0.00014999991971397566,18825.423634720464,-1.4019406080478802e-08,0.00015,301.124,293.15,317.791,0.0,150000,1,293,29300000,29300000,29300000,0,301124,1,293,29300000,29300000,29300000,0,293150,1,293,29300000,29300000,29300000,0,317791,1,293,29300000,29300000,29300000,0,0,1,293,29300000,29300000,29300000,0,1.0,0.527498,0.65,1.0,0.527498,0.65,1.0,0.527498,0.65,293,29600000,False,1.0,5000.0,300.0,500.0,600000000000.0,100000000000.0,,292
1,planned_restart,thermal_loop,295,controller_tick,29400000,29.4,1,0,29400000,294,29400000,RUNNING,,0,0,62,1,0,reconstructed_from_retained_wire,True,,,317.79114934254784,301.1244839006729,293.1499988158002,0.5274980000000011,0.65,147000.00000000006,146999.9859354803,0.00014999991971397566,18825.423634720464,-1.3455291991704144e-08,0.00015,301.124,293.15,317.791,0.0,150000,1,294,29400000,29400000,29400000,0,301124,1,294,29400000,29400000,29400000,0,293150,1,294,29400000,29400000,29400000,0,317791,1,294,29400000,29400000,29400000,0,0,1,294,29400000,29400000,29400000,0,1.0,0.527498,0.65,1.0,0.527498,0.65,1.0,0.527498,0.65,294,29700000,False,1.0,5000.0,300.0,500.0,600000000000.0,100000000000.0,,293
1,planned_restart,thermal_loop,296,controller_tick,29500000,29.5,1,0,29500000,295,29500000,RUNNING,,0,0,62,1,0,reconstructed_from_retained_wire,True,,,317.7911493462196,301.1244839025912,293.14999881631394,0.5274980000000011,0.65,147500.00000000006,147499.98587628314,0.00014999991971397566,18825.423634720464,-1.379908098897431e-08,0.00015,301.124,293.15,317.791,0.0,150000,1,295,29500000,29500000,29500000,0,301124,1,295,29500000,29500000,29500000,0,293150,1,295,29500000,29500000,29500000,0,317791,1,295,29500000,29500000,29500000,0,0,1,295,29500000,29500000,29500000,0,1.0,0.527498,0.65,1.0,0.527498,0.65,1.0,0.527498,0.65,295,29800000,False,1.0,5000.0,300.0,500.0,600000000000.0,100000000000.0,,294
1,planned_restart,thermal_loop,297,controller_tick,29600000,29.6,1,0,29600000,296,29600000,RUNNING,,0,0,62,1,0,reconstructed_from_retained_wire,True,,,317.7911493498861,301.12448390450527,293.14999881683264,0.5274980000000011,0.65,148000.00000000006,147999.9858171118,0.00014999991971397566,18825.423634720464,-1.3774297258350998e-08,0.00015,301.124,293.15,317.791,0.0,150000,1,296,29600000,29600000,29600000,0,301124,1,296,29600000,29600000,29600000,0,293150,1,296,29600000,29600000,29600000,0,317791,1,296,29600000,29600000,29600000,0,0,1,296,29600000,29600000,29600000,0,1.0,0.527498,0.65,1.0,0.527498,0.65,1.0,0.527498,0.65,296,29900000,False,1.0,5000.0,300.0,500.0,600000000000.0,100000000000.0,,295
1,planned_restart,thermal_loop,298,controller_tick,29700000,29.7,1,0,29700000,297,29700000,RUNNING,,0,0,62,1,0,reconstructed_from_retained_wire,True,,,317.7911493535474,301.1244839064152,293.1499988173562,0.5274980000000011,0.65,148500.00000000006,148499.9857579665,0.00014999991971397566,18825.423634720464,-1.3385715647018515e-08,0.00015,301.124,293.15,317.791,0.0,150000,1,297,29700000,29700000,29700000,0,301124,1,297,29700000,29700000,29700000,0,293150,1,297,29700000,29700000,29700000,0,317791,1,297,29700000,29700000,29700000,0,0,1,297,29700000,29700000,29700000,0,1.0,0.527498,0.65,1.0,0.527498,0.65,1.0,0.527498,0.65,297,30000000,False,1.0,5000.0,300.0,500.0,600000000000.0,100000000000.0,,296
1,planned_restart,thermal_loop,299,controller_tick,29800000,29.8,1,0,29800000,298,29800000,RUNNING,,0,0,62,1,0,reconstructed_from_retained_wire,True,,,317.7911493572034,301.1244839083211,293.1499988178846,0.5274980000000011,0.65,149000.00000000006,148999.9856988475,0.00014999991971397566,18825.423634720464,-1.3415046851150692e-08,0.00015,301.124,293.15,317.791,0.0,150000,1,298,29800000,29800000,29800000,0,301124,1,298,29800000,29800000,29800000,0,293150,1,298,29800000,29800000,29800000,0,317791,1,298,29800000,29800000,29800000,0,0,1,298,29800000,29800000,29800000,0,1.0,0.527498,0.65,1.0,0.527498,0.65,1.0,0.527498,0.65,298,30100000,False,1.0,5000.0,300.0,500.0,600000000000.0,100000000000.0,,297
1,planned_restart,thermal_loop,300,controller_tick,29900000,29.9,1,0,29900000,299,29900000,RUNNING,,0,0,62,1,0,reconstructed_from_retained_wire,True,,,317.7911493608541,301.1244839102229,293.1499988184177,0.5274980000000011,0.65,149500.00000000006,149499.98563975506,0.00014999991971397566,18825.423634720464,-1.4104671208770014e-08,0.00015,301.124,293.15,317.791,0.0,150000,1,299,29900000,29900000,29900000,0,301124,1,299,29900000,29900000,29900000,0,293150,1,299,29900000,29900000,29900000,0,317791,1,299,29900000,29900000,29900000,0,0,1,299,29900000,29900000,29900000,0,1.0,0.527498,0.65,1.0,0.527498,0.65,1.0,0.527498,0.65,299,30200000,False,1.0,5000.0,300.0,500.0,600000000000.0,100000000000.0,,298
1,planned_restart,thermal_loop,301,controller_tick,30000000,30.0,1,0,30000000,300,30000000,RUNNING,,0,0,62,1,0,reconstructed_from_retained_wire,True,,,317.7911493644995,301.12448391212087,293.14999881895557,0.5274980000000011,0.65,150000.00000000006,149999.9855806894,0.00014999991971397566,18825.423634720464,-1.4033730622031726e-08,0.00015,301.124,293.15,317.791,0.0,150000,1,300,30000000,30000000,30000000,0,301124,1,300,30000000,30000000,30000000,0,293150,1,300,30000000,30000000,30000000,0,317791,1,300,30000000,30000000,30000000,0,0,1,300,30000000,30000000,30000000,0,1.0,0.527498,0.65,1.0,0.527498,0.65,1.0,0.527498,0.65,300,30300000,False,1.0,5000.0,300.0,500.0,600000000000.0,100000000000.0,,299
1,planned_restart,thermal_loop,302,controller_tick,30100000,30.1,1,0,30100000,301,30100000,RUNNING,,0,0,62,1,0,reconstructed_from_retained_wire,True,,,317.79114936813977,301.12448391401483,293.149998819498,0.5274980000000011,0.65,150500.00000000006,150499.9855216507,0.00014999991971397566,18825.423634720464,-1.4237684808904305e-08,0.00015,301.124,293.15,317.791,0.0,150000,1,301,30100000,30100000,30100000,0,301124,1,301,30100000,30100000,30100000,0,293150,1,301,30100000,30100000,30100000,0,317791,1,301,30100000,30100000,30100000,0,0,1,301,30100000,30100000,30100000,0,1.0,0.527498,0.65,1.0,0.527498,0.65,1.0,0.527498,0.65,301,30400000,False,1.0,5000.0,300.0,500.0,600000000000.0,100000000000.0,,300
1,planned_restart,thermal_loop,303,controller_tick,30200000,30.2,1,0,30200000,302,30200000,RUNNING,,0,0,62,1,0,reconstructed_from_retained_wire,True,,,317.79114937177474,301.12448391590505,293.1499988200451,0.5274980000000011,0.65,151000.0000000001,150999.98546263928,0.00014999991971397566,18825.423634720464,-1.3690623745787889e-08,0.00015,301.124,293.15,317.791,0.0,150000,1,302,30200000,30200000,30200000,0,301124,1,302,30200000,30200000,30200000,0,293150,1,302,30200000,30200000,30200000,0,317791,1,302,30200000,30200000,30200000,0,0,1,302,30200000,30200000,30200000,0,1.0,0.527498,0.65,1.0,0.527498,0.65,1.0,0.527498,0.65,302,30500000,False,1.0,5000.0,300.0,500.0,600000000000.0,100000000000.0,,301
1,planned_restart,thermal_loop,304,controller_tick,30300000,30.3,1,0,30300000,303,30300000,RUNNING,,0,0,62,1,0,reconstructed_from_retained_wire,True,,,317.79114937540453,301.1244839177914,293.1499988205966,0.5274980000000011,0.65,151500.0000000001,151499.9854036553,0.00014999991971397566,18825.423634720464,-1.4111719792708755e-08,0.00015,301.124,293.15,317.791,0.0,150000,1,303,30300000,30300000,30300000,0,301124,1,303,30300000,30300000,30300000,0,293150,1,303,30300000,30300000,30300000,0,317791,1,303,30300000,30300000,30300000,0,0,1,303,30300000,30300000,30300000,0,1.0,0.527498,0.65,1.0,0.527498,0.65,1.0,0.527498,0.65,303,30600000,False,1.0,5000.0,300.0,500.0,600000000000.0,100000000000.0,,302
1,planned_restart,thermal_loop,305,controller_tick,30400000,30.4,1,0,30400000,304,30400000,RUNNING,,0,0,62,1,0,reconstructed_from_retained_wire,True,,,317.7911493790291,301.12448391967405,293.1499988211525,0.5274980000000011,0.65,152000.0000000001,151999.98534469903,0.00014999991971397566,18825.423634720464,-1.4410943549592048e-08,0.00015,301.124,293.15,317.791,0.0,150000,1,304,30400000,30400000,30400000,0,301124,1,304,30400000,30400000,30400000,0,293150,1,304,30400000,30400000,30400000,0,317791,1,304,30400000,30400000,30400000,0,0,1,304,30400000,30400000,30400000,0,1.0,0.527498,0.65,1.0,0.527498,0.65,1.0,0.527498,0.65,304,30700000,False,1.0,5000.0,300.0,500.0,600000000000.0,100000000000.0,,303
1,planned_restart,thermal_loop,306,controller_tick,30500000,30.5,1,0,30500000,305,30500000,RUNNING,,0,0,62,1,0,reconstructed_from_retained_wire,True,,,317.7911493826484,301.124483921553,293.14999882171287,0.5274980000000011,0.65,152500.0000000001,152499.98528577067,0.00014999991971397566,18825.423634720464,-1.4384568203240633e-08,0.00015,301.124,293.15,317.791,0.0,150000,1,305,30500000,30500000,30500000,0,301124,1,305,30500000,30500000,30500000,0,293150,1,305,30500000,30500000,30500000,0,317791,1,305,30500000,30500000,30500000,0,0,1,305,30500000,30500000,30500000,0,1.0,0.527498,0.65,1.0,0.527498,0.65,1.0,0.527498,0.65,305,30800000,False,1.0,5000.0,300.0,500.0,600000000000.0,100000000000.0,,304
1,planned_restart,thermal_loop,307,controller_tick,30600000,30.6,1,0,30600000,306,30600000,RUNNING,,0,0,62,1,0,reconstructed_from_retained_wire,True,,,317.7911493862625,301.1244839234284,293.14999882227755,0.5274980000000011,0.65,153000.0000000001,152999.98522687043,0.00014999991971397566,18825.423634720464,-1.4872512110741809e-08,0.00015,301.124,293.15,317.791,0.0,150000,1,306,30600000,30600000,30600000,0,301124,1,306,30600000,30600000,30600000,0,293150,1,306,30600000,30600000,30600000,0,317791,1,306,30600000,30600000,30600000,0,0,1,306,30600000,30600000,30600000,0,1.0,0.527498,0.65,1.0,0.527498,0.65,1.0,0.527498,0.65,306,30900000,False,1.0,5000.0,300.0,500.0,600000000000.0,100000000000.0,,305
1,planned_restart,thermal_loop,308,controller_tick,30700000,30.7,1,0,30700000,307,30700000,RUNNING,,0,0,62,1,0,reconstructed_from_retained_wire,True,,,317.79114938987135,301.1244839253002,293.14999882284656,0.5274980000000011,0.65,153500.0000000001,153499.9851679985,0.00014999991971397566,18825.423634720464,-1.453418008168228e-08,0.00015,301.124,293.15,317.791,0.0,150000,1,307,30700000,30700000,30700000,0,301124,1,307,30700000,30700000,30700000,0,293150,1,307,30700000,30700000,30700000,0,317791,1,307,30700000,30700000,30700000,0,0,1,307,30700000,30700000,30700000,0,1.0,0.527498,0.65,1.0,0.527498,0.65,1.0,0.527498,0.65,307,31000000,False,1.0,5000.0,300.0,500.0,600000000000.0,100000000000.0,,306
1,planned_restart,thermal_loop,309,controller_tick,30800000,30.8,1,0,30800000,308,30800000,RUNNING,,0,0,62,1,0,reconstructed_from_retained_wire,True,,,317.79114939347505,301.12448392716846,293.14999882341976,0.5274980000000011,0.65,154000.0000000001,153999.98510915515,0.00014999991971397566,18825.423634720464,-1.4058059605304152e-08,0.00015,301.124,293.15,317.791,0.0,150000,1,308,30800000,30800000,30800000,0,301124,1,308,30800000,30800000,30800000,0,293150,1,308,30800000,30800000,30800000,0,317791,1,308,30800000,30800000,30800000,0,0,1,308,30800000,30800000,30800000,0,1.0,0.527498,0.65,1.0,0.527498,0.65,1.0,0.527498,0.65,308,31100000,False,1.0,5000.0,300.0,500.0,600000000000.0,100000000000.0,,307
1,planned_restart,thermal_loop,310,controller_tick,30900000,30.9,1,0,30900000,309,30900000,RUNNING,,0,0,62,1,0,reconstructed_from_retained_wire,True,,,317.7911493970736,301.12448392903326,293.14999882399707,0.5274980000000011,0.65,154500.0000000001,154499.9850503406,0.00014999991971397566,18825.423634720464,-1.4190845831763e-08,0.00015,301.124,293.15,317.791,0.0,150000,1,309,30900000,30900000,30900000,0,301124,1,309,30900000,30900000,30900000,0,293150,1,309,30900000,30900000,30900000,0,317791,1,309,30900000,30900000,30900000,0,0,1,309,30900000,30900000,30900000,0,1.0,0.527498,0.65,1.0,0.527498,0.65,1.0,0.527498,0.65,309,31200000,False,1.0,5000.0,300.0,500.0,600000000000.0,100000000000.0,,308
1,planned_restart,thermal_loop,311,controller_tick,31000000,31.0,1,0,31000000,310,31000000,RUNNING,,0,0,62,1,0,reconstructed_from_retained_wire,True,,,317.7911494006669,301.1244839308947,293.1499988245785,0.5274980000000011,0.65,155000.0000000001,154999.98499155496,0.00014999991971397566,18825.423634720464,-1.3692215361515991e-08,0.00015,301.124,293.15,317.791,0.0,150000,1,310,31000000,31000000,31000000,0,301124,1,310,31000000,31000000,31000000,0,293150,1,310,31000000,31000000,31000000,0,317791,1,310,31000000,31000000,31000000,0,0,1,310,31000000,31000000,31000000,0,1.0,0.527498,0.65,1.0,0.527498,0.65,1.0,0.527498,0.65,310,31300000,False,1.0,5000.0,300.0,500.0,600000000000.0,100000000000.0,,309
1,planned_restart,thermal_loop,312,controller_tick,31100000,31.1,1,0,31100000,311,31100000,RUNNING,,0,0,62,1,0,reconstructed_from_retained_wire,True,,,317.79114940425495,301.12448393275275,293.14999882516406,0.5274980000000011,0.65,155500.0000000001,155499.9849327985,0.00014999991971397566,18825.423634720464,-1.3488261174643412e-08,0.00015,301.124,293.15,317.791,0.0,150000,1,311,31100000,31100000,31100000,0,301124,1,311,31100000,31100000,31100000,0,293150,1,311,31100000,31100000,31100000,0,317791,1,311,31100000,31100000,31100000,0,0,1,311,31100000,31100000,31100000,0,1.0,0.527498,0.65,1.0,0.527498,0.65,1.0,0.527498,0.65,311,31400000,False,1.0,5000.0,300.0,500.0,600000000000.0,100000000000.0,,310
1,planned_restart,thermal_loop,313,controller_tick,31200000,31.2,1,0,31200000,312,31200000,RUNNING,,0,0,62,1,0,reconstructed_from_retained_wire,True,,,317.7911494078379,301.1244839346075,293.1499988257535,0.5274980000000011,0.65,156000.0000000001,155999.98487407144,0.00014999991971397566,18825.423634720464,-1.3455519365379587e-08,0.00015,301.124,293.15,317.791,0.0,150000,1,312,31200000,31200000,31200000,0,301124,1,312,31200000,31200000,31200000,0,293150,1,312,31200000,31200000,31200000,0,317791,1,312,31200000,31200000,31200000,0,0,1,312,31200000,31200000,31200000,0,1.0,0.527498,0.65,1.0,0.527498,0.65,1.0,0.527498,0.65,312,31500000,False,1.0,5000.0,300.0,500.0,600000000000.0,100000000000.0,,311
1,planned_restart,thermal_loop,314,controller_tick,31300000,31.3,1,0,31300000,313,31300000,RUNNING,,0,0,62,1,0,reconstructed_from_retained_wire,True,,,317.7911494114156,301.124483936459,293.14999882634703,0.5274980000000011,0.65,156500.0000000001,156499.98481537393,0.00014999991971397566,18825.423634720464,-1.31947217596462e-08,0.00015,301.124,293.15,317.791,0.0,150000,1,313,31300000,31300000,31300000,0,301124,1,313,31300000,31300000,31300000,0,293150,1,313,31300000,31300000,31300000,0,317791,1,313,31300000,31300000,31300000,0,0,1,313,31300000,31300000,31300000,0,1.0,0.527498,0.65,1.0,0.527498,0.65,1.0,0.527498,0.65,313,31600000,False,1.0,5000.0,300.0,500.0,600000000000.0,100000000000.0,,312
1,planned_restart,thermal_loop,315,controller_tick,31400000,31.4,1,0,31400000,314,31400000,RUNNING,,0,0,62,1,0,reconstructed_from_retained_wire,True,,,317.7911494149881,301.1244839383072,293.1499988269444,0.5274980000000011,0.65,157000.0000000001,156999.9847567062,0.00014999991971397566,18825.423634720464,-1.3410499377641827e-08,0.00015,301.124,293.15,317.791,0.0,150000,1,314,31400000,31400000,31400000,0,301124,1,314,31400000,31400000,31400000,0,293150,1,314,31400000,31400000,31400000,0,317791,1,314,31400000,31400000,31400000,0,0,1,314,31400000,31400000,31400000,0,1.0,0.527498,0.65,1.0,0.527498,0.65,1.0,0.527498,0.65,314,31700000,False,1.0,5000.0,300.0,500.0,600000000000.0,100000000000.0,,313
1,planned_restart,thermal_loop,316,controller_tick,31500000,31.5,1,0,31500000,315,31500000,RUNNING,,0,0,62,1,0,reconstructed_from_retained_wire,True,,,317.7911494185555,301.12448394015234,293.1499988275456,0.5274980000000011,0.65,157500.0000000001,157499.98469806844,0.00014999991971397566,18825.423634720464,-1.3279532140586525e-08,0.00015,301.124,293.15,317.791,0.0,150000,1,315,31500000,31500000,31500000,0,301124,1,315,31500000,31500000,31500000,0,293150,1,315,31500000,31500000,31500000,0,317791,1,315,31500000,31500000,31500000,0,0,1,315,31500000,31500000,31500000,0,1.0,0.527498,0.65,1.0,0.527498,0.65,1.0,0.527498,0.65,315,31800000,False,1.0,5000.0,300.0,500.0,600000000000.0,100000000000.0,,314
1,planned_restart,thermal_loop,317,controller_tick,31600000,31.6,1,0,31600000,316,31600000,RUNNING,,0,0,62,1,0,reconstructed_from_retained_wire,True,,,317.79114942211777,301.1244839419943,293.14999882815056,0.5274980000000011,0.65,158000.0000000001,157999.98463946083,0.00014999991971397566,18825.423634720464,-1.3009184840484522e-08,0.00015,301.124,293.15,317.791,0.0,150000,1,316,31600000,31600000,31600000,0,301124,1,316,31600000,31600000,31600000,0,293150,1,316,31600000,31600000,31600000,0,317791,1,316,31600000,31600000,31600000,0,0,1,316,31600000,31600000,31600000,0,1.0,0.527498,0.65,1.0,0.527498,0.65,1.0,0.527498,0.65,316,31900000,False,1.0,5000.0,300.0,500.0,600000000000.0,100000000000.0,,315
1,planned_restart,thermal_loop,318,controller_tick,31700000,31.7,1,0,31700000,317,31700000,RUNNING,,0,0,62,1,0,reconstructed_from_retained_wire,True,,,317.7911494256748,301.1244839438332,293.1499988287593,0.5274980000000011,0.65,158500.0000000001,158499.98458088358,0.00014999991971397566,18825.423634720464,-1.3294993550516665e-08,0.00015,301.124,293.15,317.791,0.0,150000,1,317,31700000,31700000,31700000,0,301124,1,317,31700000,31700000,31700000,0,293150,1,317,31700000,31700000,31700000,0,317791,1,317,31700000,31700000,31700000,0,0,1,317,31700000,31700000,31700000,0,1.0,0.527498,0.65,1.0,0.527498,0.65,1.0,0.527498,0.65,317,32000000,False,1.0,5000.0,300.0,500.0,600000000000.0,100000000000.0,,316
1,planned_restart,thermal_loop,319,controller_tick,31800000,31.8,1,0,31800000,318,31800000,RUNNING,,0,0,62,1,0,reconstructed_from_retained_wire,True,,,317.7911494292267,301.124483945669,293.1499988293718,0.5274980000000011,0.65,159000.0000000001,158999.98452233683,0.00014999991971397566,18825.423634720464,-1.2854570741183124e-08,0.00015,301.124,293.15,317.791,0.0,150000,1,318,31800000,31800000,31800000,0,301124,1,318,31800000,31800000,31800000,0,293150,1,318,31800000,31800000,31800000,0,317791,1,318,31800000,31800000,31800000,0,0,1,318,31800000,31800000,31800000,0,1.0,0.527498,0.65,1.0,0.527498,0.65,1.0,0.527498,0.65,318,32100000,False,1.0,5000.0,300.0,500.0,600000000000.0,100000000000.0,,317
1,planned_restart,thermal_loop,320,controller_tick,31900000,31.9,1,0,31900000,319,31900000,RUNNING,,0,0,62,1,0,reconstructed_from_retained_wire,True,,,317.7911494327735,301.12448394750186,293.14999882998785,0.5274980000000011,0.65,159500.0000000001,159499.98446382082,0.00014999991971397566,18825.423634720464,-1.2643113223020919e-08,0.00015,301.124,293.15,317.791,0.0,150000,1,319,31900000,31900000,31900000,0,301124,1,319,31900000,31900000,31900000,0,293150,1,319,31900000,31900000,31900000,0,317791,1,319,31900000,31900000,31900000,0,0,1,319,31900000,31900000,31900000,0,1.0,0.527498,0.65,1.0,0.527498,0.65,1.0,0.527498,0.65,319,32200000,False,1.0,5000.0,300.0,500.0,600000000000.0,100000000000.0,,318
1,planned_restart,thermal_loop,321,controller_tick,32000000,32.0,1,0,32000000,320,32000000,RUNNING,,0,0,62,1,0,reconstructed_from_retained_wire,True,,,317.7911494363151,301.12448394933176,293.14999883060756,0.5274980000000011,0.65,160000.0000000001,159999.98440533568,0.00014999991971397566,18825.423634720464,-1.2939153748448007e-08,0.00015,301.124,293.15,317.791,0.0,150000,1,320,32000000,32000000,32000000,0,301124,1,320,32000000,32000000,32000000,0,293150,1,320,32000000,32000000,32000000,0,317791,1,320,32000000,32000000,32000000,0,0,1,320,32000000,32000000,32000000,0,1.0,0.527498,0.65,1.0,0.527498,0.65,1.0,0.527498,0.65,320,32300000,False,1.0,5000.0,300.0,500.0,600000000000.0,100000000000.0,,319
1,planned_restart,thermal_loop,322,controller_tick,32100000,32.1,1,0,32100000,321,32100000,RUNNING,,0,0,62,1,0,reconstructed_from_retained_wire,True,,,317.79114943985155,301.12448395115877,293.14999883123085,0.5274980000000011,0.65,160500.00000000012,160499.98434688165,0.00014999991971397566,18825.423634720464,-1.263970261788927e-08,0.00015,301.124,293.15,317.791,0.0,150000,1,321,32100000,32100000,32100000,0,301124,1,321,32100000,32100000,32100000,0,293150,1,321,32100000,32100000,32100000,0,317791,1,321,32100000,32100000,32100000,0,0,1,321,32100000,32100000,32100000,0,1.0,0.527498,0.65,1.0,0.527498,0.65,1.0,0.527498,0.65,321,32400000,False,1.0,5000.0,300.0,500.0,600000000000.0,100000000000.0,,320
1,planned_restart,thermal_loop,323,controller_tick,32200000,32.2,1,0,32200000,322,32200000,RUNNING,,0,0,62,1,0,reconstructed_from_retained_wire,True,,,317.7911494433829,301.12448395298287,293.14999883185754,0.5274980000000011,0.65,161000.00000000015,160999.98428845886,0.00014999991971397566,18825.423634720464,-1.3737690096604638e-08,0.00015,301.124,293.15,317.791,0.0,150000,1,322,32200000,32200000,32200000,0,301124,1,322,32200000,32200000,32200000,0,293150,1,322,32200000,32200000,32200000,0,317791,1,322,32200000,32200000,32200000,0,0,1,322,32200000,32200000,32200000,0,1.0,0.527498,0.65,1.0,0.527498,0.65,1.0,0.527498,0.65,322,32500000,False,1.0,5000.0,300.0,500.0,600000000000.0,100000000000.0,,321
1,planned_restart,thermal_loop,324,controller_tick,32300000,32.3,1,0,32300000,323,32300000,RUNNING,,0,0,62,1,0,reconstructed_from_retained_wire,True,,,317.7911494469091,301.12448395480413,293.14999883248777,0.5274980000000011,0.65,161500.00000000017,161499.9842300675,0.00014999991971397566,18825.423634720464,-1.4128545444691554e-08,0.00015,301.124,293.15,317.791,0.0,150000,1,323,32300000,32300000,32300000,0,301124,1,323,32300000,32300000,32300000,0,293150,1,323,32300000,32300000,32300000,0,317791,1,323,32300000,32300000,32300000,0,0,1,323,32300000,32300000,32300000,0,1.0,0.527498,0.65,1.0,0.527498,0.65,1.0,0.527498,0.65,323,32600000,False,1.0,5000.0,300.0,500.0,600000000000.0,100000000000.0,,322
1,planned_restart,thermal_loop,325,controller_tick,32400000,32.4,1,0,32400000,324,32400000,RUNNING,,0,0,62,1,0,reconstructed_from_retained_wire,True,,,317.7911494504302,301.1244839566226,293.1499988331214,0.5274980000000011,0.65,162000.0000000002,161999.9841717077,0.00014999991971397566,18825.423634720464,-1.461717147321906e-08,0.00015,301.124,293.15,317.791,0.0,150000,1,324,32400000,32400000,32400000,0,301124,1,324,32400000,32400000,32400000,0,293150,1,324,32400000,32400000,32400000,0,317791,1,324,32400000,32400000,32400000,0,0,1,324,32400000,32400000,32400000,0,1.0,0.527498,0.65,1.0,0.527498,0.65,1.0,0.527498,0.65,324,32700000,False,1.0,5000.0,300.0,500.0,600000000000.0,100000000000.0,,323
1,planned_restart,thermal_loop,326,controller_tick,32500000,32.5,1,0,32500000,325,32500000,RUNNING,,0,0,62,1,0,reconstructed_from_retained_wire,True,,,317.7911494539463,301.12448395843836,293.14999883375845,0.5274980000000011,0.65,162500.0000000002,162499.9841133797,0.00014999991971397566,18825.423634720464,-1.392709236824885e-08,0.00015,301.124,293.15,317.791,0.0,150000,1,325,32500000,32500000,32500000,0,301124,1,325,32500000,32500000,32500000,0,293150,1,325,32500000,32500000,32500000,0,317791,1,325,32500000,32500000,32500000,0,0,1,325,32500000,32500000,32500000,0,1.0,0.527498,0.65,1.0,0.527498,0.65,1.0,0.527498,0.65,325,32800000,False,1.0,5000.0,300.0,500.0,600000000000.0,100000000000.0,,324
1,planned_restart,thermal_loop,327,controller_tick,32600000,32.6,1,0,32600000,326,32600000,RUNNING,,0,0,62,1,0,reconstructed_from_retained_wire,True,,,317.7911494574572,301.1244839602514,293.14999883439884,0.5274980000000011,0.65,163000.00000000023,162999.98405508362,0.00014999991971397566,18825.423634720464,-1.3252247299533337e-08,0.00015,301.124,293.15,317.791,0.0,150000,1,326,32600000,32600000,32600000,0,301124,1,326,32600000,32600000,32600000,0,293150,1,326,32600000,32600000,32600000,0,317791,1,326,32600000,32600000,32600000,0,0,1,326,32600000,32600000,32600000,0,1.0,0.527498,0.65,1.0,0.527498,0.65,1.0,0.527498,0.65,326,32900000,False,1.0,5000.0,300.0,500.0,600000000000.0,100000000000.0,,325
1,planned_restart,thermal_loop,328,controller_tick,32700000,32.7,1,0,32700000,327,32700000,RUNNING,,0,0,62,1,0,reconstructed_from_retained_wire,True,,,317.791149460963,301.12448396206173,293.1499988350425,0.5274980000000011,0.65,163500.00000000023,163499.98399681965,0.00014999991971397566,18825.423634720464,-1.3310227586771362e-08,0.00015,301.124,293.15,317.791,0.0,150000,1,327,32700000,32700000,32700000,0,301124,1,327,32700000,32700000,32700000,0,293150,1,327,32700000,32700000,32700000,0,317791,1,327,32700000,32700000,32700000,0,0,1,327,32700000,32700000,32700000,0,1.0,0.527498,0.65,1.0,0.527498,0.65,1.0,0.527498,0.65,327,33000000,False,1.0,5000.0,300.0,500.0,600000000000.0,100000000000.0,,326
1,planned_restart,thermal_loop,329,controller_tick,32800000,32.8,1,0,32800000,328,32800000,RUNNING,,0,0,62,1,0,reconstructed_from_retained_wire,True,,,317.7911494644638,301.1244839638694,293.14999883568936,0.5274980000000011,0.65,164000.00000000026,163999.98393858795,0.00014999991971397566,18825.423634720464,-1.3416183719527908e-08,0.00015,301.124,293.15,317.791,0.0,150000,1,328,32800000,32800000,32800000,0,301124,1,328,32800000,32800000,32800000,0,293150,1,328,32800000,32800000,32800000,0,317791,1,328,32800000,32800000,32800000,0,0,1,328,32800000,32800000,32800000,0,1.0,0.527498,0.65,1.0,0.527498,0.65,1.0,0.527498,0.65,328,33100000,False,1.0,5000.0,300.0,500.0,600000000000.0,100000000000.0,,327
1,planned_restart,thermal_loop,330,controller_tick,32900000,32.9,1,0,32900000,329,32900000,RUNNING,,0,0,62,1,0,reconstructed_from_retained_wire,True,,,317.7911494679594,301.1244839656745,293.1499988363394,0.5274980000000011,0.65,164500.0000000003,164499.98388038864,0.00014999991971397566,18825.423634720464,-1.4230636224965565e-08,0.00015,301.124,293.15,317.791,0.0,150000,1,329,32900000,32900000,32900000,0,301124,1,329,32900000,32900000,32900000,0,293150,1,329,32900000,32900000,32900000,0,317791,1,329,32900000,32900000,32900000,0,0,1,329,32900000,32900000,32900000,0,1.0,0.527498,0.65,1.0,0.527498,0.65,1.0,0.527498,0.65,329,33200000,False,1.0,5000.0,300.0,500.0,600000000000.0,100000000000.0,,328
1,planned_restart,thermal_loop,331,controller_tick,33000000,33.0,1,0,33000000,330,33000000,RUNNING,,0,0,62,1,0,reconstructed_from_retained_wire,True,,,317.79114947145,301.124483967477,293.14999883699267,0.5274980000000011,0.65,165000.00000000032,164999.98382222193,0.00014999991971397566,18825.423634720464,-1.4506213119602762e-08,0.00015,301.124,293.15,317.791,0.0,150000,1,330,33000000,33000000,33000000,0,301124,1,330,33000000,33000000,33000000,0,293150,1,330,33000000,33000000,33000000,0,317791,1,330,33000000,33000000,33000000,0,0,1,330,33000000,33000000,33000000,0,1.0,0.527498,0.65,1.0,0.527498,0.65,1.0,0.527498,0.65,330,33300000,False,1.0,5000.0,300.0,500.0,600000000000.0,100000000000.0,,329
1,planned_restart,thermal_loop,332,controller_tick,33100000,33.1,1,0,33100000,331,33100000,RUNNING,,0,0,62,1,0,reconstructed_from_retained_wire,True,,,317.7911494749356,301.12448396927687,293.1499988376491,0.5274980000000011,0.65,165500.00000000032,165499.98376408796,0.00014999991971397566,18825.423634720464,-1.3975068213767372e-08,0.00015,301.124,293.15,317.791,0.0,150000,1,331,33100000,33100000,33100000,0,301124,1,331,33100000,33100000,33100000,0,293150,1,331,33100000,33100000,33100000,0,317791,1,331,33100000,33100000,33100000,0,0,1,331,33100000,33100000,33100000,0,1.0,0.527498,0.65,1.0,0.527498,0.65,1.0,0.527498,0.65,331,33400000,False,1.0,5000.0,300.0,500.0,600000000000.0,100000000000.0,,330
1,planned_restart,thermal_loop,333,controller_tick,33200000,33.2,1,0,33200000,332,33200000,RUNNING,,0,0,62,1,0,reconstructed_from_retained_wire,True,,,317.7911494784161,301.1244839710743,293.1499988383086,0.5274980000000011,0.65,166000.00000000035,165999.9837059869,0.00014999991971397566,18825.423634720464,-1.308922037424054e-08,0.00015,301.124,293.15,317.791,0.0,150000,1,332,33200000,33200000,33200000,0,301124,1,332,33200000,33200000,33200000,0,293150,1,332,33200000,33200000,33200000,0,317791,1,332,33200000,33200000,33200000,0,0,1,332,33200000,33200000,33200000,0,1.0,0.527498,0.65,1.0,0.527498,0.65,1.0,0.527498,0.65,332,33500000,False,1.0,5000.0,300.0,500.0,600000000000.0,100000000000.0,,331
1,planned_restart,thermal_loop,334,controller_tick,33300000,33.3,1,0,33300000,333,33300000,RUNNING,,0,0,62,1,0,reconstructed_from_retained_wire,True,,,317.7911494818915,301.12448397286926,293.1499988389711,0.5274980000000011,0.65,166500.00000000035,166499.98364791888,0.00014999991971397566,18825.423634720464,-1.3430508261080831e-08,0.00015,301.124,293.15,317.791,0.0,150000,1,333,33300000,33300000,33300000,0,301124,1,333,33300000,33300000,33300000,0,293150,1,333,33300000,33300000,33300000,0,317791,1,333,33300000,33300000,33300000,0,0,1,333,33300000,33300000,33300000,0,1.0,0.527498,0.65,1.0,0.527498,0.65,1.0,0.527498,0.65,333,33600000,False,1.0,5000.0,300.0,500.0,600000000000.0,100000000000.0,,332
1,planned_restart,thermal_loop,335,controller_tick,33400000,33.4,1,0,33400000,334,33400000,RUNNING,,0,0,62,1,0,reconstructed_from_retained_wire,True,,,317.7911494853619,301.1244839746618,293.14999883963657,0.5274980000000011,0.65,167000.00000000038,166999.98358988407,0.00014999991971397566,18825.423634720464,-1.3508042684406973e-08,0.00015,301.124,293.15,317.791,0.0,150000,1,334,33400000,33400000,33400000,0,301124,1,334,33400000,33400000,33400000,0,293150,1,334,33400000,33400000,33400000,0,317791,1,334,33400000,33400000,33400000,0,0,1,334,33400000,33400000,33400000,0,1.0,0.527498,0.65,1.0,0.527498,0.65,1.0,0.527498,0.65,334,33700000,False,1.0,5000.0,300.0,500.0,600000000000.0,100000000000.0,,333
1,planned_restart,thermal_loop,336,controller_tick,33500000,33.5,1,0,33500000,335,33500000,RUNNING,,0,0,62,1,0,reconstructed_from_retained_wire,True,,,317.7911494888273,301.12448397645187,293.14999884030505,0.5274980000000011,0.65,167500.0000000004,167499.9835318826,0.00014999991971397566,18825.423634720464,-1.3953240340924822e-08,0.00015,301.124,293.15,317.791,0.0,150000,1,335,33500000,33500000,33500000,0,301124,1,335,33500000,33500000,33500000,0,293150,1,335,33500000,33500000,33500000,0,317791,1,335,33500000,33500000,33500000,0,0,1,335,33500000,33500000,33500000,0,1.0,0.527498,0.65,1.0,0.527498,0.65,1.0,0.527498,0.65,335,33800000,False,1.0,5000.0,300.0,500.0,600000000000.0,100000000000.0,,334
1,planned_restart,thermal_loop,337,controller_tick,33600000,33.6,1,0,33600000,336,33600000,RUNNING,,0,0,62,1,0,reconstructed_from_retained_wire,True,,,317.7911494922877,301.12448397823954,293.14999884097637,0.5274980000000011,0.65,168000.0000000004,167999.98347391462,0.00014999991971397566,18825.423634720464,-1.4671741155325435e-08,0.00015,301.124,293.15,317.791,0.0,150000,1,336,33600000,33600000,33600000,0,301124,1,336,33600000,33600000,33600000,0,293150,1,336,33600000,33600000,33600000,0,317791,1,336,33600000,33600000,33600000,0,0,1,336,33600000,33600000,33600000,0,1.0,0.527498,0.65,1.0,0.527498,0.65,1.0,0.527498,0.65,336,33900000,False,1.0,5000.0,300.0,500.0,600000000000.0,100000000000.0,,335
1,planned_restart,thermal_loop,338,controller_tick,33700000,33.7,1,0,33700000,337,33700000,RUNNING,,0,0,62,1,0,reconstructed_from_retained_wire,True,,,317.79114949574307,301.1244839800249,293.14999884165064,0.5274980000000011,0.65,168500.00000000044,168499.98341598027,0.00014999991971397566,18825.423634720464,-1.4214720067684539e-08,0.00015,301.124,293.15,317.791,0.0,150000,1,337,33700000,33700000,33700000,0,301124,1,337,33700000,33700000,33700000,0,293150,1,337,33700000,33700000,33700000,0,317791,1,337,33700000,33700000,33700000,0,0,1,337,33700000,33700000,33700000,0,1.0,0.527498,0.65,1.0,0.527498,0.65,1.0,0.527498,0.65,337,34000000,False,1.0,5000.0,300.0,500.0,600000000000.0,100000000000.0,,336
1,planned_restart,thermal_loop,339,controller_tick,33800000,33.8,1,0,33800000,338,33800000,RUNNING,,0,0,62,1,0,reconstructed_from_retained_wire,True,,,317.79114949919347,301.1244839818079,293.14999884232776,0.5274980000000011,0.65,169000.00000000044,168999.9833580797,0.00014999991971397566,18825.423634720464,-1.3804083209834062e-08,0.00015,301.124,293.15,317.791,0.0,150000,1,338,33800000,33800000,33800000,0,301124,1,338,33800000,33800000,33800000,0,293150,1,338,33800000,33800000,33800000,0,317791,1,338,33800000,33800000,33800000,0,0,1,338,33800000,33800000,33800000,0,1.0,0.527498,0.65,1.0,0.527498,0.65,1.0,0.527498,0.65,338,34100000,False,1.0,5000.0,300.0,500.0,600000000000.0,100000000000.0,,337
1,planned_restart,thermal_loop,340,controller_tick,33900000,33.9,1,0,33900000,339,33900000,RUNNING,,0,0,62,1,0,reconstructed_from_retained_wire,True,,,317.79114950263886,301.1244839835886,293.1499988430077,0.5274980000000011,0.65,169500.00000000044,169499.98330021312,0.00014999991971397566,18825.423634720464,-1.281910044781398e-08,0.00015,301.124,293.15,317.791,0.0,150000,1,339,33900000,33900000,33900000,0,301124,1,339,33900000,33900000,33900000,0,293150,1,339,33900000,33900000,33900000,0,317791,1,339,33900000,33900000,33900000,0,0,1,339,33900000,33900000,33900000,0,1.0,0.527498,0.65,1.0,0.527498,0.65,1.0,0.527498,0.65,339,34200000,False,1.0,5000.0,300.0,500.0,600000000000.0,100000000000.0,,338
1,planned_restart,thermal_loop,341,controller_tick,34000000,34.0,1,0,34000000,340,34000000,RUNNING,,0,0,62,1,0,reconstructed_from_retained_wire,True,,,317.79114950607925,301.124483985367,293.1499988436904,0.5274980000000011,0.65,170000.00000000044,169999.98324238055,0.00014999991971397566,18825.423634720464,-1.3102408047416247e-08,0.00015,301.124,293.15,317.791,0.0,150000,1,340,34000000,34000000,34000000,0,301124,1,340,34000000,34000000,34000000,0,293150,1,340,34000000,34000000,34000000,0,317791,1,340,34000000,34000000,34000000,0,0,1,340,34000000,34000000,34000000,0,1.0,0.527498,0.65,1.0,0.527498,0.65,1.0,0.527498,0.65,340,34300000,False,1.0,5000.0,300.0,500.0,600000000000.0,100000000000.0,,339
1,planned_restart,thermal_loop,342,controller_tick,34100000,34.1,1,0,34100000,341,34100000,RUNNING,,0,0,62,1,0,reconstructed_from_retained_wire,True,,,317.79114950951464,301.12448398714315,293.14999884437583,0.5274980000000011,0.65,170500.00000000044,170499.9831845822,0.00014999991971397566,18825.423634720464,-1.3975068213767372e-08,0.00015,301.124,293.15,317.791,0.0,150000,1,341,34100000,34100000,34100000,0,301124,1,341,34100000,34100000,34100000,0,293150,1,341,34100000,34100000,34100000,0,317791,1,341,34100000,34100000,34100000,0,0,1,341,34100000,34100000,34100000,0,1.0,0.527498,0.65,1.0,0.527498,0.65,1.0,0.527498,0.65,341,34400000,False,1.0,5000.0,300.0,500.0,600000000000.0,100000000000.0,,340
1,planned_restart,thermal_loop,343,controller_tick,34200000,34.2,1,0,34200000,342,34200000,RUNNING,,0,0,62,1,0,reconstructed_from_retained_wire,True,,,317.791149512945,301.1244839889172,293.149998845064,0.5274980000000011,0.65,171000.00000000047,170999.98312681823,0.00014999991971397566,18825.423634720464,-1.3895032680011354e-08,0.00015,301.124,293.15,317.791,0.0,150000,1,342,34200000,34200000,34200000,0,301124,1,342,34200000,34200000,34200000,0,293150,1,342,34200000,34200000,34200000,0,317791,1,342,34200000,34200000,34200000,0,0,1,342,34200000,34200000,34200000,0,1.0,0.527498,0.65,1.0,0.527498,0.65,1.0,0.527498,0.65,342,34500000,False,1.0,5000.0,300.0,500.0,600000000000.0,100000000000.0,,341
1,planned_restart,thermal_loop,344,controller_tick,34300000,34.3,1,0,34300000,343,34300000,RUNNING,,0,0,62,1,0,reconstructed_from_retained_wire,True,,,317.7911495163704,301.12448399068904,293.1499988457548,0.5274980000000011,0.65,171500.00000000047,171499.9830690887,0.00014999991971397566,18825.423634720464,-1.3933913578512147e-08,0.00015,301.124,293.15,317.791,0.0,150000,1,343,34300000,34300000,34300000,0,301124,1,343,34300000,34300000,34300000,0,293150,1,343,34300000,34300000,34300000,0,317791,1,343,34300000,34300000,34300000,0,0,1,343,34300000,34300000,34300000,0,1.0,0.527498,0.65,1.0,0.527498,0.65,1.0,0.527498,0.65,343,34600000,False,1.0,5000.0,300.0,500.0,600000000000.0,100000000000.0,,342
1,planned_restart,thermal_loop,345,controller_tick,34400000,34.4,1,0,34400000,344,34400000,RUNNING,,0,0,62,1,0,reconstructed_from_retained_wire,True,,,317.7911495197909,301.1244839924587,293.1499988464482,0.5274980000000011,0.65,172000.0000000005,171999.98301139375,0.00014999991971397566,18825.423634720464,-1.4026454664417543e-08,0.00015,301.124,293.15,317.791,0.0,150000,1,344,34400000,34400000,34400000,0,301124,1,344,34400000,34400000,34400000,0,293150,1,344,34400000,34400000,34400000,0,317791,1,344,34400000,34400000,34400000,0,0,1,344,34400000,34400000,34400000,0,1.0,0.527498,0.65,1.0,0.527498,0.65,1.0,0.527498,0.65,344,34700000,False,1.0,5000.0,300.0,500.0,600000000000.0,100000000000.0,,343
1,planned_restart,thermal_loop,346,controller_tick,34500000,34.5,1,0,34500000,345,34500000,RUNNING,,0,0,62,1,0,reconstructed_from_retained_wire,True,,,317.7911495232064,301.1244839942262,293.1499988471443,0.5274980000000011,0.65,172500.00000000052,172499.98295373353,0.00014999991971397566,18825.423634720464,-1.4688794180983678e-08,0.00015,301.124,293.15,317.791,0.0,150000,1,345,34500000,34500000,34500000,0,301124,1,345,34500000,34500000,34500000,0,293150,1,345,34500000,34500000,34500000,0,317791,1,345,34500000,34500000,34500000,0,0,1,345,34500000,34500000,34500000,0,1.0,0.527498,0.65,1.0,0.527498,0.65,1.0,0.527498,0.65,345,34800000,False,1.0,5000.0,300.0,500.0,600000000000.0,100000000000.0,,344
1,planned_restart,thermal_loop,347,controller_tick,34600000,34.6,1,0,34600000,346,34600000,RUNNING,,0,0,62,1,0,reconstructed_from_retained_wire,True,,,317.791149526617,301.1244839959916,293.14999884784294,0.5274980000000011,0.65,173000.00000000055,172999.9828961082,0.00014999991971397566,18825.423634720464,-1.365901880490128e-08,0.00015,301.124,293.15,317.791,0.0,150000,1,346,34600000,34600000,34600000,0,301124,1,346,34600000,34600000,34600000,0,293150,1,346,34600000,34600000,34600000,0,317791,1,346,34600000,34600000,34600000,0,0,1,346,34600000,34600000,34600000,0,1.0,0.527498,0.65,1.0,0.527498,0.65,1.0,0.527498,0.65,346,34900000,False,1.0,5000.0,300.0,500.0,600000000000.0,100000000000.0,,345
1,planned_restart,thermal_loop,348,controller_tick,34700000,34.7,1,0,34700000,347,34700000,RUNNING,,0,0,62,1,0,reconstructed_from_retained_wire,True,,,317.79114953002266,301.1244839977549,293.1499988485441,0.5274980000000011,0.65,173500.00000000058,173499.98283851787,0.00014999991971397566,18825.423634720464,-1.3794306141790003e-08,0.00015,301.124,293.15,317.791,0.0,150000,1,347,34700000,34700000,34700000,0,301124,1,347,34700000,34700000,34700000,0,293150,1,347,34700000,34700000,34700000,0,317791,1,347,34700000,34700000,34700000,0,0,1,347,34700000,34700000,34700000,0,1.0,0.527498,0.65,1.0,0.527498,0.65,1.0,0.527498,0.65,347,35000000,False,1.0,5000.0,300.0,500.0,600000000000.0,100000000000.0,,346
1,planned_restart,thermal_loop,349,controller_tick,34800000,34.8,1,0,34800000,348,34800000,RUNNING,,0,0,62,1,0,reconstructed_from_retained_wire,True,,,317.7911495334234,301.12448399951614,293.14999884924777,0.5274980000000011,0.65,174000.00000000058,173999.98278096266,0.00014999991971397566,18825.423634720464,-1.3969611245556735e-08,0.00015,301.124,293.15,317.791,0.0,150000,1,348,34800000,34800000,34800000,0,301124,1,348,34800000,34800000,34800000,0,293150,1,348,34800000,34800000,34800000,0,317791,1,348,34800000,34800000,34800000,0,0,1,348,34800000,34800000,34800000,0,1.0,0.527498,0.65,1.0,0.527498,0.65,1.0,0.527498,0.65,348,35100000,False,1.0,5000.0,300.0,500.0,600000000000.0,100000000000.0,,347
1,planned_restart,thermal_loop,350,controller_tick,34900000,34.9,1,0,34900000,349,34900000,RUNNING,,0,0,62,1,0,reconstructed_from_retained_wire,True,,,317.7911495368192,301.1244840012754,293.1499988499539,0.5274980000000011,0.65,174500.0000000006,174499.9827234427,0.00014999991971397566,18825.423634720464,-1.3795897757518105e-08,0.00015,301.124,293.15,317.791,0.0,150000,1,349,34900000,34900000,34900000,0,301124,1,349,34900000,34900000,34900000,0,293150,1,349,34900000,34900000,34900000,0,317791,1,349,34900000,34900000,34900000,0,0,1,349,34900000,34900000,34900000,0,1.0,0.527498,0.65,1.0,0.527498,0.65,1.0,0.527498,0.65,349,35200000,False,1.0,5000.0,300.0,500.0,600000000000.0,100000000000.0,,348
1,planned_restart,thermal_loop,351,controller_tick,35000000,35.0,1,0,35000000,350,35000000,RUNNING,,0,0,62,1,0,reconstructed_from_retained_wire,True,,,317.79114954021014,301.1244840030326,293.1499988506624,0.5274980000000011,0.65,175000.00000000064,174999.9826659581,0.00014999991971397566,18825.423634720464,-1.3602857507066801e-08,0.00015,301.124,293.15,317.791,0.0,150000,1,350,35000000,35000000,35000000,0,301124,1,350,35000000,35000000,35000000,0,293150,1,350,35000000,35000000,35000000,0,317791,1,350,35000000,35000000,35000000,0,0,1,350,35000000,35000000,35000000,0,1.0,0.527498,0.65,1.0,0.527498,0.65,1.0,0.527498,0.65,350,35300000,False,1.0,5000.0,300.0,500.0,600000000000.0,100000000000.0,,349
1,planned_restart,thermal_loop,352,controller_tick,35100000,35.1,1,0,35100000,351,35100000,RUNNING,,0,0,62,1,0,reconstructed_from_retained_wire,True,,,317.7911495435962,301.1244840047878,293.1499988513734,0.5274980000000011,0.65,175500.00000000064,175499.982608509,0.00014999991971397566,18825.423634720464,-1.2740656529786065e-08,0.00015,301.124,293.15,317.791,0.0,150000,1,351,35100000,35100000,35100000,0,301124,1,351,35100000,35100000,35100000,0,293150,1,351,35100000,35100000,35100000,0,317791,1,351,35100000,35100000,35100000,0,0,1,351,35100000,35100000,35100000,0,1.0,0.527498,0.65,1.0,0.527498,0.65,1.0,0.527498,0.65,351,35400000,False,1.0,5000.0,300.0,500.0,600000000000.0,100000000000.0,,350
1,planned_restart,thermal_loop,353,controller_tick,35200000,35.2,1,0,35200000,352,35200000,RUNNING,,0,0,62,1,0,reconstructed_from_retained_wire,True,,,317.79114954697735,301.1244840065411,293.14999885208675,0.5274980000000011,0.65,176000.00000000064,175999.98255109548,0.00014999991971397566,18825.423634720464,-1.210150912811514e-08,0.00015,301.124,293.15,317.791,0.0,150000,1,352,35200000,35200000,35200000,0,301124,1,352,35200000,35200000,35200000,0,293150,1,352,35200000,35200000,35200000,0,317791,1,352,35200000,35200000,35200000,0,0,1,352,35200000,35200000,35200000,0,1.0,0.527498,0.65,1.0,0.527498,0.65,1.0,0.527498,0.65,352,35500000,False,1.0,5000.0,300.0,500.0,600000000000.0,100000000000.0,,351
1,planned_restart,thermal_loop,354,controller_tick,35300000,35.3,1,0,35300000,353,35300000,RUNNING,,0,0,62,1,0,reconstructed_from_retained_wire,True,,,317.7911495503536,301.1244840082924,293.14999885280236,0.5274980000000011,0.65,176500.00000000067,176499.9824937177,0.00014999991971397566,18825.423634720464,-1.2310920283198357e-08,0.00015,301.124,293.15,317.791,0.0,150000,1,353,35300000,35300000,35300000,0,301124,1,353,35300000,35300000,35300000,0,293150,1,353,35300000,35300000,35300000,0,317791,1,353,35300000,35300000,35300000,0,0,1,353,35300000,35300000,35300000,0,1.0,0.527498,0.65,1.0,0.527498,0.65,1.0,0.527498,0.65,353,35600000,False,1.0,5000.0,300.0,500.0,600000000000.0,100000000000.0,,352
1,planned_restart,thermal_loop,355,controller_tick,35400000,35.4,1,0,35400000,354,35400000,RUNNING,,0,0,62,1,0,reconstructed_from_retained_wire,True,,,317.791149553725,301.1244840100418,293.14999885352034,0.5274980000000011,0.65,177000.00000000067,176999.98243637575,0.00014999991971397566,18825.423634720464,-1.221474121848587e-08,0.00015,301.124,293.15,317.791,0.0,150000,1,354,35400000,35400000,35400000,0,301124,1,354,35400000,35400000,35400000,0,293150,1,354,35400000,35400000,35400000,0,317791,1,354,35400000,35400000,35400000,0,0,1,354,35400000,35400000,35400000,0,1.0,0.527498,0.65,1.0,0.527498,0.65,1.0,0.527498,0.65,354,35700000,False,1.0,5000.0,300.0,500.0,600000000000.0,100000000000.0,,353
1,planned_restart,thermal_loop,356,controller_tick,35500000,35.5,1,0,35500000,355,35500000,RUNNING,,0,0,62,1,0,reconstructed_from_retained_wire,True,,,317.7911495570915,301.1244840117892,293.1499988542406,0.5274980000000011,0.65,177500.00000000067,177499.98237906976,0.00014999991971397566,18825.423634720464,-1.2705186236416921e-08,0.00015,301.124,293.15,317.791,0.0,150000,1,355,35500000,35500000,35500000,0,301124,1,355,35500000,35500000,35500000,0,293150,1,355,35500000,35500000,35500000,0,317791,1,355,35500000,35500000,35500000,0,0,1,355,35500000,35500000,35500000,0,1.0,0.527498,0.65,1.0,0.527498,0.65,1.0,0.527498,0.65,355,35800000,False,1.0,5000.0,300.0,500.0,600000000000.0,100000000000.0,,354
1,planned_restart,thermal_loop,357,controller_tick,35600000,35.6,1,0,35600000,356,35600000,RUNNING,,0,0,62,1,0,reconstructed_from_retained_wire,True,,,317.7911495604532,301.1244840135348,293.1499988549631,0.5274980000000011,0.65,178000.0000000007,177999.98232179985,0.00014999991971397566,18825.423634720464,-1.2291366147110239e-08,0.00015,301.124,293.15,317.791,0.0,150000,1,356,35600000,35600000,35600000,0,301124,1,356,35600000,35600000,35600000,0,293150,1,356,35600000,35600000,35600000,0,317791,1,356,35600000,35600000,35600000,0,0,1,356,35600000,35600000,35600000,0,1.0,0.527498,0.65,1.0,0.527498,0.65,1.0,0.527498,0.65,356,35900000,False,1.0,5000.0,300.0,500.0,600000000000.0,100000000000.0,,355
1,planned_restart,thermal_loop,358,controller_tick,35700000,35.7,1,0,35700000,357,35700000,RUNNING,,0,0,62,1,0,reconstructed_from_retained_wire,True,,,317.79114956381005,301.12448401527854,293.1499988556878,0.5274980000000011,0.65,178500.00000000073,178499.98226456612,0.00014999991971397566,18825.423634720464,-1.2468944987631403e-08,0.00015,301.124,293.15,317.791,0.0,150000,1,357,35700000,35700000,35700000,0,301124,1,357,35700000,35700000,35700000,0,293150,1,357,35700000,35700000,35700000,0,317791,1,357,35700000,35700000,35700000,0,0,1,357,35700000,35700000,35700000,0,1.0,0.527498,0.65,1.0,0.527498,0.65,1.0,0.527498,0.65,357,36000000,False,1.0,5000.0,300.0,500.0,600000000000.0,100000000000.0,,356
1,planned_restart,thermal_loop,359,controller_tick,35800000,35.8,1,0,35800000,358,35800000,RUNNING,,0,0,62,1,0,reconstructed_from_retained_wire,True,,,317.79114956716205,301.1244840170204,293.14999885641464,0.5274980000000011,0.65,179000.00000000076,178999.98220736868,0.00014999991971397566,18825.423634720464,-1.3265889720059931e-08,0.00015,301.124,293.15,317.791,0.0,150000,1,358,35800000,35800000,35800000,0,301124,1,358,35800000,35800000,35800000,0,293150,1,358,35800000,35800000,35800000,0,317791,1,358,35800000,35800000,35800000,0,0,1,358,35800000,35800000,35800000,0,1.0,0.527498,0.65,1.0,0.527498,0.65,1.0,0.527498,0.65,358,36100000,False,1.0,5000.0,300.0,500.0,600000000000.0,100000000000.0,,357
1,planned_restart,thermal_loop,360,controller_tick,35900000,35.9,1,0,35900000,359,35900000,RUNNING,,0,0,62,1,0,reconstructed_from_retained_wire,True,,,317.7911495705092,301.1244840187605,293.1499988571437,0.5274980000000011,0.65,179500.0000000008,179499.98215020762,0.00014999991971397566,18825.423634720464,-1.293165041715838e-08,0.00015,301.124,293.15,317.791,0.0,150000,1,359,35900000,35900000,35900000,0,301124,1,359,35900000,35900000,35900000,0,293150,1,359,35900000,35900000,35900000,0,317791,1,359,35900000,35900000,35900000,0,0,1,359,35900000,35900000,35900000,0,1.0,0.527498,0.65,1.0,0.527498,0.65,1.0,0.527498,0.65,359,36200000,False,1.0,5000.0,300.0,500.0,600000000000.0,100000000000.0,,358
1,planned_restart,thermal_loop,361,controller_tick,36000000,36.0,1,0,36000000,360,36000000,RUNNING,,0,0,62,1,0,reconstructed_from_retained_wire,True,,,317.79114957385156,301.1244840204987,293.1499988578749,0.5274980000000011,0.65,180000.0000000008,179999.9820930831,0.00014999991971397566,18825.423634720464,-1.3667659004568122e-08,0.00015,301.124,293.15,317.791,0.0,150000,1,360,36000000,36000000,36000000,0,301124,1,360,36000000,36000000,36000000,0,293150,1,360,36000000,36000000,36000000,0,317791,1,360,36000000,36000000,36000000,0,0,1,360,36000000,36000000,36000000,0,1.0,0.527498,0.65,1.0,0.527498,0.65,1.0,0.527498,0.65,360,36300000,False,1.0,5000.0,300.0,500.0,600000000000.0,100000000000.0,,359
1,planned_restart,thermal_loop,362,controller_tick,36100000,36.1,1,0,36100000,361,36100000,RUNNING,,0,0,62,1,0,reconstructed_from_retained_wire,True,,,317.79114957718906,301.12448402223515,293.14999885860817,0.5274980000000011,0.65,180500.00000000081,180499.98203599517,0.00014999991971397566,18825.423634720464,-1.4494389688479714e-08,0.00015,301.124,293.15,317.791,0.0,150000,1,361,36100000,36100000,36100000,0,301124,1,361,36100000,36100000,36100000,0,293150,1,361,36100000,36100000,36100000,0,317791,1,361,36100000,36100000,36100000,0,0,1,361,36100000,36100000,36100000,0,1.0,0.527498,0.65,1.0,0.527498,0.65,1.0,0.527498,0.65,361,36400000,False,1.0,5000.0,300.0,500.0,600000000000.0,100000000000.0,,360
1,planned_restart,thermal_loop,363,controller_tick,36200000,36.2,1,0,36200000,362,36200000,RUNNING,,0,0,62,1,0,reconstructed_from_retained_wire,True,,,317.7911495805218,301.1244840239699,293.1499988593436,0.5274980000000011,0.65,181000.00000000084,180999.98197894398,0.00014999991971397566,18825.423634720464,-1.350986167381052e-08,0.00015,301.124,293.15,317.791,0.0,150000,1,362,36200000,36200000,36200000,0,301124,1,362,36200000,36200000,36200000,0,293150,1,362,36200000,36200000,36200000,0,317791,1,362,36200000,36200000,36200000,0,0,1,362,36200000,36200000,36200000,0,1.0,0.527498,0.65,1.0,0.527498,0.65,1.0,0.527498,0.65,362,36500000,False,1.0,5000.0,300.0,500.0,600000000000.0,100000000000.0,,361
1,planned_restart,thermal_loop,364,controller_tick,36300000,36.3,1,0,36300000,363,36300000,RUNNING,,0,0,62,1,0,reconstructed_from_retained_wire,True,,,317.79114958384974,301.1244840257028,293.1499988600811,0.5274980000000011,0.65,181500.00000000087,181499.9819219296,0.00014999991971397566,18825.423634720464,-1.3002818377572112e-08,0.00015,301.124,293.15,317.791,0.0,150000,1,363,36300000,36300000,36300000,0,301124,1,363,36300000,36300000,36300000,0,293150,1,363,36300000,36300000,36300000,0,317791,1,363,36300000,36300000,36300000,0,0,1,363,36300000,36300000,36300000,0,1.0,0.527498,0.65,1.0,0.527498,0.65,1.0,0.527498,0.65,363,36600000,False,1.0,5000.0,300.0,500.0,600000000000.0,100000000000.0,,362
1,planned_restart,thermal_loop,365,controller_tick,36400000,36.4,1,0,36400000,364,36400000,RUNNING,,0,0,62,1,0,reconstructed_from_retained_wire,True,,,317.7911495871729,301.124484027434,293.1499988608206,0.5274980000000011,0.65,182000.00000000087,181999.98186495213,0.00014999991971397566,18825.423634720464,-1.3094449968775734e-08,0.00015,301.124,293.15,317.791,0.0,150000,1,364,36400000,36400000,36400000,0,301124,1,364,36400000,36400000,36400000,0,293150,1,364,36400000,36400000,36400000,0,317791,1,364,36400000,36400000,36400000,0,0,1,364,36400000,36400000,36400000,0,1.0,0.527498,0.65,1.0,0.527498,0.65,1.0,0.527498,0.65,364,36700000,False,1.0,5000.0,300.0,500.0,600000000000.0,100000000000.0,,363
1,planned_restart,thermal_loop,366,controller_tick,36500000,36.5,1,0,36500000,365,36500000,RUNNING,,0,0,62,1,0,reconstructed_from_retained_wire,True,,,317.79114959049133,301.12448402916345,293.14999886156204,0.5274980000000011,0.65,182500.0000000009,182499.9818080117,0.00014999991971397566,18825.423634720464,-1.322223397437483e-08,0.00015,301.124,293.15,317.791,0.0,150000,1,365,36500000,36500000,36500000,0,301124,1,365,36500000,36500000,36500000,0,293150,1,365,36500000,36500000,36500000,0,317791,1,365,36500000,36500000,36500000,0,0,1,365,36500000,36500000,36500000,0,1.0,0.527498,0.65,1.0,0.527498,0.65,1.0,0.527498,0.65,365,36800000,False,1.0,5000.0,300.0,500.0,600000000000.0,100000000000.0,,364
1,planned_restart,thermal_loop,367,controller_tick,36600000,36.6,1,0,36600000,366,36600000,RUNNING,,0,0,62,1,0,reconstructed_from_retained_wire,True,,,317.79114959380496,301.12448403089127,293.1499988623055,0.5274980000000011,0.65,183000.00000000093,182999.9817511084,0.00014999991971397566,18825.423634720464,-1.2823647921322845e-08,0.00015,301.124,293.15,317.791,0.0,150000,1,366,36600000,36600000,36600000,0,301124,1,366,36600000,36600000,36600000,0,293150,1,366,36600000,36600000,36600000,0,317791,1,366,36600000,36600000,36600000,0,0,1,366,36600000,36600000,36600000,0,1.0,0.527498,0.65,1.0,0.527498,0.65,1.0,0.527498,0.65,366,36900000,False,1.0,5000.0,300.0,500.0,600000000000.0,100000000000.0,,365
1,planned_restart,thermal_loop,368,controller_tick,36700000,36.7,1,0,36700000,367,36700000,RUNNING,,0,0,62,1,0,reconstructed_from_retained_wire,True,,,317.7911495971139,301.1244840326174,293.1499988630508,0.5274980000000011,0.65,183500.00000000096,183499.9816942423,0.00014999991971397566,18825.423634720464,-1.3114686225890182e-08,0.00015,301.124,293.15,317.791,0.0,150000,1,367,36700000,36700000,36700000,0,301124,1,367,36700000,36700000,36700000,0,293150,1,367,36700000,36700000,36700000,0,317791,1,367,36700000,36700000,36700000,0,0,1,367,36700000,36700000,36700000,0,1.0,0.527498,0.65,1.0,0.527498,0.65,1.0,0.527498,0.65,367,37000000,False,1.0,5000.0,300.0,500.0,600000000000.0,100000000000.0,,366
1,planned_restart,thermal_loop,369,controller_tick,36800000,36.8,1,0,36800000,368,36800000,RUNNING,,0,0,62,1,0,reconstructed_from_retained_wire,True,,,317.791149600418,301.12448403434183,293.1499988637981,0.5274980000000011,0.65,184000.000000001,183999.98163741353,0.00014999991971397566,18825.423634720464,-1.3388444131123833e-08,0.00015,301.124,293.15,317.791,0.0,150000,1,368,36800000,36800000,36800000,0,301124,1,368,36800000,36800000,36800000,0,293150,1,368,36800000,36800000,36800000,0,317791,1,368,36800000,36800000,36800000,0,0,1,368,36800000,36800000,36800000,0,1.0,0.527498,0.65,1.0,0.527498,0.65,1.0,0.527498,0.65,368,37100000,False,1.0,5000.0,300.0,500.0,600000000000.0,100000000000.0,,367
1,planned_restart,thermal_loop,370,controller_tick,36900000,36.9,1,0,36900000,369,36900000,RUNNING,,0,0,62,1,0,reconstructed_from_retained_wire,True,,,317.79114960371743,301.1244840360646,293.1499988645473,0.5274980000000011,0.65,184500.000000001,184499.98158062214,0.00014999991971397566,18825.423634720464,-1.3435283108265139e-08,0.00015,301.124,293.15,317.791,0.0,150000,1,369,36900000,36900000,36900000,0,301124,1,369,36900000,36900000,36900000,0,293150,1,369,36900000,36900000,36900000,0,317791,1,369,36900000,36900000,36900000,0,0,1,369,36900000,36900000,36900000,0,1.0,0.527498,0.65,1.0,0.527498,0.65,1.0,0.527498,0.65,369,37200000,False,1.0,5000.0,300.0,500.0,600000000000.0,100000000000.0,,368
1,planned_restart,thermal_loop,371,controller_tick,37000000,37.0,1,0,37000000,370,37000000,RUNNING,,0,0,62,1,0,reconstructed_from_retained_wire,True,,,317.7911496070121,301.12448403778575,293.1499988652983,0.5274980000000011,0.65,185000.00000000102,184999.9815238683,0.00014999991971397566,18825.423634720464,-1.4211536836228333e-08,0.00015,301.124,293.15,317.791,0.0,150000,1,370,37000000,37000000,37000000,0,301124,1,370,37000000,37000000,37000000,0,293150,1,370,37000000,37000000,37000000,0,317791,1,370,37000000,37000000,37000000,0,0,1,370,37000000,37000000,37000000,0,1.0,0.527498,0.65,1.0,0.527498,0.65,1.0,0.527498,0.65,370,37300000,False,1.0,5000.0,300.0,500.0,600000000000.0,100000000000.0,,369
1,planned_restart,thermal_loop,372,controller_tick,37100000,37.1,1,0,37100000,371,37100000,RUNNING,,0,0,62,1,0,reconstructed_from_retained_wire,True,,,317.79114961030206,301.12448403950526,293.14999886605125,0.5274980000000011,0.65,185500.00000000102,185499.98146715207,0.00014999991971397566,18825.423634720464,-1.3513499652617611e-08,0.00015,301.124,293.15,317.791,0.0,150000,1,371,37100000,37100000,37100000,0,301124,1,371,37100000,37100000,37100000,0,293150,1,371,37100000,37100000,37100000,0,317791,1,371,37100000,37100000,37100000,0,0,1,371,37100000,37100000,37100000,0,1.0,0.527498,0.65,1.0,0.527498,0.65,1.0,0.527498,0.65,371,37400000,False,1.0,5000.0,300.0,500.0,600000000000.0,100000000000.0,,370
1,planned_restart,thermal_loop,373,controller_tick,37200000,37.2,1,0,37200000,372,37200000,RUNNING,,0,0,62,1,0,reconstructed_from_retained_wire,True,,,317.79114961358727,301.1244840412232,293.1499988668059,0.5274980000000011,0.65,186000.00000000102,185999.9814104735,0.00014999991971397566,18825.423634720464,-1.4824991012574174e-08,0.00015,301.124,293.15,317.791,0.0,150000,1,372,37200000,37200000,37200000,0,301124,1,372,37200000,37200000,37200000,0,293150,1,372,37200000,37200000,37200000,0,317791,1,372,37200000,37200000,37200000,0,0,1,372,37200000,37200000,37200000,0,1.0,0.527498,0.65,1.0,0.527498,0.65,1.0,0.527498,0.65,372,37500000,False,1.0,5000.0,300.0,500.0,600000000000.0,100000000000.0,,371
1,planned_restart,thermal_loop,374,controller_tick,37300000,37.3,1,0,37300000,373,37300000,RUNNING,,0,0,62,1,0,reconstructed_from_retained_wire,True,,,317.7911496168678,301.12448404293946,293.14999886756243,0.5274980000000011,0.65,186500.00000000105,186499.9813538327,0.00014999991971397566,18825.423634720464,-1.5258592611644417e-08,0.00015,301.124,293.15,317.791,0.0,150000,1,373,37300000,37300000,37300000,0,301124,1,373,37300000,37300000,37300000,0,293150,1,373,37300000,37300000,37300000,0,317791,1,373,37300000,37300000,37300000,0,0,1,373,37300000,37300000,37300000,0,1.0,0.527498,0.65,1.0,0.527498,0.65,1.0,0.527498,0.65,373,37600000,False,1.0,5000.0,300.0,500.0,600000000000.0,100000000000.0,,372
1,planned_restart,thermal_loop,375,controller_tick,37400000,37.4,1,0,37400000,374,37400000,RUNNING,,0,0,62,1,0,reconstructed_from_retained_wire,True,,,317.7911496201437,301.1244840446542,293.1499988683207,0.5274980000000011,0.65,187000.00000000108,186999.9812972298,0.00014999991971397566,18825.423634720464,-1.5143996279221028e-08,0.00015,301.124,293.15,317.791,0.0,150000,1,374,37400000,37400000,37400000,0,301124,1,374,37400000,37400000,37400000,0,293150,1,374,37400000,37400000,37400000,0,317791,1,374,37400000,37400000,37400000,0,0,1,374,37400000,37400000,37400000,0,1.0,0.527498,0.65,1.0,0.527498,0.65,1.0,0.527498,0.65,374,37700000,False,1.0,5000.0,300.0,500.0,600000000000.0,100000000000.0,,373
1,planned_restart,thermal_loop,376,controller_tick,37500000,37.5,1,0,37500000,375,37500000,RUNNING,,0,0,62,1,0,reconstructed_from_retained_wire,True,,,317.7911496234149,301.1244840463674,293.1499988690807,0.5274980000000011,0.65,187500.00000000108,187499.9812406648,0.00014999991971397566,18825.423634720464,-1.5135810826905072e-08,0.00015,301.124,293.15,317.791,0.0,150000,1,375,37500000,37500000,37500000,0,301124,1,375,37500000,37500000,37500000,0,293150,1,375,37500000,37500000,37500000,0,317791,1,375,37500000,37500000,37500000,0,0,1,375,37500000,37500000,37500000,0,1.0,0.527498,0.65,1.0,0.527498,0.65,1.0,0.527498,0.65,375,37800000,False,1.0,5000.0,300.0,500.0,600000000000.0,100000000000.0,,374
1,planned_restart,thermal_loop,377,controller_tick,37600000,37.6,1,0,37600000,376,37600000,RUNNING,,0,0,62,1,0,reconstructed_from_retained_wire,True,,,317.7911496266815,301.12448404807907,293.1499988698425,0.5274980000000011,0.65,188000.0000000011,187999.98118413787,0.00014999991971397566,18825.423634720464,-1.4463012121268548e-08,0.00015,301.124,293.15,317.791,0.0,150000,1,376,37600000,37600000,37600000,0,301124,1,376,37600000,37600000,37600000,0,293150,1,376,37600000,37600000,37600000,0,317791,1,376,37600000,37600000,37600000,0,0,1,376,37600000,37600000,37600000,0,1.0,0.527498,0.65,1.0,0.527498,0.65,1.0,0.527498,0.65,376,37900000,False,1.0,5000.0,300.0,500.0,600000000000.0,100000000000.0,,375
1,planned_restart,thermal_loop,378,controller_tick,37700000,37.7,1,0,37700000,377,37700000,RUNNING,,0,0,62,1,0,reconstructed_from_retained_wire,True,,,317.79114962994333,301.12448404978915,293.14999887060594,0.5274980000000011,0.65,188500.0000000011,188499.98112764908,0.00014999991971397566,18825.423634720464,-1.4707438822370023e-08,0.00015,301.124,293.15,317.791,0.0,150000,1,377,37700000,37700000,37700000,0,301124,1,377,37700000,37700000,37700000,0,293150,1,377,37700000,37700000,37700000,0,317791,1,377,37700000,37700000,37700000,0,0,1,377,37700000,37700000,37700000,0,1.0,0.527498,0.65,1.0,0.527498,0.65,1.0,0.527498,0.65,377,38000000,False,1.0,5000.0,300.0,500.0,600000000000.0,100000000000.0,,376
1,planned_restart,thermal_loop,379,controller_tick,37800000,37.8,1,0,37800000,378,37800000,RUNNING,,0,0,62,1,0,reconstructed_from_retained_wire,True,,,317.7911496332005,301.1244840514977,293.14999887137105,0.5274980000000011,0.65,189000.00000000114,188999.98107119853,0.00014999991971397566,18825.423634720464,-1.550915840198286e-08,0.00015,301.124,293.15,317.791,0.0,150000,1,378,37800000,37800000,37800000,0,301124,1,378,37800000,37800000,37800000,0,293150,1,378,37800000,37800000,37800000,0,317791,1,378,37800000,37800000,37800000,0,0,1,378,37800000,37800000,37800000,0,1.0,0.527498,0.65,1.0,0.527498,0.65,1.0,0.527498,0.65,378,38100000,False,1.0,5000.0,300.0,500.0,600000000000.0,100000000000.0,,377
1,planned_restart,thermal_loop,380,controller_tick,37900000,37.9,1,0,37900000,379,37900000,RUNNING,,0,0,62,1,0,reconstructed_from_retained_wire,True,,,317.7911496364531,301.12448405320475,293.1499988721378,0.5274980000000011,0.65,189500.00000000114,189499.98101478626,0.00014999991971397566,18825.423634720464,-1.573721419845242e-08,0.00015,301.124,293.15,317.791,0.0,150000,1,379,37900000,37900000,37900000,0,301124,1,379,37900000,37900000,37900000,0,293150,1,379,37900000,37900000,37900000,0,317791,1,379,37900000,37900000,37900000,0,0,1,379,37900000,37900000,37900000,0,1.0,0.527498,0.65,1.0,0.527498,0.65,1.0,0.527498,0.65,379,38200000,False,1.0,5000.0,300.0,500.0,600000000000.0,100000000000.0,,378
1,planned_restart,thermal_loop,381,controller_tick,38000000,38.0,1,0,38000000,380,38000000,RUNNING,,0,0,62,1,0,reconstructed_from_retained_wire,True,,,317.791149639701,301.1244840549103,293.1499988729062,0.5274980000000011,0.65,190000.00000000116,189999.98095841237,0.00014999991971397566,18825.423634720464,-1.6377043721149676e-08,0.00015,301.124,293.15,317.791,0.0,150000,1,380,38000000,38000000,38000000,0,301124,1,380,38000000,38000000,38000000,0,293150,1,380,38000000,38000000,38000000,0,317791,1,380,38000000,38000000,38000000,0,0,1,380,38000000,38000000,38000000,0,1.0,0.527498,0.65,1.0,0.527498,0.65,1.0,0.527498,0.65,380,38300000,False,1.0,5000.0,300.0,500.0,600000000000.0,100000000000.0,,379
1,planned_restart,thermal_loop,382,controller_tick,38100000,38.1,1,0,38100000,381,38100000,RUNNING,,0,0,62,1,0,reconstructed_from_retained_wire,True,,,317.79114964294433,301.1244840566144,293.1499988736762,0.5274980000000011,0.65,190500.0000000012,190499.98090207693,0.00014999991971397566,18825.423634720464,-1.6535295799258165e-08,0.00015,301.124,293.15,317.791,0.0,150000,1,381,38100000,38100000,38100000,0,301124,1,381,38100000,38100000,38100000,0,293150,1,381,38100000,38100000,38100000,0,317791,1,381,38100000,38100000,38100000,0,0,1,381,38100000,38100000,38100000,0,1.0,0.527498,0.65,1.0,0.527498,0.65,1.0,0.527498,0.65,381,38400000,False,1.0,5000.0,300.0,500.0,600000000000.0,100000000000.0,,380
1,planned_restart,thermal_loop,383,controller_tick,38200000,38.2,1,0,38200000,382,38200000,RUNNING,,0,0,62,1,0,reconstructed_from_retained_wire,True,,,317.79114964618304,301.124484058317,293.1499988744479,0.5274980000000011,0.65,191000.00000000122,190999.98084578005,0.00014999991971397566,18825.423634720464,-1.5857949620112777e-08,0.00015,301.124,293.15,317.791,0.0,150000,1,382,38200000,38200000,38200000,0,301124,1,382,38200000,38200000,38200000,0,293150,1,382,38200000,38200000,38200000,0,317791,1,382,38200000,38200000,38200000,0,0,1,382,38200000,38200000,38200000,0,1.0,0.527498,0.65,1.0,0.527498,0.65,1.0,0.527498,0.65,382,38500000,False,1.0,5000.0,300.0,500.0,600000000000.0,100000000000.0,,381
1,planned_restart,thermal_loop,384,controller_tick,38300000,38.3,1,0,38300000,383,38300000,RUNNING,,0,0,62,1,0,reconstructed_from_retained_wire,True,,,317.79114964941715,301.1244840600182,293.1499988752211,0.5274980000000011,0.65,191500.00000000125,191499.9807895218,0.00014999991971397566,18825.423634720464,-1.4999613995314576e-08,0.00015,301.124,293.15,317.791,0.0,150000,1,383,38300000,38300000,38300000,0,301124,1,383,38300000,38300000,38300000,0,293150,1,383,38300000,38300000,38300000,0,317791,1,383,38300000,38300000,38300000,0,0,1,383,38300000,38300000,38300000,0,1.0,0.527498,0.65,1.0,0.527498,0.65,1.0,0.527498,0.65,383,38600000,False,1.0,5000.0,300.0,500.0,600000000000.0,100000000000.0,,382
1,planned_restart,thermal_loop,385,controller_tick,38400000,38.4,1,0,38400000,384,38400000,RUNNING,,0,0,62,1,0,reconstructed_from_retained_wire,True,,,317.79114965264665,301.12448406171785,293.14999887599583,0.5274980000000011,0.65,192000.00000000128,191999.98073330225,0.00014999991971397566,18825.423634720464,-1.5298610378522426e-08,0.00015,301.124,293.15,317.791,0.0,150000,1,384,38400000,38400000,38400000,0,301124,1,384,38400000,38400000,38400000,0,293150,1,384,38400000,38400000,38400000,0,317791,1,384,38400000,38400000,38400000,0,0,1,384,38400000,38400000,38400000,0,1.0,0.527498,0.65,1.0,0.527498,0.65,1.0,0.527498,0.65,384,38700000,False,1.0,5000.0,300.0,500.0,600000000000.0,100000000000.0,,383
1,planned_restart,thermal_loop,386,controller_tick,38500000,38.5,1,0,38500000,385,38500000,RUNNING,,0,0,62,1,0,reconstructed_from_retained_wire,True,,,317.7911496558716,301.1244840634161,293.1499988767721,0.5274980000000011,0.65,192500.00000000128,192499.98067712144,0.00014999991971397566,18825.423634720464,-1.4940269466023892e-08,0.00015,301.124,293.15,317.791,0.0,150000,1,385,38500000,38500000,38500000,0,301124,1,385,38500000,38500000,38500000,0,293150,1,385,38500000,38500000,38500000,0,317791,1,385,38500000,38500000,38500000,0,0,1,385,38500000,38500000,38500000,0,1.0,0.527498,0.65,1.0,0.527498,0.65,1.0,0.527498,0.65,385,38800000,False,1.0,5000.0,300.0,500.0,600000000000.0,100000000000.0,,384
1,planned_restart,thermal_loop,387,controller_tick,38600000,38.6,1,0,38600000,386,38600000,RUNNING,,0,0,62,1,0,reconstructed_from_retained_wire,True,,,317.79114965909196,301.12448406511294,293.1499988775499,0.5274980000000011,0.65,193000.0000000013,192999.98062097948,0.00014999991971397566,18825.423634720464,-1.4434817785513587e-08,0.00015,301.124,293.15,317.791,0.0,150000,1,386,38600000,38600000,38600000,0,301124,1,386,38600000,38600000,38600000,0,293150,1,386,38600000,38600000,38600000,0,317791,1,386,38600000,38600000,38600000,0,0,1,386,38600000,38600000,38600000,0,1.0,0.527498,0.65,1.0,0.527498,0.65,1.0,0.527498,0.65,386,38900000,False,1.0,5000.0,300.0,500.0,600000000000.0,100000000000.0,,385
1,planned_restart,thermal_loop,388,controller_tick,38700000,38.7,1,0,38700000,387,38700000,RUNNING,,0,0,62,1,0,reconstructed_from_retained_wire,True,,,317.7911496623077,301.1244840668083,293.14999887832914,0.5274980000000011,0.65,193500.00000000134,193499.98056487643,0.00014999991971397566,18825.423634720464,-1.4882971299812198e-08,0.00015,301.124,293.15,317.791,0.0,150000,1,387,38700000,38700000,38700000,0,301124,1,387,38700000,38700000,38700000,0,293150,1,387,38700000,38700000,38700000,0,317791,1,387,38700000,38700000,38700000,0,0,1,387,38700000,38700000,38700000,0,1.0,0.527498,0.65,1.0,0.527498,0.65,1.0,0.527498,0.65,387,39000000,False,1.0,5000.0,300.0,500.0,600000000000.0,100000000000.0,,386
1,planned_restart,thermal_loop,389,controller_tick,38800000,38.8,1,0,38800000,388,38800000,RUNNING,,0,0,62,1,0,reconstructed_from_retained_wire,True,,,317.7911496655189,301.1244840685023,293.14999887910983,0.5274980000000011,0.65,194000.00000000137,193999.98050881238,0.00014999991971397566,18825.423634720464,-1.5391378838103265e-08,0.00015,301.124,293.15,317.791,0.0,150000,1,388,38800000,38800000,38800000,0,301124,1,388,38800000,38800000,38800000,0,293150,1,388,38800000,38800000,38800000,0,317791,1,388,38800000,38800000,38800000,0,0,1,388,38800000,38800000,38800000,0,1.0,0.527498,0.65,1.0,0.527498,0.65,1.0,0.527498,0.65,388,39100000,False,1.0,5000.0,300.0,500.0,600000000000.0,100000000000.0,,387
1,planned_restart,thermal_loop,390,controller_tick,38900000,38.9,1,0,38900000,389,38900000,RUNNING,,0,0,62,1,0,reconstructed_from_retained_wire,True,,,317.79114966872555,301.12448407019485,293.14999887989194,0.5274980000000011,0.65,194500.00000000137,194499.98045278742,0.00014999991971397566,18825.423634720464,-1.6318836060236208e-08,0.00015,301.124,293.15,317.791,0.0,150000,1,389,38900000,38900000,38900000,0,301124,1,389,38900000,38900000,38900000,0,293150,1,389,38900000,38900000,38900000,0,317791,1,389,38900000,38900000,38900000,0,0,1,389,38900000,38900000,38900000,0,1.0,0.527498,0.65,1.0,0.527498,0.65,1.0,0.527498,0.65,389,39200000,False,1.0,5000.0,300.0,500.0,600000000000.0,100000000000.0,,388
1,planned_restart,thermal_loop,391,controller_tick,39000000,39.0,1,0,39000000,390,39000000,RUNNING,,0,0,62,1,0,reconstructed_from_retained_wire,True,,,317.79114967192766,301.124484071886,293.1499988806755,0.5274980000000011,0.65,195000.0000000014,194999.98039680163,0.00014999991971397566,18825.423634720464,-1.6923422663239762e-08,0.00015,301.124,293.15,317.791,0.0,150000,1,390,39000000,39000000,39000000,0,301124,1,390,39000000,39000000,39000000,0,293150,1,390,39000000,39000000,39000000,0,317791,1,390,39000000,39000000,39000000,0,0,1,390,39000000,39000000,39000000,0,1.0,0.527498,0.65,1.0,0.527498,0.65,1.0,0.527498,0.65,390,39300000,False,1.0,5000.0,300.0,500.0,600000000000.0,100000000000.0,,389
1,planned_restart,thermal_loop,392,controller_tick,39100000,39.1,1,0,39100000,391,39100000,RUNNING,,0,0,62,1,0,reconstructed_from_retained_wire,True,,,317.7911496751253,301.12448407357584,293.1499988814605,0.5274980000000011,0.65,195500.00000000143,195499.98034085505,0.00014999991971397566,18825.423634720464,-1.6485273590660654e-08,0.00015,301.124,293.15,317.791,0.0,150000,1,391,39100000,39100000,39100000,0,301124,1,391,39100000,39100000,39100000,0,293150,1,391,39100000,39100000,39100000,0,317791,1,391,39100000,39100000,39100000,0,0,1,391,39100000,39100000,39100000,0,1.0,0.527498,0.65,1.0,0.527498,0.65,1.0,0.527498,0.65,391,39400000,False,1.0,5000.0,300.0,500.0,600000000000.0,100000000000.0,,390
1,planned_restart,thermal_loop,393,controller_tick,39200000,39.2,1,0,39200000,392,39200000,RUNNING,,0,0,62,1,0,reconstructed_from_retained_wire,True,,,317.79114967831845,301.12448407526426,293.1499988822468,0.5274980000000011,0.65,196000.00000000146,195999.98028494773,0.00014999991971397566,18825.423634720464,-1.7033471522154287e-08,0.00015,301.124,293.15,317.791,0.0,150000,1,392,39200000,39200000,39200000,0,301124,1,392,39200000,39200000,39200000,0,293150,1,392,39200000,39200000,39200000,0,317791,1,392,39200000,39200000,39200000,0,0,1,392,39200000,39200000,39200000,0,1.0,0.527498,0.65,1.0,0.527498,0.65,1.0,0.527498,0.65,392,39500000,False,1.0,5000.0,300.0,500.0,600000000000.0,100000000000.0,,391
1,planned_restart,thermal_loop,394,controller_tick,39300000,39.3,1,0,39300000,393,39300000,RUNNING,,0,0,62,1,0,reconstructed_from_retained_wire,True,,,317.791149681507,301.1244840769513,293.1499988830345,0.5274980000000011,0.65,196500.00000000146,196499.98022907975,0.00014999991971397566,18825.423634720464,-1.7263573681702837e-08,0.00015,301.124,293.15,317.791,0.0,150000,1,393,39300000,39300000,39300000,0,301124,1,393,39300000,39300000,39300000,0,293150,1,393,39300000,39300000,39300000,0,317791,1,393,39300000,39300000,39300000,0,0,1,393,39300000,39300000,39300000,0,1.0,0.527498,0.65,1.0,0.527498,0.65,1.0,0.527498,0.65,393,39600000,False,1.0,5000.0,300.0,500.0,600000000000.0,100000000000.0,,392
1,planned_restart,thermal_loop,395,controller_tick,39400000,39.4,1,0,39400000,394,39400000,RUNNING,,0,0,62,1,0,reconstructed_from_retained_wire,True,,,317.7911496846911,301.12448407863707,293.14999888382357,0.5274980000000011,0.65,197000.00000000148,196999.9801732512,0.00014999991971397566,18825.423634720464,-1.7528464013594203e-08,0.00015,301.124,293.15,317.791,0.0,150000,1,394,39400000,39400000,39400000,0,301124,1,394,39400000,39400000,39400000,0,293150,1,394,39400000,39400000,39400000,0,317791,1,394,39400000,39400000,39400000,0,0,1,394,39400000,39400000,39400000,0,1.0,0.527498,0.65,1.0,0.527498,0.65,1.0,0.527498,0.65,394,39700000,False,1.0,5000.0,300.0,500.0,600000000000.0,100000000000.0,,393
1,planned_restart,thermal_loop,396,controller_tick,39500000,39.5,1,0,39500000,395,39500000,RUNNING,,0,0,62,1,0,reconstructed_from_retained_wire,True,,,317.7911496878707,301.1244840803214,293.149998884614,0.5274980000000011,0.65,197500.0000000015,197499.98011746214,0.00014999991971397566,18825.423634720464,-1.8007540347753093e-08,0.00015,301.124,293.15,317.791,0.0,150000,1,395,39500000,39500000,39500000,0,301124,1,395,39500000,39500000,39500000,0,293150,1,395,39500000,39500000,39500000,0,317791,1,395,39500000,39500000,39500000,0,0,1,395,39500000,39500000,39500000,0,1.0,0.527498,0.65,1.0,0.527498,0.65,1.0,0.527498,0.65,395,39800000,False,1.0,5000.0,300.0,500.0,600000000000.0,100000000000.0,,394
1,planned_restart,thermal_loop,397,controller_tick,39600000,39.6,1,0,39600000,396,39600000,RUNNING,,0,0,62,1,0,reconstructed_from_retained_wire,True,,,317.7911496910458,301.1244840820044,293.14999888540564,0.5274980000000011,0.65,198000.00000000154,197999.98006171265,0.00014999991971397566,18825.423634720464,-1.9059598344028927e-08,0.00015,301.124,293.15,317.791,0.0,150000,1,396,39600000,39600000,39600000,0,301124,1,396,39600000,39600000,39600000,0,293150,1,396,39600000,39600000,39600000,0,317791,1,396,39600000,39600000,39600000,0,0,1,396,39600000,39600000,39600000,0,1.0,0.527498,0.65,1.0,0.527498,0.65,1.0,0.527498,0.65,396,39900000,False,1.0,5000.0,300.0,500.0,600000000000.0,100000000000.0,,395
1,planned_restart,thermal_loop,398,controller_tick,39700000,39.7,1,0,39700000,397,39700000,RUNNING,,0,0,62,1,0,reconstructed_from_retained_wire,True,,,317.7911496942164,301.1244840836861,293.14999888619866,0.5274980000000011,0.65,198500.00000000154,198499.98000600276,0.00014999991971397566,18825.423634720464,-1.9200797396479174e-08,0.00015,301.124,293.15,317.791,0.0,150000,1,397,39700000,39700000,39700000,0,301124,1,397,39700000,39700000,39700000,0,293150,1,397,39700000,39700000,39700000,0,317791,1,397,39700000,39700000,39700000,0,0,1,397,39700000,39700000,39700000,0,1.0,0.527498,0.65,1.0,0.527498,0.65,1.0,0.527498,0.65,397,40000000,False,1.0,5000.0,300.0,500.0,600000000000.0,100000000000.0,,396
1,planned_restart,thermal_loop,399,controller_tick,39800000,39.8,1,0,39800000,398,39800000,RUNNING,,0,0,62,1,0,reconstructed_from_retained_wire,True,,,317.7911496973826,301.12448408536653,293.14999888699293,0.5274980000000011,0.65,199000.00000000157,198999.97995033255,0.00014999991971397566,18825.423634720464,-1.928833626152482e-08,0.00015,301.124,293.15,317.791,0.0,150000,1,398,39800000,39800000,39800000,0,301124,1,398,39800000,39800000,39800000,0,293150,1,398,39800000,39800000,39800000,0,317791,1,398,39800000,39800000,39800000,0,0,1,398,39800000,39800000,39800000,0,1.0,0.527498,0.65,1.0,0.527498,0.65,1.0,0.527498,0.65,398,40100000,False,1.0,5000.0,300.0,500.0,600000000000.0,100000000000.0,,397
1,planned_restart,thermal_loop,400,controller_tick,39900000,39.9,1,0,39900000,399,39900000,RUNNING,,0,0,62,1,0,reconstructed_from_retained_wire,True,,,317.7911497005443,301.12448408704563,293.14999888778846,0.5274980000000011,0.65,199500.0000000016,199499.9798947021,0.00014999991971397566,18825.423634720464,-1.9774233805947006e-08,0.00015,301.124,293.15,317.791,0.0,150000,1,399,39900000,39900000,39900000,0,301124,1,399,39900000,39900000,39900000,0,293150,1,399,39900000,39900000,39900000,0,317791,1,399,39900000,39900000,39900000,0,0,1,399,39900000,39900000,39900000,0,1.0,0.527498,0.65,1.0,0.527498,0.65,1.0,0.527498,0.65,399,40200000,False,1.0,5000.0,300.0,500.0,600000000000.0,100000000000.0,,398
1,planned_restart,thermal_loop,401,controller_tick,40000000,40.0,1,0,40000000,400,40000000,RUNNING,,0,0,62,1,0,reconstructed_from_retained_wire,True,,,317.79114970370154,301.1244840887235,293.14999888858523,0.5274980000000011,0.65,200000.00000000163,199999.97983911145,0.00014999991971397566,18825.423634720464,-1.9556637198547833e-08,0.00015,301.124,293.15,317.791,0.0,150000,1,400,40000000,40000000,40000000,0,301124,1,400,40000000,40000000,40000000,0,293150,1,400,40000000,40000000,40000000,0,317791,1,400,40000000,40000000,40000000,0,0,1,400,40000000,40000000,40000000,0,1.0,0.527498,0.65,1.0,0.527498,0.65,1.0,0.527498,0.65,400,40300000,False,1.0,5000.0,300.0,500.0,600000000000.0,100000000000.0,,399
1,planned_restart,thermal_loop,402,controller_tick,40100000,40.1,1,0,40100000,401,40100000,RUNNING,,0,0,62,1,0,reconstructed_from_retained_wire,True,,,317.7911497068544,301.12448409039996,293.14999888938326,0.5274980000000011,0.65,200500.00000000166,200499.97978356067,0.00014999991971397566,18825.423634720464,-1.8959326553158462e-08,0.00015,301.124,293.15,317.791,0.0,150000,1,401,40100000,40100000,40100000,0,301124,1,401,40100000,40100000,40100000,0,293150,1,401,40100000,40100000,40100000,0,317791,1,401,40100000,40100000,40100000,0,0,1,401,40100000,40100000,40100000,0,1.0,0.527498,0.65,1.0,0.527498,0.65,1.0,0.527498,0.65,401,40400000,False,1.0,5000.0,300.0,500.0,600000000000.0,100000000000.0,,400
1,planned_restart,thermal_loop,403,controller_tick,40200000,40.2,1,0,40200000,402,40200000,RUNNING,,0,0,62,1,0,reconstructed_from_retained_wire,True,,,317.79114971000286,301.1244840920752,293.1499988901825,0.5274980000000011,0.65,201000.0000000017,200999.97972804983,0.00014999991971397566,18825.423634720464,-1.825492290663533e-08,0.00015,301.124,293.15,317.791,0.0,150000,1,402,40200000,40200000,40200000,0,301124,1,402,40200000,40200000,40200000,0,293150,1,402,40200000,40200000,40200000,0,317791,1,402,40200000,40200000,40200000,0,0,1,402,40200000,40200000,40200000,0,1.0,0.527498,0.65,1.0,0.527498,0.65,1.0,0.527498,0.65,402,40500000,False,1.0,5000.0,300.0,500.0,600000000000.0,100000000000.0,,401
1,planned_restart,thermal_loop,404,controller_tick,40300000,40.3,1,0,40300000,403,40300000,RUNNING,,0,0,62,1,0,reconstructed_from_retained_wire,True,,,317.79114971314686,301.1244840937492,293.1499988909829,0.5274980000000011,0.65,201500.00000000172,201499.97967257895,0.00014999991971397566,18825.423634720464,-1.74143224285217e-08,0.00015,301.124,293.15,317.791,0.0,150000,1,403,40300000,40300000,40300000,0,301124,1,403,40300000,40300000,40300000,0,293150,1,403,40300000,40300000,40300000,0,317791,1,403,40300000,40300000,40300000,0,0,1,403,40300000,40300000,40300000,0,1.0,0.527498,0.65,1.0,0.527498,0.65,1.0,0.527498,0.65,403,40600000,False,1.0,5000.0,300.0,500.0,600000000000.0,100000000000.0,,402
1,planned_restart,thermal_loop,405,controller_tick,40400000,40.4,1,0,40400000,404,40400000,RUNNING,,0,0,62,1,0,reconstructed_from_retained_wire,True,,,317.79114971628644,301.1244840954218,293.1499988917845,0.5274980000000011,0.65,202000.00000000175,201999.97961714814,0.00014999991971397566,18825.423634720464,-1.727153176034335e-08,0.00015,301.124,293.15,317.791,0.0,150000,1,404,40400000,40400000,40400000,0,301124,1,404,40400000,40400000,40400000,0,293150,1,404,40400000,40400000,40400000,0,317791,1,404,40400000,40400000,40400000,0,0,1,404,40400000,40400000,40400000,0,1.0,0.527498,0.65,1.0,0.527498,0.65,1.0,0.527498,0.65,404,40700000,False,1.0,5000.0,300.0,500.0,600000000000.0,100000000000.0,,403
1,planned_restart,thermal_loop,406,controller_tick,40500000,40.5,1,0,40500000,405,40500000,RUNNING,,0,0,62,1,0,reconstructed_from_retained_wire,True,,,317.79114971942164,301.12448409709316,293.14999889258723,0.5274980000000011,0.65,202500.00000000178,202499.97956175744,0.00014999991971397566,18825.423634720464,-1.699140739219729e-08,0.00015,301.124,293.15,317.791,0.0,150000,1,405,40500000,40500000,40500000,0,301124,1,405,40500000,40500000,40500000,0,293150,1,405,40500000,40500000,40500000,0,317791,1,405,40500000,40500000,40500000,0,0,1,405,40500000,40500000,40500000,0,1.0,0.527498,0.65,1.0,0.527498,0.65,1.0,0.527498,0.65,405,40800000,False,1.0,5000.0,300.0,500.0,600000000000.0,100000000000.0,,404
1,planned_restart,thermal_loop,407,controller_tick,40600000,40.6,1,0,40600000,406,40600000,RUNNING,,0,0,62,1,0,reconstructed_from_retained_wire,True,,,317.79114972255246,301.1244840987633,293.14999889339106,0.5274980000000011,0.65,203000.0000000018,202999.9795064069,0.00014999991971397566,18825.423634720464,-1.722855813568458e-08,0.00015,301.124,293.15,317.791,0.0,150000,1,406,40600000,40600000,40600000,0,301124,1,406,40600000,40600000,40600000,0,293150,1,406,40600000,40600000,40600000,0,317791,1,406,40600000,40600000,40600000,0,0,1,406,40600000,40600000,40600000,0,1.0,0.527498,0.65,1.0,0.527498,0.65,1.0,0.527498,0.65,406,40900000,False,1.0,5000.0,300.0,500.0,600000000000.0,100000000000.0,,405
1,planned_restart,thermal_loop,408,controller_tick,40700000,40.7,1,0,40700000,407,40700000,RUNNING,,0,0,62,1,0,reconstructed_from_retained_wire,True,,,317.79114972567896,301.12448410043214,293.149998894196,0.5274980000000011,0.65,203500.00000000183,203499.9794510966,0.00014999991971397566,18825.423634720464,-1.6643525668769144e-08,0.00015,301.124,293.15,317.791,0.0,150000,1,407,40700000,40700000,40700000,0,301124,1,407,40700000,40700000,40700000,0,293150,1,407,40700000,40700000,40700000,0,317791,1,407,40700000,40700000,40700000,0,0,1,407,40700000,40700000,40700000,0,1.0,0.527498,0.65,1.0,0.527498,0.65,1.0,0.527498,0.65,407,41000000,False,1.0,5000.0,300.0,500.0,600000000000.0,100000000000.0,,406
1,planned_restart,thermal_loop,409,controller_tick,40800000,40.8,1,0,40800000,408,40800000,RUNNING,,0,0,62,1,0,reconstructed_from_retained_wire,True,,,317.79114972880103,301.12448410209976,293.14999889500206,0.5274980000000011,0.65,204000.00000000186,203999.97939582652,0.00014999991971397566,18825.423634720464,-1.705689101072494e-08,0.00015,301.124,293.15,317.791,0.0,150000,1,408,40800000,40800000,40800000,0,301124,1,408,40800000,40800000,40800000,0,293150,1,408,40800000,40800000,40800000,0,317791,1,408,40800000,40800000,40800000,0,0,1,408,40800000,40800000,40800000,0,1.0,0.527498,0.65,1.0,0.527498,0.65,1.0,0.527498,0.65,408,41100000,False,1.0,5000.0,300.0,500.0,600000000000.0,100000000000.0,,407
1,planned_restart,thermal_loop,410,controller_tick,40900000,40.9,1,0,40900000,409,40900000,RUNNING,,0,0,62,1,0,reconstructed_from_retained_wire,True,,,317.7911497319188,301.1244841037662,293.14999889580923,0.5274980000000011,0.65,204500.0000000019,204499.9793405968,0.00014999991971397566,18825.423634720464,-1.6056446838774718e-08,0.00015,301.124,293.15,317.791,0.0,150000,1,409,40900000,40900000,40900000,0,301124,1,409,40900000,40900000,40900000,0,293150,1,409,40900000,40900000,40900000,0,317791,1,409,40900000,40900000,40900000,0,0,1,409,40900000,40900000,40900000,0,1.0,0.527498,0.65,1.0,0.527498,0.65,1.0,0.527498,0.65,409,41200000,False,1.0,5000.0,300.0,500.0,600000000000.0,100000000000.0,,408
1,planned_restart,thermal_loop,411,controller_tick,41000000,41.0,1,0,41000000,410,41000000,RUNNING,,0,0,62,1,0,reconstructed_from_retained_wire,True,,,317.79114973503215,301.12448410543135,293.14999889661743,0.5274980000000011,0.65,205000.00000000192,204999.97928540743,0.00014999991971397566,18825.423634720464,-1.6082367437775247e-08,0.00015,301.124,293.15,317.791,0.0,150000,1,410,41000000,41000000,41000000,0,301124,1,410,41000000,41000000,41000000,0,293150,1,410,41000000,41000000,41000000,0,317791,1,410,41000000,41000000,41000000,0,0,1,410,41000000,41000000,41000000,0,1.0,0.527498,0.65,1.0,0.527498,0.65,1.0,0.527498,0.65,410,41300000,False,1.0,5000.0,300.0,500.0,600000000000.0,100000000000.0,,409
1,planned_restart,thermal_loop,412,controller_tick,41100000,41.1,1,0,41100000,411,41100000,RUNNING,,0,0,62,1,0,reconstructed_from_retained_wire,True,,,317.79114973814114,301.12448410709527,293.1499988974267,0.5274980000000011,0.65,205500.00000000195,205499.97923025853,0.00014999991971397566,18825.423634720464,-1.633452484384179e-08,0.00015,301.124,293.15,317.791,0.0,150000,1,411,41100000,41100000,41100000,0,301124,1,411,41100000,41100000,41100000,0,293150,1,411,41100000,41100000,41100000,0,317791,1,411,41100000,41100000,41100000,0,0,1,411,41100000,41100000,41100000,0,1.0,0.527498,0.65,1.0,0.527498,0.65,1.0,0.527498,0.65,411,41400000,False,1.0,5000.0,300.0,500.0,600000000000.0,100000000000.0,,410
1,planned_restart,thermal_loop,413,controller_tick,41200000,41.2,1,0,41200000,412,41200000,RUNNING,,0,0,62,1,0,reconstructed_from_retained_wire,True,,,317.7911497412458,301.12448410875794,293.149998898237,0.5274980000000011,0.65,206000.00000000198,205999.9791751501,0.00014999991971397566,18825.423634720464,-1.692819751042407e-08,0.00015,301.124,293.15,317.791,0.0,150000,1,412,41200000,41200000,41200000,0,301124,1,412,41200000,41200000,41200000,0,293150,1,412,41200000,41200000,41200000,0,317791,1,412,41200000,41200000,41200000,0,0,1,412,41200000,41200000,41200000,0,1.0,0.527498,0.65,1.0,0.527498,0.65,1.0,0.527498,0.65,412,41500000,False,1.0,5000.0,300.0,500.0,600000000000.0,100000000000.0,,411
1,planned_restart,thermal_loop,414,controller_tick,41300000,41.3,1,0,41300000,413,41300000,RUNNING,,0,0,62,1,0,reconstructed_from_retained_wire,True,,,317.79114974434617,301.1244841104194,293.14999889904834,0.5274980000000011,0.65,206500.00000000198,206499.97912008225,0.00014999991971397566,18825.423634720464,-1.7271759134018794e-08,0.00015,301.124,293.15,317.791,0.0,150000,1,413,41300000,41300000,41300000,0,301124,1,413,41300000,41300000,41300000,0,293150,1,413,41300000,41300000,41300000,0,317791,1,413,41300000,41300000,41300000,0,0,1,413,41300000,41300000,41300000,0,1.0,0.527498,0.65,1.0,0.527498,0.65,1.0,0.527498,0.65,413,41600000,False,1.0,5000.0,300.0,500.0,600000000000.0,100000000000.0,,412
1,planned_restart,thermal_loop,415,controller_tick,41400000,41.4,1,0,41400000,414,41400000,RUNNING,,0,0,62,1,0,reconstructed_from_retained_wire,True,,,317.7911497474422,301.12448411207976,293.1499988998607,0.5274980000000011,0.65,207000.000000002,206999.97906505497,0.00014999991971397566,18825.423634720464,-1.6948206393863074e-08,0.00015,301.124,293.15,317.791,0.0,150000,1,414,41400000,41400000,41400000,0,301124,1,414,41400000,41400000,41400000,0,293150,1,414,41400000,41400000,41400000,0,317791,1,414,41400000,41400000,41400000,0,0,1,414,41400000,41400000,41400000,0,1.0,0.527498,0.65,1.0,0.527498,0.65,1.0,0.527498,0.65,414,41700000,False,1.0,5000.0,300.0,500.0,600000000000.0,100000000000.0,,413
1,planned_restart,thermal_loop,416,controller_tick,41500000,41.5,1,0,41500000,415,41500000,RUNNING,,0,0,62,1,0,reconstructed_from_retained_wire,True,,,317.79114975053403,301.12448411373884,293.149998900674,0.5274980000000011,0.65,207500.00000000204,207499.97901006835,0.00014999991971397566,18825.423634720464,-1.636749402678106e-08,0.00015,301.124,293.15,317.791,0.0,150000,1,415,41500000,41500000,41500000,0,301124,1,415,41500000,41500000,41500000,0,293150,1,415,41500000,41500000,41500000,0,317791,1,415,41500000,41500000,41500000,0,0,1,415,41500000,41500000,41500000,0,1.0,0.527498,0.65,1.0,0.527498,0.65,1.0,0.527498,0.65,415,41800000,False,1.0,5000.0,300.0,500.0,600000000000.0,100000000000.0,,414
1,planned_restart,thermal_loop,417,controller_tick,41600000,41.6,1,0,41600000,416,41600000,RUNNING,,0,0,62,1,0,reconstructed_from_retained_wire,True,,,317.79114975362154,301.1244841153968,293.14999890148835,0.5274980000000011,0.65,208000.00000000207,207999.9789551224,0.00014999991971397566,18825.423634720464,-1.4974148143664934e-08,0.00015,301.124,293.15,317.791,0.0,150000,1,416,41600000,41600000,41600000,0,301124,1,416,41600000,41600000,41600000,0,293150,1,416,41600000,41600000,41600000,0,317791,1,416,41600000,41600000,41600000,0,0,1,416,41600000,41600000,41600000,0,1.0,0.527498,0.65,1.0,0.527498,0.65,1.0,0.527498,0.65,416,41900000,False,1.0,5000.0,300.0,500.0,600000000000.0,100000000000.0,,415
1,planned_restart,thermal_loop,418,controller_tick,41700000,41.7,1,0,41700000,417,41700000,RUNNING,,0,0,62,1,0,reconstructed_from_retained_wire,True,,,317.7911497567047,301.1244841170535,293.1499989023036,0.5274980000000011,0.65,208500.0000000021,208499.97890021722,0.00014999991971397566,18825.423634720464,-1.5086015991983004e-08,0.00015,301.124,293.15,317.791,0.0,150000,1,417,41700000,41700000,41700000,0,301124,1,417,41700000,41700000,41700000,0,293150,1,417,41700000,41700000,41700000,0,317791,1,417,41700000,41700000,41700000,0,0,1,417,41700000,41700000,41700000,0,1.0,0.527498,0.65,1.0,0.527498,0.65,1.0,0.527498,0.65,417,42000000,False,1.0,5000.0,300.0,500.0,600000000000.0,100000000000.0,,416
1,planned_restart,thermal_loop,419,controller_tick,41800000,41.8,1,0,41800000,418,41800000,RUNNING,,0,0,62,1,0,reconstructed_from_retained_wire,True,,,317.7911497597837,301.124484118709,293.1499989031198,0.5274980000000011,0.65,209000.00000000212,208999.9788453528,0.00014999991971397566,18825.423634720464,-1.4349097909871489e-08,0.00015,301.124,293.15,317.791,0.0,150000,1,418,41800000,41800000,41800000,0,301124,1,418,41800000,41800000,41800000,0,293150,1,418,41800000,41800000,41800000,0,317791,1,418,41800000,41800000,41800000,0,0,1,418,41800000,41800000,41800000,0,1.0,0.527498,0.65,1.0,0.527498,0.65,1.0,0.527498,0.65,418,42100000,False,1.0,5000.0,300.0,500.0,600000000000.0,100000000000.0,,417
1,planned_restart,thermal_loop,420,controller_tick,41900000,41.9,1,0,41900000,419,41900000,RUNNING,,0,0,62,1,0,reconstructed_from_retained_wire,True,,,317.79114976285837,301.1244841203633,293.149998903937,0.5274980000000011,0.65,209500.00000000215,209499.97879052922,0.00014999991971397566,18825.423634720464,-1.3842054613633081e-08,0.00015,301.124,293.15,317.791,0.0,150000,1,419,41900000,41900000,41900000,0,301124,1,419,41900000,41900000,41900000,0,293150,1,419,41900000,41900000,41900000,0,317791,1,419,41900000,41900000,41900000,0,0,1,419,41900000,41900000,41900000,0,1.0,0.527498,0.65,1.0,0.527498,0.65,1.0,0.527498,0.65,419,42200000,False,1.0,5000.0,300.0,500.0,600000000000.0,100000000000.0,,418
1,planned_restart,thermal_loop,421,controller_tick,42000000,42.0,1,0,42000000,420,42000000,RUNNING,,0,0,62,1,0,reconstructed_from_retained_wire,True,,,317.79114976592876,301.12448412201644,293.1499989047551,0.5274980000000011,0.65,210000.00000000215,209999.97873574652,0.00014999991971397566,18825.423634720464,-1.3621956895804033e-08,0.00015,301.124,293.15,317.791,0.0,150000,1,420,42000000,42000000,42000000,0,301124,1,420,42000000,42000000,42000000,0,293150,1,420,42000000,42000000,42000000,0,317791,1,420,42000000,42000000,42000000,0,0,1,420,42000000,42000000,42000000,0,1.0,0.527498,0.65,1.0,0.527498,0.65,1.0,0.527498,0.65,420,42300000,False,1.0,5000.0,300.0,500.0,600000000000.0,100000000000.0,,419
1,planned_restart,thermal_loop,422,controller_tick,42100000,42.1,1,0,42100000,421,42100000,RUNNING,,0,0,62,1,0,reconstructed_from_retained_wire,True,,,317.7911497689949,301.12448412366837,293.149998905574,0.5274980000000011,0.65,210500.00000000215,210499.97868100475,0.00014999991971397566,18825.423634720464,-1.4401621228898875e-08,0.00015,301.124,293.15,317.791,0.0,150000,1,421,42100000,42100000,42100000,0,301124,1,421,42100000,42100000,42100000,0,293150,1,421,42100000,42100000,42100000,0,317791,1,421,42100000,42100000,42100000,0,0,1,421,42100000,42100000,42100000,0,1.0,0.527498,0.65,1.0,0.527498,0.65,1.0,0.527498,0.65,421,42400000,False,1.0,5000.0,300.0,500.0,600000000000.0,100000000000.0,,420
1,planned_restart,thermal_loop,423,controller_tick,42200000,42.2,1,0,42200000,422,42200000,RUNNING,,0,0,62,1,0,reconstructed_from_retained_wire,True,,,317.79114977205677,301.12448412531916,293.14999890639393,0.5274980000000011,0.65,211000.00000000218,210999.97862630393,0.00014999991971397566,18825.423634720464,-1.428020368621219e-08,0.00015,301.124,293.15,317.791,0.0,150000,1,422,42200000,42200000,42200000,0,301124,1,422,42200000,42200000,42200000,0,293150,1,422,42200000,42200000,42200000,0,317791,1,422,42200000,42200000,42200000,0,0,1,422,42200000,42200000,42200000,0,1.0,0.527498,0.65,1.0,0.527498,0.65,1.0,0.527498,0.65,422,42500000,False,1.0,5000.0,300.0,500.0,600000000000.0,100000000000.0,,421
1,planned_restart,thermal_loop,424,controller_tick,42300000,42.3,1,0,42300000,423,42300000,RUNNING,,0,0,62,1,0,reconstructed_from_retained_wire,True,,,317.7911497751145,301.12448412696875,293.14999890721464,0.5274980000000011,0.65,211500.0000000022,211499.97857164417,0.00014999991971397566,18825.423634720464,-1.4588977137464099e-08,0.00015,301.124,293.15,317.791,0.0,150000,1,423,42300000,42300000,42300000,0,301124,1,423,42300000,42300000,42300000,0,293150,1,423,42300000,42300000,42300000,0,317791,1,423,42300000,42300000,42300000,0,0,1,423,42300000,42300000,42300000,0,1.0,0.527498,0.65,1.0,0.527498,0.65,1.0,0.527498,0.65,423,42600000,False,1.0,5000.0,300.0,500.0,600000000000.0,100000000000.0,,422
1,planned_restart,thermal_loop,425,controller_tick,42400000,42.4,1,0,42400000,424,42400000,RUNNING,,0,0,62,1,0,reconstructed_from_retained_wire,True,,,317.79114977816795,301.12448412861727,293.14999890803625,0.5274980000000011,0.65,212000.00000000224,211999.97851702545,0.00014999991971397566,18825.423634720464,-1.4117858881945722e-08,0.00015,301.124,293.15,317.791,0.0,150000,1,424,42400000,42400000,42400000,0,301124,1,424,42400000,42400000,42400000,0,293150,1,424,42400000,42400000,42400000,0,317791,1,424,42400000,42400000,42400000,0,0,1,424,42400000,42400000,42400000,0,1.0,0.527498,0.65,1.0,0.527498,0.65,1.0,0.527498,0.65,424,42700000,False,1.0,5000.0,300.0,500.0,600000000000.0,100000000000.0,,423
1,planned_restart,thermal_loop,426,controller_tick,42500000,42.5,1,0,42500000,425,42500000,RUNNING,,0,0,62,1,0,reconstructed_from_retained_wire,True,,,317.7911497812172,301.1244841302646,293.14999890885866,0.5274980000000011,0.65,212500.00000000227,212499.97846244785,0.00014999991971397566,18825.423634720464,-1.4587158148060553e-08,0.00015,301.124,293.15,317.791,0.0,150000,1,425,42500000,42500000,42500000,0,301124,1,425,42500000,42500000,42500000,0,293150,1,425,42500000,42500000,42500000,0,317791,1,425,42500000,42500000,42500000,0,0,1,425,42500000,42500000,42500000,0,1.0,0.527498,0.65,1.0,0.527498,0.65,1.0,0.527498,0.65,425,42800000,False,1.0,5000.0,300.0,500.0,600000000000.0,100000000000.0,,424
1,planned_restart,thermal_loop,427,controller_tick,42600000,42.6,1,0,42600000,426,42600000,RUNNING,,0,0,62,1,0,reconstructed_from_retained_wire,True,,,317.79114978426225,301.1244841319107,293.1499989096819,0.5274980000000011,0.65,213000.0000000023,212999.97840791137,0.00014999991971397566,18825.423634720464,-1.528405846329406e-08,0.00015,301.124,293.15,317.791,0.0,150000,1,426,42600000,42600000,42600000,0,301124,1,426,42600000,42600000,42600000,0,293150,1,426,42600000,42600000,42600000,0,317791,1,426,42600000,42600000,42600000,0,0,1,426,42600000,42600000,42600000,0,1.0,0.527498,0.65,1.0,0.527498,0.65,1.0,0.527498,0.65,426,42900000,False,1.0,5000.0,300.0,500.0,600000000000.0,100000000000.0,,425
1,planned_restart,thermal_loop,428,controller_tick,42700000,42.7,1,0,42700000,427,42700000,RUNNING,,0,0,62,1,0,reconstructed_from_retained_wire,True,,,317.7911497873031,301.1244841335557,293.1499989105061,0.5274980000000011,0.65,213500.0000000023,213499.97835341608,0.00014999991971397566,18825.423634720464,-1.4933220882085152e-08,0.00015,301.124,293.15,317.791,0.0,150000,1,427,42700000,42700000,42700000,0,301124,1,427,42700000,42700000,42700000,0,293150,1,427,42700000,42700000,42700000,0,317791,1,427,42700000,42700000,42700000,0,0,1,427,42700000,42700000,42700000,0,1.0,0.527498,0.65,1.0,0.527498,0.65,1.0,0.527498,0.65,427,43000000,False,1.0,5000.0,300.0,500.0,600000000000.0,100000000000.0,,426
1,planned_restart,thermal_loop,429,controller_tick,42800000,42.8,1,0,42800000,428,42800000,RUNNING,,0,0,62,1,0,reconstructed_from_retained_wire,True,,,317.7911497903398,301.12448413519957,293.14999891133107,0.5274980000000011,0.65,214000.0000000023,213999.97829896203,0.00014999991971397566,18825.423634720464,-1.4362740330398083e-08,0.00015,301.124,293.15,317.791,0.0,150000,1,428,42800000,42800000,42800000,0,301124,1,428,42800000,42800000,42800000,0,293150,1,428,42800000,42800000,42800000,0,317791,1,428,42800000,42800000,42800000,0,0,1,428,42800000,42800000,42800000,0,1.0,0.527498,0.65,1.0,0.527498,0.65,1.0,0.527498,0.65,428,43100000,False,1.0,5000.0,300.0,500.0,600000000000.0,100000000000.0,,427
1,planned_restart,thermal_loop,430,controller_tick,42900000,42.9,1,0,42900000,429,42900000,RUNNING,,0,0,62,1,0,reconstructed_from_retained_wire,True,,,317.7911497933722,301.1244841368423,293.14999891215683,0.5274980000000011,0.65,214500.00000000233,214499.97824454922,0.00014999991971397566,18825.423634720464,-1.4738589015905745e-08,0.00015,301.124,293.15,317.791,0.0,150000,1,429,42900000,42900000,42900000,0,301124,1,429,42900000,42900000,42900000,0,293150,1,429,42900000,42900000,42900000,0,317791,1,429,42900000,42900000,42900000,0,0,1,429,42900000,42900000,42900000,0,1.0,0.527498,0.65,1.0,0.527498,0.65,1.0,0.527498,0.65,429,43200000,False,1.0,5000.0,300.0,500.0,600000000000.0,100000000000.0,,428
1,planned_restart,thermal_loop,431,controller_tick,43000000,43.0,1,0,43000000,430,43000000,RUNNING,,0,0,62,1,0,reconstructed_from_retained_wire,True,,,317.79114979640053,301.12448413848387,293.14999891298334,0.5274980000000011,0.65,215000.00000000236,214999.9781901777,0.00014999991971397566,18825.423634720464,-1.498096935392823e-08,0.00015,301.124,293.15,317.791,0.0,150000,1,430,43000000,43000000,43000000,0,301124,1,430,43000000,43000000,43000000,0,293150,1,430,43000000,43000000,43000000,0,317791,1,430,43000000,43000000,43000000,0,0,1,430,43000000,43000000,43000000,0,1.0,0.527498,0.65,1.0,0.527498,0.65,1.0,0.527498,0.65,430,43300000,False,1.0,5000.0,300.0,500.0,600000000000.0,100000000000.0,,429
1,planned_restart,thermal_loop,432,controller_tick,43100000,43.1,1,0,43100000,431,43100000,RUNNING,,0,0,62,1,0,reconstructed_from_retained_wire,True,,,317.7911497994247,301.1244841401243,293.14999891381063,0.5274980000000011,0.65,215500.0000000024,215499.97813584757,0.00014999991971397566,18825.423634720464,-1.4858187569188885e-08,0.00015,301.124,293.15,317.791,0.0,150000,1,431,43100000,43100000,43100000,0,301124,1,431,43100000,43100000,43100000,0,293150,1,431,43100000,43100000,43100000,0,317791,1,431,43100000,43100000,43100000,0,0,1,431,43100000,43100000,43100000,0,1.0,0.527498,0.65,1.0,0.527498,0.65,1.0,0.527498,0.65,431,43400000,False,1.0,5000.0,300.0,500.0,600000000000.0,100000000000.0,,430
1,planned_restart,thermal_loop,433,controller_tick,43200000,43.2,1,0,43200000,432,43200000,RUNNING,,0,0,62,1,0,reconstructed_from_retained_wire,True,,,317.79114980244475,301.1244841417636,293.14999891463873,0.5274980000000011,0.65,216000.00000000242,215999.9780815588,0.00014999991971397566,18825.423634720464,-1.4399347492144443e-08,0.00015,301.124,293.15,317.791,0.0,150000,1,432,43200000,43200000,43200000,0,301124,1,432,43200000,43200000,43200000,0,293150,1,432,43200000,43200000,43200000,0,317791,1,432,43200000,43200000,43200000,0,0,1,432,43200000,43200000,43200000,0,1.0,0.527498,0.65,1.0,0.527498,0.65,1.0,0.527498,0.65,432,43500000,False,1.0,5000.0,300.0,500.0,600000000000.0,100000000000.0,,431
1,planned_restart,thermal_loop,434,controller_tick,43300000,43.3,1,0,43300000,433,43300000,RUNNING,,0,0,62,1,0,reconstructed_from_retained_wire,True,,,317.79114980546063,301.1244841434018,293.14999891546756,0.5274980000000011,0.65,216500.00000000244,216499.97802731144,0.00014999991971397566,18825.423634720464,-1.4259057934395969e-08,0.00015,301.124,293.15,317.791,0.0,150000,1,433,43300000,43300000,43300000,0,301124,1,433,43300000,43300000,43300000,0,293150,1,433,43300000,43300000,43300000,0,317791,1,433,43300000,43300000,43300000,0,0,1,433,43300000,43300000,43300000,0,1.0,0.527498,0.65,1.0,0.527498,0.65,1.0,0.527498,0.65,433,43600000,False,1.0,5000.0,300.0,500.0,600000000000.0,100000000000.0,,432
1,planned_restart,thermal_loop,435,controller_tick,43400000,43.4,1,0,43400000,434,43400000,RUNNING,,0,0,62,1,0,reconstructed_from_retained_wire,True,,,317.79114980847237,301.1244841450388,293.14999891629714,0.5274980000000011,0.65,217000.00000000247,216999.97797310556,0.00014999991971397566,18825.423634720464,-1.4379111235029995e-08,0.00015,301.124,293.15,317.791,0.0,150000,1,434,43400000,43400000,43400000,0,301124,1,434,43400000,43400000,43400000,0,293150,1,434,43400000,43400000,43400000,0,317791,1,434,43400000,43400000,43400000,0,0,1,434,43400000,43400000,43400000,0,1.0,0.527498,0.65,1.0,0.527498,0.65,1.0,0.527498,0.65,434,43700000,False,1.0,5000.0,300.0,500.0,600000000000.0,100000000000.0,,433
1,planned_restart,thermal_loop,436,controller_tick,43500000,43.5,1,0,43500000,435,43500000,RUNNING,,0,0,62,1,0,reconstructed_from_retained_wire,True,,,317.79114981148,301.1244841466748,293.14999891712745,0.5274980000000011,0.65,217500.0000000025,217499.97791894118,0.00014999991971397566,18825.423634720464,-1.3686758393305354e-08,0.00015,301.124,293.15,317.791,0.0,150000,1,435,43500000,43500000,43500000,0,301124,1,435,43500000,43500000,43500000,0,293150,1,435,43500000,43500000,43500000,0,317791,1,435,43500000,43500000,43500000,0,0,1,435,43500000,43500000,43500000,0,1.0,0.527498,0.65,1.0,0.527498,0.65,1.0,0.527498,0.65,435,43800000,False,1.0,5000.0,300.0,500.0,600000000000.0,100000000000.0,,434
1,planned_restart,thermal_loop,437,controller_tick,43600000,43.6,1,0,43600000,436,43600000,RUNNING,,0,0,62,1,0,reconstructed_from_retained_wire,True,,,317.79114981448356,301.12448414830965,293.14999891795844,0.5274980000000011,0.65,218000.00000000253,217999.97786481833,0.00014999991971397566,18825.423634720464,-1.2865712051279843e-08,0.00015,301.124,293.15,317.791,0.0,150000,1,436,43600000,43600000,43600000,0,301124,1,436,43600000,43600000,43600000,0,293150,1,436,43600000,43600000,43600000,0,317791,1,436,43600000,43600000,43600000,0,0,1,436,43600000,43600000,43600000,0,1.0,0.527498,0.65,1.0,0.527498,0.65,1.0,0.527498,0.65,436,43900000,False,1.0,5000.0,300.0,500.0,600000000000.0,100000000000.0,,435
1,planned_restart,thermal_loop,438,controller_tick,43700000,43.7,1,0,43700000,437,43700000,RUNNING,,0,0,62,1,0,reconstructed_from_retained_wire,True,,,317.79114981748296,301.1244841499433,293.14999891879006,0.5274980000000011,0.65,218500.00000000256,218499.97781073707,0.00014999991971397566,18825.423634720464,-1.4089437172515318e-08,0.00015,301.124,293.15,317.791,0.0,150000,1,437,43700000,43700000,43700000,0,301124,1,437,43700000,43700000,43700000,0,293150,1,437,43700000,43700000,43700000,0,317791,1,437,43700000,43700000,43700000,0,0,1,437,43700000,43700000,43700000,0,1.0,0.527498,0.65,1.0,0.527498,0.65,1.0,0.527498,0.65,437,44000000,False,1.0,5000.0,300.0,500.0,600000000000.0,100000000000.0,,436
1,planned_restart,thermal_loop,439,controller_tick,43800000,43.8,1,0,43800000,438,43800000,RUNNING,,0,0,62,1,0,reconstructed_from_retained_wire,True,,,317.79114982047827,301.1244841515759,293.14999891962236,0.5274980000000011,0.65,219000.00000000256,218999.97775669736,0.00014999991971397566,18825.423634720464,-1.5126261132536456e-08,0.00015,301.124,293.15,317.791,0.0,150000,1,438,43800000,43800000,43800000,0,301124,1,438,43800000,43800000,43800000,0,293150,1,438,43800000,43800000,43800000,0,317791,1,438,43800000,43800000,43800000,0,0,1,438,43800000,43800000,43800000,0,1.0,0.527498,0.65,1.0,0.527498,0.65,1.0,0.527498,0.65,438,44100000,False,1.0,5000.0,300.0,500.0,600000000000.0,100000000000.0,,437
1,planned_restart,thermal_loop,440,controller_tick,43900000,43.9,1,0,43900000,439,43900000,RUNNING,,0,0,62,1,0,reconstructed_from_retained_wire,True,,,317.79114982346954,301.1244841532074,293.1499989204554,0.5274980000000011,0.65,219500.0000000026,219499.9777026993,0.00014999991971397566,18825.423634720464,-1.5141040421440266e-08,0.00015,301.124,293.15,317.791,0.0,150000,1,439,43900000,43900000,43900000,0,301124,1,439,43900000,43900000,43900000,0,293150,1,439,43900000,43900000,43900000,0,317791,1,439,43900000,43900000,43900000,0,0,1,439,43900000,43900000,43900000,0,1.0,0.527498,0.65,1.0,0.527498,0.65,1.0,0.527498,0.65,439,44200000,False,1.0,5000.0,300.0,500.0,600000000000.0,100000000000.0,,438
1,planned_restart,thermal_loop,441,controller_tick,44000000,44.0,1,0,44000000,440,44000000,RUNNING,,0,0,62,1,0,reconstructed_from_retained_wire,True,,,317.7911498264567,301.1244841548378,293.1499989212891,0.5274980000000011,0.65,220000.00000000262,219999.97764874293,0.00014999991971397566,18825.423634720464,-1.4881607057759538e-08,0.00015,301.124,293.15,317.791,0.0,150000,1,440,44000000,44000000,44000000,0,301124,1,440,44000000,44000000,44000000,0,293150,1,440,44000000,44000000,44000000,0,317791,1,440,44000000,44000000,44000000,0,0,1,440,44000000,44000000,44000000,0,1.0,0.527498,0.65,1.0,0.527498,0.65,1.0,0.527498,0.65,440,44300000,False,1.0,5000.0,300.0,500.0,600000000000.0,100000000000.0,,439
1,planned_restart,thermal_loop,442,controller_tick,44100000,44.1,1,0,44100000,441,44100000,RUNNING,,0,0,62,1,0,reconstructed_from_retained_wire,True,,,317.7911498294398,301.124484156467,293.14999892212353,0.5274980000000011,0.65,220500.00000000265,220499.9775948283,0.00014999991971397566,18825.423634720464,-1.476496436225716e-08,0.00015,301.124,293.15,317.791,0.0,150000,1,441,44100000,44100000,44100000,0,301124,1,441,44100000,44100000,44100000,0,293150,1,441,44100000,44100000,44100000,0,317791,1,441,44100000,44100000,44100000,0,0,1,441,44100000,44100000,44100000,0,1.0,0.527498,0.65,1.0,0.527498,0.65,1.0,0.527498,0.65,441,44400000,False,1.0,5000.0,300.0,500.0,600000000000.0,100000000000.0,,440
1,planned_restart,thermal_loop,443,controller_tick,44200000,44.2,1,0,44200000,442,44200000,RUNNING,,0,0,62,1,0,reconstructed_from_retained_wire,True,,,317.79114983241885,301.1244841580952,293.1499989229586,0.5274980000000011,0.65,221000.00000000268,220999.97754095535,0.00014999991971397566,18825.423634720464,-1.377657099510543e-08,0.00015,301.124,293.15,317.791,0.0,150000,1,442,44200000,44200000,44200000,0,301124,1,442,44200000,44200000,44200000,0,293150,1,442,44200000,44200000,44200000,0,317791,1,442,44200000,44200000,44200000,0,0,1,442,44200000,44200000,44200000,0,1.0,0.527498,0.65,1.0,0.527498,0.65,1.0,0.527498,0.65,442,44500000,False,1.0,5000.0,300.0,500.0,600000000000.0,100000000000.0,,441
1,planned_restart,thermal_loop,444,controller_tick,44300000,44.3,1,0,44300000,443,44300000,RUNNING,,0,0,62,1,0,reconstructed_from_retained_wire,True,,,317.79114983539387,301.12448415972233,293.1499989237942,0.5274980000000011,0.65,221500.0000000027,221499.97748712418,0.00014999991971397566,18825.423634720464,-1.3521457731258124e-08,0.00015,301.124,293.15,317.791,0.0,150000,1,443,44300000,44300000,44300000,0,301124,1,443,44300000,44300000,44300000,0,293150,1,443,44300000,44300000,44300000,0,317791,1,443,44300000,44300000,44300000,0,0,1,443,44300000,44300000,44300000,0,1.0,0.527498,0.65,1.0,0.527498,0.65,1.0,0.527498,0.65,443,44600000,False,1.0,5000.0,300.0,500.0,600000000000.0,100000000000.0,,442
1,planned_restart,thermal_loop,445,controller_tick,44400000,44.4,1,0,44400000,444,44400000,RUNNING,,0,0,62,1,0,reconstructed_from_retained_wire,True,,,317.79114983836484,301.1244841613483,293.1499989246305,0.5274980000000011,0.65,222000.00000000274,221999.9774333348,0.00014999991971397566,18825.423634720464,-1.3257704267743975e-08,0.00015,301.124,293.15,317.791,0.0,150000,1,444,44400000,44400000,44400000,0,301124,1,444,44400000,44400000,44400000,0,293150,1,444,44400000,44400000,44400000,0,317791,1,444,44400000,44400000,44400000,0,0,1,444,44400000,44400000,44400000,0,1.0,0.527498,0.65,1.0,0.527498,0.65,1.0,0.527498,0.65,444,44700000,False,1.0,5000.0,300.0,500.0,600000000000.0,100000000000.0,,443
1,planned_restart,thermal_loop,446,controller_tick,44500000,44.5,1,0,44500000,445,44500000,RUNNING,,0,0,62,1,0,reconstructed_from_retained_wire,True,,,317.7911498413318,301.12448416297315,293.1499989254674,0.5274980000000011,0.65,222500.00000000276,222499.97737958728,0.00014999991971397566,18825.423634720464,-1.2689497452811338e-08,0.00015,301.124,293.15,317.791,0.0,150000,1,445,44500000,44500000,44500000,0,301124,1,445,44500000,44500000,44500000,0,293150,1,445,44500000,44500000,44500000,0,317791,1,445,44500000,44500000,44500000,0,0,1,445,44500000,44500000,44500000,0,1.0,0.527498,0.65,1.0,0.527498,0.65,1.0,0.527498,0.65,445,44800000,False,1.0,5000.0,300.0,500.0,600000000000.0,100000000000.0,,444
1,planned_restart,thermal_loop,447,controller_tick,44600000,44.6,1,0,44600000,446,44600000,RUNNING,,0,0,62,1,0,reconstructed_from_retained_wire,True,,,317.7911498442947,301.12448416459694,293.1499989263048,0.5274980000000011,0.65,223000.00000000276,222999.9773258816,0.00014999991971397566,18825.423634720464,-1.3213366401032545e-08,0.00015,301.124,293.15,317.791,0.0,150000,1,446,44600000,44600000,44600000,0,301124,1,446,44600000,44600000,44600000,0,293150,1,446,44600000,44600000,44600000,0,317791,1,446,44600000,44600000,44600000,0,0,1,446,44600000,44600000,44600000,0,1.0,0.527498,0.65,1.0,0.527498,0.65,1.0,0.527498,0.65,446,44900000,False,1.0,5000.0,300.0,500.0,600000000000.0,100000000000.0,,445
1,planned_restart,thermal_loop,448,controller_tick,44700000,44.7,1,0,44700000,447,44700000,RUNNING,,0,0,62,1,0,reconstructed_from_retained_wire,True,,,317.79114984725356,301.12448416621964,293.14999892714286,0.5274980000000011,0.65,223500.0000000028,223499.9772722178,0.00014999991971397566,18825.423634720464,-1.3432781997835264e-08,0.00015,301.124,293.15,317.791,0.0,150000,1,447,44700000,44700000,44700000,0,301124,1,447,44700000,44700000,44700000,0,293150,1,447,44700000,44700000,44700000,0,317791,1,447,44700000,44700000,44700000,0,0,1,447,44700000,44700000,44700000,0,1.0,0.527498,0.65,1.0,0.527498,0.65,1.0,0.527498,0.65,447,45000000,False,1.0,5000.0,300.0,500.0,600000000000.0,100000000000.0,,446
1,planned_restart,thermal_loop,449,controller_tick,44800000,44.8,1,0,44800000,448,44800000,RUNNING,,0,0,62,1,0,reconstructed_from_retained_wire,True,,,317.79114985020846,301.1244841678412,293.14999892798147,0.5274980000000011,0.65,224000.00000000282,223999.97721859592,0.00014999991971397566,18825.423634720464,-1.3909129847888835e-08,0.00015,301.124,293.15,317.791,0.0,150000,1,448,44800000,44800000,44800000,0,301124,1,448,44800000,44800000,44800000,0,293150,1,448,44800000,44800000,44800000,0,317791,1,448,44800000,44800000,44800000,0,0,1,448,44800000,44800000,44800000,0,1.0,0.527498,0.65,1.0,0.527498,0.65,1.0,0.527498,0.65,448,45100000,False,1.0,5000.0,300.0,500.0,600000000000.0,100000000000.0,,447
1,planned_restart,thermal_loop,450,controller_tick,44900000,44.9,1,0,44900000,449,44900000,RUNNING,,0,0,62,1,0,reconstructed_from_retained_wire,True,,,317.79114985315937,301.12448416946177,293.14999892882065,0.5274980000000011,0.65,224500.00000000285,224499.977165016,0.00014999991971397566,18825.423634720464,-1.363378032692708e-08,0.00015,301.124,293.15,317.791,0.0,150000,1,449,44900000,44900000,44900000,0,301124,1,449,44900000,44900000,44900000,0,293150,1,449,44900000,44900000,44900000,0,317791,1,449,44900000,44900000,44900000,0,0,1,449,44900000,44900000,44900000,0,1.0,0.527498,0.65,1.0,0.527498,0.65,1.0,0.527498,0.65,449,45200000,False,1.0,5000.0,300.0,500.0,600000000000.0,100000000000.0,,448
1,planned_restart,thermal_loop,451,controller_tick,45000000,45.0,1,0,45000000,450,45000000,RUNNING,,0,0,62,1,0,reconstructed_from_retained_wire,True,,,317.7911498561063,301.1244841710812,293.1499989296604,0.5274980000000011,0.65,225000.00000000288,224999.97711147802,0.00014999991971397566,18825.423634720464,-1.3586259228759445e-08,0.00015,301.124,293.15,317.791,0.0,150000,1,450,45000000,45000000,45000000,0,301124,1,450,45000000,45000000,45000000,0,293150,1,450,45000000,45000000,45000000,0,317791,1,450,45000000,45000000,45000000,0,0,1,450,45000000,45000000,45000000,0,1.0,0.527498,0.65,1.0,0.527498,0.65,1.0,0.527498,0.65,450,45300000,False,1.0,5000.0,300.0,500.0,600000000000.0,100000000000.0,,449
1,planned_restart,thermal_loop,452,controller_tick,45100000,45.1,1,0,45100000,451,45100000,RUNNING,,0,0,62,1,0,reconstructed_from_retained_wire,True,,,317.79114985904926,301.12448417269957,293.14999893050066,0.5274980000000011,0.65,225500.0000000029,225499.97705798206,0.00014999991971397566,18825.423634720464,-1.344164957117755e-08,0.00015,301.124,293.15,317.791,0.0,150000,1,451,45100000,45100000,45100000,0,301124,1,451,45100000,45100000,45100000,0,293150,1,451,45100000,45100000,45100000,0,317791,1,451,45100000,45100000,45100000,0,0,1,451,45100000,45100000,45100000,0,1.0,0.527498,0.65,1.0,0.527498,0.65,1.0,0.527498,0.65,451,45400000,False,1.0,5000.0,300.0,500.0,600000000000.0,100000000000.0,,450
1,planned_restart,thermal_loop,453,controller_tick,45200000,45.2,1,0,45200000,452,45200000,RUNNING,,0,0,62,1,0,reconstructed_from_retained_wire,True,,,317.7911498619883,301.12448417431676,293.1499989313415,0.5274980000000011,0.65,226000.0000000029,225999.9770045281,0.00014999991971397566,18825.423634720464,-1.3344333638087846e-08,0.00015,301.124,293.15,317.791,0.0,150000,1,452,45200000,45200000,45200000,0,301124,1,452,45200000,45200000,45200000,0,293150,1,452,45200000,45200000,45200000,0,317791,1,452,45200000,45200000,45200000,0,0,1,452,45200000,45200000,45200000,0,1.0,0.527498,0.65,1.0,0.527498,0.65,1.0,0.527498,0.65,452,45500000,False,1.0,5000.0,300.0,500.0,600000000000.0,100000000000.0,,451
1,planned_restart,thermal_loop,454,controller_tick,45300000,45.3,1,0,45300000,453,45300000,RUNNING,,0,0,62,1,0,reconstructed_from_retained_wire,True,,,317.79114986492334,301.12448417593293,293.1499989321828,0.5274980000000011,0.65,226500.00000000294,226499.97695111623,0.00014999991971397566,18825.423634720464,-1.312082531512715e-08,0.00015,301.124,293.15,317.791,0.0,150000,1,453,45300000,45300000,45300000,0,301124,1,453,45300000,45300000,45300000,0,293150,1,453,45300000,45300000,45300000,0,317791,1,453,45300000,45300000,45300000,0,0,1,453,45300000,45300000,45300000,0,1.0,0.527498,0.65,1.0,0.527498,0.65,1.0,0.527498,0.65,453,45600000,False,1.0,5000.0,300.0,500.0,600000000000.0,100000000000.0,,452
1,planned_restart,thermal_loop,455,controller_tick,45400000,45.4,1,0,45400000,454,45400000,RUNNING,,0,0,62,1,0,reconstructed_from_retained_wire,True,,,317.7911498678544,301.12448417754797,293.14999893302473,0.5274980000000011,0.65,227000.00000000297,226999.97689774644,0.00014999991971397566,18825.423634720464,-1.2979626262676902e-08,0.00015,301.124,293.15,317.791,0.0,150000,1,454,45400000,45400000,45400000,0,301124,1,454,45400000,45400000,45400000,0,293150,1,454,45400000,45400000,45400000,0,317791,1,454,45400000,45400000,45400000,0,0,1,454,45400000,45400000,45400000,0,1.0,0.527498,0.65,1.0,0.527498,0.65,1.0,0.527498,0.65,454,45700000,False,1.0,5000.0,300.0,500.0,600000000000.0,100000000000.0,,453
1,planned_restart,thermal_loop,456,controller_tick,45500000,45.5,1,0,45500000,455,45500000,RUNNING,,0,0,62,1,0,reconstructed_from_retained_wire,True,,,317.7911498707815,301.124484179162,293.1499989338671,0.5274980000000011,0.65,227500.000000003,227499.9768444187,0.00014999991971397566,18825.423634720464,-1.3425051292870194e-08,0.00015,301.124,293.15,317.791,0.0,150000,1,455,45500000,45500000,45500000,0,301124,1,455,45500000,45500000,45500000,0,293150,1,455,45500000,45500000,45500000,0,317791,1,455,45500000,45500000,45500000,0,0,1,455,45500000,45500000,45500000,0,1.0,0.527498,0.65,1.0,0.527498,0.65,1.0,0.527498,0.65,455,45800000,False,1.0,5000.0,300.0,500.0,600000000000.0,100000000000.0,,454
1,planned_restart,thermal_loop,457,controller_tick,45600000,45.6,1,0,45600000,456,45600000,RUNNING,,0,0,62,1,0,reconstructed_from_retained_wire,True,,,317.79114987370474,301.1244841807749,293.14999893470997,0.5274980000000011,0.65,228000.00000000303,227999.97679113311,0.00014999991971397566,18825.423634720464,-1.2995315046282485e-08,0.00015,301.124,293.15,317.791,0.0,150000,1,456,45600000,45600000,45600000,0,301124,1,456,45600000,45600000,45600000,0,293150,1,456,45600000,45600000,45600000,0,317791,1,456,45600000,45600000,45600000,0,0,1,456,45600000,45600000,45600000,0,1.0,0.527498,0.65,1.0,0.527498,0.65,1.0,0.527498,0.65,456,45900000,False,1.0,5000.0,300.0,500.0,600000000000.0,100000000000.0,,455
1,planned_restart,thermal_loop,458,controller_tick,45700000,45.7,1,0,45700000,457,45700000,RUNNING,,0,0,62,1,0,reconstructed_from_retained_wire,True,,,317.791149876624,301.12448418238677,293.1499989355533,0.5274980000000011,0.65,228500.00000000306,228499.9767378897,0.00014999991971397566,18825.423634720464,-1.3510998542187735e-08,0.00015,301.124,293.15,317.791,0.0,150000,1,457,45700000,45700000,45700000,0,301124,1,457,45700000,45700000,45700000,0,293150,1,457,45700000,45700000,45700000,0,317791,1,457,45700000,45700000,45700000,0,0,1,457,45700000,45700000,45700000,0,1.0,0.527498,0.65,1.0,0.527498,0.65,1.0,0.527498,0.65,457,46000000,False,1.0,5000.0,300.0,500.0,600000000000.0,100000000000.0,,456
1,planned_restart,thermal_loop,459,controller_tick,45800000,45.8,1,0,45800000,458,45800000,RUNNING,,0,0,62,1,0,reconstructed_from_retained_wire,True,,,317.7911498795394,301.12448418399765,293.14999893639714,0.5274980000000011,0.65,229000.00000000306,228999.97668468847,0.00014999991971397566,18825.423634720464,-1.2113787306589074e-08,0.00015,301.124,293.15,317.791,0.0,150000,1,458,45800000,45800000,45800000,0,301124,1,458,45800000,45800000,45800000,0,293150,1,458,45800000,45800000,45800000,0,317791,1,458,45800000,45800000,45800000,0,0,1,458,45800000,45800000,45800000,0,1.0,0.527498,0.65,1.0,0.527498,0.65,1.0,0.527498,0.65,458,46100000,False,1.0,5000.0,300.0,500.0,600000000000.0,100000000000.0,,457
1,planned_restart,thermal_loop,460,controller_tick,45900000,45.9,1,0,45900000,459,45900000,RUNNING,,0,0,62,1,0,reconstructed_from_retained_wire,True,,,317.7911498824508,301.1244841856074,293.14999893724143,0.5274980000000011,0.65,229500.00000000309,229499.97663152945,0.00014999991971397566,18825.423634720464,-1.2137206795159727e-08,0.00015,301.124,293.15,317.791,0.0,150000,1,459,45900000,45900000,45900000,0,301124,1,459,45900000,45900000,45900000,0,293150,1,459,45900000,45900000,45900000,0,317791,1,459,45900000,45900000,45900000,0,0,1,459,45900000,45900000,45900000,0,1.0,0.527498,0.65,1.0,0.527498,0.65,1.0,0.527498,0.65,459,46200000,False,1.0,5000.0,300.0,500.0,600000000000.0,100000000000.0,,458
1,planned_restart,thermal_loop,461,controller_tick,46000000,46.0,1,0,46000000,460,46000000,RUNNING,,0,0,62,1,0,reconstructed_from_retained_wire,True,,,317.7911498853583,301.1244841872161,293.1499989380862,0.5274980000000011,0.65,230000.0000000031,229999.97657841264,0.00014999991971397566,18825.423634720464,-1.146486283687409e-08,0.00015,301.124,293.15,317.791,0.0,150000,1,460,46000000,46000000,46000000,0,301124,1,460,46000000,46000000,46000000,0,293150,1,460,46000000,46000000,46000000,0,317791,1,460,46000000,46000000,46000000,0,0,1,460,46000000,46000000,46000000,0,1.0,0.527498,0.65,1.0,0.527498,0.65,1.0,0.527498,0.65,460,46300000,False,1.0,5000.0,300.0,500.0,600000000000.0,100000000000.0,,459
1,planned_restart,thermal_loop,462,controller_tick,46100000,46.1,1,0,46100000,461,46100000,RUNNING,,0,0,62,1,0,reconstructed_from_retained_wire,True,,,317.79114988826194,301.1244841888237,293.1499989389314,0.5274980000000011,0.65,230500.00000000314,230499.97652533805,0.00014999991971397566,18825.423634720464,-1.158650775323622e-08,0.00015,301.124,293.15,317.791,0.0,150000,1,461,46100000,46100000,46100000,0,301124,1,461,46100000,46100000,46100000,0,293150,1,461,46100000,46100000,46100000,0,317791,1,461,46100000,46100000,46100000,0,0,1,461,46100000,46100000,46100000,0,1.0,0.527498,0.65,1.0,0.527498,0.65,1.0,0.527498,0.65,461,46400000,False,1.0,5000.0,300.0,500.0,600000000000.0,100000000000.0,,460
1,planned_restart,thermal_loop,463,controller_tick,46200000,46.2,1,0,46200000,462,46200000,RUNNING,,0,0,62,1,0,reconstructed_from_retained_wire,True,,,317.7911498911617,301.1244841904303,293.149998939777,0.5274980000000011,0.65,231000.00000000317,230999.97647230577,0.00014999991971397566,18825.423634720464,-1.1608790373429656e-08,0.00015,301.124,293.15,317.791,0.0,150000,1,462,46200000,46200000,46200000,0,301124,1,462,46200000,46200000,46200000,0,293150,1,462,46200000,46200000,46200000,0,317791,1,462,46200000,46200000,46200000,0,0,1,462,46200000,46200000,46200000,0,1.0,0.527498,0.65,1.0,0.527498,0.65,1.0,0.527498,0.65,462,46500000,False,1.0,5000.0,300.0,500.0,600000000000.0,100000000000.0,,461
1,planned_restart,thermal_loop,464,controller_tick,46300000,46.3,1,0,46300000,463,46300000,RUNNING,,0,0,62,1,0,reconstructed_from_retained_wire,True,,,317.7911498940576,301.12448419203577,293.1499989406231,0.5274980000000011,0.65,231500.0000000032,231499.9764193158,0.00014999991971397566,18825.423634720464,-1.0610392564558424e-08,0.00015,301.124,293.15,317.791,0.0,150000,1,463,46300000,46300000,46300000,0,301124,1,463,46300000,46300000,46300000,0,293150,1,463,46300000,46300000,46300000,0,317791,1,463,46300000,46300000,46300000,0,0,1,463,46300000,46300000,46300000,0,1.0,0.527498,0.65,1.0,0.527498,0.65,1.0,0.527498,0.65,463,46600000,False,1.0,5000.0,300.0,500.0,600000000000.0,100000000000.0,,462
1,planned_restart,thermal_loop,465,controller_tick,46400000,46.4,1,0,46400000,464,46400000,RUNNING,,0,0,62,1,0,reconstructed_from_retained_wire,True,,,317.7911498969496,301.12448419364017,293.14999894146956,0.5274980000000011,0.65,232000.00000000323,231999.97636636812,0.00014999991971397566,18825.423634720464,-1.0700659913709387e-08,0.00015,301.124,293.15,317.791,0.0,150000,1,464,46400000,46400000,46400000,0,301124,1,464,46400000,46400000,46400000,0,293150,1,464,46400000,46400000,46400000,0,317791,1,464,46400000,46400000,46400000,0,0,1,464,46400000,46400000,46400000,0,1.0,0.527498,0.65,1.0,0.527498,0.65,1.0,0.527498,0.65,464,46700000,False,1.0,5000.0,300.0,500.0,600000000000.0,100000000000.0,,463
1,planned_restart,thermal_loop,466,controller_tick,46500000,46.5,1,0,46500000,465,46500000,RUNNING,,0,0,62,1,0,reconstructed_from_retained_wire,True,,,317.79114989983776,301.1244841952435,293.1499989423164,0.5274980000000011,0.65,232500.00000000326,232499.97631346277,0.00014999991971397566,18825.423634720464,-1.1166775948368013e-08,0.00015,301.124,293.15,317.791,0.0,150000,1,465,46500000,46500000,46500000,0,301124,1,465,46500000,46500000,46500000,0,293150,1,465,46500000,46500000,46500000,0,317791,1,465,46500000,46500000,46500000,0,0,1,465,46500000,46500000,46500000,0,1.0,0.527498,0.65,1.0,0.527498,0.65,1.0,0.527498,0.65,465,46800000,False,1.0,5000.0,300.0,500.0,600000000000.0,100000000000.0,,464
1,planned_restart,thermal_loop,467,controller_tick,46600000,46.6,1,0,46600000,466,46600000,RUNNING,,0,0,62,1,0,reconstructed_from_retained_wire,True,,,317.79114990272205,301.1244841968458,293.1499989431637,0.5274980000000011,0.65,233000.0000000033,232999.97626059977,0.00014999991971397566,18825.423634720464,-1.079160938388668e-08,0.00015,301.124,293.15,317.791,0.0,150000,1,466,46600000,46600000,46600000,0,301124,1,466,46600000,46600000,46600000,0,293150,1,466,46600000,46600000,46600000,0,317791,1,466,46600000,46600000,46600000,0,0,1,466,46600000,46600000,46600000,0,1.0,0.527498,0.65,1.0,0.527498,0.65,1.0,0.527498,0.65,466,46900000,False,1.0,5000.0,300.0,500.0,600000000000.0,100000000000.0,,465
1,planned_restart,thermal_loop,468,controller_tick,46700000,46.7,1,0,46700000,467,46700000,RUNNING,,0,0,62,1,0,reconstructed_from_retained_wire,True,,,317.7911499056025,301.124484198447,293.14999894401143,0.5274980000000011,0.65,233500.00000000332,233499.97620777914,0.00014999991971397566,18825.423634720464,-1.0734083843999542e-08,0.00015,301.124,293.15,317.791,0.0,150000,1,467,46700000,46700000,46700000,0,301124,1,467,46700000,46700000,46700000,0,293150,1,467,46700000,46700000,46700000,0,317791,1,467,46700000,46700000,46700000,0,0,1,467,46700000,46700000,46700000,0,1.0,0.527498,0.65,1.0,0.527498,0.65,1.0,0.527498,0.65,467,47000000,False,1.0,5000.0,300.0,500.0,600000000000.0,100000000000.0,,466
1,planned_restart,thermal_loop,469,controller_tick,46800000,46.8,1,0,46800000,468,46800000,RUNNING,,0,0,62,1,0,reconstructed_from_retained_wire,True,,,317.79114990847904,301.12448420004716,293.1499989448595,0.5274980000000011,0.65,234000.00000000335,233999.9761550009,0.00014999991971397566,18825.423634720464,-1.1677911970764399e-08,0.00015,301.124,293.15,317.791,0.0,150000,1,468,46800000,46800000,46800000,0,301124,1,468,46800000,46800000,46800000,0,293150,1,468,46800000,46800000,46800000,0,317791,1,468,46800000,46800000,46800000,0,0,1,468,46800000,46800000,46800000,0,1.0,0.527498,0.65,1.0,0.527498,0.65,1.0,0.527498,0.65,468,47100000,False,1.0,5000.0,300.0,500.0,600000000000.0,100000000000.0,,467
1,planned_restart,thermal_loop,470,controller_tick,46900000,46.9,1,0,46900000,469,46900000,RUNNING,,0,0,62,1,0,reconstructed_from_retained_wire,True,,,317.79114991135185,301.1244842016463,293.1499989457079,0.5274980000000011,0.65,234500.00000000338,234499.9761022651,0.00014999991971397566,18825.423634720464,-1.1298197932774201e-08,0.00015,301.124,293.15,317.791,0.0,150000,1,469,46900000,46900000,46900000,0,301124,1,469,46900000,46900000,46900000,0,293150,1,469,46900000,46900000,46900000,0,317791,1,469,46900000,46900000,46900000,0,0,1,469,46900000,46900000,46900000,0,1.0,0.527498,0.65,1.0,0.527498,0.65,1.0,0.527498,0.65,469,47200000,False,1.0,5000.0,300.0,500.0,600000000000.0,100000000000.0,,468
1,planned_restart,thermal_loop,471,controller_tick,47000000,47.0,1,0,47000000,470,47000000,RUNNING,,0,0,62,1,0,reconstructed_from_retained_wire,True,,,317.7911499142208,301.1244842032443,293.14999894655676,0.5274980000000011,0.65,235000.0000000034,234999.9760495717,0.00014999991971397566,18825.423634720464,-1.1177917258464731e-08,0.00015,301.124,293.15,317.791,0.0,150000,1,470,47000000,47000000,47000000,0,301124,1,470,47000000,47000000,47000000,0,293150,1,470,47000000,47000000,47000000,0,317791,1,470,47000000,47000000,47000000,0,0,1,470,47000000,47000000,47000000,0,1.0,0.527498,0.65,1.0,0.527498,0.65,1.0,0.527498,0.65,470,47300000,False,1.0,5000.0,300.0,500.0,600000000000.0,100000000000.0,,469
1,planned_restart,thermal_loop,472,controller_tick,47100000,47.1,1,0,47100000,471,47100000,RUNNING,,0,0,62,1,0,reconstructed_from_retained_wire,True,,,317.791149917086,301.12448420484134,293.14999894740595,0.5274980000000011,0.65,235500.00000000343,235499.97599692078,0.00014999991971397566,18825.423634720464,-1.0388703231001273e-08,0.00015,301.124,293.15,317.791,0.0,150000,1,471,47100000,47100000,47100000,0,301124,1,471,47100000,47100000,47100000,0,293150,1,471,47100000,47100000,47100000,0,317791,1,471,47100000,47100000,47100000,0,0,1,471,47100000,47100000,47100000,0,1.0,0.527498,0.65,1.0,0.527498,0.65,1.0,0.527498,0.65,471,47400000,False,1.0,5000.0,300.0,500.0,600000000000.0,100000000000.0,,470
1,planned_restart,thermal_loop,473,controller_tick,47200000,47.2,1,0,47200000,472,47200000,RUNNING,,0,0,62,1,0,reconstructed_from_retained_wire,True,,,317.7911499199474,301.1244842064373,293.1499989482555,0.5274980000000011,0.65,236000.00000000343,235999.97594431232,0.00014999991971397566,18825.423634720464,-9.945097190211527e-09,0.00015,301.124,293.15,317.791,0.0,150000,1,472,47200000,47200000,47200000,0,301124,1,472,47200000,47200000,47200000,0,293150,1,472,47200000,47200000,47200000,0,317791,1,472,47200000,47200000,47200000,0,0,1,472,47200000,47200000,47200000,0,1.0,0.527498,0.65,1.0,0.527498,0.65,1.0,0.527498,0.65,472,47500000,False,1.0,5000.0,300.0,500.0,600000000000.0,100000000000.0,,471
1,planned_restart,thermal_loop,474,controller_tick,47300000,47.3,1,0,47300000,473,47300000,RUNNING,,0,0,62,1,0,reconstructed_from_retained_wire,True,,,317.79114992280495,301.1244842080321,293.14999894910534,0.5274980000000011,0.65,236500.00000000343,236499.97589174635,0.00014999991971397566,18825.423634720464,-1.0322310117771849e-08,0.00015,301.124,293.15,317.791,0.0,150000,1,473,47300000,47300000,47300000,0,301124,1,473,47300000,47300000,47300000,0,293150,1,473,47300000,47300000,47300000,0,317791,1,473,47300000,47300000,47300000,0,0,1,473,47300000,47300000,47300000,0,1.0,0.527498,0.65,1.0,0.527498,0.65,1.0,0.527498,0.65,473,47600000,False,1.0,5000.0,300.0,500.0,600000000000.0,100000000000.0,,472
1,planned_restart,thermal_loop,475,controller_tick,47400000,47.4,1,0,47400000,474,47400000,RUNNING,,0,0,62,1,0,reconstructed_from_retained_wire,True,,,317.7911499256587,301.1244842096259,293.14999894995555,0.5274980000000011,0.65,237000.00000000346,236999.97583922287,0.00014999991971397566,18825.423634720464,-1.0123812899109907e-08,0.00015,301.124,293.15,317.791,0.0,150000,1,474,47400000,47400000,47400000,0,301124,1,474,47400000,47400000,47400000,0,293150,1,474,47400000,47400000,47400000,0,317791,1,474,47400000,47400000,47400000,0,0,1,474,47400000,47400000,47400000,0,1.0,0.527498,0.65,1.0,0.527498,0.65,1.0,0.527498,0.65,474,47700000,False,1.0,5000.0,300.0,500.0,600000000000.0,100000000000.0,,473
1,planned_restart,thermal_loop,476,controller_tick,47500000,47.5,1,0,47500000,475,47500000,RUNNING,,0,0,62,1,0,reconstructed_from_retained_wire,True,,,317.79114992850873,301.12448421121866,293.1499989508061,0.5274980000000011,0.65,237500.00000000346,237499.9757867419,0.00014999991971397566,18825.423634720464,-9.644281817600131e-09,0.00015,301.124,293.15,317.791,0.0,150000,1,475,47500000,47500000,47500000,0,301124,1,475,47500000,47500000,47500000,0,293150,1,475,47500000,47500000,47500000,0,317791,1,475,47500000,47500000,47500000,0,0,1,475,47500000,47500000,47500000,0,1.0,0.527498,0.65,1.0,0.527498,0.65,1.0,0.527498,0.65,475,47800000,False,1.0,5000.0,300.0,500.0,600000000000.0,100000000000.0,,474
1,planned_restart,thermal_loop,477,controller_tick,47600000,47.6,1,0,47600000,476,47600000,RUNNING,,0,0,62,1,0,reconstructed_from_retained_wire,True,,,317.79114993135494,301.12448421281033,293.1499989516569,0.5274980000000011,0.65,238000.0000000035,237999.9757343035,0.00014999991971397566,18825.423634720464,-1.0194071364821866e-08,0.00015,301.124,293.15,317.791,0.0,150000,1,476,47600000,47600000,47600000,0,301124,1,476,47600000,47600000,47600000,0,293150,1,476,47600000,47600000,47600000,0,317791,1,476,47600000,47600000,47600000,0,0,1,476,47600000,47600000,47600000,0,1.0,0.527498,0.65,1.0,0.527498,0.65,1.0,0.527498,0.65,476,47900000,False,1.0,5000.0,300.0,500.0,600000000000.0,100000000000.0,,475
1,planned_restart,thermal_loop,478,controller_tick,47700000,47.7,1,0,47700000,477,47700000,RUNNING,,0,0,62,1,0,reconstructed_from_retained_wire,True,,,317.79114993419745,301.124484214401,293.14999895250804,0.5274980000000011,0.65,238500.00000000352,238499.97568190764,0.00014999991971397566,18825.423634720464,-1.0131998351425864e-08,0.00015,301.124,293.15,317.791,0.0,150000,1,477,47700000,47700000,47700000,0,301124,1,477,47700000,47700000,47700000,0,293150,1,477,47700000,47700000,47700000,0,317791,1,477,47700000,47700000,47700000,0,0,1,477,47700000,47700000,47700000,0,1.0,0.527498,0.65,1.0,0.527498,0.65,1.0,0.527498,0.65,477,48000000,False,1.0,5000.0,300.0,500.0,600000000000.0,100000000000.0,,476
1,planned_restart,thermal_loop,479,controller_tick,47800000,47.8,1,0,47800000,478,47800000,RUNNING,,0,0,62,1,0,reconstructed_from_retained_wire,True,,,317.79114993703615,301.12448421599055,293.1499989533595,0.5274980000000011,0.65,239000.00000000355,238999.97562955433,0.00014999991971397566,18825.423634720464,-1.0357325663790107e-08,0.00015,301.124,293.15,317.791,0.0,150000,1,478,47800000,47800000,47800000,0,301124,1,478,47800000,47800000,47800000,0,293150,1,478,47800000,47800000,47800000,0,317791,1,478,47800000,47800000,47800000,0,0,1,478,47800000,47800000,47800000,0,1.0,0.527498,0.65,1.0,0.527498,0.65,1.0,0.527498,0.65,478,48100000,False,1.0,5000.0,300.0,500.0,600000000000.0,100000000000.0,,477
1,planned_restart,thermal_loop,480,controller_tick,47900000,47.9,1,0,47900000,479,47900000,RUNNING,,0,0,62,1,0,reconstructed_from_retained_wire,True,,,317.79114993987116,301.12448421757915,293.1499989542112,0.5274980000000011,0.65,239500.00000000358,239499.9755772436,0.00014999991971397566,18825.423634720464,-1.0179292075918056e-08,0.00015,301.124,293.15,317.791,0.0,150000,1,479,47900000,47900000,47900000,0,301124,1,479,47900000,47900000,47900000,0,293150,1,479,47900000,47900000,47900000,0,317791,1,479,47900000,47900000,47900000,0,0,1,479,47900000,47900000,47900000,0,1.0,0.527498,0.65,1.0,0.527498,0.65,1.0,0.527498,0.65,479,48200000,False,1.0,5000.0,300.0,500.0,600000000000.0,100000000000.0,,478
1,planned_restart,thermal_loop,481,controller_tick,48000000,48.0,1,0,48000000,480,48000000,RUNNING,,0,0,62,1,0,reconstructed_from_retained_wire,True,,,317.79114994270236,301.1244842191666,293.1499989550632,0.5274980000000011,0.65,240000.0000000036,239999.97552497548,0.00014999991971397566,18825.423634720464,-1.0705662134569138e-08,0.00015,301.124,293.15,317.791,0.0,150000,1,480,48000000,48000000,48000000,0,301124,1,480,48000000,48000000,48000000,0,293150,1,480,48000000,48000000,48000000,0,317791,1,480,48000000,48000000,48000000,0,0,1,480,48000000,48000000,48000000,0,1.0,0.527498,0.65,1.0,0.527498,0.65,1.0,0.527498,0.65,480,48300000,False,1.0,5000.0,300.0,500.0,600000000000.0,100000000000.0,,479
1,planned_restart,thermal_loop,482,controller_tick,48100000,48.1,1,0,48100000,481,48100000,RUNNING,,0,0,62,1,0,reconstructed_from_retained_wire,True,,,317.7911499455299,301.124484220753,293.1499989559155,0.5274980000000011,0.65,240500.00000000364,240499.97547274997,0.00014999991971397566,18825.423634720464,-1.046873876475729e-08,0.00015,301.124,293.15,317.791,0.0,150000,1,481,48100000,48100000,48100000,0,301124,1,481,48100000,48100000,48100000,0,293150,1,481,48100000,48100000,48100000,0,317791,1,481,48100000,48100000,48100000,0,0,1,481,48100000,48100000,48100000,0,1.0,0.527498,0.65,1.0,0.527498,0.65,1.0,0.527498,0.65,481,48400000,False,1.0,5000.0,300.0,500.0,600000000000.0,100000000000.0,,480
1,planned_restart,thermal_loop,483,controller_tick,48200000,48.2,1,0,48200000,482,48200000,RUNNING,,0,0,62,1,0,reconstructed_from_retained_wire,True,,,317.79114994835373,301.1244842223384,293.14999895676806,0.5274980000000011,0.65,241000.00000000367,240999.97542056706,0.00014999991971397566,18825.423634720464,-1.0367784852860495e-08,0.00015,301.124,293.15,317.791,0.0,150000,1,482,48200000,48200000,48200000,0,301124,1,482,48200000,48200000,48200000,0,293150,1,482,48200000,48200000,48200000,0,317791,1,482,48200000,48200000,48200000,0,0,1,482,48200000,48200000,48200000,0,1.0,0.527498,0.65,1.0,0.527498,0.65,1.0,0.527498,0.65,482,48500000,False,1.0,5000.0,300.0,500.0,600000000000.0,100000000000.0,,481
1,planned_restart,thermal_loop,484,controller_tick,48300000,48.3,1,0,48300000,483,48300000,RUNNING,,0,0,62,1,0,reconstructed_from_retained_wire,True,,,317.79114995117385,301.12448422392276,293.1499989576209,0.5274980000000011,0.65,241500.0000000037,241499.9753684268,0.00014999991971397566,18825.423634720464,-1.0042867870652117e-08,0.00015,301.124,293.15,317.791,0.0,150000,1,483,48300000,48300000,48300000,0,301124,1,483,48300000,48300000,48300000,0,293150,1,483,48300000,48300000,48300000,0,317791,1,483,48300000,48300000,48300000,0,0,1,483,48300000,48300000,48300000,0,1.0,0.527498,0.65,1.0,0.527498,0.65,1.0,0.527498,0.65,483,48600000,False,1.0,5000.0,300.0,500.0,600000000000.0,100000000000.0,,482
1,planned_restart,thermal_loop,485,controller_tick,48400000,48.4,1,0,48400000,484,48400000,RUNNING,,0,0,62,1,0,reconstructed_from_retained_wire,True,,,317.7911499539902,301.124484225506,293.149998958474,0.5274980000000011,0.65,242000.00000000373,241999.9753163292,0.00014999991971397566,18825.423634720464,-1.0033318176283501e-08,0.00015,301.124,293.15,317.791,0.0,150000,1,484,48400000,48400000,48400000,0,301124,1,484,48400000,48400000,48400000,0,293150,1,484,48400000,48400000,48400000,0,317791,1,484,48400000,48400000,48400000,0,0,1,484,48400000,48400000,48400000,0,1.0,0.527498,0.65,1.0,0.527498,0.65,1.0,0.527498,0.65,484,48700000,False,1.0,5000.0,300.0,500.0,600000000000.0,100000000000.0,,483
1,planned_restart,thermal_loop,486,controller_tick,48500000,48.5,1,0,48500000,485,48500000,RUNNING,,0,0,62,1,0,reconstructed_from_retained_wire,True,,,317.7911499568029,301.1244842270882,293.1499989593273,0.5274980000000011,0.65,242500.00000000375,242499.97526427425,0.00014999991971397566,18825.423634720464,-1.04835180536611e-08,0.00015,301.124,293.15,317.791,0.0,150000,1,485,48500000,48500000,48500000,0,301124,1,485,48500000,48500000,48500000,0,293150,1,485,48500000,48500000,48500000,0,317791,1,485,48500000,48500000,48500000,0,0,1,485,48500000,48500000,48500000,0,1.0,0.527498,0.65,1.0,0.527498,0.65,1.0,0.527498,0.65,485,48800000,False,1.0,5000.0,300.0,500.0,600000000000.0,100000000000.0,,484
1,planned_restart,thermal_loop,487,controller_tick,48600000,48.6,1,0,48600000,486,48600000,RUNNING,,0,0,62,1,0,reconstructed_from_retained_wire,True,,,317.7911499596119,301.1244842286694,293.1499989601809,0.5274980000000011,0.65,243000.00000000375,242999.97521226195,0.00014999991971397566,18825.423634720464,-9.874611350824125e-09,0.00015,301.124,293.15,317.791,0.0,150000,1,486,48600000,48600000,48600000,0,301124,1,486,48600000,48600000,48600000,0,293150,1,486,48600000,48600000,48600000,0,317791,1,486,48600000,48600000,48600000,0,0,1,486,48600000,48600000,48600000,0,1.0,0.527498,0.65,1.0,0.527498,0.65,1.0,0.527498,0.65,486,48900000,False,1.0,5000.0,300.0,500.0,600000000000.0,100000000000.0,,485
1,planned_restart,thermal_loop,488,controller_tick,48700000,48.7,1,0,48700000,487,48700000,RUNNING,,0,0,62,1,0,reconstructed_from_retained_wire,True,,,317.7911499624172,301.12448423024955,293.14999896103467,0.5274980000000011,0.65,243500.00000000375,243499.97516029238,0.00014999991971397566,18825.423634720464,-1.0235680747427978e-08,0.00015,301.124,293.15,317.791,0.0,150000,1,487,48700000,48700000,48700000,0,301124,1,487,48700000,48700000,48700000,0,293150,1,487,48700000,48700000,48700000,0,317791,1,487,48700000,48700000,48700000,0,0,1,487,48700000,48700000,48700000,0,1.0,0.527498,0.65,1.0,0.527498,0.65,1.0,0.527498,0.65,487,49000000,False,1.0,5000.0,300.0,500.0,600000000000.0,100000000000.0,,486
1,planned_restart,thermal_loop,489,controller_tick,48800000,48.8,1,0,48800000,488,48800000,RUNNING,,0,0,62,1,0,reconstructed_from_retained_wire,True,,,317.79114996521884,301.1244842318286,293.1499989618887,0.5274980000000011,0.65,244000.00000000378,243999.97510836547,0.00014999991971397566,18825.423634720464,-1.0517169357626699e-08,0.00015,301.124,293.15,317.791,0.0,150000,1,488,48800000,48800000,48800000,0,301124,1,488,48800000,48800000,48800000,0,293150,1,488,48800000,48800000,48800000,0,317791,1,488,48800000,48800000,48800000,0,0,1,488,48800000,48800000,48800000,0,1.0,0.527498,0.65,1.0,0.527498,0.65,1.0,0.527498,0.65,488,49100000,False,1.0,5000.0,300.0,500.0,600000000000.0,100000000000.0,,487
1,planned_restart,thermal_loop,490,controller_tick,48900000,48.9,1,0,48900000,489,48900000,RUNNING,,0,0,62,1,0,reconstructed_from_retained_wire,True,,,317.79114996801684,301.1244842334066,293.1499989627429,0.5274980000000011,0.65,244500.0000000038,244499.9750564813,0.00014999991971397566,18825.423634720464,-1.0631765690050088e-08,0.00015,301.124,293.15,317.791,0.0,150000,1,489,48900000,48900000,48900000,0,301124,1,489,48900000,48900000,48900000,0,293150,1,489,48900000,48900000,48900000,0,317791,1,489,48900000,48900000,48900000,0,0,1,489,48900000,48900000,48900000,0,1.0,0.527498,0.65,1.0,0.527498,0.65,1.0,0.527498,0.65,489,49200000,False,1.0,5000.0,300.0,500.0,600000000000.0,100000000000.0,,488
1,planned_restart,thermal_loop,491,controller_tick,49000000,49.0,1,0,49000000,490,49000000,RUNNING,,0,0,62,1,0,reconstructed_from_retained_wire,True,,,317.7911499708112,301.1244842349836,293.1499989635974,0.5274980000000011,0.65,245000.00000000384,244999.9750046398,0.00014999991971397566,18825.423634720464,-9.658151611802168e-09,0.00015,301.124,293.15,317.791,0.0,150000,1,490,49000000,49000000,49000000,0,301124,1,490,49000000,49000000,49000000,0,293150,1,490,49000000,49000000,49000000,0,317791,1,490,49000000,49000000,49000000,0,0,1,490,49000000,49000000,49000000,0,1.0,0.527498,0.65,1.0,0.527498,0.65,1.0,0.527498,0.65,490,49300000,False,1.0,5000.0,300.0,500.0,600000000000.0,100000000000.0,,489
1,planned_restart,thermal_loop,492,controller_tick,49100000,49.1,1,0,49100000,491,49100000,RUNNING,,0,0,62,1,0,reconstructed_from_retained_wire,True,,,317.79114997360193,301.1244842365595,293.14999896445204,0.5274980000000011,0.65,245500.00000000384,245499.97495284106,0.00014999991971397566,18825.423634720464,-9.172254067379981e-09,0.00015,301.124,293.15,317.791,0.0,150000,1,491,49100000,49100000,49100000,0,301124,1,491,49100000,49100000,49100000,0,293150,1,491,49100000,49100000,49100000,0,317791,1,491,49100000,49100000,49100000,0,0,1,491,49100000,49100000,49100000,0,1.0,0.527498,0.65,1.0,0.527498,0.65,1.0,0.527498,0.65,491,49400000,False,1.0,5000.0,300.0,500.0,600000000000.0,100000000000.0,,490
1,planned_restart,thermal_loop,493,controller_tick,49200000,49.2,1,0,49200000,492,49200000,RUNNING,,0,0,62,1,0,reconstructed_from_retained_wire,True,,,317.791149976389,301.12448423813436,293.14999896530685,0.5274980000000011,0.65,246000.00000000387,245999.97490108505,0.00014999991971397566,18825.423634720464,-9.261384548153728e-09,0.00015,301.124,293.15,317.791,0.0,150000,1,492,49200000,49200000,49200000,0,301124,1,492,49200000,49200000,49200000,0,293150,1,492,49200000,49200000,49200000,0,317791,1,492,49200000,49200000,49200000,0,0,1,492,49200000,49200000,49200000,0,1.0,0.527498,0.65,1.0,0.527498,0.65,1.0,0.527498,0.65,492,49500000,False,1.0,5000.0,300.0,500.0,600000000000.0,100000000000.0,,491
1,planned_restart,thermal_loop,494,controller_tick,49300000,49.3,1,0,49300000,493,49300000,RUNNING,,0,0,62,1,0,reconstructed_from_retained_wire,True,,,317.7911499791725,301.1244842397082,293.1499989661619,0.5274980000000011,0.65,246500.0000000039,246499.97484937176,0.00014999991971397566,18825.423634720464,-8.708411769475788e-09,0.00015,301.124,293.15,317.791,0.0,150000,1,493,49300000,49300000,49300000,0,301124,1,493,49300000,49300000,49300000,0,293150,1,493,49300000,49300000,49300000,0,317791,1,493,49300000,49300000,49300000,0,0,1,493,49300000,49300000,49300000,0,1.0,0.527498,0.65,1.0,0.527498,0.65,1.0,0.527498,0.65,493,49600000,False,1.0,5000.0,300.0,500.0,600000000000.0,100000000000.0,,492
1,planned_restart,thermal_loop,495,controller_tick,49400000,49.4,1,0,49400000,494,49400000,RUNNING,,0,0,62,1,0,reconstructed_from_retained_wire,True,,,317.7911499819523,301.1244842412809,293.1499989670171,0.5274980000000011,0.65,247000.00000000393,246999.97479770126,0.00014999991971397566,18825.423634720464,-8.64315552462358e-09,0.00015,301.124,293.15,317.791,0.0,150000,1,494,49400000,49400000,49400000,0,301124,1,494,49400000,49400000,49400000,0,293150,1,494,49400000,49400000,49400000,0,317791,1,494,49400000,49400000,49400000,0,0,1,494,49400000,49400000,49400000,0,1.0,0.527498,0.65,1.0,0.527498,0.65,1.0,0.527498,0.65,494,49700000,False,1.0,5000.0,300.0,500.0,600000000000.0,100000000000.0,,493
1,planned_restart,thermal_loop,496,controller_tick,49500000,49.5,1,0,49500000,495,49500000,RUNNING,,0,0,62,1,0,reconstructed_from_retained_wire,True,,,317.79114998472846,301.1244842428527,293.1499989678725,0.5274980000000011,0.65,247500.00000000396,247499.9747460735,0.00014999991971397566,18825.423634720464,-8.144297680701129e-09,0.00015,301.124,293.15,317.791,0.0,150000,1,495,49500000,49500000,49500000,0,301124,1,495,49500000,49500000,49500000,0,293150,1,495,49500000,49500000,49500000,0,317791,1,495,49500000,49500000,49500000,0,0,1,495,49500000,49500000,49500000,0,1.0,0.527498,0.65,1.0,0.527498,0.65,1.0,0.527498,0.65,495,49800000,False,1.0,5000.0,300.0,500.0,600000000000.0,100000000000.0,,494
1,planned_restart,thermal_loop,497,controller_tick,49600000,49.6,1,0,49600000,496,49600000,RUNNING,,0,0,62,1,0,reconstructed_from_retained_wire,True,,,317.791149987501,301.12448424442334,293.1499989687281,0.5274980000000011,0.65,248000.000000004,247999.97469448854,0.00014999991971397566,18825.423634720464,-7.895550879766233e-09,0.00015,301.124,293.15,317.791,0.0,150000,1,496,49600000,49600000,49600000,0,301124,1,496,49600000,49600000,49600000,0,293150,1,496,49600000,49600000,49600000,0,317791,1,496,49600000,49600000,49600000,0,0,1,496,49600000,49600000,49600000,0,1.0,0.527498,0.65,1.0,0.527498,0.65,1.0,0.527498,0.65,496,49900000,False,1.0,5000.0,300.0,500.0,600000000000.0,100000000000.0,,495
1,planned_restart,thermal_loop,498,controller_tick,49700000,49.7,1,0,49700000,497,49700000,RUNNING,,0,0,62,1,0,reconstructed_from_retained_wire,True,,,317.79114999027,301.12448424599296,293.14999896958375,0.5274980000000011,0.65,248500.00000000402,248499.97464294633,0.00014999991971397566,18825.423634720464,-7.977178029250354e-09,0.00015,301.124,293.15,317.791,0.0,150000,1,497,49700000,49700000,49700000,0,301124,1,497,49700000,49700000,49700000,0,293150,1,497,49700000,49700000,49700000,0,317791,1,497,49700000,49700000,49700000,0,0,1,497,49700000,49700000,49700000,0,1.0,0.527498,0.65,1.0,0.527498,0.65,1.0,0.527498,0.65,497,50000000,False,1.0,5000.0,300.0,500.0,600000000000.0,100000000000.0,,496
1,planned_restart,thermal_loop,499,controller_tick,49800000,49.8,1,0,49800000,498,49800000,RUNNING,,0,0,62,1,0,reconstructed_from_retained_wire,True,,,317.7911499930354,301.12448424756155,293.1499989704396,0.5274980000000011,0.65,249000.00000000402,248999.97459144692,0.00014999991971397566,18825.423634720464,-8.013103069970384e-09,0.00015,301.124,293.15,317.791,0.0,150000,1,498,49800000,49800000,49800000,0,301124,1,498,49800000,49800000,49800000,0,293150,1,498,49800000,49800000,49800000,0,317791,1,498,49800000,49800000,49800000,0,0,1,498,49800000,49800000,49800000,0,1.0,0.527498,0.65,1.0,0.527498,0.65,1.0,0.527498,0.65,498,50100000,False,1.0,5000.0,300.0,500.0,600000000000.0,100000000000.0,,497
1,planned_restart,thermal_loop,500,controller_tick,49900000,49.9,1,0,49900000,499,49900000,RUNNING,,0,0,62,1,0,reconstructed_from_retained_wire,True,,,317.7911499957972,301.12448424912907,293.1499989712956,0.5274980000000011,0.65,249500.00000000405,249499.9745399903,0.00014999991971397566,18825.423634720464,-7.997414286364801e-09,0.00015,301.124,293.15,317.791,0.0,150000,1,499,49900000,49900000,49900000,0,301124,1,499,49900000,49900000,49900000,0,293150,1,499,49900000,49900000,49900000,0,317791,1,499,49900000,49900000,49900000,0,0,1,499,49900000,49900000,49900000,0,1.0,0.527498,0.65,1.0,0.527498,0.65,1.0,0.527498,0.65,499,50200000,False,1.0,5000.0,300.0,500.0,600000000000.0,100000000000.0,,498
1,planned_restart,thermal_loop,501,controller_tick,50000000,50.0,1,0,50000000,500,50000000,RUNNING,,0,0,62,1,0,reconstructed_from_retained_wire,True,,,317.79114999855534,301.12448425069556,293.1499989721517,0.5274980000000011,0.65,250000.00000000407,249999.9744885765,0.00014999991971397566,18825.423634720464,-8.677943696966395e-09,0.00015,301.124,293.15,317.791,0.0,150000,1,500,50000000,50000000,50000000,0,301124,1,500,50000000,50000000,50000000,0,293150,1,500,50000000,50000000,50000000,0,317791,1,500,50000000,50000000,50000000,0,0,1,500,50000000,50000000,50000000,0,1.0,0.527498,0.65,1.0,0.527498,0.65,1.0,0.527498,0.65,500,50300000,False,1.0,5000.0,300.0,500.0,600000000000.0,100000000000.0,,499
1,planned_restart,thermal_loop,502,controller_tick,50100000,50.1,1,0,50100000,501,50100000,RUNNING,,0,0,62,1,0,reconstructed_from_retained_wire,True,,,317.79115000131,301.12448425226097,293.149998973008,0.5274980000000011,0.65,250500.0000000041,250499.9744372055,0.00014999991971397566,18825.423634720464,-8.680217433720827e-09,0.00015,301.124,293.15,317.791,0.0,150000,1,501,50100000,50100000,50100000,0,301124,1,501,50100000,50100000,50100000,0,293150,1,501,50100000,50100000,50100000,0,317791,1,501,50100000,50100000,50100000,0,0,1,501,50100000,50100000,50100000,0,1.0,0.527498,0.65,1.0,0.527498,0.65,1.0,0.527498,0.65,501,50400000,False,1.0,5000.0,300.0,500.0,600000000000.0,100000000000.0,,500
1,planned_restart,thermal_loop,503,controller_tick,50200000,50.2,1,0,50200000,502,50200000,RUNNING,,0,0,62,1,0,reconstructed_from_retained_wire,True,,,317.791150004061,301.1244842538253,293.1499989738644,0.5274980000000011,0.65,251000.00000000413,250999.9743858773,0.00014999991971397566,18825.423634720464,-9.285486157750711e-09,0.00015,301.124,293.15,317.791,0.0,150000,1,502,50200000,50200000,50200000,0,301124,1,502,50200000,50200000,50200000,0,293150,1,502,50200000,50200000,50200000,0,317791,1,502,50200000,50200000,50200000,0,0,1,502,50200000,50200000,50200000,0,1.0,0.527498,0.65,1.0,0.527498,0.65,1.0,0.527498,0.65,502,50500000,False,1.0,5000.0,300.0,500.0,600000000000.0,100000000000.0,,501
1,planned_restart,thermal_loop,504,controller_tick,50300000,50.3,1,0,50300000,503,50300000,RUNNING,,0,0,62,1,0,reconstructed_from_retained_wire,True,,,317.79115000680855,301.1244842553886,293.1499989747209,0.5274980000000011,0.65,251500.00000000416,251499.97433459197,0.00014999991971397566,18825.423634720464,-9.421000868314877e-09,0.00015,301.124,293.15,317.791,0.0,150000,1,503,50300000,50300000,50300000,0,301124,1,503,50300000,50300000,50300000,0,293150,1,503,50300000,50300000,50300000,0,317791,1,503,50300000,50300000,50300000,0,0,1,503,50300000,50300000,50300000,0,1.0,0.527498,0.65,1.0,0.527498,0.65,1.0,0.527498,0.65,503,50600000,False,1.0,5000.0,300.0,500.0,600000000000.0,100000000000.0,,502
1,planned_restart,thermal_loop,505,controller_tick,50400000,50.4,1,0,50400000,504,50400000,RUNNING,,0,0,62,1,0,reconstructed_from_retained_wire,True,,,317.7911500095525,301.1244842569509,293.14999897557755,0.5274980000000011,0.65,252000.0000000042,251999.97428334944,0.00014999991971397566,18825.423634720464,-9.68429958447814e-09,0.00015,301.124,293.15,317.791,0.0,150000,1,504,50400000,50400000,50400000,0,301124,1,504,50400000,50400000,50400000,0,293150,1,504,50400000,50400000,50400000,0,317791,1,504,50400000,50400000,50400000,0,0,1,504,50400000,50400000,50400000,0,1.0,0.527498,0.65,1.0,0.527498,0.65,1.0,0.527498,0.65,504,50700000,False,1.0,5000.0,300.0,500.0,600000000000.0,100000000000.0,,503
1,planned_restart,thermal_loop,506,controller_tick,50500000,50.5,1,0,50500000,505,50500000,RUNNING,,0,0,62,1,0,reconstructed_from_retained_wire,True,,,317.7911500122929,301.1244842585121,293.1499989764343,0.5274980000000011,0.65,252500.00000000422,252499.97423214975,0.00014999991971397566,18825.423634720464,-9.95305526885204e-09,0.00015,301.124,293.15,317.791,0.0,150000,1,505,50500000,50500000,50500000,0,301124,1,505,50500000,50500000,50500000,0,293150,1,505,50500000,50500000,50500000,0,317791,1,505,50500000,50500000,50500000,0,0,1,505,50500000,50500000,50500000,0,1.0,0.527498,0.65,1.0,0.527498,0.65,1.0,0.527498,0.65,505,50800000,False,1.0,5000.0,300.0,500.0,600000000000.0,100000000000.0,,504
1,planned_restart,thermal_loop,507,controller_tick,50600000,50.6,1,0,50600000,506,50600000,RUNNING,,0,0,62,1,0,reconstructed_from_retained_wire,True,,,317.79115001502976,301.1244842600722,293.14999897729115,0.5274980000000011,0.65,253000.00000000425,252999.9741809929,0.00014999991971397566,18825.423634720464,-1.0795702110044658e-08,0.00015,301.124,293.15,317.791,0.0,150000,1,506,50600000,50600000,50600000,0,301124,1,506,50600000,50600000,50600000,0,293150,1,506,50600000,50600000,50600000,0,317791,1,506,50600000,50600000,50600000,0,0,1,506,50600000,50600000,50600000,0,1.0,0.527498,0.65,1.0,0.527498,0.65,1.0,0.527498,0.65,506,50900000,False,1.0,5000.0,300.0,500.0,600000000000.0,100000000000.0,,505
1,planned_restart,thermal_loop,508,controller_tick,50700000,50.7,1,0,50700000,507,50700000,RUNNING,,0,0,62,1,0,reconstructed_from_retained_wire,True,,,317.7911500177631,301.1244842616313,293.1499989781481,0.5274980000000011,0.65,253500.00000000425,253499.9741298789,0.00014999991971397566,18825.423634720464,-1.1139491107314825e-08,0.00015,301.124,293.15,317.791,0.0,150000,1,507,50700000,50700000,50700000,0,301124,1,507,50700000,50700000,50700000,0,293150,1,507,50700000,50700000,50700000,0,317791,1,507,50700000,50700000,50700000,0,0,1,507,50700000,50700000,50700000,0,1.0,0.527498,0.65,1.0,0.527498,0.65,1.0,0.527498,0.65,507,51000000,False,1.0,5000.0,300.0,500.0,600000000000.0,100000000000.0,,506
1,planned_restart,thermal_loop,509,controller_tick,50800000,50.8,1,0,50800000,508,50800000,RUNNING,,0,0,62,1,0,reconstructed_from_retained_wire,True,,,317.7911500204929,301.12448426318934,293.1499989790052,0.5274980000000011,0.65,254000.00000000428,253999.97407880775,0.00014999991971397566,18825.423634720464,-1.092030288418755e-08,0.00015,301.124,293.15,317.791,0.0,150000,1,508,50800000,50800000,50800000,0,301124,1,508,50800000,50800000,50800000,0,293150,1,508,50800000,50800000,50800000,0,317791,1,508,50800000,50800000,50800000,0,0,1,508,50800000,50800000,50800000,0,1.0,0.527498,0.65,1.0,0.527498,0.65,1.0,0.527498,0.65,508,51100000,False,1.0,5000.0,300.0,500.0,600000000000.0,100000000000.0,,507
1,planned_restart,thermal_loop,510,controller_tick,50900000,50.9,1,0,50900000,509,50900000,RUNNING,,0,0,62,1,0,reconstructed_from_retained_wire,True,,,317.7911500232193,301.12448426474634,293.1499989798623,0.5274980000000011,0.65,254500.0000000043,254499.97402777945,0.00014999991971397566,18825.423634720464,-1.1088559404015541e-08,0.00015,301.124,293.15,317.791,0.0,150000,1,509,50900000,50900000,50900000,0,301124,1,509,50900000,50900000,50900000,0,293150,1,509,50900000,50900000,50900000,0,317791,1,509,50900000,50900000,50900000,0,0,1,509,50900000,50900000,50900000,0,1.0,0.527498,0.65,1.0,0.527498,0.65,1.0,0.527498,0.65,509,51200000,False,1.0,5000.0,300.0,500.0,600000000000.0,100000000000.0,,508
1,planned_restart,thermal_loop,511,controller_tick,51000000,51.0,1,0,51000000,510,51000000,RUNNING,,0,0,62,1,0,reconstructed_from_retained_wire,True,,,317.79115002594216,301.12448426630226,293.1499989807195,0.5274980000000011,0.65,255000.0000000043,254999.973976794,0.00014999991971397566,18825.423634720464,-1.1233169061597437e-08,0.00015,301.124,293.15,317.791,0.0,150000,1,510,51000000,51000000,51000000,0,301124,1,510,51000000,51000000,51000000,0,293150,1,510,51000000,51000000,51000000,0,317791,1,510,51000000,51000000,51000000,0,0,1,510,51000000,51000000,51000000,0,1.0,0.527498,0.65,1.0,0.527498,0.65,1.0,0.527498,0.65,510,51300000,False,1.0,5000.0,300.0,500.0,600000000000.0,100000000000.0,,509
1,planned_restart,thermal_loop,512,controller_tick,51100000,51.1,1,0,51100000,511,51100000,RUNNING,,0,0,62,1,0,reconstructed_from_retained_wire,True,,,317.7911500286615,301.12448426785716,293.14999898157674,0.5274980000000011,0.65,255500.0000000043,255499.9739258514,0.00014999991971397566,18825.423634720464,-1.1591737347771414e-08,0.00015,301.124,293.15,317.791,0.0,150000,1,511,51100000,51100000,51100000,0,301124,1,511,51100000,51100000,51100000,0,293150,1,511,51100000,51100000,51100000,0,317791,1,511,51100000,51100000,51100000,0,0,1,511,51100000,51100000,51100000,0,1.0,0.527498,0.65,1.0,0.527498,0.65,1.0,0.527498,0.65,511,51400000,False,1.0,5000.0,300.0,500.0,600000000000.0,100000000000.0,,510
1,planned_restart,thermal_loop,513,controller_tick,51200000,51.2,1,0,51200000,512,51200000,RUNNING,,0,0,62,1,0,reconstructed_from_retained_wire,True,,,317.7911500313773,301.12448426941097,293.14999898243406,0.5274980000000011,0.65,256000.00000000434,255999.97387495168,0.00014999991971397566,18825.423634720464,-1.266857907467056e-08,0.00015,301.124,293.15,317.791,0.0,150000,1,512,51200000,51200000,51200000,0,301124,1,512,51200000,51200000,51200000,0,293150,1,512,51200000,51200000,51200000,0,317791,1,512,51200000,51200000,51200000,0,0,1,512,51200000,51200000,51200000,0,1.0,0.527498,0.65,1.0,0.527498,0.65,1.0,0.527498,0.65,512,51500000,False,1.0,5000.0,300.0,500.0,600000000000.0,100000000000.0,,511
1,planned_restart,thermal_loop,514,controller_tick,51300000,51.3,1,0,51300000,513,51300000,RUNNING,,0,0,62,1,0,reconstructed_from_retained_wire,True,,,317.79115003408964,301.12448427096376,293.1499989832915,0.5274980000000011,0.65,256500.00000000437,256499.97382409484,0.00014999991971397566,18825.423634720464,-1.2678128769039176e-08,0.00015,301.124,293.15,317.791,0.0,150000,1,513,51300000,51300000,51300000,0,301124,1,513,51300000,51300000,51300000,0,293150,1,513,51300000,51300000,51300000,0,317791,1,513,51300000,51300000,51300000,0,0,1,513,51300000,51300000,51300000,0,1.0,0.527498,0.65,1.0,0.527498,0.65,1.0,0.527498,0.65,513,51600000,False,1.0,5000.0,300.0,500.0,600000000000.0,100000000000.0,,512
1,planned_restart,thermal_loop,515,controller_tick,51400000,51.4,1,0,51400000,514,51400000,RUNNING,,0,0,62,1,0,reconstructed_from_retained_wire,True,,,317.7911500367985,301.12448427251553,293.14999898414897,0.5274980000000011,0.65,257000.00000000437,256999.97377328086,0.00014999991971397566,18825.423634720464,-1.230409907293506e-08,0.00015,301.124,293.15,317.791,0.0,150000,1,514,51400000,51400000,51400000,0,301124,1,514,51400000,51400000,51400000,0,293150,1,514,51400000,51400000,51400000,0,317791,1,514,51400000,51400000,51400000,0,0,1,514,51400000,51400000,51400000,0,1.0,0.527498,0.65,1.0,0.527498,0.65,1.0,0.527498,0.65,514,51700000,False,1.0,5000.0,300.0,500.0,600000000000.0,100000000000.0,,513
1,planned_restart,thermal_loop,516,controller_tick,51500000,51.5,1,0,51500000,515,51500000,RUNNING,,0,0,62,1,0,reconstructed_from_retained_wire,True,,,317.791150039504,301.1244842740663,293.1499989850065,0.5274980000000011,0.65,257500.0000000044,257499.97372250975,0.00014999991971397566,18825.423634720464,-1.1036263458663598e-08,0.00015,301.124,293.15,317.791,0.0,150000,1,515,51500000,51500000,51500000,0,301124,1,515,51500000,51500000,51500000,0,293150,1,515,51500000,51500000,51500000,0,317791,1,515,51500000,51500000,51500000,0,0,1,515,51500000,51500000,51500000,0,1.0,0.527498,0.65,1.0,0.527498,0.65,1.0,0.527498,0.65,515,51800000,False,1.0,5000.0,300.0,500.0,600000000000.0,100000000000.0,,514
1,planned_restart,thermal_loop,517,controller_tick,51600000,51.6,1,0,51600000,516,51600000,RUNNING,,0,0,62,1,0,reconstructed_from_retained_wire,True,,,317.7911500422059,301.1244842756159,293.14999898586404,0.5274980000000011,0.65,258000.00000000442,257999.9736717815,0.00014999991971397566,18825.423634720464,-1.164562490885146e-08,0.00015,301.124,293.15,317.791,0.0,150000,1,516,51600000,51600000,51600000,0,301124,1,516,51600000,51600000,51600000,0,293150,1,516,51600000,51600000,51600000,0,317791,1,516,51600000,51600000,51600000,0,0,1,516,51600000,51600000,51600000,0,1.0,0.527498,0.65,1.0,0.527498,0.65,1.0,0.527498,0.65,516,51900000,False,1.0,5000.0,300.0,500.0,600000000000.0,100000000000.0,,515
1,planned_restart,thermal_loop,518,controller_tick,51700000,51.7,1,0,51700000,517,51700000,RUNNING,,0,0,62,1,0,reconstructed_from_retained_wire,True,,,317.79115004490444,301.1244842771644,293.14999898672164,0.5274980000000011,0.65,258500.00000000445,258499.97362109614,0.00014999991971397566,18825.423634720464,-1.1807287592091598e-08,0.00015,301.124,293.15,317.791,0.0,150000,1,517,51700000,51700000,51700000,0,301124,1,517,51700000,51700000,51700000,0,293150,1,517,51700000,51700000,51700000,0,317791,1,517,51700000,51700000,51700000,0,0,1,517,51700000,51700000,51700000,0,1.0,0.527498,0.65,1.0,0.527498,0.65,1.0,0.527498,0.65,517,52000000,False,1.0,5000.0,300.0,500.0,600000000000.0,100000000000.0,,516
1,planned_restart,thermal_loop,519,controller_tick,51800000,51.8,1,0,51800000,518,51800000,RUNNING,,0,0,62,1,0,reconstructed_from_retained_wire,True,,,317.7911500475995,301.1244842787119,293.1499989875793,0.5274980000000011,0.65,259000.00000000448,258999.97357045367,0.00014999991971397566,18825.423634720464,-1.1585370884859003e-08,0.00015,301.124,293.15,317.791,0.0,150000,1,518,51800000,51800000,51800000,0,301124,1,518,51800000,51800000,51800000,0,293150,1,518,51800000,51800000,51800000,0,317791,1,518,51800000,51800000,51800000,0,0,1,518,51800000,51800000,51800000,0,1.0,0.527498,0.65,1.0,0.527498,0.65,1.0,0.527498,0.65,518,52100000,False,1.0,5000.0,300.0,500.0,600000000000.0,100000000000.0,,517
1,planned_restart,thermal_loop,520,controller_tick,51900000,51.9,1,0,51900000,519,51900000,RUNNING,,0,0,62,1,0,reconstructed_from_retained_wire,True,,,317.79115005029115,301.12448428025834,293.14999898843695,0.5274980000000011,0.65,259500.00000000448,259499.97351985407,0.00014999991971397566,18825.423634720464,-1.1599468052736484e-08,0.00015,301.124,293.15,317.791,0.0,150000,1,519,51900000,51900000,51900000,0,301124,1,519,51900000,51900000,51900000,0,293150,1,519,51900000,51900000,51900000,0,317791,1,519,51900000,51900000,51900000,0,0,1,519,51900000,51900000,51900000,0,1.0,0.527498,0.65,1.0,0.527498,0.65,1.0,0.527498,0.65,519,52200000,False,1.0,5000.0,300.0,500.0,600000000000.0,100000000000.0,,518
1,planned_restart,thermal_loop,521,controller_tick,52000000,52.0,1,0,52000000,520,52000000,RUNNING,,0,0,62,1,0,reconstructed_from_retained_wire,True,,,317.79115005297933,301.12448428180375,293.1499989892946,0.5274980000000011,0.65,260000.0000000045,259999.97346929737,0.00014999991971397566,18825.423634720464,-1.1971906133112498e-08,0.00015,301.124,293.15,317.791,0.0,150000,1,520,52000000,52000000,52000000,0,301124,1,520,52000000,52000000,52000000,0,293150,1,520,52000000,52000000,52000000,0,317791,1,520,52000000,52000000,52000000,0,0,1,520,52000000,52000000,52000000,0,1.0,0.527498,0.65,1.0,0.527498,0.65,1.0,0.527498,0.65,520,52300000,False,1.0,5000.0,300.0,500.0,600000000000.0,100000000000.0,,519
1,planned_restart,thermal_loop,522,controller_tick,52100000,52.1,1,0,52100000,521,52100000,RUNNING,,0,0,62,1,0,reconstructed_from_retained_wire,True,,,317.7911500556641,301.1244842833481,293.14999899015226,0.5274980000000011,0.65,260500.00000000454,260499.97341878354,0.00014999991971397566,18825.423634720464,-1.2134250937378965e-08,0.00015,301.124,293.15,317.791,0.0,150000,1,521,52100000,52100000,52100000,0,301124,1,521,52100000,52100000,52100000,0,293150,1,521,52100000,52100000,52100000,0,317791,1,521,52100000,52100000,52100000,0,0,1,521,52100000,52100000,52100000,0,1.0,0.527498,0.65,1.0,0.527498,0.65,1.0,0.527498,0.65,521,52400000,False,1.0,5000.0,300.0,500.0,600000000000.0,100000000000.0,,520
1,planned_restart,thermal_loop,523,controller_tick,52200000,52.2,1,0,52200000,522,52200000,RUNNING,,0,0,62,1,0,reconstructed_from_retained_wire,True,,,317.79115005834547,301.1244842848914,293.14999899100997,0.5274980000000011,0.65,261000.00000000457,260999.9733683126,0.00014999991971397566,18825.423634720464,-1.1819793144240975e-08,0.00015,301.124,293.15,317.791,0.0,150000,1,522,52200000,52200000,52200000,0,301124,1,522,52200000,52200000,52200000,0,293150,1,522,52200000,52200000,52200000,0,317791,1,522,52200000,52200000,52200000,0,0,1,522,52200000,52200000,52200000,0,1.0,0.527498,0.65,1.0,0.527498,0.65,1.0,0.527498,0.65,522,52500000,False,1.0,5000.0,300.0,500.0,600000000000.0,100000000000.0,,521
1,planned_restart,thermal_loop,524,controller_tick,52300000,52.3,1,0,52300000,523,52300000,RUNNING,,0,0,62,1,0,reconstructed_from_retained_wire,True,,,317.7911500610234,301.12448428643364,293.1499989918677,0.5274980000000011,0.65,261500.0000000046,261499.97331788455,0.00014999991971397566,18825.423634720464,-1.1770453056669794e-08,0.00015,301.124,293.15,317.791,0.0,150000,1,523,52300000,52300000,52300000,0,301124,1,523,52300000,52300000,52300000,0,293150,1,523,52300000,52300000,52300000,0,317791,1,523,52300000,52300000,52300000,0,0,1,523,52300000,52300000,52300000,0,1.0,0.527498,0.65,1.0,0.527498,0.65,1.0,0.527498,0.65,523,52600000,False,1.0,5000.0,300.0,500.0,600000000000.0,100000000000.0,,522
1,planned_restart,thermal_loop,525,controller_tick,52400000,52.4,1,0,52400000,524,52400000,RUNNING,,0,0,62,1,0,reconstructed_from_retained_wire,True,,,317.7911500636979,301.12448428797484,293.14999899272533,0.5274980000000011,0.65,262000.00000000463,261999.97326749942,0.00014999991971397566,18825.423634720464,-1.2734062693198211e-08,0.00015,301.124,293.15,317.791,0.0,150000,1,524,52400000,52400000,52400000,0,301124,1,524,52400000,52400000,52400000,0,293150,1,524,52400000,52400000,52400000,0,317791,1,524,52400000,52400000,52400000,0,0,1,524,52400000,52400000,52400000,0,1.0,0.527498,0.65,1.0,0.527498,0.65,1.0,0.527498,0.65,524,52700000,False,1.0,5000.0,300.0,500.0,600000000000.0,100000000000.0,,523
1,planned_restart,thermal_loop,526,controller_tick,52500000,52.5,1,0,52500000,525,52500000,RUNNING,,0,0,62,1,0,reconstructed_from_retained_wire,True,,,317.791150066369,301.124484289515,293.14999899358304,0.5274980000000011,0.65,262500.00000000466,262499.9732171571,0.00014999991971397566,18825.423634720464,-1.2235432222951204e-08,0.00015,301.124,293.15,317.791,0.0,150000,1,525,52500000,52500000,52500000,0,301124,1,525,52500000,52500000,52500000,0,293150,1,525,52500000,52500000,52500000,0,317791,1,525,52500000,52500000,52500000,0,0,1,525,52500000,52500000,52500000,0,1.0,0.527498,0.65,1.0,0.527498,0.65,1.0,0.527498,0.65,525,52800000,False,1.0,5000.0,300.0,500.0,600000000000.0,100000000000.0,,524
1,planned_restart,thermal_loop,527,controller_tick,52600000,52.6,1,0,52600000,526,52600000,RUNNING,,0,0,62,1,0,reconstructed_from_retained_wire,True,,,317.79115006903675,301.12448429105405,293.14999899444075,0.5274980000000011,0.65,263000.00000000466,262999.9731668577,0.00014999991971397566,18825.423634720464,-1.247713043994736e-08,0.00015,301.124,293.15,317.791,0.0,150000,1,526,52600000,52600000,52600000,0,301124,1,526,52600000,52600000,52600000,0,293150,1,526,52600000,52600000,52600000,0,317791,1,526,52600000,52600000,52600000,0,0,1,526,52600000,52600000,52600000,0,1.0,0.527498,0.65,1.0,0.527498,0.65,1.0,0.527498,0.65,526,52900000,False,1.0,5000.0,300.0,500.0,600000000000.0,100000000000.0,,525
1,planned_restart,thermal_loop,528,controller_tick,52700000,52.7,1,0,52700000,527,52700000,RUNNING,,0,0,62,1,0,reconstructed_from_retained_wire,True,,,317.79115007170117,301.12448429259206,293.1499989952984,0.5274980000000011,0.65,263500.0000000047,263499.9731166012,0.00014999991971397566,18825.423634720464,-1.2055579645675607e-08,0.00015,301.124,293.15,317.791,0.0,150000,1,527,52700000,52700000,52700000,0,301124,1,527,52700000,52700000,52700000,0,293150,1,527,52700000,52700000,52700000,0,317791,1,527,52700000,52700000,52700000,0,0,1,527,52700000,52700000,52700000,0,1.0,0.527498,0.65,1.0,0.527498,0.65,1.0,0.527498,0.65,527,53000000,False,1.0,5000.0,300.0,500.0,600000000000.0,100000000000.0,,526
1,planned_restart,thermal_loop,529,controller_tick,52800000,52.8,1,0,52800000,528,52800000,RUNNING,,0,0,62,1,0,reconstructed_from_retained_wire,True,,,317.7911500743621,301.12448429412905,293.14999899615606,0.5274980000000011,0.65,264000.0000000047,263999.9730663876,0.00014999991971397566,18825.423634720464,-1.1905058272532187e-08,0.00015,301.124,293.15,317.791,0.0,150000,1,528,52800000,52800000,52800000,0,301124,1,528,52800000,52800000,52800000,0,293150,1,528,52800000,52800000,52800000,0,317791,1,528,52800000,52800000,52800000,0,0,1,528,52800000,52800000,52800000,0,1.0,0.527498,0.65,1.0,0.527498,0.65,1.0,0.527498,0.65,528,53100000,False,1.0,5000.0,300.0,500.0,600000000000.0,100000000000.0,,527
1,planned_restart,thermal_loop,530,controller_tick,52900000,52.9,1,0,52900000,529,52900000,RUNNING,,0,0,62,1,0,reconstructed_from_retained_wire,True,,,317.7911500770197,301.1244842956649,293.1499989970137,0.5274980000000011,0.65,264500.0000000048,264499.9730162168,0.00014999991971397566,18825.423634720464,-1.2013742889394052e-08,0.00015,301.124,293.15,317.791,0.0,150000,1,529,52900000,52900000,52900000,0,301124,1,529,52900000,52900000,52900000,0,293150,1,529,52900000,52900000,52900000,0,317791,1,529,52900000,52900000,52900000,0,0,1,529,52900000,52900000,52900000,0,1.0,0.527498,0.65,1.0,0.527498,0.65,1.0,0.527498,0.65,529,53200000,False,1.0,5000.0,300.0,500.0,600000000000.0,100000000000.0,,528
1,planned_restart,thermal_loop,531,controller_tick,53000000,53.0,1,0,53000000,530,53000000,RUNNING,,0,0,62,1,0,reconstructed_from_retained_wire,True,,,317.79115007967397,301.12448429719973,293.1499989978713,0.5274980000000011,0.65,265000.0000000048,264999.972966089,0.00014999991971397566,18825.423634720464,-1.1969405022682622e-08,0.00015,301.124,293.15,317.791,0.0,150000,1,530,53000000,53000000,53000000,0,301124,1,530,53000000,53000000,53000000,0,293150,1,530,53000000,53000000,53000000,0,317791,1,530,53000000,53000000,53000000,0,0,1,530,53000000,53000000,53000000,0,1.0,0.527498,0.65,1.0,0.527498,0.65,1.0,0.527498,0.65,530,53300000,False,1.0,5000.0,300.0,500.0,600000000000.0,100000000000.0,,529
1,planned_restart,thermal_loop,532,controller_tick,53100000,53.1,1,0,53100000,531,53100000,RUNNING,,0,0,62,1,0,reconstructed_from_retained_wire,True,,,317.79115008232486,301.12448429873353,293.14999899872885,0.5274980000000011,0.65,265500.00000000483,265499.97291600396,0.00014999991971397566,18825.423634720464,-1.1946667655138299e-08,0.00015,301.124,293.15,317.791,0.0,150000,1,531,53100000,53100000,53100000,0,301124,1,531,53100000,53100000,53100000,0,293150,1,531,53100000,53100000,53100000,0,317791,1,531,53100000,53100000,53100000,0,0,1,531,53100000,53100000,53100000,0,1.0,0.527498,0.65,1.0,0.527498,0.65,1.0,0.527498,0.65,531,53400000,False,1.0,5000.0,300.0,500.0,600000000000.0,100000000000.0,,530
1,planned_restart,thermal_loop,533,controller_tick,53200000,53.2,1,0,53200000,532,53200000,RUNNING,,0,0,62,1,0,reconstructed_from_retained_wire,True,,,317.7911500849724,301.1244843002662,293.1499989995864,0.5274980000000011,0.65,266000.0000000049,265999.97286596184,0.00014999991971397566,18825.423634720464,-1.2066720955772325e-08,0.00015,301.124,293.15,317.791,0.0,150000,1,532,53200000,53200000,53200000,0,301124,1,532,53200000,53200000,53200000,0,293150,1,532,53200000,53200000,53200000,0,317791,1,532,53200000,53200000,53200000,0,0,1,532,53200000,53200000,53200000,0,1.0,0.527498,0.65,1.0,0.527498,0.65,1.0,0.527498,0.65,532,53500000,False,1.0,5000.0,300.0,500.0,600000000000.0,100000000000.0,,531
1,planned_restart,thermal_loop,534,controller_tick,53300000,53.3,1,0,53300000,533,53300000,RUNNING,,0,0,62,1,0,reconstructed_from_retained_wire,True,,,317.7911500876166,301.12448430179785,293.1499990004438,0.5274980000000011,0.65,266500.00000000495,266499.9728159626,0.00014999991971397566,18825.423634720464,-1.2804775906261057e-08,0.00015,301.124,293.15,317.791,0.0,150000,1,533,53300000,53300000,53300000,0,301124,1,533,53300000,53300000,53300000,0,293150,1,533,53300000,53300000,53300000,0,317791,1,533,53300000,53300000,53300000,0,0,1,533,53300000,53300000,53300000,0,1.0,0.527498,0.65,1.0,0.527498,0.65,1.0,0.527498,0.65,533,53600000,False,1.0,5000.0,300.0,500.0,600000000000.0,100000000000.0,,532
1,planned_restart,thermal_loop,535,controller_tick,53400000,53.4,1,0,53400000,534,53400000,RUNNING,,0,0,62,1,0,reconstructed_from_retained_wire,True,,,317.7911500902574,301.12448430332836,293.14999900130124,0.5274980000000011,0.65,267000.00000000495,266999.97276600625,0.00014999991971397566,18825.423634720464,-1.3685621524928138e-08,0.00015,301.124,293.15,317.791,0.0,150000,1,534,53400000,53400000,53400000,0,301124,1,534,53400000,53400000,53400000,0,293150,1,534,53400000,53400000,53400000,0,317791,1,534,53400000,53400000,53400000,0,0,1,534,53400000,53400000,53400000,0,1.0,0.527498,0.65,1.0,0.527498,0.65,1.0,0.527498,0.65,534,53700000,False,1.0,5000.0,300.0,500.0,600000000000.0,100000000000.0,,533
1,planned_restart,thermal_loop,536,controller_tick,53500000,53.5,1,0,53500000,535,53500000,RUNNING,,0,0,62,1,0,reconstructed_from_retained_wire,True,,,317.79115009289495,301.12448430485784,293.1499990021586,0.5274980000000011,0.65,267500.000000005,267499.9727160928,0.00014999991971397566,18825.423634720464,-1.3961425793240778e-08,0.00015,301.124,293.15,317.791,0.0,150000,1,535,53500000,53500000,53500000,0,301124,1,535,53500000,53500000,53500000,0,293150,1,535,53500000,53500000,53500000,0,317791,1,535,53500000,53500000,53500000,0,0,1,535,53500000,53500000,53500000,0,1.0,0.527498,0.65,1.0,0.527498,0.65,1.0,0.527498,0.65,535,53800000,False,1.0,5000.0,300.0,500.0,600000000000.0,100000000000.0,,534
1,planned_restart,thermal_loop,537,controller_tick,53600000,53.6,1,0,53600000,536,53600000,RUNNING,,0,0,62,1,0,reconstructed_from_retained_wire,True,,,317.79115009552925,301.12448430638625,293.1499990030159,0.5274980000000011,0.65,268000.00000000506,267999.97266622214,0.00014999991971397566,18825.423634720464,-1.3538965504267253e-08,0.00015,301.124,293.15,317.791,0.0,150000,1,536,53600000,53600000,53600000,0,301124,1,536,53600000,53600000,53600000,0,293150,1,536,53600000,53600000,53600000,0,317791,1,536,53600000,53600000,53600000,0,0,1,536,53600000,53600000,53600000,0,1.0,0.527498,0.65,1.0,0.527498,0.65,1.0,0.527498,0.65,536,53900000,False,1.0,5000.0,300.0,500.0,600000000000.0,100000000000.0,,535
1,planned_restart,thermal_loop,538,controller_tick,53700000,53.7,1,0,53700000,537,53700000,RUNNING,,0,0,62,1,0,reconstructed_from_retained_wire,True,,,317.79115009816013,301.1244843079136,293.1499990038732,0.5274980000000011,0.65,268500.00000000506,268499.9726163944,0.00014999991971397566,18825.423634720464,-1.4007127902004868e-08,0.00015,301.124,293.15,317.791,0.0,150000,1,537,53700000,53700000,53700000,0,301124,1,537,53700000,53700000,53700000,0,293150,1,537,53700000,53700000,53700000,0,317791,1,537,53700000,53700000,53700000,0,0,1,537,53700000,53700000,53700000,0,1.0,0.527498,0.65,1.0,0.527498,0.65,1.0,0.527498,0.65,537,54000000,False,1.0,5000.0,300.0,500.0,600000000000.0,100000000000.0,,536
1,planned_restart,thermal_loop,539,controller_tick,53800000,53.8,1,0,53800000,538,53800000,RUNNING,,0,0,62,1,0,reconstructed_from_retained_wire,True,,,317.7911501007877,301.1244843094398,293.1499990047303,0.5274980000000011,0.65,269000.00000000506,268999.97256660945,0.00014999991971397566,18825.423634720464,-1.5116484064492397e-08,0.00015,301.124,293.15,317.791,0.0,150000,1,538,53800000,53800000,53800000,0,301124,1,538,53800000,53800000,53800000,0,293150,1,538,53800000,53800000,53800000,0,317791,1,538,53800000,53800000,53800000,0,0,1,538,53800000,53800000,53800000,0,1.0,0.527498,0.65,1.0,0.527498,0.65,1.0,0.527498,0.65,538,54100000,False,1.0,5000.0,300.0,500.0,600000000000.0,100000000000.0,,537
1,planned_restart,thermal_loop,540,controller_tick,53900000,53.9,1,0,53900000,539,53900000,RUNNING,,0,0,62,1,0,reconstructed_from_retained_wire,True,,,317.791150103412,301.12448431096504,293.1499990055874,0.5274980000000011,0.65,269500.0000000051,269499.97251686733,0.00014999991971397566,18825.423634720464,-1.5679006537538953e-08,0.00015,301.124,293.15,317.791,0.0,150000,1,539,53900000,53900000,53900000,0,301124,1,539,53900000,53900000,53900000,0,293150,1,539,53900000,53900000,53900000,0,317791,1,539,53900000,53900000,53900000,0,0,1,539,53900000,53900000,53900000,0,1.0,0.527498,0.65,1.0,0.527498,0.65,1.0,0.527498,0.65,539,54200000,False,1.0,5000.0,300.0,500.0,600000000000.0,100000000000.0,,538
1,planned_restart,thermal_loop,541,controller_tick,54000000,54.0,1,0,54000000,540,54000000,RUNNING,,0,0,62,1,0,reconstructed_from_retained_wire,True,,,317.791150106033,301.1244843124892,293.14999900644443,0.5274980000000011,0.65,270000.0000000051,269999.9724671682,0.00014999991971397566,18825.423634720464,-1.593707565916702e-08,0.00015,301.124,293.15,317.791,0.0,150000,1,540,54000000,54000000,54000000,0,301124,1,540,54000000,54000000,54000000,0,293150,1,540,54000000,54000000,54000000,0,317791,1,540,54000000,54000000,54000000,0,0,1,540,54000000,54000000,54000000,0,1.0,0.527498,0.65,1.0,0.527498,0.65,1.0,0.527498,0.65,540,54300000,False,1.0,5000.0,300.0,500.0,600000000000.0,100000000000.0,,539
1,planned_restart,thermal_loop,542,controller_tick,54100000,54.1,1,0,54100000,541,54100000,RUNNING,,0,0,62,1,0,reconstructed_from_retained_wire,True,,,317.7911501086507,301.1244843140123,293.1499990073014,0.5274980000000011,0.65,270500.0000000051,270499.97241751186,0.00014999991971397566,18825.423634720464,-1.559010343044065e-08,0.00015,301.124,293.15,317.791,0.0,150000,1,541,54100000,54100000,54100000,0,301124,1,541,54100000,54100000,54100000,0,293150,1,541,54100000,54100000,54100000,0,317791,1,541,54100000,54100000,54100000,0,0,1,541,54100000,54100000,54100000,0,1.0,0.527498,0.65,1.0,0.527498,0.65,1.0,0.527498,0.65,541,54400000,False,1.0,5000.0,300.0,500.0,600000000000.0,100000000000.0,,540
1,planned_restart,thermal_loop,543,controller_tick,54200000,54.2,1,0,54200000,542,54200000,RUNNING,,0,0,62,1,0,reconstructed_from_retained_wire,True,,,317.79115011126515,301.1244843155343,293.14999900815826,0.5274980000000011,0.65,271000.0000000052,270999.9723678984,0.00014999991971397566,18825.423634720464,-1.5791101759532467e-08,0.00015,301.124,293.15,317.791,0.0,150000,1,542,54200000,54200000,54200000,0,301124,1,542,54200000,54200000,54200000,0,293150,1,542,54200000,54200000,54200000,0,317791,1,542,54200000,54200000,54200000,0,0,1,542,54200000,54200000,54200000,0,1.0,0.527498,0.65,1.0,0.527498,0.65,1.0,0.527498,0.65,542,54500000,False,1.0,5000.0,300.0,500.0,600000000000.0,100000000000.0,,541
1,planned_restart,thermal_loop,544,controller_tick,54300000,54.3,1,0,54300000,543,54300000,RUNNING,,0,0,62,1,0,reconstructed_from_retained_wire,True,,,317.79115011387637,301.12448431705525,293.14999900901506,0.5274980000000011,0.65,271500.00000000524,271499.97231832775,0.00014999991971397566,18825.423634720464,-1.4818624549661763e-08,0.00015,301.124,293.15,317.791,0.0,150000,1,543,54300000,54300000,54300000,0,301124,1,543,54300000,54300000,54300000,0,293150,1,543,54300000,54300000,54300000,0,317791,1,543,54300000,54300000,54300000,0,0,1,543,54300000,54300000,54300000,0,1.0,0.527498,0.65,1.0,0.527498,0.65,1.0,0.527498,0.65,543,54600000,False,1.0,5000.0,300.0,500.0,600000000000.0,100000000000.0,,542
1,planned_restart,thermal_loop,545,controller_tick,54400000,54.4,1,0,54400000,544,54400000,RUNNING,,0,0,62,1,0,reconstructed_from_retained_wire,True,,,317.79115011648423,301.1244843185751,293.1499990098717,0.5274980000000011,0.65,272000.00000000524,271999.97226879996,0.00014999991971397566,18825.423634720464,-1.5652176443836652e-08,0.00015,301.124,293.15,317.791,0.0,150000,1,544,54400000,54400000,54400000,0,301124,1,544,54400000,54400000,54400000,0,293150,1,544,54400000,54400000,54400000,0,317791,1,544,54400000,54400000,54400000,0,0,1,544,54400000,54400000,54400000,0,1.0,0.527498,0.65,1.0,0.527498,0.65,1.0,0.527498,0.65,544,54700000,False,1.0,5000.0,300.0,500.0,600000000000.0,100000000000.0,,543
1,planned_restart,thermal_loop,546,controller_tick,54500000,54.5,1,0,54500000,545,54500000,RUNNING,,0,0,62,1,0,reconstructed_from_retained_wire,True,,,317.79115011908885,301.1244843200939,293.14999901072827,0.5274980000000011,0.65,272500.00000000524,272499.97221931495,0.00014999991971397566,18825.423634720464,-1.5845671441638842e-08,0.00015,301.124,293.15,317.791,0.0,150000,1,545,54500000,54500000,54500000,0,301124,1,545,54500000,54500000,54500000,0,293150,1,545,54500000,54500000,54500000,0,317791,1,545,54500000,54500000,54500000,0,0,1,545,54500000,54500000,54500000,0,1.0,0.527498,0.65,1.0,0.527498,0.65,1.0,0.527498,0.65,545,54800000,False,1.0,5000.0,300.0,500.0,600000000000.0,100000000000.0,,544
1,planned_restart,thermal_loop,547,controller_tick,54600000,54.6,1,0,54600000,546,54600000,RUNNING,,0,0,62,1,0,reconstructed_from_retained_wire,True,,,317.79115012169024,301.1244843216117,293.14999901158467,0.5274980000000011,0.65,273000.00000000524,272999.9721698728,0.00014999991971397566,18825.423634720464,-1.6291323845507577e-08,0.00015,301.124,293.15,317.791,0.0,150000,1,546,54600000,54600000,54600000,0,301124,1,546,54600000,54600000,54600000,0,293150,1,546,54600000,54600000,54600000,0,317791,1,546,54600000,54600000,54600000,0,0,1,546,54600000,54600000,54600000,0,1.0,0.527498,0.65,1.0,0.527498,0.65,1.0,0.527498,0.65,546,54900000,False,1.0,5000.0,300.0,500.0,600000000000.0,100000000000.0,,545
1,planned_restart,thermal_loop,548,controller_tick,54700000,54.7,1,0,54700000,547,54700000,RUNNING,,0,0,62,1,0,reconstructed_from_retained_wire,True,,,317.7911501242884,301.12448432312834,293.149999012441,0.5274980000000011,0.65,273500.00000000524,273499.97212047345,0.00014999991971397566,18825.423634720464,-1.65139226737665e-08,0.00015,301.124,293.15,317.791,0.0,150000,1,547,54700000,54700000,54700000,0,301124,1,547,54700000,54700000,54700000,0,293150,1,547,54700000,54700000,54700000,0,317791,1,547,54700000,54700000,54700000,0,0,1,547,54700000,54700000,54700000,0,1.0,0.527498,0.65,1.0,0.527498,0.65,1.0,0.527498,0.65,547,55000000,False,1.0,5000.0,300.0,500.0,600000000000.0,100000000000.0,,546
1,planned_restart,thermal_loop,549,controller_tick,54800000,54.8,1,0,54800000,548,54800000,RUNNING,,0,0,62,1,0,reconstructed_from_retained_wire,True,,,317.7911501268833,301.12448432464396,293.14999901329725,0.5274980000000011,0.65,274000.00000000524,273999.9720711169,0.00014999991971397566,18825.423634720464,-1.6334070096490905e-08,0.00015,301.124,293.15,317.791,0.0,150000,1,548,54800000,54800000,54800000,0,301124,1,548,54800000,54800000,54800000,0,293150,1,548,54800000,54800000,54800000,0,317791,1,548,54800000,54800000,54800000,0,0,1,548,54800000,54800000,54800000,0,1.0,0.527498,0.65,1.0,0.527498,0.65,1.0,0.527498,0.65,548,55100000,False,1.0,5000.0,300.0,500.0,600000000000.0,100000000000.0,,547
1,planned_restart,thermal_loop,550,controller_tick,54900000,54.9,1,0,54900000,549,54900000,RUNNING,,0,0,62,1,0,reconstructed_from_retained_wire,True,,,317.79115012947494,301.1244843261585,293.1499990141533,0.5274980000000011,0.65,274500.00000000524,274499.9720218032,0.00014999991971397566,18825.423634720464,-1.6881585906958207e-08,0.00015,301.124,293.15,317.791,0.0,150000,1,549,54900000,54900000,54900000,0,301124,1,549,54900000,54900000,54900000,0,293150,1,549,54900000,54900000,54900000,0,317791,1,549,54900000,54900000,54900000,0,0,1,549,54900000,54900000,54900000,0,1.0,0.527498,0.65,1.0,0.527498,0.65,1.0,0.527498,0.65,549,55200000,False,1.0,5000.0,300.0,500.0,600000000000.0,100000000000.0,,548
1,planned_restart,thermal_loop,551,controller_tick,55000000,55.0,1,0,55000000,550,55000000,RUNNING,,0,0,62,1,0,reconstructed_from_retained_wire,True,,,317.7911501320634,301.1244843276719,293.1499990150093,0.5274980000000011,0.65,275000.00000000524,274999.9719725323,0.00014999991971397566,18825.423634720464,-1.6695821614121087e-08,0.00015,301.124,293.15,317.791,0.0,150000,1,550,55000000,55000000,55000000,0,301124,1,550,55000000,55000000,55000000,0,293150,1,550,55000000,55000000,55000000,0,317791,1,550,55000000,55000000,55000000,0,0,1,550,55000000,55000000,55000000,0,1.0,0.527498,0.65,1.0,0.527498,0.65,1.0,0.527498,0.65,550,55300000,False,1.0,5000.0,300.0,500.0,600000000000.0,100000000000.0,,549
1,planned_restart,thermal_loop,552,controller_tick,55100000,55.1,1,0,55100000,551,55100000,RUNNING,,0,0,62,1,0,reconstructed_from_retained_wire,True,,,317.7911501346487,301.1244843291843,293.14999901586515,0.5274980000000011,0.65,275500.0000000053,275499.9719233042,0.00014999991971397566,18825.423634720464,-1.5776777217979543e-08,0.00015,301.124,293.15,317.791,0.0,150000,1,551,55100000,55100000,55100000,0,301124,1,551,55100000,55100000,55100000,0,293150,1,551,55100000,55100000,55100000,0,317791,1,551,55100000,55100000,55100000,0,0,1,551,55100000,55100000,55100000,0,1.0,0.527498,0.65,1.0,0.527498,0.65,1.0,0.527498,0.65,551,55400000,False,1.0,5000.0,300.0,500.0,600000000000.0,100000000000.0,,550
1,planned_restart,thermal_loop,553,controller_tick,55200000,55.2,1,0,55200000,552,55200000,RUNNING,,0,0,62,1,0,reconstructed_from_retained_wire,True,,,317.79115013723066,301.1244843306956,293.14999901672087,0.5274980000000011,0.65,276000.0000000053,275999.97187411884,0.00014999991971397566,18825.423634720464,-1.654257175687235e-08,0.00015,301.124,293.15,317.791,0.0,150000,1,552,55200000,55200000,55200000,0,301124,1,552,55200000,55200000,55200000,0,293150,1,552,55200000,55200000,55200000,0,317791,1,552,55200000,55200000,55200000,0,0,1,552,55200000,55200000,55200000,0,1.0,0.527498,0.65,1.0,0.527498,0.65,1.0,0.527498,0.65,552,55500000,False,1.0,5000.0,300.0,500.0,600000000000.0,100000000000.0,,551
1,planned_restart,thermal_loop,554,controller_tick,55300000,55.3,1,0,55300000,553,55300000,RUNNING,,0,0,62,1,0,reconstructed_from_retained_wire,True,,,317.7911501398094,301.12448433220584,293.1499990175765,0.5274980000000011,0.65,276500.00000000536,276499.9718249763,0.00014999991971397566,18825.423634720464,-1.6812691683298908e-08,0.00015,301.124,293.15,317.791,0.0,150000,1,553,55300000,55300000,55300000,0,301124,1,553,55300000,55300000,55300000,0,293150,1,553,55300000,55300000,55300000,0,317791,1,553,55300000,55300000,55300000,0,0,1,553,55300000,55300000,55300000,0,1.0,0.527498,0.65,1.0,0.527498,0.65,1.0,0.527498,0.65,553,55600000,False,1.0,5000.0,300.0,500.0,600000000000.0,100000000000.0,,552
1,planned_restart,thermal_loop,555,controller_tick,55400000,55.4,1,0,55400000,554,55400000,RUNNING,,0,0,62,1,0,reconstructed_from_retained_wire,True,,,317.791150142385,301.124484333715,293.1499990184319,0.5274980000000011,0.65,277000.00000000536,276999.97177587653,0.00014999991971397566,18825.423634720464,-1.7299953469773754e-08,0.00015,301.124,293.15,317.791,0.0,150000,1,554,55400000,55400000,55400000,0,301124,1,554,55400000,55400000,55400000,0,293150,1,554,55400000,55400000,55400000,0,317791,1,554,55400000,55400000,55400000,0,0,1,554,55400000,55400000,55400000,0,1.0,0.527498,0.65,1.0,0.527498,0.65,1.0,0.527498,0.65,554,55700000,False,1.0,5000.0,300.0,500.0,600000000000.0,100000000000.0,,553
1,planned_restart,thermal_loop,556,controller_tick,55500000,55.5,1,0,55500000,555,55500000,RUNNING,,0,0,62,1,0,reconstructed_from_retained_wire,True,,,317.7911501449574,301.1244843352231,293.14999901928724,0.5274980000000011,0.65,277500.00000000536,277499.9717268195,0.00014999991971397566,18825.423634720464,-1.6816329662106e-08,0.00015,301.124,293.15,317.791,0.0,150000,1,555,55500000,55500000,55500000,0,301124,1,555,55500000,55500000,55500000,0,293150,1,555,55500000,55500000,55500000,0,317791,1,555,55500000,55500000,55500000,0,0,1,555,55500000,55500000,55500000,0,1.0,0.527498,0.65,1.0,0.527498,0.65,1.0,0.527498,0.65,555,55800000,False,1.0,5000.0,300.0,500.0,600000000000.0,100000000000.0,,554
1,planned_restart,thermal_loop,557,controller_tick,55600000,55.6,1,0,55600000,556,55600000,RUNNING,,0,0,62,1,0,reconstructed_from_retained_wire,True,,,317.7911501475266,301.12448433673006,293.1499990201424,0.5274980000000011,0.65,278000.00000000536,277999.9716778053,0.00014999991971397566,18825.423634720464,-1.7025058696162887e-08,0.00015,301.124,293.15,317.791,0.0,150000,1,556,55600000,55600000,55600000,0,301124,1,556,55600000,55600000,55600000,0,293150,1,556,55600000,55600000,55600000,0,317791,1,556,55600000,55600000,55600000,0,0,1,556,55600000,55600000,55600000,0,1.0,0.527498,0.65,1.0,0.527498,0.65,1.0,0.527498,0.65,556,55900000,False,1.0,5000.0,300.0,500.0,600000000000.0,100000000000.0,,555
1,planned_restart,thermal_loop,558,controller_tick,55700000,55.7,1,0,55700000,557,55700000,RUNNING,,0,0,62,1,0,reconstructed_from_retained_wire,True,,,317.7911501500926,301.12448433823596,293.14999902099737,0.5274980000000011,0.65,278500.00000000536,278499.97162883374,0.00014999991971397566,18825.423634720464,-1.7567344912094995e-08,0.00015,301.124,293.15,317.791,0.0,150000,1,557,55700000,55700000,55700000,0,301124,1,557,55700000,55700000,55700000,0,293150,1,557,55700000,55700000,55700000,0,317791,1,557,55700000,55700000,55700000,0,0,1,557,55700000,55700000,55700000,0,1.0,0.527498,0.65,1.0,0.527498,0.65,1.0,0.527498,0.65,557,56000000,False,1.0,5000.0,300.0,500.0,600000000000.0,100000000000.0,,556
1,planned_restart,thermal_loop,559,controller_tick,55800000,55.8,1,0,55800000,558,55800000,RUNNING,,0,0,62,1,0,reconstructed_from_retained_wire,True,,,317.7911501526555,301.12448433974083,293.1499990218522,0.5274980000000011,0.65,279000.00000000536,278999.97157990496,0.00014999991971397566,18825.423634720464,-1.7283127817790955e-08,0.00015,301.124,293.15,317.791,0.0,150000,1,558,55800000,55800000,55800000,0,301124,1,558,55800000,55800000,55800000,0,293150,1,558,55800000,55800000,55800000,0,317791,1,558,55800000,55800000,55800000,0,0,1,558,55800000,55800000,55800000,0,1.0,0.527498,0.65,1.0,0.527498,0.65,1.0,0.527498,0.65,558,56100000,False,1.0,5000.0,300.0,500.0,600000000000.0,100000000000.0,,557
1,planned_restart,thermal_loop,560,controller_tick,55900000,55.9,1,0,55900000,559,55900000,RUNNING,,0,0,62,1,0,reconstructed_from_retained_wire,True,,,317.79115015521523,301.1244843412446,293.1499990227069,0.5274980000000011,0.65,279500.00000000536,279499.97153101896,0.00014999991971397566,18825.423634720464,-1.650323611102067e-08,0.00015,301.124,293.15,317.791,0.0,150000,1,559,55900000,55900000,55900000,0,301124,1,559,55900000,55900000,55900000,0,293150,1,559,55900000,55900000,55900000,0,317791,1,559,55900000,55900000,55900000,0,0,1,559,55900000,55900000,55900000,0,1.0,0.527498,0.65,1.0,0.527498,0.65,1.0,0.527498,0.65,559,56200000,False,1.0,5000.0,300.0,500.0,600000000000.0,100000000000.0,,558
1,planned_restart,thermal_loop,561,controller_tick,56000000,56.0,1,0,56000000,560,56000000,RUNNING,,0,0,62,1,0,reconstructed_from_retained_wire,True,,,317.79115015777177,301.1244843427473,293.14999902356135,0.5274980000000011,0.65,280000.00000000536,279999.9714821757,0.00014999991971397566,18825.423634720464,-1.7186721379403025e-08,0.00015,301.124,293.15,317.791,0.0,150000,1,560,56000000,56000000,56000000,0,301124,1,560,56000000,56000000,56000000,0,293150,1,560,56000000,56000000,56000000,0,317791,1,560,56000000,56000000,56000000,0,0,1,560,56000000,56000000,56000000,0,1.0,0.527498,0.65,1.0,0.527498,0.65,1.0,0.527498,0.65,560,56300000,False,1.0,5000.0,300.0,500.0,600000000000.0,100000000000.0,,559
1,planned_restart,thermal_loop,562,controller_tick,56100000,56.1,1,0,56100000,561,56100000,RUNNING,,0,0,62,1,0,reconstructed_from_retained_wire,True,,,317.7911501603251,301.1244843442489,293.1499990244157,0.5274980000000011,0.65,280500.00000000536,280499.97143337515,0.00014999991971397566,18825.423634720464,-1.6957528714556247e-08,0.00015,301.124,293.15,317.791,0.0,150000,1,561,56100000,56100000,56100000,0,301124,1,561,56100000,56100000,56100000,0,293150,1,561,56100000,56100000,56100000,0,317791,1,561,56100000,56100000,56100000,0,0,1,561,56100000,56100000,56100000,0,1.0,0.527498,0.65,1.0,0.527498,0.65,1.0,0.527498,0.65,561,56400000,False,1.0,5000.0,300.0,500.0,600000000000.0,100000000000.0,,560
1,planned_restart,thermal_loop,563,controller_tick,56200000,56.2,1,0,56200000,562,56200000,RUNNING,,0,0,62,1,0,reconstructed_from_retained_wire,True,,,317.79115016287534,301.1244843457494,293.14999902526984,0.5274980000000011,0.65,281000.00000000536,280999.9713846173,0.00014999991971397566,18825.423634720464,-1.762327883625403e-08,0.00015,301.124,293.15,317.791,0.0,150000,1,562,56200000,56200000,56200000,0,301124,1,562,56200000,56200000,56200000,0,293150,1,562,56200000,56200000,56200000,0,317791,1,562,56200000,56200000,56200000,0,0,1,562,56200000,56200000,56200000,0,1.0,0.527498,0.65,1.0,0.527498,0.65,1.0,0.527498,0.65,562,56500000,False,1.0,5000.0,300.0,500.0,600000000000.0,100000000000.0,,561
1,planned_restart,thermal_loop,564,controller_tick,56300000,56.3,1,0,56300000,563,56300000,RUNNING,,0,0,62,1,0,reconstructed_from_retained_wire,True,,,317.7911501654224,301.1244843472488,293.14999902612385,0.5274980000000011,0.65,281500.0000000054,281499.9713359022,0.00014999991971397566,18825.423634720464,-1.7909769667312503e-08,0.00015,301.124,293.15,317.791,0.0,150000,1,563,56300000,56300000,56300000,0,301124,1,563,56300000,56300000,56300000,0,293150,1,563,56300000,56300000,56300000,0,317791,1,563,56300000,56300000,56300000,0,0,1,563,56300000,56300000,56300000,0,1.0,0.527498,0.65,1.0,0.527498,0.65,1.0,0.527498,0.65,563,56600000,False,1.0,5000.0,300.0,500.0,600000000000.0,100000000000.0,,562
1,planned_restart,thermal_loop,565,controller_tick,56400000,56.4,1,0,56400000,564,56400000,RUNNING,,0,0,62,1,0,reconstructed_from_retained_wire,True,,,317.79115016796624,301.12448434874716,293.1499990269777,0.5274980000000011,0.65,282000.0000000054,281999.9712872298,0.00014999991971397566,18825.423634720464,-1.847161001933273e-08,0.00015,301.124,293.15,317.791,0.0,150000,1,564,56400000,56400000,56400000,0,301124,1,564,56400000,56400000,56400000,0,293150,1,564,56400000,56400000,56400000,0,317791,1,564,56400000,56400000,56400000,0,0,1,564,56400000,56400000,56400000,0,1.0,0.527498,0.65,1.0,0.527498,0.65,1.0,0.527498,0.65,564,56700000,False,1.0,5000.0,300.0,500.0,600000000000.0,100000000000.0,,563
1,planned_restart,thermal_loop,566,controller_tick,56500000,56.5,1,0,56500000,565,56500000,RUNNING,,0,0,62,1,0,reconstructed_from_retained_wire,True,,,317.791150170507,301.1244843502445,293.1499990278313,0.5274980000000011,0.65,282500.0000000054,282499.97123860003,0.00014999991971397566,18825.423634720464,-1.8467744666850194e-08,0.00015,301.124,293.15,317.791,0.0,150000,1,565,56500000,56500000,56500000,0,301124,1,565,56500000,56500000,56500000,0,293150,1,565,56500000,56500000,56500000,0,317791,1,565,56500000,56500000,56500000,0,0,1,565,56500000,56500000,56500000,0,1.0,0.527498,0.65,1.0,0.527498,0.65,1.0,0.527498,0.65,565,56800000,False,1.0,5000.0,300.0,500.0,600000000000.0,100000000000.0,,564
1,planned_restart,thermal_loop,567,controller_tick,56600000,56.6,1,0,56600000,566,56600000,RUNNING,,0,0,62,1,0,reconstructed_from_retained_wire,True,,,317.7911501730447,301.1244843517407,293.1499990286848,0.5274980000000011,0.65,283000.0000000054,282999.971190013,0.00014999991971397566,18825.423634720464,-1.74579781742068e-08,0.00015,301.124,293.15,317.791,0.0,150000,1,566,56600000,56600000,56600000,0,301124,1,566,56600000,56600000,56600000,0,293150,1,566,56600000,56600000,56600000,0,317791,1,566,56600000,56600000,56600000,0,0,1,566,56600000,56600000,56600000,0,1.0,0.527498,0.65,1.0,0.527498,0.65,1.0,0.527498,0.65,566,56900000,False,1.0,5000.0,300.0,500.0,600000000000.0,100000000000.0,,565
1,planned_restart,thermal_loop,568,controller_tick,56700000,56.7,1,0,56700000,567,56700000,RUNNING,,0,0,62,1,0,reconstructed_from_retained_wire,True,,,317.7911501755792,301.12448435323586,293.1499990295381,0.5274980000000011,0.65,283500.0000000054,283499.97114146856,0.00014999991971397566,18825.423634720464,-1.698435880825855e-08,0.00015,301.124,293.15,317.791,0.0,150000,1,567,56700000,56700000,56700000,0,301124,1,567,56700000,56700000,56700000,0,293150,1,567,56700000,56700000,56700000,0,317791,1,567,56700000,56700000,56700000,0,0,1,567,56700000,56700000,56700000,0,1.0,0.527498,0.65,1.0,0.527498,0.65,1.0,0.527498,0.65,567,57000000,False,1.0,5000.0,300.0,500.0,600000000000.0,100000000000.0,,566
1,planned_restart,thermal_loop,569,controller_tick,56800000,56.8,1,0,56800000,568,56800000,RUNNING,,0,0,62,1,0,reconstructed_from_retained_wire,True,,,317.7911501781106,301.1244843547299,293.14999903039114,0.5274980000000011,0.65,284000.0000000055,283999.9710929668,0.00014999991971397566,18825.423634720464,-1.7522097550681792e-08,0.00015,301.124,293.15,317.791,0.0,150000,1,568,56800000,56800000,56800000,0,301124,1,568,56800000,56800000,56800000,0,293150,1,568,56800000,56800000,56800000,0,317791,1,568,56800000,56800000,56800000,0,0,1,568,56800000,56800000,56800000,0,1.0,0.527498,0.65,1.0,0.527498,0.65,1.0,0.527498,0.65,568,57100000,False,1.0,5000.0,300.0,500.0,600000000000.0,100000000000.0,,567
1,planned_restart,thermal_loop,570,controller_tick,56900000,56.9,1,0,56900000,569,56900000,RUNNING,,0,0,62,1,0,reconstructed_from_retained_wire,True,,,317.7911501806389,301.12448435622287,293.149999031244,0.5274980000000011,0.65,284500.0000000055,284499.9710445077,0.00014999991971397566,18825.423634720464,-1.7291540643782355e-08,0.00015,301.124,293.15,317.791,0.0,150000,1,569,56900000,56900000,56900000,0,301124,1,569,56900000,56900000,56900000,0,293150,1,569,56900000,56900000,56900000,0,317791,1,569,56900000,56900000,56900000,0,0,1,569,56900000,56900000,56900000,0,1.0,0.527498,0.65,1.0,0.527498,0.65,1.0,0.527498,0.65,569,57200000,False,1.0,5000.0,300.0,500.0,600000000000.0,100000000000.0,,568
1,planned_restart,thermal_loop,571,controller_tick,57000000,57.0,1,0,57000000,570,57000000,RUNNING,,0,0,62,1,0,reconstructed_from_retained_wire,True,,,317.7911501831641,301.1244843577147,293.14999903209673,0.5274980000000011,0.65,285000.0000000055,284999.9709960912,0.00014999991971397566,18825.423634720464,-1.67910911841318e-08,0.00015,301.124,293.15,317.791,0.0,150000,1,570,57000000,57000000,57000000,0,301124,1,570,57000000,57000000,57000000,0,293150,1,570,57000000,57000000,57000000,0,317791,1,570,57000000,57000000,57000000,0,0,1,570,57000000,57000000,57000000,0,1.0,0.527498,0.65,1.0,0.527498,0.65,1.0,0.527498,0.65,570,57300000,False,1.0,5000.0,300.0,500.0,600000000000.0,100000000000.0,,569
1,planned_restart,thermal_loop,572,controller_tick,57100000,57.1,1,0,57100000,571,57100000,RUNNING,,0,0,62,1,0,reconstructed_from_retained_wire,True,,,317.7911501856862,301.12448435920555,293.14999903294915,0.5274980000000011,0.65,285500.0000000055,285499.9709477174,0.00014999991971397566,18825.423634720464,-1.70061866811011e-08,0.00015,301.124,293.15,317.791,0.0,150000,1,571,57100000,57100000,57100000,0,301124,1,571,57100000,57100000,57100000,0,293150,1,571,57100000,57100000,57100000,0,317791,1,571,57100000,57100000,57100000,0,0,1,571,57100000,57100000,57100000,0,1.0,0.527498,0.65,1.0,0.527498,0.65,1.0,0.527498,0.65,571,57400000,False,1.0,5000.0,300.0,500.0,600000000000.0,100000000000.0,,570
1,planned_restart,thermal_loop,573,controller_tick,57200000,57.2,1,0,57200000,572,57200000,RUNNING,,0,0,62,1,0,reconstructed_from_retained_wire,True,,,317.79115018820517,301.12448436069525,293.1499990338014,0.5274980000000011,0.65,286000.0000000055,285999.97089938616,0.00014999991971397566,18825.423634720464,-1.751982381392736e-08,0.00015,301.124,293.15,317.791,0.0,150000,1,572,57200000,57200000,57200000,0,301124,1,572,57200000,57200000,57200000,0,293150,1,572,57200000,57200000,57200000,0,317791,1,572,57200000,57200000,57200000,0,0,1,572,57200000,57200000,57200000,0,1.0,0.527498,0.65,1.0,0.527498,0.65,1.0,0.527498,0.65,572,57500000,False,1.0,5000.0,300.0,500.0,600000000000.0,100000000000.0,,571
1,planned_restart,thermal_loop,574,controller_tick,57300000,57.3,1,0,57300000,573,57300000,RUNNING,,0,0,62,1,0,reconstructed_from_retained_wire,True,,,317.7911501907211,301.12448436218386,293.14999903465343,0.5274980000000011,0.65,286500.00000000553,286499.97085109755,0.00014999991971397566,18825.423634720464,-1.749094735714607e-08,0.00015,301.124,293.15,317.791,0.0,150000,1,573,57300000,57300000,57300000,0,301124,1,573,57300000,57300000,57300000,0,293150,1,573,57300000,57300000,57300000,0,317791,1,573,57300000,57300000,57300000,0,0,1,573,57300000,57300000,57300000,0,1.0,0.527498,0.65,1.0,0.527498,0.65,1.0,0.527498,0.65,573,57600000,False,1.0,5000.0,300.0,500.0,600000000000.0,100000000000.0,,572
1,planned_restart,thermal_loop,575,controller_tick,57400000,57.4,1,0,57400000,574,57400000,RUNNING,,0,0,62,1,0,reconstructed_from_retained_wire,True,,,317.79115019323393,301.1244843636714,293.14999903550523,0.5274980000000011,0.65,287000.00000000553,286999.97080285155,0.00014999991971397566,18825.423634720464,-1.7940010366146453e-08,0.00015,301.124,293.15,317.791,0.0,150000,1,574,57400000,57400000,57400000,0,301124,1,574,57400000,57400000,57400000,0,293150,1,574,57400000,57400000,57400000,0,317791,1,574,57400000,57400000,57400000,0,0,1,574,57400000,57400000,57400000,0,1.0,0.527498,0.65,1.0,0.527498,0.65,1.0,0.527498,0.65,574,57700000,False,1.0,5000.0,300.0,500.0,600000000000.0,100000000000.0,,573
1,planned_restart,thermal_loop,576,controller_tick,57500000,57.5,1,0,57500000,575,57500000,RUNNING,,0,0,62,1,0,reconstructed_from_retained_wire,True,,,317.7911501957437,301.1244843651578,293.14999903635686,0.5274980000000011,0.65,287500.00000000553,287499.97075464815,0.00014999991971397566,18825.423634720464,-1.811918082239572e-08,0.00015,301.124,293.15,317.791,0.0,150000,1,575,57500000,57500000,57500000,0,301124,1,575,57500000,57500000,57500000,0,293150,1,575,57500000,57500000,57500000,0,317791,1,575,57500000,57500000,57500000,0,0,1,575,57500000,57500000,57500000,0,1.0,0.527498,0.65,1.0,0.527498,0.65,1.0,0.527498,0.65,575,57800000,False,1.0,5000.0,300.0,500.0,600000000000.0,100000000000.0,,574
1,planned_restart,thermal_loop,577,controller_tick,57600000,57.6,1,0,57600000,576,57600000,RUNNING,,0,0,62,1,0,reconstructed_from_retained_wire,True,,,317.7911501982504,301.1244843666432,293.14999903720826,0.5274980000000011,0.65,288000.0000000056,287999.97070648725,0.00014999991971397566,18825.423634720464,-1.7397042029188015e-08,0.00015,301.124,293.15,317.791,0.0,150000,1,576,57600000,57600000,57600000,0,301124,1,576,57600000,57600000,57600000,0,293150,1,576,57600000,57600000,57600000,0,317791,1,576,57600000,57600000,57600000,0,0,1,576,57600000,57600000,57600000,0,1.0,0.527498,0.65,1.0,0.527498,0.65,1.0,0.527498,0.65,576,57900000,False,1.0,5000.0,300.0,500.0,600000000000.0,100000000000.0,,575
1,planned_restart,thermal_loop,578,controller_tick,57700000,57.7,1,0,57700000,577,57700000,RUNNING,,0,0,62,1,0,reconstructed_from_retained_wire,True,,,317.79115020075403,301.1244843681274,293.14999903805943,0.5274980000000011,0.65,288500.0000000056,288499.97065836895,0.00014999991971397566,18825.423634720464,-1.7628053683438338e-08,0.00015,301.124,293.15,317.791,0.0,150000,1,577,57700000,57700000,57700000,0,301124,1,577,57700000,57700000,57700000,0,293150,1,577,57700000,57700000,57700000,0,317791,1,577,57700000,57700000,57700000,0,0,1,577,57700000,57700000,57700000,0,1.0,0.527498,0.65,1.0,0.527498,0.65,1.0,0.527498,0.65,577,58000000,False,1.0,5000.0,300.0,500.0,600000000000.0,100000000000.0,,576
1,planned_restart,thermal_loop,579,controller_tick,57800000,57.8,1,0,57800000,578,57800000,RUNNING,,0,0,62,1,0,reconstructed_from_retained_wire,True,,,317.79115020325463,301.12448436961057,293.1499990389104,0.5274980000000011,0.65,289000.0000000056,288999.97061029327,0.00014999991971397566,18825.423634720464,-1.7258344087167643e-08,0.00015,301.124,293.15,317.791,0.0,150000,1,578,57800000,57800000,57800000,0,301124,1,578,57800000,57800000,57800000,0,293150,1,578,57800000,57800000,57800000,0,317791,1,578,57800000,57800000,57800000,0,0,1,578,57800000,57800000,57800000,0,1.0,0.527498,0.65,1.0,0.527498,0.65,1.0,0.527498,0.65,578,58100000,False,1.0,5000.0,300.0,500.0,600000000000.0,100000000000.0,,577
1,planned_restart,thermal_loop,580,controller_tick,57900000,57.9,1,0,57900000,579,57900000,RUNNING,,0,0,62,1,0,reconstructed_from_retained_wire,True,,,317.79115020575216,301.1244843710926,293.14999903976104,0.5274980000000011,0.65,289500.0000000056,289499.9705622601,0.00014999991971397566,18825.423634720464,-1.816079020500183e-08,0.00015,301.124,293.15,317.791,0.0,150000,1,579,57900000,57900000,57900000,0,301124,1,579,57900000,57900000,57900000,0,293150,1,579,57900000,57900000,57900000,0,317791,1,579,57900000,57900000,57900000,0,0,1,579,57900000,57900000,57900000,0,1.0,0.527498,0.65,1.0,0.527498,0.65,1.0,0.527498,0.65,579,58200000,False,1.0,5000.0,300.0,500.0,600000000000.0,100000000000.0,,578
1,planned_restart,thermal_loop,581,controller_tick,58000000,58.0,1,0,58000000,580,58000000,RUNNING,,0,0,62,1,0,reconstructed_from_retained_wire,True,,,317.7911502082467,301.12448437257353,293.1499990406115,0.5274980000000011,0.65,290000.0000000056,289999.9705142694,0.00014999991971397566,18825.423634720464,-1.8578930394141935e-08,0.00015,301.124,293.15,317.791,0.0,150000,1,580,58000000,58000000,58000000,0,301124,1,580,58000000,58000000,58000000,0,293150,1,580,58000000,58000000,58000000,0,317791,1,580,58000000,58000000,58000000,0,0,1,580,58000000,58000000,58000000,0,1.0,0.527498,0.65,1.0,0.527498,0.65,1.0,0.527498,0.65,580,58300000,False,1.0,5000.0,300.0,500.0,600000000000.0,100000000000.0,,579
1,planned_restart,thermal_loop,582,controller_tick,58100000,58.1,1,0,58100000,581,58100000,RUNNING,,0,0,62,1,0,reconstructed_from_retained_wire,True,,,317.7911502107381,301.12448437405345,293.1499990414617,0.5274980000000011,0.65,290500.0000000056,290499.9704663212,0.00014999991971397566,18825.423634720464,-1.8547780200606212e-08,0.00015,301.124,293.15,317.791,0.0,150000,1,581,58100000,58100000,58100000,0,301124,1,581,58100000,58100000,58100000,0,293150,1,581,58100000,58100000,58100000,0,317791,1,581,58100000,58100000,58100000,0,0,1,581,58100000,58100000,58100000,0,1.0,0.527498,0.65,1.0,0.527498,0.65,1.0,0.527498,0.65,581,58400000,False,1.0,5000.0,300.0,500.0,600000000000.0,100000000000.0,,580
1,planned_restart,thermal_loop,583,controller_tick,58200000,58.2,1,0,58200000,582,58200000,RUNNING,,0,0,62,1,0,reconstructed_from_retained_wire,True,,,317.79115021322656,301.12448437553223,293.14999904231166,0.5274980000000011,0.65,291000.0000000056,290999.97041841556,0.00014999991971397566,18825.423634720464,-1.850753506005276e-08,0.00015,301.124,293.15,317.791,0.0,150000,1,582,58200000,58200000,58200000,0,301124,1,582,58200000,58200000,58200000,0,293150,1,582,58200000,58200000,58200000,0,317791,1,582,58200000,58200000,58200000,0,0,1,582,58200000,58200000,58200000,0,1.0,0.527498,0.65,1.0,0.527498,0.65,1.0,0.527498,0.65,582,58500000,False,1.0,5000.0,300.0,500.0,600000000000.0,100000000000.0,,581
1,planned_restart,thermal_loop,584,controller_tick,58300000,58.3,1,0,58300000,583,58300000,RUNNING,,0,0,62,1,0,reconstructed_from_retained_wire,True,,,317.791150215712,301.12448437700994,293.14999904316136,0.5274980000000011,0.65,291500.0000000056,291499.9703705524,0.00014999991971397566,18825.423634720464,-1.8695800463319756e-08,0.00015,301.124,293.15,317.791,0.0,150000,1,583,58300000,58300000,58300000,0,301124,1,583,58300000,58300000,58300000,0,293150,1,583,58300000,58300000,58300000,0,317791,1,583,58300000,58300000,58300000,0,0,1,583,58300000,58300000,58300000,0,1.0,0.527498,0.65,1.0,0.527498,0.65,1.0,0.527498,0.65,583,58600000,False,1.0,5000.0,300.0,500.0,600000000000.0,100000000000.0,,582
1,planned_restart,thermal_loop,585,controller_tick,58400000,58.4,1,0,58400000,584,58400000,RUNNING,,0,0,62,1,0,reconstructed_from_retained_wire,True,,,317.7911502181944,301.12448437848656,293.1499990440109,0.5274980000000011,0.65,292000.00000000565,291999.9703227317,0.00014999991971397566,18825.423634720464,-1.7745151126291603e-08,0.00015,301.124,293.15,317.791,0.0,150000,1,584,58400000,58400000,58400000,0,301124,1,584,58400000,58400000,58400000,0,293150,1,584,58400000,58400000,58400000,0,317791,1,584,58400000,58400000,58400000,0,0,1,584,58400000,58400000,58400000,0,1.0,0.527498,0.65,1.0,0.527498,0.65,1.0,0.527498,0.65,584,58700000,False,1.0,5000.0,300.0,500.0,600000000000.0,100000000000.0,,583
1,planned_restart,thermal_loop,586,controller_tick,58500000,58.5,1,0,58500000,585,58500000,RUNNING,,0,0,62,1,0,reconstructed_from_retained_wire,True,,,317.7911502206738,301.12448437996204,293.1499990448601,0.5274980000000011,0.65,292500.00000000565,292499.9702749535,0.00014999991971397566,18825.423634720464,-1.7440015653846785e-08,0.00015,301.124,293.15,317.791,0.0,150000,1,585,58500000,58500000,58500000,0,301124,1,585,58500000,58500000,58500000,0,293150,1,585,58500000,58500000,58500000,0,317791,1,585,58500000,58500000,58500000,0,0,1,585,58500000,58500000,58500000,0,1.0,0.527498,0.65,1.0,0.527498,0.65,1.0,0.527498,0.65,585,58800000,False,1.0,5000.0,300.0,500.0,600000000000.0,100000000000.0,,584
1,planned_restart,thermal_loop,587,controller_tick,58600000,58.6,1,0,58600000,586,58600000,RUNNING,,0,0,62,1,0,reconstructed_from_retained_wire,True,,,317.79115022315017,301.12448438143645,293.1499990457091,0.5274980000000011,0.65,293000.0000000057,292999.97022721777,0.00014999991971397566,18825.423634720464,-1.747980604704935e-08,0.00015,301.124,293.15,317.791,0.0,150000,1,586,58600000,58600000,58600000,0,301124,1,586,58600000,58600000,58600000,0,293150,1,586,58600000,58600000,58600000,0,317791,1,586,58600000,58600000,58600000,0,0,1,586,58600000,58600000,58600000,0,1.0,0.527498,0.65,1.0,0.527498,0.65,1.0,0.527498,0.65,586,58900000,False,1.0,5000.0,300.0,500.0,600000000000.0,100000000000.0,,585
1,planned_restart,thermal_loop,588,controller_tick,58700000,58.7,1,0,58700000,587,58700000,RUNNING,,0,0,62,1,0,reconstructed_from_retained_wire,True,,,317.79115022562354,301.12448438290977,293.14999904655775,0.5274980000000011,0.65,293500.0000000057,293499.9701795245,0.00014999991971397566,18825.423634720464,-1.7689899323158897e-08,0.00015,301.124,293.15,317.791,0.0,150000,1,587,58700000,58700000,58700000,0,301124,1,587,58700000,58700000,58700000,0,293150,1,587,58700000,58700000,58700000,0,317791,1,587,58700000,58700000,58700000,0,0,1,587,58700000,58700000,58700000,0,1.0,0.527498,0.65,1.0,0.527498,0.65,1.0,0.527498,0.65,587,59000000,False,1.0,5000.0,300.0,500.0,600000000000.0,100000000000.0,,586
1,planned_restart,thermal_loop,589,controller_tick,58800000,58.8,1,0,58800000,588,58800000,RUNNING,,0,0,62,1,0,reconstructed_from_retained_wire,True,,,317.7911502280939,301.12448438438196,293.1499990474062,0.5274980000000011,0.65,294000.0000000057,293999.9701318736,0.00014999991971397566,18825.423634720464,-1.800731297407765e-08,0.00015,301.124,293.15,317.791,0.0,150000,1,588,58800000,58800000,58800000,0,301124,1,588,58800000,58800000,58800000,0,293150,1,588,58800000,58800000,58800000,0,317791,1,588,58800000,58800000,58800000,0,0,1,588,58800000,58800000,58800000,0,1.0,0.527498,0.65,1.0,0.527498,0.65,1.0,0.527498,0.65,588,59100000,False,1.0,5000.0,300.0,500.0,600000000000.0,100000000000.0,,587
1,planned_restart,thermal_loop,590,controller_tick,58900000,58.9,1,0,58900000,589,58900000,RUNNING,,0,0,62,1,0,reconstructed_from_retained_wire,True,,,317.7911502305613,301.1244843858531,293.14999904825436,0.5274980000000011,0.65,294500.0000000057,294499.97008426517,0.00014999991971397566,18825.423634720464,-1.7567799659445882e-08,0.00015,301.124,293.15,317.791,0.0,150000,1,589,58900000,58900000,58900000,0,301124,1,589,58900000,58900000,58900000,0,293150,1,589,58900000,58900000,58900000,0,317791,1,589,58900000,58900000,58900000,0,0,1,589,58900000,58900000,58900000,0,1.0,0.527498,0.65,1.0,0.527498,0.65,1.0,0.527498,0.65,589,59200000,False,1.0,5000.0,300.0,500.0,600000000000.0,100000000000.0,,588
1,planned_restart,thermal_loop,591,controller_tick,59000000,59.0,1,0,59000000,590,59000000,RUNNING,,0,0,62,1,0,reconstructed_from_retained_wire,True,,,317.7911502330257,301.12448438732315,293.1499990491023,0.5274980000000011,0.65,295000.00000000576,294999.9700366991,0.00014999991971397566,18825.423634720464,-1.7293814380536787e-08,0.00015,301.124,293.15,317.791,0.0,150000,1,590,59000000,59000000,59000000,0,301124,1,590,59000000,59000000,59000000,0,293150,1,590,59000000,59000000,59000000,0,317791,1,590,59000000,59000000,59000000,0,0,1,590,59000000,59000000,59000000,0,1.0,0.527498,0.65,1.0,0.527498,0.65,1.0,0.527498,0.65,590,59300000,False,1.0,5000.0,300.0,500.0,600000000000.0,100000000000.0,,589
1,planned_restart,thermal_loop,592,controller_tick,59100000,59.1,1,0,59100000,591,59100000,RUNNING,,0,0,62,1,0,reconstructed_from_retained_wire,True,,,317.7911502354871,301.12448438879204,293.14999904994994,0.5274980000000011,0.65,295500.00000000576,295499.9699891754,0.00014999991971397566,18825.423634720464,-1.7213324099429883e-08,0.00015,301.124,293.15,317.791,0.0,150000,1,591,59100000,59100000,59100000,0,301124,1,591,59100000,59100000,59100000,0,293150,1,591,59100000,59100000,59100000,0,317791,1,591,59100000,59100000,59100000,0,0,1,591,59100000,59100000,59100000,0,1.0,0.527498,0.65,1.0,0.527498,0.65,1.0,0.527498,0.65,591,59400000,False,1.0,5000.0,300.0,500.0,600000000000.0,100000000000.0,,590
1,planned_restart,thermal_loop,593,controller_tick,59200000,59.2,1,0,59200000,592,59200000,RUNNING,,0,0,62,1,0,reconstructed_from_retained_wire,True,,,317.79115023794554,301.1244843902599,293.1499990507973,0.5274980000000011,0.65,296000.00000000576,295999.9699416941,0.00014999991971397566,18825.423634720464,-1.694434104138054e-08,0.00015,301.124,293.15,317.791,0.0,150000,1,592,59200000,59200000,59200000,0,301124,1,592,59200000,59200000,59200000,0,293150,1,592,59200000,59200000,59200000,0,317791,1,592,59200000,59200000,59200000,0,0,1,592,59200000,59200000,59200000,0,1.0,0.527498,0.65,1.0,0.527498,0.65,1.0,0.527498,0.65,592,59500000,False,1.0,5000.0,300.0,500.0,600000000000.0,100000000000.0,,591
1,planned_restart,thermal_loop,594,controller_tick,59300000,59.3,1,0,59300000,593,59300000,RUNNING,,0,0,62,1,0,reconstructed_from_retained_wire,True,,,317.79115024040095,301.12448439172664,293.1499990516444,0.5274980000000011,0.65,296500.0000000058,296499.96989425516,0.00014999991971397566,18825.423634720464,-1.761191015248187e-08,0.00015,301.124,293.15,317.791,0.0,150000,1,593,59300000,59300000,59300000,0,301124,1,593,59300000,59300000,59300000,0,293150,1,593,59300000,59300000,59300000,0,317791,1,593,59300000,59300000,59300000,0,0,1,593,59300000,59300000,59300000,0,1.0,0.527498,0.65,1.0,0.527498,0.65,1.0,0.527498,0.65,593,59600000,False,1.0,5000.0,300.0,500.0,600000000000.0,100000000000.0,,592
1,planned_restart,thermal_loop,595,controller_tick,59400000,59.4,1,0,59400000,594,59400000,RUNNING,,0,0,62,1,0,reconstructed_from_retained_wire,True,,,317.7911502428534,301.12448439319223,293.1499990524912,0.5274980000000011,0.65,297000.0000000058,296999.9698468586,0.00014999991971397566,18825.423634720464,-1.847297426138539e-08,0.00015,301.124,293.15,317.791,0.0,150000,1,594,59400000,59400000,59400000,0,301124,1,594,59400000,59400000,59400000,0,293150,1,594,59400000,59400000,59400000,0,317791,1,594,59400000,59400000,59400000,0,0,1,594,59400000,59400000,59400000,0,1.0,0.527498,0.65,1.0,0.527498,0.65,1.0,0.527498,0.65,594,59700000,False,1.0,5000.0,300.0,500.0,600000000000.0,100000000000.0,,593
1,planned_restart,thermal_loop,596,controller_tick,59500000,59.5,1,0,59500000,595,59500000,RUNNING,,0,0,62,1,0,reconstructed_from_retained_wire,True,,,317.79115024530296,301.1244843946568,293.1499990533377,0.5274980000000011,0.65,297500.0000000058,297499.9697995043,0.00014999991971397566,18825.423634720464,-1.8125092537957244e-08,0.00015,301.124,293.15,317.791,0.0,150000,1,595,59500000,59500000,59500000,0,301124,1,595,59500000,59500000,59500000,0,293150,1,595,59500000,59500000,59500000,0,317791,1,595,59500000,59500000,59500000,0,0,1,595,59500000,59500000,59500000,0,1.0,0.527498,0.65,1.0,0.527498,0.65,1.0,0.527498,0.65,595,59800000,False,1.0,5000.0,300.0,500.0,600000000000.0,100000000000.0,,594
1,planned_restart,thermal_loop,597,controller_tick,59600000,59.6,1,0,59600000,596,59600000,RUNNING,,0,0,62,1,0,reconstructed_from_retained_wire,True,,,317.79115024774956,301.12448439612024,293.1499990541839,0.5274980000000011,0.65,298000.0000000058,297999.9697521924,0.00014999991971397566,18825.423634720464,-1.8087121134158224e-08,0.00015,301.124,293.15,317.791,0.0,150000,1,596,59600000,59600000,59600000,0,301124,1,596,59600000,59600000,59600000,0,293150,1,596,59600000,59600000,59600000,0,317791,1,596,59600000,59600000,59600000,0,0,1,596,59600000,59600000,59600000,0,1.0,0.527498,0.65,1.0,0.527498,0.65,1.0,0.527498,0.65,596,59900000,False,1.0,5000.0,300.0,500.0,600000000000.0,100000000000.0,,595
1,planned_restart,thermal_loop,598,controller_tick,59700000,59.7,1,0,59700000,597,59700000,RUNNING,,0,0,62,1,0,reconstructed_from_retained_wire,True,,,317.79115025019314,301.12448439758253,293.14999905502987,0.5274980000000011,0.65,298500.0000000059,298499.96970492275,0.00014999991971397566,18825.423634720464,-1.8985701899509877e-08,0.00015,301.124,293.15,317.791,0.0,150000,1,597,59700000,59700000,59700000,0,301124,1,597,59700000,59700000,59700000,0,293150,1,597,59700000,59700000,59700000,0,317791,1,597,59700000,59700000,59700000,0,0,1,597,59700000,59700000,59700000,0,1.0,0.527498,0.65,1.0,0.527498,0.65,1.0,0.527498,0.65,597,60000000,False,1.0,5000.0,300.0,500.0,600000000000.0,100000000000.0,,596
1,planned_restart,thermal_loop,599,controller_tick,59800000,59.8,1,0,59800000,598,59800000,RUNNING,,0,0,62,1,0,reconstructed_from_retained_wire,True,,,317.7911502526339,301.1244843990438,293.1499990558755,0.5274980000000011,0.65,299000.0000000059,298999.9696576954,0.00014999991971397566,18825.423634720464,-1.8106902643921785e-08,0.00015,301.124,293.15,317.791,0.0,150000,1,598,59800000,59800000,59800000,0,301124,1,598,59800000,59800000,59800000,0,293150,1,598,59800000,59800000,59800000,0,317791,1,598,59800000,59800000,59800000,0,0,1,598,59800000,59800000,59800000,0,1.0,0.527498,0.65,1.0,0.527498,0.65,1.0,0.527498,0.65,598,60100000,False,1.0,5000.0,300.0,500.0,600000000000.0,100000000000.0,,597
1,planned_restart,thermal_loop,600,controller_tick,59900000,59.9,1,0,59900000,599,59900000,RUNNING,,0,0,62,1,0,reconstructed_from_retained_wire,True,,,317.79115025507167,301.12448440050395,293.14999905672084,0.5274980000000011,0.65,299500.0000000059,299499.96961051034,0.00014999991971397566,18825.423634720464,-1.825083018047735e-08,0.00015,301.124,293.15,317.791,0.0,150000,1,599,59900000,59900000,59900000,0,301124,1,599,59900000,59900000,59900000,0,293150,1,599,59900000,59900000,59900000,0,317791,1,599,59900000,59900000,59900000,0,0,1,599,59900000,59900000,59900000,0,1.0,0.527498,0.65,1.0,0.527498,0.65,1.0,0.527498,0.65,599,60200000,False,1.0,5000.0,300.0,500.0,600000000000.0,100000000000.0,,598
1,planned_restart,thermal_loop,601,event_boundary,60000000,60.0,1,0,60000000,,59900000,RUNNING,,0,0,62,1,0,reconstructed_from_retained_wire,True,restart,before,317.7911502575065,301.12448440196295,293.14999905756594,0.5274980000000011,0.65,300000.00000000594,299999.96956336754,0.00014999991971397566,18825.423634720464,-1.8108266885974444e-08,0.00015,301.124,293.15,317.791,0.0,150000,1,599,59900000,59900000,59900000,100000,301124,1,599,59900000,59900000,59900000,100000,293150,1,599,59900000,59900000,59900000,100000,317791,1,599,59900000,59900000,59900000,100000,0,1,599,59900000,59900000,59900000,100000,1.0,0.527498,0.65,1.0,0.527498,0.65,1.0,0.527498,0.65,599,60200000,False,1.0,5000.0,300.0,500.0,600000000000.0,100000000000.0,,599
1,planned_restart,thermal_loop,602,event_boundary,60000000,60.0,2,60000000,0,,,DISARMED,,0,0,0,63,18446744073709551615,reconstructed_from_retained_wire,False,restart,after,317.7911502575065,301.12448440196295,293.14999905756594,0.5274980000000011,0.65,300000.00000000594,299999.96956336754,0.00014999991971397566,18825.423634720464,-1.8108266885974444e-08,,,,,,,,,,,,,,,,,,,,,,,,,,,,,,,,,,,,,,,,,0.0,0.0,1.0,0.0,1.0,1.0,0.0,1.0,1.0,,,True,1.0,0.0,300.0,500.0,600000000000.0,100000000000.0,,599
1,planned_restart,thermal_loop,603,controller_tick,60000000,60.0,2,60000000,0,600,60000000,DISARMED,,0,0,62,1,0,reconstructed_from_retained_wire,True,,,317.7911502575065,301.12448440196295,293.14999905756594,0.5274980000000011,0.65,300000.00000000594,299999.96956336754,0.00014999991971397566,18825.423634720464,-1.8108266885974444e-08,0.00015,301.124,293.15,317.791,0.0,150000,1,600,60000000,60000000,60000000,0,301124,1,600,60000000,60000000,60000000,0,293150,1,600,60000000,60000000,60000000,0,317791,1,600,60000000,60000000,60000000,0,0,1,600,60000000,60000000,60000000,0,0.0,0.0,1.0,0.0,0.0,1.0,0.0,0.0,1.0,0,60300000,False,1.0,0.0,300.0,500.0,600000000000.0,100000000000.0,,599
1,planned_restart,thermal_loop,604,controller_tick,60100000,60.1,2,60000000,100000,601,60100000,DISARMED,,0,0,62,1,0,reconstructed_from_retained_wire,True,,,317.7412274750724,301.1267756704326,293.14841208180434,0.47729992834159995,0.713444236319918,300000.00000000594,300499.9430593534,0.00013798815302355826,15165.230009548475,-1.7550291886436753e-08,0.000137988,301.127,293.148,317.741,0.0,137988,1,601,60100000,60100000,60100000,0,301127,1,601,60100000,60100000,60100000,0,293148,1,601,60100000,60100000,60100000,0,317741,1,601,60100000,60100000,60100000,0,0,1,601,60100000,60100000,60100000,0,0.0,0.0,1.0,0.0,0.0,1.0,0.0,0.0,1.0,1,60400000,False,1.0,0.0,300.0,500.0,600000000000.0,100000000000.0,,600
1,planned_restart,thermal_loop,605,controller_tick,60200000,60.2,2,60000000,200000,602,60200000,DISARMED,,0,0,62,1,0,reconstructed_from_retained_wire,True,,,317.6914679034567,301.1335802847197,293.1436986535794,0.43187883479156997,0.7653879837200853,300000.00000000594,300999.75859001,0.0001262231105885832,12279.023335429338,-1.803186933102552e-08,0.000126223,301.134,293.144,317.691,0.0,126223,1,602,60200000,60200000,60200000,0,301134,1,602,60200000,60200000,60200000,0,293144,1,602,60200000,60200000,60200000,0,317691,1,602,60200000,60200000,60200000,0,0,1,602,60200000,60200000,60200000,0,0.0,0.0,1.0,0.0,0.0,1.0,0.0,0.0,1.0,2,60500000,False,1.0,0.0,300.0,500.0,600000000000.0,100000000000.0,,601
1,planned_restart,thermal_loop,606,controller_tick,60300000,60.3,2,60000000,300000,603,60300000,DISARMED,,0,0,62,1,0,reconstructed_from_retained_wire,True,,,317.64188425497383,301.14466400446287,293.1360169750498,0.39078012977916543,0.8079159271623351,300000.00000000594,301499.26342654764,0.00011507462414545792,9974.043334134774,-1.7535739971208386e-08,0.000115075,301.145,293.136,317.642,0.0,115075,1,603,60300000,60300000,60300000,0,301145,1,603,60300000,60300000,60300000,0,293136,1,603,60300000,60300000,60300000,0,317642,1,603,60300000,60300000,60300000,0,0,1,603,60300000,60300000,60300000,0,0.0,0.0,1.0,0.0,0.0,1.0,0.0,0.0,1.0,3,60600000,False,1.0,0.0,300.0,500.0,600000000000.0,100000000000.0,,602
1,planned_restart,thermal_loop,607,controller_tick,60400000,60.4,2,60000000,400000,604,60400000,DISARMED,,0,0,62,1,0,reconstructed_from_retained_wire,True,,,317.5924883576293,301.1597105714569,293.125579873209,0.35359248365092105,0.8427348623362371,300000.00000000594,301998.3143570079,0.00010468809967543584,8118.925163981091,-1.6161038729478605e-08,0.000104688,301.16,293.126,317.592,0.0,104688,1,604,60400000,60400000,60400000,0,301160,1,604,60400000,60400000,60400000,0,293126,1,604,60400000,60400000,60400000,0,317592,1,604,60400000,60400000,60400000,0,0,1,604,60400000,60400000,60400000,0,0.0,0.0,1.0,0.0,0.0,1.0,0.0,0.0,1.0,4,60700000,False,1.0,0.0,300.0,500.0,600000000000.0,100000000000.0,,603
1,planned_restart,thermal_loop,608,controller_tick,60500000,60.5,2,60000000,500000,605,60500000,DISARMED,,0,0,62,1,0,reconstructed_from_retained_wire,True,,,317.5432910140859,301.1783817802191,293.11261473801613,0.31994370994522936,0.8712421953627006,300000.00000000594,302496.77928250824,9.51042618849745e-05,6618.469501877379,-1.602074917173013e-08,9.5104e-05,301.178,293.113,317.543,0.0,95104,1,605,60500000,60500000,60500000,0,301178,1,605,60500000,60500000,60500000,0,293113,1,605,60500000,60500000,60500000,0,317543,1,605,60500000,60500000,60500000,0,0,1,605,60500000,60500000,60500000,0,0.0,0.0,1.0,0.0,0.0,1.0,0.0,0.0,1.0,5,60800000,False,1.0,0.0,300.0,500.0,600000000000.0,100000000000.0,,604
1,planned_restart,thermal_loop,609,controller_tick,60600000,60.6,2,60000000,600000,606,60600000,DISARMED,,0,0,62,1,0,reconstructed_from_retained_wire,True,,,317.4943019848089,301.20034451757226,293.097345492032,0.2894970404251381,0.8945820256079445,300000.00000000594,302994.53743564733,8.631300132774106e-05,5400.879962210352,-1.6259491530945525e-08,8.6313e-05,301.2,293.097,317.494,0.0,86313,1,606,60600000,60600000,60600000,0,301200,1,606,60600000,60600000,60600000,0,293097,1,606,60600000,60600000,60600000,0,317494,1,606,60600000,60600000,60600000,0,0,1,606,60600000,60600000,60600000,0,0.0,0.0,1.0,0.0,0.0,1.0,0.0,0.0,1.0,6,60900000,False,1.0,0.0,300.0,500.0,600000000000.0,100000000000.0,,605
1,planned_restart,thermal_loop,610,controller_tick,60700000,60.7,2,60000000,700000,607,60700000,DISARMED,,0,0,62,1,0,reconstructed_from_retained_wire,True,,,317.44553002700013,301.22528282402334,293.07998455051114,0.26194775458864406,0.9136910624080499,300000.00000000594,303491.4789784752,7.827938787033615e-05,4410.597587261437,-1.636544766370207e-08,7.8279e-05,301.225,293.08,317.446,0.0,78279,1,607,60700000,60700000,60700000,0,301225,1,607,60700000,60700000,60700000,0,293080,1,607,60700000,60700000,60700000,0,317446,1,607,60700000,60700000,60700000,0,0,1,607,60700000,60700000,60700000,0,0.0,0.0,1.0,0.0,0.0,1.0,0.0,0.0,1.0,7,61000000,False,1.0,0.0,300.0,500.0,600000000000.0,100000000000.0,,606
1,planned_restart,thermal_loop,611,controller_tick,60800000,60.8,2,60000000,800000,608,60800000,DISARMED,,0,0,62,1,0,reconstructed_from_retained_wire,True,,,317.3969829575626,301.2529028082304,293.06072954836264,0.23702012992349009,0.9293362185034599,300000.00000000594,303987.50433182175,7.09569386419689e-05,3603.8993423187567,-1.634634827496484e-08,7.0957e-05,301.253,293.061,317.397,0.0,70957,1,608,60800000,60800000,60800000,0,301253,1,608,60800000,60800000,60800000,0,293061,1,608,60800000,60800000,60800000,0,317397,1,608,60800000,60800000,60800000,0,0,1,608,60800000,60800000,60800000,0,0.0,0.0,1.0,0.0,0.0,1.0,0.0,0.0,1.0,8,61100000,False,1.0,0.0,300.0,500.0,600000000000.0,100000000000.0,,607
1,planned_restart,thermal_loop,612,controller_tick,60900000,60.9,2,60000000,900000,609,60900000,DISARMED,,0,0,62,1,0,reconstructed_from_retained_wire,True,,,317.3486677247233,301.2829340491082,293.03976240961765,0.2144646823835891,0.9421453889399385,300000.00000000594,304482.5234063388,6.429464895772731e-05,2945.989245150421,-1.590888132341206e-08,6.4295e-05,301.283,293.04,317.349,0.0,64295,1,609,60900000,60900000,60900000,0,301283,1,609,60900000,60900000,60900000,0,293040,1,609,60900000,60900000,60900000,0,317349,1,609,60900000,60900000,60900000,0,0,1,609,60900000,60900000,60900000,0,0.0,0.0,1.0,0.0,0.0,1.0,0.0,0.0,1.0,9,61200000,False,1.0,0.0,300.0,500.0,600000000000.0,100000000000.0,,608
1,planned_restart,thermal_loop,613,controller_tick,61000000,61.0,2,60000000,1000000,610,61000000,DISARMED,,0,0,62,1,0,reconstructed_from_retained_wire,True,,,317.3005904807346,301.3151292624278,293.0172495741726,0.19405566946883715,0.952632650701346,300000.00000000594,304976.45481935516,5.824080080987638e-05,2408.9639337095787,-1.5929799701552838e-08,5.8241e-05,301.315,293.017,317.301,0.0,58241,1,610,61000000,61000000,61000000,0,301315,1,610,61000000,61000000,61000000,0,293017,1,610,61000000,61000000,61000000,0,317301,1,610,61000000,61000000,61000000,0,0,1,610,61000000,61000000,61000000,0,0.0,0.0,1.0,0.0,0.0,1.0,0.0,0.0,1.0,10,61300000,False,1.0,0.0,300.0,500.0,600000000000.0,100000000000.0,,609
1,planned_restart,thermal_loop,614,controller_tick,61100000,61.1,2,60000000,1100000,611,61100000,DISARMED,,0,0,62,1,0,reconstructed_from_retained_wire,True,,,317.25275665195306,301.34926313432936,292.99334277986327,0.175588830918298,0.9612188944239695,300000.00000000594,305469.2251387124,5.274503173361432e-05,1970.3284052934714,-1.5832483768463135e-08,5.2745e-05,301.349,292.993,317.253,0.0,52745,1,611,61100000,61100000,61100000,0,301349,1,611,61100000,61100000,61100000,0,292993,1,611,61100000,61100000,61100000,0,317253,1,611,61100000,61100000,61100000,0,0,1,611,61100000,61100000,61100000,0,0.0,0.0,1.0,0.0,0.0,1.0,0.0,0.0,1.0,11,61400000,False,1.0,0.0,300.0,500.0,600000000000.0,100000000000.0,,610
1,planned_restart,thermal_loop,615,controller_tick,61200000,61.2,2,60000000,1200000,612,61200000,DISARMED,,0,0,62,1,0,reconstructed_from_retained_wire,True,,,317.2051710045864,301.3851307915764,292.9681800864914,0.1588793444048577,0.9682487162155423,300000.00000000594,305960.7681726774,4.775943155823361e-05,1611.879286745499,-1.5756995708215982e-08,4.7759e-05,301.385,292.968,317.205,0.0,47759,1,612,61200000,61200000,61200000,0,301385,1,612,61200000,61200000,61200000,0,292968,1,612,61200000,61200000,61200000,0,317205,1,612,61200000,61200000,61200000,0,0,1,612,61200000,61200000,61200000,0,0.0,0.0,1.0,0.0,0.0,1.0,0.0,0.0,1.0,12,61500000,False,1.0,0.0,300.0,500.0,600000000000.0,100000000000.0,,611
1,planned_restart,thermal_loop,616,controller_tick,61300000,61.3,2,60000000,1300000,613,61300000,DISARMED,,0,0,62,1,0,reconstructed_from_retained_wire,True,,,317.1578377054438,301.42254615574274,292.94188697693824,0.14375997577125418,0.9740042475069558,300000.00000000594,306451.0243134693,4.323908189987411e-05,1318.8457819575506,-1.570333552081138e-08,4.3239e-05,301.423,292.942,317.158,0.0,43239,1,613,61300000,61300000,61300000,0,301423,1,613,61300000,61300000,61300000,0,292942,1,613,61300000,61300000,61300000,0,317158,1,613,61300000,61300000,61300000,0,0,1,613,61300000,61300000,61300000,0,0.0,0.0,1.0,0.0,0.0,1.0,0.0,0.0,1.0,13,61600000,False,1.0,0.0,300.0,500.0,600000000000.0,100000000000.0,,612
1,planned_restart,thermal_loop,617,controller_tick,61400000,61.4,2,60000000,1400000,614,61400000,DISARMED,,0,0,62,1,0,reconstructed_from_retained_wire,True,,,317.1107603775712,301.4613403104191,292.91457744928545,0.1300794052944222,0.9787164779771712,300000.00000000594,306939.9399358681,3.914227101361191e-05,1079.2182161338383,-1.4856595953460783e-08,3.9142e-05,301.461,292.915,317.111,0.0,39142,1,614,61400000,61400000,61400000,0,301461,1,614,61400000,61400000,61400000,0,292915,1,614,61400000,61400000,61400000,0,317111,1,614,61400000,61400000,61400000,0,0,1,614,61400000,61400000,61400000,0,0.0,0.0,1.0,0.0,0.0,1.0,0.0,0.0,1.0,14,61700000,False,1.0,0.0,300.0,500.0,600000000000.0,100000000000.0,,613
1,planned_restart,thermal_loop,618,controller_tick,61500000,61.5,2,60000000,1500000,615,61500000,DISARMED,,0,0,62,1,0,reconstructed_from_retained_wire,True,,,317.0639421509346,301.5013599465155,292.8863550565603,0.11770071322684479,0.9825745259800642,300000.00000000594,307427.46684924065,3.5430518509821015e-05,883.217132660888,-1.4931174519006163e-08,3.5431e-05,301.501,292.886,317.064,0.0,35431,1,615,61500000,61500000,61500000,0,301501,1,615,61500000,61500000,61500000,0,292886,1,615,61500000,61500000,61500000,0,317064,1,615,61500000,61500000,61500000,0,0,1,615,61500000,61500000,61500000,0,0.0,0.0,1.0,0.0,0.0,1.0,0.0,0.0,1.0,15,61800000,False,1.0,0.0,300.0,500.0,600000000000.0,100000000000.0,,614
1,planned_restart,thermal_loop,619,controller_tick,61600000,61.6,2,60000000,1600000,616,61600000,DISARMED,,0,0,62,1,0,reconstructed_from_retained_wire,True,,,317.0173857084527,301.54246591562094,292.85731387414745,0.10650000945769997,0.9857332285279778,300000.00000000594,307913.5617997966,3.206848969119955e-05,722.8699890191895,-1.3989847502671182e-08,3.2068e-05,301.542,292.857,317.017,0.0,32068,1,616,61600000,61600000,61600000,0,301542,1,616,61600000,61600000,61600000,0,292857,1,616,61600000,61600000,61600000,0,317017,1,616,61600000,61600000,61600000,0,0,1,616,61600000,61600000,61600000,0,0.0,0.0,1.0,0.0,0.0,1.0,0.0,0.0,1.0,16,61900000,False,1.0,0.0,300.0,500.0,600000000000.0,100000000000.0,,615
1,planned_restart,thermal_loop,620,controller_tick,61700000,61.7,2,60000000,1700000,617,61700000,DISARMED,,0,0,62,1,0,reconstructed_from_retained_wire,True,,,316.97109332773397,301.5845319020905,292.82753938777245,0.09636519357899079,0.9883193554446761,300000.00000000594,308398.186019241,2.902384774303246e-05,591.6715582273446,-1.4189936337061226e-08,2.9024e-05,301.585,292.828,316.971,0.0,29024,1,617,61700000,61700000,61700000,0,301585,1,617,61700000,61700000,61700000,0,292828,1,617,61700000,61700000,61700000,0,316971,1,617,61700000,61700000,61700000,0,0,1,617,61700000,61700000,61700000,0,0.0,0.0,1.0,0.0,0.0,1.0,0.0,0.0,1.0,17,62000000,False,1.0,0.0,300.0,500.0,600000000000.0,100000000000.0,,616
1,planned_restart,thermal_loop,621,controller_tick,61800000,61.8,2,60000000,1800000,618,61800000,DISARMED,,0,0,62,1,0,reconstructed_from_retained_wire,True,,,316.9250669188909,301.62744321407746,292.7971093019378,0.087194832946984,0.9904366970834728,300000.00000000594,308881.304815828,2.6267073354607342e-05,484.31023221871556,-1.363514456897974e-08,2.6267e-05,301.627,292.797,316.925,0.0,26267,1,618,61800000,61800000,61800000,0,301627,1,618,61800000,61800000,61800000,0,292797,1,618,61800000,61800000,61800000,0,316925,1,618,61800000,61800000,61800000,0,0,1,618,61800000,61800000,61800000,0,0.0,0.0,1.0,0.0,0.0,1.0,0.0,0.0,1.0,18,62100000,False,1.0,0.0,300.0,500.0,600000000000.0,100000000000.0,,617
1,planned_restart,thermal_loop,622,controller_tick,61900000,61.9,2,60000000,1900000,619,61900000,DISARMED,,0,0,62,1,0,reconstructed_from_retained_wire,True,,,316.87930805879085,301.67109568826316,292.76609427233006,0.078897147510219,0.9921702297985284,300000.00000000594,309362.8872039165,2.377127004630656e-05,396.4466766791531,-1.3596945791505277e-08,2.3771e-05,301.671,292.766,316.879,0.0,23771,1,619,61900000,61900000,61900000,0,301671,1,619,61900000,61900000,61900000,0,292766,1,619,61900000,61900000,61900000,0,316879,1,619,61900000,61900000,61900000,0,0,1,619,61900000,61900000,61900000,0,0.0,0.0,1.0,0.0,0.0,1.0,0.0,0.0,1.0,19,62200000,False,1.0,0.0,300.0,500.0,600000000000.0,100000000000.0,,618
1,planned_restart,thermal_loop,623,event_boundary,62000000,62.0,2,60000000,2000000,,61900000,DISARMED,,0,0,62,1,0,reconstructed_from_retained_wire,True,arm_restart,before,316.83381802208515,301.7153947004124,292.73455856746983,0.07138909124390455,0.9935895263443028,300000.00000000594,309842.9055683535,2.151196648886898e-05,324.53435397576413,-1.3418684829957783e-08,2.3771e-05,301.671,292.766,316.879,0.0,23771,1,619,61900000,61900000,61900000,100000,301671,1,619,61900000,61900000,61900000,100000,292766,1,619,61900000,61900000,61900000,100000,316879,1,619,61900000,61900000,61900000,100000,0,1,619,61900000,61900000,61900000,100000,0.0,0.0,1.0,0.0,0.0,1.0,0.0,0.0,1.0,19,62200000,False,1.0,0.0,300.0,500.0,600000000000.0,100000000000.0,,619
1,planned_restart,thermal_loop,624,event_boundary,62000000,62.0,2,60000000,2000000,,61900000,DISARMED,,0,0,62,1,0,reconstructed_from_retained_wire,True,arm_restart,after,316.83381802208515,301.7153947004124,292.73455856746983,0.07138909124390455,0.9935895263443028,300000.00000000594,309842.9055683535,2.151196648886898e-05,324.53435397576413,-1.3418684829957783e-08,2.3771e-05,301.671,292.766,316.879,0.0,23771,1,619,61900000,61900000,61900000,100000,301671,1,619,61900000,61900000,61900000,100000,292766,1,619,61900000,61900000,61900000,100000,316879,1,619,61900000,61900000,61900000,100000,0,1,619,61900000,61900000,61900000,100000,0.0,0.0,1.0,0.0,0.0,1.0,0.0,0.0,1.0,19,62200000,False,1.0,0.0,300.0,500.0,600000000000.0,100000000000.0,,619
1,planned_restart,thermal_loop,625,controller_tick,62000000,62.0,2,60000000,2000000,620,62000000,RUNNING,,1,1,62,1,0,reconstructed_from_retained_wire,True,,,316.83381802208515,301.7153947004124,292.73455856746983,0.07138909124390455,0.9935895263443028,300000.00000000594,309842.9055683535,2.151196648886898e-05,324.53435397576413,-1.3418684829957783e-08,2.1512e-05,301.715,292.735,316.834,0.0,21512,1,620,62000000,62000000,62000000,0,301715,1,620,62000000,62000000,62000000,0,292735,1,620,62000000,62000000,62000000,0,316834,1,620,62000000,62000000,62000000,0,0,1,620,62000000,62000000,62000000,0,1.0,0.787044,0.65,1.0,0.787044,0.65,1.0,0.787044,0.65,20,62300000,False,1.0,5000.0,300.0,500.0,600000000000.0,100000000000.0,,619
1,planned_restart,thermal_loop,626,controller_tick,62100000,62.1,2,60000000,2100000,621,62100000,RUNNING,,0,0,62,1,0,reconstructed_from_retained_wire,True,,,316.83851781575675,301.7552252863128,292.70597254071754,0.1394926601527513,0.9313073117627493,300500.000000006,310321.39270898415,4.1769213513358706e-05,1247.9533446392782,-1.3287717592902482e-08,4.1769e-05,301.755,292.706,316.839,0.0,41769,1,621,62100000,62100000,62100000,0,301755,1,621,62100000,62100000,62100000,0,292706,1,621,62100000,62100000,62100000,0,316839,1,621,62100000,62100000,62100000,0,0,1,621,62100000,62100000,62100000,0,1.0,0.748694,0.65,1.0,0.748694,0.65,1.0,0.748694,0.65,21,62400000,False,1.0,5000.0,300.0,500.0,600000000000.0,100000000000.0,,620
1,planned_restart,thermal_loop,627,controller_tick,62200000,62.2,2,60000000,2200000,622,62200000,RUNNING,,0,0,62,1,0,reconstructed_from_retained_wire,True,,,316.8433095337525,301.78641030193796,292.6831790383694,0.19746583258562375,0.8803149472912308,301000.000000006,310798.59931784566,5.876751480207141e-05,2517.8271854686864,-1.3091266737319529e-08,5.8768e-05,301.786,292.683,316.843,0.0,58768,1,622,62200000,62200000,62200000,0,301786,1,622,62200000,62200000,62200000,0,292683,1,622,62200000,62200000,62200000,0,316843,1,622,62200000,62200000,62200000,0,0,1,622,62200000,62200000,62200000,0,1.0,0.716521,0.65,1.0,0.716521,0.65,1.0,0.716521,0.65,22,62500000,False,1.0,5000.0,300.0,500.0,600000000000.0,100000000000.0,,621
1,planned_restart,thermal_loop,628,controller_tick,62300000,62.3,2,60000000,2300000,623,62300000,RUNNING,,0,0,62,1,0,reconstructed_from_retained_wire,True,,,316.84816903453384,301.8102730756686,292.6652938030919,0.24686046249610558,0.8385659303090719,301500.000000006,311274.7923720238,7.304304057960558e-05,3959.894483533552,-1.3576936908066273e-08,7.3043e-05,301.81,292.665,316.848,0.0,73043,1,623,62300000,62300000,62300000,0,301810,1,623,62300000,62300000,62300000,0,292665,1,623,62300000,62300000,62300000,0,316848,1,623,62300000,62300000,62300000,0,0,1,623,62300000,62300000,62300000,0,1.0,0.68951,0.65,1.0,0.68951,0.65,1.0,0.68951,0.65,23,62600000,False,1.0,5000.0,300.0,500.0,600000000000.0,100000000000.0,,622
1,planned_restart,thermal_loop,629,controller_tick,62400000,62.4,2,60000000,2400000,624,62400000,RUNNING,,0,0,62,1,0,reconstructed_from_retained_wire,True,,,316.8530759293693,301.82795073630353,292.6515569916204,0.28898413538811146,0.8043847261817401,302000.000000006,311750.197796613,8.504864600029425e-05,5457.874176008087,-1.4375473256222904e-08,8.5049e-05,301.828,292.652,316.853,0.0,85049,1,624,62400000,62400000,62400000,0,301828,1,624,62400000,62400000,62400000,0,292652,1,624,62400000,62400000,62400000,0,316853,1,624,62400000,62400000,62400000,0,0,1,624,62400000,62400000,62400000,0,1.0,0.666797,0.65,1.0,0.666797,0.65,1.0,0.666797,0.65,24,62700000,False,1.0,5000.0,300.0,500.0,600000000000.0,100000000000.0,,623
1,planned_restart,thermal_loop,630,controller_tick,62500000,62.5,2,60000000,2500000,625,62500000,RUNNING,,0,0,62,1,0,reconstructed_from_retained_wire,True,,,316.8580130418753,301.84041364053786,292.64132018342343,0.3249377830820781,0.7763995231749614,302500.00000000605,312225.00636694324,9.516357850618515e-05,6936.013617788419,-1.5006662579253316e-08,9.5164e-05,301.84,292.641,316.858,0.0,95164,1,625,62500000,62500000,62500000,0,301840,1,625,62500000,62500000,62500000,0,292641,1,625,62500000,62500000,62500000,0,316858,1,625,62500000,62500000,62500000,0,0,1,625,62500000,62500000,62500000,0,1.0,0.647664,0.65,1.0,0.647664,0.65,1.0,0.647664,0.65,25,62800000,False,1.0,5000.0,300.0,500.0,600000000000.0,100000000000.0,,624
1,planned_restart,thermal_loop,631,controller_tick,62600000,62.6,2,60000000,2600000,626,62600000,RUNNING,,0,0,62,1,0,reconstructed_from_retained_wire,True,,,316.86296592963436,301.84848595070633,292.63403262681896,0.35564924315000995,0.7534871768337827,303000.0000000061,312699.3789361656,0.00010370342660000773,8346.878139884213,-1.3978933566249907e-08,0.000103703,301.848,292.634,316.863,0.0,103703,1,626,62600000,62600000,62600000,0,301848,1,626,62600000,62600000,62600000,0,292634,1,626,62600000,62600000,62600000,0,316863,1,626,62600000,62600000,62600000,0,0,1,626,62600000,62600000,62600000,0,1.0,0.631512,0.65,1.0,0.631512,0.65,1.0,0.631512,0.65,26,62900000,False,1.0,5000.0,300.0,500.0,600000000000.0,100000000000.0,,625
1,planned_restart,thermal_loop,632,controller_tick,62700000,62.7,2,60000000,2700000,627,62700000,RUNNING,,0,0,62,1,0,reconstructed_from_retained_wire,True,,,316.8679224684,301.85286568823136,292.6292278391101,0.3819010553583311,0.7347281342523257,303500.0000000061,313173.450980669,0.00011092942955515671,9662.706271807716,-1.3624230632558465e-08,0.000110929,301.853,292.629,316.868,0.0,110929,1,627,62700000,62700000,62700000,0,301853,1,627,62700000,62700000,62700000,0,292629,1,627,62700000,62700000,62700000,0,316868,1,627,62700000,62700000,62700000,0,0,1,627,62700000,62700000,62700000,0,1.0,0.617841,0.65,1.0,0.617841,0.65,1.0,0.617841,0.65,27,63000000,False,1.0,5000.0,300.0,500.0,600000000000.0,100000000000.0,,626
1,planned_restart,thermal_loop,633,controller_tick,62800000,62.8,2,60000000,2800000,628,62800000,RUNNING,,0,0,62,1,0,reconstructed_from_retained_wire,True,,,316.8728724955844,301.85414330957013,292.6265111960638,0.4043537096778295,0.7193695291871272,304000.0000000061,313647.336498234,0.0001170570619968488,10869.249947688604,-1.3737007975578308e-08,0.000117057,301.854,292.627,316.873,0.0,117057,1,628,62800000,62800000,62800000,0,301854,1,628,62800000,62800000,62800000,0,292627,1,628,62800000,62800000,62800000,0,316873,1,628,62800000,62800000,62800000,0,0,1,628,62800000,62800000,62800000,0,1.0,0.606244,0.65,1.0,0.606244,0.65,1.0,0.606244,0.65,28,63100000,False,1.0,5000.0,300.0,500.0,600000000000.0,100000000000.0,,627
1,planned_restart,thermal_loop,634,controller_tick,62900000,62.9,2,60000000,2900000,629,62900000,RUNNING,,0,0,62,1,0,reconstructed_from_retained_wire,True,,,316.8778075074864,301.8528182243472,292.6255488972502,0.4235661109774585,0.7067949668914495,304500.00000000617,314121.13131880044,0.00012226401264512455,11961.429521621998,-1.3378667063079774e-08,0.000122264,301.853,292.626,316.878,0.0,122264,1,629,62900000,62900000,62900000,0,301853,1,629,62900000,62900000,62900000,0,292626,1,629,62900000,62900000,62900000,0,316878,1,629,62900000,62900000,62900000,0,0,1,629,62900000,62900000,62900000,0,1.0,0.596385,0.65,1.0,0.596385,0.65,1.0,0.596385,0.65,29,63200000,False,1.0,5000.0,300.0,500.0,600000000000.0,100000000000.0,,628
1,planned_restart,thermal_loop,635,controller_tick,63000000,63.0,2,60000000,3000000,630,63000000,RUNNING,,0,0,62,1,0,reconstructed_from_retained_wire,True,,,316.8827204035407,301.84931307975245,292.6260584240466,0.44001200266823476,0.6964997860298994,305000.00000000617,314594.9159010425,0.00012669691085710858,12940.21336091742,-1.3342287275008857e-08,0.000126697,301.849,292.626,316.883,0.0,126697,1,630,63000000,63000000,63000000,0,301849,1,630,63000000,63000000,63000000,0,292626,1,630,63000000,63000000,63000000,0,316883,1,630,63000000,63000000,63000000,0,0,1,630,63000000,63000000,63000000,0,1.0,0.587985,0.65,1.0,0.587985,0.65,1.0,0.587985,0.65,30,63300000,False,1.0,5000.0,300.0,500.0,600000000000.0,100000000000.0,,629
1,planned_restart,thermal_loop,636,controller_tick,63100000,63.1,2,60000000,3100000,631,63100000,RUNNING,,0,0,62,1,0,reconstructed_from_retained_wire,True,,,316.88760527092415,301.84398593870833,292.6278004048167,0.45409349515463,0.6880708048471393,305500.00000000617,315068.75768747967,0.00013047697439500197,13810.393895265197,-1.3738826964981854e-08,0.000130477,301.844,292.628,316.888,0.0,130477,1,631,63100000,63100000,63100000,0,301844,1,631,63100000,63100000,63100000,0,292628,1,631,63100000,63100000,63100000,0,316888,1,631,63100000,63100000,63100000,0,0,1,631,63100000,63100000,63100000,0,1.0,0.580815,0.65,1.0,0.580815,0.65,1.0,0.580815,0.65,31,63400000,False,1.0,5000.0,300.0,500.0,600000000000.0,100000000000.0,,630
1,planned_restart,thermal_loop,637,controller_tick,63200000,63.2,2,60000000,3200000,632,63200000,RUNNING,,0,0,62,1,0,reconstructed_from_retained_wire,True,,,316.8924572033514,301.83714052907027,292.63057176862947,0.46615264074552554,0.6811697387333344,306000.0000000062,315542.7130855693,0.0001337047822235353,14579.040931625503,-1.376247382722795e-08,0.000133705,301.837,292.631,316.892,0.0,133705,1,632,63200000,63200000,63200000,0,301837,1,632,63200000,63200000,63200000,0,292631,1,632,63200000,63200000,63200000,0,316892,1,632,63200000,63200000,63200000,0,0,1,632,63200000,63200000,63200000,0,1.0,0.574685,0.65,1.0,0.574685,0.65,1.0,0.574685,0.65,32,63500000,False,1.0,5000.0,300.0,500.0,600000000000.0,100000000000.0,,631
1,planned_restart,thermal_loop,638,controller_tick,63300000,63.3,2,60000000,3300000,633,63300000,RUNNING,,0,0,62,1,0,reconstructed_from_retained_wire,True,,,316.89727214851,301.82903480239827,292.6342000280752,0.47648086027835235,0.6755196236750161,306500.0000000062,316016.82913551055,0.0001364641121029142,15254.419464345177,-1.4641045709140599e-08,0.000136464,301.829,292.634,316.897,0.0,136464,1,633,63300000,63300000,63300000,0,301829,1,633,63300000,63300000,63300000,0,292634,1,633,63300000,63300000,63300000,0,316897,1,633,63300000,63300000,63300000,0,0,1,633,63300000,63300000,63300000,0,1.0,0.569438,0.65,1.0,0.569438,0.65,1.0,0.569438,0.65,33,63600000,False,1.0,5000.0,300.0,500.0,600000000000.0,100000000000.0,,632
1,planned_restart,thermal_loop,639,controller_tick,63400000,63.4,2,60000000,3400000,634,63400000,RUNNING,,0,0,62,1,0,reconstructed_from_retained_wire,True,,,316.9020467793902,301.8198880630416,292.63853851699247,0.48532690170584714,0.6708937007167779,307000.0000000062,316491.1449167078,0.00013882507121063453,15845.259993284599,-1.4522811397910118e-08,0.000138825,301.82,292.639,316.902,0.0,138825,1,634,63400000,63400000,63400000,0,301820,1,634,63400000,63400000,63400000,0,292639,1,634,63400000,63400000,63400000,0,316902,1,634,63400000,63400000,63400000,0,0,1,634,63400000,63400000,63400000,0,1.0,0.564939,0.65,1.0,0.564939,0.65,1.0,0.564939,0.65,34,63700000,False,1.0,5000.0,300.0,500.0,600000000000.0,100000000000.0,,633
1,planned_restart,thermal_loop,640,controller_tick,63500000,63.5,2,60000000,3500000,635,63500000,RUNNING,,0,0,62,1,0,reconstructed_from_retained_wire,True,,,316.9067783855326,301.8098869288387,292.64346240860255,0.4929029945347428,0.6671063153282252,307500.0000000062,316965.69273642986,0.0001408464715878594,16360.244778631793,-1.4571924111805856e-08,0.000140846,301.81,292.643,316.907,0.0,140846,1,635,63500000,63500000,63500000,0,301810,1,635,63500000,63500000,63500000,0,292643,1,635,63500000,63500000,63500000,0,316907,1,635,63500000,63500000,63500000,0,0,1,635,63500000,63500000,63500000,0,1.0,0.561081,0.65,1.0,0.561081,0.65,1.0,0.561081,0.65,35,63800000,False,1.0,5000.0,300.0,500.0,600000000000.0,100000000000.0,,634
1,planned_restart,thermal_loop,641,controller_tick,63600000,63.6,2,60000000,3600000,636,63600000,RUNNING,,0,0,62,1,0,reconstructed_from_retained_wire,True,,,316.9114647809443,301.7991902908169,292.6488654022184,0.4993909895676738,0.6640054664358211,308000.0000000062,317440.4991362322,0.00014257801288963264,16807.74014231555,-1.4659235603176057e-08,0.000142578,301.799,292.649,316.911,0.0,142578,1,636,63600000,63600000,63600000,0,301799,1,636,63600000,63600000,63600000,0,292649,1,636,63600000,63600000,63600000,0,316911,1,636,63600000,63600000,63600000,0,0,1,636,63600000,63600000,63600000,0,1.0,0.557765,0.65,1.0,0.557765,0.65,1.0,0.557765,0.65,36,63900000,False,1.0,5000.0,300.0,500.0,600000000000.0,100000000000.0,,635
1,planned_restart,thermal_loop,642,controller_tick,63700000,63.7,2,60000000,3700000,637,63700000,RUNNING,,0,0,62,1,0,reconstructed_from_retained_wire,True,,,316.9161042258752,301.78793348507327,292.65465693619325,0.5049460111197508,0.6614667060861162,308500.0000000062,317915.58574689494,0.00014406161119553392,17195.548286473473,-1.5341356629505754e-08,0.000144062,301.788,292.655,316.916,0.0,144062,1,637,63700000,63700000,63700000,0,301788,1,637,63700000,63700000,63700000,0,292655,1,637,63700000,63700000,63700000,0,316916,1,637,63700000,63700000,63700000,0,0,1,637,63700000,63700000,63700000,0,1.0,0.554916,0.65,1.0,0.554916,0.65,1.0,0.554916,0.65,37,64000000,False,1.0,5000.0,300.0,500.0,600000000000.0,100000000000.0,,636
1,planned_restart,thermal_loop,643,controller_tick,63800000,63.8,2,60000000,3800000,638,63800000,RUNNING,,0,0,62,1,0,reconstructed_from_retained_wire,True,,,316.92069536035405,301.7762317962376,292.6607598473524,0.5097012842820866,0.6593881449124278,309000.0000000062,318390.97001483775,0.0001453329593425815,17530.872291371867,-1.4651959645561874e-08,0.000145333,301.776,292.661,316.921,0.0,145333,1,638,63800000,63800000,63800000,0,301776,1,638,63800000,63800000,63800000,0,292661,1,638,63800000,63800000,63800000,0,316921,1,638,63800000,63800000,63800000,0,0,1,638,63800000,63800000,63800000,0,1.0,0.552467,0.65,1.0,0.552467,0.65,1.0,0.552467,0.65,38,64100000,False,1.0,5000.0,300.0,500.0,600000000000.0,100000000000.0,,637
1,planned_restart,thermal_loop,644,controller_tick,63900000,63.9,2,60000000,3900000,639,63900000,RUNNING,,0,0,62,1,0,reconstructed_from_retained_wire,True,,,316.9252371474753,301.764183379777,292.66710841858287,0.5137709802091511,0.6576863629568122,309500.0000000062,318866.6658220053,0.00014642244720876034,17820.24879186631,-1.4733814168721437e-08,0.000146422,301.764,292.667,316.925,0.0,146422,1,639,63900000,63900000,63900000,0,301764,1,639,63900000,63900000,63900000,0,292667,1,639,63900000,63900000,63900000,0,316925,1,639,63900000,63900000,63900000,0,0,1,639,63900000,63900000,63900000,0,1.0,0.550361,0.65,1.0,0.550361,0.65,1.0,0.550361,0.65,39,64200000,False,1.0,5000.0,300.0,500.0,600000000000.0,100000000000.0,,638
1,planned_restart,thermal_loop,645,controller_tick,64000000,64.0,2,60000000,4000000,640,64000000,RUNNING,,0,0,62,1,0,reconstructed_from_retained_wire,True,,,316.9297288249645,301.7518717582173,292.67364671108857,0.5172529809663974,0.6562930617342565,310000.0000000063,319342.6840153306,0.00014735600867776097,18069.547314486277,-1.502303348388523e-08,0.000147356,301.752,292.674,316.93,0.0,147356,1,640,64000000,64000000,64000000,0,301752,1,640,64000000,64000000,64000000,0,292674,1,640,64000000,64000000,64000000,0,316930,1,640,64000000,64000000,64000000,0,0,1,640,64000000,64000000,64000000,0,1.0,0.548546,0.65,1.0,0.548546,0.65,1.0,0.548546,0.65,40,64300000,False,1.0,5000.0,300.0,500.0,600000000000.0,100000000000.0,,639
1,planned_restart,thermal_loop,646,controller_tick,64100000,64.1,2,60000000,4100000,641,64100000,RUNNING,,0,0,62,1,0,reconstructed_from_retained_wire,True,,,316.93416986380555,301.7393679614844,292.68032713441767,0.5202309054549407,0.6551523231746736,310500.0000000062,319819.0328590602,0.00014815572439022605,18283.97203120969,-1.525040715932846e-08,0.000148156,301.739,292.68,316.934,0.0,148156,1,641,64100000,64100000,64100000,0,301739,1,641,64100000,64100000,64100000,0,292680,1,641,64100000,64100000,64100000,0,316934,1,641,64100000,64100000,64100000,0,0,1,641,64100000,64100000,64100000,0,1.0,0.546982,0.65,1.0,0.546982,0.65,1.0,0.546982,0.65,41,64400000,False,1.0,5000.0,300.0,500.0,600000000000.0,100000000000.0,,640
1,planned_restart,thermal_loop,647,controller_tick,64200000,64.2,2,60000000,4200000,642,64200000,RUNNING,,0,0,62,1,0,reconstructed_from_retained_wire,True,,,316.9385599329237,301.72673233921984,292.68710923562116,0.5227766086820873,0.6542183654344145,311000.0000000062,320295.7184209182,0.00014884053787144803,18468.13597296964,-1.5745172277092934e-08,0.000148841,301.727,292.687,316.939,0.0,148841,1,642,64200000,64200000,64200000,0,301727,1,642,64200000,64200000,64200000,0,292687,1,642,64200000,64200000,64200000,0,316939,1,642,64200000,64200000,64200000,0,0,1,642,64200000,64200000,64200000,0,1.0,0.545636,0.65,1.0,0.545636,0.65,1.0,0.545636,0.65,42,64500000,False,1.0,5000.0,300.0,500.0,600000000000.0,100000000000.0,,641
1,planned_restart,thermal_loop,648,controller_tick,64300000,64.3,2,60000000,4300000,643,64300000,RUNNING,,0,0,62,1,0,reconstructed_from_retained_wire,True,,,316.94289886892705,301.7140160716438,292.69395868975016,0.5249519673819172,0.6534537055101384,311500.0000000062,320772.7449030429,0.0001494267552493113,18626.114732079513,-1.535590854473412e-08,0.000149427,301.714,292.694,316.943,0.0,149427,1,643,64300000,64300000,64300000,0,301714,1,643,64300000,64300000,64300000,0,292694,1,643,64300000,64300000,64300000,0,316943,1,643,64300000,64300000,64300000,0,0,1,643,64300000,64300000,64300000,0,1.0,0.544475,0.65,1.0,0.544475,0.65,1.0,0.544475,0.65,43,64600000,False,1.0,5000.0,300.0,500.0,600000000000.0,100000000000.0,,642
1,planned_restart,thermal_loop,649,controller_tick,64400000,64.4,2,60000000,4400000,644,64400000,RUNNING,,0,0,62,1,0,reconstructed_from_retained_wire,True,,,316.9471866501442,301.7012624856412,292.7008464205189,0.5268098295735273,0.6528276549142765,312000.00000000617,321250.1149260134,0.0001499282998221208,18761.46161850819,-1.5243131201714277e-08,0.000149928,301.701,292.701,316.947,0.0,149928,1,644,64400000,64400000,64400000,0,301701,1,644,64400000,64400000,64400000,0,292701,1,644,64400000,64400000,64400000,0,316947,1,644,64400000,64400000,64400000,0,0,1,644,64400000,64400000,64400000,0,1.0,0.543475,0.65,1.0,0.543475,0.65,1.0,0.543475,0.65,44,64700000,False,1.0,5000.0,300.0,500.0,600000000000.0,100000000000.0,,643
1,planned_restart,thermal_loop,650,controller_tick,64500000,64.5,2,60000000,4500000,645,64500000,RUNNING,,0,0,62,1,0,reconstructed_from_retained_wire,True,,,316.95142337442365,301.68850818273023,292.7077478466564,0.5283957302200989,0.6523150880382865,312500.00000000617,321727.8297717895,0.0001503571813757648,18877.2919749773,-1.6061676433309913e-08,0.000150357,301.689,292.708,316.951,0.0,150357,1,645,64500000,64500000,64500000,0,301689,1,645,64500000,64500000,64500000,0,292708,1,645,64500000,64500000,64500000,0,316951,1,645,64500000,64500000,64500000,0,0,1,645,64500000,64500000,64500000,0,1.0,0.542609,0.65,1.0,0.542609,0.65,1.0,0.542609,0.65,45,64800000,False,1.0,5000.0,300.0,500.0,600000000000.0,100000000000.0,,644
1,planned_restart,thermal_loop,651,controller_tick,64600000,64.6,2,60000000,4600000,646,64600000,RUNNING,,0,0,62,1,0,reconstructed_from_retained_wire,True,,,316.9556092401151,301.675784019185,292.71464222705526,0.5297483016704343,0.6518954337737588,313000.0000000061,322205.88959191064,0.0001507235930194631,18976.285715192247,-1.6401827451772988e-08,0.000150724,301.676,292.715,316.956,0.0,150724,1,646,64600000,64600000,64600000,0,301676,1,646,64600000,64600000,64600000,0,292715,1,646,64600000,64600000,64600000,0,316956,1,646,64600000,64600000,64600000,0,0,1,646,64600000,64600000,64600000,0,1.0,0.541861,0.65,1.0,0.541861,0.65,1.0,0.541861,0.65,46,64900000,False,1.0,5000.0,300.0,500.0,600000000000.0,100000000000.0,,645
1,planned_restart,thermal_loop,652,controller_tick,64700000,64.7,2,60000000,4700000,647,64700000,RUNNING,,0,0,62,1,0,reconstructed_from_retained_wire,True,,,316.95974452986206,301.66311593835553,292.7215121046635,0.5309009773179652,0.6515518499216083,313500.0000000061,322684.29358496855,0.0001510363765514398,19060.78995500173,-1.6487319953739643e-08,0.000151036,301.663,292.722,316.96,0.0,151036,1,647,64700000,64700000,64700000,0,301663,1,647,64700000,64700000,64700000,0,292722,1,647,64700000,64700000,64700000,0,316960,1,647,64700000,64700000,64700000,0,0,1,647,64700000,64700000,64700000,0,1.0,0.541216,0.65,1.0,0.541216,0.65,1.0,0.541216,0.65,47,65000000,False,1.0,5000.0,300.0,500.0,600000000000.0,100000000000.0,,646
1,planned_restart,thermal_loop,653,controller_tick,64800000,64.8,2,60000000,4800000,648,64800000,RUNNING,,0,0,62,1,0,reconstructed_from_retained_wire,True,,,316.96382959667056,301.65052564920853,292.7283428530613,0.5318825815093513,0.6512705472554898,314000.0000000061,323163.0401492435,0.00015130317217060648,19132.8480877499,-1.6827470972202718e-08,0.000151303,301.651,292.728,316.964,0.0,151303,1,648,64800000,64800000,64800000,0,301651,1,648,64800000,64800000,64800000,0,292728,1,648,64800000,64800000,64800000,0,316964,1,648,64800000,64800000,64800000,0,0,1,648,64800000,64800000,64800000,0,1.0,0.540656,0.65,1.0,0.540656,0.65,1.0,0.540656,0.65,48,65100000,False,1.0,5000.0,300.0,500.0,600000000000.0,100000000000.0,,647
1,planned_restart,thermal_loop,654,controller_tick,64900000,64.9,2,60000000,4900000,649,64900000,RUNNING,,0,0,62,1,0,reconstructed_from_retained_wire,True,,,316.9678648519562,301.6380312505447,292.73512225939953,0.532717482665526,0.6510402361117305,314500.0000000061,323642.12701373413,0.00015153044572798944,19194.201240740236,-1.7609636415727437e-08,0.00015153,301.638,292.735,316.968,0.0,151530,1,649,64900000,64900000,64900000,0,301638,1,649,64900000,64900000,64900000,0,292735,1,649,64900000,64900000,64900000,0,316968,1,649,64900000,64900000,64900000,0,0,1,649,64900000,64900000,64900000,0,1.0,0.540172,0.65,1.0,0.540172,0.65,1.0,0.540172,0.65,49,65200000,False,1.0,5000.0,300.0,500.0,600000000000.0,100000000000.0,,648
1,planned_restart,thermal_loop,655,controller_tick,65000000,65.0,2,60000000,5000000,650,65000000,RUNNING,,0,0,62,1,0,reconstructed_from_retained_wire,True,,,316.9718507553834,301.6256477557247,292.741840173798,0.5334268737823301,0.6508516732954862,315000.00000000605,324121.55134960107,0.00015172383857538116,19246.37369049967,-1.7702404875308275e-08,0.000151724,301.626,292.742,316.972,0.0,151724,1,650,65000000,65000000,65000000,0,301626,1,650,65000000,65000000,65000000,0,292742,1,650,65000000,65000000,65000000,0,316972,1,650,65000000,65000000,65000000,0,0,1,650,65000000,65000000,65000000,0,1.0,0.539749,0.65,1.0,0.539749,0.65,1.0,0.539749,0.65,50,65300000,False,1.0,5000.0,300.0,500.0,600000000000.0,100000000000.0,,649
1,planned_restart,thermal_loop,656,controller_tick,65100000,65.1,2,60000000,5100000,651,65100000,RUNNING,,0,0,62,1,0,reconstructed_from_retained_wire,True,,,316.9757878061552,301.613387549027,292.7484882044283,0.5340285036366718,0.65069729111888,315500.00000000605,324601.3098657703,0.00015188807855224398,19290.648907125218,-1.8668288248591125e-08,0.000151888,301.613,292.748,316.976,0.0,151888,1,651,65100000,65100000,65100000,0,301613,1,651,65100000,65100000,65100000,0,292748,1,651,65100000,65100000,65100000,0,316976,1,651,65100000,65100000,65100000,0,0,1,651,65100000,65100000,65100000,0,1.0,0.539383,0.65,1.0,0.539383,0.65,1.0,0.539383,0.65,51,65400000,False,1.0,5000.0,300.0,500.0,600000000000.0,100000000000.0,,650
1,planned_restart,thermal_loop,657,controller_tick,65200000,65.2,2,60000000,5200000,652,65200000,RUNNING,,0,0,62,1,0,reconstructed_from_retained_wire,True,,,316.97967653563217,301.6012607647851,292.7550594641777,0.5345380513356937,0.6505708936831149,316000.000000006,325081.39889000624,0.000152027360165205,19328.165537055684,-1.8355422071181238e-08,0.000152027,301.601,292.755,316.98,0.0,152027,1,652,65200000,65200000,65200000,0,301601,1,652,65200000,65200000,65200000,0,292755,1,652,65200000,65200000,65200000,0,316980,1,652,65200000,65200000,65200000,0,0,1,652,65200000,65200000,65200000,0,1.0,0.539065,0.65,1.0,0.539065,0.65,1.0,0.539065,0.65,52,65500000,False,1.0,5000.0,300.0,500.0,600000000000.0,100000000000.0,,651
1,planned_restart,thermal_loop,658,controller_tick,65300000,65.3,2,60000000,5300000,653,65300000,RUNNING,,0,0,62,1,0,reconstructed_from_retained_wire,True,,,316.98351750094946,301.5892755950635,292.76154836502394,0.5349688474589827,0.650467408215302,316500.00000000594,325561.8144390942,0.00015214525606530388,19359.895197888472,-1.7833372112363577e-08,0.000152145,301.589,292.762,316.984,0.0,152145,1,653,65300000,65300000,65300000,0,301589,1,653,65300000,65300000,65300000,0,292762,1,653,65300000,65300000,65300000,0,316984,1,653,65300000,65300000,65300000,0,0,1,653,65300000,65300000,65300000,0,1.0,0.538786,0.65,1.0,0.538786,0.65,1.0,0.538786,0.65,53,65600000,False,1.0,5000.0,300.0,500.0,600000000000.0,100000000000.0,,652
1,planned_restart,thermal_loop,659,controller_tick,65400000,65.4,2,60000000,5400000,654,65400000,RUNNING,,0,0,62,1,0,reconstructed_from_retained_wire,True,,,316.98731127958905,301.5774385961266,292.76795041328756,0.5353320975505153,0.650382681480272,317000.00000000594,326042.55227858515,0.00015224477284361877,19386.657123501405,-1.7404090613126755e-08,0.000152245,301.577,292.768,316.987,0.0,152245,1,654,65400000,65400000,65400000,0,301577,1,654,65400000,65400000,65400000,0,292768,1,654,65400000,65400000,65400000,0,316987,1,654,65400000,65400000,65400000,0,0,1,654,65400000,65400000,65400000,0,1.0,0.538541,0.65,1.0,0.538541,0.65,1.0,0.538541,0.65,54,65700000,False,1.0,5000.0,300.0,500.0,600000000000.0,100000000000.0,,653
1,planned_restart,thermal_loop,660,controller_tick,65500000,65.5,2,60000000,5500000,655,65500000,RUNNING,,0,0,62,1,0,reconstructed_from_retained_wire,True,,,316.99105846481416,301.5657549397125,292.77426204174475,0.535637464992861,0.6503133130966662,317500.00000000594,326523.6079731019,0.00015232851026265922,19409.15937486141,-1.842090568970889e-08,0.000152329,301.566,292.774,316.991,0.0,152329,1,655,65500000,65500000,65500000,0,301566,1,655,65500000,65500000,65500000,0,292774,1,655,65500000,65500000,65500000,0,316991,1,655,65500000,65500000,65500000,0,0,1,655,65500000,65500000,65500000,0,1.0,0.538326,0.65,1.0,0.538326,0.65,1.0,0.538326,0.65,55,65800000,False,1.0,5000.0,300.0,500.0,600000000000.0,100000000000.0,,654
1,planned_restart,thermal_loop,661,controller_tick,65600000,65.6,2,60000000,5600000,656,65600000,RUNNING,,0,0,62,1,0,reconstructed_from_retained_wire,True,,,316.9947596617782,301.55422860978507,292.7804804781381,0.535893312925826,0.6502565190676929,318000.00000000594,327004.9769292829,0.00015239872457591003,19428.01578291609,-1.82626536116004e-08,0.000152399,301.554,292.78,316.995,0.0,152399,1,656,65600000,65600000,65600000,0,301554,1,656,65600000,65600000,65600000,0,292780,1,656,65600000,65600000,65600000,0,316995,1,656,65600000,65600000,65600000,0,0,1,656,65600000,65600000,65600000,0,1.0,0.538138,0.65,1.0,0.538138,0.65,1.0,0.538138,0.65,56,65900000,False,1.0,5000.0,300.0,500.0,600000000000.0,100000000000.0,,655
1,planned_restart,thermal_loop,662,controller_tick,65700000,65.7,2,60000000,5700000,657,65700000,RUNNING,,0,0,62,1,0,reconstructed_from_retained_wire,True,,,316.99841548418595,301.5428625679487,292.7866036346192,0.5361069231434931,0.6502100200495614,318500.00000000594,327486.654432684,0.00015245738620933453,19443.76146032544,-1.809166860766709e-08,0.000152457,301.543,292.787,316.998,0.0,152457,1,657,65700000,65700000,65700000,0,301543,1,657,65700000,65700000,65700000,0,292787,1,657,65700000,65700000,65700000,0,316998,1,657,65700000,65700000,65700000,0,0,1,657,65700000,65700000,65700000,0,1.0,0.537973,0.65,1.0,0.537973,0.65,1.0,0.537973,0.65,57,66000000,False,1.0,5000.0,300.0,500.0,600000000000.0,100000000000.0,,656
1,planned_restart,thermal_loop,663,controller_tick,65800000,65.8,2,60000000,5800000,658,65800000,RUNNING,,0,0,62,1,0,reconstructed_from_retained_wire,True,,,317.0020265514302,301.5316589026759,292.7926300080183,0.5362845038352911,0.6501719498734131,319000.00000000594,327968.63567949657,0.00015250617816475637,19456.853154018274,-1.9097569747827947e-08,0.000152506,301.532,292.793,317.002,0.0,152506,1,658,65800000,65800000,65800000,0,301532,1,658,65800000,65800000,65800000,0,292793,1,658,65800000,65800000,65800000,0,317002,1,658,65800000,65800000,65800000,0,0,1,658,65800000,65800000,65800000,0,1.0,0.537825,0.65,1.0,0.537825,0.65,1.0,0.537825,0.65,58,66100000,False,1.0,5000.0,300.0,500.0,600000000000.0,100000000000.0,,657
1,planned_restart,thermal_loop,664,controller_tick,65900000,65.9,2,60000000,5900000,659,65900000,RUNNING,,0,0,62,1,0,reconstructed_from_retained_wire,True,,,317.0055934861848,301.5206189812412,292.7985585783435,0.5364311014278218,0.6501407806494119,319500.00000000594,328450.9158032669,0.0001525464678027833,19467.66272226436,-1.8715581973083317e-08,0.000152546,301.521,292.799,317.006,0.0,152546,1,659,65900000,65900000,65900000,0,301521,1,659,65900000,65900000,65900000,0,292799,1,659,65900000,65900000,65900000,0,317006,1,659,65900000,65900000,65900000,0,0,1,659,65900000,65900000,65900000,0,1.0,0.537694,0.65,1.0,0.537694,0.65,1.0,0.537694,0.65,59,66200000,False,1.0,5000.0,300.0,500.0,600000000000.0,100000000000.0,,658
1,planned_restart,thermal_loop,665,controller_tick,66000000,66.0,2,60000000,6000000,660,66000000,RUNNING,,0,0,62,1,0,reconstructed_from_retained_wire,True,,,317.00911691242345,301.50974356160515,292.80438873401266,0.5365512821167018,0.6501152614471617,320000.00000000594,328933.48989694566,0.00015257949804779448,19476.526544300883,-1.9734216039068997e-08,0.000152579,301.51,292.804,317.009,0.0,152579,1,660,66000000,66000000,66000000,0,301510,1,660,66000000,66000000,66000000,0,292804,1,660,66000000,66000000,66000000,0,317009,1,660,66000000,66000000,66000000,0,0,1,660,66000000,66000000,66000000,0,1.0,0.537577,0.65,1.0,0.537577,0.65,1.0,0.537577,0.65,60,66300000,False,1.0,5000.0,300.0,500.0,600000000000.0,100000000000.0,,659
1,planned_restart,thermal_loop,666,controller_tick,66100000,66.1,2,60000000,6100000,661,66100000,RUNNING,,0,0,62,1,0,reconstructed_from_retained_wire,True,,,317.0125974537098,301.4990328764146,292.81012021569455,0.5366488920788374,0.6500943680914764,320500.00000000594,329416.3530319831,0.00015260631704328446,19483.728136338184,-2.058914105873555e-08,0.000152606,301.499,292.81,317.013,0.0,152606,1,661,66100000,66100000,66100000,0,301499,1,661,66100000,66100000,66100000,0,292810,1,661,66100000,66100000,66100000,0,317013,1,661,66100000,66100000,66100000,0,0,1,661,66100000,66100000,66100000,0,1.0,0.53747,0.65,1.0,0.53747,0.65,1.0,0.53747,0.65,61,66400000,False,1.0,5000.0,300.0,500.0,600000000000.0,100000000000.0,,660
1,planned_restart,thermal_loop,667,controller_tick,66200000,66.2,2,60000000,6200000,662,66200000,RUNNING,,0,0,62,1,0,reconstructed_from_retained_wire,True,,,317.0160357317723,301.48848673173643,292.81575305034926,0.5367270308286817,0.6500772620586345,321000.00000000594,329899.5002742971,0.000152627768799679,19489.49623870996,-2.1193045540712774e-08,0.000152628,301.488,292.816,317.016,0.0,152628,1,662,66200000,66200000,66200000,0,301488,1,662,66200000,66200000,66200000,0,292816,1,662,66200000,66200000,66200000,0,317016,1,662,66200000,66200000,66200000,0,0,1,662,66200000,66200000,66200000,0,1.0,0.537374,0.65,1.0,0.537374,0.65,1.0,0.537374,0.65,62,66500000,False,1.0,5000.0,300.0,500.0,600000000000.0,100000000000.0,,661
1,planned_restart,thermal_loop,668,controller_tick,66300000,66.3,2,60000000,6300000,663,66300000,RUNNING,,0,0,62,1,0,reconstructed_from_retained_wire,True,,,317.0194323653459,301.4781045714911,292.8212875081557,0.5367885980854719,0.6500632568234775,321500.00000000594,330382.92669731984,0.00015264464724238435,19494.04457075584,-2.0914740161970258e-08,0.000152645,301.478,292.821,317.019,0.0,152645,1,663,66300000,66300000,66300000,0,301478,1,663,66300000,66300000,66300000,0,292821,1,663,66300000,66300000,66300000,0,317019,1,663,66300000,66300000,66300000,0,0,1,663,66300000,66300000,66300000,0,1.0,0.537287,0.65,1.0,0.537287,0.65,1.0,0.537287,0.65,63,66600000,False,1.0,5000.0,300.0,500.0,600000000000.0,100000000000.0,,662
1,planned_restart,thermal_loop,669,controller_tick,66400000,66.4,2,60000000,6400000,664,66400000,RUNNING,,0,0,62,1,0,reconstructed_from_retained_wire,True,,,317.02278796915846,301.46788552464267,292.82672407094583,0.5368360272985113,0.6500517903067455,322000.00000000594,330866.6273934591,0.00015265761922893977,19497.552537105614,-2.0656443666666746e-08,0.000152658,301.468,292.827,317.023,0.0,152658,1,664,66400000,66400000,66400000,0,301468,1,664,66400000,66400000,66400000,0,292827,1,664,66400000,66400000,66400000,0,317023,1,664,66400000,66400000,66400000,0,0,1,664,66400000,66400000,66400000,0,1.0,0.537208,0.65,1.0,0.537208,0.65,1.0,0.537208,0.65,64,66700000,False,1.0,5000.0,300.0,500.0,600000000000.0,100000000000.0,,663
1,planned_restart,thermal_loop,670,controller_tick,66500000,66.5,2,60000000,6500000,665,66500000,RUNNING,,0,0,62,1,0,reconstructed_from_retained_wire,True,,,317.02610315308476,301.45782845889676,292.8320633963126,0.536871425181203,0.6500424023168624,322500.0000000059,331350.5974837329,0.0001526672632370146,19500.175411897642,-2.0174411474727094e-08,0.000152667,301.458,292.832,317.026,0.0,152667,1,665,66500000,66500000,66500000,0,301458,1,665,66500000,66500000,66500000,0,292832,1,665,66500000,66500000,66500000,0,317026,1,665,66500000,66500000,66500000,0,0,1,665,66500000,66500000,66500000,0,1.0,0.537137,0.65,1.0,0.537137,0.65,1.0,0.537137,0.65,65,66800000,False,1.0,5000.0,300.0,500.0,600000000000.0,100000000000.0,,664
1,planned_restart,thermal_loop,671,controller_tick,66600000,66.6,2,60000000,6600000,666,66600000,RUNNING,,0,0,62,1,0,reconstructed_from_retained_wire,True,,,317.02937852143697,301.44793201727157,292.8373062931464,0.5368966979666628,0.6500347160808321,323000.0000000059,331834.8321259014,0.0001526741044524707,19502.053560605025,-2.0243533072061837e-08,0.000152674,301.448,292.837,317.029,0.0,152674,1,666,66600000,66600000,66600000,0,301448,1,666,66600000,66600000,66600000,0,292837,1,666,66600000,66600000,66600000,0,317029,1,666,66600000,66600000,66600000,0,0,1,666,66600000,66600000,66600000,0,1.0,0.537069,0.65,1.0,0.537069,0.65,1.0,0.537069,0.65,66,66900000,False,1.0,5000.0,300.0,500.0,600000000000.0,100000000000.0,,665
1,planned_restart,thermal_loop,672,controller_tick,66700000,66.7,2,60000000,6700000,667,66700000,RUNNING,,0,0,62,1,0,reconstructed_from_retained_wire,True,,,317.0326146723796,301.4381946747691,292.842453683781,0.5369130946730318,0.6500284231230159,323500.0000000059,332319.32652123773,0.00015267848422149786,19503.279305467535,-2.0432707970030606e-08,0.000152678,301.438,292.842,317.033,0.0,152678,1,667,66700000,66700000,66700000,0,301438,1,667,66700000,66700000,66700000,0,292842,1,667,66700000,66700000,66700000,0,317033,1,667,66700000,66700000,66700000,0,0,1,667,66700000,66700000,66700000,0,1.0,0.537007,0.65,1.0,0.537007,0.65,1.0,0.537007,0.65,67,67000000,False,1.0,5000.0,300.0,500.0,600000000000.0,100000000000.0,,666
1,planned_restart,thermal_loop,673,controller_tick,66800000,66.8,2,60000000,6800000,668,66800000,RUNNING,,0,0,62,1,0,reconstructed_from_retained_wire,True,,,317.0358121975176,301.4286147701614,292.8475065827437,0.5369220309464058,0.6500232708849218,324000.0000000059,332804.07591938676,0.0001526807937728904,19503.956816713362,-1.9870640244334936e-08,0.000152681,301.429,292.848,317.036,0.0,152681,1,668,66800000,66800000,66800000,0,301429,1,668,66800000,66800000,66800000,0,292848,1,668,66800000,66800000,66800000,0,317036,1,668,66800000,66800000,66800000,0,0,1,668,66800000,66800000,66800000,0,1.0,0.536948,0.65,1.0,0.536948,0.65,1.0,0.536948,0.65,68,67100000,False,1.0,5000.0,300.0,500.0,600000000000.0,100000000000.0,,667
1,planned_restart,thermal_loop,674,controller_tick,66900000,66.9,2,60000000,6900000,669,66900000,RUNNING,,0,0,62,1,0,reconstructed_from_retained_wire,True,,,317.0389716815176,301.4191905244815,292.8524660843709,0.5369245022285968,0.6500190525891452,324500.0000000059,333289.0756228637,0.00015268130689323196,19504.15951949253,-2.143679012078792e-08,0.000152681,301.419,292.852,317.039,0.0,152681,1,669,66900000,66900000,66900000,0,301419,1,669,66900000,66900000,66900000,0,292852,1,669,66900000,66900000,66900000,0,317039,1,669,66900000,66900000,66900000,0,0,1,669,66900000,66900000,66900000,0,1.0,0.536894,0.65,1.0,0.536894,0.65,1.0,0.536894,0.65,69,67200000,False,1.0,5000.0,300.0,500.0,600000000000.0,100000000000.0,,668
1,planned_restart,thermal_loop,675,controller_tick,67000000,67.0,2,60000000,7000000,670,67000000,RUNNING,,0,0,62,1,0,reconstructed_from_retained_wire,True,,,317.04209370182394,301.4099200622302,292.8573333486218,0.5369215995577681,0.6500155989406657,325000.0000000059,333774.32099051436,0.00015268032623193167,19503.967599851596,-2.204615157097578e-08,0.00015268,301.41,292.857,317.042,0.0,152680,1,670,67000000,67000000,67000000,0,301410,1,670,67000000,67000000,67000000,0,292857,1,670,67000000,67000000,67000000,0,317042,1,670,67000000,67000000,67000000,0,0,1,670,67000000,67000000,67000000,0,1.0,0.536843,0.65,1.0,0.536843,0.65,1.0,0.536843,0.65,70,67300000,False,1.0,5000.0,300.0,500.0,600000000000.0,100000000000.0,,669
1,planned_restart,thermal_loop,676,controller_tick,67100000,67.1,2,60000000,7100000,671,67100000,RUNNING,,0,0,62,1,0,reconstructed_from_retained_wire,True,,,317.0451788284005,301.4008014256338,292.86210959152504,0.5369141198209101,0.6500127713324441,325500.0000000059,334259.807440688,0.00015267807216821428,19503.439717905276,-2.224442141596228e-08,0.000152678,301.401,292.862,317.045,0.0,152678,1,671,67100000,67100000,67100000,0,301401,1,671,67100000,67100000,67100000,0,292862,1,671,67100000,67100000,67100000,0,317045,1,671,67100000,67100000,67100000,0,0,1,671,67100000,67100000,67100000,0,1.0,0.536793,0.65,1.0,0.536793,0.65,1.0,0.536793,0.65,71,67400000,False,1.0,5000.0,300.0,500.0,600000000000.0,100000000000.0,,670
1,planned_restart,thermal_loop,677,controller_tick,67200000,67.2,2,60000000,7200000,672,67200000,RUNNING,,0,0,62,1,0,reconstructed_from_retained_wire,True,,,317.0482276235605,301.3918326099385,292.86679606160953,0.5369025937460259,0.6500104562826343,326000.0000000059,334745.53045344056,0.0001526746905226861,19502.615066641825,-2.298111212439835e-08,0.000152675,301.392,292.867,317.048,0.0,152675,1,672,67200000,67200000,67200000,0,301392,1,672,67200000,67200000,67200000,0,292867,1,672,67200000,67200000,67200000,0,317048,1,672,67200000,67200000,67200000,0,0,1,672,67200000,67200000,67200000,0,1.0,0.536746,0.65,1.0,0.536746,0.65,1.0,0.536746,0.65,72,67500000,False,1.0,5000.0,300.0,500.0,600000000000.0,100000000000.0,,671
1,planned_restart,thermal_loop,678,controller_tick,67300000,67.3,2,60000000,7300000,673,67300000,RUNNING,,0,0,62,1,0,reconstructed_from_retained_wire,True,,,317.0512406418733,301.3830115714306,292.8713940345243,0.5368876918808355,0.6500085608801593,326500.0000000059,335231.4855718872,0.0001526703677985443,19501.54288781598,-2.3050233721733093e-08,0.00015267,301.383,292.871,317.051,0.0,152670,1,673,67300000,67300000,67300000,0,301383,1,673,67300000,67300000,67300000,0,292871,1,673,67300000,67300000,67300000,0,317051,1,673,67300000,67300000,67300000,0,0,1,673,67300000,67300000,67300000,0,1.0,0.536702,0.65,1.0,0.536702,0.65,1.0,0.536702,0.65,73,67600000,False,1.0,5000.0,300.0,500.0,600000000000.0,100000000000.0,,672
1,planned_restart,thermal_loop,679,controller_tick,67400000,67.4,2,60000000,7400000,674,67400000,RUNNING,,0,0,62,1,0,reconstructed_from_retained_wire,True,,,317.05421843005917,301.3743362238917,292.8759048153671,0.5368700209620065,0.6500070090558628,327000.0000000059,335717.66840368626,0.00015266527310960371,19500.26769532258,-2.1584128262475133e-08,0.000152665,301.374,292.876,317.054,0.0,152665,1,674,67400000,67400000,67400000,0,301374,1,674,67400000,67400000,67400000,0,292876,1,674,67400000,67400000,67400000,0,317054,1,674,67400000,67400000,67400000,0,0,1,674,67400000,67400000,67400000,0,1.0,0.536659,0.65,1.0,0.536659,0.65,1.0,0.536659,0.65,74,67700000,False,1.0,5000.0,300.0,500.0,600000000000.0,100000000000.0,,673
1,planned_restart,thermal_loop,680,controller_tick,67500000,67.5,2,60000000,7500000,675,67500000,RUNNING,,0,0,62,1,0,reconstructed_from_retained_wire,True,,,317.05716152690974,301.365804458394,292.8803297254549,0.5368499396624147,0.6500057385295875,327500.0000000059,336204.07462224097,0.00015265950564908765,19498.8159055443,-2.1254891180433333e-08,0.00015266,301.366,292.88,317.057,0.0,152660,1,675,67500000,67500000,67500000,0,301366,1,675,67500000,67500000,67500000,0,292880,1,675,67500000,67500000,67500000,0,317057,1,675,67500000,67500000,67500000,0,0,1,675,67500000,67500000,67500000,0,1.0,0.536616,0.65,1.0,0.536616,0.65,1.0,0.536616,0.65,75,67800000,False,1.0,5000.0,300.0,500.0,600000000000.0,100000000000.0,,674
1,planned_restart,thermal_loop,681,controller_tick,67600000,67.6,2,60000000,7600000,676,67600000,RUNNING,,0,0,62,1,0,reconstructed_from_retained_wire,True,,,317.0600704632818,301.35741416623324,292.8846700870096,0.5368276773601169,0.6500046983106528,328000.0000000059,336690.69996708684,0.00015265312835095496,19497.204479852528,-2.2062522475607693e-08,0.000152653,301.357,292.885,317.06,0.0,152653,1,676,67600000,67600000,67600000,0,301357,1,676,67600000,67600000,67600000,0,292885,1,676,67600000,67600000,67600000,0,317060,1,676,67600000,67600000,67600000,0,0,1,676,67600000,67600000,67600000,0,1.0,0.536577,0.65,1.0,0.536577,0.65,1.0,0.536577,0.65,76,67900000,False,1.0,5000.0,300.0,500.0,600000000000.0,100000000000.0,,675
1,planned_restart,thermal_loop,682,controller_tick,67700000,67.7,2,60000000,7700000,677,67700000,RUNNING,,0,0,62,1,0,reconstructed_from_retained_wire,True,,,317.06294576211525,301.3491632246986,292.8889272326214,0.5368038222552897,0.6500038466514206,328500.0000000059,337177.5402440104,0.00015264630659971693,19495.476391374945,-2.1796950022689998e-08,0.000152646,301.349,292.889,317.063,0.0,152646,1,677,67700000,67700000,67700000,0,301349,1,677,67700000,67700000,67700000,0,292889,1,677,67700000,67700000,67700000,0,317063,1,677,67700000,67700000,67700000,0,0,1,677,67700000,67700000,67700000,0,1.0,0.536538,0.65,1.0,0.536538,0.65,1.0,0.536538,0.65,77,68000000,False,1.0,5000.0,300.0,500.0,600000000000.0,100000000000.0,,676
1,planned_restart,thermal_loop,683,controller_tick,67800000,67.8,2,60000000,7800000,678,67800000,RUNNING,,0,0,62,1,0,reconstructed_from_retained_wire,True,,,317.06578793839924,301.3410495029876,292.89310250127687,0.5367785259231344,0.6500031493718158,329000.0000000059,337664.59132573445,0.0001526390819606492,19493.642852505393,-2.273554855491966e-08,0.000152639,301.341,292.893,317.066,0.0,152639,1,678,67800000,67800000,67800000,0,301341,1,678,67800000,67800000,67800000,0,292893,1,678,67800000,67800000,67800000,0,317066,1,678,67800000,67800000,67800000,0,0,1,678,67800000,67800000,67800000,0,1.0,0.536499,0.65,1.0,0.536499,0.65,1.0,0.536499,0.65,78,68100000,False,1.0,5000.0,300.0,500.0,600000000000.0,100000000000.0,,677
1,planned_restart,thermal_loop,684,controller_tick,67900000,67.9,2,60000000,7900000,679,67900000,RUNNING,,0,0,62,1,0,reconstructed_from_retained_wire,True,,,317.06859749922523,301.3330708888331,292.8971972205875,0.5367519255145646,0.6500025784875596,329500.0000000058,338151.84915165085,0.0001526314921758608,19491.713992827332,-2.256820152979344e-08,0.000152631,301.333,292.897,317.069,0.0,152631,1,679,67900000,67900000,67900000,0,301333,1,679,67900000,67900000,67900000,0,292897,1,679,67900000,67900000,67900000,0,317069,1,679,67900000,67900000,67900000,0,0,1,679,67900000,67900000,67900000,0,1.0,0.536462,0.65,1.0,0.536462,0.65,1.0,0.536462,0.65,79,68200000,False,1.0,5000.0,300.0,500.0,600000000000.0,100000000000.0,,678
1,planned_restart,thermal_loop,685,controller_tick,68000000,68.0,2,60000000,8000000,680,68000000,RUNNING,,0,0,62,1,0,reconstructed_from_retained_wire,True,,,317.07137494385603,301.32522527829553,292.90121271357623,0.5367243354540231,0.6500021110870623,330000.0000000058,338639.30972735805,0.00015262362562525983,19489.71278725648,-2.270098775625229e-08,0.000152624,301.325,292.901,317.071,0.0,152624,1,680,68000000,68000000,68000000,0,301325,1,680,68000000,68000000,68000000,0,292901,1,680,68000000,68000000,68000000,0,317071,1,680,68000000,68000000,68000000,0,0,1,680,68000000,68000000,68000000,0,1.0,0.536424,0.65,1.0,0.536424,0.65,1.0,0.536424,0.65,80,68300000,False,1.0,5000.0,300.0,500.0,600000000000.0,100000000000.0,,679
1,planned_restart,thermal_loop,686,controller_tick,68100000,68.1,2,60000000,8100000,681,68100000,RUNNING,,0,0,62,1,0,reconstructed_from_retained_wire,True,,,317.07412076377267,301.31751058444854,292.90515029286667,0.5366957547567647,0.6500017284119012,330500.00000000576,339126.96912445,0.00015261548118531492,19487.639278423245,-2.3070242605172098e-08,0.000152615,301.318,292.905,317.074,0.0,152615,1,681,68100000,68100000,68100000,0,301318,1,681,68100000,68100000,68100000,0,292905,1,681,68100000,68100000,68100000,0,317074,1,681,68100000,68100000,68100000,0,0,1,681,68100000,68100000,68100000,0,1.0,0.53639,0.65,1.0,0.53639,0.65,1.0,0.53639,0.65,81,68400000,False,1.0,5000.0,300.0,500.0,600000000000.0,100000000000.0,,680
1,planned_restart,thermal_loop,687,controller_tick,68200000,68.2,2,60000000,8200000,682,68200000,RUNNING,,0,0,62,1,0,reconstructed_from_retained_wire,True,,,317.07683544275625,301.3099247267131,292.9090112677766,0.5366666583446649,0.650001415103978,331000.00000000576,339614.823479911,0.0001526071932148033,19485.528049522803,-2.407068677712232e-08,0.000152607,301.31,292.909,317.077,0.0,152607,1,682,68200000,68200000,68200000,0,301310,1,682,68200000,68200000,68200000,0,292909,1,682,68200000,68200000,68200000,0,317077,1,682,68200000,68200000,68200000,0,0,1,682,68200000,68200000,68200000,0,1.0,0.536353,0.65,1.0,0.536353,0.65,1.0,0.536353,0.65,82,68500000,False,1.0,5000.0,300.0,500.0,600000000000.0,100000000000.0,,681
1,planned_restart,thermal_loop,688,controller_tick,68300000,68.3,2,60000000,8300000,683,68300000,RUNNING,,0,0,62,1,0,reconstructed_from_retained_wire,True,,,317.0795194569177,301.3024656461242,292.9127969341188,0.5366368098067339,0.6500011585891461,331500.00000000576,340102.86899608903,0.0001525986939221806,19483.362009252724,-2.4036125978454947e-08,0.000152599,301.302,292.913,317.08,0.0,152599,1,683,68300000,68300000,68300000,0,301302,1,683,68300000,68300000,68300000,0,292913,1,683,68300000,68300000,68300000,0,317080,1,683,68300000,68300000,68300000,0,0,1,683,68300000,68300000,68300000,0,1.0,0.536317,0.65,1.0,0.536317,0.65,1.0,0.536317,0.65,83,68600000,False,1.0,5000.0,300.0,500.0,600000000000.0,100000000000.0,,682
1,planned_restart,thermal_loop,689,controller_tick,68400000,68.4,2,60000000,8400000,684,68400000,RUNNING,,0,0,62,1,0,reconstructed_from_retained_wire,True,,,317.0821732748434,301.2951313219479,292.9165085631119,0.5366063758797894,0.6500009485725645,332000.00000000576,340591.101939372,0.0001525900302580229,19481.153329826448,-2.3765096557326615e-08,0.00015259,301.295,292.917,317.082,0.0,152590,1,684,68400000,68400000,68400000,0,301295,1,684,68400000,68400000,68400000,0,292917,1,684,68400000,68400000,68400000,0,317082,1,684,68400000,68400000,68400000,0,0,1,684,68400000,68400000,68400000,0,1.0,0.536284,0.65,1.0,0.536284,0.65,1.0,0.536284,0.65,84,68700000,False,1.0,5000.0,300.0,500.0,600000000000.0,100000000000.0,,683
1,planned_restart,thermal_loop,690,controller_tick,68500000,68.5,2,60000000,8500000,685,68500000,RUNNING,,0,0,62,1,0,reconstructed_from_retained_wire,True,,,317.08479735767384,301.287919737145,292.92014742438846,0.5365756977587075,0.6500007766255305,332500.0000000057,341079.5186396118,0.00015258129886591823,19478.926837080122,-2.3950633476488292e-08,0.000152581,301.288,292.92,317.085,0.0,152581,1,685,68500000,68500000,68500000,0,301288,1,685,68500000,68500000,68500000,0,292920,1,685,68500000,68500000,68500000,0,317085,1,685,68500000,68500000,68500000,0,0,1,685,68500000,68500000,68500000,0,1.0,0.53625,0.65,1.0,0.53625,0.65,1.0,0.53625,0.65,85,68800000,False,1.0,5000.0,300.0,500.0,600000000000.0,100000000000.0,,684
1,planned_restart,thermal_loop,691,controller_tick,68600000,68.6,2,60000000,8600000,686,68600000,RUNNING,,0,0,62,1,0,reconstructed_from_retained_wire,True,,,317.08739215914153,301.28082889315607,292.9237147761181,0.5365447035190508,0.6500006358472057,333000.00000000565,341568.1154899912,0.00015257247898305896,19476.677350220227,-2.498745743650943e-08,0.000152572,301.281,292.924,317.087,0.0,152572,1,686,68600000,68600000,68600000,0,301281,1,686,68600000,68600000,68600000,0,292924,1,686,68600000,68600000,68600000,0,317087,1,686,68600000,68600000,68600000,0,0,1,686,68600000,68600000,68600000,0,1.0,0.536217,0.65,1.0,0.536217,0.65,1.0,0.536217,0.65,86,68900000,False,1.0,5000.0,300.0,500.0,600000000000.0,100000000000.0,,685
1,planned_restart,thermal_loop,692,controller_tick,68700000,68.7,2,60000000,8700000,687,68700000,RUNNING,,0,0,62,1,0,reconstructed_from_retained_wire,True,,,317.08995812568446,301.2738568216644,292.92721185715317,0.5365135184060611,0.6500005205876617,333500.00000000565,342056.8889460521,0.00015256360597029698,19474.413996581075,-2.539127308409661e-08,0.000152564,301.274,292.927,317.09,0.0,152564,1,687,68700000,68700000,68700000,0,301274,1,687,68700000,68700000,68700000,0,292927,1,687,68700000,68700000,68700000,0,317090,1,687,68700000,68700000,68700000,0,0,1,687,68700000,68700000,68700000,0,1.0,0.536181,0.65,1.0,0.536181,0.65,1.0,0.536181,0.65,87,69000000,False,1.0,5000.0,300.0,500.0,600000000000.0,100000000000.0,,686
1,planned_restart,thermal_loop,693,controller_tick,68800000,68.8,2,60000000,8800000,688,68800000,RUNNING,,0,0,62,1,0,reconstructed_from_retained_wire,True,,,317.09249569655844,301.2670015962396,292.9306398792532,0.5364818750959915,0.6500004262211285,334000.00000000565,342545.83552472905,0.00015255460360316845,19472.117398443166,-2.5895133148878813e-08,0.000152555,301.267,292.931,317.092,0.0,152555,1,688,68800000,68800000,68800000,0,301267,1,688,68800000,68800000,68800000,0,292931,1,688,68800000,68800000,68800000,0,317092,1,688,68800000,68800000,68800000,0,0,1,688,68800000,68800000,68800000,0,1.0,0.536148,0.65,1.0,0.536148,0.65,1.0,0.536148,0.65,88,69100000,False,1.0,5000.0,300.0,500.0,600000000000.0,100000000000.0,,687
1,planned_restart,thermal_loop,694,controller_tick,68900000,68.9,2,60000000,8900000,689,68900000,RUNNING,,0,0,62,1,0,reconstructed_from_retained_wire,True,,,317.09500530399276,301.2602613184894,292.9340000363087,0.5364501026798053,0.6500003489603458,334500.00000000565,343034.95180290006,0.00015254556529209427,19469.811470403525,-2.6986526791006327e-08,0.000152546,301.26,292.934,317.095,0.0,152546,1,689,68900000,68900000,68900000,0,301260,1,689,68900000,68900000,68900000,0,292934,1,689,68900000,68900000,68900000,0,317095,1,689,68900000,68900000,68900000,0,0,1,689,68900000,68900000,68900000,0,1.0,0.536115,0.65,1.0,0.536115,0.65,1.0,0.536115,0.65,89,69200000,False,1.0,5000.0,300.0,500.0,600000000000.0,100000000000.0,,688
1,planned_restart,thermal_loop,695,controller_tick,69000000,69.0,2,60000000,9000000,690,69000000,RUNNING,,0,0,62,1,0,reconstructed_from_retained_wire,True,,,317.0974873732442,301.2536341022145,292.9372935148881,0.5364182134435739,0.6500002857045668,335000.00000000565,343524.2344170586,0.0001525364943913582,19467.497122917615,-2.70647433353588e-08,0.000152536,301.254,292.937,317.097,0.0,152536,1,690,69000000,69000000,69000000,0,301254,1,690,69000000,69000000,69000000,0,292937,1,690,69000000,69000000,69000000,0,317097,1,690,69000000,69000000,69000000,0,0,1,690,69000000,69000000,69000000,0,1.0,0.536085,0.65,1.0,0.536085,0.65,1.0,0.536085,0.65,90,69300000,False,1.0,5000.0,300.0,500.0,600000000000.0,100000000000.0,,689
1,planned_restart,thermal_loop,696,controller_tick,69100000,69.1,2,60000000,9100000,691,69100000,RUNNING,,0,0,62,1,0,reconstructed_from_retained_wire,True,,,317.09994232267394,301.2471180745007,292.94052149349403,0.5363865039919402,0.6500002339151152,335500.00000000565,344013.68006273103,0.00015252747512966994,19465.195898696737,-2.6073394110426307e-08,0.000152527,301.247,292.941,317.1,0.0,152527,1,691,69100000,69100000,69100000,0,301247,1,691,69100000,69100000,69100000,0,292941,1,691,69100000,69100000,69100000,0,317100,1,691,69100000,69100000,69100000,0,0,1,691,69100000,69100000,69100000,0,1.0,0.536052,0.65,1.0,0.536052,0.65,1.0,0.536052,0.65,91,69400000,False,1.0,5000.0,300.0,500.0,600000000000.0,100000000000.0,,690
1,planned_restart,thermal_loop,697,controller_tick,69200000,69.2,2,60000000,9200000,692,69200000,RUNNING,,0,0,62,1,0,reconstructed_from_retained_wire,True,,,317.10237056381084,301.2407113949832,292.9436851297051,0.5363546717283918,0.6500001915134984,336000.00000000565,344503.285494041,0.00015251842136690887,19462.885845985504,-2.6710040401667356e-08,0.000152518,301.241,292.944,317.102,0.0,152518,1,692,69200000,69200000,69200000,0,301241,1,692,69200000,69200000,69200000,0,292944,1,692,69200000,69200000,69200000,0,317102,1,692,69200000,69200000,69200000,0,0,1,692,69200000,69200000,69200000,0,1.0,0.53602,0.65,1.0,0.53602,0.65,1.0,0.53602,0.65,92,69500000,False,1.0,5000.0,300.0,500.0,600000000000.0,100000000000.0,,691
1,planned_restart,thermal_loop,698,controller_tick,69300000,69.3,2,60000000,9300000,693,69300000,RUNNING,,0,0,62,1,0,reconstructed_from_retained_wire,True,,,317.10477250151337,301.23441226524784,292.9467855539019,0.5363228235026096,0.6500001567979907,336500.00000000565,344993.04752217466,0.00015250936341048093,19460.57472983308,-2.7101123123429716e-08,0.000152509,301.234,292.947,317.105,0.0,152509,1,693,69300000,69300000,69300000,0,301234,1,693,69300000,69300000,69300000,0,292947,1,693,69300000,69300000,69300000,0,317105,1,693,69300000,69300000,69300000,0,0,1,693,69300000,69300000,69300000,0,1.0,0.535987,0.65,1.0,0.535987,0.65,1.0,0.535987,0.65,93,69600000,False,1.0,5000.0,300.0,500.0,600000000000.0,100000000000.0,,692
1,planned_restart,thermal_loop,699,controller_tick,69400000,69.4,2,60000000,9400000,694,69400000,RUNNING,,0,0,62,1,0,reconstructed_from_retained_wire,True,,,317.10714853407865,301.22821891655275,292.94982387744153,0.536290865671019,0.650000128375337,337000.00000000565,345482.96301442606,0.00015250027456917192,19458.25576274797,-2.7124769985675812e-08,0.0001525,301.228,292.95,317.107,0.0,152500,1,694,69400000,69400000,69400000,0,301228,1,694,69400000,69400000,69400000,0,292950,1,694,69400000,69400000,69400000,0,317107,1,694,69400000,69400000,69400000,0,0,1,694,69400000,69400000,69400000,0,1.0,0.535955,0.65,1.0,0.535955,0.65,1.0,0.535955,0.65,94,69700000,False,1.0,5000.0,300.0,500.0,600000000000.0,100000000000.0,,693
1,planned_restart,thermal_loop,700,controller_tick,69500000,69.5,2,60000000,9500000,695,69500000,RUNNING,,0,0,62,1,0,reconstructed_from_retained_wire,True,,,317.10949905336173,301.22212960894984,292.9528011932331,0.5362589038265737,0.6500001051048364,337500.0000000056,345973.0288931293,0.00015249118481824585,19455.93661441888,-2.7172063710168004e-08,0.000152491,301.222,292.953,317.109,0.0,152491,1,695,69500000,69500000,69500000,0,301222,1,695,69500000,69500000,69500000,0,292953,1,695,69500000,69500000,69500000,0,317109,1,695,69500000,69500000,69500000,0,0,1,695,69500000,69500000,69500000,0,1.0,0.535924,0.65,1.0,0.535924,0.65,1.0,0.535924,0.65,95,69800000,False,1.0,5000.0,300.0,500.0,600000000000.0,100000000000.0,,694
1,planned_restart,thermal_loop,701,controller_tick,69600000,69.6,2,60000000,9600000,696,69600000,RUNNING,,0,0,62,1,0,reconstructed_from_retained_wire,True,,,317.11182444485775,301.2161426200061,292.9557185832446,0.5362270335137292,0.6500000860525619,338000.0000000056,346463.24213499314,0.00015248212128485955,19453.624222481165,-2.81834218185395e-08,0.000152482,301.216,292.956,317.112,0.0,152482,1,696,69600000,69600000,69600000,0,301216,1,696,69600000,69600000,69600000,0,292956,1,696,69600000,69600000,69600000,0,317112,1,696,69600000,69600000,69600000,0,0,1,696,69600000,69600000,69600000,0,1.0,0.535892,0.65,1.0,0.535892,0.65,1.0,0.535892,0.65,96,69900000,False,1.0,5000.0,300.0,500.0,600000000000.0,100000000000.0,,695
1,planned_restart,thermal_loop,702,controller_tick,69700000,69.7,2,60000000,9700000,697,69700000,RUNNING,,0,0,62,1,0,reconstructed_from_retained_wire,True,,,317.1141250877863,301.21025625695194,292.95857711039207,0.5361951508595202,0.6500000704538789,338500.0000000056,346953.599770412,0.00015247305439721788,19451.311053639576,-2.753404260147363e-08,0.000152473,301.21,292.959,317.114,0.0,152473,1,697,69700000,69700000,69700000,0,301210,1,697,69700000,69700000,69700000,0,292959,1,697,69700000,69700000,69700000,0,317114,1,697,69700000,69700000,69700000,0,0,1,697,69700000,69700000,69700000,0,1.0,0.535861,0.65,1.0,0.535861,0.65,1.0,0.535861,0.65,97,70000000,False,1.0,5000.0,300.0,500.0,600000000000.0,100000000000.0,,696
1,planned_restart,thermal_loop,703,controller_tick,69800000,69.8,2,60000000,9800000,698,69800000,RUNNING,,0,0,62,1,0,reconstructed_from_retained_wire,True,,,317.11640135520923,301.20446885568083,292.9613778191966,0.5361633522009647,0.6500000576827574,339000.0000000056,347444.09888239973,0.00015246401152169204,19449.004100622908,-2.785054675769061e-08,0.000152464,301.204,292.961,317.116,0.0,152464,1,698,69800000,69800000,69800000,0,301204,1,698,69800000,69800000,69800000,0,292961,1,698,69800000,69800000,69800000,0,317116,1,698,69800000,69800000,69800000,0,0,1,698,69800000,69800000,69800000,0,1.0,0.535829,0.65,1.0,0.535829,0.65,1.0,0.535829,0.65,98,70100000,False,1.0,5000.0,300.0,500.0,600000000000.0,100000000000.0,,697
1,planned_restart,thermal_loop,704,controller_tick,69900000,69.9,2,60000000,9900000,699,69900000,RUNNING,,0,0,62,1,0,reconstructed_from_retained_wire,True,,,317.11865361412316,301.19877878066586,292.9641217358302,0.5361315343822375,0.6500000472266474,339500.0000000056,347934.73660580115,0.00015245496330174542,19446.695881770618,-2.741580829024315e-08,0.000152455,301.199,292.964,317.119,0.0,152455,1,699,69900000,69900000,69900000,0,301199,1,699,69900000,69900000,69900000,0,292964,1,699,69900000,69900000,69900000,0,317119,1,699,69900000,69900000,69900000,0,0,1,699,69900000,69900000,69900000,0,1.0,0.535798,0.65,1.0,0.535798,0.65,1.0,0.535798,0.65,99,70200000,False,1.0,5000.0,300.0,500.0,600000000000.0,100000000000.0,,698
1,planned_restart,thermal_loop,705,controller_tick,70000000,70.0,2,60000000,10000000,700,70000000,RUNNING,,0,0,62,1,0,reconstructed_from_retained_wire,True,,,317.1208822255735,301.1931844239884,292.96680986875367,0.5360997943892519,0.6500000386659086,340000.00000000553,348425.51012626034,0.00015244593729754602,19444.393435008882,-2.8081558411940932e-08,0.000152446,301.193,292.967,317.121,0.0,152446,1,700,70000000,70000000,70000000,0,301193,1,700,70000000,70000000,70000000,0,292967,1,700,70000000,70000000,70000000,0,317121,1,700,70000000,70000000,70000000,0,0,1,700,70000000,70000000,70000000,0,1.0,0.535767,0.65,1.0,0.535767,0.65,1.0,0.535767,0.65,100,70300000,False,1.0,5000.0,300.0,500.0,600000000000.0,100000000000.0,,699
1,planned_restart,thermal_loop,706,controller_tick,70100000,70.1,2,60000000,10100000,701,70100000,RUNNING,,0,0,62,1,0,reconstructed_from_retained_wire,True,,,317.1230875447375,301.1876841996568,292.96944321249396,0.5360681248159095,0.6500000316569685,340500.00000000553,348916.4166795293,0.00015243693138765135,19442.09622401114,-2.8097929316572845e-08,0.000152437,301.188,292.969,317.123,0.0,152437,1,701,70100000,70100000,70100000,0,301188,1,701,70100000,70100000,70100000,0,292969,1,701,70100000,70100000,70100000,0,317123,1,701,70100000,70100000,70100000,0,0,1,701,70100000,70100000,70100000,0,1.0,0.535736,0.65,1.0,0.535736,0.65,1.0,0.535736,0.65,101,70400000,False,1.0,5000.0,300.0,500.0,600000000000.0,100000000000.0,,700
1,planned_restart,thermal_loop,707,controller_tick,70200000,70.2,2,60000000,10200000,702,70200000,RUNNING,,0,0,62,1,0,reconstructed_from_retained_wire,True,,,317.1252699210189,301.1822765491389,292.9720227439454,0.5360365189608951,0.6500000259185338,341000.00000000553,349407.453550644,0.00015242794365383065,19439.80376335726,-2.7677742764353752e-08,0.000152428,301.182,292.972,317.125,0.0,152428,1,702,70200000,70200000,70200000,0,301182,1,702,70200000,70200000,70200000,0,292972,1,702,70200000,70200000,70200000,0,317125,1,702,70200000,70200000,70200000,0,0,1,702,70200000,70200000,70200000,0,1.0,0.535706,0.65,1.0,0.535706,0.65,1.0,0.535706,0.65,102,70500000,False,1.0,5000.0,300.0,500.0,600000000000.0,100000000000.0,,701
1,planned_restart,thermal_loop,708,controller_tick,70300000,70.3,2,60000000,10300000,703,70300000,RUNNING,,0,0,62,1,0,reconstructed_from_retained_wire,True,,,317.12742969814116,301.176959935203,292.97454942646624,0.5360050659231901,0.6500000212203006,341500.00000000553,349898.6180731145,0.00015241899942202396,19437.522515607958,-2.752130967564881e-08,0.000152419,301.177,292.975,317.127,0.0,152419,1,703,70300000,70300000,70300000,0,301177,1,703,70300000,70300000,70300000,0,292975,1,703,70300000,70300000,70300000,0,317127,1,703,70300000,70300000,70300000,0,0,1,703,70300000,70300000,70300000,0,1.0,0.535676,0.65,1.0,0.535676,0.65,1.0,0.535676,0.65,103,70600000,False,1.0,5000.0,300.0,500.0,600000000000.0,100000000000.0,,702
1,planned_restart,thermal_loop,709,controller_tick,70400000,70.4,2,60000000,10400000,704,70400000,RUNNING,,0,0,62,1,0,reconstructed_from_retained_wire,True,,,317.1295672142226,301.1717328422459,292.9770242096492,0.5359737511603048,0.6500000173737127,342000.00000000553,350389.9076283075,0.0001524100945484426,19435.251425178743,-2.7179339667782187e-08,0.00015241,301.172,292.977,317.13,0.0,152410,1,704,70400000,70400000,70400000,0,301172,1,704,70400000,70400000,70400000,0,292977,1,704,70400000,70400000,70400000,0,317130,1,704,70400000,70400000,70400000,0,0,1,704,70400000,70400000,70400000,0,1.0,0.535645,0.65,1.0,0.535645,0.65,1.0,0.535645,0.65,104,70700000,False,1.0,5000.0,300.0,500.0,600000000000.0,100000000000.0,,703
1,planned_restart,thermal_loop,710,controller_tick,70500000,70.5,2,60000000,10500000,705,70500000,RUNNING,,0,0,62,1,0,reconstructed_from_retained_wire,True,,,317.1316828018751,301.16659378732936,292.97944802195497,0.5359424663510683,0.6500000142243929,342500.0000000055,350881.3196445699,0.0001524011982238232,19432.98263582378,-2.7486748876981437e-08,0.000152401,301.167,292.979,317.132,0.0,152401,1,705,70500000,70500000,70500000,0,301167,1,705,70500000,70500000,70500000,0,292979,1,705,70500000,70500000,70500000,0,317132,1,705,70500000,70500000,70500000,0,0,1,705,70500000,70500000,70500000,0,1.0,0.535615,0.65,1.0,0.535615,0.65,1.0,0.535615,0.65,105,70800000,False,1.0,5000.0,300.0,500.0,600000000000.0,100000000000.0,,704
1,planned_restart,thermal_loop,711,controller_tick,70600000,70.6,2,60000000,10600000,706,70600000,RUNNING,,0,0,62,1,0,reconstructed_from_retained_wire,True,,,317.1337767883165,301.16154131311237,292.9818217754172,0.5359113038075963,0.6500000116459479,343000.0000000055,351372.8515961945,0.0001523923366924652,19430.72284183991,-2.7022906579077244e-08,0.000152392,301.162,292.982,317.134,0.0,152392,1,706,70600000,70600000,70600000,0,301162,1,706,70600000,70600000,70600000,0,292982,1,706,70600000,70600000,70600000,0,317134,1,706,70600000,70600000,70600000,0,0,1,706,70600000,70600000,70600000,0,1.0,0.535585,0.65,1.0,0.535585,0.65,1.0,0.535585,0.65,106,70900000,False,1.0,5000.0,300.0,500.0,600000000000.0,100000000000.0,,705
1,planned_restart,thermal_loop,712,controller_tick,70700000,70.7,2,60000000,10700000,707,70700000,RUNNING,,0,0,62,1,0,reconstructed_from_retained_wire,True,,,317.1358494954457,301.1565739821781,292.98414636941396,0.5358802518947627,0.6500000095348957,343500.0000000055,351864.50100279244,0.00015238350664114356,19428.47119857886,-2.777960617095232e-08,0.000152384,301.157,292.984,317.136,0.0,152384,1,707,70700000,70700000,70700000,0,301157,1,707,70700000,70700000,70700000,0,292984,1,707,70700000,70700000,70700000,0,317136,1,707,70700000,70700000,70700000,0,0,1,707,70700000,70700000,70700000,0,1.0,0.535554,0.65,1.0,0.535554,0.65,1.0,0.535554,0.65,107,71000000,False,1.0,5000.0,300.0,500.0,600000000000.0,100000000000.0,,706
1,planned_restart,thermal_loop,713,controller_tick,70800000,70.8,2,60000000,10800000,708,70800000,RUNNING,,0,0,62,1,0,reconstructed_from_retained_wire,True,,,317.13790123993573,301.15169038810336,292.9864226832804,0.5358492049220883,0.6500000078065123,344000.0000000055,352356.26542847155,0.00015237467801179072,19426.22004188466,-2.7974238037131727e-08,0.000152375,301.152,292.986,317.138,0.0,152375,1,708,70800000,70800000,70800000,0,301152,1,708,70800000,70800000,70800000,0,292986,1,708,70800000,70800000,70800000,0,317138,1,708,70800000,70800000,70800000,0,0,1,708,70800000,70800000,70800000,0,1.0,0.535524,0.65,1.0,0.535524,0.65,1.0,0.535524,0.65,108,71100000,False,1.0,5000.0,300.0,500.0,600000000000.0,100000000000.0,,707
1,planned_restart,thermal_loop,714,controller_tick,70900000,70.9,2,60000000,10900000,709,70900000,RUNNING,,0,0,62,1,0,reconstructed_from_retained_wire,True,,,317.13993233333963,301.1468891484694,292.9886515809612,0.5358182575820368,0.6500000063914317,344500.0000000055,352848.1424808557,0.00015236587772814633,19423.976237477622,-2.77232174994424e-08,0.000152366,301.147,292.989,317.14,0.0,152366,1,709,70900000,70900000,70900000,0,301147,1,709,70900000,70900000,70900000,0,292989,1,709,70900000,70900000,70900000,0,317140,1,709,70900000,70900000,70900000,0,0,1,709,70900000,70900000,70900000,0,1.0,0.535495,0.65,1.0,0.535495,0.65,1.0,0.535495,0.65,109,71200000,False,1.0,5000.0,300.0,500.0,600000000000.0,100000000000.0,,708
1,planned_restart,thermal_loop,715,controller_tick,71000000,71.0,2,60000000,11000000,710,71000000,RUNNING,,0,0,62,1,0,reconstructed_from_retained_wire,True,,,317.1419430821553,301.14216889368134,292.9908339184538,0.5357874955558926,0.6500000052328617,345000.0000000054,353340.1298105699,0.00015235713015208596,19421.745996133694,-2.7479472919367254e-08,0.000152357,301.142,292.991,317.142,0.0,152357,1,710,71000000,71000000,71000000,0,301142,1,710,71000000,71000000,71000000,0,292991,1,710,71000000,71000000,71000000,0,317142,1,710,71000000,71000000,71000000,0,0,1,710,71000000,71000000,71000000,0,1.0,0.535466,0.65,1.0,0.535466,0.65,1.0,0.535466,0.65,110,71300000,False,1.0,5000.0,300.0,500.0,600000000000.0,100000000000.0,,709
1,planned_restart,thermal_loop,716,controller_tick,71100000,71.1,2,60000000,11100000,711,71100000,RUNNING,,0,0,62,1,0,reconstructed_from_retained_wire,True,,,317.1439337878857,301.13752827333565,292.9929705395534,0.5357569012087058,0.6500000042843048,345500.0000000054,353832.2251107664,0.00015234843026682777,19419.5280373689,-2.7663190849125385e-08,0.000152348,301.138,292.993,317.144,0.0,152348,1,711,71100000,71100000,71100000,0,301138,1,711,71100000,71100000,71100000,0,292993,1,711,71100000,71100000,71100000,0,317144,1,711,71100000,71100000,71100000,0,0,1,711,71100000,71100000,71100000,0,1.0,0.535437,0.65,1.0,0.535437,0.65,1.0,0.535437,0.65,111,71400000,False,1.0,5000.0,300.0,500.0,600000000000.0,100000000000.0,,710
1,planned_restart,thermal_loop,717,controller_tick,71200000,71.2,2,60000000,11200000,712,71200000,RUNNING,,0,0,62,1,0,reconstructed_from_retained_wire,True,,,317.1459047471225,301.132965961623,292.9950622722429,0.5357264585837137,0.6500000035076922,346000.0000000054,354324.4261163901,0.00015233977353317957,19417.321202608575,-2.8667272999882698e-08,0.00015234,301.133,292.995,317.146,0.0,152340,1,712,71200000,71200000,71200000,0,301133,1,712,71200000,71200000,71200000,0,292995,1,712,71200000,71200000,71200000,0,317146,1,712,71200000,71200000,71200000,0,0,1,712,71200000,71200000,71200000,0,1.0,0.535406,0.65,1.0,0.535406,0.65,1.0,0.535406,0.65,112,71500000,False,1.0,5000.0,300.0,500.0,600000000000.0,100000000000.0,,711
1,planned_restart,thermal_loop,718,controller_tick,71300000,71.3,2,60000000,11300000,713,71300000,RUNNING,,0,0,62,1,0,reconstructed_from_retained_wire,True,,,317.1478562516448,301.12848066785006,292.9971099216715,0.5356959629174768,0.6500000028718553,346500.0000000054,354816.73060327326,0.00015233110172298197,19415.110647753274,-2.9103830456733704e-08,0.000152331,301.128,292.997,317.148,0.0,152331,1,713,71300000,71300000,71300000,0,301128,1,713,71300000,71300000,71300000,0,292997,1,713,71300000,71300000,71300000,0,317148,1,713,71300000,71300000,71300000,0,0,1,713,71300000,71300000,71300000,0,1.0,0.535377,0.65,1.0,0.535377,0.65,1.0,0.535377,0.65,113,71600000,False,1.0,5000.0,300.0,500.0,600000000000.0,100000000000.0,,712
1,planned_restart,thermal_loop,719,controller_tick,71400000,71.4,2,60000000,11400000,714,71400000,RUNNING,,0,0,62,1,0,reconstructed_from_retained_wire,True,,,317.14978858853567,301.12407112305164,292.9991142790759,0.5356656095827007,0.6500000023512762,347000.0000000054,355309.1363870282,0.00015232247039148998,19412.910534494098,-2.868000592570752e-08,0.000152322,301.124,292.999,317.15,0.0,152322,1,714,71400000,71400000,71400000,0,301124,1,714,71400000,71400000,71400000,0,292999,1,714,71400000,71400000,71400000,0,317150,1,714,71400000,71400000,71400000,0,0,1,714,71400000,71400000,71400000,0,1.0,0.535349,0.65,1.0,0.535349,0.65,1.0,0.535349,0.65,114,71700000,False,1.0,5000.0,300.0,500.0,600000000000.0,100000000000.0,,713
1,planned_restart,thermal_loop,720,controller_tick,71500000,71.5,2,60000000,11500000,715,71500000,RUNNING,,0,0,62,1,0,reconstructed_from_retained_wire,True,,,317.151702040222,301.1197360637878,293.0010761325706,0.5356354801973381,0.6500000019250621,347500.0000000054,355801.64132278744,0.0001523139027467377,19410.726776646232,-2.870547177735716e-08,0.000152314,301.12,293.001,317.152,0.0,152314,1,715,71500000,71500000,71500000,0,301120,1,715,71500000,71500000,71500000,0,293001,1,715,71500000,71500000,71500000,0,317152,1,715,71500000,71500000,71500000,0,0,1,715,71500000,71500000,71500000,0,1.0,0.535319,0.65,1.0,0.535319,0.65,1.0,0.535319,0.65,115,71800000,False,1.0,5000.0,300.0,500.0,600000000000.0,100000000000.0,,714
1,planned_restart,thermal_loop,721,controller_tick,71600000,71.6,2,60000000,11600000,716,71600000,RUNNING,,0,0,62,1,0,reconstructed_from_retained_wire,True,,,317.153596884535,301.1154742555765,293.00299625151723,0.5356053631246207,0.6500000015761075,348000.0000000054,356294.24330471305,0.00015230533860668987,19408.5440335463,-2.886372385546565e-08,0.000152305,301.115,293.003,317.154,0.0,152305,1,716,71600000,71600000,71600000,0,301115,1,716,71600000,71600000,71600000,0,293003,1,716,71600000,71600000,71600000,0,317154,1,716,71600000,71600000,71600000,0,0,1,716,71600000,71600000,71600000,0,1.0,0.535291,0.65,1.0,0.535291,0.65,1.0,0.535291,0.65,116,71900000,False,1.0,5000.0,300.0,500.0,600000000000.0,100000000000.0,,715
1,planned_restart,thermal_loop,722,controller_tick,71700000,71.7,2,60000000,11700000,717,71700000,RUNNING,,0,0,62,1,0,reconstructed_from_retained_wire,True,,,317.15547339481975,301.1112844854717,293.00487539146786,0.5355754475180093,0.6500000012904076,348500.00000000536,356786.9402649606,0.00015229683175860693,19406.376012927827,-2.876367943827063e-08,0.000152297,301.111,293.005,317.155,0.0,152297,1,717,71700000,71700000,71700000,0,301111,1,717,71700000,71700000,71700000,0,293005,1,717,71700000,71700000,71700000,0,317155,1,717,71700000,71700000,71700000,0,0,1,717,71700000,71700000,71700000,0,1.0,0.535261,0.65,1.0,0.535261,0.65,1.0,0.535261,0.65,117,72000000,False,1.0,5000.0,300.0,500.0,600000000000.0,100000000000.0,,716
1,planned_restart,thermal_loop,723,controller_tick,71800000,71.8,2,60000000,11800000,718,71800000,RUNNING,,0,0,62,1,0,reconstructed_from_retained_wire,True,,,317.15733183999066,301.10716556245416,293.0067142938953,0.5355455238803052,0.6500000010564964,349000.00000000536,357279.73017323774,0.00015228832262911715,19404.207531147025,-2.898195816669613e-08,0.000152288,301.107,293.007,317.157,0.0,152288,1,718,71800000,71800000,71800000,0,301107,1,718,71800000,71800000,71800000,0,293007,1,718,71800000,71800000,71800000,0,317157,1,718,71800000,71800000,71800000,0,0,1,718,71800000,71800000,71800000,0,1.0,0.535233,0.65,1.0,0.535233,0.65,1.0,0.535233,0.65,118,72100000,False,1.0,5000.0,300.0,500.0,600000000000.0,100000000000.0,,717
1,planned_restart,thermal_loop,724,controller_tick,71900000,71.9,2,60000000,11900000,719,71900000,RUNNING,,0,0,62,1,0,reconstructed_from_retained_wire,True,,,317.1591724846312,301.10311631606754,293.0085136870976,0.5355157833009317,0.6500000008649861,349500.0000000053,357772.6110358674,0.00015227986555620083,19402.05243491521,-2.9060174711048603e-08,0.00015228,301.103,293.009,317.159,0.0,152280,1,719,71900000,71900000,71900000,0,301103,1,719,71900000,71900000,71900000,0,293009,1,719,71900000,71900000,71900000,0,317159,1,719,71900000,71900000,71900000,0,0,1,719,71900000,71900000,71900000,0,1.0,0.535203,0.65,1.0,0.535203,0.65,1.0,0.535203,0.65,119,72200000,False,1.0,5000.0,300.0,500.0,600000000000.0,100000000000.0,,718
1,planned_restart,thermal_loop,725,controller_tick,72000000,72.0,2,60000000,12000000,720,72000000,RUNNING,,0,0,62,1,0,reconstructed_from_retained_wire,True,,,317.1609955890463,301.0991355968476,293.0102742859029,0.5354860180344216,0.6500000007081909,350000.00000000524,358265.58089537715,0.00015227140146478022,19399.895669416786,-2.8821887099184096e-08,0.000152271,301.099,293.01,317.161,0.0,152271,1,720,72000000,72000000,72000000,0,301099,1,720,72000000,72000000,72000000,0,293010,1,720,72000000,72000000,72000000,0,317161,1,720,72000000,72000000,72000000,0,0,1,720,72000000,72000000,72000000,0,1.0,0.535176,0.65,1.0,0.535176,0.65,1.0,0.535176,0.65,120,72300000,False,1.0,5000.0,300.0,500.0,600000000000.0,100000000000.0,,719
1,planned_restart,thermal_loop,726,controller_tick,72100000,72.1,2,60000000,12100000,721,72100000,RUNNING,,0,0,62,1,0,reconstructed_from_retained_wire,True,,,317.1628014093534,301.09522226946547,293.01199679623517,0.5354565159178124,0.6500000005798178,350500.0000000052,358758.63782965444,0.00015226301220423396,19397.75808968157,-2.831075107678771e-08,0.000152263,301.095,293.012,317.163,0.0,152263,1,721,72100000,72100000,72100000,0,301095,1,721,72100000,72100000,72100000,0,293012,1,721,72100000,72100000,72100000,0,317163,1,721,72100000,72100000,72100000,0,0,1,721,72100000,72100000,72100000,0,1.0,0.535147,0.65,1.0,0.535147,0.65,1.0,0.535147,0.65,121,72400000,False,1.0,5000.0,300.0,500.0,600000000000.0,100000000000.0,,720
1,planned_restart,thermal_loop,727,controller_tick,72200000,72.2,2,60000000,12200000,722,72200000,RUNNING,,0,0,62,1,0,reconstructed_from_retained_wire,True,,,317.16459019751056,301.09137521402937,293.01368191423586,0.5354270615839162,0.6500000004747147,351000.0000000052,359251.7799517983,0.00015225463653227716,19395.624089408346,-2.9791408451274037e-08,0.000152255,301.091,293.014,317.165,0.0,152255,1,722,72200000,72200000,72200000,0,301091,1,722,72200000,72200000,72200000,0,293014,1,722,72200000,72200000,72200000,0,317165,1,722,72200000,72200000,72200000,0,0,1,722,72200000,72200000,72200000,0,1.0,0.535118,0.65,1.0,0.535118,0.65,1.0,0.535118,0.65,122,72500000,False,1.0,5000.0,300.0,500.0,600000000000.0,100000000000.0,,721
1,planned_restart,thermal_loop,728,controller_tick,72300000,72.3,2,60000000,12300000,723,72300000,RUNNING,,0,0,62,1,0,reconstructed_from_retained_wire,True,,,317.16636220141936,301.08759334169554,293.015330315853,0.5353976504856065,0.6500000003886636,351500.0000000051,359745.00540914136,0.00015224627315569452,19393.493338631422,-3.0362571123987436e-08,0.000152246,301.088,293.015,317.166,0.0,152246,1,723,72300000,72300000,72300000,0,301088,1,723,72300000,72300000,72300000,0,293015,1,723,72300000,72300000,72300000,0,317166,1,723,72300000,72300000,72300000,0,0,1,723,72300000,72300000,72300000,0,1.0,0.535091,0.65,1.0,0.535091,0.65,1.0,0.535091,0.65,123,72600000,False,1.0,5000.0,300.0,500.0,600000000000.0,100000000000.0,,722
1,planned_restart,thermal_loop,729,controller_tick,72400000,72.4,2,60000000,12400000,724,72400000,RUNNING,,0,0,62,1,0,reconstructed_from_retained_wire,True,,,317.168117664994,301.0838755712905,293.0169426724196,0.5353684688336374,0.6500000003182108,352000.0000000051,360238.31238263694,0.0001522379750254289,19391.379326190094,-2.995693648699671e-08,0.000152238,301.084,293.017,317.168,0.0,152238,1,724,72400000,72400000,72400000,0,301084,1,724,72400000,72400000,72400000,0,293017,1,724,72400000,72400000,72400000,0,317168,1,724,72400000,72400000,72400000,0,0,1,724,72400000,72400000,72400000,0,1.0,0.535062,0.65,1.0,0.535062,0.65,1.0,0.535062,0.65,124,72700000,False,1.0,5000.0,300.0,500.0,600000000000.0,100000000000.0,,723
1,planned_restart,thermal_loop,730,controller_tick,72500000,72.5,2,60000000,12500000,725,72500000,RUNNING,,0,0,62,1,0,reconstructed_from_retained_wire,True,,,317.1698568281979,301.08022084165236,293.0185196424166,0.5353393044681388,0.650000000260529,352500.0000000051,360731.6990866098,0.00015222968181133608,19389.266681090812,-3.0007868190295994e-08,0.00015223,301.08,293.019,317.17,0.0,152230,1,725,72500000,72500000,72500000,0,301080,1,725,72500000,72500000,72500000,0,293019,1,725,72500000,72500000,72500000,0,317170,1,725,72500000,72500000,72500000,0,0,1,725,72500000,72500000,72500000,0,1.0,0.535033,0.65,1.0,0.535033,0.65,1.0,0.535033,0.65,125,72800000,False,1.0,5000.0,300.0,500.0,600000000000.0,100000000000.0,,724
1,planned_restart,thermal_loop,731,controller_tick,72600000,72.6,2,60000000,12600000,726,72600000,RUNNING,,0,0,62,1,0,reconstructed_from_retained_wire,True,,,317.1715799271479,301.0766281212978,293.0200618650255,0.5353101557440854,0.6500000002133031,353000.0000000051,361225.16376775806,0.00015222139304553096,19387.155283986882,-3.025525074917823e-08,0.000152221,301.077,293.02,317.172,0.0,152221,1,726,72600000,72600000,72600000,0,301077,1,726,72600000,72600000,72600000,0,293020,1,726,72600000,72600000,72600000,0,317172,1,726,72600000,72600000,72600000,0,0,1,726,72600000,72600000,72600000,0,1.0,0.535007,0.65,1.0,0.535007,0.65,1.0,0.535007,0.65,126,72900000,False,1.0,5000.0,300.0,500.0,600000000000.0,100000000000.0,,725
1,planned_restart,thermal_loop,732,controller_tick,72700000,72.7,2,60000000,12700000,727,72700000,RUNNING,,0,0,62,1,0,reconstructed_from_retained_wire,True,,,317.17328719417293,301.07309637963857,293.0215699793105,0.5352813066607428,0.6500000001746378,353500.0000000051,361718.7047046447,0.00015221318948627655,19385.065704609166,-3.047171048820019e-08,0.000152213,301.073,293.022,317.173,0.0,152213,1,727,72700000,72700000,72700000,0,301073,1,727,72700000,72700000,72700000,0,293022,1,727,72700000,72700000,72700000,0,317173,1,727,72700000,72700000,72700000,0,0,1,727,72700000,72700000,72700000,0,1.0,0.534979,0.65,1.0,0.534979,0.65,1.0,0.534979,0.65,127,73000000,False,1.0,5000.0,300.0,500.0,600000000000.0,100000000000.0,,726
1,planned_restart,thermal_loop,733,controller_tick,72800000,72.8,2,60000000,12800000,728,72800000,RUNNING,,0,0,62,1,0,reconstructed_from_retained_wire,True,,,317.17497885782586,301.0696246001845,293.02304461540535,0.5352525383783633,0.6500000001429813,354000.00000000506,362212.3202077222,0.00015220500890398845,19382.982089862846,-3.0371666071005166e-08,0.000152205,301.07,293.023,317.175,0.0,152205,1,728,72800000,72800000,72800000,0,301070,1,728,72800000,72800000,72800000,0,293023,1,728,72800000,72800000,72800000,0,317175,1,728,72800000,72800000,72800000,0,0,1,728,72800000,72800000,72800000,0,1.0,0.534951,0.65,1.0,0.534951,0.65,1.0,0.534951,0.65,128,73100000,False,1.0,5000.0,300.0,500.0,600000000000.0,100000000000.0,,727
1,planned_restart,thermal_loop,734,controller_tick,72900000,72.9,2,60000000,12900000,729,72900000,RUNNING,,0,0,62,1,0,reconstructed_from_retained_wire,True,,,317.1766551429805,301.06621179607527,293.02448638415575,0.5352238432077188,0.6500000001170632,354500.000000005,362706.00861839886,0.00015219684911209214,19380.903881944494,-3.052446118090302e-08,0.000152197,301.066,293.024,317.177,0.0,152197,1,729,72900000,72900000,72900000,0,301066,1,729,72900000,72900000,72900000,0,293024,1,729,72900000,72900000,72900000,0,317177,1,729,72900000,72900000,72900000,0,0,1,729,72900000,72900000,72900000,0,1.0,0.534923,0.65,1.0,0.534923,0.65,1.0,0.534923,0.65,129,73200000,False,1.0,5000.0,300.0,500.0,600000000000.0,100000000000.0,,728
1,planned_restart,thermal_loop,735,controller_tick,73000000,73.0,2,60000000,13000000,730,73000000,RUNNING,,0,0,62,1,0,reconstructed_from_retained_wire,True,,,317.1783162709071,301.0628569977765,293.0258958853172,0.5351952141913077,0.6500000000958432,355000.000000005,363199.76830834715,0.0001521887081320981,19378.830576161192,-2.937304088845849e-08,0.000152189,301.063,293.026,317.178,0.0,152189,1,730,73000000,73000000,73000000,0,301063,1,730,73000000,73000000,73000000,0,293026,1,730,73000000,73000000,73000000,0,317178,1,730,73000000,73000000,73000000,0,0,1,730,73000000,73000000,73000000,0,1.0,0.534895,0.65,1.0,0.534895,0.65,1.0,0.534895,0.65,130,73300000,False,1.0,5000.0,300.0,500.0,600000000000.0,100000000000.0,,729
1,planned_restart,thermal_loop,736,controller_tick,73100000,73.1,2,60000000,13100000,731,73100000,RUNNING,,0,0,62,1,0,reconstructed_from_retained_wire,True,,,317.1799624593341,301.0595592527071,293.0272737077974,0.5351666450337225,0.6500000000784699,355500.000000005,363693.597678955,0.00015218058417379904,19376.761715873534,-2.989145286846906e-08,0.000152181,301.06,293.027,317.18,0.0,152181,1,731,73100000,73100000,73100000,0,301060,1,731,73100000,73100000,73100000,0,293027,1,731,73100000,73100000,73100000,0,317180,1,731,73100000,73100000,73100000,0,0,1,731,73100000,73100000,73100000,0,1.0,0.534867,0.65,1.0,0.534867,0.65,1.0,0.534867,0.65,131,73400000,False,1.0,5000.0,300.0,500.0,600000000000.0,100000000000.0,,730
1,planned_restart,thermal_loop,737,controller_tick,73200000,73.2,2,60000000,13200000,732,73200000,RUNNING,,0,0,62,1,0,reconstructed_from_retained_wire,True,,,317.1815939225094,301.0563176248804,293.02862042989017,0.5351381300386425,0.6500000000642457,356000.00000000495,364187.4951607894,0.00015217247561735158,19374.696887920127,-3.008699422935024e-08,0.000152172,301.056,293.029,317.182,0.0,152172,1,732,73200000,73200000,73200000,0,301056,1,732,73200000,73200000,73200000,0,293029,1,732,73200000,73200000,73200000,0,317182,1,732,73200000,73200000,73200000,0,0,1,732,73200000,73200000,73200000,0,1.0,0.534842,0.65,1.0,0.534842,0.65,1.0,0.534842,0.65,132,73500000,False,1.0,5000.0,300.0,500.0,600000000000.0,100000000000.0,,731
1,planned_restart,thermal_loop,738,controller_tick,73300000,73.3,2,60000000,13300000,733,73300000,RUNNING,,0,0,62,1,0,reconstructed_from_retained_wire,True,,,317.1832108712433,301.0531311780908,293.02993663047675,0.5351099495395699,0.6500000000526,356500.00000000495,364681.4592132562,0.0001521644621786775,19372.656389573636,-2.992965164594352e-08,0.000152164,301.053,293.03,317.183,0.0,152164,1,733,73300000,73300000,73300000,0,301053,1,733,73300000,73300000,73300000,0,293030,1,733,73300000,73300000,73300000,0,317183,1,733,73300000,73300000,73300000,0,0,1,733,73300000,73300000,73300000,0,1.0,0.534814,0.65,1.0,0.534814,0.65,1.0,0.534814,0.65,133,73600000,False,1.0,5000.0,300.0,500.0,600000000000.0,100000000000.0,,732
1,planned_restart,thermal_loop,739,controller_tick,73400000,73.4,2,60000000,13400000,734,73400000,RUNNING,,0,0,62,1,0,reconstructed_from_retained_wire,True,,,317.1848135129206,301.0499989945297,293.0312228766057,0.5350817862172551,0.6500000000430652,357000.00000000495,365175.48832459806,0.00015215645362450005,19370.617242310975,-2.938850229838863e-08,0.000152156,301.05,293.031,317.185,0.0,152156,1,734,73400000,73400000,73400000,0,301050,1,734,73400000,73400000,73400000,0,293031,1,734,73400000,73400000,73400000,0,317185,1,734,73400000,73400000,73400000,0,0,1,734,73400000,73400000,73400000,0,1.0,0.534787,0.65,1.0,0.534787,0.65,1.0,0.534787,0.65,134,73700000,False,1.0,5000.0,300.0,500.0,600000000000.0,100000000000.0,,733
1,planned_restart,thermal_loop,740,controller_tick,73500000,73.5,2,60000000,13500000,735,73500000,RUNNING,,0,0,62,1,0,reconstructed_from_retained_wire,True,,,317.18640205160864,301.046920183931,293.03247971739455,0.5350537335996955,0.6500000000352588,357500.00000000495,365669.5810108302,0.00015214847655052775,19368.5862172388,-2.9507646104320884e-08,0.000152148,301.047,293.032,317.186,0.0,152148,1,735,73500000,73500000,73500000,0,301047,1,735,73500000,73500000,73500000,0,293032,1,735,73500000,73500000,73500000,0,317186,1,735,73500000,73500000,73500000,0,0,1,735,73500000,73500000,73500000,0,1.0,0.53476,0.65,1.0,0.53476,0.65,1.0,0.53476,0.65,135,73800000,False,1.0,5000.0,300.0,500.0,600000000000.0,100000000000.0,,734
1,planned_restart,thermal_loop,741,controller_tick,73600000,73.6,2,60000000,13600000,736,73600000,RUNNING,,0,0,62,1,0,reconstructed_from_retained_wire,True,,,317.1879766881094,301.0438938663164,293.03370769552726,0.5350257811519405,0.6500000000288676,358000.00000000495,366163.73581529554,0.00015214052796101629,19366.56255042171,-3.00715328194201e-08,0.000152141,301.044,293.034,317.188,0.0,152141,1,736,73600000,73600000,73600000,0,301044,1,736,73600000,73600000,73600000,0,293034,1,736,73600000,73600000,73600000,0,317188,1,736,73600000,73600000,73600000,0,0,1,736,73600000,73600000,73600000,0,1.0,0.534732,0.65,1.0,0.534732,0.65,1.0,0.534732,0.65,136,73900000,False,1.0,5000.0,300.0,500.0,600000000000.0,100000000000.0,,735
1,planned_restart,thermal_loop,742,controller_tick,73700000,73.7,2,60000000,13700000,737,73700000,RUNNING,,0,0,62,1,0,reconstructed_from_retained_wire,True,,,317.18953762001655,301.0409191830109,293.03490733990543,0.5349978241789911,0.6500000000236348,358500.00000000495,366657.95130815526,0.00015213257808476737,19364.538661738334,-3.0859155231155455e-08,0.000152133,301.041,293.035,317.19,0.0,152133,1,737,73700000,73700000,73700000,0,301041,1,737,73700000,73700000,73700000,0,293035,1,737,73700000,73700000,73700000,0,317190,1,737,73700000,73700000,73700000,0,0,1,737,73700000,73700000,73700000,0,1.0,0.534705,0.65,1.0,0.534705,0.65,1.0,0.534705,0.65,137,74000000,False,1.0,5000.0,300.0,500.0,600000000000.0,100000000000.0,,736
1,planned_restart,thermal_loop,743,controller_tick,73800000,73.8,2,60000000,13800000,738,73800000,RUNNING,,0,0,62,1,0,reconstructed_from_retained_wire,True,,,317.1910850417875,301.03799528996353,293.03607917009714,0.5349699582740586,0.6500000000193505,359000.00000000495,367152.2260857184,0.00015212465410476385,19362.52147097718,-2.993419911945239e-08,0.000152125,301.038,293.036,317.191,0.0,152125,1,738,73800000,73800000,73800000,0,301038,1,738,73800000,73800000,73800000,0,293036,1,738,73800000,73800000,73800000,0,317191,1,738,73800000,73800000,73800000,0,0,1,738,73800000,73800000,73800000,0,1.0,0.534678,0.65,1.0,0.534678,0.65,1.0,0.534678,0.65,138,74100000,False,1.0,5000.0,300.0,500.0,600000000000.0,100000000000.0,,737
1,planned_restart,thermal_loop,744,controller_tick,73900000,73.9,2,60000000,13900000,739,73900000,RUNNING,,0,0,62,1,0,reconstructed_from_retained_wire,True,,,317.19261914477966,301.03512135241493,293.0372236998852,0.534942174770875,0.6500000000158429,359500.00000000495,367646.5587701602,0.00015211675355664841,19360.510349813696,-3.069817466894165e-08,0.000152117,301.035,293.037,317.193,0.0,152117,1,739,73900000,73900000,73900000,0,301035,1,739,73900000,73900000,73900000,0,293037,1,739,73900000,73900000,73900000,0,317193,1,739,73900000,73900000,73900000,0,0,1,739,73900000,73900000,73900000,0,1.0,0.534652,0.65,1.0,0.534652,0.65,1.0,0.534652,0.65,139,74200000,False,1.0,5000.0,300.0,500.0,600000000000.0,100000000000.0,,738
1,planned_restart,thermal_loop,745,controller_tick,74000000,74.0,2,60000000,14000000,740,74000000,RUNNING,,0,0,62,1,0,reconstructed_from_retained_wire,True,,,317.1941401172936,301.03229654499535,293.03834143719627,0.5349145609904594,0.6500000000129711,360000.00000000495,368140.948009168,0.0001521089012711171,19358.51161759902,-3.034256224054843e-08,0.000152109,301.032,293.038,317.194,0.0,152109,1,740,74000000,74000000,74000000,0,301032,1,740,74000000,74000000,74000000,0,293038,1,740,74000000,74000000,74000000,0,317194,1,740,74000000,74000000,74000000,0,0,1,740,74000000,74000000,74000000,0,1.0,0.534626,0.65,1.0,0.534626,0.65,1.0,0.534626,0.65,140,74300000,False,1.0,5000.0,300.0,500.0,600000000000.0,100000000000.0,,739
1,planned_restart,thermal_loop,746,controller_tick,74100000,74.1,2,60000000,14100000,741,74100000,RUNNING,,0,0,62,1,0,reconstructed_from_retained_wire,True,,,317.1956481446054,301.02952005220993,293.03943288376985,0.534887100781555,0.6500000000106199,360500.00000000495,368635.3924757031,0.0001521010926553753,19356.524103466116,-3.071181708946824e-08,0.000152101,301.03,293.039,317.196,0.0,152101,1,741,74100000,74100000,74100000,0,301030,1,741,74100000,74100000,74100000,0,293039,1,741,74100000,74100000,74100000,0,317196,1,741,74100000,74100000,74100000,0,0,1,741,74100000,74100000,74100000,0,1.0,0.5346,0.65,1.0,0.5346,0.65,1.0,0.5346,0.65,141,74400000,False,1.0,5000.0,300.0,500.0,600000000000.0,100000000000.0,,740
1,planned_restart,thermal_loop,747,controller_tick,74200000,74.2,2,60000000,14200000,742,74200000,RUNNING,,0,0,62,1,0,reconstructed_from_retained_wire,True,,,317.1971434090163,301.0267910739043,293.0404985315101,0.5348597795299,0.6500000000086947,361000.00000000495,369129.8908675665,0.00015209332355369112,19354.54674803422,-3.0995579436421394e-08,0.000152093,301.027,293.04,317.197,0.0,152093,1,742,74200000,74200000,74200000,0,301027,1,742,74200000,74200000,74200000,0,293040,1,742,74200000,74200000,74200000,0,317197,1,742,74200000,74200000,74200000,0,0,1,742,74200000,74200000,74200000,0,1.0,0.534574,0.65,1.0,0.534574,0.65,1.0,0.534574,0.65,142,74500000,False,1.0,5000.0,300.0,500.0,600000000000.0,100000000000.0,,741
1,planned_restart,thermal_loop,748,controller_tick,74300000,74.3,2,60000000,14300000,743,74300000,RUNNING,,0,0,62,1,0,reconstructed_from_retained_wire,True,,,317.1986260899072,301.0241088248385,293.0415388627647,0.534832584011964,0.6500000000071187,361500.00000000495,369624.4419069146,0.00015208559020580309,19352.578592792466,-3.126660885754973e-08,0.000152086,301.024,293.042,317.199,0.0,152086,1,743,74300000,74300000,74300000,0,301024,1,743,74300000,74300000,74300000,0,293042,1,743,74300000,74300000,74300000,0,317199,1,743,74300000,74300000,74300000,0,0,1,743,74300000,74300000,74300000,0,1.0,0.534546,0.65,1.0,0.534546,0.65,1.0,0.534546,0.65,143,74600000,False,1.0,5000.0,300.0,500.0,600000000000.0,100000000000.0,,742
1,planned_restart,thermal_loop,749,controller_tick,74400000,74.4,2,60000000,14400000,744,74400000,RUNNING,,0,0,62,1,0,reconstructed_from_retained_wire,True,,,317.2000963638021,301.0214725452019,293.04255434331185,0.5348053119374376,0.6500000000058284,362000.00000000495,370119.0443396651,0.0001520778350882105,19350.60499760322,-3.196691977791488e-08,0.000152078,301.021,293.043,317.2,0.0,152078,1,744,74400000,74400000,74400000,0,301021,1,744,74400000,74400000,74400000,0,293043,1,744,74400000,74400000,74400000,0,317200,1,744,74400000,74400000,74400000,0,0,1,744,74400000,74400000,74400000,0,1.0,0.534521,0.65,1.0,0.534521,0.65,1.0,0.534521,0.65,144,74700000,False,1.0,5000.0,300.0,500.0,600000000000.0,100000000000.0,,743
1,planned_restart,thermal_loop,750,controller_tick,74500000,74.5,2,60000000,14500000,745,74500000,RUNNING,,0,0,62,1,0,reconstructed_from_retained_wire,True,,,317.2015544044452,301.0188814822157,293.0435454346228,0.5347782560793894,0.6500000000047719,362500.00000000495,370613.69693476084,0.00015207014145418726,19348.647148772696,-3.1113813747651875e-08,0.00015207,301.019,293.044,317.202,0.0,152070,1,745,74500000,74500000,74500000,0,301019,1,745,74500000,74500000,74500000,0,293044,1,745,74500000,74500000,74500000,0,317202,1,745,74500000,74500000,74500000,0,0,1,745,74500000,74500000,74500000,0,1.0,0.534495,0.65,1.0,0.534495,0.65,1.0,0.534495,0.65,145,74800000,False,1.0,5000.0,300.0,500.0,600000000000.0,100000000000.0,,744
1,planned_restart,thermal_loop,751,controller_tick,74600000,74.6,2,60000000,14600000,746,74600000,RUNNING,,0,0,62,1,0,reconstructed_from_retained_wire,True,,,317.2030003827977,301.016334886134,293.0445125965185,0.5347513006995194,0.650000000003907,363000.00000000495,371108.39848430536,0.00015206247639225944,19346.69666936419,-3.2213392842095345e-08,0.000152062,301.016,293.045,317.203,0.0,152062,1,746,74600000,74600000,74600000,0,301016,1,746,74600000,74600000,74600000,0,293045,1,746,74600000,74600000,74600000,0,317203,1,746,74600000,74600000,74600000,0,0,1,746,74600000,74600000,74600000,0,1.0,0.53447,0.65,1.0,0.53447,0.65,1.0,0.53447,0.65,146,74900000,False,1.0,5000.0,300.0,500.0,600000000000.0,100000000000.0,,745
1,planned_restart,thermal_loop,752,controller_tick,74700000,74.7,2,60000000,14700000,747,74700000,RUNNING,,0,0,62,1,0,reconstructed_from_retained_wire,True,,,317.2044344670901,301.0138320211847,293.0454562798719,0.5347245313986464,0.6500000000031988,363500.00000000495,371603.14780310565,0.0001520548642439698,19344.759751849364,-3.1843228498473763e-08,0.000152055,301.014,293.045,317.204,0.0,152055,1,747,74700000,74700000,74700000,0,301014,1,747,74700000,74700000,74700000,0,293045,1,747,74700000,74700000,74700000,0,317204,1,747,74700000,74700000,74700000,0,0,1,747,74700000,74700000,74700000,0,1.0,0.534443,0.65,1.0,0.534443,0.65,1.0,0.534443,0.65,147,75000000,False,1.0,5000.0,300.0,500.0,600000000000.0,100000000000.0,,746
1,planned_restart,thermal_loop,753,controller_tick,74800000,74.8,2,60000000,14800000,748,74800000,RUNNING,,0,0,62,1,0,reconstructed_from_retained_wire,True,,,317.2058568228655,301.0113721710529,293.0463769229473,0.5346977401438489,0.6500000000026189,364000.00000000495,372097.94372828864,0.0001520472458528435,19342.82134291988,-3.19596438203007e-08,0.000152047,301.011,293.046,317.206,0.0,152047,1,748,74800000,74800000,74800000,0,301011,1,748,74800000,74800000,74800000,0,293046,1,748,74800000,74800000,74800000,0,317206,1,748,74800000,74800000,74800000,0,0,1,748,74800000,74800000,74800000,0,1.0,0.534418,0.65,1.0,0.534418,0.65,1.0,0.534418,0.65,148,75100000,False,1.0,5000.0,300.0,500.0,600000000000.0,100000000000.0,,747
1,planned_restart,thermal_loop,754,controller_tick,74900000,74.9,2,60000000,14900000,749,74900000,RUNNING,,0,0,62,1,0,reconstructed_from_retained_wire,True,,,317.2072676130555,301.00895463179603,293.04727495612156,0.5346711193494829,0.6500000000021442,364500.00000000495,372592.7851185706,0.0001520396759340403,19340.895363391697,-3.2228854252025485e-08,0.00015204,301.009,293.047,317.207,0.0,152040,1,749,74900000,74900000,74900000,0,301009,1,749,74900000,74900000,74900000,0,293047,1,749,74900000,74900000,74900000,0,317207,1,749,74900000,74900000,74900000,0,0,1,749,74900000,74900000,74900000,0,1.0,0.534391,0.65,1.0,0.534391,0.65,1.0,0.534391,0.65,149,75200000,False,1.0,5000.0,300.0,500.0,600000000000.0,100000000000.0,,748
1,planned_restart,thermal_loop,755,controller_tick,75000000,75.0,2,60000000,15000000,750,75000000,RUNNING,,0,0,62,1,0,reconstructed_from_retained_wire,True,,,317.2086669980029,301.0065787124171,293.0481508014963,0.5346444624689296,0.6500000000017555,365000.00000000495,373087.6708541047,0.00015203209575373252,19338.96686916023,-3.228615241823718e-08,0.000152032,301.007,293.048,317.209,0.0,152032,1,750,75000000,75000000,75000000,0,301007,1,750,75000000,75000000,75000000,0,293048,1,750,75000000,75000000,75000000,0,317209,1,750,75000000,75000000,75000000,0,0,1,750,75000000,75000000,75000000,0,1.0,0.534367,0.65,1.0,0.534367,0.65,1.0,0.534367,0.65,150,75300000,False,1.0,5000.0,300.0,500.0,600000000000.0,100000000000.0,,749
1,planned_restart,thermal_loop,756,controller_tick,75100000,75.1,2,60000000,15100000,751,75100000,RUNNING,,0,0,62,1,0,reconstructed_from_retained_wire,True,,,317.2100551355242,301.0042437282621,293.0490048772962,0.5346180584239898,0.6500000000014372,365500.0000000049,373582.5998358962,0.00015202458747004498,19337.05676112871,-3.237073542550206e-08,0.000152025,301.004,293.049,317.21,0.0,152025,1,751,75100000,75100000,75100000,0,301004,1,751,75100000,75100000,75100000,0,293049,1,751,75100000,75100000,75100000,0,317210,1,751,75100000,75100000,75100000,0,0,1,751,75100000,75100000,75100000,0,1.0,0.53434,0.65,1.0,0.53434,0.65,1.0,0.53434,0.65,151,75400000,False,1.0,5000.0,300.0,500.0,600000000000.0,100000000000.0,,750
1,planned_restart,thermal_loop,757,controller_tick,75200000,75.2,2,60000000,15200000,752,75200000,RUNNING,,0,0,62,1,0,reconstructed_from_retained_wire,True,,,317.2114321809151,301.0019490078789,293.0498375932893,0.5345915976664277,0.6500000000011766,366000.00000000483,374077.57098583784,0.0001520170630594955,19335.142645060518,-3.242894308641553e-08,0.000152017,301.002,293.05,317.211,0.0,152017,1,752,75200000,75200000,75200000,0,301002,1,752,75200000,75200000,75200000,0,293050,1,752,75200000,75200000,75200000,0,317211,1,752,75200000,75200000,75200000,0,0,1,752,75200000,75200000,75200000,0,1.0,0.534316,0.65,1.0,0.534316,0.65,1.0,0.534316,0.65,152,75500000,False,1.0,5000.0,300.0,500.0,600000000000.0,100000000000.0,,751
1,planned_restart,thermal_loop,758,controller_tick,75300000,75.3,2,60000000,15300000,753,75300000,RUNNING,,0,0,62,1,0,reconstructed_from_retained_wire,True,,,317.21279828702893,300.99969389138533,293.0506493518737,0.5345653710809088,0.6500000000009634,366500.00000000483,374572.583245937,0.00015200960523837153,19333.24556199676,-3.284912963863462e-08,0.00015201,301.0,293.051,317.213,0.0,152010,1,753,75300000,75300000,75300000,0,301000,1,753,75300000,75300000,75300000,0,293051,1,753,75300000,75300000,75300000,0,317213,1,753,75300000,75300000,75300000,0,0,1,753,75300000,75300000,75300000,0,1.0,0.53429,0.65,1.0,0.53429,0.65,1.0,0.53429,0.65,153,75600000,False,1.0,5000.0,300.0,500.0,600000000000.0,100000000000.0,,752
1,planned_restart,thermal_loop,759,controller_tick,75400000,75.4,2,60000000,15400000,754,75400000,RUNNING,,0,0,62,1,0,reconstructed_from_retained_wire,True,,,317.21415360428114,300.9974777260355,293.05144055102613,0.5345391660578529,0.6500000000007887,367000.00000000483,375067.6355783686,0.00015200215354877532,19331.350131596297,-3.192326403222978e-08,0.000152002,300.997,293.051,317.214,0.0,152002,1,754,75400000,75400000,75400000,0,300997,1,754,75400000,75400000,75400000,0,293051,1,754,75400000,75400000,75400000,0,317214,1,754,75400000,75400000,75400000,0,0,1,754,75400000,75400000,75400000,0,1.0,0.534266,0.65,1.0,0.534266,0.65,1.0,0.534266,0.65,154,75700000,False,1.0,5000.0,300.0,500.0,600000000000.0,100000000000.0,,753
1,planned_restart,thermal_loop,760,controller_tick,75500000,75.5,2,60000000,15500000,755,75500000,RUNNING,,0,0,62,1,0,reconstructed_from_retained_wire,True,,,317.2154982807102,300.9952998708728,293.0522115811973,0.5345131708704842,0.6500000000006457,367500.00000000483,375562.7269648917,0.00015199476152829067,19329.469970585167,-3.173045115545392e-08,0.000151995,300.995,293.052,317.215,0.0,151995,1,755,75500000,75500000,75500000,0,300995,1,755,75500000,75500000,75500000,0,293052,1,755,75500000,75500000,75500000,0,317215,1,755,75500000,75500000,75500000,0,0,1,755,75500000,75500000,75500000,0,1.0,0.53424,0.65,1.0,0.53424,0.65,1.0,0.53424,0.65,155,75800000,False,1.0,5000.0,300.0,500.0,600000000000.0,100000000000.0,,754
1,planned_restart,thermal_loop,761,controller_tick,75600000,75.6,2,60000000,15600000,756,75600000,RUNNING,,0,0,62,1,0,reconstructed_from_retained_wire,True,,,317.2168324619987,300.993159697265,293.05296282494953,0.5344871752251332,0.6500000000005287,368000.0000000048,376057.8564067151,0.00015198736937757474,19327.58986788809,-3.1732270144857466e-08,0.000151987,300.993,293.053,317.217,0.0,151987,1,756,75600000,75600000,75600000,0,300993,1,756,75600000,75600000,75600000,0,293053,1,756,75600000,75600000,75600000,0,317217,1,756,75600000,75600000,75600000,0,0,1,756,75600000,75600000,75600000,0,1.0,0.534216,0.65,1.0,0.534216,0.65,1.0,0.534216,0.65,156,75900000,False,1.0,5000.0,300.0,500.0,600000000000.0,100000000000.0,,755
1,planned_restart,thermal_loop,762,controller_tick,75700000,75.7,2,60000000,15700000,757,75700000,RUNNING,,0,0,62,1,0,reconstructed_from_retained_wire,True,,,317.21815629153747,300.991056587714,293.0536946577487,0.5344613694905465,0.6500000000004329,368500.0000000048,376553.02292387234,0.0001519800312300966,19325.723590690584,-3.195145836798474e-08,0.00015198,300.991,293.054,317.218,0.0,151980,1,757,75700000,75700000,75700000,0,300991,1,757,75700000,75700000,75700000,0,293054,1,757,75700000,75700000,75700000,0,317218,1,757,75700000,75700000,75700000,0,0,1,757,75700000,75700000,75700000,0,1.0,0.53419,0.65,1.0,0.53419,0.65,1.0,0.53419,0.65,157,76000000,False,1.0,5000.0,300.0,500.0,600000000000.0,100000000000.0,,756
1,planned_restart,thermal_loop,763,controller_tick,75800000,75.8,2,60000000,15800000,758,75800000,RUNNING,,0,0,62,1,0,reconstructed_from_retained_wire,True,,,317.2194699104446,300.9889899364258,293.0544074475783,0.5344355452691614,0.6500000000003544,369000.0000000048,377048.22555510746,0.00015197268782569262,19323.85606672842,-3.146942617604509e-08,0.000151973,300.989,293.054,317.219,0.0,151973,1,758,75800000,75800000,75800000,0,300989,1,758,75800000,75800000,75800000,0,293054,1,758,75800000,75800000,75800000,0,317219,1,758,75800000,75800000,75800000,0,0,1,758,75800000,75800000,75800000,0,1.0,0.534165,0.65,1.0,0.534165,0.65,1.0,0.534165,0.65,158,76100000,False,1.0,5000.0,300.0,500.0,600000000000.0,100000000000.0,,757
1,planned_restart,thermal_loop,764,controller_tick,75900000,75.9,2,60000000,15900000,759,75900000,RUNNING,,0,0,62,1,0,reconstructed_from_retained_wire,True,,,317.22077345763336,300.9869591535789,293.05510155209265,0.5344097994828114,0.6500000000002901,369500.0000000048,377543.46335720905,0.00015196536672516337,19321.994304760516,-3.2654497772455215e-08,0.000151965,300.987,293.055,317.221,0.0,151965,1,759,75900000,75900000,75900000,0,300987,1,759,75900000,75900000,75900000,0,293055,1,759,75900000,75900000,75900000,0,317221,1,759,75900000,75900000,75900000,0,0,1,759,75900000,75900000,75900000,0,1.0,0.534142,0.65,1.0,0.534142,0.65,1.0,0.534142,0.65,159,76200000,False,1.0,5000.0,300.0,500.0,600000000000.0,100000000000.0,,758
1,planned_restart,thermal_loop,765,controller_tick,76000000,76.0,2,60000000,16000000,760,76000000,RUNNING,,0,0,62,1,0,reconstructed_from_retained_wire,True,,,317.2220670698277,300.9849636434084,293.055777333222,0.53438431499258,0.6500000000002376,370000.0000000048,378038.7354049288,0.00015195811992709036,19320.151526298505,-3.2828211260493845e-08,0.000151958,300.985,293.056,317.222,0.0,151958,1,760,76000000,76000000,76000000,0,300985,1,760,76000000,76000000,76000000,0,293056,1,760,76000000,76000000,76000000,0,317222,1,760,76000000,76000000,76000000,0,0,1,760,76000000,76000000,76000000,0,1.0,0.534116,0.65,1.0,0.534116,0.65,1.0,0.534116,0.65,160,76300000,False,1.0,5000.0,300.0,500.0,600000000000.0,100000000000.0,,759
1,planned_restart,thermal_loop,766,controller_tick,76100000,76.1,2,60000000,16100000,761,76100000,RUNNING,,0,0,62,1,0,reconstructed_from_retained_wire,True,,,317.22335088156973,300.98300282770964,293.0564351414968,0.5343587814451081,0.6500000000001945,370500.0000000048,378534.0407909836,0.00015195085917904617,19318.305288649946,-3.295463102404028e-08,0.000151951,300.983,293.056,317.223,0.0,151951,1,761,76100000,76100000,76100000,0,300983,1,761,76100000,76100000,76100000,0,293056,1,761,76100000,76100000,76100000,0,317223,1,761,76100000,76100000,76100000,0,0,1,761,76100000,76100000,76100000,0,1.0,0.534091,0.65,1.0,0.534091,0.65,1.0,0.534091,0.65,161,76400000,False,1.0,5000.0,300.0,500.0,600000000000.0,100000000000.0,,760
1,planned_restart,thermal_loop,767,controller_tick,76200000,76.2,2,60000000,16200000,762,76200000,RUNNING,,0,0,62,1,0,reconstructed_from_retained_wire,True,,,317.22462502530965,300.9810761492026,293.05707531380597,0.5343332986713911,0.6500000000001593,371000.0000000048,379029.37862514623,0.00015194361286908394,19316.462810220986,-3.344484866829589e-08,0.000151944,300.981,293.057,317.225,0.0,151944,1,762,76200000,76200000,76200000,0,300981,1,762,76200000,76200000,76200000,0,293057,1,762,76200000,76200000,76200000,0,317225,1,762,76200000,76200000,76200000,0,0,1,762,76200000,76200000,76200000,0,1.0,0.534066,0.65,1.0,0.534066,0.65,1.0,0.534066,0.65,162,76500000,False,1.0,5000.0,300.0,500.0,600000000000.0,100000000000.0,,761
1,planned_restart,thermal_loop,768,controller_tick,76300000,76.3,2,60000000,16300000,763,76300000,RUNNING,,0,0,62,1,0,reconstructed_from_retained_wire,True,,,317.2258896314346,300.97918305466,293.0576981846406,0.5343078618396676,0.6500000000001306,371500.0000000047,379524.7480340067,0.00015193637962323847,19314.623741160998,-3.289278538431972e-08,0.000151936,300.979,293.058,317.226,0.0,151936,1,763,76300000,76300000,76300000,0,300979,1,763,76300000,76300000,76300000,0,293058,1,763,76300000,76300000,76300000,0,317226,1,763,76300000,76300000,76300000,0,0,1,763,76300000,76300000,76300000,0,1.0,0.534044,0.65,1.0,0.534044,0.65,1.0,0.534044,0.65,163,76600000,False,1.0,5000.0,300.0,500.0,600000000000.0,100000000000.0,,762
1,planned_restart,thermal_loop,769,controller_tick,76400000,76.4,2,60000000,16400000,764,76400000,RUNNING,,0,0,62,1,0,reconstructed_from_retained_wire,True,,,317.2271448282822,300.977322984296,293.0583040931627,0.5342827520657247,0.6500000000001069,372000.00000000466,380020.1481609071,0.00015192923937990858,19312.808404069438,-3.2921889214776456e-08,0.000151929,300.977,293.058,317.227,0.0,151929,1,764,76400000,76400000,76400000,0,300977,1,764,76400000,76400000,76400000,0,293058,1,764,76400000,76400000,76400000,0,317227,1,764,76400000,76400000,76400000,0,0,1,764,76400000,76400000,76400000,0,1.0,0.534019,0.65,1.0,0.534019,0.65,1.0,0.534019,0.65,164,76700000,False,1.0,5000.0,300.0,500.0,600000000000.0,100000000000.0,,763
1,planned_restart,thermal_loop,770,controller_tick,76500000,76.5,2,60000000,16500000,765,76500000,RUNNING,,0,0,62,1,0,reconstructed_from_retained_wire,True,,,317.2283907421299,300.9754953902454,293.05889337087797,0.5342576527381536,0.6500000000000875,372500.00000000466,380515.5781661428,0.0001519221021071208,19310.99390746958,-3.375134838279337e-08,0.000151922,300.975,293.059,317.228,0.0,151922,1,765,76500000,76500000,76500000,0,300975,1,765,76500000,76500000,76500000,0,293059,1,765,76500000,76500000,76500000,0,317228,1,765,76500000,76500000,76500000,0,0,1,765,76500000,76500000,76500000,0,1.0,0.533995,0.65,1.0,0.533995,0.65,1.0,0.533995,0.65,165,76800000,False,1.0,5000.0,300.0,500.0,600000000000.0,100000000000.0,,764
1,planned_restart,thermal_loop,771,controller_tick,76600000,76.6,2,60000000,16600000,766,76600000,RUNNING,,0,0,62,1,0,reconstructed_from_retained_wire,True,,,317.22962749727895,300.97369974570864,293.0594663355405,0.5342326580254326,0.6500000000000716,373000.00000000466,381011.0372261112,0.00015191499458272874,19309.18705846368,-3.364584699738771e-08,0.000151915,300.974,293.059,317.23,0.0,151915,1,766,76600000,76600000,76600000,0,300974,1,766,76600000,76600000,76600000,0,293059,1,766,76600000,76600000,76600000,0,317230,1,766,76600000,76600000,76600000,0,0,1,766,76600000,76600000,76600000,0,1.0,0.53397,0.65,1.0,0.53397,0.65,1.0,0.53397,0.65,166,76900000,False,1.0,5000.0,300.0,500.0,600000000000.0,100000000000.0,,765
1,planned_restart,thermal_loop,772,controller_tick,76700000,76.7,2,60000000,16700000,767,76700000,RUNNING,,0,0,62,1,0,reconstructed_from_retained_wire,True,,,317.230855216089,300.9719355334477,293.0600232988184,0.5342076628095606,0.6500000000000586,373500.0000000046,381506.524533007,0.0001519078869152601,19307.38025762154,-3.335117071401328e-08,0.000151908,300.972,293.06,317.231,0.0,151908,1,767,76700000,76700000,76700000,0,300972,1,767,76700000,76700000,76700000,0,293060,1,767,76700000,76700000,76700000,0,317231,1,767,76700000,76700000,76700000,0,0,1,767,76700000,76700000,76700000,0,1.0,0.533946,0.65,1.0,0.533946,0.65,1.0,0.533946,0.65,167,77000000,False,1.0,5000.0,300.0,500.0,600000000000.0,100000000000.0,,766
1,planned_restart,thermal_loop,773,controller_tick,76800000,76.8,2,60000000,16800000,768,76800000,RUNNING,,0,0,62,1,0,reconstructed_from_retained_wire,True,,,317.2320740190229,300.97020224513625,293.060564566725,0.5341827623010004,0.6500000000000481,374000.0000000046,382002.039294404,0.00015190080617886846,19305.580386836642,-3.2716343412175775e-08,0.000151901,300.97,293.061,317.232,0.0,151901,1,768,76800000,76800000,76800000,0,300970,1,768,76800000,76800000,76800000,0,293061,1,768,76800000,76800000,76800000,0,317232,1,768,76800000,76800000,76800000,0,0,1,768,76800000,76800000,76800000,0,1.0,0.533922,0.65,1.0,0.533922,0.65,1.0,0.533922,0.65,168,77100000,False,1.0,5000.0,300.0,500.0,600000000000.0,100000000000.0,,767
1,planned_restart,thermal_loop,774,controller_tick,76900000,76.9,2,60000000,16900000,769,76900000,RUNNING,,0,0,62,1,0,reconstructed_from_retained_wire,True,,,317.2332840246623,300.9684993761781,293.06109044306845,0.5341579474871598,0.6500000000000394,374500.0000000046,382497.5807331538,0.000151893749810723,19303.786793744533,-3.245440893806517e-08,0.000151894,300.968,293.061,317.233,0.0,151894,1,769,76900000,76900000,76900000,0,300968,1,769,76900000,76900000,76900000,0,293061,1,769,76900000,76900000,76900000,0,317233,1,769,76900000,76900000,76900000,0,0,1,769,76900000,76900000,76900000,0,1.0,0.533898,0.65,1.0,0.533898,0.65,1.0,0.533898,0.65,169,77200000,False,1.0,5000.0,300.0,500.0,600000000000.0,100000000000.0,,768
1,planned_restart,thermal_loop,775,controller_tick,77000000,77.0,2,60000000,17000000,770,77000000,RUNNING,,0,0,62,1,0,reconstructed_from_retained_wire,True,,,317.23448534973653,300.9668264312963,293.06160122572186,0.5341332102131082,0.6500000000000323,375000.0000000046,382993.14808714954,0.00015188671549187847,19301.99888809171,-3.249442670494318e-08,0.000151887,300.967,293.062,317.234,0.0,151887,1,770,77000000,77000000,77000000,0,300967,1,770,77000000,77000000,77000000,0,293062,1,770,77000000,77000000,77000000,0,317234,1,770,77000000,77000000,77000000,0,0,1,770,77000000,77000000,77000000,0,1.0,0.533875,0.65,1.0,0.533875,0.65,1.0,0.533875,0.65,170,77300000,False,1.0,5000.0,300.0,500.0,600000000000.0,100000000000.0,,769
1,planned_restart,thermal_loop,776,controller_tick,77100000,77.1,2,60000000,17100000,771,77100000,RUNNING,,0,0,62,1,0,reconstructed_from_retained_wire,True,,,317.23567810914966,300.9651829188783,293.06209721039,0.534108638262541,0.6500000000000266,375500.0000000046,383488.7406090936,0.00015187972818460444,19300.223013294853,-3.282912075519562e-08,0.00015188,300.965,293.062,317.236,0.0,151880,1,771,77100000,77100000,77100000,0,300965,1,771,77100000,77100000,77100000,0,293062,1,771,77100000,77100000,77100000,0,317236,1,771,77100000,77100000,77100000,0,0,1,771,77100000,77100000,77100000,0,1.0,0.533851,0.65,1.0,0.533851,0.65,1.0,0.533851,0.65,171,77400000,False,1.0,5000.0,300.0,500.0,600000000000.0,100000000000.0,,770
1,planned_restart,thermal_loop,777,controller_tick,77200000,77.2,2,60000000,17200000,772,77200000,RUNNING,,0,0,62,1,0,reconstructed_from_retained_wire,True,,,317.2368624159979,300.9635683569585,293.06257868661646,0.5340841207402663,0.6500000000000217,376000.0000000046,383984.3575663813,0.00015187275635462045,19298.451153590377,-3.2645402825437486e-08,0.000151873,300.964,293.063,317.237,0.0,151873,1,772,77200000,77200000,77200000,0,300964,1,772,77200000,77200000,77200000,0,293063,1,772,77200000,77200000,77200000,0,317237,1,772,77200000,77200000,77200000,0,0,1,772,77200000,77200000,77200000,0,1.0,0.533828,0.65,1.0,0.533828,0.65,1.0,0.533828,0.65,172,77500000,False,1.0,5000.0,300.0,500.0,600000000000.0,100000000000.0,,771
1,planned_restart,thermal_loop,778,controller_tick,77300000,77.3,2,60000000,17300000,773,77300000,RUNNING,,0,0,62,1,0,reconstructed_from_retained_wire,True,,,317.238038381614,300.961982272502,293.063045938259,0.5340597476293296,0.6500000000000178,376500.00000000454,384479.9982406795,0.00015186582558960563,19296.68981098532,-3.2539901440031826e-08,0.000151866,300.962,293.063,317.238,0.0,151866,1,773,77300000,77300000,77300000,0,300962,1,773,77300000,77300000,77300000,0,293063,1,773,77300000,77300000,77300000,0,317238,1,773,77300000,77300000,77300000,0,0,1,773,77300000,77300000,77300000,0,1.0,0.533804,0.65,1.0,0.533804,0.65,1.0,0.533804,0.65,173,77600000,False,1.0,5000.0,300.0,500.0,600000000000.0,100000000000.0,,772
1,planned_restart,thermal_loop,779,controller_tick,77400000,77.4,2,60000000,17400000,774,77400000,RUNNING,,0,0,62,1,0,reconstructed_from_retained_wire,True,,,317.23920611558833,300.96042420157397,293.063499243373,0.534035410024593,0.6500000000000146,377000.00000000454,384975.66192776494,0.00015185890492117353,19294.93111447031,-3.2577190722804517e-08,0.000151859,300.96,293.063,317.239,0.0,151859,1,774,77400000,77400000,77400000,0,300960,1,774,77400000,77400000,77400000,0,293063,1,774,77400000,77400000,77400000,0,317239,1,774,77400000,77400000,77400000,0,0,1,774,77400000,77400000,77400000,0,1.0,0.533781,0.65,1.0,0.533781,0.65,1.0,0.533781,0.65,174,77700000,False,1.0,5000.0,300.0,500.0,600000000000.0,100000000000.0,,773
1,planned_restart,thermal_loop,780,controller_tick,77500000,77.5,2,60000000,17500000,775,77500000,RUNNING,,0,0,62,1,0,reconstructed_from_retained_wire,True,,,317.24036572581156,300.95889368865596,293.0639388746654,0.5340111997097766,0.6500000000000119,377500.00000000454,385471.34793712024,0.00015185202044904516,19293.1816957646,-3.2772732083685696e-08,0.000151852,300.959,293.064,317.24,0.0,151852,1,775,77500000,77500000,77500000,0,300959,1,775,77500000,77500000,77500000,0,293064,1,775,77500000,77500000,77500000,0,317240,1,775,77500000,77500000,77500000,0,0,1,775,77500000,77500000,77500000,0,1.0,0.533758,0.65,1.0,0.533758,0.65,1.0,0.533758,0.65,175,77800000,False,1.0,5000.0,300.0,500.0,600000000000.0,100000000000.0,,774
1,planned_restart,thermal_loop,781,controller_tick,77600000,77.6,2,60000000,17600000,776,77600000,RUNNING,,0,0,62,1,0,reconstructed_from_retained_wire,True,,,317.24151731848855,300.9573902814438,293.06436510295845,0.5339871045716432,0.6500000000000098,378000.00000000454,385967.05559184845,0.00015184516872868687,19291.440678383347,-3.336026566103101e-08,0.000151845,300.957,293.064,317.242,0.0,151845,1,776,77600000,77600000,77600000,0,300957,1,776,77600000,77600000,77600000,0,293064,1,776,77600000,77600000,77600000,0,317242,1,776,77600000,77600000,77600000,0,0,1,776,77600000,77600000,77600000,0,1.0,0.533735,0.65,1.0,0.533735,0.65,1.0,0.533735,0.65,176,77900000,False,1.0,5000.0,300.0,500.0,600000000000.0,100000000000.0,,775
1,planned_restart,thermal_loop,782,controller_tick,77700000,77.7,2,60000000,17700000,777,77700000,RUNNING,,0,0,62,1,0,reconstructed_from_retained_wire,True,,,317.24266099816435,300.9559135363996,293.06477819348527,0.5339631136496822,0.650000000000008,378500.00000000454,386462.78422845347,0.00015183834664335563,19289.70726929121,-3.359127731528133e-08,0.000151838,300.956,293.065,317.243,0.0,151838,1,777,77700000,77700000,77700000,0,300956,1,777,77700000,77700000,77700000,0,293065,1,777,77700000,77700000,77700000,0,317243,1,777,77700000,77700000,77700000,0,0,1,777,77700000,77700000,77700000,0,1.0,0.533712,0.65,1.0,0.533712,0.65,1.0,0.533712,0.65,177,78000000,False,1.0,5000.0,300.0,500.0,600000000000.0,100000000000.0,,776
1,planned_restart,thermal_loop,783,controller_tick,77800000,77.8,2,60000000,17800000,778,77800000,RUNNING,,0,0,62,1,0,reconstructed_from_retained_wire,True,,,317.24379686775507,300.95446301848193,293.0651784060668,0.5339392170264134,0.6500000000000066,379000.00000000454,386958.53319656465,0.00015183155137290572,19287.98075095662,-3.414425009395927e-08,0.000151832,300.954,293.065,317.244,0.0,151832,1,778,77800000,77800000,77800000,0,300954,1,778,77800000,77800000,77800000,0,293065,1,778,77800000,77800000,77800000,0,317244,1,778,77800000,77800000,77800000,0,0,1,778,77800000,77800000,77800000,0,1.0,0.533688,0.65,1.0,0.533688,0.65,1.0,0.533688,0.65,178,78100000,False,1.0,5000.0,300.0,500.0,600000000000.0,100000000000.0,,777
1,planned_restart,thermal_loop,784,controller_tick,77900000,77.9,2,60000000,17900000,779,77900000,RUNNING,,0,0,62,1,0,reconstructed_from_retained_wire,True,,,317.24492502858317,300.95303830628836,293.0655659916818,0.5339153105655481,0.6500000000000054,379500.0000000045,387454.30185861007,0.00015182475330502586,19286.25359917778,-3.392960934434086e-08,0.000151825,300.953,293.066,317.245,0.0,151825,1,779,77900000,77900000,77900000,0,300953,1,779,77900000,77900000,77900000,0,293066,1,779,77900000,77900000,77900000,0,317245,1,779,77900000,77900000,77900000,0,0,1,779,77900000,77900000,77900000,0,1.0,0.533665,0.65,1.0,0.533665,0.65,1.0,0.533665,0.65,179,78200000,False,1.0,5000.0,300.0,500.0,600000000000.0,100000000000.0,,778
1,planned_restart,thermal_loop,785,controller_tick,78000000,78.0,2,60000000,18000000,780,78000000,RUNNING,,0,0,62,1,0,reconstructed_from_retained_wire,True,,,317.24604558042176,300.951638985612,293.0659411967606,0.5338914903658392,0.6500000000000044,380000.0000000044,387950.08958939044,0.00015181797976646474,19284.53275635741,-3.3642209018580616e-08,0.000151818,300.952,293.066,317.246,0.0,151818,1,780,78000000,78000000,78000000,0,300952,1,780,78000000,78000000,78000000,0,293066,1,780,78000000,78000000,78000000,0,317246,1,780,78000000,78000000,78000000,0,0,1,780,78000000,78000000,78000000,0,1.0,0.533643,0.65,1.0,0.533643,0.65,1.0,0.533643,0.65,180,78300000,False,1.0,5000.0,300.0,500.0,600000000000.0,100000000000.0,,779
1,planned_restart,thermal_loop,786,controller_tick,78100000,78.1,2,60000000,18100000,781,78100000,RUNNING,,0,0,62,1,0,reconstructed_from_retained_wire,True,,,317.24715862149895,300.95026463892157,293.0663042701943,0.5338678433810342,0.6500000000000037,380500.0000000044,388445.8957760925,0.0001518112554834869,19282.824503042633,-3.361037670401856e-08,0.000151811,300.95,293.066,317.247,0.0,151811,1,781,78100000,78100000,78100000,0,300950,1,781,78100000,78100000,78100000,0,293066,1,781,78100000,78100000,78100000,0,317247,1,781,78100000,78100000,78100000,0,0,1,781,78100000,78100000,78100000,0,1.0,0.533621,0.65,1.0,0.533621,0.65,1.0,0.533621,0.65,181,78400000,False,1.0,5000.0,300.0,500.0,600000000000.0,100000000000.0,,780
1,planned_restart,thermal_loop,787,controller_tick,78200000,78.2,2,60000000,18200000,782,78200000,RUNNING,,0,0,62,1,0,reconstructed_from_retained_wire,True,,,317.2482642484998,300.9489148517782,293.06665545905145,0.5338443531275557,0.650000000000003,381000.0000000044,388941.7198183339,0.00015180457576880393,19281.127646879228,-3.2946445571724325e-08,0.000151805,300.949,293.067,317.248,0.0,151805,1,782,78200000,78200000,78200000,0,300949,1,782,78200000,78200000,78200000,0,293067,1,782,78200000,78200000,78200000,0,317248,1,782,78200000,78200000,78200000,0,0,1,782,78200000,78200000,78200000,0,1.0,0.533597,0.65,1.0,0.533597,0.65,1.0,0.533597,0.65,182,78500000,False,1.0,5000.0,300.0,500.0,600000000000.0,100000000000.0,,781
1,planned_restart,thermal_loop,788,controller_tick,78300000,78.3,2,60000000,18300000,783,78300000,RUNNING,,0,0,62,1,0,reconstructed_from_retained_wire,True,,,317.2493625566021,300.9475892291153,293.06699499772344,0.5338208143652822,0.6500000000000026,381500.0000000044,389437.5611278269,0.00015179788226010586,19279.427361500122,-3.267814463470131e-08,0.000151798,300.948,293.067,317.249,0.0,151798,1,783,78300000,78300000,78300000,0,300948,1,783,78300000,78300000,78300000,0,293067,1,783,78300000,78300000,78300000,0,317249,1,783,78300000,78300000,78300000,0,0,1,783,78300000,78300000,78300000,0,1.0,0.533575,0.65,1.0,0.533575,0.65,1.0,0.533575,0.65,183,78600000,False,1.0,5000.0,300.0,500.0,600000000000.0,100000000000.0,,782
1,planned_restart,thermal_loop,789,controller_tick,78400000,78.4,2,60000000,18400000,784,78400000,RUNNING,,0,0,62,1,0,reconstructed_from_retained_wire,True,,,317.25045363953615,300.9462873825302,293.0673231163969,0.5337974220355995,0.6500000000000021,382000.0000000044,389933.4191277732,0.0001517912303911427,19277.73772772241,-3.190507413819432e-08,0.000151791,300.946,293.067,317.25,0.0,151791,1,784,78400000,78400000,78400000,0,300946,1,784,78400000,78400000,78400000,0,293067,1,784,78400000,78400000,78400000,0,317250,1,784,78400000,78400000,78400000,0,0,1,784,78400000,78400000,78400000,0,1.0,0.533553,0.65,1.0,0.533553,0.65,1.0,0.533553,0.65,184,78700000,False,1.0,5000.0,300.0,500.0,600000000000.0,100000000000.0,,783
1,planned_restart,thermal_loop,790,controller_tick,78500000,78.5,2,60000000,18500000,785,78500000,RUNNING,,0,0,62,1,0,reconstructed_from_retained_wire,True,,,317.25153758957714,300.94500892019937,293.0676400477715,0.5337741622036045,0.6500000000000017,382500.0000000044,390429.29325301177,0.0001517846161993698,19276.057737699994,-3.198601916665211e-08,0.000151785,300.945,293.068,317.252,0.0,151785,1,785,78500000,78500000,78500000,0,300945,1,785,78500000,78500000,78500000,0,293068,1,785,78500000,78500000,78500000,0,317252,1,785,78500000,78500000,78500000,0,0,1,785,78500000,78500000,78500000,0,1.0,0.533529,0.65,1.0,0.533529,0.65,1.0,0.533529,0.65,185,78800000,False,1.0,5000.0,300.0,500.0,600000000000.0,100000000000.0,,784
1,planned_restart,thermal_loop,791,controller_tick,78600000,78.6,2,60000000,18600000,786,78600000,RUNNING,,0,0,62,1,0,reconstructed_from_retained_wire,True,,,317.2526144975731,300.94375346901415,293.0679460123004,0.5337508319353109,0.6500000000000015,383000.0000000044,390925.18294976844,0.00015177798197825245,19274.37273380736,-3.108834789600223e-08,0.000151778,300.944,293.068,317.253,0.0,151778,1,786,78600000,78600000,78600000,0,300944,1,786,78600000,78600000,78600000,0,293068,1,786,78600000,78600000,78600000,0,317253,1,786,78600000,78600000,78600000,0,0,1,786,78600000,78600000,78600000,0,1.0,0.533507,0.65,1.0,0.533507,0.65,1.0,0.533507,0.65,186,78900000,False,1.0,5000.0,300.0,500.0,600000000000.0,100000000000.0,,785
1,planned_restart,thermal_loop,792,controller_tick,78700000,78.7,2,60000000,18700000,787,78700000,RUNNING,,0,0,62,1,0,reconstructed_from_retained_wire,True,,,317.2536844530024,300.94252066191814,293.06824122663267,0.5337276282587828,0.6500000000000012,383500.0000000044,391421.08767507185,0.0001517713837549108,19272.696945922387,-3.1179297366179526e-08,0.000151771,300.943,293.068,317.254,0.0,151771,1,787,78700000,78700000,78700000,0,300943,1,787,78700000,78700000,78700000,0,293068,1,787,78700000,78700000,78700000,0,317254,1,787,78700000,78700000,78700000,0,0,1,787,78700000,78700000,78700000,0,1.0,0.533486,0.65,1.0,0.533486,0.65,1.0,0.533486,0.65,187,79000000,False,1.0,5000.0,300.0,500.0,600000000000.0,100000000000.0,,786
1,planned_restart,thermal_loop,793,controller_tick,78800000,78.8,2,60000000,18800000,788,78800000,RUNNING,,0,0,62,1,0,reconstructed_from_retained_wire,True,,,317.2547475439586,300.94131012247544,293.068525913895,0.5337046342898031,0.650000000000001,384000.0000000044,391917.006896981,0.00015176484516424147,19271.03637515077,-3.141030902042985e-08,0.000151765,300.941,293.069,317.255,0.0,151765,1,788,78800000,78800000,78800000,0,300941,1,788,78800000,78800000,78800000,0,293069,1,788,78800000,78800000,78800000,0,317255,1,788,78800000,78800000,78800000,0,0,1,788,78800000,78800000,78800000,0,1.0,0.533463,0.65,1.0,0.533463,0.65,1.0,0.533463,0.65,188,79100000,False,1.0,5000.0,300.0,500.0,600000000000.0,100000000000.0,,787
1,planned_restart,thermal_loop,794,controller_tick,78900000,78.9,2,60000000,18900000,789,78900000,RUNNING,,0,0,62,1,0,reconstructed_from_retained_wire,True,,,317.2558038571561,300.94012148783196,293.06880028838026,0.5336816397468959,0.6500000000000008,384500.00000000437,392412.94009458093,0.00015175830641036954,19269.375834476115,-3.0766386771574616e-08,0.000151758,300.94,293.069,317.256,0.0,151758,1,789,78900000,78900000,78900000,0,300940,1,789,78900000,78900000,78900000,0,293069,1,789,78900000,78900000,78900000,0,317256,1,789,78900000,78900000,78900000,0,0,1,789,78900000,78900000,78900000,0,1.0,0.533442,0.65,1.0,0.533442,0.65,1.0,0.533442,0.65,189,79200000,False,1.0,5000.0,300.0,500.0,600000000000.0,100000000000.0,,788
1,planned_restart,thermal_loop,795,controller_tick,79000000,79.0,2,60000000,19000000,790,79000000,RUNNING,,0,0,62,1,0,reconstructed_from_retained_wire,True,,,317.25685347798355,300.9389544017889,293.0690645601654,0.5336588350098415,0.6500000000000006,385000.00000000437,392908.88675744104,0.00015175182162990164,19267.72907120872,-3.042350726900622e-08,0.000151752,300.939,293.069,317.257,0.0,151752,1,790,79000000,79000000,79000000,0,300939,1,790,79000000,79000000,79000000,0,293069,1,790,79000000,79000000,79000000,0,317257,1,790,79000000,79000000,79000000,0,0,1,790,79000000,79000000,79000000,0,1.0,0.533419,0.65,1.0,0.533419,0.65,1.0,0.533419,0.65,190,79300000,False,1.0,5000.0,300.0,500.0,600000000000.0,100000000000.0,,789
1,planned_restart,thermal_loop,796,controller_tick,79100000,79.1,2,60000000,19100000,791,79100000,RUNNING,,0,0,62,1,0,reconstructed_from_retained_wire,True,,,317.25789649050694,300.9378085154436,293.0693189346799,0.533636011691061,0.6500000000000006,385500.00000000437,393404.84638564195,0.00015174533156551339,19266.081036583182,-3.022341843461618e-08,0.000151745,300.938,293.069,317.258,0.0,151745,1,791,79100000,79100000,79100000,0,300938,1,791,79100000,79100000,79100000,0,293069,1,791,79100000,79100000,79100000,0,317258,1,791,79100000,79100000,79100000,0,0,1,791,79100000,79100000,79100000,0,1.0,0.533398,0.65,1.0,0.533398,0.65,1.0,0.533398,0.65,191,79400000,False,1.0,5000.0,300.0,500.0,600000000000.0,100000000000.0,,790
1,planned_restart,thermal_loop,797,controller_tick,79200000,79.2,2,60000000,19200000,792,79200000,RUNNING,,0,0,62,1,0,reconstructed_from_retained_wire,True,,,317.25893297751566,300.93668348611453,293.06956361342264,0.5336133618840034,0.6500000000000006,386000.00000000437,393900.81848931295,0.0001517388908411122,19264.445600638457,-2.9187503969296813e-08,0.000151739,300.937,293.07,317.259,0.0,151739,1,792,79200000,79200000,79200000,0,300937,1,792,79200000,79200000,79200000,0,293070,1,792,79200000,79200000,79200000,0,317259,1,792,79200000,79200000,79200000,0,0,1,792,79200000,79200000,79200000,0,1.0,0.533375,0.65,1.0,0.533375,0.65,1.0,0.533375,0.65,192,79500000,False,1.0,5000.0,300.0,500.0,600000000000.0,100000000000.0,,791
1,planned_restart,thermal_loop,798,controller_tick,79300000,79.3,2,60000000,19300000,793,79300000,RUNNING,,0,0,62,1,0,reconstructed_from_retained_wire,True,,,317.2599630205238,300.93557897800855,293.06979879351235,0.5335906787516813,0.6500000000000006,386500.00000000437,394396.8025886722,0.0001517324406403016,19262.807828002937,-2.9637703846674412e-08,0.000151732,300.936,293.07,317.26,0.0,151732,1,793,79300000,79300000,79300000,0,300936,1,793,79300000,79300000,79300000,0,293070,1,793,79300000,79300000,79300000,0,317260,1,793,79300000,79300000,79300000,0,0,1,793,79300000,79300000,79300000,0,1.0,0.533354,0.65,1.0,0.533354,0.65,1.0,0.533354,0.65,193,79600000,False,1.0,5000.0,300.0,500.0,600000000000.0,100000000000.0,,792
1,planned_restart,thermal_loop,799,controller_tick,79400000,79.4,2,60000000,19400000,794,79400000,RUNNING,,0,0,62,1,0,reconstructed_from_retained_wire,True,,,317.2609866998155,300.9344946611702,293.07002466838844,0.5335681557905767,0.6500000000000006,387000.00000000437,394892.7982135773,0.0001517260359859571,19261.181688970937,-2.9989678296260536e-08,0.000151726,300.934,293.07,317.261,0.0,151726,1,794,79400000,79400000,79400000,0,300934,1,794,79400000,79400000,79400000,0,293070,1,794,79400000,79400000,79400000,0,317261,1,794,79400000,79400000,79400000,0,0,1,794,79400000,79400000,79400000,0,1.0,0.533332,0.65,1.0,0.533332,0.65,1.0,0.533332,0.65,194,79700000,False,1.0,5000.0,300.0,500.0,600000000000.0,100000000000.0,,793
1,planned_restart,thermal_loop,800,controller_tick,79500000,79.5,2,60000000,19500000,795,79500000,RUNNING,,0,0,62,1,0,reconstructed_from_retained_wire,True,,,317.26200409443913,300.93343020679185,293.0702414309328,0.533545682595801,0.6500000000000006,387500.00000000437,395388.8049036382,0.00015171964548322143,19259.55921144017,-2.9252987587824464e-08,0.00015172,300.933,293.07,317.262,0.0,151720,1,795,79500000,79500000,79500000,0,300933,1,795,79500000,79500000,79500000,0,293070,1,795,79500000,79500000,79500000,0,317262,1,795,79500000,79500000,79500000,0,0,1,795,79500000,79500000,79500000,0,1.0,0.533309,0.65,1.0,0.533309,0.65,1.0,0.533309,0.65,195,79800000,False,1.0,5000.0,300.0,500.0,600000000000.0,100000000000.0,,794
1,planned_restart,thermal_loop,801,controller_tick,79600000,79.6,2,60000000,19600000,796,79600000,RUNNING,,0,0,62,1,0,reconstructed_from_retained_wire,True,,,317.2630152822473,300.93238530312397,293.07044926286227,0.53352315926888,0.6500000000000006,388000.00000000437,395884.8222078257,0.000151713240724853,19257.933183129797,-2.8274371288716793e-08,0.000151713,300.932,293.07,317.263,0.0,151713,1,796,79600000,79600000,79600000,0,300932,1,796,79600000,79600000,79600000,0,293070,1,796,79600000,79600000,79600000,0,317263,1,796,79600000,79600000,79600000,0,0,1,796,79600000,79600000,79600000,0,1.0,0.533289,0.65,1.0,0.533289,0.65,1.0,0.533289,0.65,196,79900000,False,1.0,5000.0,300.0,500.0,600000000000.0,100000000000.0,,795
1,planned_restart,thermal_loop,802,controller_tick,79700000,79.7,2,60000000,19700000,797,79700000,RUNNING,,0,0,62,1,0,reconstructed_from_retained_wire,True,,,317.2640203399276,300.93135963257185,293.07064834999625,0.5335008760682641,0.6500000000000006,388500.00000000437,396380.8496841783,0.00015170690424906851,19256.324557826116,-2.836077328538522e-08,0.000151707,300.931,293.071,317.264,0.0,151707,1,797,79700000,79700000,79700000,0,300931,1,797,79700000,79700000,79700000,0,293071,1,797,79700000,79700000,79700000,0,317264,1,797,79700000,79700000,79700000,0,0,1,797,79700000,79700000,79700000,0,1.0,0.533267,0.65,1.0,0.533267,0.65,1.0,0.533267,0.65,197,80000000,False,1.0,5000.0,300.0,500.0,600000000000.0,100000000000.0,,796
1,planned_restart,thermal_loop,803,controller_tick,79800000,79.8,2,60000000,19800000,798,79800000,RUNNING,,0,0,62,1,0,reconstructed_from_retained_wire,True,,,317.2650193429748,300.93035287902984,293.07083887736115,0.5334786198177499,0.6500000000000006,389000.00000000437,396876.8869001617,0.00015170057543684504,19254.717945117172,-2.7880560082849115e-08,0.000151701,300.93,293.071,317.265,0.0,151701,1,798,79800000,79800000,79800000,0,300930,1,798,79800000,79800000,79800000,0,293071,1,798,79800000,79800000,79800000,0,317265,1,798,79800000,79800000,79800000,0,0,1,798,79800000,79800000,79800000,0,1.0,0.533245,0.65,1.0,0.533245,0.65,1.0,0.533245,0.65,198,80100000,False,1.0,5000.0,300.0,500.0,600000000000.0,100000000000.0,,797
1,planned_restart,thermal_loop,804,controller_tick,79900000,79.9,2,60000000,19900000,799,79900000,RUNNING,,0,0,62,1,0,reconstructed_from_retained_wire,True,,,317.2660123657421,300.9293647433181,293.0710210188994,0.5334563879526963,0.6500000000000006,389500.00000000437,397372.93343214976,0.0001516942535588983,19253.11315963723,-2.787601260934025e-08,0.000151694,300.929,293.071,317.266,0.0,151694,1,799,79900000,79900000,79900000,0,300929,1,799,79900000,79900000,79900000,0,293071,1,799,79900000,79900000,79900000,0,317266,1,799,79900000,79900000,79900000,0,0,1,799,79900000,79900000,79900000,0,1.0,0.533225,0.65,1.0,0.533225,0.65,1.0,0.533225,0.65,199,80200000,False,1.0,5000.0,300.0,500.0,600000000000.0,100000000000.0,,798
1,planned_restart,thermal_loop,805,controller_tick,80000000,80.0,2,60000000,20000000,800,80000000,RUNNING,,0,0,62,1,0,reconstructed_from_retained_wire,True,,,317.26699948146035,300.92839492069226,293.0711949524613,0.5334343684776838,0.6500000000000006,390000.00000000437,397868.9888652523,0.0001516879920764206,19251.523771248034,-2.8113390726502985e-08,0.000151688,300.928,293.071,317.267,0.0,151688,1,800,80000000,80000000,80000000,0,300928,1,800,80000000,80000000,80000000,0,293071,1,800,80000000,80000000,80000000,0,317267,1,800,80000000,80000000,80000000,0,0,1,800,80000000,80000000,80000000,0,1.0,0.533203,0.65,1.0,0.533203,0.65,1.0,0.533203,0.65,200,80300000,False,1.0,5000.0,300.0,500.0,600000000000.0,100000000000.0,,799
1,planned_restart,thermal_loop,806,controller_tick,80100000,80.1,2,60000000,20100000,801,80100000,RUNNING,,0,0,62,1,0,reconstructed_from_retained_wire,True,,,317.26798076222747,300.9274431130889,293.0713608516365,0.5334123508559637,0.6500000000000006,390500.00000000437,398365.05279348843,0.00015168173112094723,19249.934582229645,-2.846627467079088e-08,0.000151682,300.927,293.071,317.268,0.0,151682,1,801,80100000,80100000,80100000,0,300927,1,801,80100000,80100000,80100000,0,293071,1,801,80100000,80100000,80100000,0,317268,1,801,80100000,80100000,80100000,0,0,1,801,80100000,80100000,80100000,0,1.0,0.533182,0.65,1.0,0.533182,0.65,1.0,0.533182,0.65,201,80400000,False,1.0,5000.0,300.0,500.0,600000000000.0,100000000000.0,,800
1,planned_restart,thermal_loop,807,controller_tick,80200000,80.2,2,60000000,20200000,802,80200000,RUNNING,,0,0,62,1,0,reconstructed_from_retained_wire,True,,,317.26895627905736,300.9265090334122,293.0715188828967,0.533390430073754,0.6500000000000006,391000.00000000437,398861.12481928355,0.00015167549770286502,19248.352448061698,-2.825436240527779e-08,0.000151675,300.927,293.072,317.269,0.0,151675,1,802,80200000,80200000,80200000,0,300927,1,802,80200000,80200000,80200000,0,293072,1,802,80200000,80200000,80200000,0,317269,1,802,80200000,80200000,80200000,0,0,1,802,80200000,80200000,80200000,0,1.0,0.533162,0.65,1.0,0.533162,0.65,1.0,0.533162,0.65,202,80500000,False,1.0,5000.0,300.0,500.0,600000000000.0,100000000000.0,,801
1,planned_restart,thermal_loop,808,controller_tick,80300000,80.3,2,60000000,20300000,803,80300000,RUNNING,,0,0,62,1,0,reconstructed_from_retained_wire,True,,,317.26992610188313,300.92559238926634,293.07166921643767,0.5333686920781386,0.6500000000000006,391500.00000000437,399357.2045534828,0.00015166931626218268,19246.78357073923,-2.7039277483709157e-08,0.000151669,300.926,293.072,317.27,0.0,151669,1,803,80300000,80300000,80300000,0,300926,1,803,80300000,80300000,80300000,0,293072,1,803,80300000,80300000,80300000,0,317270,1,803,80300000,80300000,80300000,0,0,1,803,80300000,80300000,80300000,0,1.0,0.533141,0.65,1.0,0.533141,0.65,1.0,0.533141,0.65,203,80600000,False,1.0,5000.0,300.0,500.0,600000000000.0,100000000000.0,,802
1,planned_restart,thermal_loop,809,controller_tick,80400000,80.4,2,60000000,20400000,804,80400000,RUNNING,,0,0,62,1,0,reconstructed_from_retained_wire,True,,,317.2708902995565,300.92469289473996,293.0718120183189,0.5333470243120916,0.6500000000000006,392000.00000000437,399853.291615399,0.00015166315479205874,19245.219825664295,-2.685101208044216e-08,0.000151663,300.925,293.072,317.271,0.0,151663,1,804,80400000,80400000,80400000,0,300925,1,804,80400000,80400000,80400000,0,293072,1,804,80400000,80400000,80400000,0,317271,1,804,80400000,80400000,80400000,0,0,1,804,80400000,80400000,80400000,0,1.0,0.533119,0.65,1.0,0.533119,0.65,1.0,0.533119,0.65,204,80700000,False,1.0,5000.0,300.0,500.0,600000000000.0,100000000000.0,,803
1,planned_restart,thermal_loop,810,controller_tick,80500000,80.5,2,60000000,20500000,805,80500000,RUNNING,,0,0,62,1,0,reconstructed_from_retained_wire,True,,,317.27184893989187,300.9238102804718,293.07194744375386,0.5333253249298038,0.6500000000000006,392500.00000000437,400349.38563237264,0.0001516569843315053,19243.6538625375,-2.7240275812800974e-08,0.000151657,300.924,293.072,317.272,0.0,151657,1,805,80500000,80500000,80500000,0,300924,1,805,80500000,80500000,80500000,0,293072,1,805,80500000,80500000,80500000,0,317272,1,805,80500000,80500000,80500000,0,0,1,805,80500000,80500000,80500000,0,1.0,0.533098,0.65,1.0,0.533098,0.65,1.0,0.533098,0.65,205,80800000,False,1.0,5000.0,300.0,500.0,600000000000.0,100000000000.0,,804
1,planned_restart,thermal_loop,811,controller_tick,80600000,80.6,2,60000000,20600000,806,80600000,RUNNING,,0,0,62,1,0,reconstructed_from_retained_wire,True,,,317.2728020897058,300.9229442815057,293.0720756452065,0.5333036921025402,0.6500000000000006,393000.00000000437,400845.486239374,0.00015165083279661284,19242.092765857615,-2.7061105356551707e-08,0.000151651,300.923,293.072,317.273,0.0,151651,1,806,80600000,80600000,80600000,0,300923,1,806,80600000,80600000,80600000,0,293072,1,806,80600000,80600000,80600000,0,317273,1,806,80600000,80600000,80600000,0,0,1,806,80600000,80600000,80600000,0,1.0,0.533077,0.65,1.0,0.533077,0.65,1.0,0.533077,0.65,206,80900000,False,1.0,5000.0,300.0,500.0,600000000000.0,100000000000.0,,805
1,planned_restart,thermal_loop,812,controller_tick,80700000,80.7,2,60000000,20700000,807,80700000,RUNNING,,0,0,62,1,0,reconstructed_from_retained_wire,True,,,317.2737498148171,300.9220946322556,293.0721967757446,0.5332821194967531,0.6500000000000006,393500.00000000437,401341.5930790439,0.00015164469838636655,19240.536078018093,-2.6988345780409873e-08,0.000151645,300.922,293.072,317.274,0.0,151645,1,807,80700000,80700000,80700000,0,300922,1,807,80700000,80700000,80700000,0,293072,1,807,80700000,80700000,80700000,0,317274,1,807,80700000,80700000,80700000,0,0,1,807,80700000,80700000,80700000,0,1.0,0.533056,0.65,1.0,0.533056,0.65,1.0,0.533056,0.65,207,81000000,False,1.0,5000.0,300.0,500.0,600000000000.0,100000000000.0,,806
1,planned_restart,thermal_loop,813,controller_tick,80800000,80.8,2,60000000,20800000,808,80800000,RUNNING,,0,0,62,1,0,reconstructed_from_retained_wire,True,,,317.2746921800595,300.9212610721541,293.0723109852718,0.533260601381611,0.6500000000000006,394000.00000000437,401837.7058015974,0.00015163857947114089,19238.98338497754,-2.678279997780919e-08,0.000151639,300.921,293.072,317.275,0.0,151639,1,808,80800000,80800000,80800000,0,300921,1,808,80800000,80800000,80800000,0,293072,1,808,80800000,80800000,80800000,0,317275,1,808,80800000,80800000,80800000,0,0,1,808,80800000,80800000,80800000,0,1.0,0.533036,0.65,1.0,0.533036,0.65,1.0,0.533036,0.65,208,81100000,False,1.0,5000.0,300.0,500.0,600000000000.0,100000000000.0,,807
1,planned_restart,thermal_loop,814,controller_tick,80900000,80.9,2,60000000,20900000,809,80900000,RUNNING,,0,0,62,1,0,reconstructed_from_retained_wire,True,,,317.27562924929373,300.92044334013633,293.0724184242029,0.5332392277342256,0.6500000000000006,394500.00000000437,402333.82406472747,0.00015163250163692765,19237.44117839019,-2.7201167540624738e-08,0.000151633,300.92,293.072,317.276,0.0,151633,1,809,80900000,80900000,80900000,0,300920,1,809,80900000,80900000,80900000,0,293072,1,809,80900000,80900000,80900000,0,317276,1,809,80900000,80900000,80900000,0,0,1,809,80900000,80900000,80900000,0,1.0,0.533015,0.65,1.0,0.533015,0.65,1.0,0.533015,0.65,209,81200000,False,1.0,5000.0,300.0,500.0,600000000000.0,100000000000.0,,808
1,planned_restart,thermal_loop,815,controller_tick,81000000,81.0,2,60000000,21000000,810,81000000,RUNNING,,0,0,62,1,0,reconstructed_from_retained_wire,True,,,317.2765610854102,300.9196411806728,293.07251923943863,0.5332178896440901,0.6500000000000006,395000.0000000043,402829.9475336217,0.00015162643391381368,19235.901599081662,-2.7383066480979323e-08,0.000151626,300.92,293.073,317.277,0.0,151626,1,810,81000000,81000000,81000000,0,300920,1,810,81000000,81000000,81000000,0,293073,1,810,81000000,81000000,81000000,0,317277,1,810,81000000,81000000,81000000,0,0,1,810,81000000,81000000,81000000,0,1.0,0.532996,0.65,1.0,0.532996,0.65,1.0,0.532996,0.65,210,81300000,False,1.0,5000.0,300.0,500.0,600000000000.0,100000000000.0,,809
1,planned_restart,thermal_loop,816,controller_tick,81100000,81.1,2,60000000,21100000,811,81100000,RUNNING,,0,0,62,1,0,reconstructed_from_retained_wire,True,,,317.277487750353,300.9188543377821,293.0726135783563,0.5331967740526488,0.6500000000000006,395500.0000000043,403326.0758807328,0.0001516204294606766,19234.378134079136,-2.7222085918765515e-08,0.00015162,300.919,293.073,317.277,0.0,151620,1,811,81100000,81100000,81100000,0,300919,1,811,81100000,81100000,81100000,0,293073,1,811,81100000,81100000,81100000,0,317277,1,811,81100000,81100000,81100000,0,0,1,811,81100000,81100000,81100000,0,1.0,0.532976,0.65,1.0,0.532976,0.65,1.0,0.532976,0.65,211,81400000,False,1.0,5000.0,300.0,500.0,600000000000.0,100000000000.0,,810
1,planned_restart,thermal_loop,817,controller_tick,81200000,81.2,2,60000000,21200000,812,81200000,RUNNING,,0,0,62,1,0,reconstructed_from_retained_wire,True,,,317.2784093051062,300.9180825560895,293.0727015880996,0.5331757646237694,0.6500000000000006,396000.0000000043,403822.20878597046,0.00015161445519604403,19232.862388456815,-2.6320776669308543e-08,0.000151614,300.918,293.073,317.278,0.0,151614,1,812,81200000,81200000,81200000,0,300918,1,812,81200000,81200000,81200000,0,293073,1,812,81200000,81200000,81200000,0,317278,1,812,81200000,81200000,81200000,0,0,1,812,81200000,81200000,81200000,0,1.0,0.532956,0.65,1.0,0.532956,0.65,1.0,0.532956,0.65,212,81500000,False,1.0,5000.0,300.0,500.0,600000000000.0,100000000000.0,,811
1,planned_restart,thermal_loop,818,controller_tick,81300000,81.3,2,60000000,21300000,813,81300000,RUNNING,,0,0,62,1,0,reconstructed_from_retained_wire,True,,,317.2793258097259,300.9173255912781,293.07278340861063,0.5331548512547484,0.6500000000000006,396500.0000000043,404318.3459363882,0.00015160850824709997,19231.353632482893,-2.687283995328471e-08,0.000151609,300.917,293.073,317.279,0.0,151609,1,813,81300000,81300000,81300000,0,300917,1,813,81300000,81300000,81300000,0,293073,1,813,81300000,81300000,81300000,0,317279,1,813,81300000,81300000,81300000,0,0,1,813,81300000,81300000,81300000,0,1.0,0.532934,0.65,1.0,0.532934,0.65,1.0,0.532934,0.65,213,81600000,False,1.0,5000.0,300.0,500.0,600000000000.0,100000000000.0,,812
1,planned_restart,thermal_loop,819,controller_tick,81400000,81.4,2,60000000,21400000,814,81400000,RUNNING,,0,0,62,1,0,reconstructed_from_retained_wire,True,,,317.28023732337493,300.91658321482026,293.07285916947586,0.5331338344791179,0.6500000000000006,397000.0000000043,404814.48702583555,0.00015160253189333705,19229.837476052635,-2.6486304705031216e-08,0.000151603,300.917,293.073,317.28,0.0,151603,1,814,81400000,81400000,81400000,0,300917,1,814,81400000,81400000,81400000,0,293073,1,814,81400000,81400000,81400000,0,317280,1,814,81400000,81400000,81400000,0,0,1,814,81400000,81400000,81400000,0,1.0,0.532914,0.65,1.0,0.532914,0.65,1.0,0.532914,0.65,214,81700000,False,1.0,5000.0,300.0,500.0,600000000000.0,100000000000.0,,813
1,planned_restart,thermal_loop,820,controller_tick,81500000,81.5,2,60000000,21500000,815,81500000,RUNNING,,0,0,62,1,0,reconstructed_from_retained_wire,True,,,317.2811439043703,300.9158552014559,293.0729289982749,0.5331129144624817,0.6500000000000006,397500.00000000425,405310.6317544673,0.0001515965830540697,19228.328359200346,-2.7126588975079358e-08,0.000151597,300.916,293.073,317.281,0.0,151597,1,815,81500000,81500000,81500000,0,300916,1,815,81500000,81500000,81500000,0,293073,1,815,81500000,81500000,81500000,0,317281,1,815,81500000,81500000,81500000,0,0,1,815,81500000,81500000,81500000,0,1.0,0.532894,0.65,1.0,0.532894,0.65,1.0,0.532894,0.65,215,81800000,False,1.0,5000.0,300.0,500.0,600000000000.0,100000000000.0,,814
1,planned_restart,thermal_loop,821,controller_tick,81600000,81.6,2,60000000,21600000,816,81600000,RUNNING,,0,0,62,1,0,reconstructed_from_retained_wire,True,,,317.2820456101639,300.9151413192679,293.07299302719247,0.533092081997004,0.6500000000000006,398000.00000000425,405806.77982899756,0.00015159065911094747,19226.82561691345,-2.646902430569753e-08,0.000151591,300.915,293.073,317.282,0.0,151591,1,816,81600000,81600000,81600000,0,300915,1,816,81600000,81600000,81600000,0,293073,1,816,81600000,81600000,81600000,0,317282,1,816,81600000,81600000,81600000,0,0,1,816,81600000,81600000,81600000,0,1.0,0.532874,0.65,1.0,0.532874,0.65,1.0,0.532874,0.65,216,81900000,False,1.0,5000.0,300.0,500.0,600000000000.0,100000000000.0,,815
1,planned_restart,thermal_loop,822,controller_tick,81700000,81.7,2,60000000,21700000,817,81700000,RUNNING,,0,0,62,1,0,reconstructed_from_retained_wire,True,,,317.2829424973477,300.91444134109554,293.07305138540676,0.5330713287510904,0.6500000000000006,398500.00000000425,406302.93096267397,0.00015158475769478885,19225.32864749017,-2.586057235021144e-08,0.000151585,300.914,293.073,317.283,0.0,151585,1,817,81700000,81700000,81700000,0,300914,1,817,81700000,81700000,81700000,0,293073,1,817,81700000,81700000,81700000,0,317283,1,817,81700000,81700000,81700000,0,0,1,817,81700000,81700000,81700000,0,1.0,0.532854,0.65,1.0,0.532854,0.65,1.0,0.532854,0.65,217,82000000,False,1.0,5000.0,300.0,500.0,600000000000.0,100000000000.0,,816
1,planned_restart,thermal_loop,823,controller_tick,81800000,81.8,2,60000000,21800000,818,81800000,RUNNING,,0,0,62,1,0,reconstructed_from_retained_wire,True,,,317.28383462167074,300.9137550443628,293.0731041992024,0.5330506471860029,0.6500000000000006,399000.0000000042,406799.0848751303,0.0001515788766618699,19223.836906511908,-2.6942871045321226e-08,0.000151579,300.914,293.073,317.284,0.0,151579,1,818,81800000,81800000,81800000,0,300914,1,818,81800000,81800000,81800000,0,293073,1,818,81800000,81800000,81800000,0,317284,1,818,81800000,81800000,81800000,0,0,1,818,81800000,81800000,81800000,0,1.0,0.532835,0.65,1.0,0.532835,0.65,1.0,0.532835,0.65,218,82100000,False,1.0,5000.0,300.0,500.0,600000000000.0,100000000000.0,,817
1,planned_restart,thermal_loop,824,controller_tick,81900000,81.9,2,60000000,21900000,819,81900000,RUNNING,,0,0,62,1,0,reconstructed_from_retained_wire,True,,,317.28472203804967,300.91308220555567,293.0731515956508,0.5330301256429909,0.6500000000000006,399500.00000000413,407295.2412923047,0.0001515730411330068,19222.356764974997,-2.7974238037131727e-08,0.000151573,300.913,293.073,317.285,0.0,151573,1,819,81900000,81900000,81900000,0,300913,1,819,81900000,81900000,81900000,0,293073,1,819,81900000,81900000,81900000,0,317285,1,819,81900000,81900000,81900000,0,0,1,819,81900000,81900000,81900000,0,1.0,0.532815,0.65,1.0,0.532815,0.65,1.0,0.532815,0.65,219,82200000,False,1.0,5000.0,300.0,500.0,600000000000.0,100000000000.0,,818
1,planned_restart,thermal_loop,825,controller_tick,82000000,82.0,2,60000000,22000000,820,82000000,RUNNING,,0,0,62,1,0,reconstructed_from_retained_wire,True,,,317.2856048005691,300.91242260623756,293.0731936985966,0.5330096537313584,0.6500000000000006,400000.00000000413,407791.39994646935,0.0001515672197173782,19220.880259939862,-2.8414433472789824e-08,0.000151567,300.912,293.073,317.286,0.0,151567,1,820,82000000,82000000,82000000,0,300912,1,820,82000000,82000000,82000000,0,293073,1,820,82000000,82000000,82000000,0,317286,1,820,82000000,82000000,82000000,0,0,1,820,82000000,82000000,82000000,0,1.0,0.532796,0.65,1.0,0.532796,0.65,1.0,0.532796,0.65,220,82300000,False,1.0,5000.0,300.0,500.0,600000000000.0,100000000000.0,,819
1,planned_restart,thermal_loop,826,controller_tick,82100000,82.1,2,60000000,22100000,821,82100000,RUNNING,,0,0,62,1,0,reconstructed_from_retained_wire,True,,,317.28648296250975,300.9117760324214,293.0732306290759,0.5329893218906375,0.6500000000000006,400500.00000000413,408287.56057595613,0.00015156143813247025,19219.41391343112,-2.7355781639926136e-08,0.000151561,300.912,293.073,317.286,0.0,151561,1,821,82100000,82100000,82100000,0,300912,1,821,82100000,82100000,82100000,0,293073,1,821,82100000,82100000,82100000,0,317286,1,821,82100000,82100000,82100000,0,0,1,821,82100000,82100000,82100000,0,1.0,0.532776,0.65,1.0,0.532776,0.65,1.0,0.532776,0.65,221,82400000,False,1.0,5000.0,300.0,500.0,600000000000.0,100000000000.0,,820
1,planned_restart,thermal_loop,827,controller_tick,82200000,82.2,2,60000000,22200000,822,82200000,RUNNING,,0,0,62,1,0,reconstructed_from_retained_wire,True,,,317.28735657635303,300.9111422748182,293.0732625051486,0.5329690216287363,0.6500000000000006,401000.00000000413,408783.7229251357,0.0001515556655273507,19217.949900213956,-2.649085217854008e-08,0.000151556,300.911,293.073,317.287,0.0,151556,1,822,82200000,82200000,82200000,0,300911,1,822,82200000,82200000,82200000,0,293073,1,822,82200000,82200000,82200000,0,317287,1,822,82200000,82200000,82200000,0,0,1,822,82200000,82200000,82200000,0,1.0,0.532755,0.65,1.0,0.532755,0.65,1.0,0.532755,0.65,222,82500000,False,1.0,5000.0,300.0,500.0,600000000000.0,100000000000.0,,821
1,planned_restart,thermal_loop,828,controller_tick,82300000,82.3,2,60000000,22300000,823,82300000,RUNNING,,0,0,62,1,0,reconstructed_from_retained_wire,True,,,317.2882256938188,300.91052113895904,293.0732894351506,0.5329486547779508,0.6500000000000006,401500.00000000413,409279.8867440347,0.00015154987398694175,19216.481140779575,-2.6877387426793575e-08,0.00015155,300.911,293.073,317.288,0.0,151550,1,823,82300000,82300000,82300000,0,300911,1,823,82300000,82300000,82300000,0,293073,1,823,82300000,82300000,82300000,0,317288,1,823,82300000,82300000,82300000,0,0,1,823,82300000,82300000,82300000,0,1.0,0.532736,0.65,1.0,0.532736,0.65,1.0,0.532736,0.65,223,82600000,False,1.0,5000.0,300.0,500.0,600000000000.0,100000000000.0,,822
1,planned_restart,thermal_loop,829,controller_tick,82400000,82.4,2,60000000,22400000,824,82400000,RUNNING,,0,0,62,1,0,reconstructed_from_retained_wire,True,,,317.28909036589397,300.9099124277828,293.0733115293025,0.5329284180002154,0.6500000000000006,402000.0000000041,409776.05178805266,0.0001515441194342504,19215.02181718029,-2.623619366204366e-08,0.000151544,300.91,293.073,317.289,0.0,151544,1,824,82400000,82400000,82400000,0,300910,1,824,82400000,82400000,82400000,0,293073,1,824,82400000,82400000,82400000,0,317289,1,824,82400000,82400000,82400000,0,0,1,824,82400000,82400000,82400000,0,1.0,0.532717,0.65,1.0,0.532717,0.65,1.0,0.532717,0.65,224,82700000,False,1.0,5000.0,300.0,500.0,600000000000.0,100000000000.0,,823
1,planned_restart,thermal_loop,830,controller_tick,82500000,82.5,2,60000000,22500000,825,82500000,RUNNING,,0,0,62,1,0,reconstructed_from_retained_wire,True,,,317.2899506428063,300.9093159374762,293.07332890247733,0.5329082989174425,0.6500000000000006,402500.0000000041,410272.2178182813,0.00015153839834942988,19213.57103578403,-2.4985638447105885e-08,0.000151538,300.909,293.073,317.29,0.0,151538,1,825,82500000,82500000,82500000,0,300909,1,825,82500000,82500000,82500000,0,293073,1,825,82500000,82500000,82500000,0,317290,1,825,82500000,82500000,82500000,0,0,1,825,82500000,82500000,82500000,0,1.0,0.532699,0.65,1.0,0.532699,0.65,1.0,0.532699,0.65,225,82800000,False,1.0,5000.0,300.0,500.0,600000000000.0,100000000000.0,,824
1,planned_restart,thermal_loop,831,controller_tick,82600000,82.6,2,60000000,22600000,826,82600000,RUNNING,,0,0,62,1,0,reconstructed_from_retained_wire,True,,,317.29080657402403,300.9087314634839,293.07334167019155,0.5328883814920577,0.6500000000000006,403000.0000000041,410768.38460154255,0.0001515327346081292,19212.134849795402,-2.5601366360206157e-08,0.000151533,300.909,293.073,317.291,0.0,151533,1,826,82600000,82600000,82600000,0,300909,1,826,82600000,82600000,82600000,0,293073,1,826,82600000,82600000,82600000,0,317291,1,826,82600000,82600000,82600000,0,0,1,826,82600000,82600000,82600000,0,1.0,0.532678,0.65,1.0,0.532678,0.65,1.0,0.532678,0.65,226,82900000,False,1.0,5000.0,300.0,500.0,600000000000.0,100000000000.0,,825
1,planned_restart,thermal_loop,832,controller_tick,82700000,82.7,2,60000000,22700000,827,82700000,RUNNING,,0,0,62,1,0,reconstructed_from_retained_wire,True,,,317.29165820826785,300.9081588171882,293.07334993748384,0.5328683610460774,0.6500000000000006,403500.0000000041,411264.5519102915,0.00015152704157177704,19210.691289395247,-2.4997461878228933e-08,0.000151527,300.908,293.073,317.292,0.0,151527,1,827,82700000,82700000,82700000,0,300908,1,827,82700000,82700000,82700000,0,293073,1,827,82700000,82700000,82700000,0,317292,1,827,82700000,82700000,82700000,0,0,1,827,82700000,82700000,82700000,0,1.0,0.53266,0.65,1.0,0.53266,0.65,1.0,0.53266,0.65,227,83000000,False,1.0,5000.0,300.0,500.0,600000000000.0,100000000000.0,,826
1,planned_restart,thermal_loop,833,controller_tick,82800000,82.8,2,60000000,22800000,828,82800000,RUNNING,,0,0,62,1,0,reconstructed_from_retained_wire,True,,,317.2925055935685,300.90759781291445,293.0733538075803,0.5328485328709532,0.6500000000000006,404000.0000000041,411760.7195220041,0.00015152140320978005,19209.261646008432,-2.5221197574865073e-08,0.000151521,300.908,293.073,317.293,0.0,151521,1,828,82800000,82800000,82800000,0,300908,1,828,82800000,82800000,82800000,0,293073,1,828,82800000,82800000,82800000,0,317293,1,828,82800000,82800000,82800000,0,0,1,828,82800000,82800000,82800000,0,1.0,0.532641,0.65,1.0,0.532641,0.65,1.0,0.532641,0.65,228,83100000,False,1.0,5000.0,300.0,500.0,600000000000.0,100000000000.0,,827
1,planned_restart,thermal_loop,834,controller_tick,82900000,82.9,2,60000000,22900000,829,82900000,RUNNING,,0,0,62,1,0,reconstructed_from_retained_wire,True,,,317.2933487772354,300.90704825839714,293.0733533882455,0.5328287835071122,0.6500000000000006,404500.0000000041,412256.887219558,0.0001515157872586474,19207.837737923823,-2.5333065423183143e-08,0.000151516,300.907,293.073,317.293,0.0,151516,1,829,82900000,82900000,82900000,0,300907,1,829,82900000,82900000,82900000,0,293073,1,829,82900000,82900000,82900000,0,317293,1,829,82900000,82900000,82900000,0,0,1,829,82900000,82900000,82900000,0,1.0,0.532621,0.65,1.0,0.532621,0.65,1.0,0.532621,0.65,229,83200000,False,1.0,5000.0,300.0,500.0,600000000000.0,100000000000.0,,828
1,planned_restart,thermal_loop,835,controller_tick,83000000,83.0,2,60000000,23000000,830,83000000,RUNNING,,0,0,62,1,0,reconstructed_from_retained_wire,True,,,317.29418780588315,300.90650997642075,293.07334877735514,0.532809010292087,0.6500000000000006,405000.0000000041,412753.0547909678,0.00015151016452516546,19206.41216306625,-2.5646841095294803e-08,0.00015151,300.907,293.073,317.294,0.0,151510,1,830,83000000,83000000,83000000,0,300907,1,830,83000000,83000000,83000000,0,293073,1,830,83000000,83000000,83000000,0,317294,1,830,83000000,83000000,83000000,0,0,1,830,83000000,83000000,83000000,0,1.0,0.532603,0.65,1.0,0.532603,0.65,1.0,0.532603,0.65,230,83300000,False,1.0,5000.0,300.0,500.0,600000000000.0,100000000000.0,,829
1,planned_restart,thermal_loop,836,controller_tick,83100000,83.1,2,60000000,23100000,831,83100000,RUNNING,,0,0,62,1,0,reconstructed_from_retained_wire,True,,,317.2950227254606,300.9059827873635,293.0733400745336,0.5327894058207822,0.6500000000000006,405500.0000000041,413249.22202909424,0.00015150458977583603,19204.99880622847,-2.5590452423784882e-08,0.000151505,300.906,293.073,317.295,0.0,151505,1,831,83100000,83100000,83100000,0,300906,1,831,83100000,83100000,83100000,0,293073,1,831,83100000,83100000,83100000,0,317295,1,831,83100000,83100000,83100000,0,0,1,831,83100000,83100000,83100000,0,1.0,0.532582,0.65,1.0,0.532582,0.65,1.0,0.532582,0.65,231,83400000,False,1.0,5000.0,300.0,500.0,600000000000.0,100000000000.0,,830
1,planned_restart,thermal_loop,837,controller_tick,83200000,83.2,2,60000000,23200000,832,83200000,RUNNING,,0,0,62,1,0,reconstructed_from_retained_wire,True,,,317.2958535812413,300.9054665210642,293.07332737323935,0.5327696685473635,0.6500000000000006,406000.000000004,413745.38873177767,0.00015149897726274942,19203.57592774313,-2.655269781826064e-08,0.000151499,300.905,293.073,317.296,0.0,151499,1,832,83200000,83200000,83200000,0,300905,1,832,83200000,83200000,83200000,0,293073,1,832,83200000,83200000,83200000,0,317296,1,832,83200000,83200000,83200000,0,0,1,832,83200000,83200000,83200000,0,1.0,0.532565,0.65,1.0,0.532565,0.65,1.0,0.532565,0.65,232,83500000,False,1.0,5000.0,300.0,500.0,600000000000.0,100000000000.0,,831
1,planned_restart,thermal_loop,838,controller_tick,83300000,83.3,2,60000000,23300000,833,83300000,RUNNING,,0,0,62,1,0,reconstructed_from_retained_wire,True,,,317.29668041786823,300.90496100431244,293.0733107691072,0.5327501917599508,0.6500000000000006,406500.000000004,414241.55470137094,0.000151493438821754,19202.17187961022,-2.6318957679904997e-08,0.000151493,300.905,293.073,317.297,0.0,151493,1,833,83300000,83300000,83300000,0,300905,1,833,83300000,83300000,83300000,0,293073,1,833,83300000,83300000,83300000,0,317297,1,833,83300000,83300000,83300000,0,0,1,833,83300000,83300000,83300000,0,1.0,0.532547,0.65,1.0,0.532547,0.65,1.0,0.532547,0.65,233,83600000,False,1.0,5000.0,300.0,500.0,600000000000.0,100000000000.0,,832
1,planned_restart,thermal_loop,839,controller_tick,83400000,83.4,2,60000000,23400000,834,83400000,RUNNING,,0,0,62,1,0,reconstructed_from_retained_wire,True,,,317.2975032792998,300.90446605215936,293.073290365733,0.5327308555074413,0.6500000000000006,407000.000000004,414737.719745367,0.00015148794034342043,19200.77801317234,-2.6811903808265924e-08,0.000151488,300.904,293.073,317.298,0.0,151488,1,834,83400000,83400000,83400000,0,300904,1,834,83400000,83400000,83400000,0,293073,1,834,83400000,83400000,83400000,0,317298,1,834,83400000,83400000,83400000,0,0,1,834,83400000,83400000,83400000,0,1.0,0.532527,0.65,1.0,0.532527,0.65,1.0,0.532527,0.65,234,83700000,False,1.0,5000.0,300.0,500.0,600000000000.0,100000000000.0,,833
1,planned_restart,thermal_loop,840,controller_tick,83500000,83.5,2,60000000,23500000,835,83500000,RUNNING,,0,0,62,1,0,reconstructed_from_retained_wire,True,,,317.29832220883804,300.90398150061634,293.0732662528754,0.5327114560910068,0.6500000000000006,407500.00000000396,415233.8836761176,0.0001514824239037227,19199.37964436121,-2.779506758088246e-08,0.000151482,300.904,293.073,317.298,0.0,151482,1,835,83500000,83500000,83500000,0,300904,1,835,83500000,83500000,83500000,0,293073,1,835,83500000,83500000,83500000,0,317298,1,835,83500000,83500000,83500000,0,0,1,835,83500000,83500000,83500000,0,1.0,0.532509,0.65,1.0,0.532509,0.65,1.0,0.532509,0.65,235,83800000,False,1.0,5000.0,300.0,500.0,600000000000.0,100000000000.0,,834
1,planned_restart,thermal_loop,841,controller_tick,83600000,83.6,2,60000000,23600000,836,83600000,RUNNING,,0,0,62,1,0,reconstructed_from_retained_wire,True,,,317.299137249179,300.9035071883298,293.0732385186748,0.5326921898466536,0.6500000000000006,408000.0000000039,415730.0463102981,0.00015147694533298658,19197.99092539728,-2.803699317155406e-08,0.000151477,300.904,293.073,317.299,0.0,151477,1,836,83600000,83600000,83600000,0,300904,1,836,83600000,83600000,83600000,0,293073,1,836,83600000,83600000,83600000,0,317299,1,836,83600000,83600000,83600000,0,0,1,836,83600000,83600000,83600000,0,1.0,0.53249,0.65,1.0,0.53249,0.65,1.0,0.53249,0.65,236,83900000,False,1.0,5000.0,300.0,500.0,600000000000.0,100000000000.0,,835
1,planned_restart,thermal_loop,842,controller_tick,83700000,83.7,2,60000000,23700000,837,83700000,RUNNING,,0,0,62,1,0,reconstructed_from_retained_wire,True,,,317.2999484423961,300.90304295199695,293.0732072527058,0.5326729489388004,0.6500000000000006,408500.0000000039,416226.2074691209,0.00015147147396696585,19196.604082825696,-2.8522663342300802e-08,0.000151471,300.903,293.073,317.3,0.0,151471,1,837,83700000,83700000,83700000,0,300903,1,837,83700000,83700000,83700000,0,293073,1,837,83700000,83700000,83700000,0,317300,1,837,83700000,83700000,83700000,0,0,1,837,83700000,83700000,83700000,0,1.0,0.532472,0.65,1.0,0.532472,0.65,1.0,0.532472,0.65,237,84000000,False,1.0,5000.0,300.0,500.0,600000000000.0,100000000000.0,,836
1,planned_restart,thermal_loop,843,controller_tick,83800000,83.8,2,60000000,23800000,838,83800000,RUNNING,,0,0,62,1,0,reconstructed_from_retained_wire,True,,,317.3007558299582,300.9025886315762,293.07317254250273,0.5326538261189423,0.6500000000000006,409000.00000000384,416722.36697816395,0.00015146603618057915,19195.225801412238,-2.8780959837604314e-08,0.000151466,300.903,293.073,317.301,0.0,151466,1,838,83800000,83800000,83800000,0,300903,1,838,83800000,83800000,83800000,0,293073,1,838,83800000,83800000,83800000,0,317301,1,838,83800000,83800000,83800000,0,0,1,838,83800000,83800000,83800000,0,1.0,0.532453,0.65,1.0,0.532453,0.65,1.0,0.532453,0.65,238,84100000,False,1.0,5000.0,300.0,500.0,600000000000.0,100000000000.0,,837
1,planned_restart,thermal_loop,844,controller_tick,83900000,83.9,2,60000000,23900000,839,83900000,RUNNING,,0,0,62,1,0,reconstructed_from_retained_wire,True,,,317.3015594527301,300.9021440705811,293.0731344733621,0.532634714986939,0.6500000000000006,409500.00000000384,417218.5246673874,0.00015146060171776388,19193.84841183894,-2.9125658329576254e-08,0.000151461,300.902,293.073,317.302,0.0,151461,1,839,83900000,83900000,83900000,0,300902,1,839,83900000,83900000,83900000,0,293073,1,839,83900000,83900000,83900000,0,317302,1,839,83900000,83900000,83900000,0,0,1,839,83900000,83900000,83900000,0,1.0,0.532434,0.65,1.0,0.532434,0.65,1.0,0.532434,0.65,239,84200000,False,1.0,5000.0,300.0,500.0,600000000000.0,100000000000.0,,838
1,planned_restart,thermal_loop,845,controller_tick,84000000,84.0,2,60000000,24000000,840,84000000,RUNNING,,0,0,62,1,0,reconstructed_from_retained_wire,True,,,317.30235935100114,300.9017091208781,293.0730931251441,0.5326156144305443,0.6500000000000006,410000.0000000038,417714.68037084735,0.00015145517026224044,19192.471833856922,-2.8859176381956786e-08,0.000151455,300.902,293.073,317.302,0.0,151455,1,840,84000000,84000000,84000000,0,300902,1,840,84000000,84000000,84000000,0,293073,1,840,84000000,84000000,84000000,0,317302,1,840,84000000,84000000,84000000,0,0,1,840,84000000,84000000,84000000,0,1.0,0.532417,0.65,1.0,0.532417,0.65,1.0,0.532417,0.65,240,84300000,False,1.0,5000.0,300.0,500.0,600000000000.0,100000000000.0,,839
1,planned_restart,thermal_loop,846,controller_tick,84100000,84.1,2,60000000,24100000,841,84100000,RUNNING,,0,0,62,1,0,reconstructed_from_retained_wire,True,,,317.3031555644891,300.901283626134,293.07304858330633,0.5325967137685195,0.6500000000000006,410500.0000000037,418210.8339266745,0.00015144979564890302,19191.109710864832,-2.8581780497916043e-08,0.00015145,300.901,293.073,317.303,0.0,151450,1,841,84100000,84100000,84100000,0,300901,1,841,84100000,84100000,84100000,0,293073,1,841,84100000,84100000,84100000,0,317303,1,841,84100000,84100000,84100000,0,0,1,841,84100000,84100000,84100000,0,1.0,0.532398,0.65,1.0,0.532398,0.65,1.0,0.532398,0.65,241,84400000,False,1.0,5000.0,300.0,500.0,600000000000.0,100000000000.0,,840
1,planned_restart,thermal_loop,847,controller_tick,84200000,84.2,2,60000000,24200000,842,84200000,RUNNING,,0,0,62,1,0,reconstructed_from_retained_wire,True,,,317.3039481323195,300.90086743407255,293.0730009307285,0.5325778036532366,0.6500000000000006,411000.0000000037,418706.9851773308,0.0001514444183474266,19189.7469549744,-2.8241629479452968e-08,0.000151444,300.901,293.073,317.304,0.0,151444,1,842,84200000,84200000,84200000,0,300901,1,842,84200000,84200000,84200000,0,293073,1,842,84200000,84200000,84200000,0,317304,1,842,84200000,84200000,84200000,0,0,1,842,84200000,84200000,84200000,0,1.0,0.532381,0.65,1.0,0.532381,0.65,1.0,0.532381,0.65,242,84500000,False,1.0,5000.0,300.0,500.0,600000000000.0,100000000000.0,,841
1,planned_restart,thermal_loop,848,controller_tick,84300000,84.3,2,60000000,24300000,843,84300000,RUNNING,,0,0,62,1,0,reconstructed_from_retained_wire,True,,,317.3047370930601,300.90046039544853,293.07295024839755,0.5325590753094559,0.6500000000000006,411500.0000000037,419203.13396925107,0.00015143909273469727,19188.397346122976,-2.835076884366572e-08,0.000151439,300.9,293.073,317.305,0.0,151439,1,843,84300000,84300000,84300000,0,300900,1,843,84300000,84300000,84300000,0,293073,1,843,84300000,84300000,84300000,0,317305,1,843,84300000,84300000,84300000,0,0,1,843,84300000,84300000,84300000,0,1.0,0.532362,0.65,1.0,0.532362,0.65,1.0,0.532362,0.65,243,84600000,False,1.0,5000.0,300.0,500.0,600000000000.0,100000000000.0,,842
1,planned_restart,thermal_loop,849,controller_tick,84400000,84.4,2,60000000,24400000,844,84400000,RUNNING,,0,0,62,1,0,reconstructed_from_retained_wire,True,,,317.30552248471093,300.90006236475625,293.0728966149324,0.5325403211141678,0.6500000000000006,412000.0000000037,419699.2801529833,0.0001514337597708045,19187.045921909405,-2.8231625037733465e-08,0.000151434,300.9,293.073,317.306,0.0,151434,1,844,84400000,84400000,84400000,0,300900,1,844,84400000,84400000,84400000,0,293073,1,844,84400000,84400000,84400000,0,317306,1,844,84400000,84400000,84400000,0,0,1,844,84400000,84400000,84400000,0,1.0,0.532343,0.65,1.0,0.532343,0.65,1.0,0.532343,0.65,244,84700000,False,1.0,5000.0,300.0,500.0,600000000000.0,100000000000.0,,843
1,planned_restart,thermal_loop,850,controller_tick,84500000,84.5,2,60000000,24500000,845,84500000,RUNNING,,0,0,62,1,0,reconstructed_from_retained_wire,True,,,317.306304344748,300.8996732099361,293.07284010011495,0.5325215435274687,0.6500000000000006,412500.0000000037,420195.42358272005,0.000151428420155304,19185.69285979527,-2.802153176162392e-08,0.000151428,300.9,293.073,317.306,0.0,151428,1,845,84500000,84500000,84500000,0,300900,1,845,84500000,84500000,84500000,0,293073,1,845,84500000,84500000,84500000,0,317306,1,845,84500000,84500000,84500000,0,0,1,845,84500000,84500000,84500000,0,1.0,0.532327,0.65,1.0,0.532327,0.65,1.0,0.532327,0.65,245,84800000,False,1.0,5000.0,300.0,500.0,600000000000.0,100000000000.0,,844
1,planned_restart,thermal_loop,851,controller_tick,84600000,84.6,2,60000000,24600000,846,84600000,RUNNING,,0,0,62,1,0,reconstructed_from_retained_wire,True,,,317.3070827101263,300.89929278473653,293.0727807833136,0.5325030302630915,0.6500000000000006,413000.00000000367,420691.56411629514,0.0001514231557027938,19184.35889074049,-2.7691385184880346e-08,0.000151423,300.899,293.073,317.307,0.0,151423,1,846,84600000,84600000,84600000,0,300899,1,846,84600000,84600000,84600000,0,293073,1,846,84600000,84600000,84600000,0,317307,1,846,84600000,84600000,84600000,0,0,1,846,84600000,84600000,84600000,0,1.0,0.532308,0.65,1.0,0.532308,0.65,1.0,0.532308,0.65,246,84900000,False,1.0,5000.0,300.0,500.0,600000000000.0,100000000000.0,,845
1,planned_restart,thermal_loop,852,controller_tick,84700000,84.7,2,60000000,24700000,847,84700000,RUNNING,,0,0,62,1,0,reconstructed_from_retained_wire,True,,,317.3078576172417,300.8989209471674,293.0727187411758,0.5324844706796958,0.6500000000000006,413500.0000000036,421187.70161562733,0.00015141787807895584,19183.021630730174,-2.69101292360574e-08,0.000151418,300.899,293.073,317.308,0.0,151418,1,847,84700000,84700000,84700000,0,300899,1,847,84700000,84700000,84700000,0,293073,1,847,84700000,84700000,84700000,0,317308,1,847,84700000,84700000,84700000,0,0,1,847,84700000,84700000,84700000,0,1.0,0.53229,0.65,1.0,0.53229,0.65,1.0,0.53229,0.65,247,85000000,False,1.0,5000.0,300.0,500.0,600000000000.0,100000000000.0,,846
1,planned_restart,thermal_loop,853,controller_tick,84800000,84.8,2,60000000,24800000,848,84800000,RUNNING,,0,0,62,1,0,reconstructed_from_retained_wire,True,,,317.30862910198744,300.8985575687357,293.07265404147404,0.532465964347701,0.6500000000000006,414000.00000000355,421683.8359461187,0.00015141261559774562,19181.68825401245,-2.7182068151887506e-08,0.000151413,300.899,293.073,317.309,0.0,151413,1,848,84800000,84800000,84800000,0,300899,1,848,84800000,84800000,84800000,0,293073,1,848,84800000,84800000,84800000,0,317309,1,848,84800000,84800000,84800000,0,0,1,848,84800000,84800000,84800000,0,1.0,0.532272,0.65,1.0,0.532272,0.65,1.0,0.532272,0.65,248,85100000,False,1.0,5000.0,300.0,500.0,600000000000.0,100000000000.0,,847
1,planned_restart,thermal_loop,854,controller_tick,84900000,84.9,2,60000000,24900000,849,84900000,RUNNING,,0,0,62,1,0,reconstructed_from_retained_wire,True,,,317.3093971997568,300.89820251791235,293.0725867541265,0.5324475061995659,0.6500000000000006,414500.00000000355,422179.96697664604,0.00015140736681815153,19180.358395091163,-2.7458554541226476e-08,0.000151407,300.898,293.073,317.309,0.0,151407,1,849,84900000,84900000,84900000,0,300898,1,849,84900000,84900000,84900000,0,293073,1,849,84900000,84900000,84900000,0,317309,1,849,84900000,84900000,84900000,0,0,1,849,84900000,84900000,84900000,0,1.0,0.532256,0.65,1.0,0.532256,0.65,1.0,0.532256,0.65,249,85200000,False,1.0,5000.0,300.0,500.0,600000000000.0,100000000000.0,,848
1,planned_restart,thermal_loop,855,controller_tick,85000000,85.0,2,60000000,25000000,850,85000000,RUNNING,,0,0,62,1,0,reconstructed_from_retained_wire,True,,,317.31016194543645,300.8978556551101,293.0725169545425,0.5324292819751544,0.6500000000000006,415000.00000000355,422676.09457966057,0.00015140218455736838,19179.04543496047,-2.6929228624794632e-08,0.000151402,300.898,293.073,317.31,0.0,151402,1,850,85000000,85000000,85000000,0,300898,1,850,85000000,85000000,85000000,0,293073,1,850,85000000,85000000,85000000,0,317310,1,850,85000000,85000000,85000000,0,0,1,850,85000000,85000000,85000000,0,1.0,0.532237,0.65,1.0,0.532237,0.65,1.0,0.532237,0.65,250,85300000,False,1.0,5000.0,300.0,500.0,600000000000.0,100000000000.0,,849
1,planned_restart,thermal_loop,856,controller_tick,85100000,85.1,2,60000000,25100000,851,85100000,RUNNING,,0,0,62,1,0,reconstructed_from_retained_wire,True,,,317.3109233733907,300.8975168502465,293.07244471191063,0.5324109839259348,0.6500000000000006,415500.0000000035,423172.21863138076,0.0001513969813036805,19177.72720135141,-2.704928192542866e-08,0.000151397,300.898,293.072,317.311,0.0,151397,1,851,85100000,85100000,85100000,0,300898,1,851,85100000,85100000,85100000,0,293072,1,851,85100000,85100000,85100000,0,317311,1,851,85100000,85100000,85100000,0,0,1,851,85100000,85100000,85100000,0,1.0,0.53222,0.65,1.0,0.53222,0.65,1.0,0.53222,0.65,251,85400000,False,1.0,5000.0,300.0,500.0,600000000000.0,100000000000.0,,850
1,planned_restart,thermal_loop,857,controller_tick,85200000,85.2,2,60000000,25200000,852,85200000,RUNNING,,0,0,62,1,0,reconstructed_from_retained_wire,True,,,317.311681517517,300.89718598088166,293.07237009044377,0.5323928094024304,0.6500000000000006,416000.0000000035,423668.33901120356,0.00015139181317590274,19176.417911666278,-2.6167072064708918e-08,0.000151392,300.897,293.072,317.312,0.0,151392,1,852,85200000,85200000,85200000,0,300897,1,852,85200000,85200000,85200000,0,293072,1,852,85200000,85200000,85200000,0,317312,1,852,85200000,85200000,85200000,0,0,1,852,85200000,85200000,85200000,0,1.0,0.532202,0.65,1.0,0.532202,0.65,1.0,0.532202,0.65,252,85500000,False,1.0,5000.0,300.0,500.0,600000000000.0,100000000000.0,,851
1,planned_restart,thermal_loop,858,controller_tick,85300000,85.3,2,60000000,25300000,853,85300000,RUNNING,,0,0,62,1,0,reconstructed_from_retained_wire,True,,,317.31243641123183,300.8968629218765,293.07229315626995,0.5323746514870333,0.6500000000000006,416500.0000000035,424164.4556018785,0.00015138664977082494,19175.109863060257,-2.571141521912068e-08,0.000151387,300.897,293.072,317.312,0.0,151387,1,853,85300000,85300000,85300000,0,300897,1,853,85300000,85300000,85300000,0,293072,1,853,85300000,85300000,85300000,0,317312,1,853,85300000,85300000,85300000,0,0,1,853,85300000,85300000,85300000,0,1.0,0.532184,0.65,1.0,0.532184,0.65,1.0,0.532184,0.65,253,85600000,False,1.0,5000.0,300.0,500.0,600000000000.0,100000000000.0,,852
1,planned_restart,thermal_loop,859,controller_tick,85400000,85.4,2,60000000,25400000,854,85400000,RUNNING,,0,0,62,1,0,reconstructed_from_retained_wire,True,,,317.31318808749154,300.89654755597473,293.07221397037836,0.5323565085992731,0.6500000000000006,417000.00000000343,424660.56828930037,0.0001513814906390227,19173.802941563787,-2.6075213099829853e-08,0.000151381,300.897,293.072,317.313,0.0,151381,1,854,85400000,85400000,85400000,0,300897,1,854,85400000,85400000,85400000,0,293072,1,854,85400000,85400000,85400000,0,317313,1,854,85400000,85400000,85400000,0,0,1,854,85400000,85400000,85400000,0,1.0,0.532168,0.65,1.0,0.532168,0.65,1.0,0.532168,0.65,254,85700000,False,1.0,5000.0,300.0,500.0,600000000000.0,100000000000.0,,853
1,planned_restart,thermal_loop,860,controller_tick,85500000,85.5,2,60000000,25500000,855,85500000,RUNNING,,0,0,62,1,0,reconstructed_from_retained_wire,True,,,317.3139365787949,300.8962397572621,293.07213259964493,0.532338569634245,0.6500000000000006,417500.00000000343,425156.6769625019,0.00015137638949491605,19172.510753416776,-2.5976987672038376e-08,0.000151376,300.896,293.072,317.314,0.0,151376,1,855,85500000,85500000,85500000,0,300896,1,855,85500000,85500000,85500000,0,293072,1,855,85500000,85500000,85500000,0,317314,1,855,85500000,85500000,85500000,0,0,1,855,85500000,85500000,85500000,0,1.0,0.532151,0.65,1.0,0.532151,0.65,1.0,0.532151,0.65,255,85800000,False,1.0,5000.0,300.0,500.0,600000000000.0,100000000000.0,,854
1,planned_restart,thermal_loop,861,controller_tick,85600000,85.6,2,60000000,25600000,856,85600000,RUNNING,,0,0,62,1,0,reconstructed_from_retained_wire,True,,,317.3146819171549,300.89593939806707,293.0720491122276,0.5323207200235532,0.6500000000000006,418000.00000000343,425652.7815139857,0.00015137131375970818,19171.225044903407,-2.536580723244697e-08,0.000151371,300.896,293.072,317.315,0.0,151371,1,856,85600000,85600000,85600000,0,300896,1,856,85600000,85600000,85600000,0,293072,1,856,85600000,85600000,85600000,0,317315,1,856,85600000,85600000,85600000,0,0,1,856,85600000,85600000,85600000,0,1.0,0.532133,0.65,1.0,0.532133,0.65,1.0,0.532133,0.65,256,85900000,False,1.0,5000.0,300.0,500.0,600000000000.0,100000000000.0,,855
1,planned_restart,thermal_loop,862,controller_tick,85700000,85.7,2,60000000,25700000,857,85700000,RUNNING,,0,0,62,1,0,reconstructed_from_retained_wire,True,,,317.31542413412785,300.89564636479355,293.071963567012,0.5323028561014267,0.6500000000000006,418500.00000000343,426148.88183942635,0.00015136623395488474,19169.938348699652,-2.5722329155541956e-08,0.000151366,300.896,293.072,317.315,0.0,151366,1,857,85700000,85700000,85700000,0,300896,1,857,85700000,85700000,85700000,0,293072,1,857,85700000,85700000,85700000,0,317315,1,857,85700000,85700000,85700000,0,0,1,857,85700000,85700000,85700000,0,1.0,0.532116,0.65,1.0,0.532116,0.65,1.0,0.532116,0.65,257,86000000,False,1.0,5000.0,300.0,500.0,600000000000.0,100000000000.0,,856
1,planned_restart,thermal_loop,863,controller_tick,85800000,85.8,2,60000000,25800000,858,85800000,RUNNING,,0,0,62,1,0,reconstructed_from_retained_wire,True,,,317.3161632608436,300.89536054584437,293.0718760216638,0.5322850743923604,0.6500000000000006,419000.00000000343,426644.9778373502,0.0001513611775282588,19168.657616991637,-2.5958797778002918e-08,0.000151361,300.895,293.072,317.316,0.0,151361,1,858,85800000,85800000,85800000,0,300895,1,858,85800000,85800000,85800000,0,293072,1,858,85800000,85800000,85800000,0,317316,1,858,85800000,85800000,85800000,0,0,1,858,85800000,85800000,85800000,0,1.0,0.532099,0.65,1.0,0.532099,0.65,1.0,0.532099,0.65,258,86100000,False,1.0,5000.0,300.0,500.0,600000000000.0,100000000000.0,,857
1,planned_restart,thermal_loop,864,controller_tick,85900000,85.9,2,60000000,25900000,859,85900000,RUNNING,,0,0,62,1,0,reconstructed_from_retained_wire,True,,,317.3168993279972,300.895081826626,293.0717865359563,0.5322673670727471,0.6500000000000006,419500.00000000343,427141.0694092522,0.00015135614225510072,19167.382285716943,-2.6156158128287643e-08,0.000151356,300.895,293.072,317.317,0.0,151356,1,859,85900000,85900000,85900000,0,300895,1,859,85900000,85900000,85900000,0,293072,1,859,85900000,85900000,85900000,0,317317,1,859,85900000,85900000,85900000,0,0,1,859,85900000,85900000,85900000,0,1.0,0.532082,0.65,1.0,0.532082,0.65,1.0,0.532082,0.65,259,86200000,False,1.0,5000.0,300.0,500.0,600000000000.0,100000000000.0,,858
1,planned_restart,thermal_loop,865,controller_tick,86000000,86.0,2,60000000,26000000,860,86000000,RUNNING,,0,0,62,1,0,reconstructed_from_retained_wire,True,,,317.31763236585255,300.8948100951993,293.0716951680019,0.5322497270634945,0.6500000000000006,420000.00000000343,427637.1564595739,0.0001513511261223919,19166.111844509967,-2.5799636205192655e-08,0.000151351,300.895,293.072,317.318,0.0,151351,1,860,86000000,86000000,86000000,0,300895,1,860,86000000,86000000,86000000,0,293072,1,860,86000000,86000000,86000000,0,317318,1,860,86000000,86000000,86000000,0,0,1,860,86000000,86000000,86000000,0,1.0,0.532065,0.65,1.0,0.532065,0.65,1.0,0.532065,0.65,260,86300000,False,1.0,5000.0,300.0,500.0,600000000000.0,100000000000.0,,859
1,planned_restart,thermal_loop,866,controller_tick,86100000,86.1,2,60000000,26100000,861,86100000,RUNNING,,0,0,62,1,0,reconstructed_from_retained_wire,True,,,317.3183624042512,300.8945452421581,293.07160197433274,0.5322321479591748,0.6500000000000006,420500.00000000343,428133.2388956226,0.00015134612730867774,19164.8458315899,-2.6418092602398247e-08,0.000151346,300.895,293.072,317.318,0.0,151346,1,861,86100000,86100000,86100000,0,300895,1,861,86100000,86100000,86100000,0,293072,1,861,86100000,86100000,86100000,0,317318,1,861,86100000,86100000,86100000,0,0,1,861,86100000,86100000,86100000,0,1.0,0.532048,0.65,1.0,0.532048,0.65,1.0,0.532048,0.65,261,86400000,False,1.0,5000.0,300.0,500.0,600000000000.0,100000000000.0,,860
1,planned_restart,thermal_loop,867,controller_tick,86200000,86.2,2,60000000,26200000,862,86200000,RUNNING,,0,0,62,1,0,reconstructed_from_retained_wire,True,,,317.3190894726215,300.8942871605164,293.0715070099747,0.5322146239639175,0.6500000000000006,421000.00000000343,428629.3166274944,0.000151341144165838,19163.583829135423,-2.5865119823720306e-08,0.000151341,300.894,293.072,317.319,0.0,151341,1,862,86200000,86200000,86200000,0,300894,1,862,86200000,86200000,86200000,0,293072,1,862,86200000,86200000,86200000,0,317319,1,862,86200000,86200000,86200000,0,0,1,862,86200000,86200000,86200000,0,1.0,0.532031,0.65,1.0,0.532031,0.65,1.0,0.532031,0.65,262,86500000,False,1.0,5000.0,300.0,500.0,600000000000.0,100000000000.0,,861
1,planned_restart,thermal_loop,868,controller_tick,86300000,86.3,2,60000000,26300000,863,86300000,RUNNING,,0,0,62,1,0,reconstructed_from_retained_wire,True,,,317.31981359998645,300.89403574560487,293.0714103285158,0.5321971498334017,0.6500000000000006,421500.00000000343,429125.38956800045,0.0001513361752025918,19162.3254590998,-2.5353074306622148e-08,0.000151336,300.894,293.071,317.32,0.0,151336,1,863,86300000,86300000,86300000,0,300894,1,863,86300000,86300000,86300000,0,293071,1,863,86300000,86300000,86300000,0,317320,1,863,86300000,86300000,86300000,0,0,1,863,86300000,86300000,86300000,0,1.0,0.532014,0.65,1.0,0.532014,0.65,1.0,0.532014,0.65,263,86600000,False,1.0,5000.0,300.0,500.0,600000000000.0,100000000000.0,,862
1,planned_restart,thermal_loop,869,controller_tick,86400000,86.4,2,60000000,26400000,864,86400000,RUNNING,,0,0,62,1,0,reconstructed_from_retained_wire,True,,,317.32053481497195,300.89379089497464,293.07131198216945,0.53217972082237,0.6500000000000006,422000.00000000343,429621.4576325966,0.00015133121906957242,19161.070379424396,-2.6225279725622386e-08,0.000151331,300.894,293.071,317.321,0.0,151331,1,864,86400000,86400000,86400000,0,300894,1,864,86400000,86400000,86400000,0,293071,1,864,86400000,86400000,86400000,0,317321,1,864,86400000,86400000,86400000,0,0,1,864,86400000,86400000,86400000,0,1.0,0.531998,0.65,1.0,0.531998,0.65,1.0,0.531998,0.65,264,86700000,False,1.0,5000.0,300.0,500.0,600000000000.0,100000000000.0,,863
1,planned_restart,thermal_loop,870,controller_tick,86500000,86.5,2,60000000,26500000,865,86500000,RUNNING,,0,0,62,1,0,reconstructed_from_retained_wire,True,,,317.32125314580924,300.8935525029577,293.0712120253999,0.5321624277997177,0.6500000000000006,422500.00000000343,430117.52073937625,0.00015132630160636032,19159.825133025322,-2.5479494070168585e-08,0.000151326,300.894,293.071,317.321,0.0,151326,1,865,86500000,86500000,86500000,0,300894,1,865,86500000,86500000,86500000,0,293071,1,865,86500000,86500000,86500000,0,317321,1,865,86500000,86500000,86500000,0,0,1,865,86500000,86500000,86500000,0,1.0,0.531981,0.65,1.0,0.531981,0.65,1.0,0.531981,0.65,265,86800000,False,1.0,5000.0,300.0,500.0,600000000000.0,100000000000.0,,864
1,planned_restart,thermal_loop,871,controller_tick,86600000,86.6,2,60000000,26600000,866,86600000,RUNNING,,0,0,62,1,0,reconstructed_from_retained_wire,True,,,317.3219686203271,300.89332046673354,293.07111051087514,0.5321451626618576,0.6500000000000006,423000.0000000034,430613.57880917256,0.00015132139207249887,19158.581934937924,-2.504930307622999e-08,0.000151321,300.893,293.071,317.322,0.0,151321,1,866,86600000,86600000,86600000,0,300893,1,866,86600000,86600000,86600000,0,293071,1,866,86600000,86600000,86600000,0,317322,1,866,86600000,86600000,86600000,0,0,1,866,86600000,86600000,86600000,0,1.0,0.531965,0.65,1.0,0.531965,0.65,1.0,0.531965,0.65,266,86900000,False,1.0,5000.0,300.0,500.0,600000000000.0,100000000000.0,,865
1,planned_restart,thermal_loop,872,controller_tick,86700000,86.7,2,60000000,26700000,867,86700000,RUNNING,,0,0,62,1,0,reconstructed_from_retained_wire,True,,,317.3226812659719,300.8930946857659,293.0710074898432,0.5321280179177829,0.6500000000000006,423500.0000000034,431109.6317653544,0.00015131651677394848,19157.34744587057,-2.4941982701420784e-08,0.000151317,300.893,293.071,317.323,0.0,151317,1,867,86700000,86700000,86700000,0,300893,1,867,86700000,86700000,86700000,0,293071,1,867,86700000,86700000,86700000,0,317323,1,867,86700000,86700000,86700000,0,0,1,867,86700000,86700000,86700000,0,1.0,0.531946,0.65,1.0,0.531946,0.65,1.0,0.531946,0.65,267,87000000,False,1.0,5000.0,300.0,500.0,600000000000.0,100000000000.0,,866
1,planned_restart,thermal_loop,873,controller_tick,86800000,86.8,2,60000000,26800000,868,86800000,RUNNING,,0,0,62,1,0,reconstructed_from_retained_wire,True,,,317.3233911098159,300.89287507281136,293.0709030047922,0.5321106966227641,0.6500000000000006,424000.0000000034,431605.67953375384,0.0001513115912711747,19156.100284830318,-2.5047484086826444e-08,0.000151312,300.893,293.071,317.323,0.0,151312,1,868,86800000,86800000,86800000,0,300893,1,868,86800000,86800000,86800000,0,293071,1,868,86800000,86800000,86800000,0,317323,1,868,86800000,86800000,86800000,0,0,1,868,86800000,86800000,86800000,0,1.0,0.53193,0.65,1.0,0.53193,0.65,1.0,0.53193,0.65,268,87100000,False,1.0,5000.0,300.0,500.0,600000000000.0,100000000000.0,,867
1,planned_restart,thermal_loop,874,controller_tick,86900000,86.9,2,60000000,26900000,869,86900000,RUNNING,,0,0,62,1,0,reconstructed_from_retained_wire,True,,,317.3240981786062,300.8926615410775,293.0707970980146,0.5320935010655908,0.6500000000000006,424500.0000000033,432101.7220421373,0.00015130670152335495,19154.86221727274,-2.4557266442570835e-08,0.000151307,300.893,293.071,317.324,0.0,151307,1,869,86900000,86900000,86900000,0,300893,1,869,86900000,86900000,86900000,0,293071,1,869,86900000,86900000,86900000,0,317324,1,869,86900000,86900000,86900000,0,0,1,869,86900000,86900000,86900000,0,1.0,0.531914,0.65,1.0,0.531914,0.65,1.0,0.531914,0.65,269,87200000,False,1.0,5000.0,300.0,500.0,600000000000.0,100000000000.0,,868
1,planned_restart,thermal_loop,875,controller_tick,87000000,87.0,2,60000000,27000000,870,87000000,RUNNING,,0,0,62,1,0,reconstructed_from_retained_wire,True,,,317.3248024987196,300.89245398947185,293.07068982143585,0.532076419280725,0.6500000000000006,425000.0000000033,432597.7592207243,0.00015130184412795545,19153.63238085174,-2.4857399694155902e-08,0.000151302,300.892,293.071,317.325,0.0,151302,1,870,87000000,87000000,87000000,0,300892,1,870,87000000,87000000,87000000,0,293071,1,870,87000000,87000000,87000000,0,317325,1,870,87000000,87000000,87000000,0,0,1,870,87000000,87000000,87000000,0,1.0,0.531898,0.65,1.0,0.531898,0.65,1.0,0.531898,0.65,270,87300000,False,1.0,5000.0,300.0,500.0,600000000000.0,100000000000.0,,869
1,planned_restart,thermal_loop,876,controller_tick,87100000,87.1,2,60000000,27100000,871,87100000,RUNNING,,0,0,62,1,0,reconstructed_from_retained_wire,True,,,317.3255040961554,300.89225231976565,293.0705812251699,0.5320594404413002,0.6500000000000006,425500.0000000033,433093.791002285,0.00015129701600623637,19152.409995314403,-2.4665496312081814e-08,0.000151297,300.892,293.071,317.326,0.0,151297,1,871,87100000,87100000,87100000,0,300892,1,871,87100000,87100000,87100000,0,293071,1,871,87100000,87100000,87100000,0,317326,1,871,87100000,87100000,87100000,0,0,1,871,87100000,87100000,87100000,0,1.0,0.531882,0.65,1.0,0.531882,0.65,1.0,0.531882,0.65,271,87400000,False,1.0,5000.0,300.0,500.0,600000000000.0,100000000000.0,,870
1,planned_restart,thermal_loop,877,controller_tick,87200000,87.2,2,60000000,27200000,872,87200000,RUNNING,,0,0,62,1,0,reconstructed_from_retained_wire,True,,,317.3262029965448,300.8920564364273,293.0704713576298,0.5320425547507623,0.6500000000000006,426000.00000000326,433589.81732205226,0.00015129221437243875,19151.19435468541,-2.485103323124349e-08,0.000151292,300.892,293.07,317.326,0.0,151292,1,872,87200000,87200000,87200000,0,300892,1,872,87200000,87200000,87200000,0,293070,1,872,87200000,87200000,87200000,0,317326,1,872,87200000,87200000,87200000,0,0,1,872,87200000,87200000,87200000,0,1.0,0.531866,0.65,1.0,0.531866,0.65,1.0,0.531866,0.65,272,87500000,False,1.0,5000.0,300.0,500.0,600000000000.0,100000000000.0,,871
1,planned_restart,thermal_loop,878,controller_tick,87300000,87.3,2,60000000,27300000,873,87300000,RUNNING,,0,0,62,1,0,reconstructed_from_retained_wire,True,,,317.32689922515993,300.89186624646993,293.0703602656286,0.5320257533448228,0.6500000000000006,426500.00000000326,434085.8381176392,0.00015128743670590348,19149.984820195525,-2.5147528504021466e-08,0.000151287,300.892,293.07,317.327,0.0,151287,1,873,87300000,87300000,87300000,0,300892,1,873,87300000,87300000,87300000,0,293070,1,873,87300000,87300000,87300000,0,317327,1,873,87300000,87300000,87300000,0,0,1,873,87300000,87300000,87300000,0,1.0,0.53185,0.65,1.0,0.53185,0.65,1.0,0.53185,0.65,273,87600000,False,1.0,5000.0,300.0,500.0,600000000000.0,100000000000.0,,872
1,planned_restart,thermal_loop,879,controller_tick,87400000,87.4,2,60000000,27400000,874,87400000,RUNNING,,0,0,62,1,0,reconstructed_from_retained_wire,True,,,317.32759280692244,300.89168165931204,293.0702479944718,0.5320090282027418,0.6500000000000006,427000.00000000326,434581.85332896136,0.0001512826807258441,19148.780813883495,-2.4264409148599952e-08,0.000151283,300.892,293.07,317.328,0.0,151283,1,874,87400000,87400000,87400000,0,300892,1,874,87400000,87400000,87400000,0,293070,1,874,87400000,87400000,87400000,0,317328,1,874,87400000,87400000,87400000,0,0,1,874,87400000,87400000,87400000,0,1.0,0.531833,0.65,1.0,0.531833,0.65,1.0,0.531833,0.65,274,87700000,False,1.0,5000.0,300.0,500.0,600000000000.0,100000000000.0,,873
1,planned_restart,thermal_loop,880,controller_tick,87500000,87.5,2,60000000,27500000,875,87500000,RUNNING,,0,0,62,1,0,reconstructed_from_retained_wire,True,,,317.3282837664166,300.8915025919998,293.07013458447545,0.5319922769044715,0.6500000000000006,427500.0000000032,435077.8628981039,0.0001512779173079816,19147.57496258418,-2.4610926629975438e-08,0.000151278,300.892,293.07,317.328,0.0,151278,1,875,87500000,87500000,87500000,0,300892,1,875,87500000,87500000,87500000,0,293070,1,875,87500000,87500000,87500000,0,317328,1,875,87500000,87500000,87500000,0,0,1,875,87500000,87500000,87500000,0,1.0,0.531817,0.65,1.0,0.531817,0.65,1.0,0.531817,0.65,275,87800000,False,1.0,5000.0,300.0,500.0,600000000000.0,100000000000.0,,874
1,planned_restart,thermal_loop,881,controller_tick,87600000,87.6,2,60000000,27600000,876,87600000,RUNNING,,0,0,62,1,0,reconstructed_from_retained_wire,True,,,317.32897212791227,300.8913289629412,293.07002007514467,0.5319755971016844,0.6500000000000006,428000.0000000032,435573.86676908546,0.00015127317422065442,19146.37429565238,-2.426713763270527e-08,0.000151273,300.891,293.07,317.329,0.0,151273,1,876,87600000,87600000,87600000,0,300891,1,876,87600000,87600000,87600000,0,293070,1,876,87600000,87600000,87600000,0,317329,1,876,87600000,87600000,87600000,0,0,1,876,87600000,87600000,87600000,0,1.0,0.531802,0.65,1.0,0.531802,0.65,1.0,0.531802,0.65,276,87900000,False,1.0,5000.0,300.0,500.0,600000000000.0,100000000000.0,,875
1,planned_restart,thermal_loop,882,controller_tick,87700000,87.7,2,60000000,27700000,877,87700000,RUNNING,,0,0,62,1,0,reconstructed_from_retained_wire,True,,,317.32965791534855,300.89116068158467,293.06990451205127,0.5319590771532677,0.6500000000000006,428500.0000000032,436069.864888055,0.00015126847658969433,19145.185172668862,-2.3801476345397532e-08,0.000151268,300.891,293.07,317.33,0.0,151268,1,877,87700000,87700000,87700000,0,300891,1,877,87700000,87700000,87700000,0,293070,1,877,87700000,87700000,87700000,0,317330,1,877,87700000,87700000,87700000,0,0,1,877,87700000,87700000,87700000,0,1.0,0.531786,0.65,1.0,0.531786,0.65,1.0,0.531786,0.65,277,88000000,False,1.0,5000.0,300.0,500.0,600000000000.0,100000000000.0,,876
1,planned_restart,thermal_loop,883,controller_tick,87800000,87.8,2,60000000,27800000,878,87800000,RUNNING,,0,0,62,1,0,reconstructed_from_retained_wire,True,,,317.3303411523203,300.8909976602384,293.06978793895206,0.5319426066844848,0.6500000000000006,429000.0000000032,436565.8572034559,0.0001512637930288181,19143.9996480424,-2.465458237566054e-08,0.000151264,300.891,293.07,317.33,0.0,151264,1,878,87800000,87800000,87800000,0,300891,1,878,87800000,87800000,87800000,0,293070,1,878,87800000,87800000,87800000,0,317330,1,878,87800000,87800000,87800000,0,0,1,878,87800000,87800000,87800000,0,1.0,0.531769,0.65,1.0,0.531769,0.65,1.0,0.531769,0.65,278,88100000,False,1.0,5000.0,300.0,500.0,600000000000.0,100000000000.0,,877
1,planned_restart,thermal_loop,884,controller_tick,87900000,87.9,2,60000000,27900000,879,87900000,RUNNING,,0,0,62,1,0,reconstructed_from_retained_wire,True,,,317.33102186210874,300.89083982418197,293.06967039104944,0.531926085824144,0.6500000000000006,429500.0000000032,437061.84366570157,0.00015125909513854228,19142.81053316723,-2.4752807803452015e-08,0.000151259,300.891,293.07,317.331,0.0,151259,1,879,87900000,87900000,87900000,0,300891,1,879,87900000,87900000,87900000,0,293070,1,879,87900000,87900000,87900000,0,317331,1,879,87900000,87900000,87900000,0,0,1,879,87900000,87900000,87900000,0,1.0,0.531754,0.65,1.0,0.531754,0.65,1.0,0.531754,0.65,279,88200000,False,1.0,5000.0,300.0,500.0,600000000000.0,100000000000.0,,878
1,planned_restart,thermal_loop,885,controller_tick,88000000,88.0,2,60000000,28000000,880,88000000,RUNNING,,0,0,62,1,0,reconstructed_from_retained_wire,True,,,317.3317000677032,300.8906870943043,293.0695519065665,0.5319097096928002,0.6500000000000006,430000.0000000032,437557.82422695035,0.00015125443840356546,19141.631871836704,-2.439082891214639e-08,0.000151254,300.891,293.07,317.332,0.0,151254,1,880,88000000,88000000,88000000,0,300891,1,880,88000000,88000000,88000000,0,293070,1,880,88000000,88000000,88000000,0,317332,1,880,88000000,88000000,88000000,0,0,1,880,88000000,88000000,88000000,0,1.0,0.531739,0.65,1.0,0.531739,0.65,1.0,0.531739,0.65,280,88300000,False,1.0,5000.0,300.0,500.0,600000000000.0,100000000000.0,,879
1,planned_restart,thermal_loop,886,controller_tick,88100000,88.1,2,60000000,28100000,881,88100000,RUNNING,,0,0,62,1,0,reconstructed_from_retained_wire,True,,,317.33237579176847,300.89053938296325,293.06943252950333,0.5318934645176682,0.6500000000000006,430500.0000000032,438053.79884148104,0.0001512498189074431,19140.46267184706,-2.466731530148536e-08,0.00015125,300.891,293.069,317.332,0.0,151250,1,881,88100000,88100000,88100000,0,300891,1,881,88100000,88100000,88100000,0,293069,1,881,88100000,88100000,88100000,0,317332,1,881,88100000,88100000,88100000,0,0,1,881,88100000,88100000,88100000,0,1.0,0.531722,0.65,1.0,0.531722,0.65,1.0,0.531722,0.65,281,88400000,False,1.0,5000.0,300.0,500.0,600000000000.0,100000000000.0,,880
1,planned_restart,thermal_loop,887,controller_tick,88200000,88.2,2,60000000,28200000,882,88200000,RUNNING,,0,0,62,1,0,reconstructed_from_retained_wire,True,,,317.3330490566541,300.8903966160465,293.0693122949293,0.5318771475114528,0.6500000000000006,431000.0000000032,438549.7674656068,0.00015124517898535377,19139.288337967293,-2.511478669475764e-08,0.000151245,300.89,293.069,317.333,0.0,151245,1,882,88200000,88200000,88200000,0,300890,1,882,88200000,88200000,88200000,0,293069,1,882,88200000,88200000,88200000,0,317333,1,882,88200000,88200000,88200000,0,0,1,882,88200000,88200000,88200000,0,1.0,0.531707,0.65,1.0,0.531707,0.65,1.0,0.531707,0.65,282,88500000,False,1.0,5000.0,300.0,500.0,600000000000.0,100000000000.0,,881
1,planned_restart,thermal_loop,888,controller_tick,88300000,88.3,2,60000000,28300000,883,88300000,RUNNING,,0,0,62,1,0,reconstructed_from_retained_wire,True,,,317.3337198844333,300.8902587204913,293.06919123730574,0.5318609558349492,0.6500000000000006,431500.0000000032,439045.7300572556,0.00015124057470216107,19138.123059670594,-2.4716428015381098e-08,0.000151241,300.89,293.069,317.334,0.0,151241,1,883,88300000,88300000,88300000,0,300890,1,883,88300000,88300000,88300000,0,293069,1,883,88300000,88300000,88300000,0,317334,1,883,88300000,88300000,88300000,0,0,1,883,88300000,88300000,88300000,0,1.0,0.53169,0.65,1.0,0.53169,0.65,1.0,0.53169,0.65,283,88600000,False,1.0,5000.0,300.0,500.0,600000000000.0,100000000000.0,,882
1,planned_restart,thermal_loop,889,controller_tick,88400000,88.4,2,60000000,28400000,884,88400000,RUNNING,,0,0,62,1,0,reconstructed_from_retained_wire,True,,,317.3343882968861,300.89012562509134,293.0690693899452,0.5318446872362946,0.6500000000000006,432000.0000000032,439541.686576173,0.00015123594854529976,19136.952281188584,-2.455908543197438e-08,0.000151236,300.89,293.069,317.334,0.0,151236,1,884,88400000,88400000,88400000,0,300890,1,884,88400000,88400000,88400000,0,293069,1,884,88400000,88400000,88400000,0,317334,1,884,88400000,88400000,88400000,0,0,1,884,88400000,88400000,88400000,0,1.0,0.531675,0.65,1.0,0.531675,0.65,1.0,0.531675,0.65,284,88700000,False,1.0,5000.0,300.0,500.0,600000000000.0,100000000000.0,,883
1,planned_restart,thermal_loop,890,controller_tick,88500000,88.5,2,60000000,28500000,885,88500000,RUNNING,,0,0,62,1,0,reconstructed_from_retained_wire,True,,,317.3350543155264,300.8899972595858,293.06894678562014,0.5318285393607636,0.6500000000000006,432500.00000000314,440037.63698363316,0.0001512313567174005,19135.79022602607,-2.374144969508052e-08,0.000151231,300.89,293.069,317.335,0.0,151231,1,885,88500000,88500000,88500000,0,300890,1,885,88500000,88500000,88500000,0,293069,1,885,88500000,88500000,88500000,0,317335,1,885,88500000,88500000,88500000,0,0,1,885,88500000,88500000,88500000,0,1.0,0.531661,0.65,1.0,0.531661,0.65,1.0,0.531661,0.65,285,88800000,False,1.0,5000.0,300.0,500.0,600000000000.0,100000000000.0,,884
1,planned_restart,thermal_loop,891,controller_tick,88600000,88.6,2,60000000,28600000,886,88600000,RUNNING,,0,0,62,1,0,reconstructed_from_retained_wire,True,,,317.3357179615685,300.88987353942343,293.06882346671625,0.5318125958826138,0.6500000000000006,433000.0000000031,440533.581242825,0.00015122682301216855,19134.642914598924,-2.3212123778648674e-08,0.000151227,300.89,293.069,317.336,0.0,151227,1,886,88600000,88600000,88600000,0,300890,1,886,88600000,88600000,88600000,0,293069,1,886,88600000,88600000,88600000,0,317336,1,886,88600000,88600000,88600000,0,0,1,886,88600000,88600000,88600000,0,1.0,0.531644,0.65,1.0,0.531644,0.65,1.0,0.531644,0.65,286,88900000,False,1.0,5000.0,300.0,500.0,600000000000.0,100000000000.0,,885
1,planned_restart,thermal_loop,892,controller_tick,88700000,88.7,2,60000000,28700000,887,88700000,RUNNING,,0,0,62,1,0,reconstructed_from_retained_wire,True,,,317.3363792559202,300.8897543940031,293.0686994664034,0.5317965518631168,0.6500000000000006,433500.0000000031,441029.51931894576,0.000151222260716887,19133.48840281961,-2.2640051611233503e-08,0.000151222,300.89,293.069,317.336,0.0,151222,1,887,88700000,88700000,88700000,0,300890,1,887,88700000,88700000,88700000,0,293069,1,887,88700000,88700000,88700000,0,317336,1,887,88700000,88700000,88700000,0,0,1,887,88700000,88700000,88700000,0,1.0,0.53163,0.65,1.0,0.53163,0.65,1.0,0.53163,0.65,287,89000000,False,1.0,5000.0,300.0,500.0,600000000000.0,100000000000.0,,886
1,planned_restart,thermal_loop,893,controller_tick,88800000,88.8,2,60000000,28800000,888,88800000,RUNNING,,0,0,62,1,0,reconstructed_from_retained_wire,True,,,317.33703821923325,300.8896397537356,293.0685748172647,0.5317807023577927,0.6500000000000006,434000.0000000031,441525.4511786511,0.0001512177537338726,19132.347922287478,-2.264550857944414e-08,0.000151218,300.89,293.069,317.337,0.0,151218,1,888,88800000,88800000,88800000,0,300890,1,888,88800000,88800000,88800000,0,293069,1,888,88800000,88800000,88800000,0,317337,1,888,88800000,88800000,88800000,0,0,1,888,88800000,88800000,88800000,0,1.0,0.531613,0.65,1.0,0.531613,0.65,1.0,0.531613,0.65,288,89100000,False,1.0,5000.0,300.0,500.0,600000000000.0,100000000000.0,,887
1,planned_restart,thermal_loop,894,controller_tick,88900000,88.9,2,60000000,28900000,889,88900000,RUNNING,,0,0,62,1,0,reconstructed_from_retained_wire,True,,,317.33769487187584,300.88952955125546,293.06844955048496,0.5317647433684248,0.6500000000000006,434500.000000003,442021.3767903759,0.0001512132156178534,19131.199597972103,-2.3463144316338003e-08,0.000151213,300.89,293.068,317.338,0.0,151213,1,889,88900000,88900000,88900000,0,300890,1,889,88900000,88900000,88900000,0,293068,1,889,88900000,88900000,88900000,0,317338,1,889,88900000,88900000,88900000,0,0,1,889,88900000,88900000,88900000,0,1.0,0.531599,0.65,1.0,0.531599,0.65,1.0,0.531599,0.65,289,89200000,False,1.0,5000.0,300.0,500.0,600000000000.0,100000000000.0,,888
1,planned_restart,thermal_loop,895,controller_tick,89000000,89.0,2,60000000,29000000,890,89000000,RUNNING,,0,0,62,1,0,reconstructed_from_retained_wire,True,,,317.33834923397137,300.88942372005766,293.06832369676226,0.5317489708015432,0.6500000000000006,435000.00000000297,442517.29612391675,0.00015120873051314033,19130.064721491843,-2.343767846468836e-08,0.000151209,300.889,293.068,317.338,0.0,151209,1,890,89000000,89000000,89000000,0,300889,1,890,89000000,89000000,89000000,0,293068,1,890,89000000,89000000,89000000,0,317338,1,890,89000000,89000000,89000000,0,0,1,890,89000000,89000000,89000000,0,1.0,0.531583,0.65,1.0,0.531583,0.65,1.0,0.531583,0.65,290,89300000,False,1.0,5000.0,300.0,500.0,600000000000.0,100000000000.0,,889
1,planned_restart,thermal_loop,896,controller_tick,89100000,89.1,2,60000000,29100000,891,89100000,RUNNING,,0,0,62,1,0,reconstructed_from_retained_wire,True,,,317.33900132536473,300.889322190371,293.06819728905464,0.5317331765915386,0.6500000000000006,435500.00000000297,443013.2091508173,0.0001512042392539647,19128.92832146476,-2.3475877242162824e-08,0.000151204,300.889,293.068,317.339,0.0,151204,1,891,89100000,89100000,89100000,0,300889,1,891,89100000,89100000,89100000,0,293068,1,891,89100000,89100000,89100000,0,317339,1,891,89100000,89100000,89100000,0,0,1,891,89100000,89100000,89100000,0,1.0,0.531569,0.65,1.0,0.531569,0.65,1.0,0.531569,0.65,291,89400000,False,1.0,5000.0,300.0,500.0,600000000000.0,100000000000.0,,890
1,planned_restart,thermal_loop,897,controller_tick,89200000,89.2,2,60000000,29200000,892,89200000,RUNNING,,0,0,62,1,0,reconstructed_from_retained_wire,True,,,317.3396511656458,300.889224893954,293.06807035938397,0.5317175531231908,0.6500000000000006,436000.0000000029,443509.1158441222,0.00015119979654707705,19127.804239580328,-2.3862412490416318e-08,0.0001512,300.889,293.068,317.34,0.0,151200,1,892,89200000,89200000,89200000,0,300889,1,892,89200000,89200000,89200000,0,293068,1,892,89200000,89200000,89200000,0,317340,1,892,89200000,89200000,89200000,0,0,1,892,89200000,89200000,89200000,0,1.0,0.531553,0.65,1.0,0.531553,0.65,1.0,0.531553,0.65,292,89500000,False,1.0,5000.0,300.0,500.0,600000000000.0,100000000000.0,,891
1,planned_restart,thermal_loop,898,controller_tick,89300000,89.3,2,60000000,29300000,893,89300000,RUNNING,,0,0,62,1,0,reconstructed_from_retained_wire,True,,,317.3402987741338,300.88913176484135,293.06794293833616,0.5317018938231187,0.6500000000000006,436500.0000000029,444005.0161785643,0.0001511953436510403,19126.677612806634,-2.2988388082012534e-08,0.000151195,300.889,293.068,317.34,0.0,151195,1,893,89300000,89300000,89300000,0,300889,1,893,89300000,89300000,89300000,0,293068,1,893,89300000,89300000,89300000,0,317340,1,893,89300000,89300000,89300000,0,0,1,893,89300000,89300000,89300000,0,1.0,0.531539,0.65,1.0,0.531539,0.65,1.0,0.531539,0.65,293,89600000,False,1.0,5000.0,300.0,500.0,600000000000.0,100000000000.0,,892
1,planned_restart,thermal_loop,899,controller_tick,89400000,89.4,2,60000000,29400000,894,89400000,RUNNING,,0,0,62,1,0,reconstructed_from_retained_wire,True,,,317.3409441699055,300.8890427383786,293.06781505570575,0.5316863924263258,0.6500000000000006,437000.0000000029,444500.9101302622,0.00015119093565655616,19125.56237925013,-2.2206222638487816e-08,0.000151191,300.889,293.068,317.341,0.0,151191,1,894,89400000,89400000,89400000,0,300889,1,894,89400000,89400000,89400000,0,293068,1,894,89400000,89400000,89400000,0,317341,1,894,89400000,89400000,89400000,0,0,1,894,89400000,89400000,89400000,0,1.0,0.531523,0.65,1.0,0.531523,0.65,1.0,0.531523,0.65,294,89700000,False,1.0,5000.0,300.0,500.0,600000000000.0,100000000000.0,,893
1,planned_restart,thermal_loop,900,controller_tick,89500000,89.5,2,60000000,29500000,895,89500000,RUNNING,,0,0,62,1,0,reconstructed_from_retained_wire,True,,,317.3415873717788,300.88895775198733,293.0676867399837,0.5316708435811642,0.6500000000000006,437500.00000000285,444996.7976769148,0.000151186514169601,19124.443764728698,-2.218621375504881e-08,0.000151187,300.889,293.068,317.342,0.0,151187,1,895,89500000,89500000,89500000,0,300889,1,895,89500000,89500000,89500000,0,293068,1,895,89500000,89500000,89500000,0,317342,1,895,89500000,89500000,89500000,0,0,1,895,89500000,89500000,89500000,0,1.0,0.531507,0.65,1.0,0.531507,0.65,1.0,0.531507,0.65,295,89800000,False,1.0,5000.0,300.0,500.0,600000000000.0,100000000000.0,,894
1,planned_restart,thermal_loop,901,controller_tick,89600000,89.6,2,60000000,29600000,896,89600000,RUNNING,,0,0,62,1,0,reconstructed_from_retained_wire,True,,,317.34222839835155,300.8888767549175,293.0675580118581,0.5316552518029435,0.6500000000000006,438000.0000000028,445492.6787973852,0.00015118208047415322,19123.322094367788,-2.2886524675413966e-08,0.000151182,300.889,293.068,317.342,0.0,151182,1,896,89600000,89600000,89600000,0,300889,1,896,89600000,89600000,89600000,0,293068,1,896,89600000,89600000,89600000,0,317342,1,896,89600000,89600000,89600000,0,0,1,896,89600000,89600000,89600000,0,1.0,0.531494,0.65,1.0,0.531494,0.65,1.0,0.531494,0.65,296,89900000,False,1.0,5000.0,300.0,500.0,600000000000.0,100000000000.0,,895
1,planned_restart,thermal_loop,902,controller_tick,89700000,89.7,2,60000000,29700000,897,89700000,RUNNING,,0,0,62,1,0,reconstructed_from_retained_wire,True,,,317.342867267998,300.8887996806796,293.0674289025919,0.53163990666503,0.6500000000000006,438500.0000000028,445988.5534717481,0.00015117771691361835,19122.218199394534,-2.2553649614565074e-08,0.000151178,300.889,293.067,317.343,0.0,151178,1,897,89700000,89700000,89700000,0,300889,1,897,89700000,89700000,89700000,0,293067,1,897,89700000,89700000,89700000,0,317343,1,897,89700000,89700000,89700000,0,0,1,897,89700000,89700000,89700000,0,1.0,0.531478,0.65,1.0,0.531478,0.65,1.0,0.531478,0.65,297,90000000,False,1.0,5000.0,300.0,500.0,600000000000.0,100000000000.0,,896
1,planned_restart,thermal_loop,903,controller_tick,89800000,89.8,2,60000000,29800000,898,89800000,RUNNING,,0,0,62,1,0,reconstructed_from_retained_wire,True,,,317.3435039988257,300.8887264655301,293.06729944169393,0.5316244992087497,0.6500000000000006,439000.00000000274,446484.4216817819,0.00015117333563216317,19121.109853433525,-2.1730556909460574e-08,0.000151173,300.889,293.067,317.344,0.0,151173,1,898,89800000,89800000,89800000,0,300889,1,898,89800000,89800000,89800000,0,293067,1,898,89800000,89800000,89800000,0,317344,1,898,89800000,89800000,89800000,0,0,1,898,89800000,89800000,89800000,0,1.0,0.531465,0.65,1.0,0.531465,0.65,1.0,0.531465,0.65,298,90100000,False,1.0,5000.0,300.0,500.0,600000000000.0,100000000000.0,,897
1,planned_restart,thermal_loop,904,controller_tick,89900000,89.9,2,60000000,29900000,899,89900000,RUNNING,,0,0,62,1,0,reconstructed_from_retained_wire,True,,,317.34413860871587,300.8886570470447,293.0671696578729,0.5316093208522249,0.6500000000000006,439500.0000000027,446980.2834105352,0.00015116901949777003,19120.01801932951,-2.048363967332989e-08,0.000151169,300.889,293.067,317.344,0.0,151169,1,899,89900000,89900000,89900000,0,300889,1,899,89900000,89900000,89900000,0,293067,1,899,89900000,89900000,89900000,0,317344,1,899,89900000,89900000,89900000,0,0,1,899,89900000,89900000,89900000,0,1.0,0.531449,0.65,1.0,0.531449,0.65,1.0,0.531449,0.65,299,90200000,False,1.0,5000.0,300.0,500.0,600000000000.0,100000000000.0,,898
1,planned_restart,thermal_loop,905,controller_tick,90000000,90.0,2,60000000,30000000,900,90000000,RUNNING,,0,0,62,1,0,reconstructed_from_retained_wire,True,,,317.344771115296,300.8885913652852,293.0670395782562,0.5315940643059854,0.6500000000000006,440000.0000000027,447476.1386426371,0.00015116468112926244,19118.920592170984,-2.0454535842873156e-08,0.000151165,300.889,293.067,317.345,0.0,151165,1,900,90000000,90000000,90000000,0,300889,1,900,90000000,90000000,90000000,0,293067,1,900,90000000,90000000,90000000,0,317345,1,900,90000000,90000000,90000000,0,0,1,900,90000000,90000000,90000000,0,1.0,0.531434,0.65,1.0,0.531434,0.65,1.0,0.531434,0.65,300,90300000,False,1.0,5000.0,300.0,500.0,600000000000.0,100000000000.0,,899
1,planned_restart,thermal_loop,906,controller_tick,90100000,90.1,2,60000000,30100000,901,90100000,RUNNING,,0,0,62,1,0,reconstructed_from_retained_wire,True,,,317.3454015359904,300.8885293720968,293.0669092221952,0.5315788321733486,0.6500000000000006,440500.0000000026,447971.98736375186,0.00015116034970303406,19117.824952540686,-2.1686901163775474e-08,0.00015116,300.889,293.067,317.345,0.0,151160,1,901,90100000,90100000,90100000,0,300889,1,901,90100000,90100000,90100000,0,293067,1,901,90100000,90100000,90100000,0,317345,1,901,90100000,90100000,90100000,0,0,1,901,90100000,90100000,90100000,0,1.0,0.531421,0.65,1.0,0.531421,0.65,1.0,0.531421,0.65,301,90400000,False,1.0,5000.0,300.0,500.0,600000000000.0,100000000000.0,,900
1,planned_restart,thermal_loop,907,controller_tick,90200000,90.2,2,60000000,30200000,902,90200000,RUNNING,,0,0,62,1,0,reconstructed_from_retained_wire,True,,,317.34602988800634,300.8884710039467,293.06677861937095,0.5315638124562168,0.6500000000000006,441000.00000000256,448467.8295607436,0.0001511560786795157,19116.74462259162,-2.140313881682232e-08,0.000151156,300.888,293.067,317.346,0.0,151156,1,902,90200000,90200000,90200000,0,300888,1,902,90200000,90200000,90200000,0,293067,1,902,90200000,90200000,90200000,0,317346,1,902,90200000,90200000,90200000,0,0,1,902,90200000,90200000,90200000,0,1.0,0.531406,0.65,1.0,0.531406,0.65,1.0,0.531406,0.65,302,90500000,False,1.0,5000.0,300.0,500.0,600000000000.0,100000000000.0,,901
1,planned_restart,thermal_loop,908,controller_tick,90300000,90.3,2,60000000,30300000,903,90300000,RUNNING,,0,0,62,1,0,reconstructed_from_retained_wire,True,,,317.34665618830206,300.8884161999589,293.06664779776673,0.531548794615418,0.6500000000000006,441500.00000000256,448963.6652220411,0.00015115180818955348,19115.66445812176,-2.141223376384005e-08,0.000151152,300.888,293.067,317.347,0.0,151152,1,903,90300000,90300000,90300000,0,300888,1,903,90300000,90300000,90300000,0,293067,1,903,90300000,90300000,90300000,0,317347,1,903,90300000,90300000,90300000,0,0,1,903,90300000,90300000,90300000,0,1.0,0.531391,0.65,1.0,0.531391,0.65,1.0,0.531391,0.65,303,90600000,False,1.0,5000.0,300.0,500.0,600000000000.0,100000000000.0,,902
1,planned_restart,thermal_loop,909,controller_tick,90400000,90.4,2,60000000,30400000,904,90400000,RUNNING,,0,0,62,1,0,reconstructed_from_retained_wire,True,,,317.347280453627,300.8883649116009,293.06651677721345,0.5315337784723958,0.6500000000000006,442000.00000000256,449459.4943372028,0.0001511475381823729,19114.584446277444,-2.164506440749392e-08,0.000151148,300.888,293.067,317.347,0.0,151148,1,904,90400000,90400000,90400000,0,300888,1,904,90400000,90400000,90400000,0,293067,1,904,90400000,90400000,90400000,0,317347,1,904,90400000,90400000,90400000,0,0,1,904,90400000,90400000,90400000,0,1.0,0.531376,0.65,1.0,0.531376,0.65,1.0,0.531376,0.65,304,90700000,False,1.0,5000.0,300.0,500.0,600000000000.0,100000000000.0,,903
1,planned_restart,thermal_loop,910,controller_tick,90500000,90.5,2,60000000,30500000,905,90500000,RUNNING,,0,0,62,1,0,reconstructed_from_retained_wire,True,,,317.3479027005363,300.88831709110593,293.0663855771082,0.5315187638655853,0.6500000000000006,442500.00000000256,449955.3168967682,0.00015114326861203118,19113.50457542854,-2.1153027773834765e-08,0.000151143,300.888,293.066,317.348,0.0,151143,1,905,90500000,90500000,90500000,0,300888,1,905,90500000,90500000,90500000,0,293066,1,905,90500000,90500000,90500000,0,317348,1,905,90500000,90500000,90500000,0,0,1,905,90500000,90500000,90500000,0,1.0,0.531363,0.65,1.0,0.531363,0.65,1.0,0.531363,0.65,305,90800000,False,1.0,5000.0,300.0,500.0,600000000000.0,100000000000.0,,904
1,planned_restart,thermal_loop,911,controller_tick,90600000,90.6,2,60000000,30600000,906,90600000,RUNNING,,0,0,62,1,0,reconstructed_from_retained_wire,True,,,317.3485229453826,300.8882726807576,293.06625422355637,0.5315039409739604,0.6500000000000006,443000.0000000025,450451.13289235573,0.0001511390535580335,19112.438522917866,-2.179149305447936e-08,0.000151139,300.888,293.066,317.349,0.0,151139,1,906,90600000,90600000,90600000,0,300888,1,906,90600000,90600000,90600000,0,293066,1,906,90600000,90600000,90600000,0,317349,1,906,90600000,90600000,90600000,0,0,1,906,90600000,90600000,90600000,0,1.0,0.531348,0.65,1.0,0.531348,0.65,1.0,0.531348,0.65,306,90900000,False,1.0,5000.0,300.0,500.0,600000000000.0,100000000000.0,,905
1,planned_restart,thermal_loop,912,controller_tick,90700000,90.7,2,60000000,30700000,907,90700000,RUNNING,,0,0,62,1,0,reconstructed_from_retained_wire,True,,,317.34914120428937,300.88823162517355,293.06612274117964,0.5314891012282453,0.6500000000000006,443500.0000000025,450946.9423169751,0.00015113483371138796,19111.371288053248,-2.198430593125522e-08,0.000151135,300.888,293.066,317.349,0.0,151135,1,907,90700000,90700000,90700000,0,300888,1,907,90700000,90700000,90700000,0,293066,1,907,90700000,90700000,90700000,0,317349,1,907,90700000,90700000,90700000,0,0,1,907,90700000,90700000,90700000,0,1.0,0.531333,0.65,1.0,0.531333,0.65,1.0,0.531333,0.65,307,91000000,False,1.0,5000.0,300.0,500.0,600000000000.0,100000000000.0,,906
1,planned_restart,thermal_loop,913,controller_tick,90800000,90.8,2,60000000,30800000,908,90800000,RUNNING,,0,0,62,1,0,reconstructed_from_retained_wire,True,,,317.34975749318954,300.88819388101905,293.0659911466423,0.5314742462323188,0.6500000000000006,444000.0000000025,451442.74516460265,0.00015113060952817525,19110.30298627803,-2.2289896151050925e-08,0.000151131,300.888,293.066,317.35,0.0,151131,1,908,90800000,90800000,90800000,0,300888,1,908,90800000,90800000,90800000,0,293066,1,908,90800000,90800000,90800000,0,317350,1,908,90800000,90800000,90800000,0,0,1,908,90800000,90800000,90800000,0,1.0,0.531319,0.65,1.0,0.531319,0.65,1.0,0.531319,0.65,308,91100000,False,1.0,5000.0,300.0,500.0,600000000000.0,100000000000.0,,907
1,planned_restart,thermal_loop,914,controller_tick,90900000,90.9,2,60000000,30900000,909,90900000,RUNNING,,0,0,62,1,0,reconstructed_from_retained_wire,True,,,317.3503718278339,300.88815940010335,293.0658594599208,0.531459472600012,0.6500000000000006,444500.0000000025,451938.54143010173,0.00015112640848161224,19109.240565407847,-2.310844138264656e-08,0.000151126,300.888,293.066,317.35,0.0,151126,1,909,90900000,90900000,90900000,0,300888,1,909,90900000,90900000,90900000,0,293066,1,909,90900000,90900000,90900000,0,317350,1,909,90900000,90900000,90900000,0,0,1,909,90900000,90900000,90900000,0,1.0,0.531306,0.65,1.0,0.531306,0.65,1.0,0.531306,0.65,309,91200000,False,1.0,5000.0,300.0,500.0,600000000000.0,100000000000.0,,908
1,planned_restart,thermal_loop,915,controller_tick,91000000,91.0,2,60000000,31000000,910,91000000,RUNNING,,0,0,62,1,0,reconstructed_from_retained_wire,True,,,317.3509842237675,300.88812812483405,293.0657277073307,0.5314448677511351,0.6500000000000006,445000.0000000025,452434.3311094963,0.0001511222554304936,19108.190311342405,-2.291290002176538e-08,0.000151122,300.888,293.066,317.351,0.0,151122,1,910,91000000,91000000,91000000,0,300888,1,910,91000000,91000000,91000000,0,293066,1,910,91000000,91000000,91000000,0,317351,1,910,91000000,91000000,91000000,0,0,1,910,91000000,91000000,91000000,0,1.0,0.531292,0.65,1.0,0.531292,0.65,1.0,0.531292,0.65,310,91300000,False,1.0,5000.0,300.0,500.0,600000000000.0,100000000000.0,,909
1,planned_restart,thermal_loop,916,controller_tick,91100000,91.1,2,60000000,31100000,911,91100000,RUNNING,,0,0,62,1,0,reconstructed_from_retained_wire,True,,,317.35159469631424,300.8881000000349,293.0655959136465,0.5314303204612391,0.6500000000000006,445500.0000000025,452930.1142001487,0.00015111811874691098,19107.144225111326,-2.404976839898154e-08,0.000151118,300.888,293.066,317.352,0.0,151118,1,911,91100000,91100000,91100000,0,300888,1,911,91100000,91100000,91100000,0,293066,1,911,91100000,91100000,91100000,0,317352,1,911,91100000,91100000,91100000,0,0,1,911,91100000,91100000,91100000,0,1.0,0.531278,0.65,1.0,0.531278,0.65,1.0,0.531278,0.65,311,91400000,False,1.0,5000.0,300.0,500.0,600000000000.0,100000000000.0,,910
1,planned_restart,thermal_loop,917,controller_tick,91200000,91.2,2,60000000,31200000,912,91200000,RUNNING,,0,0,62,1,0,reconstructed_from_retained_wire,True,,,317.3522032606007,300.88807497770586,293.0654640989293,0.5314158252528625,0.6500000000000006,446000.00000000244,453425.89070050913,0.00015111399687328734,19106.101912510127,-2.4189830583054572e-08,0.000151114,300.888,293.065,317.352,0.0,151114,1,912,91200000,91200000,91200000,0,300888,1,912,91200000,91200000,91200000,0,293065,1,912,91200000,91200000,91200000,0,317352,1,912,91200000,91200000,91200000,0,0,1,912,91200000,91200000,91200000,0,1.0,0.531263,0.65,1.0,0.531263,0.65,1.0,0.531263,0.65,312,91500000,False,1.0,5000.0,300.0,500.0,600000000000.0,100000000000.0,,911
1,planned_restart,thermal_loop,918,controller_tick,91300000,91.3,2,60000000,31300000,913,91300000,RUNNING,,0,0,62,1,0,reconstructed_from_retained_wire,True,,,317.35280993157147,300.8880530165095,293.06533227886956,0.5314012820072117,0.6500000000000006,446500.00000000244,453921.66060995066,0.00015110986133973084,19105.056174245743,-2.510842023184523e-08,0.00015111,300.888,293.065,317.353,0.0,151110,1,913,91300000,91300000,91300000,0,300888,1,913,91300000,91300000,91300000,0,293065,1,913,91300000,91300000,91300000,0,317353,1,913,91300000,91300000,91300000,0,0,1,913,91300000,91300000,91300000,0,1.0,0.531249,0.65,1.0,0.531249,0.65,1.0,0.531249,0.65,313,91600000,False,1.0,5000.0,300.0,500.0,600000000000.0,100000000000.0,,912
1,planned_restart,thermal_loop,919,controller_tick,91400000,91.4,2,60000000,31400000,914,91400000,RUNNING,,0,0,62,1,0,reconstructed_from_retained_wire,True,,,317.35341472400916,300.8880340755459,293.0652004689386,0.5313867904582197,0.6500000000000006,447000.0000000024,454417.4239285636,0.00015110574050669387,19104.014181718267,-2.5469489628449082e-08,0.000151106,300.888,293.065,317.353,0.0,151106,1,914,91400000,91400000,91400000,0,300888,1,914,91400000,91400000,91400000,0,293065,1,914,91400000,91400000,91400000,0,317353,1,914,91400000,91400000,91400000,0,0,1,914,91400000,91400000,91400000,0,1.0,0.531235,0.65,1.0,0.531235,0.65,1.0,0.531235,0.65,314,91700000,False,1.0,5000.0,300.0,500.0,600000000000.0,100000000000.0,,913
1,planned_restart,thermal_loop,920,controller_tick,91500000,91.5,2,60000000,31500000,915,91500000,RUNNING,,0,0,62,1,0,reconstructed_from_retained_wire,True,,,317.3540176525196,300.88801810941885,293.0650686876755,0.531372345686299,0.6500000000000006,447500.0000000023,454913.180657321,0.0001511016329752371,19102.97558090266,-2.5143890525214374e-08,0.000151102,300.888,293.065,317.354,0.0,151102,1,915,91500000,91500000,91500000,0,300888,1,915,91500000,91500000,91500000,0,293065,1,915,91500000,91500000,91500000,0,317354,1,915,91500000,91500000,91500000,0,0,1,915,91500000,91500000,91500000,0,1.0,0.531221,0.65,1.0,0.531221,0.65,1.0,0.531221,0.65,315,91800000,False,1.0,5000.0,300.0,500.0,600000000000.0,100000000000.0,,914
1,planned_restart,thermal_loop,921,controller_tick,91600000,91.6,2,60000000,31600000,916,91600000,RUNNING,,0,0,62,1,0,reconstructed_from_retained_wire,True,,,317.3546187315308,300.88800507394274,293.06493695288157,0.5313579432400227,0.6500000000000006,448000.0000000023,455408.93079810427,0.00015109753747954776,19101.940051473382,-2.5520421331748366e-08,0.000151098,300.888,293.065,317.355,0.0,151098,1,916,91600000,91600000,91600000,0,300888,1,916,91600000,91600000,91600000,0,293065,1,916,91600000,91600000,91600000,0,317355,1,916,91600000,91600000,91600000,0,0,1,916,91600000,91600000,91600000,0,1.0,0.531207,0.65,1.0,0.531207,0.65,1.0,0.531207,0.65,316,91900000,False,1.0,5000.0,300.0,500.0,600000000000.0,100000000000.0,,915
1,planned_restart,thermal_loop,922,controller_tick,91700000,91.7,2,60000000,31700000,917,91700000,RUNNING,,0,0,62,1,0,reconstructed_from_retained_wire,True,,,317.355217975297,300.8879949260742,293.0648052816659,0.5313435790915731,0.6500000000000006,448500.00000000227,455904.6743536674,0.00015109345287427116,19100.907303596447,-2.5798726710490882e-08,0.000151093,300.888,293.065,317.355,0.0,151093,1,917,91700000,91700000,91700000,0,300888,1,917,91700000,91700000,91700000,0,293065,1,917,91700000,91700000,91700000,0,317355,1,917,91700000,91700000,91700000,0,0,1,917,91700000,91700000,91700000,0,1.0,0.531195,0.65,1.0,0.531195,0.65,1.0,0.531195,0.65,317,92000000,False,1.0,5000.0,300.0,500.0,600000000000.0,100000000000.0,,916
1,planned_restart,thermal_loop,923,controller_tick,91800000,91.8,2,60000000,31800000,918,91800000,RUNNING,,0,0,62,1,0,reconstructed_from_retained_wire,True,,,317.3558153978916,300.8879876131456,293.06467369762134,0.5313294399215942,0.6500000000000006,449000.00000000227,456400.41132772353,0.00015108943224412345,19099.89075839887,-2.5746885512489825e-08,0.000151089,300.888,293.065,317.356,0.0,151089,1,918,91800000,91800000,91800000,0,300888,1,918,91800000,91800000,91800000,0,293065,1,918,91800000,91800000,91800000,0,317356,1,918,91800000,91800000,91800000,0,0,1,918,91800000,91800000,91800000,0,1.0,0.531181,0.65,1.0,0.531181,0.65,1.0,0.531181,0.65,318,92100000,False,1.0,5000.0,300.0,500.0,600000000000.0,100000000000.0,,917
1,planned_restart,thermal_loop,924,controller_tick,91900000,91.9,2,60000000,31900000,919,91900000,RUNNING,,0,0,62,1,0,reconstructed_from_retained_wire,True,,,317.3564110131809,300.8879830851069,293.06454222266024,0.5313153139953898,0.6500000000000006,449500.0000000022,456896.1417252462,0.00015108541537999022,19098.875192384294,-2.58787622442469e-08,0.000151085,300.888,293.065,317.356,0.0,151085,1,919,91900000,91900000,91900000,0,300888,1,919,91900000,91900000,91900000,0,293065,1,919,91900000,91900000,91900000,0,317356,1,919,91900000,91900000,91900000,0,0,1,919,91900000,91900000,91900000,0,1.0,0.531168,0.65,1.0,0.531168,0.65,1.0,0.531168,0.65,319,92200000,False,1.0,5000.0,300.0,500.0,600000000000.0,100000000000.0,,918
1,planned_restart,thermal_loop,925,controller_tick,92000000,92.0,2,60000000,32000000,920,92000000,RUNNING,,0,0,62,1,0,reconstructed_from_retained_wire,True,,,317.3570048348586,300.8879812988503,293.0644108741338,0.53130129521523,0.6500000000000006,450000.00000000215,457391.8655520959,0.00015108142898402575,19097.867356196006,-2.5445842766202986e-08,0.000151081,300.888,293.064,317.357,0.0,151081,1,920,92000000,92000000,92000000,0,300888,1,920,92000000,92000000,92000000,0,293064,1,920,92000000,92000000,92000000,0,317357,1,920,92000000,92000000,92000000,0,0,1,920,92000000,92000000,92000000,0,1.0,0.531154,0.65,1.0,0.531154,0.65,1.0,0.531154,0.65,320,92300000,False,1.0,5000.0,300.0,500.0,600000000000.0,100000000000.0,,919
1,planned_restart,thermal_loop,926,controller_tick,92100000,92.1,2,60000000,32100000,921,92100000,RUNNING,,0,0,62,1,0,reconstructed_from_retained_wire,True,,,317.3575968764452,300.88798221276926,293.0642796684583,0.5312872782222386,0.6500000000000006,450500.00000000215,457887.5828150388,0.00015107744309626254,19096.859675077663,-2.4901964934542775e-08,0.000151077,300.888,293.064,317.358,0.0,151077,1,921,92100000,92100000,92100000,0,300888,1,921,92100000,92100000,92100000,0,293064,1,921,92100000,92100000,92100000,0,317358,1,921,92100000,92100000,92100000,0,0,1,921,92100000,92100000,92100000,0,1.0,0.53114,0.65,1.0,0.53114,0.65,1.0,0.53114,0.65,321,92400000,False,1.0,5000.0,300.0,500.0,600000000000.0,100000000000.0,,920
1,planned_restart,thermal_loop,927,controller_tick,92200000,92.2,2,60000000,32200000,922,92200000,RUNNING,,0,0,62,1,0,reconstructed_from_retained_wire,True,,,317.3581871513083,300.88798579159914,293.0641486178893,0.5312732628463442,0.6500000000000006,451000.00000000215,458383.29352152516,0.0001510734576683388,19095.85213679314,-2.49783624894917e-08,0.000151073,300.888,293.064,317.358,0.0,151073,1,922,92200000,92200000,92200000,0,300888,1,922,92200000,92200000,92200000,0,293064,1,922,92200000,92200000,92200000,0,317358,1,922,92200000,92200000,92200000,0,0,1,922,92200000,92200000,92200000,0,1.0,0.531127,0.65,1.0,0.531127,0.65,1.0,0.531127,0.65,322,92500000,False,1.0,5000.0,300.0,500.0,600000000000.0,100000000000.0,,921
1,planned_restart,thermal_loop,928,controller_tick,92300000,92.3,2,60000000,32300000,923,92300000,RUNNING,,0,0,62,1,0,reconstructed_from_retained_wire,True,,,317.3587756726654,300.8879919952719,293.0640177379515,0.5312593440962416,0.6500000000000006,451500.0000000021,458878.9976796705,0.00015106949971703296,19094.851571055035,-2.5124791136477143e-08,0.000151069,300.888,293.064,317.359,0.0,151069,1,923,92300000,92300000,92300000,0,300888,1,923,92300000,92300000,92300000,0,293064,1,923,92300000,92300000,92300000,0,317359,1,923,92300000,92300000,92300000,0,0,1,923,92300000,92300000,92300000,0,1.0,0.531114,0.65,1.0,0.531114,0.65,1.0,0.531114,0.65,323,92600000,False,1.0,5000.0,300.0,500.0,600000000000.0,100000000000.0,,922
1,planned_restart,thermal_loop,929,controller_tick,92400000,92.4,2,60000000,32400000,924,92400000,RUNNING,,0,0,62,1,0,reconstructed_from_retained_wire,True,,,317.35936245356527,300.8880007797036,293.06388704691125,0.531245512776771,0.6500000000000006,452000.0000000021,459374.69529846753,0.0001510655666275992,19093.85731633839,-2.4621840566396713e-08,0.000151066,300.888,293.064,317.359,0.0,151066,1,924,92400000,92400000,92400000,0,300888,1,924,92400000,92400000,92400000,0,293064,1,924,92400000,92400000,92400000,0,317359,1,924,92400000,92400000,92400000,0,0,1,924,92400000,92400000,92400000,0,1.0,0.531098,0.65,1.0,0.531098,0.65,1.0,0.531098,0.65,324,92700000,False,1.0,5000.0,300.0,500.0,600000000000.0,100000000000.0,,923
1,planned_restart,thermal_loop,930,controller_tick,92500000,92.5,2,60000000,32500000,925,92500000,RUNNING,,0,0,62,1,0,reconstructed_from_retained_wire,True,,,317.3599475069044,300.8880121185036,293.0637565513045,0.5312314750800617,0.6500000000000006,452500.00000000204,459870.38638761605,0.00015106157485250365,19092.848252806398,-2.5435838324483484e-08,0.000151062,300.888,293.064,317.36,0.0,151062,1,925,92500000,92500000,92500000,0,300888,1,925,92500000,92500000,92500000,0,293064,1,925,92500000,92500000,92500000,0,317360,1,925,92500000,92500000,92500000,0,0,1,925,92500000,92500000,92500000,0,1.0,0.531085,0.65,1.0,0.531085,0.65,1.0,0.531085,0.65,325,92800000,False,1.0,5000.0,300.0,500.0,600000000000.0,100000000000.0,,924
1,planned_restart,thermal_loop,931,controller_tick,92600000,92.6,2,60000000,32600000,926,92600000,RUNNING,,0,0,62,1,0,reconstructed_from_retained_wire,True,,,317.36053084547683,300.8880259844055,293.0636262583202,0.5312175361332506,0.6500000000000006,453000.00000000204,460366.070956974,0.00015105761115803928,19091.846314038783,-2.6351699489168823e-08,0.000151058,300.888,293.064,317.361,0.0,151058,1,926,92600000,92600000,92600000,0,300888,1,926,92600000,92600000,92600000,0,293064,1,926,92600000,92600000,92600000,0,317361,1,926,92600000,92600000,92600000,0,0,1,926,92600000,92600000,92600000,0,1.0,0.531072,0.65,1.0,0.531072,0.65,1.0,0.531072,0.65,326,92900000,False,1.0,5000.0,300.0,500.0,600000000000.0,100000000000.0,,925
1,planned_restart,thermal_loop,932,controller_tick,92700000,92.7,2,60000000,32700000,927,92700000,RUNNING,,0,0,62,1,0,reconstructed_from_retained_wire,True,,,317.3611124819244,300.8880423345638,293.0634961855974,0.5312036865390423,0.6500000000000006,453500.00000000204,460861.74901711795,0.0001510536728719807,19090.850824020767,-2.713022695388645e-08,0.000151054,300.888,293.063,317.361,0.0,151054,1,927,92700000,92700000,92700000,0,300888,1,927,92700000,92700000,92700000,0,293063,1,927,92700000,92700000,92700000,0,317361,1,927,92700000,92700000,92700000,0,0,1,927,92700000,92700000,92700000,0,1.0,0.531059,0.65,1.0,0.531059,0.65,1.0,0.531059,0.65,327,93000000,False,1.0,5000.0,300.0,500.0,600000000000.0,100000000000.0,,926
1,planned_restart,thermal_loop,933,controller_tick,92800000,92.8,2,60000000,32800000,928,92800000,RUNNING,,0,0,62,1,0,reconstructed_from_retained_wire,True,,,317.3616924287254,300.8880611277711,293.0633663497453,0.5311899177944125,0.6500000000000006,454000.00000000204,461357.4205794804,0.0001510497575763985,19089.86117108797,-2.6827365218196064e-08,0.00015105,300.888,293.063,317.362,0.0,151050,1,928,92800000,92800000,92800000,0,300888,1,928,92800000,92800000,92800000,0,293063,1,928,92800000,92800000,92800000,0,317362,1,928,92800000,92800000,92800000,0,0,1,928,92800000,92800000,92800000,0,1.0,0.531046,0.65,1.0,0.531046,0.65,1.0,0.531046,0.65,328,93100000,False,1.0,5000.0,300.0,500.0,600000000000.0,100000000000.0,,927
1,planned_restart,thermal_loop,934,controller_tick,92900000,92.9,2,60000000,32900000,929,92900000,RUNNING,,0,0,62,1,0,reconstructed_from_retained_wire,True,,,317.3622706981995,300.8880823243378,293.0632367664233,0.5311762222055065,0.6500000000000006,454500.00000000204,461853.0856563001,0.00015104586308345948,19088.876801800492,-2.6514499040786177e-08,0.000151046,300.888,293.063,317.362,0.0,151046,1,929,92900000,92900000,92900000,0,300888,1,929,92900000,92900000,92900000,0,293063,1,929,92900000,92900000,92900000,0,317362,1,929,92900000,92900000,92900000,0,0,1,929,92900000,92900000,92900000,0,1.0,0.531033,0.65,1.0,0.531033,0.65,1.0,0.531033,0.65,329,93200000,False,1.0,5000.0,300.0,500.0,600000000000.0,100000000000.0,,928
1,planned_restart,thermal_loop,935,controller_tick,93000000,93.0,2,60000000,33000000,930,93000000,RUNNING,,0,0,62,1,0,reconstructed_from_retained_wire,True,,,317.3628473025126,300.8881058859827,293.0631074504137,0.5311625928106368,0.6500000000000006,455000.00000000204,462348.7442605768,0.0001510419874135305,19087.897215400197,-2.7433088689576834e-08,0.000151042,300.888,293.063,317.363,0.0,151042,1,930,93000000,93000000,93000000,0,300888,1,930,93000000,93000000,93000000,0,293063,1,930,93000000,93000000,93000000,0,317363,1,930,93000000,93000000,93000000,0,0,1,930,93000000,93000000,93000000,0,1.0,0.53102,0.65,1.0,0.53102,0.65,1.0,0.53102,0.65,330,93300000,False,1.0,5000.0,300.0,500.0,600000000000.0,100000000000.0,,929
1,planned_restart,thermal_loop,936,controller_tick,93100000,93.1,2,60000000,33100000,931,93100000,RUNNING,,0,0,62,1,0,reconstructed_from_retained_wire,True,,,317.3634222536817,300.88813177573365,293.062978415688,0.531149023310608,0.6500000000000006,455500.00000000204,462844.3964060284,0.00015103812877536528,19086.921958795745,-2.766500983852893e-08,0.000151038,300.888,293.063,317.363,0.0,151038,1,931,93100000,93100000,93100000,0,300888,1,931,93100000,93100000,93100000,0,293063,1,931,93100000,93100000,93100000,0,317363,1,931,93100000,93100000,93100000,0,0,1,931,93100000,93100000,93100000,0,1.0,0.531007,0.65,1.0,0.531007,0.65,1.0,0.531007,0.65,331,93400000,False,1.0,5000.0,300.0,500.0,600000000000.0,100000000000.0,,930
1,planned_restart,thermal_loop,937,controller_tick,93200000,93.2,2,60000000,33200000,932,93200000,RUNNING,,0,0,62,1,0,reconstructed_from_retained_wire,True,,,317.36399556357867,300.88815995783654,293.0628496754668,0.5311355080056723,0.6500000000000006,456000.00000000204,463340.0421070528,0.0001510342855481772,19085.950622025026,-2.7291207516100258e-08,0.000151034,300.888,293.063,317.364,0.0,151034,1,932,93200000,93200000,93200000,0,300888,1,932,93200000,93200000,93200000,0,293063,1,932,93200000,93200000,93200000,0,317364,1,932,93200000,93200000,93200000,0,0,1,932,93200000,93200000,93200000,0,1.0,0.530995,0.65,1.0,0.530995,0.65,1.0,0.530995,0.65,332,93500000,False,1.0,5000.0,300.0,500.0,600000000000.0,100000000000.0,,931
1,planned_restart,thermal_loop,938,controller_tick,93300000,93.3,2,60000000,33300000,933,93300000,RUNNING,,0,0,62,1,0,reconstructed_from_retained_wire,True,,,317.36456724392923,300.88819039232,293.0627212458428,0.5311221369010668,0.6500000000000006,456500.000000002,463835.68137875106,0.00015103048332595583,19084.989673166823,-2.668639353942126e-08,0.00015103,300.888,293.063,317.365,0.0,151030,1,933,93300000,93300000,93300000,0,300888,1,933,93300000,93300000,93300000,0,293063,1,933,93300000,93300000,93300000,0,317365,1,933,93300000,93300000,93300000,0,0,1,933,93300000,93300000,93300000,0,1.0,0.530982,0.65,1.0,0.530982,0.65,1.0,0.530982,0.65,333,93600000,False,1.0,5000.0,300.0,500.0,600000000000.0,100000000000.0,,932
1,planned_restart,thermal_loop,939,controller_tick,93400000,93.4,2,60000000,33400000,934,93400000,RUNNING,,0,0,62,1,0,reconstructed_from_retained_wire,True,,,317.3651373063014,300.88822304107134,293.06259314172854,0.5311088011117338,0.6500000000000006,457000.000000002,464331.3142370609,0.00015102669114602478,19084.031286427613,-2.66145434579812e-08,0.000151027,300.888,293.063,317.365,0.0,151027,1,934,93400000,93400000,93400000,0,300888,1,934,93400000,93400000,93400000,0,293063,1,934,93400000,93400000,93400000,0,317365,1,934,93400000,93400000,93400000,0,0,1,934,93400000,93400000,93400000,0,1.0,0.530967,0.65,1.0,0.530967,0.65,1.0,0.530967,0.65,334,93700000,False,1.0,5000.0,300.0,500.0,600000000000.0,100000000000.0,,933
1,planned_restart,thermal_loop,940,controller_tick,93500000,93.5,2,60000000,33500000,935,93500000,RUNNING,,0,0,62,1,0,reconstructed_from_retained_wire,True,,,317.3657057621381,300.8882578833407,293.06246536652264,0.5310953069518167,0.6500000000000006,457500.0000000019,464826.9406984032,0.00015102285393165776,19083.061542759307,-2.7373971533961594e-08,0.000151023,300.888,293.062,317.366,0.0,151023,1,935,93500000,93500000,93500000,0,300888,1,935,93500000,93500000,93500000,0,293062,1,935,93500000,93500000,93500000,0,317366,1,935,93500000,93500000,93500000,0,0,1,935,93500000,93500000,93500000,0,1.0,0.530955,0.65,1.0,0.530955,0.65,1.0,0.530955,0.65,335,93800000,False,1.0,5000.0,300.0,500.0,600000000000.0,100000000000.0,,934
1,planned_restart,thermal_loop,941,controller_tick,93600000,93.6,2,60000000,33600000,936,93600000,RUNNING,,0,0,62,1,0,reconstructed_from_retained_wire,True,,,317.3662726227904,300.88829489224906,293.0623379277735,0.5310819549800153,0.6500000000000006,458000.00000000186,465322.5607793201,0.00015101905715006193,19082.102041542035,-2.750039129750803e-08,0.000151019,300.888,293.062,317.366,0.0,151019,1,936,93600000,93600000,93600000,0,300888,1,936,93600000,93600000,93600000,0,293062,1,936,93600000,93600000,93600000,0,317366,1,936,93600000,93600000,93600000,0,0,1,936,93600000,93600000,93600000,0,1.0,0.530943,0.65,1.0,0.530943,0.65,1.0,0.530943,0.65,336,93900000,False,1.0,5000.0,300.0,500.0,600000000000.0,100000000000.0,,935
1,planned_restart,thermal_loop,942,controller_tick,93700000,93.7,2,60000000,33700000,937,93700000,RUNNING,,0,0,62,1,0,reconstructed_from_retained_wire,True,,,317.36683789946346,300.8883340258076,293.0622108431609,0.5310687316653412,0.6500000000000006,458500.00000000186,465818.1744970821,0.00015101529695355035,19081.15180967582,-2.7561327442526817e-08,0.000151015,300.888,293.062,317.367,0.0,151015,1,937,93700000,93700000,93700000,0,300888,1,937,93700000,93700000,93700000,0,293062,1,937,93700000,93700000,93700000,0,317367,1,937,93700000,93700000,93700000,0,0,1,937,93700000,93700000,93700000,0,1.0,0.53093,0.65,1.0,0.53093,0.65,1.0,0.53093,0.65,337,94000000,False,1.0,5000.0,300.0,500.0,600000000000.0,100000000000.0,,936
1,planned_restart,thermal_loop,943,controller_tick,93800000,93.8,2,60000000,33800000,938,93800000,RUNNING,,0,0,62,1,0,reconstructed_from_retained_wire,True,,,317.36740160321153,300.8883752494384,293.0620841254813,0.5310555296018681,0.6500000000000006,459000.00000000186,466313.7818697503,0.000151011542800054,19080.203128531044,-2.7324858820065856e-08,0.000151012,300.888,293.062,317.367,0.0,151012,1,938,93800000,93800000,93800000,0,300888,1,938,93800000,93800000,93800000,0,293062,1,938,93800000,93800000,93800000,0,317367,1,938,93800000,93800000,93800000,0,0,1,938,93800000,93800000,93800000,0,1.0,0.530916,0.65,1.0,0.530916,0.65,1.0,0.530916,0.65,338,94100000,False,1.0,5000.0,300.0,500.0,600000000000.0,100000000000.0,,937
1,planned_restart,thermal_loop,944,controller_tick,93900000,93.9,2,60000000,33900000,939,93900000,RUNNING,,0,0,62,1,0,reconstructed_from_retained_wire,True,,,317.36796374497027,300.8884185403619,293.06195777972493,0.5310422516046948,0.6500000000000006,459500.00000000186,466809.3829158269,0.00015100776705396593,19079.24901468846,-2.78978404821828e-08,0.000151008,300.888,293.062,317.368,0.0,151008,1,939,93900000,93900000,93900000,0,300888,1,939,93900000,93900000,93900000,0,293062,1,939,93900000,93900000,93900000,0,317368,1,939,93900000,93900000,93900000,0,0,1,939,93900000,93900000,93900000,0,1.0,0.530904,0.65,1.0,0.530904,0.65,1.0,0.530904,0.65,339,94200000,False,1.0,5000.0,300.0,500.0,600000000000.0,100000000000.0,,938
1,planned_restart,thermal_loop,945,controller_tick,94000000,94.0,2,60000000,34000000,940,94000000,RUNNING,,0,0,62,1,0,reconstructed_from_retained_wire,True,,,317.3685243355741,300.8884638702734,293.0618318146262,0.5310290952250323,0.6500000000000006,460000.00000000186,467304.9776540663,0.00015100402589116892,19078.303663415314,-2.8137947083450854e-08,0.000151004,300.888,293.062,317.369,0.0,151004,1,940,94000000,94000000,94000000,0,300888,1,940,94000000,94000000,94000000,0,293062,1,940,94000000,94000000,94000000,0,317369,1,940,94000000,94000000,94000000,0,0,1,940,94000000,94000000,94000000,0,1.0,0.530892,0.65,1.0,0.530892,0.65,1.0,0.530892,0.65,340,94300000,False,1.0,5000.0,300.0,500.0,600000000000.0,100000000000.0,,939
1,planned_restart,thermal_loop,946,controller_tick,94100000,94.1,2,60000000,34100000,941,94100000,RUNNING,,0,0,62,1,0,reconstructed_from_retained_wire,True,,,317.36908338572,300.8885112012445,293.0617062453919,0.5310160488894442,0.6500000000000006,460500.0000000018,467800.5661038864,0.00015100031602062767,19077.36624248389,-2.852539182640612e-08,0.000151,300.889,293.062,317.369,0.0,151000,1,941,94100000,94100000,94100000,0,300889,1,941,94100000,94100000,94100000,0,293062,1,941,94100000,94100000,94100000,0,317369,1,941,94100000,94100000,94100000,0,0,1,941,94100000,94100000,94100000,0,1.0,0.53088,0.65,1.0,0.53088,0.65,1.0,0.53088,0.65,341,94400000,False,1.0,5000.0,300.0,500.0,600000000000.0,100000000000.0,,940
1,planned_restart,thermal_loop,947,controller_tick,94200000,94.2,2,60000000,34200000,942,94200000,RUNNING,,0,0,62,1,0,reconstructed_from_retained_wire,True,,,317.36964090596206,300.88856049713337,293.0615810860935,0.5310031021258522,0.6500000000000006,461000.00000000175,468296.1482854368,0.00015099663446449028,19076.43599888667,-2.8738213586620986e-08,0.000150997,300.889,293.062,317.37,0.0,150997,1,942,94200000,94200000,94200000,0,300889,1,942,94200000,94200000,94200000,0,293062,1,942,94200000,94200000,94200000,0,317370,1,942,94200000,94200000,94200000,0,0,1,942,94200000,94200000,94200000,0,1.0,0.530866,0.65,1.0,0.530866,0.65,1.0,0.530866,0.65,342,94500000,False,1.0,5000.0,300.0,500.0,600000000000.0,100000000000.0,,941
1,planned_restart,thermal_loop,948,controller_tick,94300000,94.3,2,60000000,34300000,943,94300000,RUNNING,,0,0,62,1,0,reconstructed_from_retained_wire,True,,,317.37019690672776,300.8886117341489,293.061456342625,0.5309900551335642,0.6500000000000006,461500.0000000017,468791.72421942407,0.0001509929244072091,19075.498576658094,-2.960587153211236e-08,0.000150993,300.889,293.061,317.37,0.0,150993,1,943,94300000,94300000,94300000,0,300889,1,943,94300000,94300000,94300000,0,293061,1,943,94300000,94300000,94300000,0,317370,1,943,94300000,94300000,94300000,0,0,1,943,94300000,94300000,94300000,0,1.0,0.530854,0.65,1.0,0.530854,0.65,1.0,0.530854,0.65,343,94600000,False,1.0,5000.0,300.0,500.0,600000000000.0,100000000000.0,,942
1,planned_restart,thermal_loop,949,controller_tick,94400000,94.4,2,60000000,34400000,944,94400000,RUNNING,,0,0,62,1,0,reconstructed_from_retained_wire,True,,,317.37075139835304,300.8886648884146,293.0613320209967,0.5309771077757657,0.6500000000000006,462000.0000000017,469287.293926729,0.0001509892426821025,19074.568335905773,-2.932938514277339e-08,0.000150989,300.889,293.061,317.371,0.0,150989,1,944,94400000,94400000,94400000,0,300889,1,944,94400000,94400000,94400000,0,293061,1,944,94400000,94400000,94400000,0,317371,1,944,94400000,94400000,94400000,0,0,1,944,94400000,94400000,94400000,0,1.0,0.530842,0.65,1.0,0.530842,0.65,1.0,0.530842,0.65,344,94700000,False,1.0,5000.0,300.0,500.0,600000000000.0,100000000000.0,,943
1,planned_restart,thermal_loop,950,controller_tick,94500000,94.5,2,60000000,34500000,945,94500000,RUNNING,,0,0,62,1,0,reconstructed_from_retained_wire,True,,,317.37130439105056,300.88871992611536,293.0612081339002,0.5309642505709813,0.6500000000000006,462500.0000000017,469782.857428765,0.00015098558659300753,19073.644594906553,-2.990964276250452e-08,0.000150986,300.889,293.061,317.371,0.0,150986,1,945,94500000,94500000,94500000,0,300889,1,945,94500000,94500000,94500000,0,293061,1,945,94500000,94500000,94500000,0,317371,1,945,94500000,94500000,94500000,0,0,1,945,94500000,94500000,94500000,0,1.0,0.530829,0.65,1.0,0.530829,0.65,1.0,0.530829,0.65,345,94800000,False,1.0,5000.0,300.0,500.0,600000000000.0,100000000000.0,,944
1,planned_restart,thermal_loop,951,controller_tick,94600000,94.6,2,60000000,34600000,946,94600000,RUNNING,,0,0,62,1,0,reconstructed_from_retained_wire,True,,,317.3718558949089,300.88877682029175,293.06108468951203,0.5309513797774355,0.6500000000000006,463000.0000000017,470278.4147474959,0.00015098192663979724,19072.719900010205,-2.877004590118304e-08,0.000150982,300.889,293.061,317.372,0.0,150982,1,946,94600000,94600000,94600000,0,300889,1,946,94600000,94600000,94600000,0,293061,1,946,94600000,94600000,94600000,0,317372,1,946,94600000,94600000,94600000,0,0,1,946,94600000,94600000,94600000,0,1.0,0.530817,0.65,1.0,0.530817,0.65,1.0,0.530817,0.65,346,94900000,False,1.0,5000.0,300.0,500.0,600000000000.0,100000000000.0,,945
1,planned_restart,thermal_loop,952,controller_tick,94700000,94.7,2,60000000,34700000,947,94700000,RUNNING,,0,0,62,1,0,reconstructed_from_retained_wire,True,,,317.3724059199119,300.88883554456794,293.06096169567564,0.5309385918508518,0.6500000000000006,463500.0000000017,470773.9659052243,0.00015097829025072874,19071.80118084322,-2.961496647913009e-08,0.000150978,300.889,293.061,317.372,0.0,150978,1,947,94700000,94700000,94700000,0,300889,1,947,94700000,94700000,94700000,0,293061,1,947,94700000,94700000,94700000,0,317372,1,947,94700000,94700000,94700000,0,0,1,947,94700000,94700000,94700000,0,1.0,0.530805,0.65,1.0,0.530805,0.65,1.0,0.530805,0.65,347,95000000,False,1.0,5000.0,300.0,500.0,600000000000.0,100000000000.0,,946
1,planned_restart,thermal_loop,953,controller_tick,94800000,94.8,2,60000000,34800000,948,94800000,RUNNING,,0,0,62,1,0,reconstructed_from_retained_wire,True,,,317.37295447592527,300.88889606817673,293.0608391632171,0.5309258789053962,0.6500000000000006,464000.0000000017,471269.51092475204,0.00015097467518337745,19070.887870456216,-2.8669091989286244e-08,0.000150975,300.889,293.061,317.373,0.0,150975,1,948,94800000,94800000,94800000,0,300889,1,948,94800000,94800000,94800000,0,293061,1,948,94800000,94800000,94800000,0,317373,1,948,94800000,94800000,94800000,0,0,1,948,94800000,94800000,94800000,0,1.0,0.530792,0.65,1.0,0.530792,0.65,1.0,0.530792,0.65,348,95100000,False,1.0,5000.0,300.0,500.0,600000000000.0,100000000000.0,,947
1,planned_restart,thermal_loop,954,controller_tick,94900000,94.9,2,60000000,34900000,949,94900000,RUNNING,,0,0,62,1,0,reconstructed_from_retained_wire,True,,,317.37350157270004,300.88895836699044,293.0607170985903,0.530913138643089,0.6500000000000006,464500.0000000017,471765.0498293416,0.00015097105234817575,19069.97261953933,-2.8900103643536568e-08,0.000150971,300.889,293.061,317.374,0.0,150971,1,949,94900000,94900000,94900000,0,300889,1,949,94900000,94900000,94900000,0,293061,1,949,94900000,94900000,94900000,0,317374,1,949,94900000,94900000,94900000,0,0,1,949,94900000,94900000,94900000,0,1.0,0.53078,0.65,1.0,0.53078,0.65,1.0,0.53078,0.65,349,95200000,False,1.0,5000.0,300.0,500.0,600000000000.0,100000000000.0,,948
1,planned_restart,thermal_loop,955,controller_tick,95000000,95.0,2,60000000,35000000,950,95000000,RUNNING,,0,0,62,1,0,reconstructed_from_retained_wire,True,,,317.37404721989213,300.8890224172681,293.0605955080471,0.5309004688260544,0.6500000000000006,465000.0000000017,472260.5826425114,0.00015096744954487038,19069.062451139238,-2.905289875343442e-08,0.000150967,300.889,293.061,317.374,0.0,150967,1,950,95000000,95000000,95000000,0,300889,1,950,95000000,95000000,95000000,0,293061,1,950,95000000,95000000,95000000,0,317374,1,950,95000000,95000000,95000000,0,0,1,950,95000000,95000000,95000000,0,1.0,0.530769,0.65,1.0,0.530769,0.65,1.0,0.530769,0.65,350,95300000,False,1.0,5000.0,300.0,500.0,600000000000.0,100000000000.0,,949
1,planned_restart,thermal_loop,956,controller_tick,95100000,95.1,2,60000000,35100000,951,95100000,RUNNING,,0,0,62,1,0,reconstructed_from_retained_wire,True,,,317.3745914270422,300.88908818534225,293.0604744045103,0.5308879579131202,0.6500000000000006,465500.00000000163,472756.10938826256,0.00015096389192771224,19068.163719331493,-2.866181603167206e-08,0.000150964,300.889,293.06,317.375,0.0,150964,1,951,95100000,95100000,95100000,0,300889,1,951,95100000,95100000,95100000,0,293060,1,951,95100000,95100000,95100000,0,317375,1,951,95100000,95100000,95100000,0,0,1,951,95100000,95100000,95100000,0,1.0,0.530756,0.65,1.0,0.530756,0.65,1.0,0.530756,0.65,351,95400000,False,1.0,5000.0,300.0,500.0,600000000000.0,100000000000.0,,950
1,planned_restart,thermal_loop,957,controller_tick,95200000,95.2,2,60000000,35200000,952,95200000,RUNNING,,0,0,62,1,0,reconstructed_from_retained_wire,True,,,317.3751342035642,300.8891556448205,293.06035379610455,0.530875400457398,0.6500000000000006,466000.00000000163,473251.63009121286,0.00015096032107559502,19067.261665381575,-2.8194335754960775e-08,0.00015096,300.889,293.06,317.375,0.0,150960,1,952,95200000,95200000,95200000,0,300889,1,952,95200000,95200000,95200000,0,293060,1,952,95200000,95200000,95200000,0,317375,1,952,95200000,95200000,95200000,0,0,1,952,95200000,95200000,95200000,0,1.0,0.530745,0.65,1.0,0.530745,0.65,1.0,0.530745,0.65,352,95500000,False,1.0,5000.0,300.0,500.0,600000000000.0,100000000000.0,,951
1,planned_restart,thermal_loop,958,controller_tick,95300000,95.3,2,60000000,35300000,953,95300000,RUNNING,,0,0,62,1,0,reconstructed_from_retained_wire,True,,,317.3756755587767,300.8892247698591,293.0602336906429,0.5308629912131836,0.6500000000000006,466500.00000000163,473747.14477625483,0.00015095679236906746,19066.370279037765,-2.7253918233327568e-08,0.000150957,300.889,293.06,317.376,0.0,150957,1,953,95300000,95300000,95300000,0,300889,1,953,95300000,95300000,95300000,0,293060,1,953,95300000,95300000,95300000,0,317376,1,953,95300000,95300000,95300000,0,0,1,953,95300000,95300000,95300000,0,1.0,0.530731,0.65,1.0,0.530731,0.65,1.0,0.530731,0.65,353,95600000,False,1.0,5000.0,300.0,500.0,600000000000.0,100000000000.0,,952
1,planned_restart,thermal_loop,959,controller_tick,95400000,95.4,2,60000000,35400000,954,95400000,RUNNING,,0,0,62,1,0,reconstructed_from_retained_wire,True,,,317.3762155018894,300.8892955413081,293.060114091528,0.5308504305885413,0.6500000000000006,467000.00000000163,474242.65346871386,0.00015095322061583257,19065.468039887084,-2.8128852136433125e-08,0.000150953,300.889,293.06,317.376,0.0,150953,1,954,95400000,95400000,95400000,0,300889,1,954,95400000,95400000,95400000,0,293060,1,954,95400000,95400000,95400000,0,317376,1,954,95400000,95400000,95400000,0,0,1,954,95400000,95400000,95400000,0,1.0,0.53072,0.65,1.0,0.53072,0.65,1.0,0.53072,0.65,354,95700000,False,1.0,5000.0,300.0,500.0,600000000000.0,100000000000.0,,953
1,planned_restart,thermal_loop,960,controller_tick,95500000,95.5,2,60000000,35500000,955,95500000,RUNNING,,0,0,62,1,0,reconstructed_from_retained_wire,True,,,317.3767540420431,300.88936793963074,293.05999500247634,0.5308380184769695,0.6500000000000006,467500.00000000163,474738.1561939081,0.00015094969109394007,19064.576489513172,-2.7958776627201587e-08,0.00015095,300.889,293.06,317.377,0.0,150950,1,955,95500000,95500000,95500000,0,300889,1,955,95500000,95500000,95500000,0,293060,1,955,95500000,95500000,95500000,0,317377,1,955,95500000,95500000,95500000,0,0,1,955,95500000,95500000,95500000,0,1.0,0.530707,0.65,1.0,0.530707,0.65,1.0,0.530707,0.65,355,95800000,False,1.0,5000.0,300.0,500.0,600000000000.0,100000000000.0,,954
1,planned_restart,thermal_loop,961,controller_tick,95600000,95.6,2,60000000,35600000,956,95600000,RUNNING,,0,0,62,1,0,reconstructed_from_retained_wire,True,,,317.3772911882719,300.88944194083683,293.0598764302246,0.5308255504204169,0.6500000000000006,468000.00000000163,475233.65297757305,0.0001509461456634704,19063.680941650808,-2.874912752304226e-08,0.000150946,300.889,293.06,317.377,0.0,150946,1,956,95600000,95600000,95600000,0,300889,1,956,95600000,95600000,95600000,0,293060,1,956,95600000,95600000,95600000,0,317377,1,956,95600000,95600000,95600000,0,0,1,956,95600000,95600000,95600000,0,1.0,0.530696,0.65,1.0,0.530696,0.65,1.0,0.530696,0.65,356,95900000,False,1.0,5000.0,300.0,500.0,600000000000.0,100000000000.0,,955
1,planned_restart,thermal_loop,962,controller_tick,95700000,95.7,2,60000000,35700000,957,95700000,RUNNING,,0,0,62,1,0,reconstructed_from_retained_wire,True,,,317.3778269495228,300.8895175213428,293.0597583812918,0.5308132220679164,0.6500000000000006,468500.00000000163,475729.14384565194,0.00015094263995940087,19062.795449046982,-2.9150214686524123e-08,0.000150943,300.89,293.06,317.378,0.0,150943,1,957,95700000,95700000,95700000,0,300890,1,957,95700000,95700000,95700000,0,293060,1,957,95700000,95700000,95700000,0,317378,1,957,95700000,95700000,95700000,0,0,1,957,95700000,95700000,95700000,0,1.0,0.530684,0.65,1.0,0.530684,0.65,1.0,0.530684,0.65,357,96000000,False,1.0,5000.0,300.0,500.0,600000000000.0,100000000000.0,,956
1,planned_restart,thermal_loop,963,controller_tick,95800000,95.8,2,60000000,35800000,958,95800000,RUNNING,,0,0,62,1,0,reconstructed_from_retained_wire,True,,,317.3783613346306,300.889594653417,293.0596408650122,0.5308009249622876,0.6500000000000006,469000.00000000163,476224.62882457854,0.0001509391431407266,19061.912221259307,-2.9282091418281198e-08,0.000150939,300.89,293.06,317.378,0.0,150939,1,958,95800000,95800000,95800000,0,300890,1,958,95800000,95800000,95800000,0,293060,1,958,95800000,95800000,95800000,0,317378,1,958,95800000,95800000,95800000,0,0,1,958,95800000,95800000,95800000,0,1.0,0.530673,0.65,1.0,0.530673,0.65,1.0,0.530673,0.65,358,96100000,False,1.0,5000.0,300.0,500.0,600000000000.0,100000000000.0,,957
1,planned_restart,thermal_loop,964,controller_tick,95900000,95.9,2,60000000,35900000,959,95900000,RUNNING,,0,0,62,1,0,reconstructed_from_retained_wire,True,,,317.37889435232785,300.8896733104194,293.05952389004347,0.5307887512925795,0.6500000000000006,469500.00000000163,476720.1079411743,0.00015093568142242846,19061.03787929246,-2.918932295870036e-08,0.000150936,300.89,293.06,317.379,0.0,150936,1,959,95900000,95900000,95900000,0,300890,1,959,95900000,95900000,95900000,0,293060,1,959,95900000,95900000,95900000,0,317379,1,959,95900000,95900000,95900000,0,0,1,959,95900000,95900000,95900000,0,1.0,0.53066,0.65,1.0,0.53066,0.65,1.0,0.53066,0.65,359,96200000,False,1.0,5000.0,300.0,500.0,600000000000.0,100000000000.0,,958
1,planned_restart,thermal_loop,965,controller_tick,96000000,96.0,2,60000000,36000000,960,96000000,RUNNING,,0,0,62,1,0,reconstructed_from_retained_wire,True,,,317.37942601124314,300.88975347248186,293.05940746057837,0.5307764989871473,0.6500000000000006,470000.0000000016,477215.58122267266,0.00015093219734318807,19060.15790976809,-2.820797817548737e-08,0.000150932,300.89,293.059,317.379,0.0,150932,1,960,96000000,96000000,96000000,0,300890,1,960,96000000,96000000,96000000,0,293059,1,960,96000000,96000000,96000000,0,317379,1,960,96000000,96000000,96000000,0,0,1,960,96000000,96000000,96000000,0,1.0,0.530649,0.65,1.0,0.530649,0.65,1.0,0.530649,0.65,360,96300000,False,1.0,5000.0,300.0,500.0,600000000000.0,100000000000.0,,959
1,planned_restart,thermal_loop,966,controller_tick,96100000,96.1,2,60000000,36100000,961,96100000,RUNNING,,0,0,62,1,0,reconstructed_from_retained_wire,True,,,317.37995631993084,300.889835119826,293.0592915808021,0.5307643658543334,0.6500000000000006,470500.0000000016,477711.04869639286,0.00015092874715200638,19059.286519325557,-2.8536305762827396e-08,0.000150929,300.89,293.059,317.38,0.0,150929,1,961,96100000,96100000,96100000,0,300890,1,961,96100000,96100000,96100000,0,293059,1,961,96100000,96100000,96100000,0,317380,1,961,96100000,96100000,96100000,0,0,1,961,96100000,96100000,96100000,0,1.0,0.530637,0.65,1.0,0.530637,0.65,1.0,0.530637,0.65,361,96400000,False,1.0,5000.0,300.0,500.0,600000000000.0,100000000000.0,,960
1,planned_restart,thermal_loop,967,controller_tick,96200000,96.2,2,60000000,36200000,962,96200000,RUNNING,,0,0,62,1,0,reconstructed_from_retained_wire,True,,,317.38048528684544,300.8899182282376,293.0591762579068,0.5307522453907818,0.6500000000000006,471000.0000000016,478206.51039003284,0.00015092530056347024,19058.41605866614,-2.8285285225138068e-08,0.000150925,300.89,293.059,317.38,0.0,150925,1,962,96200000,96200000,96200000,0,300890,1,962,96200000,96200000,96200000,0,293059,1,962,96200000,96200000,96200000,0,317380,1,962,96200000,96200000,96200000,0,0,1,962,96200000,96200000,96200000,0,1.0,0.530626,0.65,1.0,0.530626,0.65,1.0,0.530626,0.65,362,96500000,False,1.0,5000.0,300.0,500.0,600000000000.0,100000000000.0,,961
1,planned_restart,thermal_loop,968,controller_tick,96300000,96.3,2,60000000,36300000,963,96300000,RUNNING,,0,0,62,1,0,reconstructed_from_retained_wire,True,,,317.3810129203504,300.89000277433223,293.0590614985813,0.5307402315534347,0.6500000000000006,471500.0000000016,478701.96633157553,0.00015092188429528054,19057.55327524413,-2.731940185185522e-08,0.000150922,300.89,293.059,317.381,0.0,150922,1,963,96300000,96300000,96300000,0,300890,1,963,96300000,96300000,96300000,0,293059,1,963,96300000,96300000,96300000,0,317381,1,963,96300000,96300000,96300000,0,0,1,963,96300000,96300000,96300000,0,1.0,0.530614,0.65,1.0,0.530614,0.65,1.0,0.530614,0.65,363,96600000,False,1.0,5000.0,300.0,500.0,600000000000.0,100000000000.0,,962
1,planned_restart,thermal_loop,969,controller_tick,96400000,96.4,2,60000000,36400000,964,96400000,RUNNING,,0,0,62,1,0,reconstructed_from_retained_wire,True,,,317.3815392287101,300.8900887359034,293.05894730877753,0.5307282190328854,0.6500000000000006,472000.0000000016,479197.41654938157,0.00015091846840153695,19056.69060591555,-2.797787601593882e-08,0.000150918,300.89,293.059,317.382,0.0,150918,1,964,96400000,96400000,96400000,0,300890,1,964,96400000,96400000,96400000,0,293059,1,964,96400000,96400000,96400000,0,317382,1,964,96400000,96400000,96400000,0,0,1,964,96400000,96400000,96400000,0,1.0,0.530604,0.65,1.0,0.530604,0.65,1.0,0.530604,0.65,364,96700000,False,1.0,5000.0,300.0,500.0,600000000000.0,100000000000.0,,963
1,planned_restart,thermal_loop,970,controller_tick,96500000,96.5,2,60000000,36500000,965,96500000,RUNNING,,0,0,62,1,0,reconstructed_from_retained_wire,True,,,317.3820642200991,300.8901760860601,293.05883369762006,0.5307163980289877,0.6500000000000006,472500.0000000016,479692.8610720971,0.00015091510696768205,19055.841709259526,-2.7488567866384983e-08,0.000150915,300.89,293.059,317.382,0.0,150915,1,965,96500000,96500000,96500000,0,300890,1,965,96500000,96500000,96500000,0,293059,1,965,96500000,96500000,96500000,0,317382,1,965,96500000,96500000,96500000,0,0,1,965,96500000,96500000,96500000,0,1.0,0.530591,0.65,1.0,0.530591,0.65,1.0,0.530591,0.65,365,96800000,False,1.0,5000.0,300.0,500.0,600000000000.0,100000000000.0,,964
1,planned_restart,thermal_loop,971,controller_tick,96600000,96.6,2,60000000,36600000,966,96600000,RUNNING,,0,0,62,1,0,reconstructed_from_retained_wire,True,,,317.38258790258385,300.890264805102,293.05872066948615,0.5307044648287769,0.6500000000000006,473000.0000000016,480188.29992885847,0.00015091171362955838,19054.98477467591,-2.7413989300839603e-08,0.000150912,300.89,293.059,317.383,0.0,150912,1,966,96600000,96600000,96600000,0,300890,1,966,96600000,96600000,96600000,0,293059,1,966,96600000,96600000,96600000,0,317383,1,966,96600000,96600000,96600000,0,0,1,966,96600000,96600000,96600000,0,1.0,0.530579,0.65,1.0,0.530579,0.65,1.0,0.530579,0.65,366,96900000,False,1.0,5000.0,300.0,500.0,600000000000.0,100000000000.0,,965
1,planned_restart,thermal_loop,972,controller_tick,96700000,96.7,2,60000000,36700000,967,96700000,RUNNING,,0,0,62,1,0,reconstructed_from_retained_wire,True,,,317.3831102841752,300.8903548840984,293.05860822162487,0.5306925252717256,0.6500000000000006,473500.0000000016,480683.73314871546,0.0001509083184837965,19054.12740288533,-2.7808710001409054e-08,0.000150908,300.89,293.059,317.383,0.0,150908,1,967,96700000,96700000,96700000,0,300890,1,967,96700000,96700000,96700000,0,293059,1,967,96700000,96700000,96700000,0,317383,1,967,96700000,96700000,96700000,0,0,1,967,96700000,96700000,96700000,0,1.0,0.530569,0.65,1.0,0.530569,0.65,1.0,0.530569,0.65,367,97000000,False,1.0,5000.0,300.0,500.0,600000000000.0,100000000000.0,,966
1,planned_restart,thermal_loop,973,controller_tick,96800000,96.8,2,60000000,36800000,968,96800000,RUNNING,,0,0,62,1,0,reconstructed_from_retained_wire,True,,,317.383631372811,300.8904462977447,293.05849636225054,0.5306807702879313,0.6500000000000006,474000.0000000016,481179.16076082876,0.00015090497582349185,19053.283304023742,-2.716751623665914e-08,0.000150905,300.89,293.058,317.384,0.0,150905,1,968,96800000,96800000,96800000,0,300890,1,968,96800000,96800000,96800000,0,293058,1,968,96800000,96800000,96800000,0,317384,1,968,96800000,96800000,96800000,0,0,1,968,96800000,96800000,96800000,0,1.0,0.530557,0.65,1.0,0.530557,0.65,1.0,0.530557,0.65,368,97100000,False,1.0,5000.0,300.0,500.0,600000000000.0,100000000000.0,,967
1,planned_restart,thermal_loop,974,controller_tick,96900000,96.9,2,60000000,36900000,969,96900000,RUNNING,,0,0,62,1,0,reconstructed_from_retained_wire,True,,,317.3841511763211,300.89053902246826,293.0583850984685,0.5306689919877621,0.6500000000000006,474500.0000000016,481674.5827948655,0.0001509016265329168,19052.43754961879,-2.7539499569684267e-08,0.000150902,300.891,293.058,317.384,0.0,150902,1,969,96900000,96900000,96900000,0,300891,1,969,96900000,96900000,96900000,0,293058,1,969,96900000,96900000,96900000,0,317384,1,969,96900000,96900000,96900000,0,0,1,969,96900000,96900000,96900000,0,1.0,0.530545,0.65,1.0,0.530545,0.65,1.0,0.530545,0.65,369,97200000,False,1.0,5000.0,300.0,500.0,600000000000.0,100000000000.0,,968
1,planned_restart,thermal_loop,975,controller_tick,97000000,97.0,2,60000000,37000000,970,97000000,RUNNING,,0,0,62,1,0,reconstructed_from_retained_wire,True,,,317.3846697024643,300.8906330461726,293.05827442978205,0.5306571925900646,0.6500000000000006,475000.0000000016,482169.9992805923,0.00015089827124302512,19051.59029910346,-2.8476279112510383e-08,0.000150898,300.891,293.058,317.385,0.0,150898,1,970,97000000,97000000,97000000,0,300891,1,970,97000000,97000000,97000000,0,293058,1,970,97000000,97000000,97000000,0,317385,1,970,97000000,97000000,97000000,0,0,1,970,97000000,97000000,97000000,0,1.0,0.530535,0.65,1.0,0.530535,0.65,1.0,0.530535,0.65,370,97300000,False,1.0,5000.0,300.0,500.0,600000000000.0,100000000000.0,,969
1,planned_restart,thermal_loop,976,controller_tick,97100000,97.1,2,60000000,37100000,971,97100000,RUNNING,,0,0,62,1,0,reconstructed_from_retained_wire,True,,,317.3851869589291,300.89072834597005,293.058164362937,0.5306455644276981,0.6500000000000006,475500.0000000015,482665.410247874,0.00015089496464580312,19050.755362495758,-2.823344402713701e-08,0.000150895,300.891,293.058,317.385,0.0,150895,1,971,97100000,97100000,97100000,0,300891,1,971,97100000,97100000,97100000,0,293058,1,971,97100000,97100000,97100000,0,317385,1,971,97100000,97100000,97100000,0,0,1,971,97100000,97100000,97100000,0,1.0,0.530523,0.65,1.0,0.530523,0.65,1.0,0.530523,0.65,371,97400000,False,1.0,5000.0,300.0,500.0,600000000000.0,100000000000.0,,970
1,planned_restart,thermal_loop,977,controller_tick,97200000,97.2,2,60000000,37200000,972,97200000,RUNNING,,0,0,62,1,0,reconstructed_from_retained_wire,True,,,317.38570295330356,300.8908249005192,293.0580549036936,0.5306339008803022,0.6500000000000006,476000.0000000015,483160.81572701107,0.0001508916479864547,19049.91790351737,-2.872729965019971e-08,0.000150892,300.891,293.058,317.386,0.0,150892,1,972,97200000,97200000,97200000,0,300891,1,972,97200000,97200000,97200000,0,293058,1,972,97200000,97200000,97200000,0,317386,1,972,97200000,97200000,97200000,0,0,1,972,97200000,97200000,97200000,0,1.0,0.530511,0.65,1.0,0.530511,0.65,1.0,0.530511,0.65,372,97500000,False,1.0,5000.0,300.0,500.0,600000000000.0,100000000000.0,,971
1,planned_restart,thermal_loop,978,controller_tick,97300000,97.3,2,60000000,37300000,973,97300000,RUNNING,,0,0,62,1,0,reconstructed_from_retained_wire,True,,,317.38621769311186,300.89092269978664,293.05794605032133,0.5306222053152078,0.6500000000000006,476500.0000000015,483656.2157483396,0.00015088832222251786,19049.078164106897,-2.923661668319255e-08,0.000150888,300.891,293.058,317.386,0.0,150888,1,973,97300000,97300000,97300000,0,300891,1,973,97300000,97300000,97300000,0,293058,1,973,97300000,97300000,97300000,0,317386,1,973,97300000,97300000,97300000,0,0,1,973,97300000,97300000,97300000,0,1.0,0.530501,0.65,1.0,0.530501,0.65,1.0,0.530501,0.65,373,97600000,False,1.0,5000.0,300.0,500.0,600000000000.0,100000000000.0,,972
1,planned_restart,thermal_loop,979,controller_tick,97400000,97.4,2,60000000,37400000,974,97400000,RUNNING,,0,0,62,1,0,reconstructed_from_retained_wire,True,,,317.3867311858145,300.8910217227936,293.05783780843467,0.5306106711044656,0.6500000000000006,477000.0000000015,484151.61034223426,0.00015088504234148458,19048.2500280365,-2.8989234124310315e-08,0.000150885,300.891,293.058,317.387,0.0,150885,1,974,97400000,97400000,97400000,0,300891,1,974,97400000,97400000,97400000,0,293058,1,974,97400000,97400000,97400000,0,317387,1,974,97400000,97400000,97400000,0,0,1,974,97400000,97400000,97400000,0,1.0,0.53049,0.65,1.0,0.53049,0.65,1.0,0.53049,0.65,374,97700000,False,1.0,5000.0,300.0,500.0,600000000000.0,100000000000.0,,973
1,planned_restart,thermal_loop,980,controller_tick,97500000,97.5,2,60000000,37500000,975,97500000,RUNNING,,0,0,62,1,0,reconstructed_from_retained_wire,True,,,317.38724343877243,300.8911219446094,293.0577301863265,0.530599187730597,0.6500000000000006,477500.0000000015,484646.9995395116,0.00015088177691648138,19047.42555984699,-2.8342583391349763e-08,0.000150882,300.891,293.058,317.387,0.0,150882,1,975,97500000,97500000,97500000,0,300891,1,975,97500000,97500000,97500000,0,293058,1,975,97500000,97500000,97500000,0,317387,1,975,97500000,97500000,97500000,0,0,1,975,97500000,97500000,97500000,0,1.0,0.530478,0.65,1.0,0.530478,0.65,1.0,0.530478,0.65,375,97800000,False,1.0,5000.0,300.0,500.0,600000000000.0,100000000000.0,,974
1,planned_restart,thermal_loop,981,controller_tick,97600000,97.6,2,60000000,37600000,976,97600000,RUNNING,,0,0,62,1,0,reconstructed_from_retained_wire,True,,,317.387754459268,300.89122335228416,293.0576231843483,0.5305876551932518,0.6500000000000006,478000.0000000015,485142.3833712007,0.00015087849751129712,19046.59757984071,-2.909655449911952e-08,0.000150878,300.891,293.058,317.388,0.0,150878,1,976,97600000,97600000,97600000,0,300891,1,976,97600000,97600000,97600000,0,293058,1,976,97600000,97600000,97600000,0,317388,1,976,97600000,97600000,97600000,0,0,1,976,97600000,97600000,97600000,0,1.0,0.530468,0.65,1.0,0.530468,0.65,1.0,0.530468,0.65,376,97900000,False,1.0,5000.0,300.0,500.0,600000000000.0,100000000000.0,,975
1,planned_restart,thermal_loop,982,controller_tick,97700000,97.7,2,60000000,37700000,977,97700000,RUNNING,,0,0,62,1,0,reconstructed_from_retained_wire,True,,,317.38826425452334,300.8913259274765,293.0575168064928,0.5305762684961173,0.6500000000000006,478500.0000000015,485637.761868348,0.00015087525957739787,19045.780088107516,-2.881370164686814e-08,0.000150875,300.891,293.058,317.388,0.0,150875,1,977,97700000,97700000,97700000,0,300891,1,977,97700000,97700000,97700000,0,293058,1,977,97700000,97700000,97700000,0,317388,1,977,97700000,97700000,97700000,0,0,1,977,97700000,97700000,97700000,0,1.0,0.530457,0.65,1.0,0.530457,0.65,1.0,0.530457,0.65,377,98000000,False,1.0,5000.0,300.0,500.0,600000000000.0,100000000000.0,,976
1,planned_restart,thermal_loop,983,controller_tick,97800000,97.8,2,60000000,37800000,978,97800000,RUNNING,,0,0,62,1,0,reconstructed_from_retained_wire,True,,,317.388772831669,300.89142964767893,293.05741105957367,0.5305649185980805,0.6500000000000006,479000.00000000146,486133.1350623644,0.00015087203210773113,19044.96525577228,-2.9444890969898552e-08,0.000150872,300.891,293.057,317.389,0.0,150872,1,978,97800000,97800000,97800000,0,300891,1,978,97800000,97800000,97800000,0,293057,1,978,97800000,97800000,97800000,0,317389,1,978,97800000,97800000,97800000,0,0,1,978,97800000,97800000,97800000,0,1.0,0.530445,0.65,1.0,0.530445,0.65,1.0,0.530445,0.65,378,98100000,False,1.0,5000.0,300.0,500.0,600000000000.0,100000000000.0,,977
1,planned_restart,thermal_loop,984,controller_tick,97900000,97.9,2,60000000,37900000,979,97900000,RUNNING,,0,0,62,1,0,reconstructed_from_retained_wire,True,,,317.3892801977649,300.89153450217236,293.05730594259103,0.5305535068346625,0.6500000000000006,479500.00000000146,486628.5029848025,0.00015086878704595553,19044.145999568682,-2.9414877644740045e-08,0.000150869,300.892,293.057,317.389,0.0,150869,1,979,97900000,97900000,97900000,0,300892,1,979,97900000,97900000,97900000,0,293057,1,979,97900000,97900000,97900000,0,317389,1,979,97900000,97900000,97900000,0,0,1,979,97900000,97900000,97900000,0,1.0,0.530434,0.65,1.0,0.530434,0.65,1.0,0.530434,0.65,379,98200000,False,1.0,5000.0,300.0,500.0,600000000000.0,100000000000.0,,978
1,planned_restart,thermal_loop,985,controller_tick,98000000,98.0,2,60000000,38000000,980,98000000,RUNNING,,0,0,62,1,0,reconstructed_from_retained_wire,True,,,317.3897863598229,300.8916404800285,293.05720145473117,0.5305421342557144,0.6500000000000006,480000.00000000146,487123.8656671077,0.00015086555312671953,19043.329573968433,-2.936667442554608e-08,0.000150866,300.892,293.057,317.39,0.0,150866,1,980,98000000,98000000,98000000,0,300892,1,980,98000000,98000000,98000000,0,293057,1,980,98000000,98000000,98000000,0,317390,1,980,98000000,98000000,98000000,0,0,1,980,98000000,98000000,98000000,0,1.0,0.530423,0.65,1.0,0.530423,0.65,1.0,0.530423,0.65,380,98300000,False,1.0,5000.0,300.0,500.0,600000000000.0,100000000000.0,,979
1,planned_restart,thermal_loop,986,controller_tick,98100000,98.1,2,60000000,38100000,981,98100000,RUNNING,,0,0,62,1,0,reconstructed_from_retained_wire,True,,,317.3902913247906,300.8917475651944,293.0570975986419,0.5305307971323411,0.6500000000000006,480500.00000000146,487619.2231408039,0.00015086232928967033,19042.515711105756,-2.8330759960226715e-08,0.000150862,300.892,293.057,317.39,0.0,150862,1,981,98100000,98100000,98100000,0,300892,1,981,98100000,98100000,98100000,0,293057,1,981,98100000,98100000,98100000,0,317390,1,981,98100000,98100000,98100000,0,0,1,981,98100000,98100000,98100000,0,1.0,0.530414,0.65,1.0,0.530414,0.65,1.0,0.530414,0.65,381,98400000,False,1.0,5000.0,300.0,500.0,600000000000.0,100000000000.0,,980
1,planned_restart,thermal_loop,987,controller_tick,98200000,98.2,2,60000000,38200000,982,98200000,RUNNING,,0,0,62,1,0,reconstructed_from_retained_wire,True,,,317.3907950995367,300.8918557315118,293.0569943837513,0.5305196824156623,0.6500000000000006,481000.0000000014,488114.57543765847,0.00015085916869643685,19041.717831129517,-2.7530404622666538e-08,0.000150859,300.892,293.057,317.391,0.0,150859,1,982,98200000,98200000,98200000,0,300892,1,982,98200000,98200000,98200000,0,293057,1,982,98200000,98200000,98200000,0,317391,1,982,98200000,98200000,98200000,0,0,1,982,98200000,98200000,98200000,0,1.0,0.530402,0.65,1.0,0.530402,0.65,1.0,0.530402,0.65,382,98500000,False,1.0,5000.0,300.0,500.0,600000000000.0,100000000000.0,,981
1,planned_restart,thermal_loop,988,controller_tick,98300000,98.3,2,60000000,38300000,983,98300000,RUNNING,,0,0,62,1,0,reconstructed_from_retained_wire,True,,,317.3912976908286,300.8919649603469,293.056891814512,0.530508483453137,0.6500000000000006,481500.0000000014,488609.922589938,0.0001508559841469605,19040.91392039553,-2.8250724426470697e-08,0.000150856,300.892,293.057,317.391,0.0,150856,1,983,98300000,98300000,98300000,0,300892,1,983,98300000,98300000,98300000,0,293057,1,983,98300000,98300000,98300000,0,317391,1,983,98300000,98300000,98300000,0,0,1,983,98300000,98300000,98300000,0,1.0,0.530391,0.65,1.0,0.530391,0.65,1.0,0.530391,0.65,383,98600000,False,1.0,5000.0,300.0,500.0,600000000000.0,100000000000.0,,982
1,planned_restart,thermal_loop,989,controller_tick,98400000,98.4,2,60000000,38400000,984,98400000,RUNNING,,0,0,62,1,0,reconstructed_from_retained_wire,True,,,317.39179910538564,300.89207524413297,293.0567898880443,0.5304973034243992,0.6500000000000006,482000.0000000014,489105.26462982123,0.00015085280498151708,19040.111385739252,-2.8283466235734522e-08,0.000150853,300.892,293.057,317.392,0.0,150853,1,984,98400000,98400000,98400000,0,300892,1,984,98400000,98400000,98400000,0,293057,1,984,98400000,98400000,98400000,0,317392,1,984,98400000,98400000,98400000,0,0,1,984,98400000,98400000,98400000,0,1.0,0.53038,0.65,1.0,0.53038,0.65,1.0,0.53038,0.65,384,98700000,False,1.0,5000.0,300.0,500.0,600000000000.0,100000000000.0,,983
1,planned_restart,thermal_loop,990,controller_tick,98500000,98.5,2,60000000,38500000,985,98500000,RUNNING,,0,0,62,1,0,reconstructed_from_retained_wire,True,,,317.39229934987327,300.8921865699004,293.0566886051147,0.5304861405276609,0.6500000000000006,482500.0000000014,489600.6015894668,0.00015084963068774817,19039.310097741305,-2.8268914320506155e-08,0.00015085,300.892,293.057,317.392,0.0,150850,1,985,98500000,98500000,98500000,0,300892,1,985,98500000,98500000,98500000,0,293057,1,985,98500000,98500000,98500000,0,317392,1,985,98500000,98500000,98500000,0,0,1,985,98500000,98500000,98500000,0,1.0,0.530369,0.65,1.0,0.530369,0.65,1.0,0.530369,0.65,385,98800000,False,1.0,5000.0,300.0,500.0,600000000000.0,100000000000.0,,984
1,planned_restart,thermal_loop,991,controller_tick,98600000,98.6,2,60000000,38600000,986,98600000,RUNNING,,0,0,62,1,0,reconstructed_from_retained_wire,True,,,317.3927984308988,300.89229892504176,293.05658796629206,0.5304749931325968,0.6500000000000006,483000.0000000014,490095.9335010666,0.0001508464608020526,19038.509939300788,-2.7330315788276494e-08,0.000150846,300.892,293.057,317.393,0.0,150846,1,986,98600000,98600000,98600000,0,300892,1,986,98600000,98600000,98600000,0,293057,1,986,98600000,98600000,98600000,0,317393,1,986,98600000,98600000,98600000,0,0,1,986,98600000,98600000,98600000,0,1.0,0.53036,0.65,1.0,0.53036,0.65,1.0,0.53036,0.65,386,98900000,False,1.0,5000.0,300.0,500.0,600000000000.0,100000000000.0,,985
1,planned_restart,thermal_loop,992,controller_tick,98700000,98.7,2,60000000,38700000,987,98700000,RUNNING,,0,0,62,1,0,reconstructed_from_retained_wire,True,,,317.3932963550015,300.8924122865676,293.05648797910914,0.5304640500891915,0.6500000000000006,483500.0000000014,490591.2603969565,0.00015084334902602272,19037.72446554823,-2.7951500669587404e-08,0.000150843,300.892,293.056,317.393,0.0,150843,1,987,98700000,98700000,98700000,0,300892,1,987,98700000,98700000,98700000,0,293056,1,987,98700000,98700000,98700000,0,317393,1,987,98700000,98700000,98700000,0,0,1,987,98700000,98700000,98700000,0,1.0,0.530349,0.65,1.0,0.530349,0.65,1.0,0.530349,0.65,387,99000000,False,1.0,5000.0,300.0,500.0,600000000000.0,100000000000.0,,986
1,planned_restart,thermal_loop,993,controller_tick,98800000,98.8,2,60000000,38800000,988,98800000,RUNNING,,0,0,62,1,0,reconstructed_from_retained_wire,True,,,317.39379312862417,300.89252663340386,293.0563886498617,0.5304531016256495,0.6500000000000006,484000.0000000014,491086.5823099417,0.0001508402357087167,19036.93861896268,-2.8128852136433125e-08,0.00015084,300.893,293.056,317.394,0.0,150840,1,988,98800000,98800000,98800000,0,300893,1,988,98800000,98800000,98800000,0,293056,1,988,98800000,98800000,98800000,0,317394,1,988,98800000,98800000,98800000,0,0,1,988,98800000,98800000,98800000,0,1.0,0.530339,0.65,1.0,0.530339,0.65,1.0,0.530339,0.65,388,99100000,False,1.0,5000.0,300.0,500.0,600000000000.0,100000000000.0,,987
1,planned_restart,thermal_loop,994,controller_tick,98900000,98.9,2,60000000,38900000,989,98900000,RUNNING,,0,0,62,1,0,reconstructed_from_retained_wire,True,,,317.3942887581449,300.8926419507564,293.05628998070085,0.5304422434203471,0.6500000000000006,484500.0000000014,491581.8992729433,0.00015083714805734437,19036.159266851784,-2.8558133635669947e-08,0.000150837,300.893,293.056,317.394,0.0,150837,1,989,98900000,98900000,98900000,0,300893,1,989,98900000,98900000,98900000,0,293056,1,989,98900000,98900000,98900000,0,317394,1,989,98900000,98900000,98900000,0,0,1,989,98900000,98900000,98900000,0,1.0,0.530328,0.65,1.0,0.530328,0.65,1.0,0.530328,0.65,389,99200000,False,1.0,5000.0,300.0,500.0,600000000000.0,100000000000.0,,988
1,planned_restart,thermal_loop,995,controller_tick,99000000,99.0,2,60000000,39000000,990,99000000,RUNNING,,0,0,62,1,0,reconstructed_from_retained_wire,True,,,317.3947832498743,300.89275822469256,293.05619197324506,0.5304313717214951,0.6500000000000006,485000.0000000014,492077.21131903876,0.00015083405656893123,19035.378962218878,-2.8468093660194427e-08,0.000150834,300.893,293.056,317.395,0.0,150834,1,990,99000000,99000000,99000000,0,300893,1,990,99000000,99000000,99000000,0,293056,1,990,99000000,99000000,99000000,0,317395,1,990,99000000,99000000,99000000,0,0,1,990,99000000,99000000,99000000,0,1.0,0.530317,0.65,1.0,0.530317,0.65,1.0,0.530317,0.65,390,99300000,False,1.0,5000.0,300.0,500.0,600000000000.0,100000000000.0,,989
1,planned_restart,thermal_loop,996,controller_tick,99100000,99.1,2,60000000,39100000,991,99100000,RUNNING,,0,0,62,1,0,reconstructed_from_retained_wire,True,,,317.3952766100738,300.8928754470183,293.0560946253297,0.5304204878131747,0.6500000000000006,485500.0000000014,492572.51848125877,0.00015083096160862006,19034.59779728422,-2.9134753276593983e-08,0.000150831,300.893,293.056,317.395,0.0,150831,1,991,99100000,99100000,99100000,0,300893,1,991,99100000,99100000,99100000,0,293056,1,991,99100000,99100000,99100000,0,317395,1,991,99100000,99100000,99100000,0,0,1,991,99100000,99100000,99100000,0,1.0,0.530307,0.65,1.0,0.530307,0.65,1.0,0.530307,0.65,391,99400000,False,1.0,5000.0,300.0,500.0,600000000000.0,100000000000.0,,990
1,planned_restart,thermal_loop,997,controller_tick,99200000,99.2,2,60000000,39200000,992,99200000,RUNNING,,0,0,62,1,0,reconstructed_from_retained_wire,True,,,317.3957688449561,300.89299360414043,293.05599793843237,0.5304096880198523,0.6500000000000006,486000.0000000014,493067.8207925879,0.0001508278905673435,19033.822685333893,-2.8590875444933772e-08,0.000150828,300.893,293.056,317.396,0.0,150828,1,992,99200000,99200000,99200000,0,300893,1,992,99200000,99200000,99200000,0,293056,1,992,99200000,99200000,99200000,0,317396,1,992,99200000,99200000,99200000,0,0,1,992,99200000,99200000,99200000,0,1.0,0.530296,0.65,1.0,0.530296,0.65,1.0,0.530296,0.65,392,99500000,False,1.0,5000.0,300.0,500.0,600000000000.0,100000000000.0,,991
1,planned_restart,thermal_loop,998,controller_tick,99300000,99.3,2,60000000,39300000,993,99300000,RUNNING,,0,0,62,1,0,reconstructed_from_retained_wire,True,,,317.3962599606702,300.89311268324036,293.055901913555,0.5303988691743454,0.6500000000000006,486500.00000000134,493563.11828613427,0.00015082481410836653,19033.046221813114,-2.8109752747695893e-08,0.000150825,300.893,293.056,317.396,0.0,150825,1,993,99300000,99300000,99300000,0,300893,1,993,99300000,99300000,99300000,0,293056,1,993,99300000,99300000,99300000,0,317396,1,993,99300000,99300000,99300000,0,0,1,993,99300000,99300000,99300000,0,1.0,0.530285,0.65,1.0,0.530285,0.65,1.0,0.530285,0.65,393,99600000,False,1.0,5000.0,300.0,500.0,600000000000.0,100000000000.0,,992
1,planned_restart,thermal_loop,999,controller_tick,99400000,99.4,2,60000000,39400000,994,99400000,RUNNING,,0,0,62,1,0,reconstructed_from_retained_wire,True,,,317.39674996331956,300.8932326771598,293.05580654796836,0.5303880330897094,0.6500000000000006,487000.00000000134,494058.4109949302,0.00015082173274725159,19032.268536923715,-2.812157617881894e-08,0.000150822,300.893,293.056,317.397,0.0,150822,1,994,99400000,99400000,99400000,0,300893,1,994,99400000,99400000,99400000,0,293056,1,994,99400000,99400000,99400000,0,317397,1,994,99400000,99400000,99400000,0,0,1,994,99400000,99400000,99400000,0,1.0,0.530275,0.65,1.0,0.530275,0.65,1.0,0.530275,0.65,394,99700000,False,1.0,5000.0,300.0,500.0,600000000000.0,100000000000.0,,993
1,planned_restart,thermal_loop,1000,controller_tick,99500000,99.5,2,60000000,39500000,995,99500000,RUNNING,,0,0,62,1,0,reconstructed_from_retained_wire,True,,,317.3972388589625,300.893353573269,293.05571184263295,0.530377276569046,0.6500000000000006,487500.00000000134,494553.6989519345,0.00015081867401103664,19031.496577900893,-2.755950845312327e-08,0.000150819,300.893,293.056,317.397,0.0,150819,1,995,99500000,99500000,99500000,0,300893,1,995,99500000,99500000,99500000,0,293056,1,995,99500000,99500000,99500000,0,317397,1,995,99500000,99500000,99500000,0,0,1,995,99500000,99500000,99500000,0,1.0,0.530265,0.65,1.0,0.530265,0.65,1.0,0.530265,0.65,395,99800000,False,1.0,5000.0,300.0,500.0,600000000000.0,100000000000.0,,994
1,planned_restart,thermal_loop,1001,controller_tick,99600000,99.6,2,60000000,39600000,996,99600000,RUNNING,,0,0,62,1,0,reconstructed_from_retained_wire,True,,,317.3977266535914,300.893475354286,293.0556178016504,0.5303665920408421,0.6500000000000006,488000.0000000013,495048.9821902652,0.0001508156357466778,19030.72980103187,-2.6926500140689313e-08,0.000150816,300.893,293.056,317.398,0.0,150816,1,996,99600000,99600000,99600000,0,300893,1,996,99600000,99600000,99600000,0,293056,1,996,99600000,99600000,99600000,0,317398,1,996,99600000,99600000,99600000,0,0,1,996,99600000,99600000,99600000,0,1.0,0.530254,0.65,1.0,0.530254,0.65,1.0,0.530254,0.65,396,99900000,False,1.0,5000.0,300.0,500.0,600000000000.0,100000000000.0,,995
1,planned_restart,thermal_loop,1002,controller_tick,99700000,99.7,2,60000000,39700000,997,99700000,RUNNING,,0,0,62,1,0,reconstructed_from_retained_wire,True,,,317.39821335313593,300.8935980093292,293.0555244248952,0.5303558774915278,0.6500000000000006,488500.0000000013,495544.26074316853,0.0001508125889454825,19029.960885205215,-2.703745849430561e-08,0.000150813,300.894,293.056,317.398,0.0,150813,1,997,99700000,99700000,99700000,0,300894,1,997,99700000,99700000,99700000,0,293056,1,997,99700000,99700000,99700000,0,317398,1,997,99700000,99700000,99700000,0,0,1,997,99700000,99700000,99700000,0,1.0,0.530244,0.65,1.0,0.530244,0.65,1.0,0.530244,0.65,397,100000000,False,1.0,5000.0,300.0,500.0,600000000000.0,100000000000.0,,996
1,planned_restart,thermal_loop,1003,controller_tick,99800000,99.8,2,60000000,39800000,998,99800000,RUNNING,,0,0,62,1,0,reconstructed_from_retained_wire,True,,,317.39869896348114,300.89372152766396,293.0554317121852,0.5303452309405711,0.6500000000000006,489000.0000000013,496039.53464382124,0.000150809561480376,19029.19686457944,-2.7042915462516248e-08,0.00015081,300.894,293.055,317.399,0.0,150810,1,998,99800000,99800000,99800000,0,300894,1,998,99800000,99800000,99800000,0,293055,1,998,99800000,99800000,99800000,0,317399,1,998,99800000,99800000,99800000,0,0,1,998,99800000,99800000,99800000,0,1.0,0.530234,0.65,1.0,0.530234,0.65,1.0,0.530234,0.65,398,100100000,False,1.0,5000.0,300.0,500.0,600000000000.0,100000000000.0,,997
1,planned_restart,thermal_loop,1004,controller_tick,99900000,99.9,2,60000000,39900000,999,99900000,RUNNING,,0,0,62,1,0,reconstructed_from_retained_wire,True,,,317.39918349045223,300.8938458937451,293.05533966658453,0.5303346459170727,0.6500000000000006,489500.0000000012,496534.80392550456,0.00015080655151128623,19028.437274508193,-2.7144778869114816e-08,0.000150807,300.894,293.055,317.399,0.0,150807,1,999,99900000,99900000,99900000,0,300894,1,999,99900000,99900000,99900000,0,293055,1,999,99900000,99900000,99900000,0,317399,1,999,99900000,99900000,99900000,0,0,1,999,99900000,99900000,99900000,0,1.0,0.530224,0.65,1.0,0.530224,0.65,1.0,0.530224,0.65,399,100200000,False,1.0,5000.0,300.0,500.0,600000000000.0,100000000000.0,,998
1,planned_restart,thermal_loop,1005,controller_tick,100000000,100.0,2,60000000,40000000,1000,100000000,RUNNING,,0,0,62,1,0,reconstructed_from_retained_wire,True,,,317.3996669398117,300.8939710929229,293.0552482905992,0.530324116565921,0.6500000000000006,490000.0000000012,497030.06862163893,0.00015080355737324703,19027.681694571977,-2.7423993742559105e-08,0.000150804,300.894,293.055,317.4,0.0,150804,1,1000,100000000,100000000,100000000,0,300894,1,1000,100000000,100000000,100000000,0,293055,1,1000,100000000,100000000,100000000,0,317400,1,1000,100000000,100000000,100000000,0,0,1,1000,100000000,100000000,100000000,0,1.0,0.530214,0.65,1.0,0.530214,0.65,1.0,0.530214,0.65,400,100300000,False,1.0,5000.0,300.0,500.0,600000000000.0,100000000000.0,,999
1,planned_restart,thermal_loop,1006,controller_tick,100100000,100.1,2,60000000,40100000,1001,100100000,RUNNING,,0,0,62,1,0,reconstructed_from_retained_wire,True,,,317.40014931726216,300.8940971113643,293.0551575862297,0.5303136375891917,0.6500000000000006,490500.0000000012,497525.32876575703,0.00015080057755973477,19026.929744368223,-2.807792043313384e-08,0.000150801,300.894,293.055,317.4,0.0,150801,1,1001,100100000,100100000,100100000,0,300894,1,1001,100100000,100100000,100100000,0,293055,1,1001,100100000,100100000,100100000,0,317400,1,1001,100100000,100100000,100100000,0,0,1,1001,100100000,100100000,100100000,0,1.0,0.530204,0.65,1.0,0.530204,0.65,1.0,0.530204,0.65,401,100400000,False,1.0,5000.0,300.0,500.0,600000000000.0,100000000000.0,,1000
1,planned_restart,thermal_loop,1007,controller_tick,100200000,100.2,2,60000000,40200000,1002,100200000,RUNNING,,0,0,62,1,0,reconstructed_from_retained_wire,True,,,317.4006306284489,300.894223935981,293.0550675550187,0.5303032041931246,0.6500000000000006,491000.00000000116,498020.58439148014,0.0001507976107075905,19026.181079702277,-2.8265276341699064e-08,0.000150798,300.894,293.055,317.401,0.0,150798,1,1002,100200000,100200000,100200000,0,300894,1,1002,100200000,100200000,100200000,0,293055,1,1002,100200000,100200000,100200000,0,317401,1,1002,100200000,100200000,100200000,0,0,1,1002,100200000,100200000,100200000,0,1.0,0.530194,0.65,1.0,0.530194,0.65,1.0,0.530194,0.65,402,100500000,False,1.0,5000.0,300.0,500.0,600000000000.0,100000000000.0,,1001
1,planned_restart,thermal_loop,1008,controller_tick,100300000,100.3,2,60000000,40300000,1003,100300000,RUNNING,,0,0,62,1,0,reconstructed_from_retained_wire,True,,,317.40111087896196,300.8943515543649,293.0549781980941,0.5302928120401463,0.6500000000000006,491500.00000000116,498515.8355324959,0.00015079465558337697,19025.435389140883,-2.6951965992338955e-08,0.000150795,300.894,293.055,317.401,0.0,150795,1,1003,100300000,100300000,100300000,0,300894,1,1003,100300000,100300000,100300000,0,293055,1,1003,100300000,100300000,100300000,0,317401,1,1003,100300000,100300000,100300000,0,0,1,1003,100300000,100300000,100300000,0,1.0,0.530184,0.65,1.0,0.530184,0.65,1.0,0.530184,0.65,403,100600000,False,1.0,5000.0,300.0,500.0,600000000000.0,100000000000.0,,1002
1,planned_restart,thermal_loop,1009,controller_tick,100400000,100.4,2,60000000,40400000,1004,100400000,RUNNING,,0,0,62,1,0,reconstructed_from_retained_wire,True,,,317.4015900743385,300.8944799547291,293.0548895162079,0.530282457205458,0.6500000000000006,492000.00000000116,499011.0822225391,0.00015079171107103395,19024.692390893768,-2.6663656171876937e-08,0.000150792,300.894,293.055,317.402,0.0,150792,1,1004,100400000,100400000,100400000,0,300894,1,1004,100400000,100400000,100400000,0,293055,1,1004,100400000,100400000,100400000,0,317402,1,1004,100400000,100400000,100400000,0,0,1,1004,100400000,100400000,100400000,0,1.0,0.530174,0.65,1.0,0.530174,0.65,1.0,0.530174,0.65,404,100700000,False,1.0,5000.0,300.0,500.0,600000000000.0,100000000000.0,,1003
1,planned_restart,thermal_loop,1010,controller_tick,100500000,100.5,2,60000000,40500000,1005,100500000,RUNNING,,0,0,62,1,0,reconstructed_from_retained_wire,True,,,317.4020682200648,300.89460912585474,293.05480150977183,0.5302721361377546,0.6500000000000006,492500.0000000011,499506.3244953732,0.0001507887761607085,19023.95182999203,-2.7343048714101315e-08,0.000150789,300.895,293.055,317.402,0.0,150789,1,1005,100500000,100500000,100500000,0,300895,1,1005,100500000,100500000,100500000,0,293055,1,1005,100500000,100500000,100500000,0,317402,1,1005,100500000,100500000,100500000,0,0,1,1005,100500000,100500000,100500000,0,1.0,0.530164,0.65,1.0,0.530164,0.65,1.0,0.530164,0.65,405,100800000,False,1.0,5000.0,300.0,500.0,600000000000.0,100000000000.0,,1004
1,planned_restart,thermal_loop,1011,controller_tick,100600000,100.6,2,60000000,40600000,1006,100600000,RUNNING,,0,0,62,1,0,reconstructed_from_retained_wire,True,,,317.4025453215776,300.89473905704307,293.0547141788895,0.530261845623683,0.6500000000000006,493000.0000000011,500001.56238477444,0.00015078584993864782,19023.21347573529,-2.796878106892109e-08,0.000150786,300.895,293.055,317.403,0.0,150786,1,1006,100600000,100600000,100600000,0,300895,1,1006,100600000,100600000,100600000,0,293055,1,1006,100600000,100600000,100600000,0,317403,1,1006,100600000,100600000,100600000,0,0,1,1006,100600000,100600000,100600000,0,1.0,0.530154,0.65,1.0,0.530154,0.65,1.0,0.530154,0.65,406,100900000,False,1.0,5000.0,300.0,500.0,600000000000.0,100000000000.0,,1005
1,planned_restart,thermal_loop,1012,controller_tick,100700000,100.7,2,60000000,40700000,1007,100700000,RUNNING,,0,0,62,1,0,reconstructed_from_retained_wire,True,,,317.4030213842663,300.89486973807135,293.054627523385,0.5302515827556804,0.6500000000000006,493500.0000000011,500496.79592451727,0.00015078293157805417,19022.477119381554,-2.78541847364977e-08,0.000150783,300.895,293.055,317.403,0.0,150783,1,1007,100700000,100700000,100700000,0,300895,1,1007,100700000,100700000,100700000,0,293055,1,1007,100700000,100700000,100700000,0,317403,1,1007,100700000,100700000,100700000,0,0,1,1007,100700000,100700000,100700000,0,1.0,0.530145,0.65,1.0,0.530145,0.65,1.0,0.530145,0.65,407,101000000,False,1.0,5000.0,300.0,500.0,600000000000.0,100000000000.0,,1006
1,planned_restart,thermal_loop,1013,controller_tick,100800000,100.8,2,60000000,40800000,1008,100800000,RUNNING,,0,0,62,1,0,reconstructed_from_retained_wire,True,,,317.40349641346864,300.8950011537899,293.0545415464046,0.5302414400654577,0.6500000000000006,494000.0000000011,500992.0251484211,0.0001507800473913481,19021.749399734166,-2.7934220270253718e-08,0.00015078,300.895,293.055,317.403,0.0,150780,1,1008,100800000,100800000,100800000,0,300895,1,1008,100800000,100800000,100800000,0,293055,1,1008,100800000,100800000,100800000,0,317403,1,1008,100800000,100800000,100800000,0,0,1,1008,100800000,100800000,100800000,0,1.0,0.530135,0.65,1.0,0.530135,0.65,1.0,0.530135,0.65,408,101100000,False,1.0,5000.0,300.0,500.0,600000000000.0,100000000000.0,,1007
1,planned_restart,thermal_loop,1014,controller_tick,100900000,100.9,2,60000000,40900000,1009,100900000,RUNNING,,0,0,62,1,0,reconstructed_from_retained_wire,True,,,317.4039704144573,300.8951332902491,293.05445625033053,0.530231310954005,0.6500000000000006,494500.0000000011,501487.25009050505,0.0001507771670659162,19021.022668230995,-2.7486748876981437e-08,0.000150777,300.895,293.054,317.404,0.0,150777,1,1009,100900000,100900000,100900000,0,300895,1,1009,100900000,100900000,100900000,0,293054,1,1009,100900000,100900000,100900000,0,317404,1,1009,100900000,100900000,100900000,0,0,1,1009,100900000,100900000,100900000,0,1.0,0.530126,0.65,1.0,0.530126,0.65,1.0,0.530126,0.65,409,101200000,False,1.0,5000.0,300.0,500.0,600000000000.0,100000000000.0,,1008
1,planned_restart,thermal_loop,1015,controller_tick,101000000,101.0,2,60000000,41000000,1010,101000000,RUNNING,,0,0,62,1,0,reconstructed_from_retained_wire,True,,,317.40444339245397,300.89526613417854,293.05437163712907,0.5302212892917135,0.6500000000000006,495000.0000000011,501982.4707848348,0.00015077431729484765,19020.30365952574,-2.7275746106170118e-08,0.000150774,300.895,293.054,317.404,0.0,150774,1,1010,101000000,101000000,101000000,0,300895,1,1010,101000000,101000000,101000000,0,293054,1,1010,101000000,101000000,101000000,0,317404,1,1010,101000000,101000000,101000000,0,0,1,1010,101000000,101000000,101000000,0,1.0,0.530116,0.65,1.0,0.530116,0.65,1.0,0.530116,0.65,410,101300000,False,1.0,5000.0,300.0,500.0,600000000000.0,100000000000.0,,1009
1,planned_restart,thermal_loop,1016,controller_tick,101100000,101.1,2,60000000,41100000,1011,101100000,RUNNING,,0,0,62,1,0,reconstructed_from_retained_wire,True,,,317.40491535262083,300.89539967333724,293.05428770811625,0.5302112696908616,0.6500000000000006,495500.0000000011,502477.68726561987,0.00015077146810997234,19019.584812305002,-2.762408257694915e-08,0.000150771,300.895,293.054,317.405,0.0,150771,1,1011,101100000,101100000,101100000,0,300895,1,1011,101100000,101100000,101100000,0,293054,1,1011,101100000,101100000,101100000,0,317405,1,1011,101100000,101100000,101100000,0,0,1,1011,101100000,101100000,101100000,0,1.0,0.530107,0.65,1.0,0.530107,0.65,1.0,0.530107,0.65,411,101400000,False,1.0,5000.0,300.0,500.0,600000000000.0,100000000000.0,,1010
1,planned_restart,thermal_loop,1017,controller_tick,101200000,101.2,2,60000000,41200000,1012,101200000,RUNNING,,0,0,62,1,0,reconstructed_from_retained_wire,True,,,317.4053863000745,300.8955338960089,293.054204464295,0.5302013471178593,0.6500000000000006,496000.0000000011,502972.8995670656,0.00015076864651604455,19018.87293964727,-2.842898538801819e-08,0.000150769,300.896,293.054,317.405,0.0,150769,1,1012,101200000,101200000,101200000,0,300896,1,1012,101200000,101200000,101200000,0,293054,1,1012,101200000,101200000,101200000,0,317405,1,1012,101200000,101200000,101200000,0,0,1,1012,101200000,101200000,101200000,0,1.0,0.530095,0.65,1.0,0.530095,0.65,1.0,0.530095,0.65,412,101500000,False,1.0,5000.0,300.0,500.0,600000000000.0,100000000000.0,,1011
1,planned_restart,thermal_loop,1018,controller_tick,101300000,101.3,2,60000000,41300000,1013,101300000,RUNNING,,0,0,62,1,0,reconstructed_from_retained_wire,True,,,317.4058562398877,300.8956688020948,293.0541218989601,0.5301912268515401,0.6500000000000006,496500.00000000105,503468.10772335494,0.00015076576870582469,19018.146897650833,-2.853448677342385e-08,0.000150766,300.896,293.054,317.406,0.0,150766,1,1013,101300000,101300000,101300000,0,300896,1,1013,101300000,101300000,101300000,0,293054,1,1013,101300000,101300000,101300000,0,317406,1,1013,101300000,101300000,101300000,0,0,1,1013,101300000,101300000,101300000,0,1.0,0.530086,0.65,1.0,0.530086,0.65,1.0,0.530086,0.65,413,101600000,False,1.0,5000.0,300.0,500.0,600000000000.0,100000000000.0,,1012
1,planned_restart,thermal_loop,1019,controller_tick,101400000,101.4,2,60000000,41400000,1014,101400000,RUNNING,,0,0,62,1,0,reconstructed_from_retained_wire,True,,,317.4063251771325,300.89580439029504,293.0540400062473,0.5301812131926562,0.6500000000000006,497000.00000000105,503963.3117681713,0.00015076292121061403,19017.428517460554,-2.8887370717711747e-08,0.000150763,300.896,293.054,317.406,0.0,150763,1,1014,101400000,101400000,101400000,0,300896,1,1014,101400000,101400000,101400000,0,293054,1,1014,101400000,101400000,101400000,0,317406,1,1014,101400000,101400000,101400000,0,0,1,1014,101400000,101400000,101400000,0,1.0,0.530077,0.65,1.0,0.530077,0.65,1.0,0.530077,0.65,414,101700000,False,1.0,5000.0,300.0,500.0,600000000000.0,100000000000.0,,1013
1,planned_restart,thermal_loop,1020,controller_tick,101500000,101.5,2,60000000,41500000,1015,101500000,RUNNING,,0,0,62,1,0,reconstructed_from_retained_wire,True,,,317.40679311682914,300.89594064336825,293.0539587909557,0.5301712959961691,0.6500000000000006,497500.000000001,504458.5117352694,0.00015076010114555816,19016.717070858183,-2.9293005354702473e-08,0.00015076,300.896,293.054,317.407,0.0,150760,1,1015,101500000,101500000,101500000,0,300896,1,1015,101500000,101500000,101500000,0,293054,1,1015,101500000,101500000,101500000,0,317407,1,1015,101500000,101500000,101500000,0,0,1,1015,101500000,101500000,101500000,0,1.0,0.530068,0.65,1.0,0.530068,0.65,1.0,0.530068,0.65,415,101800000,False,1.0,5000.0,300.0,500.0,600000000000.0,100000000000.0,,1014
1,planned_restart,thermal_loop,1021,controller_tick,101600000,101.6,2,60000000,41600000,1016,101600000,RUNNING,,0,0,62,1,0,reconstructed_from_retained_wire,True,,,317.40726006393334,300.896077545384,293.0538782570445,0.5301614660824677,0.6500000000000006,498000.000000001,504953.70765862253,0.00015075730590033258,19016.011898940582,-2.8383510652929544e-08,0.000150757,300.896,293.054,317.407,0.0,150757,1,1016,101600000,101600000,101600000,0,300896,1,1016,101600000,101600000,101600000,0,293054,1,1016,101600000,101600000,101600000,0,317407,1,1016,101600000,101600000,101600000,0,0,1,1016,101600000,101600000,101600000,0,1.0,0.530058,0.65,1.0,0.530058,0.65,1.0,0.530058,0.65,416,101900000,False,1.0,5000.0,300.0,500.0,600000000000.0,100000000000.0,,1015
1,planned_restart,thermal_loop,1022,controller_tick,101700000,101.7,2,60000000,41700000,1017,101700000,RUNNING,,0,0,62,1,0,reconstructed_from_retained_wire,True,,,317.4077260233452,300.89621508696473,293.05379840413906,0.530151619982915,0.6500000000000006,498500.000000001,505448.8995723226,0.00015075450605248026,19015.305578999996,-2.9026523407083005e-08,0.000150755,300.896,293.054,317.408,0.0,150755,1,1017,101700000,101700000,101700000,0,300896,1,1017,101700000,101700000,101700000,0,293054,1,1017,101700000,101700000,101700000,0,317408,1,1017,101700000,101700000,101700000,0,0,1,1017,101700000,101700000,101700000,0,1.0,0.530047,0.65,1.0,0.530047,0.65,1.0,0.530047,0.65,417,102000000,False,1.0,5000.0,300.0,500.0,600000000000.0,100000000000.0,,1016
1,planned_restart,thermal_loop,1023,controller_tick,101800000,101.8,2,60000000,41800000,1018,101800000,RUNNING,,0,0,62,1,0,reconstructed_from_retained_wire,True,,,317.4081909999392,300.8963532697405,293.0537192245634,0.5301416640752166,0.6500000000000006,499000.000000001,505944.0875102567,0.00015075167497946113,19014.59139519874,-2.85463102045469e-08,0.000150752,300.896,293.054,317.408,0.0,150752,1,1018,101800000,101800000,101800000,0,300896,1,1018,101800000,101800000,101800000,0,293054,1,1018,101800000,101800000,101800000,0,317408,1,1018,101800000,101800000,101800000,0,0,1,1018,101800000,101800000,101800000,0,1.0,0.530038,0.65,1.0,0.530038,0.65,1.0,0.530038,0.65,418,102100000,False,1.0,5000.0,300.0,500.0,600000000000.0,100000000000.0,,1017
1,planned_restart,thermal_loop,1024,controller_tick,101900000,101.9,2,60000000,41900000,1019,101900000,RUNNING,,0,0,62,1,0,reconstructed_from_retained_wire,True,,,317.4086549985786,300.89649208904234,293.0536407148789,0.5301317991341629,0.6500000000000006,499500.000000001,506439.27150594303,0.00015074886977381856,19013.883750088957,-2.8591784939635545e-08,0.000150749,300.896,293.054,317.409,0.0,150749,1,1019,101900000,101900000,101900000,0,300896,1,1019,101900000,101900000,101900000,0,293054,1,1019,101900000,101900000,101900000,0,317409,1,1019,101900000,101900000,101900000,0,0,1,1019,101900000,101900000,101900000,0,1.0,0.530029,0.65,1.0,0.530029,0.65,1.0,0.530029,0.65,419,102200000,False,1.0,5000.0,300.0,500.0,600000000000.0,100000000000.0,,1018
1,planned_restart,thermal_loop,1025,controller_tick,102000000,102.0,2,60000000,42000000,1020,102000000,RUNNING,,0,0,62,1,0,reconstructed_from_retained_wire,True,,,317.40911802407663,300.8966315298434,293.05356287858694,0.530122016503133,0.6500000000000006,500000.00000000093,506934.45159296703,0.00015074608797394619,19013.18202235531,-2.8439899324439466e-08,0.000150746,300.897,293.054,317.409,0.0,150746,1,1020,102000000,102000000,102000000,0,300897,1,1020,102000000,102000000,102000000,0,293054,1,1020,102000000,102000000,102000000,0,317409,1,1020,102000000,102000000,102000000,0,0,1,1020,102000000,102000000,102000000,0,1.0,0.53002,0.65,1.0,0.53002,0.65,1.0,0.53002,0.65,420,102300000,False,1.0,5000.0,300.0,500.0,600000000000.0,100000000000.0,,1019
1,planned_restart,thermal_loop,1026,controller_tick,102100000,102.1,2,60000000,42100000,1021,102100000,RUNNING,,0,0,62,1,0,reconstructed_from_retained_wire,True,,,317.4095800811892,300.8967715782361,293.05348571847594,0.5301123083492926,0.6500000000000006,500500.0000000009,507429.6278050707,0.0001507433273524905,19012.4856498215,-2.809974830597639e-08,0.000150743,300.897,293.053,317.41,0.0,150743,1,1021,102100000,102100000,102100000,0,300897,1,1021,102100000,102100000,102100000,0,293053,1,1021,102100000,102100000,102100000,0,317410,1,1021,102100000,102100000,102100000,0,0,1,1021,102100000,102100000,102100000,0,1.0,0.530012,0.65,1.0,0.530012,0.65,1.0,0.530012,0.65,421,102400000,False,1.0,5000.0,300.0,500.0,600000000000.0,100000000000.0,,1020
1,planned_restart,thermal_loop,1027,controller_tick,102200000,102.2,2,60000000,42200000,1022,102200000,RUNNING,,0,0,62,1,0,reconstructed_from_retained_wire,True,,,317.410041174612,300.8969122159626,293.0534092402678,0.5301027627477819,0.6500000000000006,501000.0000000009,507924.80017617944,0.00015074061295459662,19011.80094971211,-2.8026079235132784e-08,0.000150741,300.897,293.053,317.41,0.0,150741,1,1022,102200000,102200000,102200000,0,300897,1,1022,102200000,102200000,102200000,0,293053,1,1022,102200000,102200000,102200000,0,317410,1,1022,102200000,102200000,102200000,0,0,1,1022,102200000,102200000,102200000,0,1.0,0.530001,0.65,1.0,0.530001,0.65,1.0,0.530001,0.65,422,102500000,False,1.0,5000.0,300.0,500.0,600000000000.0,100000000000.0,,1021
1,planned_restart,thermal_loop,1028,controller_tick,102300000,102.3,2,60000000,42300000,1023,102300000,RUNNING,,0,0,62,1,0,reconstructed_from_retained_wire,True,,,317.4105013089801,300.89705343721636,293.0533334414161,0.530093078741956,0.6500000000000006,501500.0000000008,508419.96874041803,0.0001507378591998973,19011.10633454533,-2.704655344132334e-08,0.000150738,300.897,293.053,317.411,0.0,150738,1,1023,102300000,102300000,102300000,0,300897,1,1023,102300000,102300000,102300000,0,293053,1,1023,102300000,102300000,102300000,0,317411,1,1023,102300000,102300000,102300000,0,0,1,1023,102300000,102300000,102300000,0,1.0,0.529992,0.65,1.0,0.529992,0.65,1.0,0.529992,0.65,423,102600000,False,1.0,5000.0,300.0,500.0,600000000000.0,100000000000.0,,1022
1,planned_restart,thermal_loop,1029,controller_tick,102400000,102.4,2,60000000,42400000,1024,102400000,RUNNING,,0,0,62,1,0,reconstructed_from_retained_wire,True,,,317.4109604889186,300.89719524110325,293.0532583161364,0.5300834598278905,0.6500000000000006,502000.0000000008,508915.13353154645,0.00015073512395476354,19010.416400847513,-2.6544512365944684e-08,0.000150735,300.897,293.053,317.411,0.0,150735,1,1024,102400000,102400000,102400000,0,300897,1,1024,102400000,102400000,102400000,0,293053,1,1024,102400000,102400000,102400000,0,317411,1,1024,102400000,102400000,102400000,0,0,1,1024,102400000,102400000,102400000,0,1.0,0.529983,0.65,1.0,0.529983,0.65,1.0,0.529983,0.65,424,102700000,False,1.0,5000.0,300.0,500.0,600000000000.0,100000000000.0,,1023
1,planned_restart,thermal_loop,1030,controller_tick,102500000,102.5,2,60000000,42500000,1025,102500000,RUNNING,,0,0,62,1,0,reconstructed_from_retained_wire,True,,,317.41141871901414,300.89733761602315,293.05318386581587,0.5300738998112854,0.6500000000000006,502500.0000000008,509410.29458328016,0.00015073240545777734,19009.730704079346,-2.654633135534823e-08,0.000150732,300.897,293.053,317.411,0.0,150732,1,1025,102500000,102500000,102500000,0,300897,1,1025,102500000,102500000,102500000,0,293053,1,1025,102500000,102500000,102500000,0,317411,1,1025,102500000,102500000,102500000,0,0,1,1025,102500000,102500000,102500000,0,1.0,0.529975,0.65,1.0,0.529975,0.65,1.0,0.529975,0.65,425,102800000,False,1.0,5000.0,300.0,500.0,600000000000.0,100000000000.0,,1024
1,planned_restart,thermal_loop,1031,controller_tick,102600000,102.6,2,60000000,42600000,1026,102600000,RUNNING,,0,0,62,1,0,reconstructed_from_retained_wire,True,,,317.41187600380084,300.8974805458163,293.0531100949141,0.5300644882498884,0.6500000000000006,503000.0000000008,509905.4519294514,0.00015072972917567972,19009.055667412104,-2.6211637305095792e-08,0.00015073,300.897,293.053,317.412,0.0,150730,1,1026,102600000,102600000,102600000,0,300897,1,1026,102600000,102600000,102600000,0,293053,1,1026,102600000,102600000,102600000,0,317412,1,1026,102600000,102600000,102600000,0,0,1,1026,102600000,102600000,102600000,0,1.0,0.529964,0.65,1.0,0.529964,0.65,1.0,0.529964,0.65,426,102900000,False,1.0,5000.0,300.0,500.0,600000000000.0,100000000000.0,,1025
1,planned_restart,thermal_loop,1032,controller_tick,102700000,102.7,2,60000000,42700000,1027,102700000,RUNNING,,0,0,62,1,0,reconstructed_from_retained_wire,True,,,317.41233234775825,300.89762402658636,293.0530369997472,0.5300549255285726,0.6500000000000006,503500.0000000008,510400.6056040317,0.00015072700990957896,19008.369801197136,-2.6820998755283654e-08,0.000150727,300.898,293.053,317.412,0.0,150727,1,1027,102700000,102700000,102700000,0,300898,1,1027,102700000,102700000,102700000,0,293053,1,1027,102700000,102700000,102700000,0,317412,1,1027,102700000,102700000,102700000,0,0,1,1027,102700000,102700000,102700000,0,1.0,0.529955,0.65,1.0,0.529955,0.65,1.0,0.529955,0.65,427,103000000,False,1.0,5000.0,300.0,500.0,600000000000.0,100000000000.0,,1026
1,planned_restart,thermal_loop,1033,controller_tick,102800000,102.8,2,60000000,42800000,1028,102800000,RUNNING,,0,0,62,1,0,reconstructed_from_retained_wire,True,,,317.41278775536205,300.8977680591789,293.0529645735068,0.5300454163572701,0.6500000000000006,504000.0000000008,510895.755640574,0.00015072430587101973,19007.687788014897,-2.7348505682311952e-08,0.000150724,300.898,293.053,317.413,0.0,150724,1,1028,102800000,102800000,102800000,0,300898,1,1028,102800000,102800000,102800000,0,293053,1,1028,102800000,102800000,102800000,0,317413,1,1028,102800000,102800000,102800000,0,0,1,1028,102800000,102800000,102800000,0,1.0,0.529947,0.65,1.0,0.529947,0.65,1.0,0.529947,0.65,428,103100000,False,1.0,5000.0,300.0,500.0,600000000000.0,100000000000.0,,1027
1,planned_restart,thermal_loop,1034,controller_tick,102900000,102.9,2,60000000,42900000,1029,102900000,RUNNING,,0,0,62,1,0,reconstructed_from_retained_wire,True,,,317.41324223104954,300.8979126282105,293.052892820237,0.5300360508026054,0.6500000000000006,504500.00000000076,511390.9020725982,0.0001507216426714478,19007.01608721037,-2.7125679480377585e-08,0.000150722,300.898,293.053,317.413,0.0,150722,1,1029,102900000,102900000,102900000,0,300898,1,1029,102900000,102900000,102900000,0,293053,1,1029,102900000,102900000,102900000,0,317413,1,1029,102900000,102900000,102900000,0,0,1,1029,102900000,102900000,102900000,0,1.0,0.529937,0.65,1.0,0.529937,0.65,1.0,0.529937,0.65,429,103200000,False,1.0,5000.0,300.0,500.0,600000000000.0,100000000000.0,,1028
1,planned_restart,thermal_loop,1035,controller_tick,103000000,103.0,2,60000000,43000000,1030,103000000,RUNNING,,0,0,62,1,0,reconstructed_from_retained_wire,True,,,317.4136957792006,300.8980577251306,293.052821739458,0.5300266248724845,0.6500000000000006,505000.00000000076,511886.04493380425,0.00015071896230344384,19006.340068240974,-2.655542630236596e-08,0.000150719,300.898,293.053,317.414,0.0,150719,1,1030,103000000,103000000,103000000,0,300898,1,1030,103000000,103000000,103000000,0,293053,1,1030,103000000,103000000,103000000,0,317414,1,1030,103000000,103000000,103000000,0,0,1,1030,103000000,103000000,103000000,0,1.0,0.529928,0.65,1.0,0.529928,0.65,1.0,0.529928,0.65,430,103300000,False,1.0,5000.0,300.0,500.0,600000000000.0,100000000000.0,,1029
1,planned_restart,thermal_loop,1036,controller_tick,103100000,103.1,2,60000000,43100000,1031,103100000,RUNNING,,0,0,62,1,0,reconstructed_from_retained_wire,True,,,317.4141484041732,300.898203346871,293.0527513270693,0.5300172394749738,0.6500000000000006,505500.00000000076,512381.1842576829,0.0001507162934613381,19005.666968177502,-2.6891939342021942e-08,0.000150716,300.898,293.053,317.414,0.0,150716,1,1031,103100000,103100000,103100000,0,300898,1,1031,103100000,103100000,103100000,0,293053,1,1031,103100000,103100000,103100000,0,317414,1,1031,103100000,103100000,103100000,0,0,1,1031,103100000,103100000,103100000,0,1.0,0.52992,0.65,1.0,0.52992,0.65,1.0,0.52992,0.65,431,103400000,False,1.0,5000.0,300.0,500.0,600000000000.0,100000000000.0,,1030
1,planned_restart,thermal_loop,1037,controller_tick,103200000,103.2,2,60000000,43200000,1032,103200000,RUNNING,,0,0,62,1,0,reconstructed_from_retained_wire,True,,,317.41460011028687,300.89834947975817,293.0526815860733,0.5300079859154672,0.6500000000000006,506000.00000000076,512876.3200777007,0.00015071366210883428,19005.003334914654,-2.596243575681001e-08,0.000150714,300.898,293.053,317.415,0.0,150714,1,1032,103200000,103200000,103200000,0,300898,1,1032,103200000,103200000,103200000,0,293053,1,1032,103200000,103200000,103200000,0,317415,1,1032,103200000,103200000,103200000,0,0,1,1032,103200000,103200000,103200000,0,1.0,0.52991,0.65,1.0,0.52991,0.65,1.0,0.52991,0.65,432,103500000,False,1.0,5000.0,300.0,500.0,600000000000.0,100000000000.0,,1031
1,planned_restart,thermal_loop,1038,controller_tick,103300000,103.3,2,60000000,43300000,1033,103300000,RUNNING,,0,0,62,1,0,reconstructed_from_retained_wire,True,,,317.4150509018089,300.89849611679415,293.05261251505283,0.5299986613227559,0.6500000000000006,506500.00000000076,513371.4524274549,0.00015071101055724913,19004.334619116424,-2.6994712243322283e-08,0.000150711,300.898,293.053,317.415,0.0,150711,1,1033,103300000,103300000,103300000,0,300898,1,1033,103300000,103300000,103300000,0,293053,1,1033,103300000,103300000,103300000,0,317415,1,1033,103300000,103300000,103300000,0,0,1,1033,103300000,103300000,103300000,0,1.0,0.529901,0.65,1.0,0.529901,0.65,1.0,0.529901,0.65,433,103600000,False,1.0,5000.0,300.0,500.0,600000000000.0,100000000000.0,,1032
1,planned_restart,thermal_loop,1039,controller_tick,103400000,103.4,2,60000000,43400000,1034,103400000,RUNNING,,0,0,62,1,0,reconstructed_from_retained_wire,True,,,317.4155007829896,300.8986432563218,293.0525441090646,0.529989367619125,0.6500000000000006,507000.00000000076,513866.58134028886,0.00015070836778931733,19003.66813024394,-2.672368282219395e-08,0.000150708,300.899,293.053,317.416,0.0,150708,1,1034,103400000,103400000,103400000,0,300899,1,1034,103400000,103400000,103400000,0,293053,1,1034,103400000,103400000,103400000,0,317416,1,1034,103400000,103400000,103400000,0,0,1,1034,103400000,103400000,103400000,0,1.0,0.529893,0.65,1.0,0.529893,0.65,1.0,0.529893,0.65,434,103700000,False,1.0,5000.0,300.0,500.0,600000000000.0,100000000000.0,,1033
1,planned_restart,thermal_loop,1040,controller_tick,103500000,103.5,2,60000000,43500000,1035,103500000,RUNNING,,0,0,62,1,0,reconstructed_from_retained_wire,True,,,317.41594975804514,300.8987908859485,293.05247637035427,0.529980197027672,0.6500000000000006,507500.00000000076,514361.7068494822,0.0001507057600297018,19003.010481696972,-2.7119313017465174e-08,0.000150706,300.899,293.052,317.416,0.0,150706,1,1035,103500000,103500000,103500000,0,300899,1,1035,103500000,103500000,103500000,0,293052,1,1035,103500000,103500000,103500000,0,317416,1,1035,103500000,103500000,103500000,0,0,1,1035,103500000,103500000,103500000,0,1.0,0.529883,0.65,1.0,0.529883,0.65,1.0,0.529883,0.65,435,103800000,False,1.0,5000.0,300.0,500.0,600000000000.0,100000000000.0,,1034
1,planned_restart,thermal_loop,1041,controller_tick,103600000,103.6,2,60000000,43600000,1036,103600000,RUNNING,,0,0,62,1,0,reconstructed_from_retained_wire,True,,,317.4163978311434,300.89893899984116,293.0524092968254,0.5299709475075601,0.6500000000000006,508000.00000000076,514856.828988409,0.00015070312982584476,19002.347184483937,-2.7207534003537148e-08,0.000150703,300.899,293.052,317.416,0.0,150703,1,1036,103600000,103600000,103600000,0,300899,1,1036,103600000,103600000,103600000,0,293052,1,1036,103600000,103600000,103600000,0,317416,1,1036,103600000,103600000,103600000,0,0,1,1036,103600000,103600000,103600000,0,1.0,0.529875,0.65,1.0,0.529875,0.65,1.0,0.529875,0.65,436,103900000,False,1.0,5000.0,300.0,500.0,600000000000.0,100000000000.0,,1035
1,planned_restart,thermal_loop,1042,controller_tick,103700000,103.7,2,60000000,43700000,1037,103700000,RUNNING,,0,0,62,1,0,reconstructed_from_retained_wire,True,,,317.4168450064334,300.8990875920345,293.0523428865028,0.5299618168950083,0.6500000000000006,508500.00000000076,515351.9477902177,0.00015070053343467418,19001.692425667694,-2.7360329113435e-08,0.000150701,300.899,293.052,317.417,0.0,150701,1,1037,103700000,103700000,103700000,0,300899,1,1037,103700000,103700000,103700000,0,293052,1,1037,103700000,103700000,103700000,0,317417,1,1037,103700000,103700000,103700000,0,0,1,1037,103700000,103700000,103700000,0,1.0,0.529865,0.65,1.0,0.529865,0.65,1.0,0.529865,0.65,437,104000000,False,1.0,5000.0,300.0,500.0,600000000000.0,100000000000.0,,1036
1,planned_restart,thermal_loop,1043,controller_tick,103800000,103.8,2,60000000,43800000,1038,103800000,RUNNING,,0,0,62,1,0,reconstructed_from_retained_wire,True,,,317.4172912880239,300.8992366572672,293.0522771369731,0.5299526035493023,0.6500000000000006,509000.00000000076,515847.0632880708,0.00015069791351741155,19001.031745467895,-2.6828274712897837e-08,0.000150698,300.899,293.052,317.417,0.0,150698,1,1038,103800000,103800000,103800000,0,300899,1,1038,103800000,103800000,103800000,0,293052,1,1038,103800000,103800000,103800000,0,317417,1,1038,103800000,103800000,103800000,0,0,1,1038,103800000,103800000,103800000,0,1.0,0.529857,0.65,1.0,0.529857,0.65,1.0,0.529857,0.65,438,104100000,False,1.0,5000.0,300.0,500.0,600000000000.0,100000000000.0,,1037
1,planned_restart,thermal_loop,1044,controller_tick,103900000,103.9,2,60000000,43900000,1039,103900000,RUNNING,,0,0,62,1,0,reconstructed_from_retained_wire,True,,,317.41773668000616,300.89938619009456,293.0522120459779,0.5299435056687064,0.6500000000000006,509500.00000000076,516342.17551489006,0.00015069532643393645,19000.379356431564,-2.7386704459786415e-08,0.000150695,300.899,293.052,317.418,0.0,150695,1,1039,103900000,103900000,103900000,0,300899,1,1039,103900000,103900000,103900000,0,293052,1,1039,103900000,103900000,103900000,0,317418,1,1039,103900000,103900000,103900000,0,0,1,1039,103900000,103900000,103900000,0,1.0,0.529849,0.65,1.0,0.529849,0.65,1.0,0.529849,0.65,439,104200000,False,1.0,5000.0,300.0,500.0,600000000000.0,100000000000.0,,1038
1,planned_restart,thermal_loop,1045,controller_tick,104000000,104.0,2,60000000,44000000,1040,104000000,RUNNING,,0,0,62,1,0,reconstructed_from_retained_wire,True,,,317.41818118642215,300.8995361749937,293.05214761800784,0.5299345122652628,0.6500000000000006,510000.00000000076,516837.28450371843,0.0001506927690597009,18999.734470230054,-2.6817360776476562e-08,0.000150693,300.9,293.052,317.418,0.0,150693,1,1040,104000000,104000000,104000000,0,300900,1,1040,104000000,104000000,104000000,0,293052,1,1040,104000000,104000000,104000000,0,317418,1,1040,104000000,104000000,104000000,0,0,1,1040,104000000,104000000,104000000,0,1.0,0.529839,0.65,1.0,0.529839,0.65,1.0,0.529839,0.65,440,104300000,False,1.0,5000.0,300.0,500.0,600000000000.0,100000000000.0,,1039
1,planned_restart,thermal_loop,1046,controller_tick,104100000,104.1,2,60000000,44100000,1041,104100000,RUNNING,,0,0,62,1,0,reconstructed_from_retained_wire,True,,,317.418624811268,300.89968660855357,293.05208384950856,0.5299254230714918,0.6500000000000006,510500.0000000007,517332.3902876803,0.00015069018444642104,18999.082726351404,-2.7084752218797803e-08,0.00015069,300.9,293.052,317.419,0.0,150690,1,1041,104100000,104100000,104100000,0,300900,1,1041,104100000,104100000,104100000,0,293052,1,1041,104100000,104100000,104100000,0,317419,1,1041,104100000,104100000,104100000,0,0,1,1041,104100000,104100000,104100000,0,1.0,0.529831,0.65,1.0,0.529831,0.65,1.0,0.529831,0.65,441,104400000,False,1.0,5000.0,300.0,500.0,600000000000.0,100000000000.0,,1040
1,planned_restart,thermal_loop,1047,controller_tick,104200000,104.2,2,60000000,44200000,1042,104200000,RUNNING,,0,0,62,1,0,reconstructed_from_retained_wire,True,,,317.4190675585284,300.89983748700587,293.0520207371968,0.5299164375282124,0.6500000000000006,511000.0000000007,517827.49289960525,0.00015068762930731054,18998.438425756212,-2.6031557354144752e-08,0.000150688,300.9,293.052,317.419,0.0,150688,1,1042,104200000,104200000,104200000,0,300900,1,1042,104200000,104200000,104200000,0,293052,1,1042,104200000,104200000,104200000,0,317419,1,1042,104200000,104200000,104200000,0,0,1,1042,104200000,104200000,104200000,0,1.0,0.529822,0.65,1.0,0.529822,0.65,1.0,0.529822,0.65,442,104500000,False,1.0,5000.0,300.0,500.0,600000000000.0,100000000000.0,,1041
1,planned_restart,thermal_loop,1048,controller_tick,104300000,104.3,2,60000000,44300000,1043,104300000,RUNNING,,0,0,62,1,0,reconstructed_from_retained_wire,True,,,317.4195094321489,300.89998880171447,293.05195828106457,0.529907450609194,0.6500000000000006,511500.0000000007,518322.59237233514,0.0001506850737769934,18997.794037442356,-2.549313649069518e-08,0.000150685,300.9,293.052,317.42,0.0,150685,1,1043,104300000,104300000,104300000,0,300900,1,1043,104300000,104300000,104300000,0,293052,1,1043,104300000,104300000,104300000,0,317420,1,1043,104300000,104300000,104300000,0,0,1,1043,104300000,104300000,104300000,0,1.0,0.529814,0.65,1.0,0.529814,0.65,1.0,0.529814,0.65,443,104600000,False,1.0,5000.0,300.0,500.0,600000000000.0,100000000000.0,,1042
1,planned_restart,thermal_loop,1049,controller_tick,104400000,104.4,2,60000000,44400000,1044,104400000,RUNNING,,0,0,62,1,0,reconstructed_from_retained_wire,True,,,317.4199504360436,300.9001405444761,293.05189648084587,0.5298985576079377,0.6500000000000006,512000.00000000064,518817.688738643,0.00015068254495323582,18997.156394063713,-2.602519089123234e-08,0.000150683,300.9,293.052,317.42,0.0,150683,1,1044,104400000,104400000,104400000,0,300900,1,1044,104400000,104400000,104400000,0,293052,1,1044,104400000,104400000,104400000,0,317420,1,1044,104400000,104400000,104400000,0,0,1,1044,104400000,104400000,104400000,0,1.0,0.529804,0.65,1.0,0.529804,0.65,1.0,0.529804,0.65,444,104700000,False,1.0,5000.0,300.0,500.0,600000000000.0,100000000000.0,,1043
1,planned_restart,thermal_loop,1050,controller_tick,104500000,104.5,2,60000000,44500000,1045,104500000,RUNNING,,0,0,62,1,0,reconstructed_from_retained_wire,True,,,317.4203905740915,300.90029271325926,293.0518353321903,0.5298895592618227,0.6500000000000006,512500.00000000064,519312.78203127737,0.00015067998617349676,18996.5112081708,-2.589149517007172e-08,0.00015068,300.9,293.052,317.42,0.0,150680,1,1045,104500000,104500000,104500000,0,300900,1,1045,104500000,104500000,104500000,0,293052,1,1045,104500000,104500000,104500000,0,317420,1,1045,104500000,104500000,104500000,0,0,1,1045,104500000,104500000,104500000,0,1.0,0.529797,0.65,1.0,0.529797,0.65,1.0,0.529797,0.65,445,104800000,False,1.0,5000.0,300.0,500.0,600000000000.0,100000000000.0,,1044
1,planned_restart,thermal_loop,1051,controller_tick,104600000,104.6,2,60000000,44600000,1046,104600000,RUNNING,,0,0,62,1,0,reconstructed_from_retained_wire,True,,,317.4208298501587,300.90044530017906,293.0517748346816,0.5298807510834836,0.6500000000000006,513000.00000000064,519807.8722827145,0.0001506774814700786,18995.879668013324,-2.6165253075305372e-08,0.000150677,300.9,293.052,317.421,0.0,150677,1,1046,104600000,104600000,104600000,0,300900,1,1046,104600000,104600000,104600000,0,293052,1,1046,104600000,104600000,104600000,0,317421,1,1046,104600000,104600000,104600000,0,0,1,1046,104600000,104600000,104600000,0,1.0,0.529789,0.65,1.0,0.529789,0.65,1.0,0.529789,0.65,446,104900000,False,1.0,5000.0,300.0,500.0,600000000000.0,100000000000.0,,1045
1,planned_restart,thermal_loop,1052,controller_tick,104700000,104.7,2,60000000,44700000,1047,104700000,RUNNING,,0,0,62,1,0,reconstructed_from_retained_wire,True,,,317.42126826805054,300.90059828779806,293.0517149942992,0.529872019813482,0.6500000000000006,513500.00000000064,520302.959525697,0.000150674998636401,18995.253652490122,-2.6588168111629784e-08,0.000150675,300.901,293.052,317.421,0.0,150675,1,1047,104700000,104700000,104700000,0,300901,1,1047,104700000,104700000,104700000,0,293052,1,1047,104700000,104700000,104700000,0,317421,1,1047,104700000,104700000,104700000,0,0,1,1047,104700000,104700000,104700000,0,1.0,0.52978,0.65,1.0,0.52978,0.65,1.0,0.52978,0.65,447,105000000,False,1.0,5000.0,300.0,500.0,600000000000.0,100000000000.0,,1046
1,planned_restart,thermal_loop,1053,controller_tick,104800000,104.8,2,60000000,44800000,1048,104800000,RUNNING,,0,0,62,1,0,reconstructed_from_retained_wire,True,,,317.42170583152716,300.9007516708581,293.05165580893146,0.5298632629704398,0.6500000000000006,514000.0000000006,520798.04379306006,0.00015067250853074513,18994.625813789164,-2.6610905479174107e-08,0.000150673,300.901,293.052,317.422,0.0,150673,1,1048,104800000,104800000,104800000,0,300901,1,1048,104800000,104800000,104800000,0,293052,1,1048,104800000,104800000,104800000,0,317422,1,1048,104800000,104800000,104800000,0,0,1,1048,104800000,104800000,104800000,0,1.0,0.52977,0.65,1.0,0.52977,0.65,1.0,0.52977,0.65,448,105100000,False,1.0,5000.0,300.0,500.0,600000000000.0,100000000000.0,,1047
1,planned_restart,thermal_loop,1054,controller_tick,104900000,104.9,2,60000000,44900000,1049,104900000,RUNNING,,0,0,62,1,0,reconstructed_from_retained_wire,True,,,317.4221425443384,300.9009054549512,293.05159726926473,0.5298543878253718,0.6500000000000006,514500.0000000006,521293.12511734996,0.00015066998478459315,18993.989503784134,-2.6656380214262754e-08,0.00015067,300.901,293.052,317.422,0.0,150670,1,1049,104900000,104900000,104900000,0,300901,1,1049,104900000,104900000,104900000,0,293052,1,1049,104900000,104900000,104900000,0,317422,1,1049,104900000,104900000,104900000,0,0,1,1049,104900000,104900000,104900000,0,1.0,0.529763,0.65,1.0,0.529763,0.65,1.0,0.529763,0.65,449,105200000,False,1.0,5000.0,300.0,500.0,600000000000.0,100000000000.0,,1048
1,planned_restart,thermal_loop,1055,controller_tick,105000000,105.0,2,60000000,45000000,1050,105000000,RUNNING,,0,0,62,1,0,reconstructed_from_retained_wire,True,,,317.4225784102326,300.9010596338418,293.05153937390253,0.5298456911239499,0.6500000000000006,515000.0000000006,521788.20353072486,0.00015066751178087552,18993.365997765504,-2.674823917914182e-08,0.000150668,300.901,293.052,317.423,0.0,150668,1,1050,105000000,105000000,105000000,0,300901,1,1050,105000000,105000000,105000000,0,293052,1,1050,105000000,105000000,105000000,0,317423,1,1050,105000000,105000000,105000000,0,0,1,1050,105000000,105000000,105000000,0,1.0,0.529753,0.65,1.0,0.529753,0.65,1.0,0.529753,0.65,450,105300000,False,1.0,5000.0,300.0,500.0,600000000000.0,100000000000.0,,1049
1,planned_restart,thermal_loop,1056,controller_tick,105100000,105.1,2,60000000,45100000,1051,105100000,RUNNING,,0,0,62,1,0,reconstructed_from_retained_wire,True,,,317.423013432913,300.90121420232447,293.0514821207895,0.5298368703972702,0.6500000000000006,515500.0000000006,522283.27906544245,0.0001506650035091972,18992.733610266812,-2.6786437956616282e-08,0.000150665,300.901,293.051,317.423,0.0,150665,1,1051,105100000,105100000,105100000,0,300901,1,1051,105100000,105100000,105100000,0,293051,1,1051,105100000,105100000,105100000,0,317423,1,1051,105100000,105100000,105100000,0,0,1,1051,105100000,105100000,105100000,0,1.0,0.529746,0.65,1.0,0.529746,0.65,1.0,0.529746,0.65,451,105400000,False,1.0,5000.0,300.0,500.0,600000000000.0,100000000000.0,,1050
1,planned_restart,thermal_loop,1057,controller_tick,105200000,105.2,2,60000000,45200000,1052,105200000,RUNNING,,0,0,62,1,0,reconstructed_from_retained_wire,True,,,317.4234476160727,300.9013691548929,293.05142550810183,0.5298282229356426,0.6500000000000006,516000.0000000006,522778.3517534775,0.00015066254450736235,18992.11365494092,-2.6486304705031216e-08,0.000150663,300.901,293.051,317.423,0.0,150663,1,1052,105200000,105200000,105200000,0,300901,1,1052,105200000,105200000,105200000,0,293051,1,1052,105200000,105200000,105200000,0,317423,1,1052,105200000,105200000,105200000,0,0,1,1052,105200000,105200000,105200000,0,1.0,0.529737,0.65,1.0,0.529737,0.65,1.0,0.529737,0.65,452,105500000,False,1.0,5000.0,300.0,500.0,600000000000.0,100000000000.0,,1051
1,planned_restart,thermal_loop,1058,controller_tick,105300000,105.3,2,60000000,45300000,1053,105300000,RUNNING,,0,0,62,1,0,reconstructed_from_retained_wire,True,,,317.42388096335617,300.90152448163224,293.05136953698207,0.529819541925553,0.6500000000000006,516500.0000000005,523273.42162694415,0.00015066007596564946,18991.49130463018,-2.5871486286632717e-08,0.00015066,300.902,293.051,317.424,0.0,150660,1,1053,105300000,105300000,105300000,0,300902,1,1053,105300000,105300000,105300000,0,293051,1,1053,105300000,105300000,105300000,0,317424,1,1053,105300000,105300000,105300000,0,0,1,1053,105300000,105300000,105300000,0,1.0,0.52973,0.65,1.0,0.52973,0.65,1.0,0.52973,0.65,453,105600000,False,1.0,5000.0,300.0,500.0,600000000000.0,100000000000.0,,1052
1,planned_restart,thermal_loop,1059,controller_tick,105400000,105.4,2,60000000,45400000,1054,105400000,RUNNING,,0,0,62,1,0,reconstructed_from_retained_wire,True,,,317.4243134783793,300.90168017306496,293.05131420831,0.529811020884724,0.6500000000000006,517000.0000000005,523768.48871788307,0.00015065765291297393,18990.880432592894,-2.6041561795864254e-08,0.000150658,300.902,293.051,317.424,0.0,150658,1,1054,105400000,105400000,105400000,0,300902,1,1054,105400000,105400000,105400000,0,293051,1,1054,105400000,105400000,105400000,0,317424,1,1054,105400000,105400000,105400000,0,0,1,1054,105400000,105400000,105400000,0,1.0,0.529721,0.65,1.0,0.529721,0.65,1.0,0.529721,0.65,454,105700000,False,1.0,5000.0,300.0,500.0,600000000000.0,100000000000.0,,1053
1,planned_restart,thermal_loop,1060,controller_tick,105500000,105.5,2,60000000,45500000,1055,105500000,RUNNING,,0,0,62,1,0,reconstructed_from_retained_wire,True,,,317.4247451647095,300.90183622093053,293.051259522181,0.5298024542649035,0.6500000000000006,517500.0000000005,524263.5530584828,0.00015065521689940555,18990.26630290874,-2.5293047656305134e-08,0.000150655,300.902,293.051,317.425,0.0,150655,1,1055,105500000,105500000,105500000,0,300902,1,1055,105500000,105500000,105500000,0,293051,1,1055,105500000,105500000,105500000,0,317425,1,1055,105500000,105500000,105500000,0,0,1,1055,105500000,105500000,105500000,0,1.0,0.529713,0.65,1.0,0.529713,0.65,1.0,0.529713,0.65,455,105800000,False,1.0,5000.0,300.0,500.0,600000000000.0,100000000000.0,,1054
1,planned_restart,thermal_loop,1061,controller_tick,105600000,105.6,2,60000000,45600000,1056,105600000,RUNNING,,0,0,62,1,0,reconstructed_from_retained_wire,True,,,317.4251760258957,300.90199262261666,293.05120547495426,0.5297939415660882,0.6500000000000006,518000.00000000047,524758.6146807488,0.00015065279621887434,18989.656048586894,-2.454908099025488e-08,0.000150653,300.902,293.051,317.425,0.0,150653,1,1056,105600000,105600000,105600000,0,300902,1,1056,105600000,105600000,105600000,0,293051,1,1056,105600000,105600000,105600000,0,317425,1,1056,105600000,105600000,105600000,0,0,1,1056,105600000,105600000,105600000,0,1.0,0.529704,0.65,1.0,0.529704,0.65,1.0,0.529704,0.65,456,105900000,False,1.0,5000.0,300.0,500.0,600000000000.0,100000000000.0,,1055
1,planned_restart,thermal_loop,1062,controller_tick,105700000,105.7,2,60000000,45700000,1057,105700000,RUNNING,,0,0,62,1,0,reconstructed_from_retained_wire,True,,,317.4256060654631,300.90214937578327,293.05115206283625,0.529785382494434,0.6500000000000006,518500.00000000047,525253.673616562,0.00015065036235171098,18989.04247979664,-2.4355358618777245e-08,0.00015065,300.902,293.051,317.426,0.0,150650,1,1057,105700000,105700000,105700000,0,300902,1,1057,105700000,105700000,105700000,0,293051,1,1057,105700000,105700000,105700000,0,317426,1,1057,105700000,105700000,105700000,0,0,1,1057,105700000,105700000,105700000,0,1.0,0.529697,0.65,1.0,0.529697,0.65,1.0,0.529697,0.65,457,106000000,False,1.0,5000.0,300.0,500.0,600000000000.0,100000000000.0,,1056
1,planned_restart,thermal_loop,1063,controller_tick,105800000,105.8,2,60000000,45800000,1058,105800000,RUNNING,,0,0,62,1,0,reconstructed_from_retained_wire,True,,,317.4260352869194,300.90230647255504,293.0510992857526,0.5297769717880638,0.6500000000000006,519000.00000000047,525748.7298976161,0.00015064797067386524,18988.439556431593,-2.421711542410776e-08,0.000150648,300.902,293.051,317.426,0.0,150648,1,1058,105800000,105800000,105800000,0,300902,1,1058,105800000,105800000,105800000,0,293051,1,1058,105800000,105800000,105800000,0,317426,1,1058,105800000,105800000,105800000,0,0,1,1058,105800000,105800000,105800000,0,1.0,0.529688,0.65,1.0,0.529688,0.65,1.0,0.529688,0.65,458,106100000,False,1.0,5000.0,300.0,500.0,600000000000.0,100000000000.0,,1057
1,planned_restart,thermal_loop,1064,controller_tick,105900000,105.9,2,60000000,45900000,1059,105900000,RUNNING,,0,0,62,1,0,reconstructed_from_retained_wire,True,,,317.42646369372846,300.9024639061203,293.0510471429466,0.5297685050029902,0.6500000000000006,519500.00000000047,526243.7835557072,0.00015064556304941683,18987.832622719998,-2.453089109621942e-08,0.000150646,300.902,293.051,317.426,0.0,150646,1,1059,105900000,105900000,105900000,0,300902,1,1059,105900000,105900000,105900000,0,293051,1,1059,105900000,105900000,105900000,0,317426,1,1059,105900000,105900000,105900000,0,0,1,1059,105900000,105900000,105900000,0,1.0,0.52968,0.65,1.0,0.52968,0.65,1.0,0.52968,0.65,459,106200000,False,1.0,5000.0,300.0,500.0,600000000000.0,100000000000.0,,1058
1,planned_restart,thermal_loop,1065,controller_tick,106000000,106.0,2,60000000,46000000,1060,106000000,RUNNING,,0,0,62,1,0,reconstructed_from_retained_wire,True,,,317.42689128934046,300.90262167517704,293.05099563001716,0.5297600826383896,0.6500000000000006,520000.00000000047,526738.8346224079,0.0001506431680564237,18987.22888287297,-2.4508153728675097e-08,0.000150643,300.903,293.051,317.427,0.0,150643,1,1060,106000000,106000000,106000000,0,300903,1,1060,106000000,106000000,106000000,0,293051,1,1060,106000000,106000000,106000000,0,317427,1,1060,106000000,106000000,106000000,0,0,1,1060,106000000,106000000,106000000,0,1.0,0.529673,0.65,1.0,0.529673,0.65,1.0,0.529673,0.65,460,106300000,False,1.0,5000.0,300.0,500.0,600000000000.0,100000000000.0,,1059
1,planned_restart,thermal_loop,1066,controller_tick,106100000,106.1,2,60000000,46100000,1061,106100000,RUNNING,,0,0,62,1,0,reconstructed_from_retained_wire,True,,,317.4273180771749,300.9027797678275,293.05094474965466,0.5297517956296768,0.6500000000000006,520500.00000000047,527233.8831292514,0.00015064081155338182,18986.634855102086,-2.4476321414113045e-08,0.000150641,300.903,293.051,317.427,0.0,150641,1,1061,106100000,106100000,106100000,0,300903,1,1061,106100000,106100000,106100000,0,293051,1,1061,106100000,106100000,106100000,0,317427,1,1061,106100000,106100000,106100000,0,0,1,1061,106100000,106100000,106100000,0,1.0,0.529664,0.65,1.0,0.529664,0.65,1.0,0.529664,0.65,461,106400000,False,1.0,5000.0,300.0,500.0,600000000000.0,100000000000.0,,1060
1,planned_restart,thermal_loop,1067,controller_tick,106200000,106.2,2,60000000,46200000,1062,106200000,RUNNING,,0,0,62,1,0,reconstructed_from_retained_wire,True,,,317.4277440606073,300.90293817886857,293.05089450011224,0.5297434407708722,0.6500000000000006,521000.0000000004,527728.9291078855,0.00015063843575641213,18986.035973120775,-2.4836481316015124e-08,0.000150638,300.903,293.051,317.428,0.0,150638,1,1062,106200000,106200000,106200000,0,300903,1,1062,106200000,106200000,106200000,0,293051,1,1062,106200000,106200000,106200000,0,317428,1,1062,106200000,106200000,106200000,0,0,1,1062,106200000,106200000,106200000,0,1.0,0.529657,0.65,1.0,0.529657,0.65,1.0,0.529657,0.65,462,106500000,False,1.0,5000.0,300.0,500.0,600000000000.0,100000000000.0,,1061
1,planned_restart,thermal_loop,1068,controller_tick,106300000,106.3,2,60000000,46300000,1063,106300000,RUNNING,,0,0,62,1,0,reconstructed_from_retained_wire,True,,,317.4281692429987,300.9030969030801,293.0508448796828,0.5297352148439296,0.6500000000000006,521500.00000000035,528223.9725897475,0.00015063609662265055,18985.44634229102,-2.5461304176133126e-08,0.000150636,300.903,293.051,317.428,0.0,150636,1,1063,106300000,106300000,106300000,0,300903,1,1063,106300000,106300000,106300000,0,293051,1,1063,106300000,106300000,106300000,0,317428,1,1063,106300000,106300000,106300000,0,0,1,1063,106300000,106300000,106300000,0,1.0,0.529648,0.65,1.0,0.529648,0.65,1.0,0.529648,0.65,463,106600000,False,1.0,5000.0,300.0,500.0,600000000000.0,100000000000.0,,1062
1,planned_restart,thermal_loop,1069,controller_tick,106400000,106.4,2,60000000,46400000,1064,106400000,RUNNING,,0,0,62,1,0,reconstructed_from_retained_wire,True,,,317.4285936276744,300.90325593604825,293.0507958861482,0.5297269152541962,0.6500000000000006,522000.0000000003,528719.0136063005,0.00015063373654205565,18984.85144062407,-2.597789716674015e-08,0.000150634,300.903,293.051,317.429,0.0,150634,1,1064,106400000,106400000,106400000,0,300903,1,1064,106400000,106400000,106400000,0,293051,1,1064,106400000,106400000,106400000,0,317429,1,1064,106400000,106400000,106400000,0,0,1,1064,106400000,106400000,106400000,0,1.0,0.52964,0.65,1.0,0.52964,0.65,1.0,0.52964,0.65,464,106700000,False,1.0,5000.0,300.0,500.0,600000000000.0,100000000000.0,,1063
1,planned_restart,thermal_loop,1070,controller_tick,106500000,106.5,2,60000000,46500000,1065,106500000,RUNNING,,0,0,62,1,0,reconstructed_from_retained_wire,True,,,317.429017217953,300.9034152786373,293.0507475138001,0.5297186441741955,0.6500000000000006,522500.0000000003,529214.0521887144,0.00015063138456852007,18984.258591763035,-2.6666384655982256e-08,0.000150631,300.903,293.051,317.429,0.0,150631,1,1065,106500000,106500000,106500000,0,300903,1,1065,106500000,106500000,106500000,0,293051,1,1065,106500000,106500000,106500000,0,317429,1,1065,106500000,106500000,106500000,0,0,1,1065,106500000,106500000,106500000,0,1.0,0.529633,0.65,1.0,0.529633,0.65,1.0,0.529633,0.65,465,106800000,False,1.0,5000.0,300.0,500.0,600000000000.0,100000000000.0,,1064
1,planned_restart,thermal_loop,1071,controller_tick,106600000,106.6,2,60000000,46600000,1066,106600000,RUNNING,,0,0,62,1,0,reconstructed_from_retained_wire,True,,,317.42944001712925,300.90357492090396,293.0506997641624,0.5297104940534495,0.6500000000000006,523000.00000000023,529709.0883680586,0.00015062906699109314,18983.674421992066,-2.7274836611468345e-08,0.000150629,300.904,293.051,317.429,0.0,150629,1,1066,106600000,106600000,106600000,0,300904,1,1066,106600000,106600000,106600000,0,293051,1,1066,106600000,106600000,106600000,0,317429,1,1066,106600000,106600000,106600000,0,0,1,1066,106600000,106600000,106600000,0,1.0,0.529624,0.65,1.0,0.529624,0.65,1.0,0.529624,0.65,466,106900000,False,1.0,5000.0,300.0,500.0,600000000000.0,100000000000.0,,1065
1,planned_restart,thermal_loop,1072,controller_tick,106700000,106.7,2,60000000,46700000,1067,106700000,RUNNING,,0,0,62,1,0,reconstructed_from_retained_wire,True,,,317.42986202845987,300.9037348594103,293.0506526344477,0.5297022630559992,0.6500000000000006,523500.0000000002,530204.1221754611,0.00015062672641547633,18983.084464407595,-2.7763235266320407e-08,0.000150627,300.904,293.051,317.43,0.0,150627,1,1067,106700000,106700000,106700000,0,300904,1,1067,106700000,106700000,106700000,0,293051,1,1067,106700000,106700000,106700000,0,317430,1,1067,106700000,106700000,106700000,0,0,1,1067,106700000,106700000,106700000,0,1.0,0.529616,0.65,1.0,0.529616,0.65,1.0,0.529616,0.65,467,107000000,False,1.0,5000.0,300.0,500.0,600000000000.0,100000000000.0,,1066
1,planned_restart,thermal_loop,1073,controller_tick,106800000,106.8,2,60000000,46800000,1068,106800000,RUNNING,,0,0,62,1,0,reconstructed_from_retained_wire,True,,,317.43028325519765,300.9038950959015,293.0506061184418,0.5296940540408628,0.6500000000000006,524000.0000000002,530699.1536417309,0.00015062439209077483,18982.496091538254,-2.797241904772818e-08,0.000150624,300.904,293.051,317.43,0.0,150624,1,1068,106800000,106800000,106800000,0,300904,1,1068,106800000,106800000,106800000,0,293051,1,1068,106800000,106800000,106800000,0,317430,1,1068,106800000,106800000,106800000,0,0,1,1068,106800000,106800000,106800000,0,1.0,0.529609,0.65,1.0,0.529609,0.65,1.0,0.529609,0.65,468,107100000,False,1.0,5000.0,300.0,500.0,600000000000.0,100000000000.0,,1067
1,planned_restart,thermal_loop,1074,controller_tick,106900000,106.9,2,60000000,46900000,1069,106900000,RUNNING,,0,0,62,1,0,reconstructed_from_retained_wire,True,,,317.4307037005743,300.9040556212284,293.0505602172201,0.5296859600787284,0.6500000000000006,524500.0000000001,531194.1827975514,0.00015062209048267332,18981.91597390417,-2.7870555641129613e-08,0.000150622,300.904,293.051,317.431,0.0,150622,1,1069,106900000,106900000,106900000,0,300904,1,1069,106900000,106900000,106900000,0,293051,1,1069,106900000,106900000,106900000,0,317431,1,1069,106900000,106900000,106900000,0,0,1,1069,106900000,106900000,106900000,0,1.0,0.529601,0.65,1.0,0.529601,0.65,1.0,0.529601,0.65,469,107200000,False,1.0,5000.0,300.0,500.0,600000000000.0,100000000000.0,,1068
1,planned_restart,thermal_loop,1075,controller_tick,107000000,107.0,2,60000000,47000000,1070,107000000,RUNNING,,0,0,62,1,0,reconstructed_from_retained_wire,True,,,317.43112336778063,300.9042164272975,293.05051493117907,0.5296778750582732,0.6500000000000006,525000.0000000001,531689.2096737049,0.0001506197914172377,18981.336505995896,-2.7989699447061867e-08,0.00015062,300.904,293.051,317.431,0.0,150620,1,1070,107000000,107000000,107000000,0,300904,1,1070,107000000,107000000,107000000,0,293051,1,1070,107000000,107000000,107000000,0,317431,1,1070,107000000,107000000,107000000,0,0,1,1070,107000000,107000000,107000000,0,1.0,0.529593,0.65,1.0,0.529593,0.65,1.0,0.529593,0.65,470,107300000,False,1.0,5000.0,300.0,500.0,600000000000.0,100000000000.0,,1069
1,planned_restart,thermal_loop,1076,controller_tick,107100000,107.1,2,60000000,47100000,1071,107100000,RUNNING,,0,0,62,1,0,reconstructed_from_retained_wire,True,,,317.4315422599852,300.90437751192945,293.05047025679903,0.5296697981285843,0.6500000000000006,525500.0000000001,532184.2343008626,0.00015061749465250138,18980.75762679901,-2.7386704459786415e-08,0.000150617,300.904,293.05,317.432,0.0,150617,1,1071,107100000,107100000,107100000,0,300904,1,1071,107100000,107100000,107100000,0,293050,1,1071,107100000,107100000,107100000,0,317432,1,1071,107100000,107100000,107100000,0,0,1,1071,107100000,107100000,107100000,0,1.0,0.529586,0.65,1.0,0.529586,0.65,1.0,0.529586,0.65,471,107400000,False,1.0,5000.0,300.0,500.0,600000000000.0,100000000000.0,,1070
1,planned_restart,thermal_loop,1077,controller_tick,107200000,107.2,2,60000000,47200000,1072,107200000,RUNNING,,0,0,62,1,0,reconstructed_from_retained_wire,True,,,317.43196038033534,300.90453886767074,293.05042619410244,0.529661823682305,0.6500000000000006,526000.0000000001,532679.256709579,0.00015061522703006176,18980.18610131969,-2.7473106456454843e-08,0.000150615,300.905,293.05,317.432,0.0,150615,1,1072,107200000,107200000,107200000,0,300905,1,1072,107200000,107200000,107200000,0,293050,1,1072,107200000,107200000,107200000,0,317432,1,1072,107200000,107200000,107200000,0,0,1,1072,107200000,107200000,107200000,0,1.0,0.529578,0.65,1.0,0.529578,0.65,1.0,0.529578,0.65,472,107500000,False,1.0,5000.0,300.0,500.0,600000000000.0,100000000000.0,,1071
1,planned_restart,thermal_loop,1078,controller_tick,107300000,107.3,2,60000000,47300000,1073,107300000,RUNNING,,0,0,62,1,0,reconstructed_from_retained_wire,True,,,317.4323777319425,300.90470048795737,293.05038274254366,0.5296538468042676,0.6500000000000006,526500.0000000001,533174.2769304574,0.0001506129587161247,18979.614410165832,-2.8374415705911815e-08,0.000150613,300.905,293.05,317.432,0.0,150613,1,1073,107300000,107300000,107300000,0,300905,1,1073,107300000,107300000,107300000,0,293050,1,1073,107300000,107300000,107300000,0,317432,1,1073,107300000,107300000,107300000,0,0,1,1073,107300000,107300000,107300000,0,1.0,0.52957,0.65,1.0,0.52957,0.65,1.0,0.52957,0.65,473,107600000,False,1.0,5000.0,300.0,500.0,600000000000.0,100000000000.0,,1072
1,planned_restart,thermal_loop,1079,controller_tick,107400000,107.4,2,60000000,47400000,1074,107400000,RUNNING,,0,0,62,1,0,reconstructed_from_retained_wire,True,,,317.4327943179008,300.90486237198996,293.05033989776024,0.5296458677258847,0.6500000000000006,527000.0000000001,533669.2949939454,0.00015061068977649495,18979.042569929898,-2.9007424018345773e-08,0.000150611,300.905,293.05,317.433,0.0,150611,1,1074,107400000,107400000,107400000,0,300905,1,1074,107400000,107400000,107400000,0,293050,1,1074,107400000,107400000,107400000,0,317433,1,1074,107400000,107400000,107400000,0,0,1,1074,107400000,107400000,107400000,0,1.0,0.529562,0.65,1.0,0.529562,0.65,1.0,0.529562,0.65,474,107700000,False,1.0,5000.0,300.0,500.0,600000000000.0,100000000000.0,,1073
1,planned_restart,thermal_loop,1080,controller_tick,107500000,107.5,2,60000000,47500000,1075,107500000,RUNNING,,0,0,62,1,0,reconstructed_from_retained_wire,True,,,317.43321014129253,300.9050245189319,293.0502976554412,0.5296378866565467,0.6500000000000006,527500.0000000001,534164.3109302736,0.00015060842027071495,18978.47059562518,-2.931119524873793e-08,0.000150608,300.905,293.05,317.433,0.0,150608,1,1075,107500000,107500000,107500000,0,300905,1,1075,107500000,107500000,107500000,0,293050,1,1075,107500000,107500000,107500000,0,317433,1,1075,107500000,107500000,107500000,0,0,1,1075,107500000,107500000,107500000,0,1.0,0.529555,0.65,1.0,0.529555,0.65,1.0,0.529555,0.65,475,107800000,False,1.0,5000.0,300.0,500.0,600000000000.0,100000000000.0,,1074
1,planned_restart,thermal_loop,1081,controller_tick,107600000,107.6,2,60000000,47600000,1076,107600000,RUNNING,,0,0,62,1,0,reconstructed_from_retained_wire,True,,,317.4336252051828,300.90518692253914,293.0502560149066,0.5296299989482999,0.6500000000000006,528000.0000000001,534659.3247695189,0.00015060617731319897,18977.905320639722,-2.8792783268727362e-08,0.000150606,300.905,293.05,317.434,0.0,150606,1,1076,107600000,107600000,107600000,0,300905,1,1076,107600000,107600000,107600000,0,293050,1,1076,107600000,107600000,107600000,0,317434,1,1076,107600000,107600000,107600000,0,0,1,1076,107600000,107600000,107600000,0,1.0,0.529547,0.65,1.0,0.529547,0.65,1.0,0.529547,0.65,476,107900000,False,1.0,5000.0,300.0,500.0,600000000000.0,100000000000.0,,1075
1,planned_restart,thermal_loop,1082,controller_tick,107700000,107.7,2,60000000,47700000,1077,107700000,RUNNING,,0,0,62,1,0,reconstructed_from_retained_wire,True,,,317.4340395126044,300.90534957733735,293.0502149749876,0.5296221005540799,0.6500000000000006,528500.0000000001,535154.3365417735,0.0001506039313170078,18977.339288276387,-2.9479451768565923e-08,0.000150604,300.905,293.05,317.434,0.0,150604,1,1077,107700000,107700000,107700000,0,300905,1,1077,107700000,107700000,107700000,0,293050,1,1077,107700000,107700000,107700000,0,317434,1,1077,107700000,107700000,107700000,0,0,1,1077,107700000,107700000,107700000,0,1.0,0.529539,0.65,1.0,0.529539,0.65,1.0,0.529539,0.65,477,108000000,False,1.0,5000.0,300.0,500.0,600000000000.0,100000000000.0,,1076
1,planned_restart,thermal_loop,1083,controller_tick,107800000,107.8,2,60000000,47800000,1078,107800000,RUNNING,,0,0,62,1,0,reconstructed_from_retained_wire,True,,,317.43445306657605,300.90551248350897,293.0501745307705,0.5296141924907917,0.6500000000000006,529000.0000000001,535649.346276945,0.00015060168257130955,18976.772571443544,-2.9251168598420918e-08,0.000150602,300.906,293.05,317.434,0.0,150602,1,1078,107800000,107800000,107800000,0,300906,1,1078,107800000,107800000,107800000,0,293050,1,1078,107800000,107800000,107800000,0,317434,1,1078,107800000,107800000,107800000,0,0,1,1078,107800000,107800000,107800000,0,1.0,0.529531,0.65,1.0,0.529531,0.65,1.0,0.529531,0.65,478,108100000,False,1.0,5000.0,300.0,500.0,600000000000.0,100000000000.0,,1077
1,planned_restart,thermal_loop,1084,controller_tick,107900000,107.9,2,60000000,47900000,1079,107900000,RUNNING,,0,0,62,1,0,reconstructed_from_retained_wire,True,,,317.4348658701079,300.9056756411013,293.05013467745766,0.5296062756785684,0.6500000000000006,529500.0000000001,536144.3540046979,0.0001505994313377544,18976.20523611038,-2.897832018788904e-08,0.000150599,300.906,293.05,317.435,0.0,150599,1,1079,107900000,107900000,107900000,0,300906,1,1079,107900000,107900000,107900000,0,293050,1,1079,107900000,107900000,107900000,0,317435,1,1079,107900000,107900000,107900000,0,0,1,1079,107900000,107900000,107900000,0,1.0,0.529525,0.65,1.0,0.529525,0.65,1.0,0.529525,0.65,479,108200000,False,1.0,5000.0,300.0,500.0,600000000000.0,100000000000.0,,1078
1,planned_restart,thermal_loop,1085,controller_tick,108000000,108.0,2,60000000,48000000,1080,108000000,RUNNING,,0,0,62,1,0,reconstructed_from_retained_wire,True,,,317.43527792619,300.9058390392913,293.0500954175236,0.5295985412751456,0.6500000000000006,530000.0000000001,536639.3597545804,0.0001505972319741692,18975.650980763516,-3.001514414791018e-08,0.000150597,300.906,293.05,317.435,0.0,150597,1,1080,108000000,108000000,108000000,0,300906,1,1080,108000000,108000000,108000000,0,293050,1,1080,108000000,108000000,108000000,0,317435,1,1080,108000000,108000000,108000000,0,0,1,1080,108000000,108000000,108000000,0,1.0,0.529517,0.65,1.0,0.529517,0.65,1.0,0.529517,0.65,480,108300000,False,1.0,5000.0,300.0,500.0,600000000000.0,100000000000.0,,1079
1,planned_restart,thermal_loop,1086,controller_tick,108100000,108.1,2,60000000,48100000,1081,108100000,RUNNING,,0,0,62,1,0,reconstructed_from_retained_wire,True,,,317.4356892377623,300.90600266874685,293.05005675247133,0.5295907815968667,0.6500000000000006,530500.0000000001,537134.3635563637,0.00015059502542339774,18975.094922328488,-3.1054696592036635e-08,0.000150595,300.906,293.05,317.436,0.0,150595,1,1081,108100000,108100000,108100000,0,300906,1,1081,108100000,108100000,108100000,0,293050,1,1081,108100000,108100000,108100000,0,317436,1,1081,108100000,108100000,108100000,0,0,1,1081,108100000,108100000,108100000,0,1.0,0.529509,0.65,1.0,0.529509,0.65,1.0,0.529509,0.65,481,108400000,False,1.0,5000.0,300.0,500.0,600000000000.0,100000000000.0,,1080
1,planned_restart,thermal_loop,1087,controller_tick,108200000,108.2,2,60000000,48200000,1082,108200000,RUNNING,,0,0,62,1,0,reconstructed_from_retained_wire,True,,,317.4360998077508,300.90616653140694,293.05001867631495,0.5295829990489523,0.6500000000000006,531000.0000000001,537629.3654396413,0.00015059281236939122,18974.537233239196,-3.121749614365399e-08,0.000150593,300.906,293.05,317.436,0.0,150593,1,1082,108200000,108200000,108200000,0,300906,1,1082,108200000,108200000,108200000,0,293050,1,1082,108200000,108200000,108200000,0,317436,1,1082,108200000,108200000,108200000,0,0,1,1082,108200000,108200000,108200000,0,1.0,0.529501,0.65,1.0,0.529501,0.65,1.0,0.529501,0.65,482,108500000,False,1.0,5000.0,300.0,500.0,600000000000.0,100000000000.0,,1081
1,planned_restart,thermal_loop,1088,controller_tick,108300000,108.3,2,60000000,48300000,1083,108300000,RUNNING,,0,0,62,1,0,reconstructed_from_retained_wire,True,,,317.4365096390779,300.90633062890157,293.0499811833008,0.529575195807736,0.6500000000000006,531500.0,538124.3654337131,0.00015059059343101432,18973.978069518173,-3.0520823202095926e-08,0.000150591,300.906,293.05,317.437,0.0,150591,1,1083,108300000,108300000,108300000,0,300906,1,1083,108300000,108300000,108300000,0,293050,1,1083,108300000,108300000,108300000,0,317437,1,1083,108300000,108300000,108300000,0,0,1,1083,108300000,108300000,108300000,0,1.0,0.529494,0.65,1.0,0.529494,0.65,1.0,0.529494,0.65,483,108600000,False,1.0,5000.0,300.0,500.0,600000000000.0,100000000000.0,,1082
1,planned_restart,thermal_loop,1089,controller_tick,108400000,108.4,2,60000000,48400000,1084,108400000,RUNNING,,0,0,62,1,0,reconstructed_from_retained_wire,True,,,317.43691873465633,300.90649495720635,293.04994427147017,0.5295674690050278,0.6500000000000006,532000.0,538619.3635676572,0.00015058839622877681,18973.424391337077,-3.0318915378302336e-08,0.000150588,300.906,293.05,317.437,0.0,150588,1,1084,108400000,108400000,108400000,0,300906,1,1084,108400000,108400000,108400000,0,293050,1,1084,108400000,108400000,108400000,0,317437,1,1084,108400000,108400000,108400000,0,0,1,1084,108400000,108400000,108400000,0,1.0,0.529488,0.65,1.0,0.529488,0.65,1.0,0.529488,0.65,484,108700000,False,1.0,5000.0,300.0,500.0,600000000000.0,100000000000.0,,1083
1,planned_restart,thermal_loop,1090,controller_tick,108500000,108.5,2,60000000,48500000,1085,108500000,RUNNING,,0,0,62,1,0,reconstructed_from_retained_wire,True,,,317.4373270973626,300.9066595020956,293.0499079456881,0.5295599065293238,0.6500000000000006,532500.0,539114.3598706275,0.00015058624575474956,18972.88249613069,-3.0371666071005166e-08,0.000150586,300.907,293.05,317.437,0.0,150586,1,1085,108500000,108500000,108500000,0,300907,1,1085,108500000,108500000,108500000,0,293050,1,1085,108500000,108500000,108500000,0,317437,1,1085,108500000,108500000,108500000,0,0,1,1085,108500000,108500000,108500000,0,1.0,0.52948,0.65,1.0,0.52948,0.65,1.0,0.52948,0.65,485,108800000,False,1.0,5000.0,300.0,500.0,600000000000.0,100000000000.0,,1084
1,planned_restart,thermal_loop,1091,controller_tick,108600000,108.6,2,60000000,48600000,1086,108600000,RUNNING,,0,0,62,1,0,reconstructed_from_retained_wire,True,,,317.43773473002426,300.9068242564032,293.04987220613503,0.529552302417678,0.6500000000000006,532999.9999999999,539609.3543719951,0.0001505840834410794,18972.337625270404,-3.0026967579033226e-08,0.000150584,300.907,293.05,317.438,0.0,150584,1,1086,108600000,108600000,108600000,0,300907,1,1086,108600000,108600000,108600000,0,293050,1,1086,108600000,108600000,108600000,0,317438,1,1086,108600000,108600000,108600000,0,0,1,1086,108600000,108600000,108600000,0,1.0,0.529472,0.65,1.0,0.529472,0.65,1.0,0.529472,0.65,486,108900000,False,1.0,5000.0,300.0,500.0,600000000000.0,100000000000.0,,1085
1,planned_restart,thermal_loop,1092,controller_tick,108700000,108.7,2,60000000,48700000,1087,108700000,RUNNING,,0,0,62,1,0,reconstructed_from_retained_wire,True,,,317.4381416354615,300.9069892240201,293.04983704564495,0.5295446606322743,0.6500000000000006,533499.9999999999,540104.3471008907,0.00015058191041445745,18971.790062787986,-3.053537511732429e-08,0.000150582,300.907,293.05,317.438,0.0,150582,1,1087,108700000,108700000,108700000,0,300907,1,1087,108700000,108700000,108700000,0,293050,1,1087,108700000,108700000,108700000,0,317438,1,1087,108700000,108700000,108700000,0,0,1,1087,108700000,108700000,108700000,0,1.0,0.529465,0.65,1.0,0.529465,0.65,1.0,0.529465,0.65,487,109000000,False,1.0,5000.0,300.0,500.0,600000000000.0,100000000000.0,,1086
1,planned_restart,thermal_loop,1093,controller_tick,108800000,108.8,2,60000000,48800000,1088,108800000,RUNNING,,0,0,62,1,0,reconstructed_from_retained_wire,True,,,317.43854781649134,300.9071544029586,293.04980246099655,0.5295370799208268,0.6500000000000006,533999.9999999999,540599.3380861563,0.0001505797547548938,18971.246884290023,-3.1343915907200426e-08,0.00015058,300.907,293.05,317.439,0.0,150580,1,1088,108800000,108800000,108800000,0,300907,1,1088,108800000,108800000,108800000,0,293050,1,1088,108800000,108800000,108800000,0,317439,1,1088,108800000,108800000,108800000,0,0,1,1088,108800000,108800000,108800000,0,1.0,0.529457,0.65,1.0,0.529457,0.65,1.0,0.529457,0.65,488,109100000,False,1.0,5000.0,300.0,500.0,600000000000.0,100000000000.0,,1087
1,planned_restart,thermal_loop,1094,controller_tick,108900000,108.9,2,60000000,48900000,1089,108900000,RUNNING,,0,0,62,1,0,reconstructed_from_retained_wire,True,,,317.4389532759116,300.90731979157624,293.04976844876217,0.5295294593087979,0.6500000000000006,534499.9999999999,541094.3273565293,0.00015057758774915633,18970.700854644834,-3.127115633105859e-08,0.000150578,300.907,293.05,317.439,0.0,150578,1,1089,108900000,108900000,108900000,0,300907,1,1089,108900000,108900000,108900000,0,293050,1,1089,108900000,108900000,108900000,0,317439,1,1089,108900000,108900000,108900000,0,0,1,1089,108900000,108900000,108900000,0,1.0,0.52945,0.65,1.0,0.52945,0.65,1.0,0.52945,0.65,489,109200000,False,1.0,5000.0,300.0,500.0,600000000000.0,100000000000.0,,1088
1,planned_restart,thermal_loop,1095,controller_tick,109000000,109.0,2,60000000,49000000,1090,109000000,RUNNING,,0,0,62,1,0,reconstructed_from_retained_wire,True,,,317.43935801651213,300.9074853881301,293.04973500560567,0.5295218977558122,0.6500000000000006,534999.9999999999,541589.3149405164,0.00015057543753751426,18970.159064446136,-3.1160197977442294e-08,0.000150575,300.907,293.05,317.439,0.0,150575,1,1090,109000000,109000000,109000000,0,300907,1,1090,109000000,109000000,109000000,0,293050,1,1090,109000000,109000000,109000000,0,317439,1,1090,109000000,109000000,109000000,0,0,1,1090,109000000,109000000,109000000,0,1.0,0.529444,0.65,1.0,0.529444,0.65,1.0,0.529444,0.65,490,109300000,False,1.0,5000.0,300.0,500.0,600000000000.0,100000000000.0,,1089
1,planned_restart,thermal_loop,1096,controller_tick,109100000,109.1,2,60000000,49100000,1091,109100000,RUNNING,,0,0,62,1,0,reconstructed_from_retained_wire,True,,,317.43976204105314,300.9076511804459,293.04970213516793,0.5295144848042405,0.6500000000000006,535499.9999999999,542084.300866635,0.00015057332958233604,18969.627929145703,-3.160585038131103e-08,0.000150573,300.908,293.05,317.44,0.0,150573,1,1091,109100000,109100000,109100000,0,300908,1,1091,109100000,109100000,109100000,0,293050,1,1091,109100000,109100000,109100000,0,317440,1,1091,109100000,109100000,109100000,0,0,1,1091,109100000,109100000,109100000,0,1.0,0.529437,0.65,1.0,0.529437,0.65,1.0,0.529437,0.65,491,109400000,False,1.0,5000.0,300.0,500.0,600000000000.0,100000000000.0,,1090
1,planned_restart,thermal_loop,1097,controller_tick,109200000,109.2,2,60000000,49200000,1092,109200000,RUNNING,,0,0,62,1,0,reconstructed_from_retained_wire,True,,,317.440165352247,300.90781715782805,293.04966984012486,0.5295071111502065,0.6500000000000006,535999.9999999999,542579.2851636222,0.0001505712328018495,18969.099616876214,-3.1225681595969945e-08,0.000150571,300.908,293.05,317.44,0.0,150571,1,1092,109200000,109200000,109200000,0,300908,1,1092,109200000,109200000,109200000,0,293050,1,1092,109200000,109200000,109200000,0,317440,1,1092,109200000,109200000,109200000,0,0,1,1092,109200000,109200000,109200000,0,1.0,0.529429,0.65,1.0,0.529429,0.65,1.0,0.529429,0.65,492,109500000,False,1.0,5000.0,300.0,500.0,600000000000.0,100000000000.0,,1091
1,planned_restart,thermal_loop,1098,controller_tick,109300000,109.3,2,60000000,49300000,1093,109300000,RUNNING,,0,0,62,1,0,reconstructed_from_retained_wire,True,,,317.44056795278345,300.9079833212544,293.04963811539295,0.5294996778914733,0.6500000000000006,536499.9999999998,543074.2678601514,0.0001505691190721042,18968.567041457605,-3.131935955025256e-08,0.000150569,300.908,293.05,317.441,0.0,150569,1,1093,109300000,109300000,109300000,0,300908,1,1093,109300000,109300000,109300000,0,293050,1,1093,109300000,109300000,109300000,0,317441,1,1093,109300000,109300000,109300000,0,0,1,1093,109300000,109300000,109300000,0,1.0,0.529422,0.65,1.0,0.529422,0.65,1.0,0.529422,0.65,493,109600000,False,1.0,5000.0,300.0,500.0,600000000000.0,100000000000.0,,1092
1,planned_restart,thermal_loop,1099,controller_tick,109400000,109.4,2,60000000,49400000,1094,109400000,RUNNING,,0,0,62,1,0,reconstructed_from_retained_wire,True,,,317.44096984535247,300.90814967134247,293.0496069561537,0.5294922858627596,0.6500000000000006,536999.9999999998,543569.2489845857,0.0001505670170665732,18968.037427486743,-3.0700903153046966e-08,0.000150567,300.908,293.05,317.441,0.0,150567,1,1094,109400000,109400000,109400000,0,300908,1,1094,109400000,109400000,109400000,0,293050,1,1094,109400000,109400000,109400000,0,317441,1,1094,109400000,109400000,109400000,0,0,1,1094,109400000,109400000,109400000,0,1.0,0.529415,0.65,1.0,0.529415,0.65,1.0,0.529415,0.65,494,109700000,False,1.0,5000.0,300.0,500.0,600000000000.0,100000000000.0,,1093
1,planned_restart,thermal_loop,1100,controller_tick,109500000,109.5,2,60000000,49500000,1095,109500000,RUNNING,,0,0,62,1,0,reconstructed_from_retained_wire,True,,,317.44137103262676,300.90831620341817,293.0495763611394,0.5294849311405107,0.6500000000000006,537499.9999999998,544064.2285651697,0.00015056492566955016,18967.510493736263,-3.059085429413244e-08,0.000150565,300.908,293.05,317.441,0.0,150565,1,1095,109500000,109500000,109500000,0,300908,1,1095,109500000,109500000,109500000,0,293050,1,1095,109500000,109500000,109500000,0,317441,1,1095,109500000,109500000,109500000,0,0,1,1095,109500000,109500000,109500000,0,1.0,0.529407,0.65,1.0,0.529407,0.65,1.0,0.529407,0.65,495,109800000,False,1.0,5000.0,300.0,500.0,600000000000.0,100000000000.0,,1094
1,planned_restart,thermal_loop,1101,controller_tick,109600000,109.6,2,60000000,49600000,1096,109600000,RUNNING,,0,0,62,1,0,reconstructed_from_retained_wire,True,,,317.44177151726313,300.9084829186485,293.04954632521145,0.5294775150119648,0.6500000000000006,537999.9999999998,544559.2066300164,0.00015056281681096405,18966.97916790378,-3.091008693445474e-08,0.000150563,300.908,293.05,317.442,0.0,150563,1,1096,109600000,109600000,109600000,0,300908,1,1096,109600000,109600000,109600000,0,293050,1,1096,109600000,109600000,109600000,0,317442,1,1096,109600000,109600000,109600000,0,0,1,1096,109600000,109600000,109600000,0,1.0,0.5294,0.65,1.0,0.5294,0.65,1.0,0.5294,0.65,496,109900000,False,1.0,5000.0,300.0,500.0,600000000000.0,100000000000.0,,1095
1,planned_restart,thermal_loop,1102,controller_tick,109700000,109.7,2,60000000,49700000,1097,109700000,RUNNING,,0,0,62,1,0,reconstructed_from_retained_wire,True,,,317.442171301919,300.9086498178172,293.0495168435113,0.5294701384832858,0.6500000000000006,538499.9999999998,545054.1832069273,0.00015056071921304022,18966.450686571814,-3.05753928842023e-08,0.000150561,300.909,293.05,317.442,0.0,150561,1,1097,109700000,109700000,109700000,0,300909,1,1097,109700000,109700000,109700000,0,293050,1,1097,109700000,109700000,109700000,0,317442,1,1097,109700000,109700000,109700000,0,0,1,1097,109700000,109700000,109700000,0,1.0,0.529393,0.65,1.0,0.529393,0.65,1.0,0.529393,0.65,497,110000000,False,1.0,5000.0,300.0,500.0,600000000000.0,100000000000.0,,1096
1,planned_restart,thermal_loop,1103,controller_tick,109800000,109.8,2,60000000,49800000,1098,109800000,RUNNING,,0,0,62,1,0,reconstructed_from_retained_wire,True,,,317.4425703892353,300.90881689639605,293.0494879147444,0.5294627977860481,0.6500000000000006,538999.9999999997,545549.1583235824,0.000150558631804185,18965.924779643705,-3.010063664987683e-08,0.000150559,300.909,293.049,317.443,0.0,150559,1,1098,109800000,109800000,109800000,0,300909,1,1098,109800000,109800000,109800000,0,293049,1,1098,109800000,109800000,109800000,0,317443,1,1098,109800000,109800000,109800000,0,0,1,1098,109800000,109800000,109800000,0,1.0,0.529386,0.65,1.0,0.529386,0.65,1.0,0.529386,0.65,498,110100000,False,1.0,5000.0,300.0,500.0,600000000000.0,100000000000.0,,1097
1,planned_restart,thermal_loop,1104,controller_tick,109900000,109.9,2,60000000,49900000,1099,109900000,RUNNING,,0,0,62,1,0,reconstructed_from_retained_wire,True,,,317.44296878183206,300.90898415030335,293.04945953734085,0.5294554895104392,0.6500000000000006,539499.9999999997,546044.1320075903,0.00015055655361478033,18965.40120272979,-3.020886651938781e-08,0.000150557,300.909,293.049,317.443,0.0,150557,1,1099,109900000,109900000,109900000,0,300909,1,1099,109900000,109900000,109900000,0,293049,1,1099,109900000,109900000,109900000,0,317443,1,1099,109900000,109900000,109900000,0,0,1,1099,109900000,109900000,109900000,0,1.0,0.529378,0.65,1.0,0.529378,0.65,1.0,0.529378,0.65,499,110200000,False,1.0,5000.0,300.0,500.0,600000000000.0,100000000000.0,,1098
1,planned_restart,thermal_loop,1105,controller_tick,110000000,110.0,2,60000000,50000000,1100,110000000,RUNNING,,0,0,62,1,0,reconstructed_from_retained_wire,True,,,317.4433664823154,300.90915158123596,293.0494317059011,0.5294481154085512,0.6500000000000006,539999.9999999997,546539.1042864143,0.00015055445670694153,18964.87291723772,-3.0560840968973935e-08,0.000150554,300.909,293.049,317.443,0.0,150554,1,1100,110000000,110000000,110000000,0,300909,1,1100,110000000,110000000,110000000,0,293049,1,1100,110000000,110000000,110000000,0,317443,1,1100,110000000,110000000,110000000,0,0,1,1100,110000000,110000000,110000000,0,1.0,0.529373,0.65,1.0,0.529373,0.65,1.0,0.529373,0.65,500,110300000,False,1.0,5000.0,300.0,500.0,600000000000.0,100000000000.0,,1099
1,planned_restart,thermal_loop,1106,controller_tick,110100000,110.1,2,60000000,50100000,1101,110100000,RUNNING,,0,0,62,1,0,reconstructed_from_retained_wire,True,,,317.44376349328263,300.90931917969726,293.04940442251126,0.5294409672323287,0.6500000000000006,540499.9999999997,547034.0751873149,0.00015055242404357698,18964.360824231568,-2.992874215124175e-08,0.000150552,300.909,293.049,317.444,0.0,150552,1,1101,110100000,110100000,110100000,0,300909,1,1101,110100000,110100000,110100000,0,293049,1,1101,110100000,110100000,110100000,0,317444,1,1101,110100000,110100000,110100000,0,0,1,1101,110100000,110100000,110100000,0,1.0,0.529366,0.65,1.0,0.529366,0.65,1.0,0.529366,0.65,501,110400000,False,1.0,5000.0,300.0,500.0,600000000000.0,100000000000.0,,1100
1,planned_restart,thermal_loop,1107,controller_tick,110200000,110.2,2,60000000,50200000,1102,110200000,RUNNING,,0,0,62,1,0,reconstructed_from_retained_wire,True,,,317.4441598172752,300.9094869324295,293.0493776917834,0.529433833156938,0.6500000000000006,540999.9999999997,547529.0447378757,0.00015055039538994068,18963.84974829786,-2.9632246878463775e-08,0.00015055,300.909,293.049,317.444,0.0,150550,1,1102,110200000,110200000,110200000,0,300909,1,1102,110200000,110200000,110200000,0,293049,1,1102,110200000,110200000,110200000,0,317444,1,1102,110200000,110200000,110200000,0,0,1,1102,110200000,110200000,110200000,0,1.0,0.529359,0.65,1.0,0.529359,0.65,1.0,0.529359,0.65,502,110500000,False,1.0,5000.0,300.0,500.0,600000000000.0,100000000000.0,,1101
1,planned_restart,thermal_loop,1108,controller_tick,110300000,110.3,2,60000000,50300000,1103,110300000,RUNNING,,0,0,62,1,0,reconstructed_from_retained_wire,True,,,317.44455545681086,300.90965483795327,293.0493515104987,0.5294267118405079,0.6500000000000006,541499.9999999997,548024.0129656498,0.00015054837036445668,18963.339593267774,-3.002514858962968e-08,0.000150548,300.91,293.049,317.445,0.0,150548,1,1103,110300000,110300000,110300000,0,300910,1,1103,110300000,110300000,110300000,0,293049,1,1103,110300000,110300000,110300000,0,317445,1,1103,110300000,110300000,110300000,0,0,1,1103,110300000,110300000,110300000,0,1.0,0.529352,0.65,1.0,0.529352,0.65,1.0,0.529352,0.65,503,110600000,False,1.0,5000.0,300.0,500.0,600000000000.0,100000000000.0,,1102
1,planned_restart,thermal_loop,1109,controller_tick,110400000,110.4,2,60000000,50400000,1104,110400000,RUNNING,,0,0,62,1,0,reconstructed_from_retained_wire,True,,,317.4449504143955,300.9098228949322,293.04932587536575,0.5294196020688625,0.6500000000000006,541999.9999999997,548518.9798980273,0.00015054634862186048,18962.83027212537,-2.9426701075863093e-08,0.000150546,300.91,293.049,317.445,0.0,150546,1,1104,110400000,110400000,110400000,0,300910,1,1104,110400000,110400000,110400000,0,293049,1,1104,110400000,110400000,110400000,0,317445,1,1104,110400000,110400000,110400000,0,0,1,1104,110400000,110400000,110400000,0,1.0,0.529345,0.65,1.0,0.529345,0.65,1.0,0.529345,0.65,504,110700000,False,1.0,5000.0,300.0,500.0,600000000000.0,100000000000.0,,1103
1,planned_restart,thermal_loop,1110,controller_tick,110500000,110.5,2,60000000,50500000,1105,110500000,RUNNING,,0,0,62,1,0,reconstructed_from_retained_wire,True,,,317.4453446925238,300.9099911021565,293.0493007830306,0.5294125027433703,0.6500000000000006,542499.9999999997,549013.9455622322,0.00015054432984974408,18962.321706136485,-2.909655449911952e-08,0.000150544,300.91,293.049,317.445,0.0,150544,1,1105,110500000,110500000,110500000,0,300910,1,1105,110500000,110500000,110500000,0,293049,1,1105,110500000,110500000,110500000,0,317445,1,1105,110500000,110500000,110500000,0,0,1,1105,110500000,110500000,110500000,0,1.0,0.529339,0.65,1.0,0.529339,0.65,1.0,0.529339,0.65,505,110800000,False,1.0,5000.0,300.0,500.0,600000000000.0,100000000000.0,,1104
1,planned_restart,thermal_loop,1111,controller_tick,110600000,110.6,2,60000000,50600000,1106,110600000,RUNNING,,0,0,62,1,0,reconstructed_from_retained_wire,True,,,317.445738293674,300.9101594531521,293.0492762336707,0.5294055080325302,0.6500000000000006,542999.9999999997,549508.9099853797,0.00015054234082596685,18961.820640973514,-2.9268448997754604e-08,0.000150542,300.91,293.049,317.446,0.0,150542,1,1106,110600000,110600000,110600000,0,300910,1,1106,110600000,110600000,110600000,0,293049,1,1106,110600000,110600000,110600000,0,317446,1,1106,110600000,110600000,110600000,0,0,1,1106,110600000,110600000,110600000,0,1.0,0.529332,0.65,1.0,0.529332,0.65,1.0,0.529332,0.65,506,110900000,False,1.0,5000.0,300.0,500.0,600000000000.0,100000000000.0,,1105
1,planned_restart,thermal_loop,1112,controller_tick,110700000,110.7,2,60000000,50700000,1107,110700000,RUNNING,,0,0,62,1,0,reconstructed_from_retained_wire,True,,,317.44613122029347,300.9103279423469,293.0492522268825,0.52939851281836,0.6500000000000006,543499.9999999997,550003.8731946412,0.00015054035165906215,18961.319546375493,-2.8771864890586585e-08,0.00015054,300.91,293.049,317.446,0.0,150540,1,1107,110700000,110700000,110700000,0,300910,1,1107,110700000,110700000,110700000,0,293049,1,1107,110700000,110700000,110700000,0,317446,1,1107,110700000,110700000,110700000,0,0,1,1107,110700000,110700000,110700000,0,1.0,0.529325,0.65,1.0,0.529325,0.65,1.0,0.529325,0.65,507,111000000,False,1.0,5000.0,300.0,500.0,600000000000.0,100000000000.0,,1106
1,planned_restart,thermal_loop,1113,controller_tick,110800000,110.8,2,60000000,50800000,1108,110800000,RUNNING,,0,0,62,1,0,reconstructed_from_retained_wire,True,,,317.44652347481696,300.91049656994704,293.049228758432,0.5293915171487579,0.6500000000000006,543999.9999999997,550498.8352170393,0.00015053836236265028,18960.81842577492,-2.823253453243524e-08,0.000150538,300.91,293.049,317.447,0.0,150538,1,1108,110800000,110800000,110800000,0,300910,1,1108,110800000,110800000,110800000,0,293049,1,1108,110800000,110800000,110800000,0,317447,1,1108,110800000,110800000,110800000,0,0,1,1108,110800000,110800000,110800000,0,1.0,0.529318,0.65,1.0,0.529318,0.65,1.0,0.529318,0.65,508,111100000,False,1.0,5000.0,300.0,500.0,600000000000.0,100000000000.0,,1107
1,planned_restart,thermal_loop,1114,controller_tick,110900000,110.9,2,60000000,50900000,1109,110900000,RUNNING,,0,0,62,1,0,reconstructed_from_retained_wire,True,,,317.4469150596726,300.9106653361286,293.0492058241273,0.5293845210670639,0.6500000000000006,544499.9999999997,550993.7960793859,0.0001505363729490555,18960.31728227761,-2.8070644475519657e-08,0.000150536,300.911,293.049,317.447,0.0,150536,1,1109,110900000,110900000,110900000,0,300911,1,1109,110900000,110900000,110900000,0,293049,1,1109,110900000,110900000,110900000,0,317447,1,1109,110900000,110900000,110900000,0,0,1,1109,110900000,110900000,110900000,0,1.0,0.529311,0.65,1.0,0.529311,0.65,1.0,0.529311,0.65,509,111200000,False,1.0,5000.0,300.0,500.0,600000000000.0,100000000000.0,,1108
1,planned_restart,thermal_loop,1115,controller_tick,111000000,111.0,2,60000000,51000000,1110,111000000,RUNNING,,0,0,62,1,0,reconstructed_from_retained_wire,True,,,317.4473059772818,300.9108342410383,293.04918341981823,0.5293775246124939,0.6500000000000006,544999.9999999995,551488.7558082843,0.00015053438342942929,18959.81611869378,-2.8151589503977448e-08,0.000150534,300.911,293.049,317.447,0.0,150534,1,1110,111000000,111000000,111000000,0,300911,1,1110,111000000,111000000,111000000,0,293049,1,1110,111000000,111000000,111000000,0,317447,1,1110,111000000,111000000,111000000,0,0,1,1110,111000000,111000000,111000000,0,1.0,0.529305,0.65,1.0,0.529305,0.65,1.0,0.529305,0.65,510,111300000,False,1.0,5000.0,300.0,500.0,600000000000.0,100000000000.0,,1109
1,planned_restart,thermal_loop,1116,controller_tick,111100000,111.1,2,60000000,51100000,1111,111100000,RUNNING,,0,0,62,1,0,reconstructed_from_retained_wire,True,,,317.44769623005357,300.9110032794168,293.0491615449802,0.5293706229831134,0.6500000000000006,545499.9999999995,551983.7144301919,0.00015053242087439977,18959.32175402999,-2.752221917035058e-08,0.000150532,300.911,293.049,317.448,0.0,150532,1,1111,111100000,111100000,111100000,0,300911,1,1111,111100000,111100000,111100000,0,293049,1,1111,111100000,111100000,111100000,0,317448,1,1111,111100000,111100000,111100000,0,0,1,1111,111100000,111100000,111100000,0,1.0,0.529298,0.65,1.0,0.529298,0.65,1.0,0.529298,0.65,511,111400000,False,1.0,5000.0,300.0,500.0,600000000000.0,100000000000.0,,1110
1,planned_restart,thermal_loop,1117,controller_tick,111200000,111.2,2,60000000,51200000,1112,111200000,RUNNING,,0,0,62,1,0,reconstructed_from_retained_wire,True,,,317.44808582036956,300.911172446779,293.0491401985922,0.529363711992531,0.6500000000000006,545999.9999999995,552478.671971589,0.0001505304556574084,18958.826725280327,-2.777051122393459e-08,0.00015053,300.911,293.049,317.448,0.0,150530,1,1112,111200000,111200000,111200000,0,300911,1,1112,111200000,111200000,111200000,0,293049,1,1112,111200000,111200000,111200000,0,317448,1,1112,111200000,111200000,111200000,0,0,1,1112,111200000,111200000,111200000,0,1.0,0.529292,0.65,1.0,0.529292,0.65,1.0,0.529292,0.65,512,111500000,False,1.0,5000.0,300.0,500.0,600000000000.0,100000000000.0,,1111
1,planned_restart,thermal_loop,1118,controller_tick,111300000,111.3,2,60000000,51300000,1113,111300000,RUNNING,,0,0,62,1,0,reconstructed_from_retained_wire,True,,,317.448474750597,300.911341738926,293.0491193794636,0.5293568876941644,0.6500000000000006,546499.9999999995,552973.6284588384,0.00015052851509231226,18958.337912566632,-2.808701538015157e-08,0.000150529,300.911,293.049,317.448,0.0,150529,1,1113,111300000,111300000,111300000,0,300911,1,1113,111300000,111300000,111300000,0,293049,1,1113,111300000,111300000,111300000,0,317448,1,1113,111300000,111300000,111300000,0,0,1,1113,111300000,111300000,111300000,0,1.0,0.529283,0.65,1.0,0.529283,0.65,1.0,0.529283,0.65,513,111600000,False,1.0,5000.0,300.0,500.0,600000000000.0,100000000000.0,,1112
1,planned_restart,thermal_loop,1119,controller_tick,111400000,111.4,2,60000000,51400000,1114,111400000,RUNNING,,0,0,62,1,0,reconstructed_from_retained_wire,True,,,317.44886302308953,300.9115111630831,293.0490990788085,0.529349856350413,0.6500000000000006,546999.9999999995,553468.5839181745,0.0001505265156515595,18957.83427614061,-2.787237463053316e-08,0.000150527,300.912,293.049,317.449,0.0,150527,1,1114,111400000,111400000,111400000,0,300912,1,1114,111400000,111400000,111400000,0,293049,1,1114,111400000,111400000,111400000,0,317449,1,1114,111400000,111400000,111400000,0,0,1,1114,111400000,111400000,111400000,0,1.0,0.529276,0.65,1.0,0.529276,0.65,1.0,0.529276,0.65,514,111700000,False,1.0,5000.0,300.0,500.0,600000000000.0,100000000000.0,,1113
1,planned_restart,thermal_loop,1120,controller_tick,111500000,111.5,2,60000000,51500000,1115,111500000,RUNNING,,0,0,62,1,0,reconstructed_from_retained_wire,True,,,317.4492506402356,300.91168073044014,293.0490792852232,0.5293428279894138,0.6500000000000006,547499.9999999994,553963.5383751696,0.00015052451705898552,18957.33086004668,-2.725482772802934e-08,0.000150525,300.912,293.049,317.449,0.0,150525,1,1115,111500000,111500000,111500000,0,300912,1,1115,111500000,111500000,111500000,0,293049,1,1115,111500000,111500000,111500000,0,317449,1,1115,111500000,111500000,111500000,0,0,1,1115,111500000,111500000,111500000,0,1.0,0.52927,0.65,1.0,0.52927,0.65,1.0,0.52927,0.65,515,111800000,False,1.0,5000.0,300.0,500.0,600000000000.0,100000000000.0,,1114
1,planned_restart,thermal_loop,1121,controller_tick,111600000,111.6,2,60000000,51600000,1116,111600000,RUNNING,,0,0,62,1,0,reconstructed_from_retained_wire,True,,,317.4496376044212,300.91185043520477,293.04905999864707,0.5293358974899024,0.6500000000000006,547999.9999999994,554458.4918551467,0.00015052254629441334,18956.834459962523,-2.655269781826064e-08,0.000150523,300.912,293.049,317.45,0.0,150523,1,1116,111600000,111600000,111600000,0,300912,1,1116,111600000,111600000,111600000,0,293049,1,1116,111600000,111600000,111600000,0,317450,1,1116,111600000,111600000,111600000,0,0,1,1116,111600000,111600000,111600000,0,1.0,0.529263,0.65,1.0,0.529263,0.65,1.0,0.529263,0.65,516,111900000,False,1.0,5000.0,300.0,500.0,600000000000.0,100000000000.0,,1115
1,planned_restart,thermal_loop,1122,controller_tick,111700000,111.7,2,60000000,51700000,1117,111700000,RUNNING,,0,0,62,1,0,reconstructed_from_retained_wire,True,,,317.45002391800347,300.9120202724022,293.049041218494,0.5293289603765451,0.6500000000000006,548499.9999999994,554953.4443834738,0.0001505205736491206,18956.337592667267,-2.5980625650845468e-08,0.000150521,300.912,293.049,317.45,0.0,150521,1,1117,111700000,111700000,111700000,0,300912,1,1117,111700000,111700000,111700000,0,293049,1,1117,111700000,111700000,111700000,0,317450,1,1117,111700000,111700000,111700000,0,0,1,1117,111700000,111700000,111700000,0,1.0,0.529257,0.65,1.0,0.529257,0.65,1.0,0.529257,0.65,517,112000000,False,1.0,5000.0,300.0,500.0,600000000000.0,100000000000.0,,1116
1,planned_restart,thermal_loop,1123,controller_tick,111800000,111.8,2,60000000,51800000,1118,111800000,RUNNING,,0,0,62,1,0,reconstructed_from_retained_wire,True,,,317.45040958332373,300.91219023738256,293.0490229439814,0.5293221124413144,0.6500000000000006,548999.9999999993,555448.395985423,0.0001505186263626194,18955.847119097627,-2.5625013222452253e-08,0.000150519,300.912,293.049,317.45,0.0,150519,1,1118,111800000,111800000,111800000,0,300912,1,1118,111800000,111800000,111800000,0,293049,1,1118,111800000,111800000,111800000,0,317450,1,1118,111800000,111800000,111800000,0,0,1,1118,111800000,111800000,111800000,0,1.0,0.529251,0.65,1.0,0.529251,0.65,1.0,0.529251,0.65,518,112100000,False,1.0,5000.0,300.0,500.0,600000000000.0,100000000000.0,,1117
1,planned_restart,thermal_loop,1124,controller_tick,111900000,111.9,2,60000000,51900000,1119,111900000,RUNNING,,0,0,62,1,0,reconstructed_from_retained_wire,True,,,317.4507946026923,300.91236032082014,293.0490051774631,0.5293153451977897,0.6500000000000006,549499.9999999993,555943.3466863381,0.00015051670202170168,18955.362431189627,-2.642809704411775e-08,0.000150517,300.912,293.049,317.451,0.0,150517,1,1119,111900000,111900000,111900000,0,300912,1,1119,111900000,111900000,111900000,0,293049,1,1119,111900000,111900000,111900000,0,317451,1,1119,111900000,111900000,111900000,0,0,1,1119,111900000,111900000,111900000,0,1.0,0.529244,0.65,1.0,0.529244,0.65,1.0,0.529244,0.65,519,112200000,False,1.0,5000.0,300.0,500.0,600000000000.0,100000000000.0,,1118
1,planned_restart,thermal_loop,1125,controller_tick,112000000,112.0,2,60000000,52000000,1120,112000000,RUNNING,,0,0,62,1,0,reconstructed_from_retained_wire,True,,,317.45117897839185,300.91253051979174,293.0489879170434,0.5293085558045577,0.6500000000000006,549999.9999999993,556438.2965116033,0.00015051477138226856,18954.876163088033,-2.6000634534284472e-08,0.000150515,300.913,293.049,317.451,0.0,150515,1,1120,112000000,112000000,112000000,0,300913,1,1120,112000000,112000000,112000000,0,293049,1,1120,112000000,112000000,112000000,0,317451,1,1120,112000000,112000000,112000000,0,0,1,1120,112000000,112000000,112000000,0,1.0,0.529238,0.65,1.0,0.529238,0.65,1.0,0.529238,0.65,520,112300000,False,1.0,5000.0,300.0,500.0,600000000000.0,100000000000.0,,1119
1,planned_restart,thermal_loop,1126,controller_tick,112100000,112.1,2,60000000,52100000,1121,112100000,RUNNING,,0,0,62,1,0,reconstructed_from_retained_wire,True,,,317.4515627126949,300.9127008314943,293.04897116076705,0.5293018415320239,0.6500000000000006,550499.9999999993,556933.2454864443,0.00015051286210424097,18954.395281395067,-2.643446350703016e-08,0.000150513,300.913,293.049,317.452,0.0,150513,1,1121,112100000,112100000,112100000,0,300913,1,1121,112100000,112100000,112100000,0,293049,1,1121,112100000,112100000,112100000,0,317452,1,1121,112100000,112100000,112100000,0,0,1,1121,112100000,112100000,112100000,0,1.0,0.529232,0.65,1.0,0.529232,0.65,1.0,0.529232,0.65,521,112400000,False,1.0,5000.0,300.0,500.0,600000000000.0,100000000000.0,,1120
1,planned_restart,thermal_loop,1127,controller_tick,112200000,112.2,2,60000000,52200000,1122,112200000,RUNNING,,0,0,62,1,0,reconstructed_from_retained_wire,True,,,317.45194580784886,300.912871248263,293.04895490993886,0.5292951952315086,0.6500000000000006,550999.9999999993,557428.1936361036,0.00015051097215481235,18953.919273921398,-2.688830136321485e-08,0.000150511,300.913,293.049,317.452,0.0,150511,1,1122,112200000,112200000,112200000,0,300913,1,1122,112200000,112200000,112200000,0,293049,1,1122,112200000,112200000,112200000,0,317452,1,1122,112200000,112200000,112200000,0,0,1,1122,112200000,112200000,112200000,0,1.0,0.529226,0.65,1.0,0.529226,0.65,1.0,0.529226,0.65,522,112500000,False,1.0,5000.0,300.0,500.0,600000000000.0,100000000000.0,,1121
1,planned_restart,thermal_loop,1128,controller_tick,112300000,112.3,2,60000000,52300000,1123,112300000,RUNNING,,0,0,62,1,0,reconstructed_from_retained_wire,True,,,317.45232826607264,300.91304176328924,293.0489391653115,0.5292886104346192,0.6500000000000006,551499.9999999993,557923.1409858743,0.0001505090996946234,18953.44767722657,-2.6290763344150037e-08,0.000150509,300.913,293.049,317.452,0.0,150509,1,1123,112300000,112300000,112300000,0,300913,1,1123,112300000,112300000,112300000,0,293049,1,1123,112300000,112300000,112300000,0,317452,1,1123,112300000,112300000,112300000,0,0,1,1123,112300000,112300000,112300000,0,1.0,0.529219,0.65,1.0,0.529219,0.65,1.0,0.529219,0.65,523,112600000,False,1.0,5000.0,300.0,500.0,600000000000.0,100000000000.0,,1122
1,planned_restart,thermal_loop,1129,controller_tick,112400000,112.4,2,60000000,52400000,1124,112400000,RUNNING,,0,0,62,1,0,reconstructed_from_retained_wire,True,,,317.4527100895646,300.9132123759146,293.0489239235564,0.5292819861259297,0.6500000000000006,551999.9999999993,558418.0875610148,0.00015050721599881492,18952.973256655314,-2.6669113140087575e-08,0.000150507,300.913,293.049,317.453,0.0,150507,1,1124,112400000,112400000,112400000,0,300913,1,1124,112400000,112400000,112400000,0,293049,1,1124,112400000,112400000,112400000,0,317453,1,1124,112400000,112400000,112400000,0,0,1,1124,112400000,112400000,112400000,0,1.0,0.529213,0.65,1.0,0.529213,0.65,1.0,0.529213,0.65,524,112700000,False,1.0,5000.0,300.0,500.0,600000000000.0,100000000000.0,,1123
1,planned_restart,thermal_loop,1130,controller_tick,112500000,112.5,2,60000000,52500000,1125,112500000,RUNNING,,0,0,62,1,0,reconstructed_from_retained_wire,True,,,317.45309128052014,300.91338308537235,293.04890918143803,0.529275421228067,0.6500000000000006,552499.9999999993,558913.0333865568,0.00015050534919713545,18952.50309683411,-2.7134774427395314e-08,0.000150505,300.913,293.049,317.453,0.0,150505,1,1125,112500000,112500000,112500000,0,300913,1,1125,112500000,112500000,112500000,0,293049,1,1125,112500000,112500000,112500000,0,317453,1,1125,112500000,112500000,112500000,0,0,1,1125,112500000,112500000,112500000,0,1.0,0.529207,0.65,1.0,0.529207,0.65,1.0,0.529207,0.65,525,112800000,False,1.0,5000.0,300.0,500.0,600000000000.0,100000000000.0,,1124
1,planned_restart,thermal_loop,1131,controller_tick,112600000,112.6,2,60000000,52600000,1126,112600000,RUNNING,,0,0,62,1,0,reconstructed_from_retained_wire,True,,,317.45347184111506,300.9135538858271,293.04889493911884,0.5292689100873434,0.6500000000000006,552999.9999999993,559407.9784874881,0.00015050349768189598,18952.036792710656,-2.734213921939954e-08,0.000150503,300.914,293.049,317.453,0.0,150503,1,1126,112600000,112600000,112600000,0,300914,1,1126,112600000,112600000,112600000,0,293049,1,1126,112600000,112600000,112600000,0,317453,1,1126,112600000,112600000,112600000,0,0,1,1126,112600000,112600000,112600000,0,1.0,0.529201,0.65,1.0,0.529201,0.65,1.0,0.529201,0.65,526,112900000,False,1.0,5000.0,300.0,500.0,600000000000.0,100000000000.0,,1125
1,planned_restart,thermal_loop,1132,controller_tick,112700000,112.7,2,60000000,52700000,1127,112700000,RUNNING,,0,0,62,1,0,reconstructed_from_retained_wire,True,,,317.45385177350244,300.913724772113,293.0488811963334,0.5292624475880909,0.6500000000000006,553499.9999999993,559902.9228887937,0.00015050165999839948,18951.573977784137,-2.708384272409603e-08,0.000150502,300.914,293.049,317.454,0.0,150502,1,1127,112700000,112700000,112700000,0,300914,1,1127,112700000,112700000,112700000,0,293049,1,1127,112700000,112700000,112700000,0,317454,1,1127,112700000,112700000,112700000,0,0,1,1127,112700000,112700000,112700000,0,1.0,0.529193,0.65,1.0,0.529193,0.65,1.0,0.529193,0.65,527,113000000,False,1.0,5000.0,300.0,500.0,600000000000.0,100000000000.0,,1126
1,planned_restart,thermal_loop,1133,controller_tick,112800000,112.8,2,60000000,52800000,1128,112800000,RUNNING,,0,0,62,1,0,reconstructed_from_retained_wire,True,,,317.454231079825,300.91389575042666,293.0488679452609,0.5292558387762974,0.6500000000000006,553999.9999999993,560397.866615315,0.00015049978070930564,18951.100690460582,-2.7817804948426783e-08,0.0001505,300.914,293.049,317.454,0.0,150500,1,1128,112800000,112800000,112800000,0,300914,1,1128,112800000,112800000,112800000,0,293049,1,1128,112800000,112800000,112800000,0,317454,1,1128,112800000,112800000,112800000,0,0,1,1128,112800000,112800000,112800000,0,1.0,0.529187,0.65,1.0,0.529187,0.65,1.0,0.529187,0.65,528,113100000,False,1.0,5000.0,300.0,500.0,600000000000.0,100000000000.0,,1127
1,planned_restart,thermal_loop,1134,controller_tick,112900000,112.9,2,60000000,52900000,1129,112900000,RUNNING,,0,0,62,1,0,reconstructed_from_retained_wire,True,,,317.4546097622472,300.91406682590207,293.0488551788113,0.5292492879006062,0.6500000000000006,554499.9999999993,560892.8096913963,0.00015049791789498645,18950.63155803944,-2.776050678221509e-08,0.000150498,300.914,293.049,317.455,0.0,150498,1,1129,112900000,112900000,112900000,0,300914,1,1129,112900000,112900000,112900000,0,293049,1,1129,112900000,112900000,112900000,0,317455,1,1129,112900000,112900000,112900000,0,0,1,1129,112900000,112900000,112900000,0,1.0,0.529181,0.65,1.0,0.529181,0.65,1.0,0.529181,0.65,529,113200000,False,1.0,5000.0,300.0,500.0,600000000000.0,100000000000.0,,1128
1,planned_restart,thermal_loop,1135,controller_tick,113000000,113.0,2,60000000,53000000,1130,113000000,RUNNING,,0,0,62,1,0,reconstructed_from_retained_wire,True,,,317.45498782292015,300.9142379927736,293.04884289718007,0.5292427894476681,0.6500000000000006,554999.9999999993,561387.7521412758,0.00015049606998765984,18950.166185542632,-2.8336216928437352e-08,0.000150496,300.914,293.049,317.455,0.0,150496,1,1130,113000000,113000000,113000000,0,300914,1,1130,113000000,113000000,113000000,0,293049,1,1130,113000000,113000000,113000000,0,317455,1,1130,113000000,113000000,113000000,0,0,1,1130,113000000,113000000,113000000,0,1.0,0.529175,0.65,1.0,0.529175,0.65,1.0,0.529175,0.65,530,113300000,False,1.0,5000.0,300.0,500.0,600000000000.0,100000000000.0,,1129
1,planned_restart,thermal_loop,1136,controller_tick,113100000,113.1,2,60000000,53100000,1131,113100000,RUNNING,,0,0,62,1,0,reconstructed_from_retained_wire,True,,,317.4553652639722,300.91440924593,293.0488311001447,0.5292363384287986,0.6500000000000006,555499.9999999993,561882.6939891904,0.00015049423556873784,18949.70421558468,-2.9008333513047546e-08,0.000150494,300.914,293.049,317.455,0.0,150494,1,1131,113100000,113100000,113100000,0,300914,1,1131,113100000,113100000,113100000,0,293049,1,1131,113100000,113100000,113100000,0,317455,1,1131,113100000,113100000,113100000,0,0,1,1131,113100000,113100000,113100000,0,1.0,0.529169,0.65,1.0,0.529169,0.65,1.0,0.529169,0.65,531,113400000,False,1.0,5000.0,300.0,500.0,600000000000.0,100000000000.0,,1130
1,planned_restart,thermal_loop,1137,controller_tick,113200000,113.2,2,60000000,53200000,1132,113200000,RUNNING,,0,0,62,1,0,reconstructed_from_retained_wire,True,,,317.45574208751117,300.91458058084817,293.0488197871087,0.5292299303300492,0.6500000000000006,555999.9999999993,562377.6352593563,0.0001504924133546291,18949.245324794654,-2.929573383880779e-08,0.000150492,300.915,293.049,317.456,0.0,150492,1,1132,113200000,113200000,113200000,0,300915,1,1132,113200000,113200000,113200000,0,293049,1,1132,113200000,113200000,113200000,0,317456,1,1132,113200000,113200000,113200000,0,0,1,1132,113200000,113200000,113200000,0,1.0,0.529163,0.65,1.0,0.529163,0.65,1.0,0.529163,0.65,532,113500000,False,1.0,5000.0,300.0,500.0,600000000000.0,100000000000.0,,1131
1,planned_restart,thermal_loop,1138,controller_tick,113300000,113.3,2,60000000,53300000,1133,113300000,RUNNING,,0,0,62,1,0,reconstructed_from_retained_wire,True,,,317.4561182956255,300.91475199353414,293.0488089571411,0.5292235610670305,0.6500000000000006,556499.9999999993,562872.5759759517,0.00015049060218389208,18948.789220578714,-2.9507646104320884e-08,0.000150491,300.915,293.049,317.456,0.0,150491,1,1133,113300000,113300000,113300000,0,300915,1,1133,113300000,113300000,113300000,0,293049,1,1133,113300000,113300000,113300000,0,317456,1,1133,113300000,113300000,113300000,0,0,1,1133,113300000,113300000,113300000,0,1.0,0.529156,0.65,1.0,0.529156,0.65,1.0,0.529156,0.65,533,113600000,False,1.0,5000.0,300.0,500.0,600000000000.0,100000000000.0,,1132
1,planned_restart,thermal_loop,1139,controller_tick,113400000,113.4,2,60000000,53400000,1134,113400000,RUNNING,,0,0,62,1,0,reconstructed_from_retained_wire,True,,,317.45649389039176,300.9149234858501,293.04879860542565,0.529217131781452,0.6500000000000006,556999.9999999993,563367.5161630401,0.00015048877394507304,18948.32882370216,-2.883280103560537e-08,0.000150489,300.915,293.049,317.456,0.0,150489,1,1134,113400000,113400000,113400000,0,300915,1,1134,113400000,113400000,113400000,0,293049,1,1134,113400000,113400000,113400000,0,317456,1,1134,113400000,113400000,113400000,0,0,1,1134,113400000,113400000,113400000,0,1.0,0.52915,0.65,1.0,0.52915,0.65,1.0,0.52915,0.65,534,113700000,False,1.0,5000.0,300.0,500.0,600000000000.0,100000000000.0,,1133
1,planned_restart,thermal_loop,1140,controller_tick,113500000,113.5,2,60000000,53500000,1135,113500000,RUNNING,,0,0,62,1,0,reconstructed_from_retained_wire,True,,,317.45686887389076,300.91509505928303,293.0487887274163,0.5292107433477977,0.6500000000000006,557499.9999999993,563862.4558443888,0.00015048695732295265,18947.871357744792,-2.805882104439661e-08,0.000150487,300.915,293.049,317.457,0.0,150487,1,1135,113500000,113500000,113500000,0,300915,1,1135,113500000,113500000,113500000,0,293049,1,1135,113500000,113500000,113500000,0,317457,1,1135,113500000,113500000,113500000,0,0,1,1135,113500000,113500000,113500000,0,1.0,0.529144,0.65,1.0,0.529144,0.65,1.0,0.529144,0.65,535,113800000,False,1.0,5000.0,300.0,500.0,600000000000.0,100000000000.0,,1134
1,planned_restart,thermal_loop,1141,controller_tick,113600000,113.6,2,60000000,53600000,1136,113600000,RUNNING,,0,0,62,1,0,reconstructed_from_retained_wire,True,,,317.45724324819065,300.9152667100091,293.048779322126,0.5292043918784928,0.6500000000000006,557999.9999999993,564357.3950436597,0.00015048515121205593,18947.416544222397,-2.86336216959171e-08,0.000150485,300.915,293.049,317.457,0.0,150485,1,1136,113600000,113600000,113600000,0,300915,1,1136,113600000,113600000,113600000,0,293049,1,1136,113600000,113600000,113600000,0,317457,1,1136,113600000,113600000,113600000,0,0,1,1136,113600000,113600000,113600000,0,1.0,0.529138,0.65,1.0,0.529138,0.65,1.0,0.529138,0.65,536,113900000,False,1.0,5000.0,300.0,500.0,600000000000.0,100000000000.0,,1135
1,planned_restart,thermal_loop,1142,controller_tick,113700000,113.7,2,60000000,53700000,1137,113700000,RUNNING,,0,0,62,1,0,reconstructed_from_retained_wire,True,,,317.45761701534275,300.9154384346569,293.0487703882843,0.5291980738559144,0.6500000000000006,558499.9999999993,564852.3337844582,0.00015048335461210767,18946.964131155648,-2.8501744964160025e-08,0.000150483,300.915,293.049,317.458,0.0,150483,1,1137,113700000,113700000,113700000,0,300915,1,1137,113700000,113700000,113700000,0,293049,1,1137,113700000,113700000,113700000,0,317458,1,1137,113700000,113700000,113700000,0,0,1,1137,113700000,113700000,113700000,0,1.0,0.529133,0.65,1.0,0.529133,0.65,1.0,0.529133,0.65,537,114000000,False,1.0,5000.0,300.0,500.0,600000000000.0,100000000000.0,,1136
1,planned_restart,thermal_loop,1143,controller_tick,113800000,113.8,2,60000000,53800000,1138,113800000,RUNNING,,0,0,62,1,0,reconstructed_from_retained_wire,True,,,317.45799017737727,300.91561022487923,293.04876192795535,0.5291918812597678,0.6500000000000006,558999.9999999993,565347.27209038,0.00015048159367855946,18946.52070470959,-2.7918758860323578e-08,0.000150482,300.916,293.049,317.458,0.0,150482,1,1138,113800000,113800000,113800000,0,300916,1,1138,113800000,113800000,113800000,0,293049,1,1138,113800000,113800000,113800000,0,317458,1,1138,113800000,113800000,113800000,0,0,1,1138,113800000,113800000,113800000,0,1.0,0.529125,0.65,1.0,0.529125,0.65,1.0,0.529125,0.65,538,114100000,False,1.0,5000.0,300.0,500.0,600000000000.0,100000000000.0,,1137
1,planned_restart,thermal_loop,1144,controller_tick,113900000,113.9,2,60000000,53900000,1139,113900000,RUNNING,,0,0,62,1,0,reconstructed_from_retained_wire,True,,,317.4583627363003,300.9157820842588,293.04875393526726,0.5291855166664038,0.6500000000000006,559499.9999999993,565842.209985046,0.00015047978383569063,18946.064967654398,-2.736305759754032e-08,0.00015048,300.916,293.049,317.458,0.0,150480,1,1139,113900000,113900000,113900000,0,300916,1,1139,113900000,113900000,113900000,0,293049,1,1139,113900000,113900000,113900000,0,317458,1,1139,113900000,113900000,113900000,0,0,1,1139,113900000,113900000,113900000,0,1.0,0.529119,0.65,1.0,0.529119,0.65,1.0,0.529119,0.65,539,114200000,False,1.0,5000.0,300.0,500.0,600000000000.0,100000000000.0,,1138
1,planned_restart,thermal_loop,1145,controller_tick,114000000,114.0,2,60000000,54000000,1140,114000000,RUNNING,,0,0,62,1,0,reconstructed_from_retained_wire,True,,,317.45873469414335,300.9159540207945,293.0487464014254,0.5291791867686856,0.6500000000000006,559999.9999999992,566337.1474915536,0.00015047798385891436,18945.611720419267,-2.758406481007114e-08,0.000150478,300.916,293.049,317.459,0.0,150478,1,1140,114000000,114000000,114000000,0,300916,1,1140,114000000,114000000,114000000,0,293049,1,1140,114000000,114000000,114000000,0,317459,1,1140,114000000,114000000,114000000,0,0,1,1140,114000000,114000000,114000000,0,1.0,0.529114,0.65,1.0,0.529114,0.65,1.0,0.529114,0.65,540,114300000,False,1.0,5000.0,300.0,500.0,600000000000.0,100000000000.0,,1139
1,planned_restart,thermal_loop,1146,controller_tick,114100000,114.1,2,60000000,54100000,1141,114100000,RUNNING,,0,0,62,1,0,reconstructed_from_retained_wire,True,,,317.45910605292784,300.9161260258988,293.0487393287111,0.529172983427468,0.6500000000000006,560499.9999999992,566832.0846328739,0.00015047621986988578,18945.167540420647,-2.7359419618733227e-08,0.000150476,300.916,293.049,317.459,0.0,150476,1,1141,114100000,114100000,114100000,0,300916,1,1141,114100000,114100000,114100000,0,293049,1,1141,114100000,114100000,114100000,0,317459,1,1141,114100000,114100000,114100000,0,0,1,1141,114100000,114100000,114100000,0,1.0,0.529108,0.65,1.0,0.529108,0.65,1.0,0.529108,0.65,541,114400000,False,1.0,5000.0,300.0,500.0,600000000000.0,100000000000.0,,1140
1,planned_restart,thermal_loop,1147,controller_tick,114200000,114.2,2,60000000,54200000,1142,114200000,RUNNING,,0,0,62,1,0,reconstructed_from_retained_wire,True,,,317.45947681463946,300.91629809216727,293.04873271863283,0.5291667994367257,0.6500000000000006,560999.9999999992,567327.0214321346,0.00015047446138337996,18944.72475116347,-2.7731402951758355e-08,0.000150474,300.916,293.049,317.459,0.0,150474,1,1142,114200000,114200000,114200000,0,300916,1,1142,114200000,114200000,114200000,0,293049,1,1142,114200000,114200000,114200000,0,317459,1,1142,114200000,114200000,114200000,0,0,1,1142,114200000,114200000,114200000,0,1.0,0.529103,0.65,1.0,0.529103,0.65,1.0,0.529103,0.65,542,114500000,False,1.0,5000.0,300.0,500.0,600000000000.0,100000000000.0,,1141
1,planned_restart,thermal_loop,1148,controller_tick,114300000,114.3,2,60000000,54300000,1143,114300000,RUNNING,,0,0,62,1,0,reconstructed_from_retained_wire,True,,,317.4598469812425,300.91647021284996,293.04872657227963,0.5291607281175995,0.6500000000000006,561499.9999999992,567821.9579124658,0.00015047273493630056,18944.29003451074,-2.799424692057073e-08,0.000150473,300.916,293.049,317.46,0.0,150473,1,1143,114300000,114300000,114300000,0,300916,1,1143,114300000,114300000,114300000,0,293049,1,1143,114300000,114300000,114300000,0,317460,1,1143,114300000,114300000,114300000,0,0,1,1143,114300000,114300000,114300000,0,1.0,0.529095,0.65,1.0,0.529095,0.65,1.0,0.529095,0.65,543,114600000,False,1.0,5000.0,300.0,500.0,600000000000.0,100000000000.0,,1142
1,planned_restart,thermal_loop,1149,controller_tick,114400000,114.4,2,60000000,54400000,1144,114400000,RUNNING,,0,0,62,1,0,reconstructed_from_retained_wire,True,,,317.46021655468184,300.91664239296114,293.0487208829149,0.5291544732602216,0.6500000000000006,561999.9999999991,568316.8940969771,0.00015047095629807918,18943.842181426873,-2.755950845312327e-08,0.000150471,300.917,293.049,317.46,0.0,150471,1,1144,114400000,114400000,114400000,0,300917,1,1144,114400000,114400000,114400000,0,293049,1,1144,114400000,114400000,114400000,0,317460,1,1144,114400000,114400000,114400000,0,0,1,1144,114400000,114400000,114400000,0,1.0,0.52909,0.65,1.0,0.52909,0.65,1.0,0.52909,0.65,544,114700000,False,1.0,5000.0,300.0,500.0,600000000000.0,100000000000.0,,1143
1,planned_restart,thermal_loop,1150,controller_tick,114500000,114.5,2,60000000,54500000,1145,114500000,RUNNING,,0,0,62,1,0,reconstructed_from_retained_wire,True,,,317.46058553692666,300.9168146363992,293.0487156445666,0.5291483378183116,0.6500000000000006,562499.9999999991,568811.8300082742,0.00015046921161697343,18943.402883734794,-2.797241904772818e-08,0.000150469,300.917,293.049,317.461,0.0,150469,1,1145,114500000,114500000,114500000,0,300917,1,1145,114500000,114500000,114500000,0,293049,1,1145,114500000,114500000,114500000,0,317461,1,1145,114500000,114500000,114500000,0,0,1,1145,114500000,114500000,114500000,0,1.0,0.529085,0.65,1.0,0.529085,0.65,1.0,0.529085,0.65,545,114800000,False,1.0,5000.0,300.0,500.0,600000000000.0,100000000000.0,,1144
1,planned_restart,thermal_loop,1151,controller_tick,114600000,114.6,2,60000000,54600000,1146,114600000,RUNNING,,0,0,62,1,0,reconstructed_from_retained_wire,True,,,317.4609539299192,300.91698693114034,293.0487108618939,0.5291423104279855,0.6500000000000006,562999.9999999991,569306.7656690283,0.00015046749766153665,18942.971327496845,-2.8194335754960775e-08,0.000150467,300.917,293.049,317.461,0.0,150467,1,1146,114600000,114600000,114600000,0,300917,1,1146,114600000,114600000,114600000,0,293049,1,1146,114600000,114600000,114600000,0,317461,1,1146,114600000,114600000,114600000,0,0,1,1146,114600000,114600000,114600000,0,1.0,0.529079,0.65,1.0,0.529079,0.65,1.0,0.529079,0.65,546,114900000,False,1.0,5000.0,300.0,500.0,600000000000.0,100000000000.0,,1145
1,planned_restart,thermal_loop,1152,controller_tick,114700000,114.7,2,60000000,54700000,1147,114700000,RUNNING,,0,0,62,1,0,reconstructed_from_retained_wire,True,,,317.4613217355675,300.9171592719166,293.0487065350675,0.5291362856441936,0.6500000000000006,563499.999999999,569801.7011020603,0.00015046578444729682,18942.539962797204,-2.6650013751350343e-08,0.000150466,300.917,293.049,317.461,0.0,150466,1,1147,114700000,114700000,114700000,0,300917,1,1147,114700000,114700000,114700000,0,293049,1,1147,114700000,114700000,114700000,0,317461,1,1147,114700000,114700000,114700000,0,0,1,1147,114700000,114700000,114700000,0,1.0,0.529072,0.65,1.0,0.529072,0.65,1.0,0.529072,0.65,547,115000000,False,1.0,5000.0,300.0,500.0,600000000000.0,100000000000.0,,1146
1,planned_restart,thermal_loop,1153,controller_tick,114800000,114.8,2,60000000,54800000,1148,114800000,RUNNING,,0,0,62,1,0,reconstructed_from_retained_wire,True,,,317.4616889557749,300.9173316646601,293.04870265680916,0.5291301680563093,0.6500000000000006,563999.999999999,570296.6363300098,0.00015046404484318174,18942.101958501407,-2.696287992876023e-08,0.000150464,300.917,293.049,317.462,0.0,150464,1,1148,114800000,114800000,114800000,0,300917,1,1148,114800000,114800000,114800000,0,293049,1,1148,114800000,114800000,114800000,0,317462,1,1148,114800000,114800000,114800000,0,0,1,1148,114800000,114800000,114800000,0,1.0,0.529067,0.65,1.0,0.529067,0.65,1.0,0.529067,0.65,548,115100000,False,1.0,5000.0,300.0,500.0,600000000000.0,100000000000.0,,1147
1,planned_restart,thermal_loop,1154,controller_tick,114900000,114.9,2,60000000,54900000,1149,114900000,RUNNING,,0,0,62,1,0,reconstructed_from_retained_wire,True,,,317.462055592456,300.9175041091172,293.04869922398393,0.5291241568209737,0.6500000000000006,564499.999999999,570791.5713751648,0.00015046233548159606,18941.67157372009,-2.7526766643859446e-08,0.000150462,300.918,293.049,317.462,0.0,150462,1,1149,114900000,114900000,114900000,0,300918,1,1149,114900000,114900000,114900000,0,293049,1,1149,114900000,114900000,114900000,0,317462,1,1149,114900000,114900000,114900000,0,0,1,1149,114900000,114900000,114900000,0,1.0,0.529061,0.65,1.0,0.529061,0.65,1.0,0.529061,0.65,549,115200000,False,1.0,5000.0,300.0,500.0,600000000000.0,100000000000.0,,1148
1,planned_restart,thermal_loop,1155,controller_tick,115000000,115.0,2,60000000,55000000,1150,115000000,RUNNING,,0,0,62,1,0,reconstructed_from_retained_wire,True,,,317.46242164750305,300.9176766001382,293.04869623673716,0.5291181466548217,0.6500000000000006,564999.999999999,571286.5062598335,0.00015046062642404463,18941.241270376973,-2.7644091460388154e-08,0.000150461,300.918,293.049,317.462,0.0,150461,1,1150,115000000,115000000,115000000,0,300918,1,1150,115000000,115000000,115000000,0,293049,1,1150,115000000,115000000,115000000,0,317462,1,1150,115000000,115000000,115000000,0,0,1,1150,115000000,115000000,115000000,0,1.0,0.529054,0.65,1.0,0.529054,0.65,1.0,0.529054,0.65,550,115300000,False,1.0,5000.0,300.0,500.0,600000000000.0,100000000000.0,,1149
1,planned_restart,thermal_loop,1156,controller_tick,115100000,115.1,2,60000000,55100000,1151,115100000,RUNNING,,0,0,62,1,0,reconstructed_from_retained_wire,True,,,317.4627871228043,300.91784914375546,293.048693687777,0.5291120422935249,0.6500000000000006,565499.999999999,571781.4410061417,0.00015045889058105675,18940.80422804953,-2.669912646524608e-08,0.000150459,300.918,293.049,317.463,0.0,150459,1,1151,115100000,115100000,115100000,0,300918,1,1151,115100000,115100000,115100000,0,293049,1,1151,115100000,115100000,115100000,0,317463,1,1151,115100000,115100000,115100000,0,0,1,1151,115100000,115100000,115100000,0,1.0,0.529049,0.65,1.0,0.529049,0.65,1.0,0.529049,0.65,551,115400000,False,1.0,5000.0,300.0,500.0,600000000000.0,100000000000.0,,1150
1,planned_restart,thermal_loop,1157,controller_tick,115200000,115.2,2,60000000,55200000,1152,115200000,RUNNING,,0,0,62,1,0,reconstructed_from_retained_wire,True,,,317.46315202025914,300.91802173979863,293.0486915739659,0.5291060430261005,0.6500000000000006,565999.999999999,572276.3756358635,0.00015045718462267967,18940.37471484053,-2.650267560966313e-08,0.000150457,300.918,293.049,317.463,0.0,150457,1,1152,115200000,115200000,115200000,0,300918,1,1152,115200000,115200000,115200000,0,293049,1,1152,115200000,115200000,115200000,0,317463,1,1152,115200000,115200000,115200000,0,0,1,1152,115200000,115200000,115200000,0,1.0,0.529044,0.65,1.0,0.529044,0.65,1.0,0.529044,0.65,552,115500000,False,1.0,5000.0,300.0,500.0,600000000000.0,100000000000.0,,1151
1,planned_restart,thermal_loop,1158,controller_tick,115300000,115.3,2,60000000,55300000,1153,115300000,RUNNING,,0,0,62,1,0,reconstructed_from_retained_wire,True,,,317.46351634173953,300.9181943778026,293.04868989904514,0.5291001388515443,0.6500000000000006,566499.999999999,572771.310170853,0.00015045550570501662,18939.952014491424,-2.656815922819078e-08,0.000150456,300.918,293.049,317.464,0.0,150456,1,1153,115300000,115300000,115300000,0,300918,1,1153,115300000,115300000,115300000,0,293049,1,1153,115300000,115300000,115300000,0,317464,1,1153,115300000,115300000,115300000,0,0,1,1153,115300000,115300000,115300000,0,1.0,0.529037,0.65,1.0,0.529037,0.65,1.0,0.529037,0.65,553,115600000,False,1.0,5000.0,300.0,500.0,600000000000.0,100000000000.0,,1152
1,planned_restart,thermal_loop,1159,controller_tick,115400000,115.4,2,60000000,55400000,1154,115400000,RUNNING,,0,0,62,1,0,reconstructed_from_retained_wire,True,,,317.4638800890932,300.9183670592744,293.04868865879,0.5290941303954095,0.6500000000000006,566999.999999999,573266.244633011,0.0001504537971337276,18939.521853104718,-2.7062924345955253e-08,0.000150454,300.918,293.049,317.464,0.0,150454,1,1154,115400000,115400000,115400000,0,300918,1,1154,115400000,115400000,115400000,0,293049,1,1154,115400000,115400000,115400000,0,317464,1,1154,115400000,115400000,115400000,0,0,1,1154,115400000,115400000,115400000,0,1.0,0.529032,0.65,1.0,0.529032,0.65,1.0,0.529032,0.65,554,115700000,False,1.0,5000.0,300.0,500.0,600000000000.0,100000000000.0,,1153
1,planned_restart,thermal_loop,1160,controller_tick,115500000,115.5,2,60000000,55500000,1155,115500000,RUNNING,,0,0,62,1,0,reconstructed_from_retained_wire,True,,,317.4642432641773,300.91853978520163,293.04868784934075,0.5290882179065644,0.6500000000000006,567499.999999999,573761.1790439119,0.00015045211585180406,18939.098567040546,-2.7227542886976153e-08,0.000150452,300.919,293.049,317.464,0.0,150452,1,1155,115500000,115500000,115500000,0,300919,1,1155,115500000,115500000,115500000,0,293049,1,1155,115500000,115500000,115500000,0,317464,1,1155,115500000,115500000,115500000,0,0,1,1155,115500000,115500000,115500000,0,1.0,0.529027,0.65,1.0,0.529027,0.65,1.0,0.529027,0.65,555,115800000,False,1.0,5000.0,300.0,500.0,600000000000.0,100000000000.0,,1154
1,planned_restart,thermal_loop,1161,controller_tick,115600000,115.6,2,60000000,55600000,1156,115600000,RUNNING,,0,0,62,1,0,reconstructed_from_retained_wire,True,,,317.46460586882483,300.918712546157,293.04868747379635,0.5290823922525136,0.6500000000000006,567999.999999999,574256.1134251765,0.0001504504592623196,18938.68150226711,-2.722390490816906e-08,0.00015045,300.919,293.049,317.465,0.0,150450,1,1156,115600000,115600000,115600000,0,300919,1,1156,115600000,115600000,115600000,0,293049,1,1156,115600000,115600000,115600000,0,317465,1,1156,115600000,115600000,115600000,0,0,1,1156,115600000,115600000,115600000,0,1.0,0.529022,0.65,1.0,0.529022,0.65,1.0,0.529022,0.65,556,115900000,False,1.0,5000.0,300.0,500.0,600000000000.0,100000000000.0,,1155
1,planned_restart,thermal_loop,1162,controller_tick,115700000,115.7,2,60000000,55700000,1157,115700000,RUNNING,,0,0,62,1,0,reconstructed_from_retained_wire,True,,,317.4649679048367,300.9188853338106,293.04868753453894,0.5290766451698342,0.6500000000000006,568499.9999999988,574751.0477985626,0.0001504488250154779,18938.27006700151,-2.6022462407127023e-08,0.000150449,300.919,293.049,317.465,0.0,150449,1,1157,115700000,115700000,115700000,0,300919,1,1157,115700000,115700000,115700000,0,293049,1,1157,115700000,115700000,115700000,0,317465,1,1157,115700000,115700000,115700000,0,0,1,1157,115700000,115700000,115700000,0,1.0,0.529015,0.65,1.0,0.529015,0.65,1.0,0.529015,0.65,557,116000000,False,1.0,5000.0,300.0,500.0,600000000000.0,100000000000.0,,1156
1,planned_restart,thermal_loop,1163,controller_tick,115800000,115.8,2,60000000,55800000,1158,115800000,RUNNING,,0,0,62,1,0,reconstructed_from_retained_wire,True,,,317.46532937399587,300.9190581515882,293.04868802612907,0.5290707788563076,0.6500000000000006,568999.9999999987,575245.9821858096,0.0001504471568640195,18937.85010057524,-2.6106135919690132e-08,0.000150447,300.919,293.049,317.465,0.0,150447,1,1158,115800000,115800000,115800000,0,300919,1,1158,115800000,115800000,115800000,0,293049,1,1158,115800000,115800000,115800000,0,317465,1,1158,115800000,115800000,115800000,0,0,1,1158,115800000,115800000,115800000,0,1.0,0.52901,0.65,1.0,0.52901,0.65,1.0,0.52901,0.65,558,116100000,False,1.0,5000.0,300.0,500.0,600000000000.0,100000000000.0,,1157
1,planned_restart,thermal_loop,1164,controller_tick,115900000,115.9,2,60000000,55900000,1159,115900000,RUNNING,,0,0,62,1,0,reconstructed_from_retained_wire,True,,,317.4656902781002,300.9192310022001,293.0486889436233,0.529064994983413,0.6500000000000006,569499.9999999987,575740.9166082736,0.00015044551215547116,18937.43604059107,-2.5778717827051878e-08,0.000150446,300.919,293.049,317.466,0.0,150446,1,1159,115900000,115900000,115900000,0,300919,1,1159,115900000,115900000,115900000,0,293049,1,1159,115900000,115900000,115900000,0,317466,1,1159,115900000,115900000,115900000,0,0,1,1159,115900000,115900000,115900000,0,1.0,0.529003,0.65,1.0,0.529003,0.65,1.0,0.529003,0.65,559,116200000,False,1.0,5000.0,300.0,500.0,600000000000.0,100000000000.0,,1158
1,planned_restart,thermal_loop,1165,controller_tick,116000000,116.0,2,60000000,56000000,1160,116000000,RUNNING,,0,0,62,1,0,reconstructed_from_retained_wire,True,,,317.4660506189396,300.91940388853135,293.0486902819778,0.5290590953807229,0.6500000000000006,569999.9999999987,576235.8510871849,0.0001504438345378691,18937.013700323794,-2.5436747819185257e-08,0.000150444,300.919,293.049,317.466,0.0,150444,1,1160,116000000,116000000,116000000,0,300919,1,1160,116000000,116000000,116000000,0,293049,1,1160,116000000,116000000,116000000,0,317466,1,1160,116000000,116000000,116000000,0,0,1,1160,116000000,116000000,116000000,0,1.0,0.528998,0.65,1.0,0.528998,0.65,1.0,0.528998,0.65,560,116300000,False,1.0,5000.0,300.0,500.0,600000000000.0,100000000000.0,,1159
1,planned_restart,thermal_loop,1166,controller_tick,116100000,116.1,2,60000000,56100000,1161,116100000,RUNNING,,0,0,62,1,0,reconstructed_from_retained_wire,True,,,317.4664103983172,300.91957681279894,293.04869203661275,0.5290532813865476,0.6500000000000006,570499.9999999987,576730.7856434091,0.00015044218126399978,18936.59749319929,-2.6593625079840422e-08,0.000150442,300.92,293.049,317.466,0.0,150442,1,1161,116100000,116100000,116100000,0,300920,1,1161,116100000,116100000,116100000,0,293049,1,1161,116100000,116100000,116100000,0,317466,1,1161,116100000,116100000,116100000,0,0,1,1161,116100000,116100000,116100000,0,1.0,0.528993,0.65,1.0,0.528993,0.65,1.0,0.528993,0.65,561,116400000,False,1.0,5000.0,300.0,500.0,600000000000.0,100000000000.0,,1160
1,planned_restart,thermal_loop,1167,controller_tick,116200000,116.2,2,60000000,56200000,1162,116200000,RUNNING,,0,0,62,1,0,reconstructed_from_retained_wire,True,,,317.46676961801575,300.91974976666967,293.048694209997,0.5290475448541598,0.6500000000000006,570999.9999999987,577225.7202978249,0.0001504405500172508,18936.186835824254,-2.735669113462791e-08,0.000150441,300.92,293.049,317.467,0.0,150441,1,1162,116200000,116200000,116200000,0,300920,1,1162,116200000,116200000,116200000,0,293049,1,1162,116200000,116200000,116200000,0,317467,1,1162,116200000,116200000,116200000,0,0,1,1162,116200000,116200000,116200000,0,1.0,0.528986,0.65,1.0,0.528986,0.65,1.0,0.528986,0.65,562,116500000,False,1.0,5000.0,300.0,500.0,600000000000.0,100000000000.0,,1161
1,planned_restart,thermal_loop,1168,controller_tick,116300000,116.3,2,60000000,56300000,1163,116300000,RUNNING,,0,0,62,1,0,reconstructed_from_retained_wire,True,,,317.4671282798002,300.9199227535556,293.0486967967846,0.5290416880869319,0.6500000000000006,571499.9999999987,577720.6550712973,0.00015043888458038848,18935.76757587047,-2.721753844525665e-08,0.000150439,300.92,293.049,317.467,0.0,150439,1,1163,116300000,116300000,116300000,0,300920,1,1163,116300000,116300000,116300000,0,293049,1,1163,116300000,116300000,116300000,0,317467,1,1163,116300000,116300000,116300000,0,0,1,1163,116300000,116300000,116300000,0,1.0,0.528982,0.65,1.0,0.528982,0.65,1.0,0.528982,0.65,563,116600000,False,1.0,5000.0,300.0,500.0,600000000000.0,100000000000.0,,1162
1,planned_restart,thermal_loop,1169,controller_tick,116400000,116.4,2,60000000,56400000,1164,116400000,RUNNING,,0,0,62,1,0,reconstructed_from_retained_wire,True,,,317.4674863854448,300.92009577075817,293.0486997957213,0.5290360080144674,0.6500000000000006,571999.9999999987,578215.5899843728,0.00015043726938864627,18935.36096914351,-2.668275556061417e-08,0.000150437,300.92,293.049,317.467,0.0,150437,1,1164,116400000,116400000,116400000,0,300920,1,1164,116400000,116400000,116400000,0,293049,1,1164,116400000,116400000,116400000,0,317467,1,1164,116400000,116400000,116400000,0,0,1,1164,116400000,116400000,116400000,0,1.0,0.528977,0.65,1.0,0.528977,0.65,1.0,0.528977,0.65,564,116700000,False,1.0,5000.0,300.0,500.0,600000000000.0,100000000000.0,,1163
1,planned_restart,thermal_loop,1170,controller_tick,116500000,116.5,2,60000000,56500000,1165,116500000,RUNNING,,0,0,62,1,0,reconstructed_from_retained_wire,True,,,317.46784393668435,300.92026880577765,293.0487032120999,0.5290303926594545,0.6500000000000006,572499.9999999987,578710.5250578264,0.00015043567260003077,18934.958999492203,-2.6759153115563095e-08,0.000150436,300.92,293.049,317.468,0.0,150436,1,1165,116500000,116500000,116500000,0,300920,1,1165,116500000,116500000,116500000,0,293049,1,1165,116500000,116500000,116500000,0,317468,1,1165,116500000,116500000,116500000,0,0,1,1165,116500000,116500000,116500000,0,1.0,0.52897,0.65,1.0,0.52897,0.65,1.0,0.52897,0.65,565,116800000,False,1.0,5000.0,300.0,500.0,600000000000.0,100000000000.0,,1164
1,planned_restart,thermal_loop,1171,controller_tick,116600000,116.6,2,60000000,56600000,1166,116600000,RUNNING,,0,0,62,1,0,reconstructed_from_retained_wire,True,,,317.4682009352349,300.92044186351075,293.04870703963087,0.5290246455380496,0.6500000000000006,572999.9999999986,579205.4603124338,0.00015043403834217708,18934.54760189166,-2.6630914362613112e-08,0.000150434,300.92,293.049,317.468,0.0,150434,1,1166,116600000,116600000,116600000,0,300920,1,1166,116600000,116600000,116600000,0,293049,1,1166,116600000,116600000,116600000,0,317468,1,1166,116600000,116600000,116600000,0,0,1,1166,116600000,116600000,116600000,0,1.0,0.528965,0.65,1.0,0.528965,0.65,1.0,0.528965,0.65,566,116900000,False,1.0,5000.0,300.0,500.0,600000000000.0,100000000000.0,,1165
1,planned_restart,thermal_loop,1172,controller_tick,116700000,116.7,2,60000000,56700000,1167,116700000,RUNNING,,0,0,62,1,0,reconstructed_from_retained_wire,True,,,317.4685573828317,300.9206149479763,293.0487112726282,0.5290189695146467,0.6500000000000006,573499.9999999986,579700.395768547,0.00015043242430183047,18934.141298103485,-2.6768248062580824e-08,0.000150432,300.921,293.049,317.469,0.0,150432,1,1167,116700000,116700000,116700000,0,300921,1,1167,116700000,116700000,116700000,0,293049,1,1167,116700000,116700000,116700000,0,317469,1,1167,116700000,116700000,116700000,0,0,1,1167,116700000,116700000,116700000,0,1.0,0.528961,0.65,1.0,0.528961,0.65,1.0,0.528961,0.65,567,117000000,False,1.0,5000.0,300.0,500.0,600000000000.0,100000000000.0,,1166
1,planned_restart,thermal_loop,1173,controller_tick,116800000,116.8,2,60000000,56800000,1168,116800000,RUNNING,,0,0,62,1,0,reconstructed_from_retained_wire,True,,,317.4689132811896,300.9207880470668,293.0487159161714,0.5290134529859581,0.6500000000000006,573999.9999999986,580195.3314465393,0.00015043085561557886,18933.746415518603,-2.7454007067717612e-08,0.000150431,300.921,293.049,317.469,0.0,150431,1,1168,116800000,116800000,116800000,0,300921,1,1168,116800000,116800000,116800000,0,293049,1,1168,116800000,116800000,116800000,0,317469,1,1168,116800000,116800000,116800000,0,0,1,1168,116800000,116800000,116800000,0,1.0,0.528954,0.65,1.0,0.528954,0.65,1.0,0.528954,0.65,568,117100000,False,1.0,5000.0,300.0,500.0,600000000000.0,100000000000.0,,1167
1,planned_restart,thermal_loop,1174,controller_tick,116900000,116.9,2,60000000,56900000,1169,116900000,RUNNING,,0,0,62,1,0,reconstructed_from_retained_wire,True,,,317.4692686319896,300.9209611610535,293.0487209671011,0.5290077952863093,0.6500000000000006,574499.9999999985,580690.2673669523,0.0001504292467857954,18933.34143195147,-2.6823727239388973e-08,0.000150429,300.921,293.049,317.469,0.0,150429,1,1169,116900000,116900000,116900000,0,300921,1,1169,116900000,116900000,116900000,0,293049,1,1169,116900000,116900000,116900000,0,317469,1,1169,116900000,116900000,116900000,0,0,1,1169,116900000,116900000,116900000,0,1.0,0.52895,0.65,1.0,0.52895,0.65,1.0,0.52895,0.65,569,117200000,False,1.0,5000.0,300.0,500.0,600000000000.0,100000000000.0,,1168
1,planned_restart,thermal_loop,1175,controller_tick,117000000,117.0,2,60000000,57000000,1170,117000000,RUNNING,,0,0,62,1,0,reconstructed_from_retained_wire,True,,,317.4696234369245,300.9211342896394,293.0487264226539,0.5290022953376391,0.6500000000000006,574999.9999999985,581185.2035499933,0.00015042768281425627,18932.94774450248,-2.6886482373811305e-08,0.000150428,300.921,293.049,317.47,0.0,150428,1,1170,117000000,117000000,117000000,0,300921,1,1170,117000000,117000000,117000000,0,293049,1,1170,117000000,117000000,117000000,0,317470,1,1170,117000000,117000000,117000000,0,0,1,1170,117000000,117000000,117000000,0,1.0,0.528943,0.65,1.0,0.528943,0.65,1.0,0.528943,0.65,570,117300000,False,1.0,5000.0,300.0,500.0,600000000000.0,100000000000.0,,1169
1,planned_restart,thermal_loop,1176,controller_tick,117100000,117.1,2,60000000,57100000,1171,117100000,RUNNING,,0,0,62,1,0,reconstructed_from_retained_wire,True,,,317.46997769766534,300.9213074332477,293.04873227960076,0.5289966526402115,0.6500000000000006,575499.9999999985,581680.1400159061,0.0001504260782505212,18932.543843322084,-2.647811925271526e-08,0.000150426,300.921,293.049,317.47,0.0,150426,1,1171,117100000,117100000,117100000,0,300921,1,1171,117100000,117100000,117100000,0,293049,1,1171,117100000,117100000,117100000,0,317470,1,1171,117100000,117100000,117100000,0,0,1,1171,117100000,117100000,117100000,0,1.0,0.528938,0.65,1.0,0.528938,0.65,1.0,0.528938,0.65,571,117400000,False,1.0,5000.0,300.0,500.0,600000000000.0,100000000000.0,,1170
1,planned_restart,thermal_loop,1177,controller_tick,117200000,117.2,2,60000000,57200000,1172,117200000,RUNNING,,0,0,62,1,0,reconstructed_from_retained_wire,True,,,317.47033141590083,300.9214805970994,293.04873853153185,0.5289910711035304,0.6500000000000006,575999.9999999985,582175.0767845361,0.00015042449107852425,18932.144324232828,-2.550586941652e-08,0.000150424,300.921,293.049,317.47,0.0,150424,1,1172,117200000,117200000,117200000,0,300921,1,1172,117200000,117200000,117200000,0,293049,1,1172,117200000,117200000,117200000,0,317470,1,1172,117200000,117200000,117200000,0,0,1,1172,117200000,117200000,117200000,0,1.0,0.528934,0.65,1.0,0.528934,0.65,1.0,0.528934,0.65,572,117500000,False,1.0,5000.0,300.0,500.0,600000000000.0,100000000000.0,,1171
1,planned_restart,thermal_loop,1178,controller_tick,117300000,117.3,2,60000000,57300000,1173,117300000,RUNNING,,0,0,62,1,0,reconstructed_from_retained_wire,True,,,317.47068459330256,300.92165377015806,293.04874518289,0.5289856400699633,0.6500000000000006,576499.9999999984,582670.0138757165,0.0001504229467037607,18931.7555820059,-2.6022462407127023e-08,0.000150423,300.922,293.049,317.471,0.0,150423,1,1173,117300000,117300000,117300000,0,300922,1,1173,117300000,117300000,117300000,0,293049,1,1173,117300000,117300000,117300000,0,317471,1,1173,117300000,117300000,117300000,0,0,1,1173,117300000,117300000,117300000,0,1.0,0.528928,0.65,1.0,0.528928,0.65,1.0,0.528928,0.65,573,117600000,False,1.0,5000.0,300.0,500.0,600000000000.0,100000000000.0,,1172
1,planned_restart,thermal_loop,1179,controller_tick,117400000,117.4,2,60000000,57400000,1174,117400000,RUNNING,,0,0,62,1,0,reconstructed_from_retained_wire,True,,,317.47103723150633,300.92182694826516,293.04875223354594,0.5289801548920814,0.6500000000000006,576999.9999999984,583164.951309479,0.0001504213869324594,18931.36296829117,-2.504020812921226e-08,0.000150421,300.922,293.049,317.471,0.0,150421,1,1174,117400000,117400000,117400000,0,300922,1,1174,117400000,117400000,117400000,0,293049,1,1174,117400000,117400000,117400000,0,317471,1,1174,117400000,117400000,117400000,0,0,1,1174,117400000,117400000,117400000,0,1.0,0.528923,0.65,1.0,0.528923,0.65,1.0,0.528923,0.65,574,117700000,False,1.0,5000.0,300.0,500.0,600000000000.0,100000000000.0,,1173
1,planned_restart,thermal_loop,1180,controller_tick,117500000,117.5,2,60000000,57500000,1175,117500000,RUNNING,,0,0,62,1,0,reconstructed_from_retained_wire,True,,,317.4713893321472,300.9220001327773,293.0487596797092,0.5289747158849794,0.6500000000000006,577499.9999999984,583659.8891056624,0.00015041984029033254,18930.973663371806,-2.3988832253962755e-08,0.00015042,300.922,293.049,317.471,0.0,150420,1,1175,117500000,117500000,117500000,0,300922,1,1175,117500000,117500000,117500000,0,293049,1,1175,117500000,117500000,117500000,0,317471,1,1175,117500000,117500000,117500000,0,0,1,1175,117500000,117500000,117500000,0,1.0,0.528917,0.65,1.0,0.528917,0.65,1.0,0.528917,0.65,575,117800000,False,1.0,5000.0,300.0,500.0,600000000000.0,100000000000.0,,1174
1,planned_restart,thermal_loop,1181,controller_tick,117600000,117.6,2,60000000,57600000,1176,117600000,RUNNING,,0,0,62,1,0,reconstructed_from_retained_wire,True,,,317.4717408968541,300.92217332518635,293.0487675175144,0.5289692234923448,0.6500000000000006,577999.9999999984,584154.8272839763,0.00015041827846743608,18930.580541366562,-2.4178007151931524e-08,0.000150418,300.922,293.049,317.472,0.0,150418,1,1176,117600000,117600000,117600000,0,300922,1,1176,117600000,117600000,117600000,0,293049,1,1176,117600000,117600000,117600000,0,317472,1,1176,117600000,117600000,117600000,0,0,1,1176,117600000,117600000,117600000,0,1.0,0.528912,0.65,1.0,0.528912,0.65,1.0,0.528912,0.65,576,117900000,False,1.0,5000.0,300.0,500.0,600000000000.0,100000000000.0,,1175
1,planned_restart,thermal_loop,1182,controller_tick,117700000,117.7,2,60000000,57700000,1177,117700000,RUNNING,,0,0,62,1,0,reconstructed_from_retained_wire,True,,,317.4720919272607,300.92234652669185,293.04877574330743,0.5289637779570647,0.6500000000000006,578499.9999999984,584649.7658638799,0.00015041672996894925,18930.190777240372,-2.421984390821308e-08,0.000150417,300.922,293.049,317.472,0.0,150417,1,1177,117700000,117700000,117700000,0,300922,1,1177,117700000,117700000,117700000,0,293049,1,1177,117700000,117700000,117700000,0,317472,1,1177,117700000,117700000,117700000,0,0,1,1177,117700000,117700000,117700000,0,1.0,0.528906,0.65,1.0,0.528906,0.65,1.0,0.528906,0.65,577,118000000,False,1.0,5000.0,300.0,500.0,600000000000.0,100000000000.0,,1176
1,planned_restart,thermal_loop,1183,controller_tick,117800000,117.8,2,60000000,57800000,1178,117800000,RUNNING,,0,0,62,1,0,reconstructed_from_retained_wire,True,,,317.4724424249939,300.922519738639,293.048784353352,0.5289582796574903,0.6500000000000006,578999.9999999984,585144.7048647102,0.00015041516646634883,18929.7972405814,-2.4751898308750242e-08,0.000150415,300.923,293.049,317.472,0.0,150415,1,1178,117800000,117800000,117800000,0,300923,1,1178,117800000,117800000,117800000,0,293049,1,1178,117800000,117800000,117800000,0,317472,1,1178,117800000,117800000,117800000,0,0,1,1178,117800000,117800000,117800000,0,1.0,0.528902,0.65,1.0,0.528902,0.65,1.0,0.528902,0.65,578,118100000,False,1.0,5000.0,300.0,500.0,600000000000.0,100000000000.0,,1177
1,planned_restart,thermal_loop,1184,controller_tick,117900000,117.9,2,60000000,57900000,1179,117900000,RUNNING,,0,0,62,1,0,reconstructed_from_retained_wire,True,,,317.4727923916797,300.9226929567037,293.0487933477069,0.5289529239399718,0.6500000000000006,579499.9999999983,585639.6443056205,0.00015041364350854087,18929.413913058794,-2.4588189262431115e-08,0.000150414,300.923,293.049,317.473,0.0,150414,1,1179,117900000,117900000,117900000,0,300923,1,1179,117900000,117900000,117900000,0,293049,1,1179,117900000,117900000,117900000,0,317473,1,1179,117900000,117900000,117900000,0,0,1,1179,117900000,117900000,117900000,0,1.0,0.528895,0.65,1.0,0.528895,0.65,1.0,0.528895,0.65,579,118200000,False,1.0,5000.0,300.0,500.0,600000000000.0,100000000000.0,,1178
1,planned_restart,thermal_loop,1185,controller_tick,118000000,118.0,2,60000000,58000000,1180,118000000,RUNNING,,0,0,62,1,0,reconstructed_from_retained_wire,True,,,317.47314182892177,300.9228661829057,293.0488027222154,0.5289474117482871,0.6500000000000006,579999.9999999981,586134.5842058151,0.00015041207605556446,18929.01939018323,-2.4612745619378984e-08,0.000150412,300.923,293.049,317.473,0.0,150412,1,1180,118000000,118000000,118000000,0,300923,1,1180,118000000,118000000,118000000,0,293049,1,1180,118000000,118000000,118000000,0,317473,1,1180,118000000,118000000,118000000,0,0,1,1180,118000000,118000000,118000000,0,1.0,0.528891,0.65,1.0,0.528891,0.65,1.0,0.528891,0.65,580,118300000,False,1.0,5000.0,300.0,500.0,600000000000.0,100000000000.0,,1179
1,planned_restart,thermal_loop,1186,controller_tick,118100000,118.1,2,60000000,58100000,1181,118100000,RUNNING,,0,0,62,1,0,reconstructed_from_retained_wire,True,,,317.4734907383408,300.9230394184993,293.04881247324766,0.5289420434606673,0.6500000000000006,580499.9999999981,586629.5245841175,0.00015041054952330847,18928.635170873196,-2.485103323124349e-08,0.000150411,300.923,293.049,317.473,0.0,150411,1,1181,118100000,118100000,118100000,0,300923,1,1181,118100000,118100000,118100000,0,293049,1,1181,118100000,118100000,118100000,0,317473,1,1181,118100000,118100000,118100000,0,0,1,1181,118100000,118100000,118100000,0,1.0,0.528885,0.65,1.0,0.528885,0.65,1.0,0.528885,0.65,581,118400000,False,1.0,5000.0,300.0,500.0,600000000000.0,100000000000.0,,1180
1,planned_restart,thermal_loop,1187,controller_tick,118200000,118.2,2,60000000,58200000,1182,118200000,RUNNING,,0,0,62,1,0,reconstructed_from_retained_wire,True,,,317.47383912153487,300.9232126598951,293.0488226004167,0.5289366150576664,0.6500000000000006,580999.9999999981,587124.4654594075,0.00015040900589657563,18928.246652947746,-2.498745743650943e-08,0.000150409,300.923,293.049,317.474,0.0,150409,1,1182,118200000,118200000,118200000,0,300923,1,1182,118200000,118200000,118200000,0,293049,1,1182,118200000,118200000,118200000,0,317474,1,1182,118200000,118200000,118200000,0,0,1,1182,118200000,118200000,118200000,0,1.0,0.528881,0.65,1.0,0.528881,0.65,1.0,0.528881,0.65,582,118500000,False,1.0,5000.0,300.0,500.0,600000000000.0,100000000000.0,,1181
1,planned_restart,thermal_loop,1188,controller_tick,118300000,118.3,2,60000000,58300000,1183,118300000,RUNNING,,0,0,62,1,0,reconstructed_from_retained_wire,True,,,317.47418698009784,300.92338590355865,293.04883310331377,0.5289313225851833,0.6500000000000006,581499.999999998,587619.4068504212,0.0001504075009231965,18927.86786758658,-2.518027031328529e-08,0.000150408,300.923,293.049,317.474,0.0,150408,1,1183,118300000,118300000,118300000,0,300923,1,1183,118300000,118300000,118300000,0,293049,1,1183,118300000,118300000,118300000,0,317474,1,1183,118300000,118300000,118300000,0,0,1,1183,118300000,118300000,118300000,0,1.0,0.528875,0.65,1.0,0.528875,0.65,1.0,0.528875,0.65,583,118600000,False,1.0,5000.0,300.0,500.0,600000000000.0,100000000000.0,,1182
1,planned_restart,thermal_loop,1189,controller_tick,118400000,118.4,2,60000000,58400000,1184,118400000,RUNNING,,0,0,62,1,0,reconstructed_from_retained_wire,True,,,317.47453431559836,300.92355914682634,293.04884398096243,0.5289259627825548,0.6500000000000006,581999.999999998,588114.3487759836,0.00015040597680374208,18927.48426723013,-2.55831764661707e-08,0.000150406,300.924,293.049,317.475,0.0,150406,1,1184,118400000,118400000,118400000,0,300924,1,1184,118400000,118400000,118400000,0,293049,1,1184,118400000,118400000,118400000,0,317475,1,1184,118400000,118400000,118400000,0,0,1,1184,118400000,118400000,118400000,0,1.0,0.528871,0.65,1.0,0.528871,0.65,1.0,0.528871,0.65,584,118700000,False,1.0,5000.0,300.0,500.0,600000000000.0,100000000000.0,,1183
1,planned_restart,thermal_loop,1190,controller_tick,118500000,118.5,2,60000000,58500000,1185,118500000,RUNNING,,0,0,62,1,0,reconstructed_from_retained_wire,True,,,317.47488112960355,300.92373238699463,293.0488552324279,0.5289207323822552,0.6500000000000006,582499.999999998,588609.2912547477,0.00015040448948127827,18927.10993192855,-2.5579538487363607e-08,0.000150404,300.924,293.049,317.475,0.0,150404,1,1185,118500000,118500000,118500000,0,300924,1,1185,118500000,118500000,118500000,0,293049,1,1185,118500000,118500000,118500000,0,317475,1,1185,118500000,118500000,118500000,0,0,1,1185,118500000,118500000,118500000,0,1.0,0.528866,0.65,1.0,0.528866,0.65,1.0,0.528866,0.65,585,118800000,False,1.0,5000.0,300.0,500.0,600000000000.0,100000000000.0,,1184
1,planned_restart,thermal_loop,1191,controller_tick,118600000,118.6,2,60000000,58600000,1186,118600000,RUNNING,,0,0,62,1,0,reconstructed_from_retained_wire,True,,,317.4752274236523,300.9239056167583,293.0488668598556,0.5289155239074431,0.6500000000000006,582999.999999998,589104.2343054917,0.00015040300839357055,18926.73716949392,-2.6432644517626613e-08,0.000150403,300.924,293.049,317.475,0.0,150403,1,1186,118600000,118600000,118600000,0,300924,1,1186,118600000,118600000,118600000,0,293049,1,1186,118600000,118600000,118600000,0,317475,1,1186,118600000,118600000,118600000,0,0,1,1186,118600000,118600000,118600000,0,1.0,0.52886,0.65,1.0,0.52886,0.65,1.0,0.52886,0.65,586,118900000,False,1.0,5000.0,300.0,500.0,600000000000.0,100000000000.0,,1185
1,planned_restart,thermal_loop,1192,controller_tick,118700000,118.7,2,60000000,58700000,1187,118700000,RUNNING,,0,0,62,1,0,reconstructed_from_retained_wire,True,,,317.4755731992745,300.9240788402722,293.04887885776526,0.5289102401090505,0.6500000000000006,583499.999999998,589599.1779469068,0.00015040150588676546,18926.359020018648,-2.6022462407127023e-08,0.000150402,300.924,293.049,317.476,0.0,150402,1,1187,118700000,118700000,118700000,0,300924,1,1187,118700000,118700000,118700000,0,293049,1,1187,118700000,118700000,118700000,0,317476,1,1187,118700000,118700000,118700000,0,0,1,1187,118700000,118700000,118700000,0,1.0,0.528854,0.65,1.0,0.528854,0.65,1.0,0.528854,0.65,587,119000000,False,1.0,5000.0,300.0,500.0,600000000000.0,100000000000.0,,1186
1,planned_restart,thermal_loop,1193,controller_tick,118800000,118.8,2,60000000,58800000,1188,118800000,RUNNING,,0,0,62,1,0,reconstructed_from_retained_wire,True,,,317.475918458018,300.9242520665006,293.0488912174866,0.5289048881550638,0.6500000000000006,583999.999999998,590094.1221972973,0.0001503999839991596,18925.975996653066,-2.5634108169469982e-08,0.0001504,300.924,293.049,317.476,0.0,150400,1,1188,118800000,118800000,118800000,0,300924,1,1188,118800000,118800000,118800000,0,293049,1,1188,118800000,118800000,118800000,0,317476,1,1188,118800000,118800000,118800000,0,0,1,1188,118800000,118800000,118800000,0,1.0,0.52885,0.65,1.0,0.52885,0.65,1.0,0.52885,0.65,588,119100000,False,1.0,5000.0,300.0,500.0,600000000000.0,100000000000.0,,1187
1,planned_restart,thermal_loop,1194,controller_tick,118900000,118.9,2,60000000,58900000,1189,118900000,RUNNING,,0,0,62,1,0,reconstructed_from_retained_wire,True,,,317.47626320144064,300.924425292718,293.04890393815816,0.5288996648565091,0.6500000000000006,584499.999999998,590589.0670746713,0.0001503984986961559,18925.60218450972,-2.6144334697164595e-08,0.000150398,300.924,293.049,317.476,0.0,150398,1,1189,118900000,118900000,118900000,0,300924,1,1189,118900000,118900000,118900000,0,293049,1,1189,118900000,118900000,118900000,0,317476,1,1189,118900000,118900000,118900000,0,0,1,1189,118900000,118900000,118900000,0,1.0,0.528846,0.65,1.0,0.528846,0.65,1.0,0.528846,0.65,589,119200000,False,1.0,5000.0,300.0,500.0,600000000000.0,100000000000.0,,1188
1,planned_restart,thermal_loop,1195,controller_tick,119000000,119.0,2,60000000,59000000,1190,119000000,RUNNING,,0,0,62,1,0,reconstructed_from_retained_wire,True,,,317.47660743106667,300.9245985062016,293.0489170255953,0.5288945579702033,0.6500000000000006,584999.999999998,591084.012597226,0.00015039704649626916,18925.236707129297,-2.6553607312962413e-08,0.000150397,300.925,293.049,317.477,0.0,150397,1,1190,119000000,119000000,119000000,0,300925,1,1190,119000000,119000000,119000000,0,293049,1,1190,119000000,119000000,119000000,0,317477,1,1190,119000000,119000000,119000000,0,0,1,1190,119000000,119000000,119000000,0,1.0,0.52884,0.65,1.0,0.52884,0.65,1.0,0.52884,0.65,590,119300000,False,1.0,5000.0,300.0,500.0,600000000000.0,100000000000.0,,1189
1,planned_restart,thermal_loop,1196,controller_tick,119100000,119.1,2,60000000,59100000,1191,119100000,RUNNING,,0,0,62,1,0,reconstructed_from_retained_wire,True,,,317.47695114839064,300.9247717064863,293.0489304774536,0.5288893660928925,0.6500000000000006,585499.999999998,591578.9587833034,0.00015039557012824542,18924.865150934173,-2.631350071169436e-08,0.000150396,300.925,293.049,317.477,0.0,150396,1,1191,119100000,119100000,119100000,0,300925,1,1191,119100000,119100000,119100000,0,293049,1,1191,119100000,119100000,119100000,0,317477,1,1191,119100000,119100000,119100000,0,0,1,1191,119100000,119100000,119100000,0,1.0,0.528835,0.65,1.0,0.528835,0.65,1.0,0.528835,0.65,591,119400000,False,1.0,5000.0,300.0,500.0,600000000000.0,100000000000.0,,1190
1,planned_restart,thermal_loop,1197,controller_tick,119200000,119.2,2,60000000,59200000,1192,119200000,RUNNING,,0,0,62,1,0,reconstructed_from_retained_wire,True,,,317.4772943549175,300.92494489822343,293.0489442879929,0.528884192475122,0.6500000000000006,585999.999999998,592073.9056509488,0.00015039409895252492,18924.494905109445,-2.7005626179743558e-08,0.000150394,300.925,293.049,317.477,0.0,150394,1,1192,119200000,119200000,119200000,0,300925,1,1192,119200000,119200000,119200000,0,293049,1,1192,119200000,119200000,119200000,0,317477,1,1192,119200000,119200000,119200000,0,0,1,1192,119200000,119200000,119200000,0,1.0,0.528831,0.65,1.0,0.528831,0.65,1.0,0.528831,0.65,592,119500000,False,1.0,5000.0,300.0,500.0,600000000000.0,100000000000.0,,1191
1,planned_restart,thermal_loop,1198,controller_tick,119300000,119.3,2,60000000,59300000,1193,119300000,RUNNING,,0,0,62,1,0,reconstructed_from_retained_wire,True,,,317.47763705214487,300.92511807506287,293.04895845882146,0.5288791305418488,0.6500000000000006,586499.999999998,592568.8532181074,0.00015039265953553267,18924.132655401932,-2.7032001526094973e-08,0.000150393,300.925,293.049,317.478,0.0,150393,1,1193,119300000,119300000,119300000,0,300925,1,1193,119300000,119300000,119300000,0,293049,1,1193,119300000,119300000,119300000,0,317478,1,1193,119300000,119300000,119300000,0,0,1,1193,119300000,119300000,119300000,0,1.0,0.528825,0.65,1.0,0.528825,0.65,1.0,0.528825,0.65,593,119600000,False,1.0,5000.0,300.0,500.0,600000000000.0,100000000000.0,,1192
1,planned_restart,thermal_loop,1199,controller_tick,119400000,119.4,2,60000000,59400000,1194,119400000,RUNNING,,0,0,62,1,0,reconstructed_from_retained_wire,True,,,317.47797924154804,300.9252912370301,293.04897298730936,0.5288739793397237,0.6500000000000006,586999.999999998,593063.8015027905,0.00015039119473395012,18923.764020861483,-2.8066097002010792e-08,0.000150391,300.925,293.049,317.478,0.0,150391,1,1194,119400000,119400000,119400000,0,300925,1,1194,119400000,119400000,119400000,0,293049,1,1194,119400000,119400000,119400000,0,317478,1,1194,119400000,119400000,119400000,0,0,1,1194,119400000,119400000,119400000,0,1.0,0.528821,0.65,1.0,0.528821,0.65,1.0,0.528821,0.65,594,119700000,False,1.0,5000.0,300.0,500.0,600000000000.0,100000000000.0,,1193
1,planned_restart,thermal_loop,1200,controller_tick,119500000,119.5,2,60000000,59500000,1195,119500000,RUNNING,,0,0,62,1,0,reconstructed_from_retained_wire,True,,,317.4783209246089,300.92546438382453,293.048987871059,0.5288689376889651,0.6500000000000006,587499.999999998,593558.7505227593,0.00015038976108451639,18923.403229602285,-2.833530743373558e-08,0.00015039,300.925,293.049,317.478,0.0,150390,1,1195,119500000,119500000,119500000,0,300925,1,1195,119500000,119500000,119500000,0,293049,1,1195,119500000,119500000,119500000,0,317478,1,1195,119500000,119500000,119500000,0,0,1,1195,119500000,119500000,119500000,0,1.0,0.528815,0.65,1.0,0.528815,0.65,1.0,0.528815,0.65,595,119800000,False,1.0,5000.0,300.0,500.0,600000000000.0,100000000000.0,,1194
1,planned_restart,thermal_loop,1201,controller_tick,119600000,119.6,2,60000000,59600000,1196,119600000,RUNNING,,0,0,62,1,0,reconstructed_from_retained_wire,True,,,317.47866210279335,300.92563751567315,293.0490031073341,0.5288638048392185,0.6500000000000006,587999.999999998,594053.7002957707,0.00015038830150163662,18923.035915482633,-2.85126589005813e-08,0.000150388,300.926,293.049,317.479,0.0,150388,1,1196,119600000,119600000,119600000,0,300926,1,1196,119600000,119600000,119600000,0,293049,1,1196,119600000,119600000,119600000,0,317479,1,1196,119600000,119600000,119600000,0,0,1,1196,119600000,119600000,119600000,0,1.0,0.528811,0.65,1.0,0.528811,0.65,1.0,0.528811,0.65,596,119900000,False,1.0,5000.0,300.0,500.0,600000000000.0,100000000000.0,,1195
1,planned_restart,thermal_loop,1202,controller_tick,119700000,119.7,2,60000000,59700000,1197,119700000,RUNNING,,0,0,62,1,0,reconstructed_from_retained_wire,True,,,317.47900277757446,300.9258106324522,293.04901869364664,0.5288587797943787,0.6500000000000006,588499.999999998,594548.6508393267,0.00015038687257428043,18922.676319490765,-2.895649231504649e-08,0.000150387,300.926,293.049,317.479,0.0,150387,1,1197,119700000,119700000,119700000,0,300926,1,1197,119700000,119700000,119700000,0,293049,1,1197,119700000,119700000,119700000,0,317479,1,1197,119700000,119700000,119700000,0,0,1,1197,119700000,119700000,119700000,0,1.0,0.528806,0.65,1.0,0.528806,0.65,1.0,0.528806,0.65,597,120000000,False,1.0,5000.0,300.0,500.0,600000000000.0,100000000000.0,,1196
1,planned_restart,thermal_loop,1203,controller_tick,119800000,119.8,2,60000000,59800000,1198,119800000,RUNNING,,0,0,62,1,0,reconstructed_from_retained_wire,True,,,317.47934295040454,300.9259837291549,293.0490346307766,0.5288537571328704,0.6500000000000006,588999.999999998,595043.6021709816,0.00015038544432465108,18922.31689746622,-2.9452166927512735e-08,0.000150385,300.926,293.049,317.479,0.0,150385,1,1198,119800000,119800000,119800000,0,300926,1,1198,119800000,119800000,119800000,0,293049,1,1198,119800000,119800000,119800000,0,317479,1,1198,119800000,119800000,119800000,0,0,1,1198,119800000,119800000,119800000,0,1.0,0.528802,0.65,1.0,0.528802,0.65,1.0,0.528802,0.65,598,120100000,False,1.0,5000.0,300.0,500.0,600000000000.0,100000000000.0,,1197
1,planned_restart,thermal_loop,1204,controller_tick,119900000,119.9,2,60000000,59900000,1199,119900000,RUNNING,,0,0,62,1,0,reconstructed_from_retained_wire,True,,,317.4796826227228,300.9261568012073,293.049050919228,0.5288488317904718,0.6500000000000006,589499.999999998,595538.5543082595,0.00015038404374879228,18921.96444291921,-2.9818693292327225e-08,0.000150384,300.926,293.049,317.48,0.0,150384,1,1199,119900000,119900000,119900000,0,300926,1,1199,119900000,119900000,119900000,0,293049,1,1199,119900000,119900000,119900000,0,317480,1,1199,119900000,119900000,119900000,0,0,1,1199,119900000,119900000,119900000,0,1.0,0.528796,0.65,1.0,0.528796,0.65,1.0,0.528796,0.65,599,120200000,False,1.0,5000.0,300.0,500.0,600000000000.0,100000000000.0,,1198
1,planned_restart,thermal_loop,1205,controller_tick,120000000,120.0,2,60000000,60000000,1200,120000000,RUNNING,,0,0,62,1,0,reconstructed_from_retained_wire,True,,,317.48002179595164,300.9263298502243,293.0490675553916,0.5288438041808811,0.6500000000000006,589999.999999998,596033.5072686982,0.00015038261409212067,18921.60467357873,-2.9119291866663843e-08,0.000150383,300.926,293.049,317.48,0.0,150383,1,1200,120000000,120000000,120000000,0,300926,1,1200,120000000,120000000,120000000,0,293049,1,1200,120000000,120000000,120000000,0,317480,1,1200,120000000,120000000,120000000,0,0,1,1200,120000000,120000000,120000000,0,1.0,0.528791,0.65,1.0,0.528791,0.65,1.0,0.528791,0.65,600,120300000,False,1.0,5000.0,300.0,500.0,600000000000.0,100000000000.0,,1199
