schema_version,run_name,topology,sample_id,record_type,time_us,time_s,epoch,session_origin_us,wire_time_us,controller_tick_id,reply_time_us,controller_state,trip_reason,operation,operation_result,valid_mask,stale_mask,max_age_us,observation_cache_source,cache_matches_reply,event_ids,event_phase,wall_temperature_k,hot_temperature_k,cold_temperature_k,pump_speed,valve_opening,heat_in_j,heat_rejected_j,flow_m3_s,pump_pressure_pa,energy_residual_j,observed_flow_m3_s,observed_hot_temperature_k,observed_cold_temperature_k,observed_wall_temperature_k,observed_separate_trip,flow_value_i,flow_quality,flow_sequence,flow_source_time_us,flow_receipt_time_us,flow_last_good_source_time_us,flow_age_us,hot_value_i,hot_quality,hot_sequence,hot_source_time_us,hot_receipt_time_us,hot_last_good_source_time_us,hot_age_us,cold_value_i,cold_quality,cold_sequence,cold_source_time_us,cold_receipt_time_us,cold_last_good_source_time_us,cold_age_us,wall_value_i,wall_quality,wall_sequence,wall_source_time_us,wall_receipt_time_us,wall_last_good_source_time_us,wall_age_us,separate_value_i,separate_quality,separate_sequence,separate_source_time_us,separate_receipt_time_us,separate_last_good_source_time_us,separate_age_us,requested_heat_command,requested_pump_command,requested_valve_command,lease_heat_command,lease_pump_command,lease_valve_command,fault_heat_command,fault_pump_command,fault_valve_command,command_sequence,command_expires_us,command_expired,heat_demand_command,applied_heat_w,effective_hot_conductance_w_k,effective_sink_conductance_w_k,effective_pipe_resistance_pa_s2_m6,effective_valve_resistance_pa_s2_m6,terminal_boundary,solver_diagnostic_id
1,corrupt_flow,thermal_loop,0,event_boundary,0,0.0,1,0,0,,,DISARMED,,0,0,0,63,18446744073709551615,reconstructed_from_retained_wire,False,arm_initial,after,317.7911483254,301.1244816587,293.15,0.5274982823,0.65,0.0,0.0,0.00014999999998911826,18825.443784250852,0.0,,,,,,,,,,,,,,,,,,,,,,,,,,,,,,,,,,,,,,,,,0.0,0.0,1.0,0.0,1.0,1.0,0.0,1.0,1.0,,,True,1.0,0.0,300.0,500.0,600000000000.0,100000000000.0,,
1,corrupt_flow,thermal_loop,1,controller_tick,0,0.0,1,0,0,0,0,RUNNING,,1,1,62,1,0,reconstructed_from_retained_wire,True,,,317.7911483254,301.1244816587,293.15,0.5274982823,0.65,0.0,0.0,0.00014999999998911826,18825.443784250852,0.0,0.00015,301.124,293.15,317.791,0.0,150000,1,0,0,0,0,0,301124,1,0,0,0,0,0,293150,1,0,0,0,0,0,317791,1,0,0,0,0,0,0,1,0,0,0,0,0,1.0,0.527498,0.65,1.0,0.527498,0.65,1.0,0.527498,0.65,0,300000,False,1.0,5000.0,300.0,500.0,600000000000.0,100000000000.0,,
1,corrupt_flow,thermal_loop,2,controller_tick,100000,0.1,1,0,100000,1,100000,RUNNING,,0,0,62,1,0,reconstructed_from_retained_wire,True,,,317.7911483254015,301.1244816602444,293.14999999897066,0.5274982554356031,0.65,500.0,499.99999998265616,0.0001499999923499284,18825.441866769048,7.619291864102706e-10,0.00015,301.124,293.15,317.791,0.0,150000,1,1,100000,100000,100000,0,301124,1,1,100000,100000,100000,0,293150,1,1,100000,100000,100000,0,317791,1,1,100000,100000,100000,0,0,1,1,100000,100000,100000,0,1.0,0.527498,0.65,1.0,0.527498,0.65,1.0,0.527498,0.65,1,400000,False,1.0,5000.0,300.0,500.0,600000000000.0,100000000000.0,,0
1,corrupt_flow,thermal_loop,3,controller_tick,200000,0.2,1,0,200000,2,200000,RUNNING,,0,0,62,1,0,reconstructed_from_retained_wire,True,,,317.79114832541194,301.1244816646391,293.1499999960418,0.5274982311276916,0.65,1000.0,999.9999998654229,0.00014999998543770358,18825.440131759835,2.384012987022288e-10,0.00015,301.124,293.15,317.791,0.0,150000,1,2,200000,200000,200000,0,301124,1,2,200000,200000,200000,0,293150,1,2,200000,200000,200000,0,317791,1,2,200000,200000,200000,0,0,1,2,200000,200000,200000,0,1.0,0.527498,0.65,1.0,0.527498,0.65,1.0,0.527498,0.65,2,500000,False,1.0,5000.0,300.0,500.0,600000000000.0,100000000000.0,,1
1,corrupt_flow,thermal_loop,4,controller_tick,300000,0.3,1,0,300000,3,300000,RUNNING,,0,0,62,1,0,reconstructed_from_retained_wire,True,,,317.79114832543934,301.1244816715652,293.14999999142697,0.5274982091329836,0.65,1500.0000000000002,1499.9999995587523,0.00014999997918326388,18825.438561858653,-3.70391717297025e-10,0.00015,301.124,293.15,317.791,0.0,150000,1,3,300000,300000,300000,0,301124,1,3,300000,300000,300000,0,293150,1,3,300000,300000,300000,0,317791,1,3,300000,300000,300000,0,0,1,3,300000,300000,300000,0,1.0,0.527498,0.65,1.0,0.527498,0.65,1.0,0.527498,0.65,3,600000,False,1.0,5000.0,300.0,500.0,600000000000.0,100000000000.0,,2
1,corrupt_flow,thermal_loop,5,controller_tick,400000,0.4,1,0,400000,4,400000,RUNNING,,0,0,62,1,0,reconstructed_from_retained_wire,True,,,317.79114832549084,301.1244816807348,293.1499999853187,0.5274981892313491,0.65,2000.0000000000005,1999.9999989832415,0.00014999997352401284,18825.43714135339,-1.003400029730983e-09,0.00015,301.124,293.15,317.791,0.0,150000,1,4,400000,400000,400000,0,301124,1,4,400000,400000,400000,0,293150,1,4,400000,400000,400000,0,317791,1,4,400000,400000,400000,0,0,1,4,400000,400000,400000,0,1.0,0.527498,0.65,1.0,0.527498,0.65,1.0,0.527498,0.65,4,700000,False,1.0,5000.0,300.0,500.0,600000000000.0,100000000000.0,,3
1,corrupt_flow,thermal_loop,6,controller_tick,500000,0.5,1,0,500000,5,500000,RUNNING,,0,0,62,1,0,reconstructed_from_retained_wire,True,,,317.79114832557275,301.12448169188815,293.1499999778908,0.5274981712236053,0.65,2500.0000000000005,2499.999998068638,0.00014999996840331075,18825.435856027114,-2.630713424878195e-10,0.00015,301.124,293.15,317.791,0.0,150000,1,5,500000,500000,500000,0,301124,1,5,500000,500000,500000,0,293150,1,5,500000,500000,500000,0,317791,1,5,500000,500000,500000,0,0,1,5,500000,500000,500000,0,1.0,0.527498,0.65,1.0,0.527498,0.65,1.0,0.527498,0.65,5,800000,False,1.0,5000.0,300.0,500.0,600000000000.0,100000000000.0,,4
1,corrupt_flow,thermal_loop,7,controller_tick,600000,0.6,1,0,600000,6,600000,RUNNING,,0,0,62,1,0,reconstructed_from_retained_wire,True,,,317.7911483256905,301.1244817047911,293.1499999692998,0.5274981549295249,0.65,3000.0000000000005,2999.9999967529448,0.0001499999637699079,18825.43469301583,-9.179075277643278e-10,0.00015,301.124,293.15,317.791,0.0,150000,1,6,600000,600000,600000,0,301124,1,6,600000,600000,600000,0,293150,1,6,600000,600000,600000,0,317791,1,6,600000,600000,600000,0,0,1,6,600000,600000,600000,0,1.0,0.527498,0.65,1.0,0.527498,0.65,1.0,0.527498,0.65,6,900000,False,1.0,5000.0,300.0,500.0,600000000000.0,100000000000.0,,5
1,corrupt_flow,thermal_loop,8,controller_tick,700000,0.7,1,0,700000,7,700000,RUNNING,,0,0,62,1,0,reconstructed_from_retained_wire,True,,,317.79114832584884,301.1244817192325,293.14999995968714,0.5274981401860313,0.65,3500.0,3499.999994981602,0.00014999995957743156,18825.433640679745,-1.3694716471945867e-09,0.00015,301.124,293.15,317.791,0.0,150000,1,7,700000,700000,700000,0,301124,1,7,700000,700000,700000,0,293150,1,7,700000,700000,700000,0,317791,1,7,700000,700000,700000,0,0,1,7,700000,700000,700000,0,1.0,0.527498,0.65,1.0,0.527498,0.65,1.0,0.527498,0.65,7,1000000,False,1.0,5000.0,300.0,500.0,600000000000.0,100000000000.0,,6
1,corrupt_flow,thermal_loop,9,controller_tick,800000,0.8,1,0,800000,8,800000,RUNNING,,0,0,62,1,0,reconstructed_from_retained_wire,True,,,317.79114832605205,301.124481735022,293.14999994918014,0.5274981268455666,0.65,4000.0,3999.999992706762,0.00014999995578392217,18825.43268848671,-1.4620127330999821e-09,0.00015,301.124,293.15,317.791,0.0,150000,1,8,800000,800000,800000,0,301124,1,8,800000,800000,800000,0,293150,1,8,800000,800000,800000,0,317791,1,8,800000,800000,800000,0,0,1,8,800000,800000,800000,0,1.0,0.527498,0.65,1.0,0.527498,0.65,1.0,0.527498,0.65,8,1100000,False,1.0,5000.0,300.0,500.0,600000000000.0,100000000000.0,,7
1,corrupt_flow,thermal_loop,10,controller_tick,900000,0.9,1,0,900000,9,900000,RUNNING,,0,0,62,1,0,reconstructed_from_retained_wire,True,,,317.79114832630376,301.12448175198824,293.1499999378935,0.5274981147746151,0.65,4500.0,4499.999989886627,0.00014999995235141295,18825.43182690683,-1.6232206689892337e-09,0.00015,301.124,293.15,317.791,0.0,150000,1,9,900000,900000,900000,0,301124,1,9,900000,900000,900000,0,293150,1,9,900000,900000,900000,0,317791,1,9,900000,900000,900000,0,0,1,9,900000,900000,900000,0,1.0,0.527498,0.65,1.0,0.527498,0.65,1.0,0.527498,0.65,9,1200000,False,1.0,5000.0,300.0,500.0,600000000000.0,100000000000.0,,8
1,corrupt_flow,thermal_loop,11,controller_tick,1000000,1.0,1,0,1000000,10,1000000,RUNNING,,0,0,62,1,0,reconstructed_from_retained_wire,True,,,317.7911483266071,301.1244817699767,293.14999992593056,0.5274981038523663,0.65,5000.0,4999.999986484845,0.00014999994924555008,18825.431047317143,-1.9520030036801472e-09,0.00015,301.124,293.15,317.791,0.0,150000,1,10,1000000,1000000,1000000,0,301124,1,10,1000000,1000000,1000000,0,293150,1,10,1000000,1000000,1000000,0,317791,1,10,1000000,1000000,1000000,0,0,1,10,1000000,1000000,1000000,0,1.0,0.527498,0.65,1.0,0.527498,0.65,1.0,0.527498,0.65,10,1300000,False,1.0,5000.0,300.0,500.0,600000000000.0,100000000000.0,,9
1,corrupt_flow,thermal_loop,12,controller_tick,1100000,1.1,1,0,1100000,11,1100000,RUNNING,,0,0,62,1,0,reconstructed_from_retained_wire,True,,,317.7911483269648,301.1244817888483,293.1499999133844,0.527498093969507,0.65,5500.0,5499.99998246997,0.00014999994643524918,18825.430341915227,-1.5263594832504168e-09,0.00015,301.124,293.15,317.791,0.0,150000,1,11,1100000,1100000,1100000,0,301124,1,11,1100000,1100000,1100000,0,293150,1,11,1100000,1100000,1100000,0,317791,1,11,1100000,1100000,1100000,0,0,1,11,1100000,1100000,1100000,0,1.0,0.527498,0.65,1.0,0.527498,0.65,1.0,0.527498,0.65,11,1400000,False,1.0,5000.0,300.0,500.0,600000000000.0,100000000000.0,,10
1,corrupt_flow,thermal_loop,13,controller_tick,1200000,1.2,1,0,1200000,12,1200000,RUNNING,,0,0,62,1,0,reconstructed_from_retained_wire,True,,,317.7911483273791,301.12448180847804,293.14999990033874,0.527498085027126,0.65,6000.0,5999.9999778149695,0.00014999994389238374,18825.429703641195,-1.4076704246690497e-09,0.00015,301.124,293.15,317.791,0.0,150000,1,12,1200000,1200000,1200000,0,301124,1,12,1200000,1200000,1200000,0,293150,1,12,1200000,1200000,1200000,0,317791,1,12,1200000,1200000,1200000,0,0,1,12,1200000,1200000,1200000,0,1.0,0.527498,0.65,1.0,0.527498,0.65,1.0,0.527498,0.65,12,1500000,False,1.0,5000.0,300.0,500.0,600000000000.0,100000000000.0,,11
1,corrupt_flow,thermal_loop,14,controller_tick,1300000,1.3,1,0,1300000,13,1300000,RUNNING,,0,0,62,1,0,reconstructed_from_retained_wire,True,,,317.791148327852,301.12448182875346,293.14999988686884,0.527498076935725,0.65,6500.0,6499.999972496782,0.00014999994159150396,18825.429126106967,-8.167262421920896e-10,0.00015,301.124,293.15,317.791,0.0,150000,1,13,1300000,1300000,1300000,0,301124,1,13,1300000,1300000,1300000,0,293150,1,13,1300000,1300000,1300000,0,317791,1,13,1300000,1300000,1300000,0,0,1,13,1300000,1300000,1300000,0,1.0,0.527498,0.65,1.0,0.527498,0.65,1.0,0.527498,0.65,13,1600000,False,1.0,5000.0,300.0,500.0,600000000000.0,100000000000.0,,12
1,corrupt_flow,thermal_loop,15,controller_tick,1400000,1.4,1,0,1400000,14,1400000,RUNNING,,0,0,62,1,0,reconstructed_from_retained_wire,True,,,317.7911483283851,301.1244818495733,293.14999987304236,0.5274980696143229,0.65,7000.0,6999.999966495919,0.00014999993950958187,18825.428603532415,-8.567440090700984e-10,0.00015,301.124,293.15,317.791,0.0,150000,1,14,1400000,1400000,1400000,0,301124,1,14,1400000,1400000,1400000,0,293150,1,14,1400000,1400000,1400000,0,317791,1,14,1400000,1400000,1400000,0,0,1,14,1400000,1400000,1400000,0,1.0,0.527498,0.65,1.0,0.527498,0.65,1.0,0.527498,0.65,14,1700000,False,1.0,5000.0,300.0,500.0,600000000000.0,100000000000.0,,13
1,corrupt_flow,thermal_loop,16,controller_tick,1500000,1.5,1,0,1500000,15,1500000,RUNNING,,0,0,62,1,0,reconstructed_from_retained_wire,True,,,317.7911483289796,301.1244818708469,293.1499998589201,0.5274980629896441,0.65,7500.0,7499.999959796098,0.0001499999376257808,18825.428130687396,-1.0270468919770792e-09,0.00015,301.124,293.15,317.791,0.0,150000,1,15,1500000,1500000,1500000,0,301124,1,15,1500000,1500000,1500000,0,293150,1,15,1500000,1500000,1500000,0,317791,1,15,1500000,1500000,1500000,0,0,1,15,1500000,1500000,1500000,0,1.0,0.527498,0.65,1.0,0.527498,0.65,1.0,0.527498,0.65,15,1800000,False,1.0,5000.0,300.0,500.0,600000000000.0,100000000000.0,,14
1,corrupt_flow,thermal_loop,17,controller_tick,1600000,1.6,1,0,1600000,16,1600000,RUNNING,,0,0,62,1,0,reconstructed_from_retained_wire,True,,,317.79114832963666,301.12448189249267,293.1499998445568,0.527498056995387,0.65,8000.0,7999.9999523839215,0.00014999993592124718,18825.42770283955,-1.23463905765675e-10,0.00015,301.124,293.15,317.791,0.0,150000,1,16,1600000,1600000,1600000,0,301124,1,16,1600000,1600000,1600000,0,293150,1,16,1600000,1600000,1600000,0,317791,1,16,1600000,1600000,1600000,0,0,1,16,1600000,1600000,1600000,0,1.0,0.527498,0.65,1.0,0.527498,0.65,1.0,0.527498,0.65,16,1900000,False,1.0,5000.0,300.0,500.0,600000000000.0,100000000000.0,,15
1,corrupt_flow,thermal_loop,18,controller_tick,1700000,1.7,1,0,1700000,17,1700000,RUNNING,,0,0,62,1,0,reconstructed_from_retained_wire,True,,,317.791148330357,301.12448191443747,293.14999983000126,0.5274980515715588,0.65,8500.000000000002,8499.999944248582,0.00014999993437892135,18825.42731570681,-3.7766767491120845e-10,0.00015,301.124,293.15,317.791,0.0,150000,1,17,1700000,1700000,1700000,0,301124,1,17,1700000,1700000,1700000,0,293150,1,17,1700000,1700000,1700000,0,317791,1,17,1700000,1700000,1700000,0,0,1,17,1700000,1700000,1700000,0,1.0,0.527498,0.65,1.0,0.527498,0.65,1.0,0.527498,0.65,17,2000000,False,1.0,5000.0,300.0,500.0,600000000000.0,100000000000.0,,16
1,corrupt_flow,thermal_loop,19,controller_tick,1800000,1.8,1,0,1800000,18,1800000,RUNNING,,0,0,62,1,0,reconstructed_from_retained_wire,True,,,317.7911483311413,301.12448193661567,293.14999981529746,0.5274980466638761,0.65,9000.000000000002,8999.999935381584,0.0001499999329833672,18825.42696541462,-4.160938260611147e-11,0.00015,301.124,293.15,317.791,0.0,150000,1,18,1800000,1800000,1800000,0,301124,1,18,1800000,1800000,1800000,0,293150,1,18,1800000,1800000,1800000,0,317791,1,18,1800000,1800000,1800000,0,0,1,18,1800000,1800000,1800000,0,1.0,0.527498,0.65,1.0,0.527498,0.65,1.0,0.527498,0.65,18,2100000,False,1.0,5000.0,300.0,500.0,600000000000.0,100000000000.0,,17
1,corrupt_flow,thermal_loop,20,controller_tick,1900000,1.9,1,0,1900000,19,1900000,RUNNING,,0,0,62,1,0,reconstructed_from_retained_wire,True,,,317.79114833199,301.1244819589687,293.1499998004847,0.5274980422232212,0.65,9500.000000000002,9499.999925776516,0.00014999993172061762,18825.42664845714,9.722498361952603e-10,0.00015,301.124,293.15,317.791,0.0,150000,1,19,1900000,1900000,1900000,0,301124,1,19,1900000,1900000,1900000,0,293150,1,19,1900000,1900000,1900000,0,317791,1,19,1900000,1900000,1900000,0,0,1,19,1900000,1900000,1900000,0,1.0,0.527498,0.65,1.0,0.527498,0.65,1.0,0.527498,0.65,19,2200000,False,1.0,5000.0,300.0,500.0,600000000000.0,100000000000.0,,18
1,corrupt_flow,thermal_loop,21,controller_tick,2000000,2.0,1,0,2000000,20,2000000,RUNNING,,0,0,62,1,0,reconstructed_from_retained_wire,True,,,317.7911483329032,301.1244819814441,293.149999785598,0.5274980382051504,0.65,10000.000000000002,9999.999915428825,0.00014999993057803455,18825.426361662154,1.0975327313644812e-09,0.00015,301.124,293.15,317.791,0.0,150000,1,20,2000000,2000000,2000000,0,301124,1,20,2000000,2000000,2000000,0,293150,1,20,2000000,2000000,2000000,0,317791,1,20,2000000,2000000,2000000,0,0,1,20,2000000,2000000,2000000,0,1.0,0.527498,0.65,1.0,0.527498,0.65,1.0,0.527498,0.65,20,2300000,False,1.0,5000.0,300.0,500.0,600000000000.0,100000000000.0,,19
1,corrupt_flow,thermal_loop,22,controller_tick,2100000,2.1,1,0,2100000,21,2100000,RUNNING,,0,0,62,1,0,reconstructed_from_retained_wire,True,,,317.7911483338812,301.12448200399484,293.1499997706689,0.5274980345694497,0.65,10500.000000000004,10499.999904335615,0.00014999992954418265,18825.426102159327,8.033111953409389e-10,0.00015,301.124,293.15,317.791,0.0,150000,1,21,2100000,2100000,2100000,0,301124,1,21,2100000,2100000,2100000,0,293150,1,21,2100000,2100000,2100000,0,317791,1,21,2100000,2100000,2100000,0,0,1,21,2100000,2100000,2100000,0,1.0,0.527498,0.65,1.0,0.527498,0.65,1.0,0.527498,0.65,21,2400000,False,1.0,5000.0,300.0,500.0,600000000000.0,100000000000.0,,20
1,corrupt_flow,thermal_loop,23,controller_tick,2200000,2.2,1,0,2200000,22,2200000,RUNNING,,0,0,62,1,0,reconstructed_from_retained_wire,True,,,317.7911483349239,301.1244820265792,293.14999975572533,0.5274980312797316,0.65,11000.000000000004,10999.999892495478,0.00014999992860871474,18825.425867351463,2.5715962692629546e-10,0.00015,301.124,293.15,317.791,0.0,150000,1,22,2200000,2200000,2200000,0,301124,1,22,2200000,2200000,2200000,0,293150,1,22,2200000,2200000,2200000,0,317791,1,22,2200000,2200000,2200000,0,0,1,22,2200000,2200000,2200000,0,1.0,0.527498,0.65,1.0,0.527498,0.65,1.0,0.527498,0.65,22,2500000,False,1.0,5000.0,300.0,500.0,600000000000.0,100000000000.0,,21
1,corrupt_flow,thermal_loop,24,controller_tick,2300000,2.3,1,0,2300000,23,2300000,RUNNING,,0,0,62,1,0,reconstructed_from_retained_wire,True,,,317.7911483360311,301.1244820491599,293.1499997407924,0.5274980283030716,0.65,11500.000000000005,11499.999879908333,0.00014999992776226838,18825.425654888517,7.571543392259628e-10,0.00015,301.124,293.15,317.791,0.0,150000,1,23,2300000,2300000,2300000,0,301124,1,23,2300000,2300000,2300000,0,293150,1,23,2300000,2300000,2300000,0,317791,1,23,2300000,2300000,2300000,0,0,1,23,2300000,2300000,2300000,0,1.0,0.527498,0.65,1.0,0.527498,0.65,1.0,0.527498,0.65,23,2600000,False,1.0,5000.0,300.0,500.0,600000000000.0,100000000000.0,,22
1,corrupt_flow,thermal_loop,25,controller_tick,2400000,2.4,1,0,2400000,24,2400000,RUNNING,,0,0,62,1,0,reconstructed_from_retained_wire,True,,,317.7911483372025,301.1244820717037,293.1499997258922,0.5274980256096782,0.65,12000.000000000005,11999.999866575272,0.00014999992699637202,18825.425462644092,-1.566604623803869e-10,0.00015,301.124,293.15,317.791,0.0,150000,1,24,2400000,2400000,2400000,0,301124,1,24,2400000,2400000,2400000,0,293150,1,24,2400000,2400000,2400000,0,317791,1,24,2400000,2400000,2400000,0,0,1,24,2400000,2400000,2400000,0,1.0,0.527498,0.65,1.0,0.527498,0.65,1.0,0.527498,0.65,24,2700000,False,1.0,5000.0,300.0,500.0,600000000000.0,100000000000.0,,23
1,corrupt_flow,thermal_loop,26,controller_tick,2500000,2.5,1,0,2500000,25,2500000,RUNNING,,0,0,62,1,0,reconstructed_from_retained_wire,True,,,317.79114833843795,301.1244820941813,293.14999971104453,0.5274980231725951,0.65,12500.000000000007,12499.999852498433,0.00014999992630336035,18825.425288694147,2.2873791749589145e-10,0.00015,301.124,293.15,317.791,0.0,150000,1,25,2500000,2500000,2500000,0,301124,1,25,2500000,2500000,2500000,0,293150,1,25,2500000,2500000,2500000,0,317791,1,25,2500000,2500000,2500000,0,0,1,25,2500000,2500000,2500000,0,1.0,0.527498,0.65,1.0,0.527498,0.65,1.0,0.527498,0.65,25,2800000,False,1.0,5000.0,300.0,500.0,600000000000.0,100000000000.0,,24
1,corrupt_flow,thermal_loop,27,controller_tick,2600000,2.6,1,0,2600000,26,2600000,RUNNING,,0,0,62,1,0,reconstructed_from_retained_wire,True,,,317.7911483397369,301.1244821165665,293.1499996962669,0.5274980209674311,0.65,13000.00000000001,12999.999837680894,0.00014999992567629747,18825.425131297736,8.274128049379215e-10,0.00015,301.124,293.15,317.791,0.0,150000,1,26,2600000,2600000,2600000,0,301124,1,26,2600000,2600000,2600000,0,293150,1,26,2600000,2600000,2600000,0,317791,1,26,2600000,2600000,2600000,0,0,1,26,2600000,2600000,2600000,0,1.0,0.527498,0.65,1.0,0.527498,0.65,1.0,0.527498,0.65,26,2900000,False,1.0,5000.0,300.0,500.0,600000000000.0,100000000000.0,,25
1,corrupt_flow,thermal_loop,28,controller_tick,2700000,2.7,1,0,2700000,27,2700000,RUNNING,,0,0,62,1,0,reconstructed_from_retained_wire,True,,,317.7911483410988,301.1244821388363,293.1499996815747,0.5274980189721162,0.65,13500.000000000011,13499.99982212655,0.0001499999251089075,18825.424988879568,6.55518306302838e-10,0.00015,301.124,293.15,317.791,0.0,150000,1,27,2700000,2700000,2700000,0,301124,1,27,2700000,2700000,2700000,0,293150,1,27,2700000,2700000,2700000,0,317791,1,27,2700000,2700000,2700000,0,0,1,27,2700000,2700000,2700000,0,1.0,0.527498,0.65,1.0,0.527498,0.65,1.0,0.527498,0.65,27,3000000,False,1.0,5000.0,300.0,500.0,600000000000.0,100000000000.0,,26
1,corrupt_flow,thermal_loop,29,controller_tick,2800000,2.8,1,0,2800000,28,2800000,RUNNING,,0,0,62,1,0,reconstructed_from_retained_wire,True,,,317.7911483425231,301.12448216097033,293.1499996669816,0.5274980171666807,0.65,14000.000000000013,13999.99980584002,0.0001499999245955118,18825.424860014282,7.855760486563668e-10,0.00015,301.124,293.15,317.791,0.0,150000,1,28,2800000,2800000,2800000,0,301124,1,28,2800000,2800000,2800000,0,293150,1,28,2800000,2800000,2800000,0,317791,1,28,2800000,2800000,2800000,0,0,1,28,2800000,2800000,2800000,0,1.0,0.527498,0.65,1.0,0.527498,0.65,1.0,0.527498,0.65,28,3100000,False,1.0,5000.0,300.0,500.0,600000000000.0,100000000000.0,,27
1,corrupt_flow,thermal_loop,30,controller_tick,2900000,2.9,1,0,2900000,29,2900000,RUNNING,,0,0,62,1,0,reconstructed_from_retained_wire,True,,,317.7911483440093,301.12448218295077,293.14999965249956,0.5274980155330551,0.65,14500.000000000015,14499.999788826564,0.0001499999241309722,18825.424743412157,5.579749995376915e-10,0.00015,301.124,293.15,317.791,0.0,150000,1,29,2900000,2900000,2900000,0,301124,1,29,2900000,2900000,2900000,0,293150,1,29,2900000,2900000,2900000,0,317791,1,29,2900000,2900000,2900000,0,0,1,29,2900000,2900000,2900000,0,1.0,0.527498,0.65,1.0,0.527498,0.65,1.0,0.527498,0.65,29,3200000,False,1.0,5000.0,300.0,500.0,600000000000.0,100000000000.0,,28
1,corrupt_flow,thermal_loop,31,controller_tick,3000000,3.0,1,0,3000000,30,3000000,RUNNING,,0,0,62,1,0,reconstructed_from_retained_wire,True,,,317.7911483455566,301.1244822047619,293.14999963813915,0.5274980140548895,0.65,15000.000000000015,14999.999771092007,0.0001499999237106394,18825.424637906184,6.391474016709253e-10,0.00015,301.124,293.15,317.791,0.0,150000,1,30,3000000,3000000,3000000,0,301124,1,30,3000000,3000000,3000000,0,293150,1,30,3000000,3000000,3000000,0,317791,1,30,3000000,3000000,3000000,0,0,1,30,3000000,3000000,3000000,0,1.0,0.527498,0.65,1.0,0.527498,0.65,1.0,0.527498,0.65,30,3300000,False,1.0,5000.0,300.0,500.0,600000000000.0,100000000000.0,,29
1,corrupt_flow,thermal_loop,32,controller_tick,3100000,3.1,1,0,3100000,31,3100000,RUNNING,,0,0,62,1,0,reconstructed_from_retained_wire,True,,,317.7911483471643,301.12448222639006,293.14999962390954,0.5274980127173898,0.65,15500.000000000016,15499.999752642661,0.00014999992333030653,18825.424542440425,5.691163096344098e-10,0.00015,301.124,293.15,317.791,0.0,150000,1,31,3100000,3100000,3100000,0,301124,1,31,3100000,3100000,3100000,0,293150,1,31,3100000,3100000,3100000,0,317791,1,31,3100000,3100000,3100000,0,0,1,31,3100000,3100000,3100000,0,1.0,0.527498,0.65,1.0,0.527498,0.65,1.0,0.527498,0.65,31,3400000,False,1.0,5000.0,300.0,500.0,600000000000.0,100000000000.0,,30
1,corrupt_flow,thermal_loop,33,controller_tick,3200000,3.2,1,0,3200000,32,3200000,RUNNING,,0,0,62,1,0,reconstructed_from_retained_wire,True,,,317.7911483488317,301.12448224782355,293.14999960981856,0.5274980115071701,0.65,16000.000000000018,15999.999733485272,0.0001499999229861671,18825.424456059438,2.7330315788276494e-10,0.00015,301.124,293.15,317.791,0.0,150000,1,32,3200000,3200000,3200000,0,301124,1,32,3200000,3200000,3200000,0,293150,1,32,3200000,3200000,3200000,0,317791,1,32,3200000,3200000,3200000,0,0,1,32,3200000,3200000,3200000,0,1.0,0.527498,0.65,1.0,0.527498,0.65,1.0,0.527498,0.65,32,3500000,False,1.0,5000.0,300.0,500.0,600000000000.0,100000000000.0,,31
1,corrupt_flow,thermal_loop,34,controller_tick,3300000,3.3,1,0,3300000,33,3300000,RUNNING,,0,0,62,1,0,reconstructed_from_retained_wire,True,,,317.79114835055805,301.12448226905195,293.1499995958732,0.5274980104121181,0.65,16500.00000000002,16499.99971362695,0.00014999992267477686,18825.424377898686,1.8530954548623413e-10,0.00015,301.124,293.15,317.791,0.0,150000,1,33,3300000,3300000,3300000,0,301124,1,33,3300000,3300000,3300000,0,293150,1,33,3300000,3300000,3300000,0,317791,1,33,3300000,3300000,3300000,0,0,1,33,3300000,3300000,3300000,0,1.0,0.527498,0.65,1.0,0.527498,0.65,1.0,0.527498,0.65,33,3600000,False,1.0,5000.0,300.0,500.0,600000000000.0,100000000000.0,,32
1,corrupt_flow,thermal_loop,35,controller_tick,3400000,3.4,1,0,3400000,34,3400000,RUNNING,,0,0,62,1,0,reconstructed_from_retained_wire,True,,,317.7911483523424,301.1244822900667,293.1499995820794,0.5274980094212741,0.65,17000.00000000002,16999.999693075122,0.00014999992239301936,18825.424307175927,3.0399860406760126e-10,0.00015,301.124,293.15,317.791,0.0,150000,1,34,3400000,3400000,3400000,0,301124,1,34,3400000,3400000,3400000,0,293150,1,34,3400000,3400000,3400000,0,317791,1,34,3400000,3400000,3400000,0,0,1,34,3400000,3400000,3400000,0,1.0,0.527498,0.65,1.0,0.527498,0.65,1.0,0.527498,0.65,34,3700000,False,1.0,5000.0,300.0,500.0,600000000000.0,100000000000.0,,33
1,corrupt_flow,thermal_loop,36,controller_tick,3500000,3.5,1,0,3500000,35,3500000,RUNNING,,0,0,62,1,0,reconstructed_from_retained_wire,True,,,317.7911483541841,301.1244823108601,293.14999956844207,0.5274980085247214,0.65,17500.00000000002,17499.999671837497,0.00014999992213807464,18825.42424318332,7.055405149003491e-10,0.00015,301.124,293.15,317.791,0.0,150000,1,35,3500000,3500000,3500000,0,301124,1,35,3500000,3500000,3500000,0,293150,1,35,3500000,3500000,3500000,0,317791,1,35,3500000,3500000,3500000,0,0,1,35,3500000,3500000,3500000,0,1.0,0.527498,0.65,1.0,0.527498,0.65,1.0,0.527498,0.65,35,3800000,False,1.0,5000.0,300.0,500.0,600000000000.0,100000000000.0,,34
1,corrupt_flow,thermal_loop,37,controller_tick,3600000,3.6,1,0,3600000,36,3600000,RUNNING,,0,0,62,1,0,reconstructed_from_retained_wire,True,,,317.7911483560822,301.124482331426,293.1499995549655,0.5274980077134869,0.65,18000.00000000002,17999.99964992201,0.00014999992190739108,18825.424185280415,1.276703187613748e-09,0.00015,301.124,293.15,317.791,0.0,150000,1,36,3600000,3600000,3600000,0,301124,1,36,3600000,3600000,3600000,0,293150,1,36,3600000,3600000,3600000,0,317791,1,36,3600000,3600000,3600000,0,0,1,36,3600000,3600000,3600000,0,1.0,0.527498,0.65,1.0,0.527498,0.65,1.0,0.527498,0.65,36,3900000,False,1.0,5000.0,300.0,500.0,600000000000.0,100000000000.0,,35
1,corrupt_flow,thermal_loop,38,controller_tick,3700000,3.7,1,0,3700000,37,3700000,RUNNING,,0,0,62,1,0,reconstructed_from_retained_wire,True,,,317.79114835803585,301.1244823517591,293.1499995416532,0.5274980069794516,0.65,18500.000000000022,18499.99962733679,0.00014999992169866,18825.424132887703,8.085407898761332e-10,0.00015,301.124,293.15,317.791,0.0,150000,1,37,3700000,3700000,3700000,0,301124,1,37,3700000,3700000,3700000,0,293150,1,37,3700000,3700000,3700000,0,317791,1,37,3700000,3700000,3700000,0,0,1,37,3700000,3700000,3700000,0,1.0,0.527498,0.65,1.0,0.527498,0.65,1.0,0.527498,0.65,37,4000000,False,1.0,5000.0,300.0,500.0,600000000000.0,100000000000.0,,36
1,corrupt_flow,thermal_loop,39,controller_tick,3800000,3.8,1,0,3800000,38,3800000,RUNNING,,0,0,62,1,0,reconstructed_from_retained_wire,True,,,317.79114836004425,301.12448237185515,293.14999952850803,0.527498006315269,0.65,19000.000000000022,18999.99960409012,0.0001499999215097923,18825.424085480816,5.843503458891064e-10,0.00015,301.124,293.15,317.791,0.0,150000,1,38,3800000,3800000,3800000,0,301124,1,38,3800000,3800000,3800000,0,293150,1,38,3800000,3800000,3800000,0,317791,1,38,3800000,3800000,3800000,0,0,1,38,3800000,3800000,3800000,0,1.0,0.527498,0.65,1.0,0.527498,0.65,1.0,0.527498,0.65,38,4100000,False,1.0,5000.0,300.0,500.0,600000000000.0,100000000000.0,,37
1,corrupt_flow,thermal_loop,40,controller_tick,3900000,3.9,1,0,3900000,39,3900000,RUNNING,,0,0,62,1,0,reconstructed_from_retained_wire,True,,,317.7911483621064,301.12448239171067,293.1499995155324,0.5274980057142916,0.65,19500.000000000025,19499.99958019042,0.0001499999213388977,18825.424042585284,6.45741238258779e-11,0.00015,301.124,293.15,317.791,0.0,150000,1,39,3900000,3900000,3900000,0,301124,1,39,3900000,3900000,3900000,0,293150,1,39,3900000,3900000,3900000,0,317791,1,39,3900000,3900000,3900000,0,0,1,39,3900000,3900000,3900000,0,1.0,0.527498,0.65,1.0,0.527498,0.65,1.0,0.527498,0.65,39,4200000,False,1.0,5000.0,300.0,500.0,600000000000.0,100000000000.0,,38
1,corrupt_flow,thermal_loop,41,controller_tick,4000000,4.0,1,0,4000000,40,4000000,RUNNING,,0,0,62,1,0,reconstructed_from_retained_wire,True,,,317.79114836422156,301.1244824113231,293.149999502728,0.5274980051705048,0.65,20000.00000000003,19999.999555646213,0.00014999992118426588,18825.424003771805,5.979927664157003e-11,0.00015,301.124,293.15,317.791,0.0,150000,1,40,4000000,4000000,4000000,0,301124,1,40,4000000,4000000,4000000,0,293150,1,40,4000000,4000000,4000000,0,317791,1,40,4000000,4000000,4000000,0,0,1,40,4000000,4000000,4000000,0,1.0,0.527498,0.65,1.0,0.527498,0.65,1.0,0.527498,0.65,40,4300000,False,1.0,5000.0,300.0,500.0,600000000000.0,100000000000.0,,39
1,corrupt_flow,thermal_loop,42,controller_tick,4100000,4.1,1,0,4100000,41,4100000,RUNNING,,0,0,62,1,0,reconstructed_from_retained_wire,True,,,317.7911483663887,301.1244824306903,293.1499994900963,0.5274980046784663,0.65,20500.00000000003,20499.9995304661,0.00014999992104434924,18825.42396865192,2.1964297047816217e-10,0.00015,301.124,293.15,317.791,0.0,150000,1,41,4100000,4100000,4100000,0,301124,1,41,4100000,4100000,4100000,0,293150,1,41,4100000,4100000,4100000,0,317791,1,41,4100000,4100000,4100000,0,0,1,41,4100000,4100000,4100000,0,1.0,0.527498,0.65,1.0,0.527498,0.65,1.0,0.527498,0.65,41,4400000,False,1.0,5000.0,300.0,500.0,600000000000.0,100000000000.0,,40
1,corrupt_flow,thermal_loop,43,controller_tick,4200000,4.2,1,0,4200000,42,4200000,RUNNING,,0,0,62,1,0,reconstructed_from_retained_wire,True,,,317.791148368607,301.124482449811,293.1499994776381,0.5274980042332513,0.65,21000.000000000025,20999.999504658732,0.00014999992091774744,18825.423936874133,-7.532889867434278e-10,0.00015,301.124,293.15,317.791,0.0,150000,1,42,4200000,4200000,4200000,0,301124,1,42,4200000,4200000,4200000,0,293150,1,42,4200000,4200000,4200000,0,317791,1,42,4200000,4200000,4200000,0,0,1,42,4200000,4200000,4200000,0,1.0,0.527498,0.65,1.0,0.527498,0.65,1.0,0.527498,0.65,42,4500000,False,1.0,5000.0,300.0,500.0,600000000000.0,100000000000.0,,41
1,corrupt_flow,thermal_loop,44,controller_tick,4300000,4.3,1,0,4300000,43,4300000,RUNNING,,0,0,62,1,0,reconstructed_from_retained_wire,True,,,317.7911483708756,301.12448246868445,293.14999946535414,0.5274980038304042,0.65,21500.000000000025,21499.99947823281,0.00014999992080319338,18825.423908120407,-1.7394086171407253e-10,0.00015,301.124,293.15,317.791,0.0,150000,1,43,4300000,4300000,4300000,0,301124,1,43,4300000,4300000,4300000,0,293150,1,43,4300000,4300000,4300000,0,317791,1,43,4300000,4300000,4300000,0,0,1,43,4300000,4300000,4300000,0,1.0,0.527498,0.65,1.0,0.527498,0.65,1.0,0.527498,0.65,43,4600000,False,1.0,5000.0,300.0,500.0,600000000000.0,100000000000.0,,42
1,corrupt_flow,thermal_loop,45,controller_tick,4400000,4.4,1,0,4400000,44,4400000,RUNNING,,0,0,62,1,0,reconstructed_from_retained_wire,True,,,317.79114837319355,301.1244824873102,293.1499994532445,0.527498003465893,0.65,22000.000000000025,21999.99945119705,0.00014999992069954056,18825.42388210295,2.5056579033844173e-10,0.00015,301.124,293.15,317.791,0.0,150000,1,44,4400000,4400000,4400000,0,301124,1,44,4400000,4400000,4400000,0,293150,1,44,4400000,4400000,4400000,0,317791,1,44,4400000,4400000,4400000,0,0,1,44,4400000,4400000,4400000,0,1.0,0.527498,0.65,1.0,0.527498,0.65,1.0,0.527498,0.65,44,4700000,False,1.0,5000.0,300.0,500.0,600000000000.0,100000000000.0,,43
1,corrupt_flow,thermal_loop,46,controller_tick,4500000,4.5,1,0,4500000,45,4500000,RUNNING,,0,0,62,1,0,reconstructed_from_retained_wire,True,,,317.79114837556,301.1244825056883,293.14999944130926,0.5274980031360698,0.65,22500.000000000025,22499.99942356017,0.00014999992060575165,18825.423858561386,8.546976459911093e-10,0.00015,301.124,293.15,317.791,0.0,150000,1,45,4500000,4500000,4500000,0,301124,1,45,4500000,4500000,4500000,0,293150,1,45,4500000,4500000,4500000,0,317791,1,45,4500000,4500000,4500000,0,0,1,45,4500000,4500000,4500000,0,1.0,0.527498,0.65,1.0,0.527498,0.65,1.0,0.527498,0.65,45,4800000,False,1.0,5000.0,300.0,500.0,600000000000.0,100000000000.0,,44
1,corrupt_flow,thermal_loop,47,controller_tick,4600000,4.6,1,0,4600000,46,4600000,RUNNING,,0,0,62,1,0,reconstructed_from_retained_wire,True,,,317.79114837797397,301.1244825238193,293.14999942954796,0.5274980028376334,0.65,23000.000000000025,22999.999395330877,0.00014999992052088795,18825.42383726011,-2.660272002685815e-10,0.00015,301.124,293.15,317.791,0.0,150000,1,46,4600000,4600000,4600000,0,301124,1,46,4600000,4600000,4600000,0,293150,1,46,4600000,4600000,4600000,0,317791,1,46,4600000,4600000,4600000,0,0,1,46,4600000,4600000,4600000,0,1.0,0.527498,0.65,1.0,0.527498,0.65,1.0,0.527498,0.65,46,4900000,False,1.0,5000.0,300.0,500.0,600000000000.0,100000000000.0,,45
1,corrupt_flow,thermal_loop,48,controller_tick,4700000,4.7,1,0,4700000,47,4700000,RUNNING,,0,0,62,1,0,reconstructed_from_retained_wire,True,,,317.7911483804347,301.124482541704,293.1499994179602,0.5274980025675968,0.65,23500.000000000025,23499.99936651786,0.00014999992044410003,18825.423817985902,-1.5052137314341962e-10,0.00015,301.124,293.15,317.791,0.0,150000,1,47,4700000,4700000,4700000,0,301124,1,47,4700000,4700000,4700000,0,293150,1,47,4700000,4700000,4700000,0,317791,1,47,4700000,4700000,4700000,0,0,1,47,4700000,4700000,4700000,0,1.0,0.527498,0.65,1.0,0.527498,0.65,1.0,0.527498,0.65,47,5000000,False,1.0,5000.0,300.0,500.0,600000000000.0,100000000000.0,,46
1,corrupt_flow,thermal_loop,49,controller_tick,4800000,4.8,1,0,4800000,48,4800000,RUNNING,,0,0,62,1,0,reconstructed_from_retained_wire,True,,,317.7911483829413,301.12448255934356,293.1499994065452,0.5274980023232577,0.65,24000.000000000025,23999.999337129775,0.0001499999203746195,18825.423800545883,-2.7898749976884574e-10,0.00015,301.124,293.15,317.791,0.0,150000,1,48,4800000,4800000,4800000,0,301124,1,48,4800000,4800000,4800000,0,293150,1,48,4800000,4800000,4800000,0,317791,1,48,4800000,4800000,4800000,0,0,1,48,4800000,4800000,4800000,0,1.0,0.527498,0.65,1.0,0.527498,0.65,1.0,0.527498,0.65,48,5100000,False,1.0,5000.0,300.0,500.0,600000000000.0,100000000000.0,,47
1,corrupt_flow,thermal_loop,50,controller_tick,4900000,4.9,1,0,4900000,49,4900000,RUNNING,,0,0,62,1,0,reconstructed_from_retained_wire,True,,,317.7911483854928,301.12448257673935,293.14999939530196,0.5274980021021706,0.65,24500.000000000025,24499.99930717524,0.00014999992031175093,18825.423784765502,-8.008100849110633e-10,0.00015,301.124,293.15,317.791,0.0,150000,1,49,4900000,4900000,4900000,0,301124,1,49,4900000,4900000,4900000,0,293150,1,49,4900000,4900000,4900000,0,317791,1,49,4900000,4900000,4900000,0,0,1,49,4900000,4900000,4900000,0,1.0,0.527498,0.65,1.0,0.527498,0.65,1.0,0.527498,0.65,49,5200000,False,1.0,5000.0,300.0,500.0,600000000000.0,100000000000.0,,48
1,corrupt_flow,thermal_loop,51,controller_tick,5000000,5.0,1,0,5000000,50,5000000,RUNNING,,0,0,62,1,0,reconstructed_from_retained_wire,True,,,317.7911483880885,301.124482593893,293.14999938422955,0.5274980019021226,0.65,25000.000000000025,24999.99927666282,0.00014999992025486507,18825.42377048682,8.139977580867708e-11,0.00015,301.124,293.15,317.791,0.0,150000,1,50,5000000,5000000,5000000,0,301124,1,50,5000000,5000000,5000000,0,293150,1,50,5000000,5000000,5000000,0,317791,1,50,5000000,5000000,5000000,0,0,1,50,5000000,5000000,5000000,0,1.0,0.527498,0.65,1.0,0.527498,0.65,1.0,0.527498,0.65,50,5300000,False,1.0,5000.0,300.0,500.0,600000000000.0,100000000000.0,,49
1,corrupt_flow,thermal_loop,52,controller_tick,5100000,5.1,1,0,5100000,51,5100000,RUNNING,,0,0,62,1,0,reconstructed_from_retained_wire,True,,,317.79114839072736,301.12448261080635,293.1499993733266,0.5274980017211117,0.65,25500.000000000025,25499.99924560102,0.0001499999202033926,18825.42375756694,-7.878497854107991e-10,0.00015,301.124,293.15,317.791,0.0,150000,1,51,5100000,5100000,5100000,0,301124,1,51,5100000,5100000,5100000,0,293150,1,51,5100000,5100000,5100000,0,317791,1,51,5100000,5100000,5100000,0,0,1,51,5100000,5100000,5100000,0,1.0,0.527498,0.65,1.0,0.527498,0.65,1.0,0.527498,0.65,51,5400000,False,1.0,5000.0,300.0,500.0,600000000000.0,100000000000.0,,50
1,corrupt_flow,thermal_loop,53,controller_tick,5200000,5.2,1,0,5200000,52,5200000,RUNNING,,0,0,62,1,0,reconstructed_from_retained_wire,True,,,317.79114839340866,301.1244826274814,293.14999936259187,0.5274980015573262,0.65,26000.000000000025,25999.99921399828,0.0001499999201568184,18825.423745876535,-1.227817847393453e-10,0.00015,301.124,293.15,317.791,0.0,150000,1,52,5200000,5200000,5200000,0,301124,1,52,5200000,5200000,5200000,0,293150,1,52,5200000,5200000,5200000,0,317791,1,52,5200000,5200000,5200000,0,0,1,52,5200000,5200000,5200000,0,1.0,0.527498,0.65,1.0,0.527498,0.65,1.0,0.527498,0.65,52,5500000,False,1.0,5000.0,300.0,500.0,600000000000.0,100000000000.0,,51
1,corrupt_flow,thermal_loop,54,controller_tick,5300000,5.3,1,0,5300000,53,5300000,RUNNING,,0,0,62,1,0,reconstructed_from_retained_wire,True,,,317.7911483961315,301.1244826439204,293.1499993520238,0.5274980014091271,0.65,26500.000000000022,26499.999181862975,0.0001499999201146763,18825.42373529863,-5.409219738794491e-10,0.00015,301.124,293.15,317.791,0.0,150000,1,53,5300000,5300000,5300000,0,301124,1,53,5300000,5300000,5300000,0,293150,1,53,5300000,5300000,5300000,0,317791,1,53,5300000,5300000,5300000,0,0,1,53,5300000,5300000,5300000,0,1.0,0.527498,0.65,1.0,0.527498,0.65,1.0,0.527498,0.65,53,5600000,False,1.0,5000.0,300.0,500.0,600000000000.0,100000000000.0,,52
1,corrupt_flow,thermal_loop,55,controller_tick,5400000,5.4,1,0,5400000,54,5400000,RUNNING,,0,0,62,1,0,reconstructed_from_retained_wire,True,,,317.7911483988951,301.1244826601255,293.149999341621,0.5274980012750309,0.65,27000.000000000022,26999.99914920341,0.00014999992007654457,18825.423725727345,-6.109530659159645e-10,0.00015,301.124,293.15,317.791,0.0,150000,1,54,5400000,5400000,5400000,0,301124,1,54,5400000,5400000,5400000,0,293150,1,54,5400000,5400000,5400000,0,317791,1,54,5400000,5400000,5400000,0,0,1,54,5400000,5400000,5400000,0,1.0,0.527498,0.65,1.0,0.527498,0.65,1.0,0.527498,0.65,54,5700000,False,1.0,5000.0,300.0,500.0,600000000000.0,100000000000.0,,53
1,corrupt_flow,thermal_loop,56,controller_tick,5500000,5.5,1,0,5500000,55,5500000,RUNNING,,0,0,62,1,0,reconstructed_from_retained_wire,True,,,317.7911484016986,301.1244826760993,293.14999933138176,0.5274980011536957,0.65,27500.00000000002,27499.9991160278,0.00014999992004204157,18825.423717066893,-4.474713932722807e-10,0.00015,301.124,293.15,317.791,0.0,150000,1,55,5500000,5500000,5500000,0,301124,1,55,5500000,5500000,5500000,0,293150,1,55,5500000,5500000,5500000,0,317791,1,55,5500000,5500000,5500000,0,0,1,55,5500000,5500000,5500000,0,1.0,0.527498,0.65,1.0,0.527498,0.65,1.0,0.527498,0.65,55,5800000,False,1.0,5000.0,300.0,500.0,600000000000.0,100000000000.0,,54
1,corrupt_flow,thermal_loop,57,controller_tick,5600000,5.6,1,0,5600000,56,5600000,RUNNING,,0,0,62,1,0,reconstructed_from_retained_wire,True,,,317.7911484045412,301.1244826918443,293.1499993213044,0.5274980010439071,0.65,28000.00000000002,27999.99908234428,0.00014999992001082192,18825.423709230592,2.594333636807278e-10,0.00015,301.124,293.15,317.791,0.0,150000,1,56,5600000,5600000,5600000,0,301124,1,56,5600000,5600000,5600000,0,293150,1,56,5600000,5600000,5600000,0,317791,1,56,5600000,5600000,5600000,0,0,1,56,5600000,5600000,5600000,0,1.0,0.527498,0.65,1.0,0.527498,0.65,1.0,0.527498,0.65,56,5900000,False,1.0,5000.0,300.0,500.0,600000000000.0,100000000000.0,,55
1,corrupt_flow,thermal_loop,58,controller_tick,5700000,5.7,1,0,5700000,57,5700000,RUNNING,,0,0,62,1,0,reconstructed_from_retained_wire,True,,,317.79114840742216,301.1244827073631,293.1499993113871,0.5274980009445662,0.65,28500.00000000002,28499.999048160906,0.00014999991998257325,18825.42370214001,1.914486347232014e-10,0.00015,301.124,293.15,317.791,0.0,150000,1,57,5700000,5700000,5700000,0,301124,1,57,5700000,5700000,5700000,0,293150,1,57,5700000,5700000,5700000,0,317791,1,57,5700000,5700000,5700000,0,0,1,57,5700000,5700000,5700000,0,1.0,0.527498,0.65,1.0,0.527498,0.65,1.0,0.527498,0.65,57,6000000,False,1.0,5000.0,300.0,500.0,600000000000.0,100000000000.0,,56
1,corrupt_flow,thermal_loop,59,controller_tick,5800000,5.8,1,0,5800000,58,5800000,RUNNING,,0,0,62,1,0,reconstructed_from_retained_wire,True,,,317.7911484103406,301.1244827226584,293.1499993016281,0.5274980008546789,0.65,29000.00000000002,28999.99901348563,0.0001499999199570128,18825.423695724185,5.275069270282984e-10,0.00015,301.124,293.15,317.791,0.0,150000,1,58,5800000,5800000,5800000,0,301124,1,58,5800000,5800000,5800000,0,293150,1,58,5800000,5800000,5800000,0,317791,1,58,5800000,5800000,5800000,0,0,1,58,5800000,5800000,5800000,0,1.0,0.527498,0.65,1.0,0.527498,0.65,1.0,0.527498,0.65,58,6100000,False,1.0,5000.0,300.0,500.0,600000000000.0,100000000000.0,,57
1,corrupt_flow,thermal_loop,60,controller_tick,5900000,5.9,1,0,5900000,59,5900000,RUNNING,,0,0,62,1,0,reconstructed_from_retained_wire,True,,,317.7911484132958,301.124482737733,293.14999929202554,0.5274980007733454,0.65,29500.000000000015,29499.998978326323,0.0001499999199338847,18825.4236899189,4.69299266114831e-10,0.00015,301.124,293.15,317.791,0.0,150000,1,59,5900000,5900000,5900000,0,301124,1,59,5900000,5900000,5900000,0,293150,1,59,5900000,5900000,5900000,0,317791,1,59,5900000,5900000,5900000,0,0,1,59,5900000,5900000,5900000,0,1.0,0.527498,0.65,1.0,0.527498,0.65,1.0,0.527498,0.65,59,6200000,False,1.0,5000.0,300.0,500.0,600000000000.0,100000000000.0,,58
1,corrupt_flow,thermal_loop,61,controller_tick,6000000,6.0,1,0,6000000,60,6000000,RUNNING,,0,0,62,1,0,reconstructed_from_retained_wire,True,,,317.791148416287,301.1244827525896,293.14999928257754,0.5274980006997518,0.65,30000.000000000015,29999.99894269076,0.00014999991991295757,18825.423684666064,2.5352164811920375e-10,0.00015,301.124,293.15,317.791,0.0,150000,1,60,6000000,6000000,6000000,0,301124,1,60,6000000,6000000,6000000,0,293150,1,60,6000000,6000000,6000000,0,317791,1,60,6000000,6000000,6000000,0,0,1,60,6000000,6000000,6000000,0,1.0,0.527498,0.65,1.0,0.527498,0.65,1.0,0.527498,0.65,60,6300000,False,1.0,5000.0,300.0,500.0,600000000000.0,100000000000.0,,59
1,corrupt_flow,thermal_loop,62,controller_tick,6100000,6.1,1,0,6100000,61,6100000,RUNNING,,0,0,62,1,0,reconstructed_from_retained_wire,True,,,317.7911484193134,301.1244827672311,293.1499992732823,0.5274980006331617,0.65,30500.000000000015,30499.99890658662,0.0001499999198940219,18825.423679913103,4.6270542952697724e-10,0.00015,301.124,293.15,317.791,0.0,150000,1,61,6100000,6100000,6100000,0,301124,1,61,6100000,6100000,6100000,0,293150,1,61,6100000,6100000,6100000,0,317791,1,61,6100000,6100000,6100000,0,0,1,61,6100000,6100000,6100000,0,1.0,0.527498,0.65,1.0,0.527498,0.65,1.0,0.527498,0.65,61,6400000,False,1.0,5000.0,300.0,500.0,600000000000.0,100000000000.0,,60
1,corrupt_flow,thermal_loop,63,controller_tick,6200000,6.2,1,0,6200000,62,6200000,RUNNING,,0,0,62,1,0,reconstructed_from_retained_wire,True,,,317.79114842237425,301.12448278166045,293.1499992641377,0.5274980005729084,0.65,31000.000000000015,30999.998870021493,0.00014999991987688823,18825.423675612452,3.41970007866621e-10,0.00015,301.124,293.15,317.791,0.0,150000,1,62,6200000,6200000,6200000,0,301124,1,62,6200000,6200000,6200000,0,293150,1,62,6200000,6200000,6200000,0,317791,1,62,6200000,6200000,6200000,0,0,1,62,6200000,6200000,6200000,0,1.0,0.527498,0.65,1.0,0.527498,0.65,1.0,0.527498,0.65,62,6500000,False,1.0,5000.0,300.0,500.0,600000000000.0,100000000000.0,,61
1,corrupt_flow,thermal_loop,64,controller_tick,6300000,6.3,1,0,6300000,63,6300000,RUNNING,,0,0,62,1,0,reconstructed_from_retained_wire,True,,,317.7911484254688,301.12448279588045,293.149999255142,0.527498000518389,0.65,31500.000000000015,31499.99883300287,0.00014999991986138503,18825.42367172106,4.711182555183768e-10,0.00015,301.124,293.15,317.791,0.0,150000,1,63,6300000,6300000,6300000,0,301124,1,63,6300000,6300000,6300000,0,293150,1,63,6300000,6300000,6300000,0,317791,1,63,6300000,6300000,6300000,0,0,1,63,6300000,6300000,6300000,0,1.0,0.527498,0.65,1.0,0.527498,0.65,1.0,0.527498,0.65,63,6600000,False,1.0,5000.0,300.0,500.0,600000000000.0,100000000000.0,,62
1,corrupt_flow,thermal_loop,65,controller_tick,6400000,6.4,1,0,6400000,64,6400000,RUNNING,,0,0,62,1,0,reconstructed_from_retained_wire,True,,,317.7911484285964,301.124482809894,293.1499992462931,0.5274980004690578,0.65,32000.000000000015,31999.99879553814,0.00014999991984735716,18825.423668199983,-7.171365723479539e-10,0.00015,301.124,293.15,317.791,0.0,150000,1,64,6400000,6400000,6400000,0,301124,1,64,6400000,6400000,6400000,0,293150,1,64,6400000,6400000,6400000,0,317791,1,64,6400000,6400000,6400000,0,0,1,64,6400000,6400000,6400000,0,1.0,0.527498,0.65,1.0,0.527498,0.65,1.0,0.527498,0.65,64,6700000,False,1.0,5000.0,300.0,500.0,600000000000.0,100000000000.0,,63
1,corrupt_flow,thermal_loop,66,controller_tick,6500000,6.5,1,0,6500000,65,6500000,RUNNING,,0,0,62,1,0,reconstructed_from_retained_wire,True,,,317.79114843175626,301.1244828237041,293.1499992375891,0.5274980004244211,0.65,32500.00000000001,32499.998757634596,0.00014999991983466422,18825.423665013972,-9.458744898438454e-10,0.00015,301.124,293.15,317.791,0.0,150000,1,65,6500000,6500000,6500000,0,301124,1,65,6500000,6500000,6500000,0,293150,1,65,6500000,6500000,6500000,0,317791,1,65,6500000,6500000,6500000,0,0,1,65,6500000,6500000,6500000,0,1.0,0.527498,0.65,1.0,0.527498,0.65,1.0,0.527498,0.65,65,6800000,False,1.0,5000.0,300.0,500.0,600000000000.0,100000000000.0,,64
1,corrupt_flow,thermal_loop,67,controller_tick,6600000,6.6,1,0,6600000,66,6600000,RUNNING,,0,0,62,1,0,reconstructed_from_retained_wire,True,,,317.7911484349478,301.1244828373136,293.149999229028,0.5274980003840322,0.65,33000.00000000001,32999.99871929943,0.00014999991982317918,18825.423662131165,-1.1764313967432827e-09,0.00015,301.124,293.15,317.791,0.0,150000,1,66,6600000,6600000,6600000,0,301124,1,66,6600000,6600000,6600000,0,293150,1,66,6600000,6600000,6600000,0,317791,1,66,6600000,6600000,6600000,0,0,1,66,6600000,6600000,6600000,0,1.0,0.527498,0.65,1.0,0.527498,0.65,1.0,0.527498,0.65,66,6900000,False,1.0,5000.0,300.0,500.0,600000000000.0,100000000000.0,,65
1,corrupt_flow,thermal_loop,68,controller_tick,6700000,6.7,1,0,6700000,67,6700000,RUNNING,,0,0,62,1,0,reconstructed_from_retained_wire,True,,,317.7911484381702,301.12448285072554,293.14999922060787,0.5274980003474866,0.65,33500.00000000001,33499.99868053975,0.00014999991981278705,18825.42365952268,-2.0279458112781867e-09,0.00015,301.124,293.15,317.791,0.0,150000,1,67,6700000,6700000,6700000,0,301124,1,67,6700000,6700000,6700000,0,293150,1,67,6700000,6700000,6700000,0,317791,1,67,6700000,6700000,6700000,0,0,1,67,6700000,6700000,6700000,0,1.0,0.527498,0.65,1.0,0.527498,0.65,1.0,0.527498,0.65,67,7000000,False,1.0,5000.0,300.0,500.0,600000000000.0,100000000000.0,,66
1,corrupt_flow,thermal_loop,69,controller_tick,6800000,6.8,1,0,6800000,68,6800000,RUNNING,,0,0,62,1,0,reconstructed_from_retained_wire,True,,,317.7911484414229,301.1244828639428,293.14999921232675,0.5274980003144188,0.65,34000.00000000001,33999.99864136254,0.00014999991980338385,18825.423657162428,-1.483385858591646e-09,0.00015,301.124,293.15,317.791,0.0,150000,1,68,6800000,6800000,6800000,0,301124,1,68,6800000,6800000,6800000,0,293150,1,68,6800000,6800000,6800000,0,317791,1,68,6800000,6800000,6800000,0,0,1,68,6800000,6800000,6800000,0,1.0,0.527498,0.65,1.0,0.527498,0.65,1.0,0.527498,0.65,68,7100000,False,1.0,5000.0,300.0,500.0,600000000000.0,100000000000.0,,67
1,corrupt_flow,thermal_loop,70,controller_tick,6900000,6.9,1,0,6900000,69,6900000,RUNNING,,0,0,62,1,0,reconstructed_from_retained_wire,True,,,317.79114844470513,301.1244828769682,293.1499992041827,0.5274980002844979,0.65,34500.00000000001,34499.99860177471,0.0001499999197948755,18825.42365502678,-7.330527296289802e-10,0.00015,301.124,293.15,317.791,0.0,150000,1,69,6900000,6900000,6900000,0,301124,1,69,6900000,6900000,6900000,0,293150,1,69,6900000,6900000,6900000,0,317791,1,69,6900000,6900000,6900000,0,0,1,69,6900000,6900000,6900000,0,1.0,0.527498,0.65,1.0,0.527498,0.65,1.0,0.527498,0.65,69,7200000,False,1.0,5000.0,300.0,500.0,600000000000.0,100000000000.0,,68
1,corrupt_flow,thermal_loop,71,controller_tick,7000000,7.0,1,0,7000000,70,7000000,RUNNING,,0,0,62,1,0,reconstructed_from_retained_wire,True,,,317.79114844801626,301.12448288980477,293.14999919617367,0.5274980002574243,0.65,35000.00000000001,34999.99856178305,0.00014999991978717681,18825.423653094374,-5.152287485543638e-10,0.00015,301.124,293.15,317.791,0.0,150000,1,70,7000000,7000000,7000000,0,301124,1,70,7000000,7000000,7000000,0,293150,1,70,7000000,7000000,7000000,0,317791,1,70,7000000,7000000,7000000,0,0,1,70,7000000,7000000,7000000,0,1.0,0.527498,0.65,1.0,0.527498,0.65,1.0,0.527498,0.65,70,7300000,False,1.0,5000.0,300.0,500.0,600000000000.0,100000000000.0,,69
1,corrupt_flow,thermal_loop,72,controller_tick,7100000,7.1,1,0,7100000,71,7100000,RUNNING,,0,0,62,1,0,reconstructed_from_retained_wire,True,,,317.7911484513556,301.1244829024553,293.1499991882978,0.5274980002329271,0.65,35500.00000000001,35499.998521394285,0.0001499999197802108,18825.423651345853,-9.426912583876401e-10,0.00015,301.124,293.15,317.791,0.0,150000,1,71,7100000,7100000,7100000,0,301124,1,71,7100000,7100000,7100000,0,293150,1,71,7100000,7100000,7100000,0,317791,1,71,7100000,7100000,7100000,0,0,1,71,7100000,7100000,7100000,0,1.0,0.527498,0.65,1.0,0.527498,0.65,1.0,0.527498,0.65,71,7400000,False,1.0,5000.0,300.0,500.0,600000000000.0,100000000000.0,,70
1,corrupt_flow,thermal_loop,73,controller_tick,7200000,7.2,1,0,7200000,72,7200000,RUNNING,,0,0,62,1,0,reconstructed_from_retained_wire,True,,,317.7911484547226,301.12448291492274,293.1499991805531,0.5274980002107612,0.65,36000.00000000001,35999.99848061502,0.00014999991977390764,18825.423649763732,-9.927134669851512e-10,0.00015,301.124,293.15,317.791,0.0,150000,1,72,7200000,7200000,7200000,0,301124,1,72,7200000,7200000,7200000,0,293150,1,72,7200000,7200000,7200000,0,317791,1,72,7200000,7200000,7200000,0,0,1,72,7200000,7200000,7200000,0,1.0,0.527498,0.65,1.0,0.527498,0.65,1.0,0.527498,0.65,72,7500000,False,1.0,5000.0,300.0,500.0,600000000000.0,100000000000.0,,71
1,corrupt_flow,thermal_loop,74,controller_tick,7300000,7.3,1,0,7300000,73,7300000,RUNNING,,0,0,62,1,0,reconstructed_from_retained_wire,True,,,317.79114845811654,301.1244829272098,293.1499991729378,0.5274980001907046,0.65,36500.00000000001,36499.99843945175,0.00014999991976820433,18825.423648332162,-1.0750227374956012e-09,0.00015,301.124,293.15,317.791,0.0,150000,1,73,7300000,7300000,7300000,0,301124,1,73,7300000,7300000,7300000,0,293150,1,73,7300000,7300000,7300000,0,317791,1,73,7300000,7300000,7300000,0,0,1,73,7300000,7300000,7300000,0,1.0,0.527498,0.65,1.0,0.527498,0.65,1.0,0.527498,0.65,73,7600000,False,1.0,5000.0,300.0,500.0,600000000000.0,100000000000.0,,72
1,corrupt_flow,thermal_loop,75,controller_tick,7400000,7.4,1,0,7400000,74,7400000,RUNNING,,0,0,62,1,0,reconstructed_from_retained_wire,True,,,317.79114846153686,301.1244829393193,293.1499991654499,0.5274980001725567,0.65,37000.00000000001,36999.99839791092,0.00014999991976304375,18825.423647036834,-9.245013643521816e-10,0.00015,301.124,293.15,317.791,0.0,150000,1,74,7400000,7400000,7400000,0,301124,1,74,7400000,7400000,7400000,0,293150,1,74,7400000,7400000,7400000,0,317791,1,74,7400000,7400000,7400000,0,0,1,74,7400000,7400000,7400000,0,1.0,0.527498,0.65,1.0,0.527498,0.65,1.0,0.527498,0.65,74,7700000,False,1.0,5000.0,300.0,500.0,600000000000.0,100000000000.0,,73
1,corrupt_flow,thermal_loop,76,controller_tick,7500000,7.5,1,0,7500000,75,7500000,RUNNING,,0,0,62,1,0,reconstructed_from_retained_wire,True,,,317.79114846498305,301.1244829512541,293.1499991580875,0.5274980001561357,0.65,37500.00000000001,37499.99835599883,0.00014999991975837428,18825.423645864765,-9.97488314169459e-10,0.00015,301.124,293.15,317.791,0.0,150000,1,75,7500000,7500000,7500000,0,301124,1,75,7500000,7500000,7500000,0,293150,1,75,7500000,7500000,7500000,0,317791,1,75,7500000,7500000,7500000,0,0,1,75,7500000,7500000,7500000,0,1.0,0.527498,0.65,1.0,0.527498,0.65,1.0,0.527498,0.65,75,7800000,False,1.0,5000.0,300.0,500.0,600000000000.0,100000000000.0,,74
1,corrupt_flow,thermal_loop,77,controller_tick,7600000,7.6,1,0,7600000,76,7600000,RUNNING,,0,0,62,1,0,reconstructed_from_retained_wire,True,,,317.7911484684543,301.124482963017,293.1499991508488,0.5274980001412775,0.65,38000.00000000001,37999.99831372173,0.00014999991975414917,18825.42364480424,-6.477876013377681e-10,0.00015,301.124,293.15,317.791,0.0,150000,1,76,7600000,7600000,7600000,0,301124,1,76,7600000,7600000,7600000,0,293150,1,76,7600000,7600000,7600000,0,317791,1,76,7600000,7600000,7600000,0,0,1,76,7600000,7600000,7600000,0,1.0,0.527498,0.65,1.0,0.527498,0.65,1.0,0.527498,0.65,76,7900000,False,1.0,5000.0,300.0,500.0,600000000000.0,100000000000.0,,75
1,corrupt_flow,thermal_loop,78,controller_tick,7700000,7.7,1,0,7700000,77,7700000,RUNNING,,0,0,62,1,0,reconstructed_from_retained_wire,True,,,317.7911484719501,301.12448297461066,293.149999143732,0.5274980001278331,0.65,38500.00000000001,38499.998271085744,0.00014999991975032614,18825.423643844628,-7.512426236644387e-10,0.00015,301.124,293.15,317.791,0.0,150000,1,77,7700000,7700000,7700000,0,301124,1,77,7700000,7700000,7700000,0,293150,1,77,7700000,7700000,7700000,0,317791,1,77,7700000,7700000,7700000,0,0,1,77,7700000,7700000,7700000,0,1.0,0.527498,0.65,1.0,0.527498,0.65,1.0,0.527498,0.65,77,8000000,False,1.0,5000.0,300.0,500.0,600000000000.0,100000000000.0,,76
1,corrupt_flow,thermal_loop,79,controller_tick,7800000,7.8,1,0,7800000,78,7800000,RUNNING,,0,0,62,1,0,reconstructed_from_retained_wire,True,,,317.79114847547004,301.1244829860378,293.1499991367351,0.5274980001156682,0.65,39000.00000000001,38999.99822809693,0.00014999991974686688,18825.423642976344,-2.842170943040401e-10,0.00015,301.124,293.15,317.791,0.0,150000,1,78,7800000,7800000,7800000,0,301124,1,78,7800000,7800000,7800000,0,293150,1,78,7800000,7800000,7800000,0,317791,1,78,7800000,7800000,7800000,0,0,1,78,7800000,7800000,7800000,0,1.0,0.527498,0.65,1.0,0.527498,0.65,1.0,0.527498,0.65,78,8100000,False,1.0,5000.0,300.0,500.0,600000000000.0,100000000000.0,,77
1,corrupt_flow,thermal_loop,80,controller_tick,7900000,7.9,1,0,7900000,79,7900000,RUNNING,,0,0,62,1,0,reconstructed_from_retained_wire,True,,,317.79114847901343,301.1244829973011,293.14999912985644,0.5274980001046609,0.65,39500.00000000001,39499.99818476122,0.00014999991974373684,18825.42364219068,4.4497028284240514e-10,0.00015,301.124,293.15,317.791,0.0,150000,1,79,7900000,7900000,7900000,0,301124,1,79,7900000,7900000,7900000,0,293150,1,79,7900000,7900000,7900000,0,317791,1,79,7900000,7900000,7900000,0,0,1,79,7900000,7900000,7900000,0,1.0,0.527498,0.65,1.0,0.527498,0.65,1.0,0.527498,0.65,79,8200000,False,1.0,5000.0,300.0,500.0,600000000000.0,100000000000.0,,78
1,corrupt_flow,thermal_loop,81,controller_tick,8000000,8.0,1,0,8000000,80,8000000,RUNNING,,0,0,62,1,0,reconstructed_from_retained_wire,True,,,317.7911484825796,301.12448300840316,293.1499991230942,0.527498000094701,0.65,40000.00000000001,39999.9981410845,0.00014999991974090466,18825.423641479785,2.4920154828578234e-10,0.00015,301.124,293.15,317.791,0.0,150000,1,80,8000000,8000000,8000000,0,301124,1,80,8000000,8000000,8000000,0,293150,1,80,8000000,8000000,8000000,0,317791,1,80,8000000,8000000,8000000,0,0,1,80,8000000,8000000,8000000,0,1.0,0.527498,0.65,1.0,0.527498,0.65,1.0,0.527498,0.65,80,8300000,False,1.0,5000.0,300.0,500.0,600000000000.0,100000000000.0,,79
1,corrupt_flow,thermal_loop,82,controller_tick,8100000,8.1,1,0,8100000,81,8100000,RUNNING,,0,0,62,1,0,reconstructed_from_retained_wire,True,,,317.7911484861682,301.1244830193466,293.14999911644657,0.527498000085689,0.65,40500.0,40499.998097072545,0.000149999919738342,18825.423640836543,2.28283170145005e-10,0.00015,301.124,293.15,317.791,0.0,150000,1,81,8100000,8100000,8100000,0,301124,1,81,8100000,8100000,8100000,0,293150,1,81,8100000,8100000,8100000,0,317791,1,81,8100000,8100000,8100000,0,0,1,81,8100000,8100000,8100000,0,1.0,0.527498,0.65,1.0,0.527498,0.65,1.0,0.527498,0.65,81,8400000,False,1.0,5000.0,300.0,500.0,600000000000.0,100000000000.0,,80
1,corrupt_flow,thermal_loop,83,controller_tick,8200000,8.2,1,0,8200000,82,8200000,RUNNING,,0,0,62,1,0,reconstructed_from_retained_wire,True,,,317.79114848977855,301.12448303013406,293.14999910991185,0.5274980000775347,0.65,40999.99999999999,40999.99805273104,0.0001499999197360232,18825.423640254514,4.229150363244116e-11,0.00015,301.124,293.15,317.791,0.0,150000,1,82,8200000,8200000,8200000,0,301124,1,82,8200000,8200000,8200000,0,293150,1,82,8200000,8200000,8200000,0,317791,1,82,8200000,8200000,8200000,0,0,1,82,8200000,8200000,8200000,0,1.0,0.527498,0.65,1.0,0.527498,0.65,1.0,0.527498,0.65,82,8500000,False,1.0,5000.0,300.0,500.0,600000000000.0,100000000000.0,,81
1,corrupt_flow,thermal_loop,84,controller_tick,8300000,8.3,1,0,8300000,83,8300000,RUNNING,,0,0,62,1,0,reconstructed_from_retained_wire,True,,,317.7911484934102,301.124483040768,293.14999910348837,0.5274980000701562,0.65,41499.99999999999,41499.99800806559,0.00014999991973392509,18825.42363972787,5.013589543523267e-10,0.00015,301.124,293.15,317.791,0.0,150000,1,83,8300000,8300000,8300000,0,301124,1,83,8300000,8300000,8300000,0,293150,1,83,8300000,8300000,8300000,0,317791,1,83,8300000,8300000,8300000,0,0,1,83,8300000,8300000,8300000,0,1.0,0.527498,0.65,1.0,0.527498,0.65,1.0,0.527498,0.65,83,8600000,False,1.0,5000.0,300.0,500.0,600000000000.0,100000000000.0,,82
1,corrupt_flow,thermal_loop,85,controller_tick,8400000,8.4,1,0,8400000,84,8400000,RUNNING,,0,0,62,1,0,reconstructed_from_retained_wire,True,,,317.7911484970626,301.12448305125105,293.1499990971744,0.52749800006348,0.65,41999.99999999999,41999.9979630817,0.00014999991973202662,18825.42363925134,1.1127667676191777e-09,0.00015,301.124,293.15,317.791,0.0,150000,1,84,8400000,8400000,8400000,0,301124,1,84,8400000,8400000,8400000,0,293150,1,84,8400000,8400000,8400000,0,317791,1,84,8400000,8400000,8400000,0,0,1,84,8400000,8400000,8400000,0,1.0,0.527498,0.65,1.0,0.527498,0.65,1.0,0.527498,0.65,84,8700000,False,1.0,5000.0,300.0,500.0,600000000000.0,100000000000.0,,83
1,corrupt_flow,thermal_loop,86,controller_tick,8500000,8.5,1,0,8500000,85,8500000,RUNNING,,0,0,62,1,0,reconstructed_from_retained_wire,True,,,317.7911485007352,301.1244830615855,293.1499990909682,0.5274980000574392,0.65,42499.999999999985,42499.99791778482,0.00014999991973030884,18825.423638820175,1.108219294110313e-09,0.00015,301.124,293.15,317.791,0.0,150000,1,85,8500000,8500000,8500000,0,301124,1,85,8500000,8500000,8500000,0,293150,1,85,8500000,8500000,8500000,0,317791,1,85,8500000,8500000,8500000,0,0,1,85,8500000,8500000,8500000,0,1.0,0.527498,0.65,1.0,0.527498,0.65,1.0,0.527498,0.65,85,8800000,False,1.0,5000.0,300.0,500.0,600000000000.0,100000000000.0,,84
1,corrupt_flow,thermal_loop,87,controller_tick,8600000,8.6,1,0,8600000,86,8600000,RUNNING,,0,0,62,1,0,reconstructed_from_retained_wire,True,,,317.79114850442755,301.12448307177397,293.1499990848682,0.5274980000519731,0.65,42999.999999999985,42999.99787218029,0.0001499999197287545,18825.423638430024,1.9863364286720753e-09,0.00015,301.124,293.15,317.791,0.0,150000,1,86,8600000,8600000,8600000,0,301124,1,86,8600000,8600000,8600000,0,293150,1,86,8600000,8600000,8600000,0,317791,1,86,8600000,8600000,8600000,0,0,1,86,8600000,8600000,8600000,0,1.0,0.527498,0.65,1.0,0.527498,0.65,1.0,0.527498,0.65,86,8900000,False,1.0,5000.0,300.0,500.0,600000000000.0,100000000000.0,,85
1,corrupt_flow,thermal_loop,88,controller_tick,8700000,8.7,1,0,8700000,87,8700000,RUNNING,,0,0,62,1,0,reconstructed_from_retained_wire,True,,,317.79114850813914,301.1244830818187,293.1499990788727,0.5274980000470272,0.65,43499.99999999998,43499.99782627338,0.00014999991972734804,18825.423638077005,1.44427758641541e-09,0.00015,301.124,293.15,317.791,0.0,150000,1,87,8700000,8700000,8700000,0,301124,1,87,8700000,8700000,8700000,0,293150,1,87,8700000,8700000,8700000,0,317791,1,87,8700000,8700000,8700000,0,0,1,87,8700000,8700000,8700000,0,1.0,0.527498,0.65,1.0,0.527498,0.65,1.0,0.527498,0.65,87,9000000,False,1.0,5000.0,300.0,500.0,600000000000.0,100000000000.0,,86
1,corrupt_flow,thermal_loop,89,controller_tick,8800000,8.8,1,0,8800000,88,8800000,RUNNING,,0,0,62,1,0,reconstructed_from_retained_wire,True,,,317.7911485118695,301.1244830917222,293.14999907298017,0.527498000042552,0.65,43999.99999999997,43999.99778006927,0.0001499999197260755,18825.42363775758,1.303078533965163e-09,0.00015,301.124,293.15,317.791,0.0,150000,1,88,8800000,8800000,8800000,0,301124,1,88,8800000,8800000,8800000,0,293150,1,88,8800000,8800000,8800000,0,317791,1,88,8800000,8800000,8800000,0,0,1,88,8800000,8800000,8800000,0,1.0,0.527498,0.65,1.0,0.527498,0.65,1.0,0.527498,0.65,88,9100000,False,1.0,5000.0,300.0,500.0,600000000000.0,100000000000.0,,87
1,corrupt_flow,thermal_loop,90,controller_tick,8900000,8.9,1,0,8900000,89,8900000,RUNNING,,0,0,62,1,0,reconstructed_from_retained_wire,True,,,317.7911485156181,301.12448310148676,293.14999906718896,0.5274980000385027,0.65,44499.99999999996,44499.99773357308,0.000149999919724924,18825.423637468557,1.0793428373290226e-09,0.00015,301.124,293.15,317.791,0.0,150000,1,89,8900000,8900000,8900000,0,301124,1,89,8900000,8900000,8900000,0,293150,1,89,8900000,8900000,8900000,0,317791,1,89,8900000,8900000,8900000,0,0,1,89,8900000,8900000,8900000,0,1.0,0.527498,0.65,1.0,0.527498,0.65,1.0,0.527498,0.65,89,9200000,False,1.0,5000.0,300.0,500.0,600000000000.0,100000000000.0,,88
1,corrupt_flow,thermal_loop,91,controller_tick,9000000,9.0,1,0,9000000,90,9000000,RUNNING,,0,0,62,1,0,reconstructed_from_retained_wire,True,,,317.79114851938454,301.1244831111146,293.1499990614975,0.5274980000348387,0.65,44999.99999999996,44999.99768678983,0.00014999991972388212,18825.423637207037,3.888089850079268e-10,0.00015,301.124,293.15,317.791,0.0,150000,1,90,9000000,9000000,9000000,0,301124,1,90,9000000,9000000,9000000,0,293150,1,90,9000000,9000000,9000000,0,317791,1,90,9000000,9000000,9000000,0,0,1,90,9000000,9000000,9000000,0,1.0,0.527498,0.65,1.0,0.527498,0.65,1.0,0.527498,0.65,90,9300000,False,1.0,5000.0,300.0,500.0,600000000000.0,100000000000.0,,89
1,corrupt_flow,thermal_loop,92,controller_tick,9100000,9.1,1,0,9100000,91,9100000,RUNNING,,0,0,62,1,0,reconstructed_from_retained_wire,True,,,317.7911485231683,301.1244831206081,293.14999905590435,0.5274980000315234,0.65,45499.999999999956,45499.99763972447,0.00014999991972293938,18825.4236369704,2.8194335754960775e-11,0.00015,301.124,293.15,317.791,0.0,150000,1,91,9100000,9100000,9100000,0,301124,1,91,9100000,9100000,9100000,0,293150,1,91,9100000,9100000,9100000,0,317791,1,91,9100000,9100000,9100000,0,0,1,91,9100000,9100000,9100000,0,1.0,0.527498,0.65,1.0,0.527498,0.65,1.0,0.527498,0.65,91,9400000,False,1.0,5000.0,300.0,500.0,600000000000.0,100000000000.0,,90
1,corrupt_flow,thermal_loop,93,controller_tick,9200000,9.2,1,0,9200000,92,9200000,RUNNING,,0,0,62,1,0,reconstructed_from_retained_wire,True,,,317.79114852696904,301.12448312996946,293.14999905040787,0.5274980000285234,0.65,45999.99999999995,45999.99759238188,0.0001499999197220863,18825.423636756277,-5.707079253625125e-11,0.00015,301.124,293.15,317.791,0.0,150000,1,92,9200000,9200000,9200000,0,301124,1,92,9200000,9200000,9200000,0,293150,1,92,9200000,9200000,9200000,0,317791,1,92,9200000,9200000,9200000,0,0,1,92,9200000,9200000,9200000,0,1.0,0.527498,0.65,1.0,0.527498,0.65,1.0,0.527498,0.65,92,9500000,False,1.0,5000.0,300.0,500.0,600000000000.0,100000000000.0,,91
1,corrupt_flow,thermal_loop,94,controller_tick,9300000,9.3,1,0,9300000,93,9300000,RUNNING,,0,0,62,1,0,reconstructed_from_retained_wire,True,,,317.7911485307862,301.12448313920083,293.14999904500667,0.527498000025809,0.65,46499.99999999994,46499.99754476685,0.00014999991972131446,18825.42363656253,-4.3291947804391384e-10,0.00015,301.124,293.15,317.791,0.0,150000,1,93,9300000,9300000,9300000,0,301124,1,93,9300000,9300000,9300000,0,293150,1,93,9300000,9300000,9300000,0,317791,1,93,9300000,9300000,9300000,0,0,1,93,9300000,9300000,9300000,0,1.0,0.527498,0.65,1.0,0.527498,0.65,1.0,0.527498,0.65,93,9600000,False,1.0,5000.0,300.0,500.0,600000000000.0,100000000000.0,,92
1,corrupt_flow,thermal_loop,95,controller_tick,9400000,9.4,1,0,9400000,94,9400000,RUNNING,,0,0,62,1,0,reconstructed_from_retained_wire,True,,,317.79114853461937,301.1244831483044,293.14999903969925,0.527498000023353,0.65,46999.999999999935,46999.997496884105,0.00014999991972061604,18825.423636387233,-3.490185918053612e-10,0.00015,301.124,293.15,317.791,0.0,150000,1,94,9400000,9400000,9400000,0,301124,1,94,9400000,9400000,9400000,0,293150,1,94,9400000,9400000,9400000,0,317791,1,94,9400000,9400000,9400000,0,0,1,94,9400000,9400000,9400000,0,1.0,0.527498,0.65,1.0,0.527498,0.65,1.0,0.527498,0.65,94,9700000,False,1.0,5000.0,300.0,500.0,600000000000.0,100000000000.0,,93
1,corrupt_flow,thermal_loop,96,controller_tick,9500000,9.5,1,0,9500000,95,9500000,RUNNING,,0,0,62,1,0,reconstructed_from_retained_wire,True,,,317.7911485384682,301.1244831572824,293.14999903448415,0.5274980000211307,0.65,47499.99999999993,47499.997448738315,0.0001499999197199841,18825.42363622861,4.042703949380666e-10,0.00015,301.124,293.15,317.791,0.0,150000,1,95,9500000,9500000,9500000,0,301124,1,95,9500000,9500000,9500000,0,293150,1,95,9500000,9500000,9500000,0,317791,1,95,9500000,9500000,9500000,0,0,1,95,9500000,9500000,9500000,0,1.0,0.527498,0.65,1.0,0.527498,0.65,1.0,0.527498,0.65,95,9800000,False,1.0,5000.0,300.0,500.0,600000000000.0,100000000000.0,,94
1,corrupt_flow,thermal_loop,97,controller_tick,9600000,9.6,1,0,9600000,96,9600000,RUNNING,,0,0,62,1,0,reconstructed_from_retained_wire,True,,,317.7911485423321,301.12448316613677,293.1499990293599,0.5274980000191198,0.65,47999.99999999993,47999.99740033405,0.00014999991971941228,18825.423636085085,-1.525677362224087e-10,0.00015,301.124,293.15,317.791,0.0,150000,1,96,9600000,9600000,9600000,0,301124,1,96,9600000,9600000,9600000,0,293150,1,96,9600000,9600000,9600000,0,317791,1,96,9600000,9600000,9600000,0,0,1,96,9600000,9600000,9600000,0,1.0,0.527498,0.65,1.0,0.527498,0.65,1.0,0.527498,0.65,96,9900000,False,1.0,5000.0,300.0,500.0,600000000000.0,100000000000.0,,95
1,corrupt_flow,thermal_loop,98,controller_tick,9700000,9.7,1,0,9700000,97,9700000,RUNNING,,0,0,62,1,0,reconstructed_from_retained_wire,True,,,317.7911485462108,301.1244831748696,293.14999902432504,0.5274980000173004,0.65,48499.99999999992,48499.997351675804,0.00014999991971889493,18825.42363595522,-1.624584911041893e-09,0.00015,301.124,293.15,317.791,0.0,150000,1,97,9700000,9700000,9700000,0,301124,1,97,9700000,9700000,9700000,0,293150,1,97,9700000,9700000,9700000,0,317791,1,97,9700000,9700000,9700000,0,0,1,97,9700000,9700000,9700000,0,1.0,0.527498,0.65,1.0,0.527498,0.65,1.0,0.527498,0.65,97,10000000,False,1.0,5000.0,300.0,500.0,600000000000.0,100000000000.0,,96
1,corrupt_flow,thermal_loop,99,controller_tick,9800000,9.8,1,0,9800000,98,9800000,RUNNING,,0,0,62,1,0,reconstructed_from_retained_wire,True,,,317.7911485501039,301.1244831834831,293.14999901937836,0.527498000015654,0.65,48999.99999999991,48999.997302768024,0.00014999991971842674,18825.4236358377,-1.183707354357466e-09,0.00015,301.124,293.15,317.791,0.0,150000,1,98,9800000,9800000,9800000,0,301124,1,98,9800000,9800000,9800000,0,293150,1,98,9800000,9800000,9800000,0,317791,1,98,9800000,9800000,9800000,0,0,1,98,9800000,9800000,9800000,0,1.0,0.527498,0.65,1.0,0.527498,0.65,1.0,0.527498,0.65,98,10100000,False,1.0,5000.0,300.0,500.0,600000000000.0,100000000000.0,,97
1,corrupt_flow,thermal_loop,100,controller_tick,9900000,9.9,1,0,9900000,99,9900000,RUNNING,,0,0,62,1,0,reconstructed_from_retained_wire,True,,,317.791148554011,301.12448319197904,293.14999901451836,0.5274980000141642,0.65,49499.999999999905,49499.99725361509,0.00014999991971800312,18825.42363573137,-1.7553247744217515e-09,0.00015,301.124,293.15,317.791,0.0,150000,1,99,9900000,9900000,9900000,0,301124,1,99,9900000,9900000,9900000,0,293150,1,99,9900000,9900000,9900000,0,317791,1,99,9900000,9900000,9900000,0,0,1,99,9900000,9900000,9900000,0,1.0,0.527498,0.65,1.0,0.527498,0.65,1.0,0.527498,0.65,99,10200000,False,1.0,5000.0,300.0,500.0,600000000000.0,100000000000.0,,98
1,corrupt_flow,thermal_loop,101,controller_tick,10000000,10.0,1,0,10000000,100,10000000,RUNNING,,0,0,62,1,0,reconstructed_from_retained_wire,True,,,317.7911485579316,301.1244832003595,293.14999900974374,0.5274980000128163,0.65,49999.9999999999,49999.99720422129,0.00014999991971761982,18825.42363563516,-2.4060682335402817e-09,0.00015,301.124,293.15,317.791,0.0,150000,1,100,10000000,10000000,10000000,0,301124,1,100,10000000,10000000,10000000,0,293150,1,100,10000000,10000000,10000000,0,317791,1,100,10000000,10000000,10000000,0,0,1,100,10000000,10000000,10000000,0,1.0,0.527498,0.65,1.0,0.527498,0.65,1.0,0.527498,0.65,100,10300000,False,1.0,5000.0,300.0,500.0,600000000000.0,100000000000.0,,99
1,corrupt_flow,thermal_loop,102,controller_tick,10100000,10.1,1,0,10100000,101,10100000,RUNNING,,0,0,62,1,0,reconstructed_from_retained_wire,True,,,317.7911485618654,301.12448320862643,293.1499990050532,0.5274980000115966,0.65,50499.99999999989,50499.99715459087,0.000149999919717273,18825.423635548104,-3.0174760468071327e-09,0.00015,301.124,293.15,317.791,0.0,150000,1,101,10100000,10100000,10100000,0,301124,1,101,10100000,10100000,10100000,0,293150,1,101,10100000,10100000,10100000,0,317791,1,101,10100000,10100000,10100000,0,0,1,101,10100000,10100000,10100000,0,1.0,0.527498,0.65,1.0,0.527498,0.65,1.0,0.527498,0.65,101,10400000,False,1.0,5000.0,300.0,500.0,600000000000.0,100000000000.0,,100
1,corrupt_flow,thermal_loop,103,controller_tick,10200000,10.2,1,0,10200000,102,10200000,RUNNING,,0,0,62,1,0,reconstructed_from_retained_wire,True,,,317.791148565812,301.12448321678175,293.14999900044535,0.5274980000104931,0.65,50999.99999999989,50999.99710472799,0.00014999991971695917,18825.423635469335,-3.3207925298484042e-09,0.00015,301.124,293.15,317.791,0.0,150000,1,102,10200000,10200000,10200000,0,301124,1,102,10200000,10200000,10200000,0,293150,1,102,10200000,10200000,10200000,0,317791,1,102,10200000,10200000,10200000,0,0,1,102,10200000,10200000,10200000,0,1.0,0.527498,0.65,1.0,0.527498,0.65,1.0,0.527498,0.65,102,10500000,False,1.0,5000.0,300.0,500.0,600000000000.0,100000000000.0,,101
1,corrupt_flow,thermal_loop,104,controller_tick,10300000,10.3,1,0,10300000,103,10300000,RUNNING,,0,0,62,1,0,reconstructed_from_retained_wire,True,,,317.79114856977105,301.12448322482726,293.149998995919,0.5274980000094945,0.65,51499.99999999989,51499.99705463676,0.00014999991971667524,18825.423635398063,-3.982904672739096e-09,0.00015,301.124,293.15,317.791,0.0,150000,1,103,10300000,10300000,10300000,0,301124,1,103,10300000,10300000,10300000,0,293150,1,103,10300000,10300000,10300000,0,317791,1,103,10300000,10300000,10300000,0,0,1,103,10300000,10300000,10300000,0,1.0,0.527498,0.65,1.0,0.527498,0.65,1.0,0.527498,0.65,103,10600000,False,1.0,5000.0,300.0,500.0,600000000000.0,100000000000.0,,102
1,corrupt_flow,thermal_loop,105,controller_tick,10400000,10.4,1,0,10400000,104,10400000,RUNNING,,0,0,62,1,0,reconstructed_from_retained_wire,True,,,317.79114857374225,301.1244832327649,293.1499989914729,0.527498000008591,0.65,51999.99999999988,51999.99700432123,0.0001499999197164183,18825.423635333576,-3.462446329649538e-09,0.00015,301.124,293.15,317.791,0.0,150000,1,104,10400000,10400000,10400000,0,301124,1,104,10400000,10400000,10400000,0,293150,1,104,10400000,10400000,10400000,0,317791,1,104,10400000,10400000,10400000,0,0,1,104,10400000,10400000,10400000,0,1.0,0.527498,0.65,1.0,0.527498,0.65,1.0,0.527498,0.65,104,10700000,False,1.0,5000.0,300.0,500.0,600000000000.0,100000000000.0,,103
1,corrupt_flow,thermal_loop,106,controller_tick,10500000,10.5,1,0,10500000,105,10500000,RUNNING,,0,0,62,1,0,reconstructed_from_retained_wire,True,,,317.79114857772515,301.12448324059636,293.14999898710573,0.5274980000077735,0.65,52499.999999999876,52499.99695378537,0.00014999991971618586,18825.423635275212,-3.2919160730671138e-09,0.00015,301.124,293.15,317.791,0.0,150000,1,105,10500000,10500000,10500000,0,301124,1,105,10500000,10500000,10500000,0,293150,1,105,10500000,10500000,10500000,0,317791,1,105,10500000,10500000,10500000,0,0,1,105,10500000,10500000,10500000,0,1.0,0.527498,0.65,1.0,0.527498,0.65,1.0,0.527498,0.65,105,10800000,False,1.0,5000.0,300.0,500.0,600000000000.0,100000000000.0,,104
1,corrupt_flow,thermal_loop,107,controller_tick,10600000,10.6,1,0,10600000,106,10600000,RUNNING,,0,0,62,1,0,reconstructed_from_retained_wire,True,,,317.7911485817194,301.1244832483235,293.1499989828163,0.5274980000070337,0.65,52999.999999999876,52999.9969030331,0.0001499999197159755,18825.423635222414,-3.205059329047799e-09,0.00015,301.124,293.15,317.791,0.0,150000,1,106,10600000,10600000,10600000,0,301124,1,106,10600000,10600000,10600000,0,293150,1,106,10600000,10600000,10600000,0,317791,1,106,10600000,10600000,10600000,0,0,1,106,10600000,10600000,10600000,0,1.0,0.527498,0.65,1.0,0.527498,0.65,1.0,0.527498,0.65,106,10900000,False,1.0,5000.0,300.0,500.0,600000000000.0,100000000000.0,,105
1,corrupt_flow,thermal_loop,108,controller_tick,10700000,10.7,1,0,10700000,107,10700000,RUNNING,,0,0,62,1,0,reconstructed_from_retained_wire,True,,,317.79114858572467,301.12448325594806,293.14999897860343,0.5274980000063644,0.65,53499.999999999876,53499.996852068274,0.00014999991971578514,18825.423635174644,-3.792592906393111e-09,0.00015,301.124,293.15,317.791,0.0,150000,1,107,10700000,10700000,10700000,0,301124,1,107,10700000,10700000,10700000,0,293150,1,107,10700000,10700000,10700000,0,317791,1,107,10700000,10700000,10700000,0,0,1,107,10700000,10700000,10700000,0,1.0,0.527498,0.65,1.0,0.527498,0.65,1.0,0.527498,0.65,107,11000000,False,1.0,5000.0,300.0,500.0,600000000000.0,100000000000.0,,106
1,corrupt_flow,thermal_loop,109,controller_tick,10800000,10.8,1,0,10800000,108,10800000,RUNNING,,0,0,62,1,0,reconstructed_from_retained_wire,True,,,317.7911485897406,301.1244832634718,293.1499989744659,0.5274980000057587,0.65,53999.999999999876,53999.996800894696,0.0001499999197156129,18825.423635131418,-4.098637873539701e-09,0.00015,301.124,293.15,317.791,0.0,150000,1,108,10800000,10800000,10800000,0,301124,1,108,10800000,10800000,10800000,0,293150,1,108,10800000,10800000,10800000,0,317791,1,108,10800000,10800000,10800000,0,0,1,108,10800000,10800000,10800000,0,1.0,0.527498,0.65,1.0,0.527498,0.65,1.0,0.527498,0.65,108,11100000,False,1.0,5000.0,300.0,500.0,600000000000.0,100000000000.0,,107
1,corrupt_flow,thermal_loop,110,controller_tick,10900000,10.9,1,0,10900000,109,10900000,RUNNING,,0,0,62,1,0,reconstructed_from_retained_wire,True,,,317.79114859376693,301.1244832708965,293.1499989704025,0.5274980000052106,0.65,54499.99999999987,54499.9967495161,0.00014999991971545703,18825.4236350923,-3.6934579838998616e-09,0.00015,301.124,293.15,317.791,0.0,150000,1,109,10900000,10900000,10900000,0,301124,1,109,10900000,10900000,10900000,0,293150,1,109,10900000,10900000,10900000,0,317791,1,109,10900000,10900000,10900000,0,0,1,109,10900000,10900000,10900000,0,1.0,0.527498,0.65,1.0,0.527498,0.65,1.0,0.527498,0.65,109,11200000,False,1.0,5000.0,300.0,500.0,600000000000.0,100000000000.0,,108
1,corrupt_flow,thermal_loop,111,controller_tick,11000000,11.0,1,0,11000000,110,11000000,RUNNING,,0,0,62,1,0,reconstructed_from_retained_wire,True,,,317.7911485978033,301.1244832782237,293.14999896641217,0.5274980000047148,0.65,54999.99999999987,54999.99669793618,0.00014999991971531608,18825.4236350569,-3.508603185764514e-09,0.00015,301.124,293.15,317.791,0.0,150000,1,110,11000000,11000000,11000000,0,301124,1,110,11000000,11000000,11000000,0,293150,1,110,11000000,11000000,11000000,0,317791,1,110,11000000,11000000,11000000,0,0,1,110,11000000,11000000,11000000,0,1.0,0.527498,0.65,1.0,0.527498,0.65,1.0,0.527498,0.65,110,11300000,False,1.0,5000.0,300.0,500.0,600000000000.0,100000000000.0,,109
1,corrupt_flow,thermal_loop,112,controller_tick,11100000,11.1,1,0,11100000,111,11100000,RUNNING,,0,0,62,1,0,reconstructed_from_retained_wire,True,,,317.7911486018494,301.1244832854551,293.1499989624937,0.5274980000042662,0.65,55499.99999999986,55499.996646158535,0.0001499999197151885,18825.423635024876,-3.4171989682363346e-09,0.00015,301.124,293.15,317.791,0.0,150000,1,111,11100000,11100000,11100000,0,301124,1,111,11100000,11100000,11100000,0,293150,1,111,11100000,11100000,11100000,0,317791,1,111,11100000,11100000,11100000,0,0,1,111,11100000,11100000,11100000,0,1.0,0.527498,0.65,1.0,0.527498,0.65,1.0,0.527498,0.65,111,11400000,False,1.0,5000.0,300.0,500.0,600000000000.0,100000000000.0,,110
1,corrupt_flow,thermal_loop,113,controller_tick,11200000,11.2,1,0,11200000,112,11200000,RUNNING,,0,0,62,1,0,reconstructed_from_retained_wire,True,,,317.7911486059049,301.12448329259223,293.14999895864605,0.5274980000038603,0.65,55999.99999999986,55999.99659418674,0.00014999991971507306,18825.42363499591,-3.5679477150551975e-09,0.00015,301.124,293.15,317.791,0.0,150000,1,112,11200000,11200000,11200000,0,301124,1,112,11200000,11200000,11200000,0,293150,1,112,11200000,11200000,11200000,0,317791,1,112,11200000,11200000,11200000,0,0,1,112,11200000,11200000,11200000,0,1.0,0.527498,0.65,1.0,0.527498,0.65,1.0,0.527498,0.65,112,11500000,False,1.0,5000.0,300.0,500.0,600000000000.0,100000000000.0,,111
1,corrupt_flow,thermal_loop,114,controller_tick,11300000,11.3,1,0,11300000,113,11300000,RUNNING,,0,0,62,1,0,reconstructed_from_retained_wire,True,,,317.79114860996947,301.12448329963684,293.14999895486807,0.527498000003493,0.65,56499.999999999854,56499.99654202431,0.00014999991971496862,18825.423634969695,-3.1297986424760893e-09,0.00015,301.124,293.15,317.791,0.0,150000,1,113,11300000,11300000,11300000,0,301124,1,113,11300000,11300000,11300000,0,293150,1,113,11300000,11300000,11300000,0,317791,1,113,11300000,11300000,11300000,0,0,1,113,11300000,11300000,11300000,0,1.0,0.527498,0.65,1.0,0.527498,0.65,1.0,0.527498,0.65,113,11600000,False,1.0,5000.0,300.0,500.0,600000000000.0,100000000000.0,,112
1,corrupt_flow,thermal_loop,115,controller_tick,11400000,11.4,1,0,11400000,114,11400000,RUNNING,,0,0,62,1,0,reconstructed_from_retained_wire,True,,,317.79114861404287,301.1244833065904,293.14999895115875,0.5274980000031606,0.65,56999.99999999985,56999.9964896747,0.0001499999197148741,18825.42363494597,-1.971329766092822e-09,0.00015,301.124,293.15,317.791,0.0,150000,1,114,11400000,11400000,11400000,0,301124,1,114,11400000,11400000,11400000,0,293150,1,114,11400000,11400000,11400000,0,317791,1,114,11400000,11400000,11400000,0,0,1,114,11400000,11400000,11400000,0,1.0,0.527498,0.65,1.0,0.527498,0.65,1.0,0.527498,0.65,114,11700000,False,1.0,5000.0,300.0,500.0,600000000000.0,100000000000.0,,113
1,corrupt_flow,thermal_loop,116,controller_tick,11500000,11.5,1,0,11500000,115,11500000,RUNNING,,0,0,62,1,0,reconstructed_from_retained_wire,True,,,317.7911486181247,301.1244833134544,293.14999894751696,0.52749800000286,0.65,57499.99999999984,57499.996437141315,0.00014999991971478862,18825.42363492451,-2.0847892301389948e-09,0.00015,301.124,293.15,317.791,0.0,150000,1,115,11500000,11500000,11500000,0,301124,1,115,11500000,11500000,11500000,0,293150,1,115,11500000,11500000,11500000,0,317791,1,115,11500000,11500000,11500000,0,0,1,115,11500000,11500000,11500000,0,1.0,0.527498,0.65,1.0,0.527498,0.65,1.0,0.527498,0.65,115,11800000,False,1.0,5000.0,300.0,500.0,600000000000.0,100000000000.0,,114
1,corrupt_flow,thermal_loop,117,controller_tick,11600000,11.6,1,0,11600000,116,11600000,RUNNING,,0,0,62,1,0,reconstructed_from_retained_wire,True,,,317.79114862221473,301.1244833202304,293.1499989439417,0.5274980000025877,0.65,57999.99999999983,57999.996384427504,0.0001499999197147112,18825.42363490508,-1.8358150555286556e-09,0.00015,301.124,293.15,317.791,0.0,150000,1,116,11600000,11600000,11600000,0,301124,1,116,11600000,11600000,11600000,0,293150,1,116,11600000,11600000,11600000,0,317791,1,116,11600000,11600000,11600000,0,0,1,116,11600000,11600000,11600000,0,1.0,0.527498,0.65,1.0,0.527498,0.65,1.0,0.527498,0.65,116,11900000,False,1.0,5000.0,300.0,500.0,600000000000.0,100000000000.0,,115
1,corrupt_flow,thermal_loop,118,controller_tick,11700000,11.7,1,0,11700000,117,11700000,RUNNING,,0,0,62,1,0,reconstructed_from_retained_wire,True,,,317.7911486263127,301.12448332692,293.14999894043183,0.5274980000023415,0.65,58499.99999999983,58499.99633153657,0.00014999991971464117,18825.423634887506,-2.051820047199726e-09,0.00015,301.124,293.15,317.791,0.0,150000,1,117,11700000,11700000,11700000,0,301124,1,117,11700000,11700000,11700000,0,293150,1,117,11700000,11700000,11700000,0,317791,1,117,11700000,11700000,11700000,0,0,1,117,11700000,11700000,11700000,0,1.0,0.527498,0.65,1.0,0.527498,0.65,1.0,0.527498,0.65,117,12000000,False,1.0,5000.0,300.0,500.0,600000000000.0,100000000000.0,,116
1,corrupt_flow,thermal_loop,119,controller_tick,11800000,11.8,1,0,11800000,118,11800000,RUNNING,,0,0,62,1,0,reconstructed_from_retained_wire,True,,,317.79114863041826,301.1244833335245,293.1499989369865,0.5274980000021187,0.65,58999.99999999983,58999.99627847176,0.00014999991971457782,18825.4236348716,-1.840135155362077e-09,0.00015,301.124,293.15,317.791,0.0,150000,1,118,11800000,11800000,11800000,0,301124,1,118,11800000,11800000,11800000,0,293150,1,118,11800000,11800000,11800000,0,317791,1,118,11800000,11800000,11800000,0,0,1,118,11800000,11800000,11800000,0,1.0,0.527498,0.65,1.0,0.527498,0.65,1.0,0.527498,0.65,118,12100000,False,1.0,5000.0,300.0,500.0,600000000000.0,100000000000.0,,117
1,corrupt_flow,thermal_loop,120,controller_tick,11900000,11.9,1,0,11900000,119,11900000,RUNNING,,0,0,62,1,0,reconstructed_from_retained_wire,True,,,317.7911486345312,301.1244833400454,293.14999893360465,0.5274980000019169,0.65,59499.999999999825,59499.996225236275,0.00014999991971452044,18825.4236348572,-1.2162217899458483e-09,0.00015,301.124,293.15,317.791,0.0,150000,1,119,11900000,11900000,11900000,0,301124,1,119,11900000,11900000,11900000,0,293150,1,119,11900000,11900000,11900000,0,317791,1,119,11900000,11900000,11900000,0,0,1,119,11900000,11900000,11900000,0,1.0,0.527498,0.65,1.0,0.527498,0.65,1.0,0.527498,0.65,119,12200000,False,1.0,5000.0,300.0,500.0,600000000000.0,100000000000.0,,118
1,corrupt_flow,thermal_loop,121,controller_tick,12000000,12.0,1,0,12000000,120,12000000,RUNNING,,0,0,62,1,0,reconstructed_from_retained_wire,True,,,317.79114863865124,301.1244833464841,293.1499989302852,0.5274980000017344,0.65,59999.99999999982,59999.99617183326,0.00014999991971446856,18825.423634844174,-2.1179857867537066e-09,0.00015,301.124,293.15,317.791,0.0,150000,1,120,12000000,12000000,12000000,0,301124,1,120,12000000,12000000,12000000,0,293150,1,120,12000000,12000000,12000000,0,317791,1,120,12000000,12000000,12000000,0,0,1,120,12000000,12000000,12000000,0,1.0,0.527498,0.65,1.0,0.527498,0.65,1.0,0.527498,0.65,120,12300000,False,1.0,5000.0,300.0,500.0,600000000000.0,100000000000.0,,119
1,corrupt_flow,thermal_loop,122,controller_tick,12100000,12.1,1,0,12100000,121,12100000,RUNNING,,0,0,62,1,0,reconstructed_from_retained_wire,True,,,317.7911486427781,301.124483352842,293.14999892702735,0.5274980000015693,0.65,60499.99999999981,60499.99611826583,0.00014999991971442162,18825.42363483239,-2.431079337839037e-09,0.00015,301.124,293.15,317.791,0.0,150000,1,121,12100000,12100000,12100000,0,301124,1,121,12100000,12100000,12100000,0,293150,1,121,12100000,12100000,12100000,0,317791,1,121,12100000,12100000,12100000,0,0,1,121,12100000,12100000,12100000,0,1.0,0.527498,0.65,1.0,0.527498,0.65,1.0,0.527498,0.65,121,12400000,False,1.0,5000.0,300.0,500.0,600000000000.0,100000000000.0,,120
1,corrupt_flow,thermal_loop,123,controller_tick,12200000,12.2,1,0,12200000,122,12200000,RUNNING,,0,0,62,1,0,reconstructed_from_retained_wire,True,,,317.79114864691155,301.12448335912046,293.1499989238301,0.52749800000142,0.65,60999.9999999998,60999.996064537016,0.00014999991971437914,18825.42363482173,-2.7623627829598263e-09,0.00015,301.124,293.15,317.791,0.0,150000,1,122,12200000,12200000,12200000,0,301124,1,122,12200000,12200000,12200000,0,293150,1,122,12200000,12200000,12200000,0,317791,1,122,12200000,12200000,12200000,0,0,1,122,12200000,12200000,12200000,0,1.0,0.527498,0.65,1.0,0.527498,0.65,1.0,0.527498,0.65,122,12500000,False,1.0,5000.0,300.0,500.0,600000000000.0,100000000000.0,,121
1,corrupt_flow,thermal_loop,124,controller_tick,12300000,12.3,1,0,12300000,123,12300000,RUNNING,,0,0,62,1,0,reconstructed_from_retained_wire,True,,,317.7911486510513,301.1244833653208,293.1499989206925,0.5274980000012849,0.65,61499.999999999796,61499.99601064983,0.00014999991971434074,18825.42363481209,-2.8485374059528112e-09,0.00015,301.124,293.15,317.791,0.0,150000,1,123,12300000,12300000,12300000,0,301124,1,123,12300000,12300000,12300000,0,293150,1,123,12300000,12300000,12300000,0,317791,1,123,12300000,12300000,12300000,0,0,1,123,12300000,12300000,12300000,0,1.0,0.527498,0.65,1.0,0.527498,0.65,1.0,0.527498,0.65,123,12600000,False,1.0,5000.0,300.0,500.0,600000000000.0,100000000000.0,,122
1,corrupt_flow,thermal_loop,125,controller_tick,12400000,12.4,1,0,12400000,124,12400000,RUNNING,,0,0,62,1,0,reconstructed_from_retained_wire,True,,,317.79114865519705,301.1244833714444,293.14999891761363,0.5274980000011626,0.65,61999.99999999979,61999.99595660725,0.00014999991971430596,18825.423634803366,-3.7512108974624425e-09,0.00015,301.124,293.15,317.791,0.0,150000,1,124,12400000,12400000,12400000,0,301124,1,124,12400000,12400000,12400000,0,293150,1,124,12400000,12400000,12400000,0,317791,1,124,12400000,12400000,12400000,0,0,1,124,12400000,12400000,12400000,0,1.0,0.527498,0.65,1.0,0.527498,0.65,1.0,0.527498,0.65,124,12700000,False,1.0,5000.0,300.0,500.0,600000000000.0,100000000000.0,,123
1,corrupt_flow,thermal_loop,126,controller_tick,12500000,12.5,1,0,12500000,125,12500000,RUNNING,,0,0,62,1,0,reconstructed_from_retained_wire,True,,,317.79114865934866,301.1244833774926,293.14999891459263,0.527498000001052,0.65,62499.99999999978,62499.99590241216,0.0001499999197142745,18825.423634795465,-3.0918272386770695e-09,0.00015,301.124,293.15,317.791,0.0,150000,1,125,12500000,12500000,12500000,0,301124,1,125,12500000,12500000,12500000,0,293150,1,125,12500000,12500000,12500000,0,317791,1,125,12500000,12500000,12500000,0,0,1,125,12500000,12500000,12500000,0,1.0,0.527498,0.65,1.0,0.527498,0.65,1.0,0.527498,0.65,125,12800000,False,1.0,5000.0,300.0,500.0,600000000000.0,100000000000.0,,124
1,corrupt_flow,thermal_loop,127,controller_tick,12600000,12.6,1,0,12600000,126,12600000,RUNNING,,0,0,62,1,0,reconstructed_from_retained_wire,True,,,317.7911486635058,301.1244833834666,293.1499989116285,0.5274980000009518,0.65,62999.999999999774,62999.995848067454,0.000149999919714246,18825.423634788316,-4.2509782360866666e-09,0.00015,301.124,293.15,317.791,0.0,150000,1,126,12600000,12600000,12600000,0,301124,1,126,12600000,12600000,12600000,0,293150,1,126,12600000,12600000,12600000,0,317791,1,126,12600000,12600000,12600000,0,0,1,126,12600000,12600000,12600000,0,1.0,0.527498,0.65,1.0,0.527498,0.65,1.0,0.527498,0.65,126,12900000,False,1.0,5000.0,300.0,500.0,600000000000.0,100000000000.0,,125
1,corrupt_flow,thermal_loop,128,controller_tick,12700000,12.7,1,0,12700000,127,12700000,RUNNING,,0,0,62,1,0,reconstructed_from_retained_wire,True,,,317.79114866766827,301.1244833893677,293.1499989087205,0.5274980000008612,0.65,63499.99999999977,63499.995793575945,0.00014999991971422028,18825.423634781844,-4.210050974506885e-09,0.00015,301.124,293.15,317.791,0.0,150000,1,127,12700000,12700000,12700000,0,301124,1,127,12700000,12700000,12700000,0,293150,1,127,12700000,12700000,12700000,0,317791,1,127,12700000,12700000,12700000,0,0,1,127,12700000,12700000,12700000,0,1.0,0.527498,0.65,1.0,0.527498,0.65,1.0,0.527498,0.65,127,13000000,False,1.0,5000.0,300.0,500.0,600000000000.0,100000000000.0,,126
1,corrupt_flow,thermal_loop,129,controller_tick,12800000,12.8,1,0,12800000,128,12800000,RUNNING,,0,0,62,1,0,reconstructed_from_retained_wire,True,,,317.79114867183586,301.1244833951971,293.1499989058677,0.5274980000007793,0.65,63999.99999999976,63999.99573894042,0.00014999991971419694,18825.423634776,-4.119328878005035e-09,0.00015,301.124,293.15,317.791,0.0,150000,1,128,12800000,12800000,12800000,0,301124,1,128,12800000,12800000,12800000,0,293150,1,128,12800000,12800000,12800000,0,317791,1,128,12800000,12800000,12800000,0,0,1,128,12800000,12800000,12800000,0,1.0,0.527498,0.65,1.0,0.527498,0.65,1.0,0.527498,0.65,128,13100000,False,1.0,5000.0,300.0,500.0,600000000000.0,100000000000.0,,127
1,corrupt_flow,thermal_loop,130,controller_tick,12900000,12.9,1,0,12900000,129,12900000,RUNNING,,0,0,62,1,0,reconstructed_from_retained_wire,True,,,317.7911486760084,301.124483400956,293.1499989030692,0.5274980000007051,0.65,64499.99999999975,64499.99568416362,0.00014999991971417588,18825.42363477071,-3.6611709219869226e-09,0.00015,301.124,293.15,317.791,0.0,150000,1,129,12900000,12900000,12900000,0,301124,1,129,12900000,12900000,12900000,0,293150,1,129,12900000,12900000,12900000,0,317791,1,129,12900000,12900000,12900000,0,0,1,129,12900000,12900000,12900000,0,1.0,0.527498,0.65,1.0,0.527498,0.65,1.0,0.527498,0.65,129,13200000,False,1.0,5000.0,300.0,500.0,600000000000.0,100000000000.0,,128
1,corrupt_flow,thermal_loop,131,controller_tick,13000000,13.0,1,0,13000000,130,13000000,RUNNING,,0,0,62,1,0,reconstructed_from_retained_wire,True,,,317.79114868018553,301.1244834066457,293.14999890032425,0.527498000000638,0.65,64999.999999999745,64999.99562924824,0.00014999991971415677,18825.423634765917,-3.791683411691338e-09,0.00015,301.124,293.15,317.791,0.0,150000,1,130,13000000,13000000,13000000,0,301124,1,130,13000000,13000000,13000000,0,293150,1,130,13000000,13000000,13000000,0,317791,1,130,13000000,13000000,13000000,0,0,1,130,13000000,13000000,13000000,0,1.0,0.527498,0.65,1.0,0.527498,0.65,1.0,0.527498,0.65,130,13300000,False,1.0,5000.0,300.0,500.0,600000000000.0,100000000000.0,,129
1,corrupt_flow,thermal_loop,132,controller_tick,13100000,13.1,1,0,13100000,131,13100000,RUNNING,,0,0,62,1,0,reconstructed_from_retained_wire,True,,,317.79114868436704,301.1244834122673,293.14999889763203,0.5274980000005772,0.65,65499.99999999974,65499.99557419693,0.00014999991971413948,18825.42363476158,-3.88399712392129e-09,0.00015,301.124,293.15,317.791,0.0,150000,1,131,13100000,13100000,13100000,0,301124,1,131,13100000,13100000,13100000,0,293150,1,131,13100000,13100000,13100000,0,317791,1,131,13100000,13100000,13100000,0,0,1,131,13100000,13100000,13100000,0,1.0,0.527498,0.65,1.0,0.527498,0.65,1.0,0.527498,0.65,131,13400000,False,1.0,5000.0,300.0,500.0,600000000000.0,100000000000.0,,130
1,corrupt_flow,thermal_loop,133,controller_tick,13200000,13.2,1,0,13200000,132,13200000,RUNNING,,0,0,62,1,0,reconstructed_from_retained_wire,True,,,317.7911486885528,301.1244834178219,293.14999889499165,0.5274980000005223,0.65,65999.99999999974,65999.99551901231,0.00014999991971412387,18825.42363475766,-4.371031536720693e-09,0.00015,301.124,293.15,317.791,0.0,150000,1,132,13200000,13200000,13200000,0,301124,1,132,13200000,13200000,13200000,0,293150,1,132,13200000,13200000,13200000,0,317791,1,132,13200000,13200000,13200000,0,0,1,132,13200000,13200000,13200000,0,1.0,0.527498,0.65,1.0,0.527498,0.65,1.0,0.527498,0.65,132,13500000,False,1.0,5000.0,300.0,500.0,600000000000.0,100000000000.0,,131
1,corrupt_flow,thermal_loop,134,controller_tick,13300000,13.3,1,0,13300000,133,13300000,RUNNING,,0,0,62,1,0,reconstructed_from_retained_wire,True,,,317.7911486927426,301.1244834233107,293.14999889240244,0.5274980000004725,0.65,66499.99999999974,66499.99546369696,0.00014999991971410972,18825.42363475411,-4.5615706767421216e-09,0.00015,301.124,293.15,317.791,0.0,150000,1,133,13300000,13300000,13300000,0,301124,1,133,13300000,13300000,13300000,0,293150,1,133,13300000,13300000,13300000,0,317791,1,133,13300000,13300000,13300000,0,0,1,133,13300000,13300000,13300000,0,1.0,0.527498,0.65,1.0,0.527498,0.65,1.0,0.527498,0.65,133,13600000,False,1.0,5000.0,300.0,500.0,600000000000.0,100000000000.0,,132
1,corrupt_flow,thermal_loop,135,controller_tick,13400000,13.4,1,0,13400000,134,13400000,RUNNING,,0,0,62,1,0,reconstructed_from_retained_wire,True,,,317.79114869693615,301.12448342873483,293.14999888986347,0.5274980000004277,0.65,66999.99999999974,66999.99540825341,0.00014999991971409695,18825.423634750907,-5.529727786779404e-09,0.00015,301.124,293.15,317.791,0.0,150000,1,134,13400000,13400000,13400000,0,301124,1,134,13400000,13400000,13400000,0,293150,1,134,13400000,13400000,13400000,0,317791,1,134,13400000,13400000,13400000,0,0,1,134,13400000,13400000,13400000,0,1.0,0.527498,0.65,1.0,0.527498,0.65,1.0,0.527498,0.65,134,13700000,False,1.0,5000.0,300.0,500.0,600000000000.0,100000000000.0,,133
1,corrupt_flow,thermal_loop,136,controller_tick,13500000,13.5,1,0,13500000,135,13500000,RUNNING,,0,0,62,1,0,reconstructed_from_retained_wire,True,,,317.7911487011333,301.12448343409545,293.1499988873741,0.5274980000003869,0.65,67499.99999999972,67499.99535268414,0.00014999991971408538,18825.423634747996,-4.907860784442164e-09,0.00015,301.124,293.15,317.791,0.0,150000,1,135,13500000,13500000,13500000,0,301124,1,135,13500000,13500000,13500000,0,293150,1,135,13500000,13500000,13500000,0,317791,1,135,13500000,13500000,13500000,0,0,1,135,13500000,13500000,13500000,0,1.0,0.527498,0.65,1.0,0.527498,0.65,1.0,0.527498,0.65,135,13800000,False,1.0,5000.0,300.0,500.0,600000000000.0,100000000000.0,,134
1,corrupt_flow,thermal_loop,137,controller_tick,13600000,13.6,1,0,13600000,136,13600000,RUNNING,,0,0,62,1,0,reconstructed_from_retained_wire,True,,,317.79114870533385,301.1244834393935,293.14999888493355,0.5274980000003501,0.65,67999.99999999972,67999.99529699163,0.00014999991971407492,18825.423634745363,-5.045421858085319e-09,0.00015,301.124,293.15,317.791,0.0,150000,1,136,13600000,13600000,13600000,0,301124,1,136,13600000,13600000,13600000,0,293150,1,136,13600000,13600000,13600000,0,317791,1,136,13600000,13600000,13600000,0,0,1,136,13600000,13600000,13600000,0,1.0,0.527498,0.65,1.0,0.527498,0.65,1.0,0.527498,0.65,136,13900000,False,1.0,5000.0,300.0,500.0,600000000000.0,100000000000.0,,135
1,corrupt_flow,thermal_loop,138,controller_tick,13700000,13.7,1,0,13700000,137,13700000,RUNNING,,0,0,62,1,0,reconstructed_from_retained_wire,True,,,317.7911487095376,301.12448344463013,293.14999888254107,0.5274980000003168,0.65,68499.99999999972,68499.99524117829,0.00014999991971406543,18825.42363474299,-4.374896889203228e-09,0.00015,301.124,293.15,317.791,0.0,150000,1,137,13700000,13700000,13700000,0,301124,1,137,13700000,13700000,13700000,0,293150,1,137,13700000,13700000,13700000,0,317791,1,137,13700000,13700000,13700000,0,0,1,137,13700000,13700000,13700000,0,1.0,0.527498,0.65,1.0,0.527498,0.65,1.0,0.527498,0.65,137,14000000,False,1.0,5000.0,300.0,500.0,600000000000.0,100000000000.0,,136
1,corrupt_flow,thermal_loop,139,controller_tick,13800000,13.8,1,0,13800000,138,13800000,RUNNING,,0,0,62,1,0,reconstructed_from_retained_wire,True,,,317.79114871374435,301.12448344980635,293.1499988801959,0.5274980000002867,0.65,68999.99999999972,68999.99518524652,0.00014999991971405686,18825.423634740844,-4.086814442416653e-09,0.00015,301.124,293.15,317.791,0.0,150000,1,138,13800000,13800000,13800000,0,301124,1,138,13800000,13800000,13800000,0,293150,1,138,13800000,13800000,13800000,0,317791,1,138,13800000,13800000,13800000,0,0,1,138,13800000,13800000,13800000,0,1.0,0.527498,0.65,1.0,0.527498,0.65,1.0,0.527498,0.65,138,14100000,False,1.0,5000.0,300.0,500.0,600000000000.0,100000000000.0,,137
1,corrupt_flow,thermal_loop,140,controller_tick,13900000,13.9,1,0,13900000,139,13900000,RUNNING,,0,0,62,1,0,reconstructed_from_retained_wire,True,,,317.79114871795394,301.1244834549232,293.14999887789725,0.5274980000002595,0.65,69499.99999999971,69499.99512919865,0.00014999991971404914,18825.4236347389,-3.781224222620949e-09,0.00015,301.124,293.15,317.791,0.0,150000,1,139,13900000,13900000,13900000,0,301124,1,139,13900000,13900000,13900000,0,293150,1,139,13900000,13900000,13900000,0,317791,1,139,13900000,13900000,13900000,0,0,1,139,13900000,13900000,13900000,0,1.0,0.527498,0.65,1.0,0.527498,0.65,1.0,0.527498,0.65,139,14200000,False,1.0,5000.0,300.0,500.0,600000000000.0,100000000000.0,,138
1,corrupt_flow,thermal_loop,141,controller_tick,14000000,14.0,1,0,14000000,140,14000000,RUNNING,,0,0,62,1,0,reconstructed_from_retained_wire,True,,,317.79114872216616,301.1244834599817,293.14999887564454,0.5274980000002347,0.65,69999.99999999971,69999.995073037,0.00014999991971404212,18825.423634737133,-3.2096068025566638e-09,0.00015,301.124,293.15,317.791,0.0,150000,1,140,14000000,14000000,14000000,0,301124,1,140,14000000,14000000,14000000,0,293150,1,140,14000000,14000000,14000000,0,317791,1,140,14000000,14000000,14000000,0,0,1,140,14000000,14000000,14000000,0,1.0,0.527498,0.65,1.0,0.527498,0.65,1.0,0.527498,0.65,140,14300000,False,1.0,5000.0,300.0,500.0,600000000000.0,100000000000.0,,139
1,corrupt_flow,thermal_loop,142,controller_tick,14100000,14.1,1,0,14100000,141,14100000,RUNNING,,0,0,62,1,0,reconstructed_from_retained_wire,True,,,317.7911487263808,301.12448346498275,293.14999887343697,0.5274980000002124,0.65,70499.99999999971,70499.99501676386,0.00014999991971403575,18825.42363473554,-4.15411705034785e-09,0.00015,301.124,293.15,317.791,0.0,150000,1,141,14100000,14100000,14100000,0,301124,1,141,14100000,14100000,14100000,0,293150,1,141,14100000,14100000,14100000,0,317791,1,141,14100000,14100000,14100000,0,0,1,141,14100000,14100000,14100000,0,1.0,0.527498,0.65,1.0,0.527498,0.65,1.0,0.527498,0.65,141,14400000,False,1.0,5000.0,300.0,500.0,600000000000.0,100000000000.0,,140
1,corrupt_flow,thermal_loop,143,controller_tick,14200000,14.2,1,0,14200000,142,14200000,RUNNING,,0,0,62,1,0,reconstructed_from_retained_wire,True,,,317.7911487305977,301.12448346992744,293.14999887127397,0.5274980000001922,0.65,70999.99999999971,70999.99496038146,0.00014999991971403003,18825.423634734096,-4.2714418668765575e-09,0.00015,301.124,293.15,317.791,0.0,150000,1,142,14200000,14200000,14200000,0,301124,1,142,14200000,14200000,14200000,0,293150,1,142,14200000,14200000,14200000,0,317791,1,142,14200000,14200000,14200000,0,0,1,142,14200000,14200000,14200000,0,1.0,0.527498,0.65,1.0,0.527498,0.65,1.0,0.527498,0.65,142,14500000,False,1.0,5000.0,300.0,500.0,600000000000.0,100000000000.0,,141
1,corrupt_flow,thermal_loop,144,controller_tick,14300000,14.3,1,0,14300000,143,14300000,RUNNING,,0,0,62,1,0,reconstructed_from_retained_wire,True,,,317.7911487348167,301.12448347481666,293.1499988691548,0.5274980000001739,0.65,71499.9999999997,71499.994903892,0.0001499999197140248,18825.42363473279,-4.056573743582703e-09,0.00015,301.124,293.15,317.791,0.0,150000,1,143,14300000,14300000,14300000,0,301124,1,143,14300000,14300000,14300000,0,293150,1,143,14300000,14300000,14300000,0,317791,1,143,14300000,14300000,14300000,0,0,1,143,14300000,14300000,14300000,0,1.0,0.527498,0.65,1.0,0.527498,0.65,1.0,0.527498,0.65,143,14600000,False,1.0,5000.0,300.0,500.0,600000000000.0,100000000000.0,,142
1,corrupt_flow,thermal_loop,145,controller_tick,14400000,14.4,1,0,14400000,144,14400000,RUNNING,,0,0,62,1,0,reconstructed_from_retained_wire,True,,,317.7911487390377,301.1244834796514,293.1499988670787,0.5274980000001573,0.65,71999.99999999968,71999.99484729767,0.0001499999197140201,18825.423634731607,-4.327830538386479e-09,0.00015,301.124,293.15,317.791,0.0,150000,1,144,14400000,14400000,14400000,0,301124,1,144,14400000,14400000,14400000,0,293150,1,144,14400000,14400000,14400000,0,317791,1,144,14400000,14400000,14400000,0,0,1,144,14400000,14400000,14400000,0,1.0,0.527498,0.65,1.0,0.527498,0.65,1.0,0.527498,0.65,144,14700000,False,1.0,5000.0,300.0,500.0,600000000000.0,100000000000.0,,143
1,corrupt_flow,thermal_loop,146,controller_tick,14500000,14.5,1,0,14500000,145,14500000,RUNNING,,0,0,62,1,0,reconstructed_from_retained_wire,True,,,317.7911487432604,301.1244834844326,293.1499988650452,0.5274980000001424,0.65,72499.99999999967,72499.99479060057,0.00014999991971401583,18825.42363473054,-3.9676706364843994e-09,0.00015,301.124,293.15,317.791,0.0,150000,1,145,14500000,14500000,14500000,0,301124,1,145,14500000,14500000,14500000,0,293150,1,145,14500000,14500000,14500000,0,317791,1,145,14500000,14500000,14500000,0,0,1,145,14500000,14500000,14500000,0,1.0,0.527498,0.65,1.0,0.527498,0.65,1.0,0.527498,0.65,145,14800000,False,1.0,5000.0,300.0,500.0,600000000000.0,100000000000.0,,144
1,corrupt_flow,thermal_loop,147,controller_tick,14600000,14.6,1,0,14600000,146,14600000,RUNNING,,0,0,62,1,0,reconstructed_from_retained_wire,True,,,317.79114874748467,301.1244834891611,293.1499988630535,0.5274980000001287,0.65,72999.99999999965,72999.99473380286,0.00014999991971401195,18825.423634729566,-4.2841747927013785e-09,0.00015,301.124,293.15,317.791,0.0,150000,1,146,14600000,14600000,14600000,0,301124,1,146,14600000,14600000,14600000,0,293150,1,146,14600000,14600000,14600000,0,317791,1,146,14600000,14600000,14600000,0,0,1,146,14600000,14600000,14600000,0,1.0,0.527498,0.65,1.0,0.527498,0.65,1.0,0.527498,0.65,146,14900000,False,1.0,5000.0,300.0,500.0,600000000000.0,100000000000.0,,145
1,corrupt_flow,thermal_loop,148,controller_tick,14700000,14.7,1,0,14700000,147,14700000,RUNNING,,0,0,62,1,0,reconstructed_from_retained_wire,True,,,317.7911487517104,301.12448349383783,293.14999886110303,0.5274980000001165,0.65,73499.99999999965,73499.9946769066,0.00014999991971400848,18825.423634728693,-4.506773620960303e-09,0.00015,301.124,293.15,317.791,0.0,150000,1,147,14700000,14700000,14700000,0,301124,1,147,14700000,14700000,14700000,0,293150,1,147,14700000,14700000,14700000,0,317791,1,147,14700000,14700000,14700000,0,0,1,147,14700000,14700000,14700000,0,1.0,0.527498,0.65,1.0,0.527498,0.65,1.0,0.527498,0.65,147,15000000,False,1.0,5000.0,300.0,500.0,600000000000.0,100000000000.0,,146
1,corrupt_flow,thermal_loop,149,controller_tick,14800000,14.8,1,0,14800000,148,14800000,RUNNING,,0,0,62,1,0,reconstructed_from_retained_wire,True,,,317.79114875593746,301.1244834984637,293.1499988591932,0.5274980000001054,0.65,73999.99999999965,73999.99461991384,0.00014999991971400534,18825.4236347279,-3.813738658209331e-09,0.00015,301.124,293.15,317.791,0.0,150000,1,148,14800000,14800000,14800000,0,301124,1,148,14800000,14800000,14800000,0,293150,1,148,14800000,14800000,14800000,0,317791,1,148,14800000,14800000,14800000,0,0,1,148,14800000,14800000,14800000,0,1.0,0.527498,0.65,1.0,0.527498,0.65,1.0,0.527498,0.65,148,15100000,False,1.0,5000.0,300.0,500.0,600000000000.0,100000000000.0,,147
1,corrupt_flow,thermal_loop,150,controller_tick,14900000,14.9,1,0,14900000,149,14900000,RUNNING,,0,0,62,1,0,reconstructed_from_retained_wire,True,,,317.7911487601655,301.1244835030395,293.14999885732334,0.5274980000000953,0.65,74499.99999999964,74499.9945628266,0.00014999991971400246,18825.42363472718,-4.421053745318204e-09,0.00015,301.124,293.15,317.791,0.0,150000,1,149,14900000,14900000,14900000,0,301124,1,149,14900000,14900000,14900000,0,293150,1,149,14900000,14900000,14900000,0,317791,1,149,14900000,14900000,14900000,0,0,1,149,14900000,14900000,14900000,0,1.0,0.527498,0.65,1.0,0.527498,0.65,1.0,0.527498,0.65,149,15200000,False,1.0,5000.0,300.0,500.0,600000000000.0,100000000000.0,,148
1,corrupt_flow,thermal_loop,151,controller_tick,15000000,15.0,1,0,15000000,150,15000000,RUNNING,,0,0,62,1,0,reconstructed_from_retained_wire,True,,,317.7911487643946,301.1244835075662,293.1499988554928,0.5274980000000862,0.65,74999.99999999964,74999.99450564684,0.00014999991971399986,18825.42363472653,-5.120682544657029e-09,0.00015,301.124,293.15,317.791,0.0,150000,1,150,15000000,15000000,15000000,0,301124,1,150,15000000,15000000,15000000,0,293150,1,150,15000000,15000000,15000000,0,317791,1,150,15000000,15000000,15000000,0,0,1,150,15000000,15000000,15000000,0,1.0,0.527498,0.65,1.0,0.527498,0.65,1.0,0.527498,0.65,150,15300000,False,1.0,5000.0,300.0,500.0,600000000000.0,100000000000.0,,149
1,corrupt_flow,thermal_loop,152,controller_tick,15100000,15.1,1,0,15100000,151,15100000,RUNNING,,0,0,62,1,0,reconstructed_from_retained_wire,True,,,317.7911487686245,301.12448351204455,293.1499988537011,0.5274980000000778,0.65,75499.99999999962,75499.99444837653,0.0001499999197139975,18825.423634725936,-5.479932951857336e-09,0.00015,301.124,293.15,317.791,0.0,150000,1,151,15100000,15100000,15100000,0,301124,1,151,15100000,15100000,15100000,0,293150,1,151,15100000,15100000,15100000,0,317791,1,151,15100000,15100000,15100000,0,0,1,151,15100000,15100000,15100000,0,1.0,0.527498,0.65,1.0,0.527498,0.65,1.0,0.527498,0.65,151,15400000,False,1.0,5000.0,300.0,500.0,600000000000.0,100000000000.0,,150
1,corrupt_flow,thermal_loop,153,controller_tick,15200000,15.2,1,0,15200000,152,15200000,RUNNING,,0,0,62,1,0,reconstructed_from_retained_wire,True,,,317.7911487728551,301.1244835164754,293.1499988519476,0.5274980000000705,0.65,75999.9999999996,75999.99439101758,0.00014999991971399542,18825.423634725412,-5.917399903410114e-09,0.00015,301.124,293.15,317.791,0.0,150000,1,152,15200000,15200000,15200000,0,301124,1,152,15200000,15200000,15200000,0,293150,1,152,15200000,15200000,15200000,0,317791,1,152,15200000,15200000,15200000,0,0,1,152,15200000,15200000,15200000,0,1.0,0.527498,0.65,1.0,0.527498,0.65,1.0,0.527498,0.65,152,15500000,False,1.0,5000.0,300.0,500.0,600000000000.0,100000000000.0,,151
1,corrupt_flow,thermal_loop,154,controller_tick,15300000,15.3,1,0,15300000,153,15300000,RUNNING,,0,0,62,1,0,reconstructed_from_retained_wire,True,,,317.79114877708616,301.12448352085954,293.1499988502317,0.5274980000000639,0.65,76499.99999999959,76499.9943335719,0.00014999991971399352,18825.42363472494,-6.2320850702235475e-09,0.00015,301.124,293.15,317.791,0.0,150000,1,153,15300000,15300000,15300000,0,301124,1,153,15300000,15300000,15300000,0,293150,1,153,15300000,15300000,15300000,0,317791,1,153,15300000,15300000,15300000,0,0,1,153,15300000,15300000,15300000,0,1.0,0.527498,0.65,1.0,0.527498,0.65,1.0,0.527498,0.65,153,15600000,False,1.0,5000.0,300.0,500.0,600000000000.0,100000000000.0,,152
1,corrupt_flow,thermal_loop,155,controller_tick,15400000,15.4,1,0,15400000,154,15400000,RUNNING,,0,0,62,1,0,reconstructed_from_retained_wire,True,,,317.79114878131764,301.1244835251978,293.1499988485529,0.5274980000000578,0.65,76999.99999999959,76999.99427604135,0.00014999991971399176,18825.423634724502,-6.6631855588639155e-09,0.00015,301.124,293.15,317.791,0.0,150000,1,154,15400000,15400000,15400000,0,301124,1,154,15400000,15400000,15400000,0,293150,1,154,15400000,15400000,15400000,0,317791,1,154,15400000,15400000,15400000,0,0,1,154,15400000,15400000,15400000,0,1.0,0.527498,0.65,1.0,0.527498,0.65,1.0,0.527498,0.65,154,15700000,False,1.0,5000.0,300.0,500.0,600000000000.0,100000000000.0,,153
1,corrupt_flow,thermal_loop,156,controller_tick,15500000,15.5,1,0,15500000,155,15500000,RUNNING,,0,0,62,1,0,reconstructed_from_retained_wire,True,,,317.7911487855494,301.12448352949093,293.14999884691065,0.5274980000000522,0.65,77499.99999999958,77499.99421842779,0.00014999991971399019,18825.42363472411,-5.757556209573522e-09,0.00015,301.124,293.15,317.791,0.0,150000,1,155,15500000,15500000,15500000,0,301124,1,155,15500000,15500000,15500000,0,293150,1,155,15500000,15500000,15500000,0,317791,1,155,15500000,15500000,15500000,0,0,1,155,15500000,15500000,15500000,0,1.0,0.527498,0.65,1.0,0.527498,0.65,1.0,0.527498,0.65,155,15800000,False,1.0,5000.0,300.0,500.0,600000000000.0,100000000000.0,,154
1,corrupt_flow,thermal_loop,157,controller_tick,15600000,15.6,1,0,15600000,156,15600000,RUNNING,,0,0,62,1,0,reconstructed_from_retained_wire,True,,,317.7911487897813,301.1244835337397,293.14999884530437,0.5274980000000473,0.65,77999.99999999956,77999.99416073301,0.0001499999197139888,18825.423634723757,-4.85624696011655e-09,0.00015,301.124,293.15,317.791,0.0,150000,1,156,15600000,15600000,15600000,0,301124,1,156,15600000,15600000,15600000,0,293150,1,156,15600000,15600000,15600000,0,317791,1,156,15600000,15600000,15600000,0,0,1,156,15600000,15600000,15600000,0,1.0,0.527498,0.65,1.0,0.527498,0.65,1.0,0.527498,0.65,156,15900000,False,1.0,5000.0,300.0,500.0,600000000000.0,100000000000.0,,155
1,corrupt_flow,thermal_loop,158,controller_tick,15700000,15.7,1,0,15700000,157,15700000,RUNNING,,0,0,62,1,0,reconstructed_from_retained_wire,True,,,317.79114879401317,301.1244835379449,293.14999884373344,0.5274980000000429,0.65,78499.99999999955,78499.99410295881,0.00014999991971398753,18825.42363472344,-4.01905708713457e-09,0.00015,301.124,293.15,317.791,0.0,150000,1,157,15700000,15700000,15700000,0,301124,1,157,15700000,15700000,15700000,0,293150,1,157,15700000,15700000,15700000,0,317791,1,157,15700000,15700000,15700000,0,0,1,157,15700000,15700000,15700000,0,1.0,0.527498,0.65,1.0,0.527498,0.65,1.0,0.527498,0.65,157,16000000,False,1.0,5000.0,300.0,500.0,600000000000.0,100000000000.0,,156
1,corrupt_flow,thermal_loop,159,controller_tick,15800000,15.8,1,0,15800000,158,15800000,RUNNING,,0,0,62,1,0,reconstructed_from_retained_wire,True,,,317.7911487982449,301.1244835421072,293.14999884219736,0.5274980000000388,0.65,78999.99999999955,78999.99404510693,0.00014999991971398636,18825.42363472315,-4.4076386984670535e-09,0.00015,301.124,293.15,317.791,0.0,150000,1,158,15800000,15800000,15800000,0,301124,1,158,15800000,15800000,15800000,0,293150,1,158,15800000,15800000,15800000,0,317791,1,158,15800000,15800000,15800000,0,0,1,158,15800000,15800000,15800000,0,1.0,0.527498,0.65,1.0,0.527498,0.65,1.0,0.527498,0.65,158,16100000,False,1.0,5000.0,300.0,500.0,600000000000.0,100000000000.0,,157
1,corrupt_flow,thermal_loop,160,controller_tick,15900000,15.9,1,0,15900000,159,15900000,RUNNING,,0,0,62,1,0,reconstructed_from_retained_wire,True,,,317.7911488024763,301.12448354622745,293.1499988406957,0.5274980000000351,0.65,79499.99999999953,79499.9939871791,0.00014999991971398533,18825.423634722887,-3.972445483668707e-09,0.00015,301.124,293.15,317.791,0.0,150000,1,159,15900000,15900000,15900000,0,301124,1,159,15900000,15900000,15900000,0,293150,1,159,15900000,15900000,15900000,0,317791,1,159,15900000,15900000,15900000,0,0,1,159,15900000,15900000,15900000,0,1.0,0.527498,0.65,1.0,0.527498,0.65,1.0,0.527498,0.65,159,16200000,False,1.0,5000.0,300.0,500.0,600000000000.0,100000000000.0,,158
1,corrupt_flow,thermal_loop,161,controller_tick,16000000,16.0,1,0,16000000,160,16000000,RUNNING,,0,0,62,1,0,reconstructed_from_retained_wire,True,,,317.7911488067073,301.12448355030625,293.1499988392278,0.5274980000000318,0.65,79999.99999999953,79999.99392917706,0.00014999991971398439,18825.423634722647,-4.04861566494219e-09,0.00015,301.124,293.15,317.791,0.0,150000,1,160,16000000,16000000,16000000,0,301124,1,160,16000000,16000000,16000000,0,293150,1,160,16000000,16000000,16000000,0,317791,1,160,16000000,16000000,16000000,0,0,1,160,16000000,16000000,16000000,0,1.0,0.527498,0.65,1.0,0.527498,0.65,1.0,0.527498,0.65,160,16300000,False,1.0,5000.0,300.0,500.0,600000000000.0,100000000000.0,,159
1,corrupt_flow,thermal_loop,162,controller_tick,16100000,16.1,1,0,16100000,161,16100000,RUNNING,,0,0,62,1,0,reconstructed_from_retained_wire,True,,,317.7911488109379,301.12448355434435,293.14999883779325,0.5274980000000287,0.65,80499.99999999955,80499.99387110246,0.00014999991971398352,18825.42363472243,-3.783270585699938e-09,0.00015,301.124,293.15,317.791,0.0,150000,1,161,16100000,16100000,16100000,0,301124,1,161,16100000,16100000,16100000,0,293150,1,161,16100000,16100000,16100000,0,317791,1,161,16100000,16100000,16100000,0,0,1,161,16100000,16100000,16100000,0,1.0,0.527498,0.65,1.0,0.527498,0.65,1.0,0.527498,0.65,161,16400000,False,1.0,5000.0,300.0,500.0,600000000000.0,100000000000.0,,160
1,corrupt_flow,thermal_loop,163,controller_tick,16200000,16.2,1,0,16200000,162,16200000,RUNNING,,0,0,62,1,0,reconstructed_from_retained_wire,True,,,317.7911488151678,301.12448355834243,293.14999883639155,0.527498000000026,0.65,80999.99999999955,80999.99381295696,0.00014999991971398276,18825.423634722232,-3.762124833883718e-09,0.00015,301.124,293.15,317.791,0.0,150000,1,162,16200000,16200000,16200000,0,301124,1,162,16200000,16200000,16200000,0,293150,1,162,16200000,16200000,16200000,0,317791,1,162,16200000,16200000,16200000,0,0,1,162,16200000,16200000,16200000,0,1.0,0.527498,0.65,1.0,0.527498,0.65,1.0,0.527498,0.65,162,16500000,False,1.0,5000.0,300.0,500.0,600000000000.0,100000000000.0,,161
1,corrupt_flow,thermal_loop,164,controller_tick,16300000,16.3,1,0,16300000,163,16300000,RUNNING,,0,0,62,1,0,reconstructed_from_retained_wire,True,,,317.7911488193969,301.1244835623012,293.1499988350222,0.5274980000000236,0.65,81499.99999999956,81499.99375474219,0.00014999991971398205,18825.42363472206,-4.248704499332234e-09,0.00015,301.124,293.15,317.791,0.0,150000,1,163,16300000,16300000,16300000,0,301124,1,163,16300000,16300000,16300000,0,293150,1,163,16300000,16300000,16300000,0,317791,1,163,16300000,16300000,16300000,0,0,1,163,16300000,16300000,16300000,0,1.0,0.527498,0.65,1.0,0.527498,0.65,1.0,0.527498,0.65,163,16600000,False,1.0,5000.0,300.0,500.0,600000000000.0,100000000000.0,,162
1,corrupt_flow,thermal_loop,165,controller_tick,16400000,16.4,1,0,16400000,164,16400000,RUNNING,,0,0,62,1,0,reconstructed_from_retained_wire,True,,,317.7911488236252,301.1244835662213,293.14999883368466,0.5274980000000212,0.65,81999.99999999958,81999.99369645973,0.0001499999197139814,18825.42363472189,-4.3405634642113e-09,0.00015,301.124,293.15,317.791,0.0,150000,1,164,16400000,16400000,16400000,0,301124,1,164,16400000,16400000,16400000,0,293150,1,164,16400000,16400000,16400000,0,317791,1,164,16400000,16400000,16400000,0,0,1,164,16400000,16400000,16400000,0,1.0,0.527498,0.65,1.0,0.527498,0.65,1.0,0.527498,0.65,164,16700000,False,1.0,5000.0,300.0,500.0,600000000000.0,100000000000.0,,163
1,corrupt_flow,thermal_loop,166,controller_tick,16500000,16.5,1,0,16500000,165,16500000,RUNNING,,0,0,62,1,0,reconstructed_from_retained_wire,True,,,317.79114882785245,301.1244835701034,293.14999883237857,0.5274980000000192,0.65,82499.99999999958,82499.99363811118,0.0001499999197139808,18825.423634721752,-3.997911335318349e-09,0.00015,301.124,293.15,317.791,0.0,150000,1,165,16500000,16500000,16500000,0,301124,1,165,16500000,16500000,16500000,0,293150,1,165,16500000,16500000,16500000,0,317791,1,165,16500000,16500000,16500000,0,0,1,165,16500000,16500000,16500000,0,1.0,0.527498,0.65,1.0,0.527498,0.65,1.0,0.527498,0.65,165,16800000,False,1.0,5000.0,300.0,500.0,600000000000.0,100000000000.0,,164
1,corrupt_flow,thermal_loop,167,controller_tick,16600000,16.6,1,0,16600000,166,16600000,RUNNING,,0,0,62,1,0,reconstructed_from_retained_wire,True,,,317.7911488320786,301.1244835739481,293.1499988311034,0.5274980000000175,0.65,82999.99999999959,82999.9935796981,0.00014999991971398032,18825.423634721625,-4.478351911529899e-09,0.00015,301.124,293.15,317.791,0.0,150000,1,166,16600000,16600000,16600000,0,301124,1,166,16600000,16600000,16600000,0,293150,1,166,16600000,16600000,16600000,0,317791,1,166,16600000,16600000,16600000,0,0,1,166,16600000,16600000,16600000,0,1.0,0.527498,0.65,1.0,0.527498,0.65,1.0,0.527498,0.65,166,16900000,False,1.0,5000.0,300.0,500.0,600000000000.0,100000000000.0,,165
1,corrupt_flow,thermal_loop,168,controller_tick,16700000,16.7,1,0,16700000,167,16700000,RUNNING,,0,0,62,1,0,reconstructed_from_retained_wire,True,,,317.7911488363036,301.1244835777561,293.14999882985865,0.5274980000000158,0.65,83499.99999999959,83499.99352122204,0.00014999991971397986,18825.423634721505,-4.9230948206968606e-09,0.00015,301.124,293.15,317.791,0.0,150000,1,167,16700000,16700000,16700000,0,301124,1,167,16700000,16700000,16700000,0,293150,1,167,16700000,16700000,16700000,0,317791,1,167,16700000,16700000,16700000,0,0,1,167,16700000,16700000,16700000,0,1.0,0.527498,0.65,1.0,0.527498,0.65,1.0,0.527498,0.65,167,17000000,False,1.0,5000.0,300.0,500.0,600000000000.0,100000000000.0,,166
1,corrupt_flow,thermal_loop,169,controller_tick,16800000,16.8,1,0,16800000,168,16800000,RUNNING,,0,0,62,1,0,reconstructed_from_retained_wire,True,,,317.7911488405272,301.12448358152807,293.14999882864385,0.5274980000000143,0.65,83999.99999999959,83999.99346268449,0.00014999991971397943,18825.423634721403,-6.136133379186504e-09,0.00015,301.124,293.15,317.791,0.0,150000,1,168,16800000,16800000,16800000,0,301124,1,168,16800000,16800000,16800000,0,293150,1,168,16800000,16800000,16800000,0,317791,1,168,16800000,16800000,16800000,0,0,1,168,16800000,16800000,16800000,0,1.0,0.527498,0.65,1.0,0.527498,0.65,1.0,0.527498,0.65,168,17100000,False,1.0,5000.0,300.0,500.0,600000000000.0,100000000000.0,,167
1,corrupt_flow,thermal_loop,170,controller_tick,16900000,16.9,1,0,16900000,169,16900000,RUNNING,,0,0,62,1,0,reconstructed_from_retained_wire,True,,,317.79114884474956,301.12448358526456,293.14999882745866,0.527498000000013,0.65,84499.99999999959,84499.99340408694,0.00014999991971397907,18825.423634721305,-5.574975148192607e-09,0.00015,301.124,293.15,317.791,0.0,150000,1,169,16900000,16900000,16900000,0,301124,1,169,16900000,16900000,16900000,0,293150,1,169,16900000,16900000,16900000,0,317791,1,169,16900000,16900000,16900000,0,0,1,169,16900000,16900000,16900000,0,1.0,0.527498,0.65,1.0,0.527498,0.65,1.0,0.527498,0.65,169,17200000,False,1.0,5000.0,300.0,500.0,600000000000.0,100000000000.0,,168
1,corrupt_flow,thermal_loop,171,controller_tick,17000000,17.0,1,0,17000000,170,17000000,RUNNING,,0,0,62,1,0,reconstructed_from_retained_wire,True,,,317.7911488489703,301.1244835889661,293.1499988263026,0.5274980000000117,0.65,84999.99999999959,84999.99334543086,0.00014999991971397867,18825.423634721214,-6.750497050234117e-09,0.00015,301.124,293.15,317.791,0.0,150000,1,170,17000000,17000000,17000000,0,301124,1,170,17000000,17000000,17000000,0,293150,1,170,17000000,17000000,17000000,0,317791,1,170,17000000,17000000,17000000,0,0,1,170,17000000,17000000,17000000,0,1.0,0.527498,0.65,1.0,0.527498,0.65,1.0,0.527498,0.65,170,17300000,False,1.0,5000.0,300.0,500.0,600000000000.0,100000000000.0,,169
1,corrupt_flow,thermal_loop,172,controller_tick,17100000,17.1,1,0,17100000,171,17100000,RUNNING,,0,0,62,1,0,reconstructed_from_retained_wire,True,,,317.79114885318944,301.1244835926334,293.14999882517515,0.5274980000000106,0.65,85499.99999999959,85499.9932867177,0.00014999991971397837,18825.423634721134,-7.74684849602636e-09,0.00015,301.124,293.15,317.791,0.0,150000,1,171,17100000,17100000,17100000,0,301124,1,171,17100000,17100000,17100000,0,293150,1,171,17100000,17100000,17100000,0,317791,1,171,17100000,17100000,17100000,0,0,1,171,17100000,17100000,17100000,0,1.0,0.527498,0.65,1.0,0.527498,0.65,1.0,0.527498,0.65,171,17400000,False,1.0,5000.0,300.0,500.0,600000000000.0,100000000000.0,,170
1,corrupt_flow,thermal_loop,173,controller_tick,17200000,17.2,1,0,17200000,172,17200000,RUNNING,,0,0,62,1,0,reconstructed_from_retained_wire,True,,,317.79114885740694,301.12448359626705,293.149998824076,0.5274980000000096,0.65,85999.9999999996,85999.99322794886,0.00014999991971397807,18825.42363472106,-7.260268830577843e-09,0.00015,301.124,293.15,317.791,0.0,150000,1,172,17200000,17200000,17200000,0,301124,1,172,17200000,17200000,17200000,0,293150,1,172,17200000,17200000,17200000,0,317791,1,172,17200000,17200000,17200000,0,0,1,172,17200000,17200000,17200000,0,1.0,0.527498,0.65,1.0,0.527498,0.65,1.0,0.527498,0.65,172,17500000,False,1.0,5000.0,300.0,500.0,600000000000.0,100000000000.0,,171
1,corrupt_flow,thermal_loop,174,controller_tick,17300000,17.3,1,0,17300000,173,17300000,RUNNING,,0,0,62,1,0,reconstructed_from_retained_wire,True,,,317.79114886162256,301.1244835998676,293.1499988230047,0.5274980000000087,0.65,86499.9999999996,86499.99316912578,0.00014999991971397783,18825.423634721003,-8.233200787799433e-09,0.00015,301.124,293.15,317.791,0.0,150000,1,173,17300000,17300000,17300000,0,301124,1,173,17300000,17300000,17300000,0,293150,1,173,17300000,17300000,17300000,0,317791,1,173,17300000,17300000,17300000,0,0,1,173,17300000,17300000,17300000,0,1.0,0.527498,0.65,1.0,0.527498,0.65,1.0,0.527498,0.65,173,17600000,False,1.0,5000.0,300.0,500.0,600000000000.0,100000000000.0,,172
1,corrupt_flow,thermal_loop,175,controller_tick,17400000,17.4,1,0,17400000,174,17400000,RUNNING,,0,0,62,1,0,reconstructed_from_retained_wire,True,,,317.79114886583636,301.1244836034356,293.1499988219608,0.5274980000000079,0.65,86999.9999999996,86999.99311024982,0.0001499999197139776,18825.42363472094,-7.808012014720589e-09,0.00015,301.124,293.15,317.791,0.0,150000,1,174,17400000,17400000,17400000,0,301124,1,174,17400000,17400000,17400000,0,293150,1,174,17400000,17400000,17400000,0,317791,1,174,17400000,17400000,17400000,0,0,1,174,17400000,17400000,17400000,0,1.0,0.527498,0.65,1.0,0.527498,0.65,1.0,0.527498,0.65,174,17700000,False,1.0,5000.0,300.0,500.0,600000000000.0,100000000000.0,,173
1,corrupt_flow,thermal_loop,176,controller_tick,17500000,17.5,1,0,17500000,175,17500000,RUNNING,,0,0,62,1,0,reconstructed_from_retained_wire,True,,,317.7911488700481,301.1244836069716,293.149998820944,0.5274980000000072,0.65,87499.9999999996,87499.99305132235,0.00014999991971397742,18825.423634720893,-7.60337570682168e-09,0.00015,301.124,293.15,317.791,0.0,150000,1,175,17500000,17500000,17500000,0,301124,1,175,17500000,17500000,17500000,0,293150,1,175,17500000,17500000,17500000,0,317791,1,175,17500000,17500000,17500000,0,0,1,175,17500000,17500000,17500000,0,1.0,0.527498,0.65,1.0,0.527498,0.65,1.0,0.527498,0.65,175,17800000,False,1.0,5000.0,300.0,500.0,600000000000.0,100000000000.0,,174
1,corrupt_flow,thermal_loop,177,controller_tick,17600000,17.6,1,0,17600000,176,17600000,RUNNING,,0,0,62,1,0,reconstructed_from_retained_wire,True,,,317.7911488742579,301.1244836104761,293.1499988199538,0.5274980000000066,0.65,87999.9999999996,87999.99299234469,0.0001499999197139772,18825.42363472085,-7.152266334742308e-09,0.00015,301.124,293.15,317.791,0.0,150000,1,176,17600000,17600000,17600000,0,301124,1,176,17600000,17600000,17600000,0,293150,1,176,17600000,17600000,17600000,0,317791,1,176,17600000,17600000,17600000,0,0,1,176,17600000,17600000,17600000,0,1.0,0.527498,0.65,1.0,0.527498,0.65,1.0,0.527498,0.65,176,17900000,False,1.0,5000.0,300.0,500.0,600000000000.0,100000000000.0,,175
1,corrupt_flow,thermal_loop,178,controller_tick,17700000,17.7,1,0,17700000,177,17700000,RUNNING,,0,0,62,1,0,reconstructed_from_retained_wire,True,,,317.7911488784655,301.12448361394974,293.1499988189898,0.5274980000000059,0.65,88499.9999999996,88499.99293331818,0.000149999919713977,18825.423634720803,-6.583604772458784e-09,0.00015,301.124,293.15,317.791,0.0,150000,1,177,17700000,17700000,17700000,0,301124,1,177,17700000,17700000,17700000,0,293150,1,177,17700000,17700000,17700000,0,317791,1,177,17700000,17700000,17700000,0,0,1,177,17700000,17700000,17700000,0,1.0,0.527498,0.65,1.0,0.527498,0.65,1.0,0.527498,0.65,177,18000000,False,1.0,5000.0,300.0,500.0,600000000000.0,100000000000.0,,176
1,corrupt_flow,thermal_loop,179,controller_tick,17800000,17.8,1,0,17800000,178,17800000,RUNNING,,0,0,62,1,0,reconstructed_from_retained_wire,True,,,317.7911488826708,301.1244836173929,293.14999881805164,0.5274980000000054,0.65,88999.9999999996,88999.99287424413,0.00014999991971397688,18825.423634720762,-6.6750089899869636e-09,0.00015,301.124,293.15,317.791,0.0,150000,1,178,17800000,17800000,17800000,0,301124,1,178,17800000,17800000,17800000,0,293150,1,178,17800000,17800000,17800000,0,317791,1,178,17800000,17800000,17800000,0,0,1,178,17800000,17800000,17800000,0,1.0,0.527498,0.65,1.0,0.527498,0.65,1.0,0.527498,0.65,178,18100000,False,1.0,5000.0,300.0,500.0,600000000000.0,100000000000.0,,177
1,corrupt_flow,thermal_loop,180,controller_tick,17900000,17.9,1,0,17900000,179,17900000,RUNNING,,0,0,62,1,0,reconstructed_from_retained_wire,True,,,317.7911488868738,301.12448362080625,293.1499988171389,0.5274980000000048,0.65,89499.9999999996,89499.99281512378,0.00014999991971397671,18825.423634720726,-7.2186594479717314e-09,0.00015,301.124,293.15,317.791,0.0,150000,1,179,17900000,17900000,17900000,0,301124,1,179,17900000,17900000,17900000,0,293150,1,179,17900000,17900000,17900000,0,317791,1,179,17900000,17900000,17900000,0,0,1,179,17900000,17900000,17900000,0,1.0,0.527498,0.65,1.0,0.527498,0.65,1.0,0.527498,0.65,179,18200000,False,1.0,5000.0,300.0,500.0,600000000000.0,100000000000.0,,178
1,corrupt_flow,thermal_loop,181,controller_tick,18000000,18.0,1,0,18000000,180,18000000,RUNNING,,0,0,62,1,0,reconstructed_from_retained_wire,True,,,317.7911488910744,301.12448362419025,293.1499988162513,0.5274980000000044,0.65,89999.9999999996,89999.99275595843,0.00014999991971397658,18825.42363472069,-7.358039511018433e-09,0.00015,301.124,293.15,317.791,0.0,150000,1,180,18000000,18000000,18000000,0,301124,1,180,18000000,18000000,18000000,0,293150,1,180,18000000,18000000,18000000,0,317791,1,180,18000000,18000000,18000000,0,0,1,180,18000000,18000000,18000000,0,1.0,0.527498,0.65,1.0,0.527498,0.65,1.0,0.527498,0.65,180,18300000,False,1.0,5000.0,300.0,500.0,600000000000.0,100000000000.0,,179
1,corrupt_flow,thermal_loop,182,controller_tick,18100000,18.1,1,0,18100000,181,18100000,RUNNING,,0,0,62,1,0,reconstructed_from_retained_wire,True,,,317.79114889527244,301.1244836275454,293.1499988153884,0.5274980000000039,0.65,90499.9999999996,90499.99269674932,0.00014999991971397647,18825.423634720653,-7.598146112286486e-09,0.00015,301.124,293.15,317.791,0.0,150000,1,181,18100000,18100000,18100000,0,301124,1,181,18100000,18100000,18100000,0,293150,1,181,18100000,18100000,18100000,0,317791,1,181,18100000,18100000,18100000,0,0,1,181,18100000,18100000,18100000,0,1.0,0.527498,0.65,1.0,0.527498,0.65,1.0,0.527498,0.65,181,18400000,False,1.0,5000.0,300.0,500.0,600000000000.0,100000000000.0,,180
1,corrupt_flow,thermal_loop,183,controller_tick,18200000,18.2,1,0,18200000,182,18200000,RUNNING,,0,0,62,1,0,reconstructed_from_retained_wire,True,,,317.791148899468,301.12448363087213,293.14999881454986,0.5274980000000035,0.65,90999.9999999996,90999.99263749768,0.00014999991971397636,18825.423634720624,-7.4294348451076075e-09,0.00015,301.124,293.15,317.791,0.0,150000,1,182,18200000,18200000,18200000,0,301124,1,182,18200000,18200000,18200000,0,293150,1,182,18200000,18200000,18200000,0,317791,1,182,18200000,18200000,18200000,0,0,1,182,18200000,18200000,18200000,0,1.0,0.527498,0.65,1.0,0.527498,0.65,1.0,0.527498,0.65,182,18500000,False,1.0,5000.0,300.0,500.0,600000000000.0,100000000000.0,,181
1,corrupt_flow,thermal_loop,184,controller_tick,18300000,18.3,1,0,18300000,183,18300000,RUNNING,,0,0,62,1,0,reconstructed_from_retained_wire,True,,,317.7911489036608,301.12448363417104,293.1499988137353,0.5274980000000031,0.65,91499.99999999962,91499.99257820472,0.00014999991971397625,18825.423634720602,-7.91783349995967e-09,0.00015,301.124,293.15,317.791,0.0,150000,1,183,18300000,18300000,18300000,0,301124,1,183,18300000,18300000,18300000,0,293150,1,183,18300000,18300000,18300000,0,317791,1,183,18300000,18300000,18300000,0,0,1,183,18300000,18300000,18300000,0,1.0,0.527498,0.65,1.0,0.527498,0.65,1.0,0.527498,0.65,183,18600000,False,1.0,5000.0,300.0,500.0,600000000000.0,100000000000.0,,182
1,corrupt_flow,thermal_loop,185,controller_tick,18400000,18.4,1,0,18400000,184,18400000,RUNNING,,0,0,62,1,0,reconstructed_from_retained_wire,True,,,317.791148907851,301.1244836374425,293.14999881294443,0.5274980000000029,0.65,91999.99999999962,91999.99251887163,0.00014999991971397617,18825.423634720588,-7.524704415118322e-09,0.00015,301.124,293.15,317.791,0.0,150000,1,184,18400000,18400000,18400000,0,301124,1,184,18400000,18400000,18400000,0,293150,1,184,18400000,18400000,18400000,0,317791,1,184,18400000,18400000,18400000,0,0,1,184,18400000,18400000,18400000,0,1.0,0.527498,0.65,1.0,0.527498,0.65,1.0,0.527498,0.65,184,18700000,False,1.0,5000.0,300.0,500.0,600000000000.0,100000000000.0,,183
1,corrupt_flow,thermal_loop,186,controller_tick,18500000,18.5,1,0,18500000,185,18500000,RUNNING,,0,0,62,1,0,reconstructed_from_retained_wire,True,,,317.79114891203835,301.124483640687,293.1499988121768,0.5274980000000027,0.65,92499.99999999964,92499.99245949957,0.00014999991971397615,18825.423634720566,-7.677499525016174e-09,0.00015,301.124,293.15,317.791,0.0,150000,1,185,18500000,18500000,18500000,0,301124,1,185,18500000,18500000,18500000,0,293150,1,185,18500000,18500000,18500000,0,317791,1,185,18500000,18500000,18500000,0,0,1,185,18500000,18500000,18500000,0,1.0,0.527498,0.65,1.0,0.527498,0.65,1.0,0.527498,0.65,185,18800000,False,1.0,5000.0,300.0,500.0,600000000000.0,100000000000.0,,184
1,corrupt_flow,thermal_loop,187,controller_tick,18600000,18.6,1,0,18600000,186,18600000,RUNNING,,0,0,62,1,0,reconstructed_from_retained_wire,True,,,317.7911489162228,301.1244836439051,293.1499988114321,0.5274980000000025,0.65,92999.99999999964,92999.9924000897,0.00014999991971397606,18825.42363472055,-8.319830158143304e-09,0.00015,301.124,293.15,317.791,0.0,150000,1,186,18600000,18600000,18600000,0,301124,1,186,18600000,18600000,18600000,0,293150,1,186,18600000,18600000,18600000,0,317791,1,186,18600000,18600000,18600000,0,0,1,186,18600000,18600000,18600000,0,1.0,0.527498,0.65,1.0,0.527498,0.65,1.0,0.527498,0.65,186,18900000,False,1.0,5000.0,300.0,500.0,600000000000.0,100000000000.0,,185
1,corrupt_flow,thermal_loop,188,controller_tick,18700000,18.7,1,0,18700000,187,18700000,RUNNING,,0,0,62,1,0,reconstructed_from_retained_wire,True,,,317.79114892040445,301.1244836470971,293.14999881071003,0.5274980000000022,0.65,93499.99999999964,93499.99234064318,0.00014999991971397598,18825.42363472054,-7.985818228917196e-09,0.00015,301.124,293.15,317.791,0.0,150000,1,187,18700000,18700000,18700000,0,301124,1,187,18700000,18700000,18700000,0,293150,1,187,18700000,18700000,18700000,0,317791,1,187,18700000,18700000,18700000,0,0,1,187,18700000,18700000,18700000,0,1.0,0.527498,0.65,1.0,0.527498,0.65,1.0,0.527498,0.65,187,19000000,False,1.0,5000.0,300.0,500.0,600000000000.0,100000000000.0,,186
1,corrupt_flow,thermal_loop,189,controller_tick,18800000,18.8,1,0,18800000,188,18800000,RUNNING,,0,0,62,1,0,reconstructed_from_retained_wire,True,,,317.791148924583,301.1244836502636,293.14999881001023,0.527498000000002,0.65,93999.99999999964,93999.99228116109,0.00014999991971397593,18825.423634720522,-8.333017831319012e-09,0.00015,301.124,293.15,317.791,0.0,150000,1,188,18800000,18800000,18800000,0,301124,1,188,18800000,18800000,18800000,0,293150,1,188,18800000,18800000,18800000,0,317791,1,188,18800000,18800000,18800000,0,0,1,188,18800000,18800000,18800000,0,1.0,0.527498,0.65,1.0,0.527498,0.65,1.0,0.527498,0.65,188,19100000,False,1.0,5000.0,300.0,500.0,600000000000.0,100000000000.0,,187
1,corrupt_flow,thermal_loop,190,controller_tick,18900000,18.9,1,0,18900000,189,18900000,RUNNING,,0,0,62,1,0,reconstructed_from_retained_wire,True,,,317.7911489287585,301.12448365340487,293.1499988093324,0.5274980000000018,0.65,94499.99999999965,94499.99222164458,0.00014999991971397585,18825.423634720508,-9.176801540888846e-09,0.00015,301.124,293.15,317.791,0.0,150000,1,189,18900000,18900000,18900000,0,301124,1,189,18900000,18900000,18900000,0,293150,1,189,18900000,18900000,18900000,0,317791,1,189,18900000,18900000,18900000,0,0,1,189,18900000,18900000,18900000,0,1.0,0.527498,0.65,1.0,0.527498,0.65,1.0,0.527498,0.65,189,19200000,False,1.0,5000.0,300.0,500.0,600000000000.0,100000000000.0,,188
1,corrupt_flow,thermal_loop,191,controller_tick,19000000,19.0,1,0,19000000,190,19000000,RUNNING,,0,0,62,1,0,reconstructed_from_retained_wire,True,,,317.79114893293087,301.1244836565215,293.1499988086762,0.5274980000000016,0.65,94999.99999999965,94999.99216209471,0.00014999991971397582,18825.423634720486,-9.2959453468211e-09,0.00015,301.124,293.15,317.791,0.0,150000,1,190,19000000,19000000,19000000,0,301124,1,190,19000000,19000000,19000000,0,293150,1,190,19000000,19000000,19000000,0,317791,1,190,19000000,19000000,19000000,0,0,1,190,19000000,19000000,19000000,0,1.0,0.527498,0.65,1.0,0.527498,0.65,1.0,0.527498,0.65,190,19300000,False,1.0,5000.0,300.0,500.0,600000000000.0,100000000000.0,,189
1,corrupt_flow,thermal_loop,192,controller_tick,19100000,19.1,1,0,19100000,191,19100000,RUNNING,,0,0,62,1,0,reconstructed_from_retained_wire,True,,,317.79114893710005,301.12448365961376,293.14999880804135,0.5274980000000015,0.65,95499.99999999965,95499.99210251257,0.00014999991971397577,18825.423634720486,-8.894858183339238e-09,0.00015,301.124,293.15,317.791,0.0,150000,1,191,19100000,19100000,19100000,0,301124,1,191,19100000,19100000,19100000,0,293150,1,191,19100000,19100000,19100000,0,317791,1,191,19100000,19100000,19100000,0,0,1,191,19100000,19100000,19100000,0,1.0,0.527498,0.65,1.0,0.527498,0.65,1.0,0.527498,0.65,191,19400000,False,1.0,5000.0,300.0,500.0,600000000000.0,100000000000.0,,190
1,corrupt_flow,thermal_loop,193,controller_tick,19200000,19.2,1,0,19200000,192,19200000,RUNNING,,0,0,62,1,0,reconstructed_from_retained_wire,True,,,317.791148941266,301.12448366268217,293.1499988074275,0.5274980000000014,0.65,95999.99999999967,95999.9920428992,0.00014999991971397574,18825.423634720475,-8.682263796799816e-09,0.00015,301.124,293.15,317.791,0.0,150000,1,192,19200000,19200000,19200000,0,301124,1,192,19200000,19200000,19200000,0,293150,1,192,19200000,19200000,19200000,0,317791,1,192,19200000,19200000,19200000,0,0,1,192,19200000,19200000,19200000,0,1.0,0.527498,0.65,1.0,0.527498,0.65,1.0,0.527498,0.65,192,19500000,False,1.0,5000.0,300.0,500.0,600000000000.0,100000000000.0,,191
1,corrupt_flow,thermal_loop,194,controller_tick,19300000,19.3,1,0,19300000,193,19300000,RUNNING,,0,0,62,1,0,reconstructed_from_retained_wire,True,,,317.7911489454286,301.1244836657271,293.14999880683433,0.5274980000000012,0.65,96499.99999999968,96499.99198325566,0.0001499999197139757,18825.423634720468,-8.984898158814758e-09,0.00015,301.124,293.15,317.791,0.0,150000,1,193,19300000,19300000,19300000,0,301124,1,193,19300000,19300000,19300000,0,293150,1,193,19300000,19300000,19300000,0,317791,1,193,19300000,19300000,19300000,0,0,1,193,19300000,19300000,19300000,0,1.0,0.527498,0.65,1.0,0.527498,0.65,1.0,0.527498,0.65,193,19600000,False,1.0,5000.0,300.0,500.0,600000000000.0,100000000000.0,,192
1,corrupt_flow,thermal_loop,195,controller_tick,19400000,19.4,1,0,19400000,194,19400000,RUNNING,,0,0,62,1,0,reconstructed_from_retained_wire,True,,,317.79114894958775,301.12448366874895,293.1499988062616,0.5274980000000011,0.65,96999.99999999968,96999.99192358299,0.00014999991971397566,18825.423634720464,-9.546511137159541e-09,0.00015,301.124,293.15,317.791,0.0,150000,1,194,19400000,19400000,19400000,0,301124,1,194,19400000,19400000,19400000,0,293150,1,194,19400000,19400000,19400000,0,317791,1,194,19400000,19400000,19400000,0,0,1,194,19400000,19400000,19400000,0,1.0,0.527498,0.65,1.0,0.527498,0.65,1.0,0.527498,0.65,194,19700000,False,1.0,5000.0,300.0,500.0,600000000000.0,100000000000.0,,193
1,corrupt_flow,thermal_loop,196,controller_tick,19500000,19.5,1,0,19500000,195,19500000,RUNNING,,0,0,62,1,0,reconstructed_from_retained_wire,True,,,317.7911489537435,301.1244836717481,293.14999880570895,0.5274980000000011,0.65,97499.99999999968,97499.99186388217,0.00014999991971397566,18825.423634720464,-9.629729902371764e-09,0.00015,301.124,293.15,317.791,0.0,150000,1,195,19500000,19500000,19500000,0,301124,1,195,19500000,19500000,19500000,0,293150,1,195,19500000,19500000,19500000,0,317791,1,195,19500000,19500000,19500000,0,0,1,195,19500000,19500000,19500000,0,1.0,0.527498,0.65,1.0,0.527498,0.65,1.0,0.527498,0.65,195,19800000,False,1.0,5000.0,300.0,500.0,600000000000.0,100000000000.0,,194
1,corrupt_flow,thermal_loop,197,controller_tick,19600000,19.6,1,0,19600000,196,19600000,RUNNING,,0,0,62,1,0,reconstructed_from_retained_wire,True,,,317.79114895789576,301.12448367472496,293.14999880517615,0.5274980000000011,0.65,97999.99999999968,97999.99180415423,0.00014999991971397566,18825.423634720464,-1.006560523819644e-08,0.00015,301.124,293.15,317.791,0.0,150000,1,196,19600000,19600000,19600000,0,301124,1,196,19600000,19600000,19600000,0,293150,1,196,19600000,19600000,19600000,0,317791,1,196,19600000,19600000,19600000,0,0,1,196,19600000,19600000,19600000,0,1.0,0.527498,0.65,1.0,0.527498,0.65,1.0,0.527498,0.65,196,19900000,False,1.0,5000.0,300.0,500.0,600000000000.0,100000000000.0,,195
1,corrupt_flow,thermal_loop,198,controller_tick,19700000,19.7,1,0,19700000,197,19700000,RUNNING,,0,0,62,1,0,reconstructed_from_retained_wire,True,,,317.7911489620445,301.1244836776799,293.1499988046629,0.5274980000000011,0.65,98499.9999999997,98499.99174440013,0.00014999991971397566,18825.423634720464,-9.656105248723179e-09,0.00015,301.124,293.15,317.791,0.0,150000,1,197,19700000,19700000,19700000,0,301124,1,197,19700000,19700000,19700000,0,293150,1,197,19700000,19700000,19700000,0,317791,1,197,19700000,19700000,19700000,0,0,1,197,19700000,19700000,19700000,0,1.0,0.527498,0.65,1.0,0.527498,0.65,1.0,0.527498,0.65,197,20000000,False,1.0,5000.0,300.0,500.0,600000000000.0,100000000000.0,,196
1,corrupt_flow,thermal_loop,199,controller_tick,19800000,19.8,1,0,19800000,198,19800000,RUNNING,,0,0,62,1,0,reconstructed_from_retained_wire,True,,,317.79114896618955,301.1244836806133,293.1499988041689,0.5274980000000011,0.65,98999.9999999997,98999.99168462085,0.00014999991971397566,18825.423634720464,-9.97420102066826e-09,0.00015,301.124,293.15,317.791,0.0,150000,1,198,19800000,19800000,19800000,0,301124,1,198,19800000,19800000,19800000,0,293150,1,198,19800000,19800000,19800000,0,317791,1,198,19800000,19800000,19800000,0,0,1,198,19800000,19800000,19800000,0,1.0,0.527498,0.65,1.0,0.527498,0.65,1.0,0.527498,0.65,198,20100000,False,1.0,5000.0,300.0,500.0,600000000000.0,100000000000.0,,197
1,corrupt_flow,thermal_loop,200,controller_tick,19900000,19.9,1,0,19900000,199,19900000,RUNNING,,0,0,62,1,0,reconstructed_from_retained_wire,True,,,317.791148970331,301.12448368352557,293.1499988036938,0.5274980000000011,0.65,99499.9999999997,99499.99162481734,0.00014999991971397566,18825.423634720464,-1.0311623555026017e-08,0.00015,301.124,293.15,317.791,0.0,150000,1,199,19900000,19900000,19900000,0,301124,1,199,19900000,19900000,19900000,0,293150,1,199,19900000,19900000,19900000,0,317791,1,199,19900000,19900000,19900000,0,0,1,199,19900000,19900000,19900000,0,1.0,0.527498,0.65,1.0,0.527498,0.65,1.0,0.527498,0.65,199,20200000,False,1.0,5000.0,300.0,500.0,600000000000.0,100000000000.0,,198
1,corrupt_flow,thermal_loop,201,controller_tick,20000000,20.0,1,0,20000000,200,20000000,RUNNING,,0,0,62,1,0,reconstructed_from_retained_wire,True,,,317.79114897446874,301.124483686417,293.1499988032374,0.5274980000000011,0.65,99999.99999999971,99999.99156499055,0.00014999991971397566,18825.423634720464,-1.030548446578905e-08,0.00015,301.124,293.15,317.791,0.0,150000,1,200,20000000,20000000,20000000,0,301124,1,200,20000000,20000000,20000000,0,293150,1,200,20000000,20000000,20000000,0,317791,1,200,20000000,20000000,20000000,0,0,1,200,20000000,20000000,20000000,0,1.0,0.527498,0.65,1.0,0.527498,0.65,1.0,0.527498,0.65,200,20300000,False,1.0,5000.0,300.0,500.0,600000000000.0,100000000000.0,,199
1,corrupt_flow,thermal_loop,202,controller_tick,20100000,20.1,1,0,20100000,201,20100000,RUNNING,,0,0,62,1,0,reconstructed_from_retained_wire,True,,,317.7911489786027,301.124483689288,293.1499988027994,0.5274980000000011,0.65,100499.99999999972,100499.9915051414,0.00014999991971397566,18825.423634720464,-1.0859594112844206e-08,0.00015,301.124,293.15,317.791,0.0,150000,1,201,20100000,20100000,20100000,0,301124,1,201,20100000,20100000,20100000,0,293150,1,201,20100000,20100000,20100000,0,317791,1,201,20100000,20100000,20100000,0,0,1,201,20100000,20100000,20100000,0,1.0,0.527498,0.65,1.0,0.527498,0.65,1.0,0.527498,0.65,201,20400000,False,1.0,5000.0,300.0,500.0,600000000000.0,100000000000.0,,200
1,corrupt_flow,thermal_loop,203,controller_tick,20200000,20.2,1,0,20200000,202,20200000,RUNNING,,0,0,62,1,0,reconstructed_from_retained_wire,True,,,317.79114898273286,301.1244836921389,293.1499988023796,0.5274980000000011,0.65,100999.99999999972,100999.9914452708,0.00014999991971397566,18825.423634720464,-1.0488747648196295e-08,0.00015,301.124,293.15,317.791,0.0,150000,1,202,20200000,20200000,20200000,0,301124,1,202,20200000,20200000,20200000,0,293150,1,202,20200000,20200000,20200000,0,317791,1,202,20200000,20200000,20200000,0,0,1,202,20200000,20200000,20200000,0,1.0,0.527498,0.65,1.0,0.527498,0.65,1.0,0.527498,0.65,202,20500000,False,1.0,5000.0,300.0,500.0,600000000000.0,100000000000.0,,201
1,corrupt_flow,thermal_loop,204,controller_tick,20300000,20.3,1,0,20300000,203,20300000,RUNNING,,0,0,62,1,0,reconstructed_from_retained_wire,True,,,317.7911489868591,301.12448369496997,293.14999880197774,0.5274980000000011,0.65,101499.99999999972,101499.99138537968,0.00014999991971397566,18825.423634720464,-1.0708845366025344e-08,0.00015,301.124,293.15,317.791,0.0,150000,1,203,20300000,20300000,20300000,0,301124,1,203,20300000,20300000,20300000,0,293150,1,203,20300000,20300000,20300000,0,317791,1,203,20300000,20300000,20300000,0,0,1,203,20300000,20300000,20300000,0,1.0,0.527498,0.65,1.0,0.527498,0.65,1.0,0.527498,0.65,203,20600000,False,1.0,5000.0,300.0,500.0,600000000000.0,100000000000.0,,202
1,corrupt_flow,thermal_loop,205,controller_tick,20400000,20.4,1,0,20400000,204,20400000,RUNNING,,0,0,62,1,0,reconstructed_from_retained_wire,True,,,317.79114899098147,301.1244836977816,293.1499988015935,0.5274980000000011,0.65,101999.99999999972,101999.99132546889,0.00014999991971397566,18825.423634720464,-1.1359588825143874e-08,0.00015,301.124,293.15,317.791,0.0,150000,1,204,20400000,20400000,20400000,0,301124,1,204,20400000,20400000,20400000,0,293150,1,204,20400000,20400000,20400000,0,317791,1,204,20400000,20400000,20400000,0,0,1,204,20400000,20400000,20400000,0,1.0,0.527498,0.65,1.0,0.527498,0.65,1.0,0.527498,0.65,204,20700000,False,1.0,5000.0,300.0,500.0,600000000000.0,100000000000.0,,203
1,corrupt_flow,thermal_loop,206,controller_tick,20500000,20.5,1,0,20500000,205,20500000,RUNNING,,0,0,62,1,0,reconstructed_from_retained_wire,True,,,317.7911489950999,301.12448370057416,293.1499988012266,0.5274980000000011,0.65,102499.99999999972,102499.99126553933,0.00014999991971397566,18825.423634720464,-1.1553311196621507e-08,0.00015,301.124,293.15,317.791,0.0,150000,1,205,20500000,20500000,20500000,0,301124,1,205,20500000,20500000,20500000,0,293150,1,205,20500000,20500000,20500000,0,317791,1,205,20500000,20500000,20500000,0,0,1,205,20500000,20500000,20500000,0,1.0,0.527498,0.65,1.0,0.527498,0.65,1.0,0.527498,0.65,205,20800000,False,1.0,5000.0,300.0,500.0,600000000000.0,100000000000.0,,204
1,corrupt_flow,thermal_loop,207,controller_tick,20600000,20.6,1,0,20600000,206,20600000,RUNNING,,0,0,62,1,0,reconstructed_from_retained_wire,True,,,317.79114899921433,301.1244837033479,293.1499988008769,0.5274980000000011,0.65,102999.99999999972,102999.99120559185,0.00014999991971397566,18825.423634720464,-1.1475094652269036e-08,0.00015,301.124,293.15,317.791,0.0,150000,1,206,20600000,20600000,20600000,0,301124,1,206,20600000,20600000,20600000,0,293150,1,206,20600000,20600000,20600000,0,317791,1,206,20600000,20600000,20600000,0,0,1,206,20600000,20600000,20600000,0,1.0,0.527498,0.65,1.0,0.527498,0.65,1.0,0.527498,0.65,206,20900000,False,1.0,5000.0,300.0,500.0,600000000000.0,100000000000.0,,205
1,corrupt_flow,thermal_loop,208,controller_tick,20700000,20.7,1,0,20700000,207,20700000,RUNNING,,0,0,62,1,0,reconstructed_from_retained_wire,True,,,317.7911490033247,301.12448370610315,293.1499988005441,0.5274980000000011,0.65,103499.99999999974,103499.99114562731,0.00014999991971397566,18825.423634720464,-1.214516487380024e-08,0.00015,301.124,293.15,317.791,0.0,150000,1,207,20700000,20700000,20700000,0,301124,1,207,20700000,20700000,20700000,0,293150,1,207,20700000,20700000,20700000,0,317791,1,207,20700000,20700000,20700000,0,0,1,207,20700000,20700000,20700000,0,1.0,0.527498,0.65,1.0,0.527498,0.65,1.0,0.527498,0.65,207,21000000,False,1.0,5000.0,300.0,500.0,600000000000.0,100000000000.0,,206
1,corrupt_flow,thermal_loop,209,controller_tick,20800000,20.8,1,0,20800000,208,20800000,RUNNING,,0,0,62,1,0,reconstructed_from_retained_wire,True,,,317.79114900743093,301.12448370884033,293.1499988002279,0.5274980000000011,0.65,103999.99999999975,103999.99108564656,0.00014999991971397566,18825.423634720464,-1.2928012438351288e-08,0.00015,301.124,293.15,317.791,0.0,150000,1,208,20800000,20800000,20800000,0,301124,1,208,20800000,20800000,20800000,0,293150,1,208,20800000,20800000,20800000,0,317791,1,208,20800000,20800000,20800000,0,0,1,208,20800000,20800000,20800000,0,1.0,0.527498,0.65,1.0,0.527498,0.65,1.0,0.527498,0.65,208,21100000,False,1.0,5000.0,300.0,500.0,600000000000.0,100000000000.0,,207
1,corrupt_flow,thermal_loop,210,controller_tick,20900000,20.9,1,0,20900000,209,20900000,RUNNING,,0,0,62,1,0,reconstructed_from_retained_wire,True,,,317.7911490115331,301.12448371155966,293.14999879992814,0.5274980000000011,0.65,104499.99999999975,104499.9910256504,0.00014999991971397566,18825.423634720464,-1.253351911145728e-08,0.00015,301.124,293.15,317.791,0.0,150000,1,209,20900000,20900000,20900000,0,301124,1,209,20900000,20900000,20900000,0,293150,1,209,20900000,20900000,20900000,0,317791,1,209,20900000,20900000,20900000,0,0,1,209,20900000,20900000,20900000,0,1.0,0.527498,0.65,1.0,0.527498,0.65,1.0,0.527498,0.65,209,21200000,False,1.0,5000.0,300.0,500.0,600000000000.0,100000000000.0,,208
1,corrupt_flow,thermal_loop,211,controller_tick,21000000,21.0,1,0,21000000,210,21000000,RUNNING,,0,0,62,1,0,reconstructed_from_retained_wire,True,,,317.79114901563105,301.1244837142615,293.14999879964455,0.5274980000000011,0.65,104999.99999999975,104999.99096563966,0.00014999991971397566,18825.423634720464,-1.2694727047346532e-08,0.00015,301.124,293.15,317.791,0.0,150000,1,210,21000000,21000000,21000000,0,301124,1,210,21000000,21000000,21000000,0,293150,1,210,21000000,21000000,21000000,0,317791,1,210,21000000,21000000,21000000,0,0,1,210,21000000,21000000,21000000,0,1.0,0.527498,0.65,1.0,0.527498,0.65,1.0,0.527498,0.65,210,21300000,False,1.0,5000.0,300.0,500.0,600000000000.0,100000000000.0,,209
1,corrupt_flow,thermal_loop,212,controller_tick,21100000,21.1,1,0,21100000,211,21100000,RUNNING,,0,0,62,1,0,reconstructed_from_retained_wire,True,,,317.7911490197248,301.12448371694614,293.14999879937693,0.5274980000000011,0.65,105499.99999999977,105499.99090561514,0.00014999991971397566,18825.423634720464,-1.1942120181629434e-08,0.00015,301.124,293.15,317.791,0.0,150000,1,211,21100000,21100000,21100000,0,301124,1,211,21100000,21100000,21100000,0,293150,1,211,21100000,21100000,21100000,0,317791,1,211,21100000,21100000,21100000,0,0,1,211,21100000,21100000,21100000,0,1.0,0.527498,0.65,1.0,0.527498,0.65,1.0,0.527498,0.65,211,21400000,False,1.0,5000.0,300.0,500.0,600000000000.0,100000000000.0,,210
1,corrupt_flow,thermal_loop,213,controller_tick,21200000,21.2,1,0,21200000,212,21200000,RUNNING,,0,0,62,1,0,reconstructed_from_retained_wire,True,,,317.79114902381434,301.1244837196138,293.149998799125,0.5274980000000011,0.65,105999.99999999977,105999.99084557763,0.00014999991971397566,18825.423634720464,-1.1570136848604307e-08,0.00015,301.124,293.15,317.791,0.0,150000,1,212,21200000,21200000,21200000,0,301124,1,212,21200000,21200000,21200000,0,293150,1,212,21200000,21200000,21200000,0,317791,1,212,21200000,21200000,21200000,0,0,1,212,21200000,21200000,21200000,0,1.0,0.527498,0.65,1.0,0.527498,0.65,1.0,0.527498,0.65,212,21500000,False,1.0,5000.0,300.0,500.0,600000000000.0,100000000000.0,,211
1,corrupt_flow,thermal_loop,214,controller_tick,21300000,21.3,1,0,21300000,213,21300000,RUNNING,,0,0,62,1,0,reconstructed_from_retained_wire,True,,,317.79114902789956,301.1244837222648,293.14999879888853,0.5274980000000011,0.65,106499.99999999977,106499.99078552792,0.00014999991971397566,18825.423634720464,-1.1958945833612233e-08,0.00015,301.124,293.15,317.791,0.0,150000,1,213,21300000,21300000,21300000,0,301124,1,213,21300000,21300000,21300000,0,293150,1,213,21300000,21300000,21300000,0,317791,1,213,21300000,21300000,21300000,0,0,1,213,21300000,21300000,21300000,0,1.0,0.527498,0.65,1.0,0.527498,0.65,1.0,0.527498,0.65,213,21600000,False,1.0,5000.0,300.0,500.0,600000000000.0,100000000000.0,,212
1,corrupt_flow,thermal_loop,215,controller_tick,21400000,21.4,1,0,21400000,214,21400000,RUNNING,,0,0,62,1,0,reconstructed_from_retained_wire,True,,,317.79114903198047,301.12448372489945,293.1499987986673,0.5274980000000011,0.65,106999.99999999978,106999.99072546676,0.00014999991971397566,18825.423634720464,-1.2827058526454493e-08,0.00015,301.124,293.15,317.791,0.0,150000,1,214,21400000,21400000,21400000,0,301124,1,214,21400000,21400000,21400000,0,293150,1,214,21400000,21400000,21400000,0,317791,1,214,21400000,21400000,21400000,0,0,1,214,21400000,21400000,21400000,0,1.0,0.527498,0.65,1.0,0.527498,0.65,1.0,0.527498,0.65,214,21700000,False,1.0,5000.0,300.0,500.0,600000000000.0,100000000000.0,,213
1,corrupt_flow,thermal_loop,216,controller_tick,21500000,21.5,1,0,21500000,215,21500000,RUNNING,,0,0,62,1,0,reconstructed_from_retained_wire,True,,,317.79114903605705,301.12448372751794,293.1499987984612,0.5274980000000011,0.65,107499.99999999978,107499.99066539491,0.00014999991971397566,18825.423634720464,-1.2928012438351288e-08,0.00015,301.124,293.15,317.791,0.0,150000,1,215,21500000,21500000,21500000,0,301124,1,215,21500000,21500000,21500000,0,293150,1,215,21500000,21500000,21500000,0,317791,1,215,21500000,21500000,21500000,0,0,1,215,21500000,21500000,21500000,0,1.0,0.527498,0.65,1.0,0.527498,0.65,1.0,0.527498,0.65,215,21800000,False,1.0,5000.0,300.0,500.0,600000000000.0,100000000000.0,,214
1,corrupt_flow,thermal_loop,217,controller_tick,21600000,21.6,1,0,21600000,216,21600000,RUNNING,,0,0,62,1,0,reconstructed_from_retained_wire,True,,,317.79114904012926,301.12448373012063,293.14999879826985,0.5274980000000011,0.65,107999.99999999978,107999.99060531313,0.00014999991971397566,18825.423634720464,-1.3513727026293054e-08,0.00015,301.124,293.15,317.791,0.0,150000,1,216,21600000,21600000,21600000,0,301124,1,216,21600000,21600000,21600000,0,293150,1,216,21600000,21600000,21600000,0,317791,1,216,21600000,21600000,21600000,0,0,1,216,21600000,21600000,21600000,0,1.0,0.527498,0.65,1.0,0.527498,0.65,1.0,0.527498,0.65,216,21900000,False,1.0,5000.0,300.0,500.0,600000000000.0,100000000000.0,,215
1,corrupt_flow,thermal_loop,218,controller_tick,21700000,21.7,1,0,21700000,217,21700000,RUNNING,,0,0,62,1,0,reconstructed_from_retained_wire,True,,,317.791149044197,301.1244837327078,293.1499987980932,0.5274980000000011,0.65,108499.99999999978,108499.99054522216,0.00014999991971397566,18825.423634720464,-1.3445514923660085e-08,0.00015,301.124,293.15,317.791,0.0,150000,1,217,21700000,21700000,21700000,0,301124,1,217,21700000,21700000,21700000,0,293150,1,217,21700000,21700000,21700000,0,317791,1,217,21700000,21700000,21700000,0,0,1,217,21700000,21700000,21700000,0,1.0,0.527498,0.65,1.0,0.527498,0.65,1.0,0.527498,0.65,217,22000000,False,1.0,5000.0,300.0,500.0,600000000000.0,100000000000.0,,216
1,corrupt_flow,thermal_loop,219,controller_tick,21800000,21.8,1,0,21800000,218,21800000,RUNNING,,0,0,62,1,0,reconstructed_from_retained_wire,True,,,317.7911490482603,301.1244837352797,293.1499987979309,0.5274980000000011,0.65,108999.9999999998,108999.99048512272,0.00014999991971397566,18825.423634720464,-1.4256556823966093e-08,0.00015,301.124,293.15,317.791,0.0,150000,1,218,21800000,21800000,21800000,0,301124,1,218,21800000,21800000,21800000,0,293150,1,218,21800000,21800000,21800000,0,317791,1,218,21800000,21800000,21800000,0,0,1,218,21800000,21800000,21800000,0,1.0,0.527498,0.65,1.0,0.527498,0.65,1.0,0.527498,0.65,218,22100000,False,1.0,5000.0,300.0,500.0,600000000000.0,100000000000.0,,217
1,corrupt_flow,thermal_loop,220,controller_tick,21900000,21.9,1,0,21900000,219,21900000,RUNNING,,0,0,62,1,0,reconstructed_from_retained_wire,True,,,317.7911490523191,301.1244837378366,293.14999879778287,0.5274980000000011,0.65,109499.9999999998,109499.99042501551,0.00014999991971397566,18825.423634720464,-1.3793624020763673e-08,0.00015,301.124,293.15,317.791,0.0,150000,1,219,21900000,21900000,21900000,0,301124,1,219,21900000,21900000,21900000,0,293150,1,219,21900000,21900000,21900000,0,317791,1,219,21900000,21900000,21900000,0,0,1,219,21900000,21900000,21900000,0,1.0,0.527498,0.65,1.0,0.527498,0.65,1.0,0.527498,0.65,219,22200000,False,1.0,5000.0,300.0,500.0,600000000000.0,100000000000.0,,218
1,corrupt_flow,thermal_loop,221,controller_tick,22000000,22.0,1,0,22000000,220,22000000,RUNNING,,0,0,62,1,0,reconstructed_from_retained_wire,True,,,317.7911490563734,301.1244837403787,293.14999879764883,0.5274980000000011,0.65,109999.9999999998,109999.99036490126,0.00014999991971397566,18825.423634720464,-1.39573330670828e-08,0.00015,301.124,293.15,317.791,0.0,150000,1,220,22000000,22000000,22000000,0,301124,1,220,22000000,22000000,22000000,0,293150,1,220,22000000,22000000,22000000,0,317791,1,220,22000000,22000000,22000000,0,0,1,220,22000000,22000000,22000000,0,1.0,0.527498,0.65,1.0,0.527498,0.65,1.0,0.527498,0.65,220,22300000,False,1.0,5000.0,300.0,500.0,600000000000.0,100000000000.0,,219
1,corrupt_flow,thermal_loop,222,controller_tick,22100000,22.1,1,0,22100000,221,22100000,RUNNING,,0,0,62,1,0,reconstructed_from_retained_wire,True,,,317.79114906042315,301.12448374290625,293.1499987975286,0.5274980000000011,0.65,110499.9999999998,110499.99030478064,0.00014999991971397566,18825.423634720464,-1.4394572644960135e-08,0.00015,301.124,293.15,317.791,0.0,150000,1,221,22100000,22100000,22100000,0,301124,1,221,22100000,22100000,22100000,0,293150,1,221,22100000,22100000,22100000,0,317791,1,221,22100000,22100000,22100000,0,0,1,221,22100000,22100000,22100000,0,1.0,0.527498,0.65,1.0,0.527498,0.65,1.0,0.527498,0.65,221,22400000,False,1.0,5000.0,300.0,500.0,600000000000.0,100000000000.0,,220
1,corrupt_flow,thermal_loop,223,controller_tick,22200000,22.2,1,0,22200000,222,22200000,RUNNING,,0,0,62,1,0,reconstructed_from_retained_wire,True,,,317.7911490644683,301.1244837454195,293.1499987974221,0.5274980000000011,0.65,110999.9999999998,110999.99024465437,0.00014999991971397566,18825.423634720464,-1.402486304868944e-08,0.00015,301.124,293.15,317.791,0.0,150000,1,222,22200000,22200000,22200000,0,301124,1,222,22200000,22200000,22200000,0,293150,1,222,22200000,22200000,22200000,0,317791,1,222,22200000,22200000,22200000,0,0,1,222,22200000,22200000,22200000,0,1.0,0.527498,0.65,1.0,0.527498,0.65,1.0,0.527498,0.65,222,22500000,False,1.0,5000.0,300.0,500.0,600000000000.0,100000000000.0,,221
1,corrupt_flow,thermal_loop,224,controller_tick,22300000,22.3,1,0,22300000,223,22300000,RUNNING,,0,0,62,1,0,reconstructed_from_retained_wire,True,,,317.79114906850884,301.12448374791876,293.149998797329,0.5274980000000011,0.65,111499.99999999981,111499.99018452309,0.00014999991971397566,18825.423634720464,-1.3871158444089815e-08,0.00015,301.124,293.15,317.791,0.0,150000,1,223,22300000,22300000,22300000,0,301124,1,223,22300000,22300000,22300000,0,293150,1,223,22300000,22300000,22300000,0,317791,1,223,22300000,22300000,22300000,0,0,1,223,22300000,22300000,22300000,0,1.0,0.527498,0.65,1.0,0.527498,0.65,1.0,0.527498,0.65,223,22600000,False,1.0,5000.0,300.0,500.0,600000000000.0,100000000000.0,,222
1,corrupt_flow,thermal_loop,225,controller_tick,22400000,22.4,1,0,22400000,224,22400000,RUNNING,,0,0,62,1,0,reconstructed_from_retained_wire,True,,,317.7911490725448,301.1244837504042,293.14999879724905,0.5274980000000011,0.65,111999.99999999983,111999.99012438748,0.00014999991971397566,18825.423634720464,-1.4199940778780729e-08,0.00015,301.124,293.15,317.791,0.0,150000,1,224,22400000,22400000,22400000,0,301124,1,224,22400000,22400000,22400000,0,293150,1,224,22400000,22400000,22400000,0,317791,1,224,22400000,22400000,22400000,0,0,1,224,22400000,22400000,22400000,0,1.0,0.527498,0.65,1.0,0.527498,0.65,1.0,0.527498,0.65,224,22700000,False,1.0,5000.0,300.0,500.0,600000000000.0,100000000000.0,,223
1,corrupt_flow,thermal_loop,226,controller_tick,22500000,22.5,1,0,22500000,225,22500000,RUNNING,,0,0,62,1,0,reconstructed_from_retained_wire,True,,,317.79114907657606,301.1244837528761,293.1499987971822,0.5274980000000011,0.65,112499.99999999983,112499.99006424821,0.00014999991971397566,18825.423634720464,-1.3930730347055942e-08,0.00015,301.124,293.15,317.791,0.0,150000,1,225,22500000,22500000,22500000,0,301124,1,225,22500000,22500000,22500000,0,293150,1,225,22500000,22500000,22500000,0,317791,1,225,22500000,22500000,22500000,0,0,1,225,22500000,22500000,22500000,0,1.0,0.527498,0.65,1.0,0.527498,0.65,1.0,0.527498,0.65,225,22800000,False,1.0,5000.0,300.0,500.0,600000000000.0,100000000000.0,,224
1,corrupt_flow,thermal_loop,227,controller_tick,22600000,22.6,1,0,22600000,226,22600000,RUNNING,,0,0,62,1,0,reconstructed_from_retained_wire,True,,,317.79114908060257,301.12448375533467,293.14999879712826,0.5274980000000011,0.65,112999.99999999983,112999.99000410592,0.00014999991971397566,18825.423634720464,-1.3826820577378385e-08,0.00015,301.124,293.15,317.791,0.0,150000,1,226,22600000,22600000,22600000,0,301124,1,226,22600000,22600000,22600000,0,293150,1,226,22600000,22600000,22600000,0,317791,1,226,22600000,22600000,22600000,0,0,1,226,22600000,22600000,22600000,0,1.0,0.527498,0.65,1.0,0.527498,0.65,1.0,0.527498,0.65,226,22900000,False,1.0,5000.0,300.0,500.0,600000000000.0,100000000000.0,,225
1,corrupt_flow,thermal_loop,228,controller_tick,22700000,22.7,1,0,22700000,227,22700000,RUNNING,,0,0,62,1,0,reconstructed_from_retained_wire,True,,,317.7911490846244,301.1244837577801,293.14999879708694,0.5274980000000011,0.65,113499.99999999983,113499.98994396125,0.00014999991971397566,18825.423634720464,-1.4234956324798986e-08,0.00015,301.124,293.15,317.791,0.0,150000,1,227,22700000,22700000,22700000,0,301124,1,227,22700000,22700000,22700000,0,293150,1,227,22700000,22700000,22700000,0,317791,1,227,22700000,22700000,22700000,0,0,1,227,22700000,22700000,22700000,0,1.0,0.527498,0.65,1.0,0.527498,0.65,1.0,0.527498,0.65,227,23000000,False,1.0,5000.0,300.0,500.0,600000000000.0,100000000000.0,,226
1,corrupt_flow,thermal_loop,229,controller_tick,22800000,22.8,1,0,22800000,228,22800000,RUNNING,,0,0,62,1,0,reconstructed_from_retained_wire,True,,,317.79114908864153,301.12448376021274,293.1499987970582,0.5274980000000011,0.65,113999.99999999983,113999.98988381484,0.00014999991971397566,18825.423634720464,-1.343460098723881e-08,0.00015,301.124,293.15,317.791,0.0,150000,1,228,22800000,22800000,22800000,0,301124,1,228,22800000,22800000,22800000,0,293150,1,228,22800000,22800000,22800000,0,317791,1,228,22800000,22800000,22800000,0,0,1,228,22800000,22800000,22800000,0,1.0,0.527498,0.65,1.0,0.527498,0.65,1.0,0.527498,0.65,228,23100000,False,1.0,5000.0,300.0,500.0,600000000000.0,100000000000.0,,227
1,corrupt_flow,thermal_loop,230,controller_tick,22900000,22.9,1,0,22900000,229,22900000,RUNNING,,0,0,62,1,0,reconstructed_from_retained_wire,True,,,317.7911490926538,301.1244837626327,293.14999879704175,0.5274980000000011,0.65,114499.99999999983,114499.98982366729,0.00014999991971397566,18825.423634720464,-1.3377075447351672e-08,0.00015,301.124,293.15,317.791,0.0,150000,1,229,22900000,22900000,22900000,0,301124,1,229,22900000,22900000,22900000,0,293150,1,229,22900000,22900000,22900000,0,317791,1,229,22900000,22900000,22900000,0,0,1,229,22900000,22900000,22900000,0,1.0,0.527498,0.65,1.0,0.527498,0.65,1.0,0.527498,0.65,229,23200000,False,1.0,5000.0,300.0,500.0,600000000000.0,100000000000.0,,228
1,corrupt_flow,thermal_loop,231,controller_tick,23000000,23.0,1,0,23000000,230,23000000,RUNNING,,0,0,62,1,0,reconstructed_from_retained_wire,True,,,317.79114909666134,301.1244837650401,293.1499987970374,0.5274980000000011,0.65,114999.99999999984,114999.98976351923,0.00014999991971397566,18825.423634720464,-1.430839802196715e-08,0.00015,301.124,293.15,317.791,0.0,150000,1,230,23000000,23000000,23000000,0,301124,1,230,23000000,23000000,23000000,0,293150,1,230,23000000,23000000,23000000,0,317791,1,230,23000000,23000000,23000000,0,0,1,230,23000000,23000000,23000000,0,1.0,0.527498,0.65,1.0,0.527498,0.65,1.0,0.527498,0.65,230,23300000,False,1.0,5000.0,300.0,500.0,600000000000.0,100000000000.0,,229
1,corrupt_flow,thermal_loop,232,controller_tick,23100000,23.1,1,0,23100000,231,23100000,RUNNING,,0,0,62,1,0,reconstructed_from_retained_wire,True,,,317.7911491006641,301.1244837674353,293.1499987970451,0.5274980000000011,0.65,115499.99999999984,115499.98970337126,0.00014999991971397566,18825.423634720464,-1.465241439291276e-08,0.00015,301.124,293.15,317.791,0.0,150000,1,231,23100000,23100000,23100000,0,301124,1,231,23100000,23100000,23100000,0,293150,1,231,23100000,23100000,23100000,0,317791,1,231,23100000,23100000,23100000,0,0,1,231,23100000,23100000,23100000,0,1.0,0.527498,0.65,1.0,0.527498,0.65,1.0,0.527498,0.65,231,23400000,False,1.0,5000.0,300.0,500.0,600000000000.0,100000000000.0,,230
1,corrupt_flow,thermal_loop,233,controller_tick,23200000,23.2,1,0,23200000,232,23200000,RUNNING,,0,0,62,1,0,reconstructed_from_retained_wire,True,,,317.79114910466194,301.12448376981854,293.14999879706465,0.5274980000000011,0.65,115999.99999999984,115999.98964322396,0.00014999991971397566,18825.423634720464,-1.4503257261822e-08,0.00015,301.124,293.15,317.791,0.0,150000,1,232,23200000,23200000,23200000,0,301124,1,232,23200000,23200000,23200000,0,293150,1,232,23200000,23200000,23200000,0,317791,1,232,23200000,23200000,23200000,0,0,1,232,23200000,23200000,23200000,0,1.0,0.527498,0.65,1.0,0.527498,0.65,1.0,0.527498,0.65,232,23500000,False,1.0,5000.0,300.0,500.0,600000000000.0,100000000000.0,,231
1,corrupt_flow,thermal_loop,234,controller_tick,23300000,23.3,1,0,23300000,233,23300000,RUNNING,,0,0,62,1,0,reconstructed_from_retained_wire,True,,,317.79114910865496,301.12448377218993,293.1499987970958,0.5274980000000011,0.65,116499.99999999984,116499.98958307793,0.00014999991971397566,18825.423634720464,-1.4834313333267346e-08,0.00015,301.124,293.15,317.791,0.0,150000,1,233,23300000,23300000,23300000,0,301124,1,233,23300000,23300000,23300000,0,293150,1,233,23300000,23300000,23300000,0,317791,1,233,23300000,23300000,23300000,0,0,1,233,23300000,23300000,23300000,0,1.0,0.527498,0.65,1.0,0.527498,0.65,1.0,0.527498,0.65,233,23600000,False,1.0,5000.0,300.0,500.0,600000000000.0,100000000000.0,,232
1,corrupt_flow,thermal_loop,235,controller_tick,23400000,23.4,1,0,23400000,234,23400000,RUNNING,,0,0,62,1,0,reconstructed_from_retained_wire,True,,,317.79114911264315,301.1244837745497,293.1499987971385,0.5274980000000011,0.65,116999.99999999984,116999.98952293374,0.00014999991971397566,18825.423634720464,-1.4350689525599591e-08,0.00015,301.124,293.15,317.791,0.0,150000,1,234,23400000,23400000,23400000,0,301124,1,234,23400000,23400000,23400000,0,293150,1,234,23400000,23400000,23400000,0,317791,1,234,23400000,23400000,23400000,0,0,1,234,23400000,23400000,23400000,0,1.0,0.527498,0.65,1.0,0.527498,0.65,1.0,0.527498,0.65,234,23700000,False,1.0,5000.0,300.0,500.0,600000000000.0,100000000000.0,,233
1,corrupt_flow,thermal_loop,236,controller_tick,23500000,23.5,1,0,23500000,235,23500000,RUNNING,,0,0,62,1,0,reconstructed_from_retained_wire,True,,,317.7911491166264,301.124483776898,293.14999879719255,0.5274980000000011,0.65,117499.99999999984,117499.98946279197,0.00014999991971397566,18825.423634720464,-1.3859335012966767e-08,0.00015,301.124,293.15,317.791,0.0,150000,1,235,23500000,23500000,23500000,0,301124,1,235,23500000,23500000,23500000,0,293150,1,235,23500000,23500000,23500000,0,317791,1,235,23500000,23500000,23500000,0,0,1,235,23500000,23500000,23500000,0,1.0,0.527498,0.65,1.0,0.527498,0.65,1.0,0.527498,0.65,235,23800000,False,1.0,5000.0,300.0,500.0,600000000000.0,100000000000.0,,234
1,corrupt_flow,thermal_loop,237,controller_tick,23600000,23.6,1,0,23600000,236,23600000,RUNNING,,0,0,62,1,0,reconstructed_from_retained_wire,True,,,317.79114912060476,301.124483779235,293.14999879725775,0.5274980000000011,0.65,117999.99999999985,117999.98940265318,0.00014999991971397566,18825.423634720464,-1.4139686754788272e-08,0.00015,301.124,293.15,317.791,0.0,150000,1,236,23600000,23600000,23600000,0,301124,1,236,23600000,23600000,23600000,0,293150,1,236,23600000,23600000,23600000,0,317791,1,236,23600000,23600000,23600000,0,0,1,236,23600000,23600000,23600000,0,1.0,0.527498,0.65,1.0,0.527498,0.65,1.0,0.527498,0.65,236,23900000,False,1.0,5000.0,300.0,500.0,600000000000.0,100000000000.0,,235
1,corrupt_flow,thermal_loop,238,controller_tick,23700000,23.7,1,0,23700000,237,23700000,RUNNING,,0,0,62,1,0,reconstructed_from_retained_wire,True,,,317.79114912457817,301.12448378156097,293.149998797334,0.5274980000000011,0.65,118499.99999999985,118499.98934251795,0.00014999991971397566,18825.423634720464,-1.4213128451956436e-08,0.00015,301.124,293.15,317.791,0.0,150000,1,237,23700000,23700000,23700000,0,301124,1,237,23700000,23700000,23700000,0,293150,1,237,23700000,23700000,23700000,0,317791,1,237,23700000,23700000,23700000,0,0,1,237,23700000,23700000,23700000,0,1.0,0.527498,0.65,1.0,0.527498,0.65,1.0,0.527498,0.65,237,24000000,False,1.0,5000.0,300.0,500.0,600000000000.0,100000000000.0,,236
1,corrupt_flow,thermal_loop,239,controller_tick,23800000,23.8,1,0,23800000,238,23800000,RUNNING,,0,0,62,1,0,reconstructed_from_retained_wire,True,,,317.79114912854664,301.12448378387614,293.149998797421,0.5274980000000011,0.65,118999.99999999987,118999.9892823868,0.00014999991971397566,18825.423634720464,-1.4520765034831129e-08,0.00015,301.124,293.15,317.791,0.0,150000,1,238,23800000,23800000,23800000,0,301124,1,238,23800000,23800000,23800000,0,293150,1,238,23800000,23800000,23800000,0,317791,1,238,23800000,23800000,23800000,0,0,1,238,23800000,23800000,23800000,0,1.0,0.527498,0.65,1.0,0.527498,0.65,1.0,0.527498,0.65,238,24100000,False,1.0,5000.0,300.0,500.0,600000000000.0,100000000000.0,,237
1,corrupt_flow,thermal_loop,240,controller_tick,23900000,23.9,1,0,23900000,239,23900000,RUNNING,,0,0,62,1,0,reconstructed_from_retained_wire,True,,,317.7911491325101,301.1244837861806,293.14999879751883,0.5274980000000011,0.65,119499.99999999987,119499.98922226026,0.00014999991971397566,18825.423634720464,-1.4602846931666136e-08,0.00015,301.124,293.15,317.791,0.0,150000,1,239,23900000,23900000,23900000,0,301124,1,239,23900000,23900000,23900000,0,293150,1,239,23900000,23900000,23900000,0,317791,1,239,23900000,23900000,23900000,0,0,1,239,23900000,23900000,23900000,0,1.0,0.527498,0.65,1.0,0.527498,0.65,1.0,0.527498,0.65,239,24200000,False,1.0,5000.0,300.0,500.0,600000000000.0,100000000000.0,,238
1,corrupt_flow,thermal_loop,241,controller_tick,24000000,24.0,1,0,24000000,240,24000000,RUNNING,,0,0,62,1,0,reconstructed_from_retained_wire,True,,,317.7911491364686,301.1244837884745,293.1499987976272,0.5274980000000011,0.65,119999.99999999987,119999.98916213888,0.00014999991971397566,18825.423634720464,-1.5030309441499412e-08,0.00015,301.124,293.15,317.791,0.0,150000,1,240,24000000,24000000,24000000,0,301124,1,240,24000000,24000000,24000000,0,293150,1,240,24000000,24000000,24000000,0,317791,1,240,24000000,24000000,24000000,0,0,1,240,24000000,24000000,24000000,0,1.0,0.527498,0.65,1.0,0.527498,0.65,1.0,0.527498,0.65,240,24300000,False,1.0,5000.0,300.0,500.0,600000000000.0,100000000000.0,,239
1,corrupt_flow,thermal_loop,242,controller_tick,24100000,24.1,1,0,24100000,241,24100000,RUNNING,,0,0,62,1,0,reconstructed_from_retained_wire,True,,,317.79114914042214,301.1244837907581,293.149998797746,0.5274980000000011,0.65,120499.99999999987,120499.98910202317,0.00014999991971397566,18825.423634720464,-1.4659690350526944e-08,0.00015,301.124,293.15,317.791,0.0,150000,1,241,24100000,24100000,24100000,0,301124,1,241,24100000,24100000,24100000,0,293150,1,241,24100000,24100000,24100000,0,317791,1,241,24100000,24100000,24100000,0,0,1,241,24100000,24100000,24100000,0,1.0,0.527498,0.65,1.0,0.527498,0.65,1.0,0.527498,0.65,241,24400000,False,1.0,5000.0,300.0,500.0,600000000000.0,100000000000.0,,240
1,corrupt_flow,thermal_loop,243,controller_tick,24200000,24.2,1,0,24200000,242,24200000,RUNNING,,0,0,62,1,0,reconstructed_from_retained_wire,True,,,317.7911491443706,301.1244837930316,293.149998797875,0.5274980000000011,0.65,120999.99999999987,120999.98904191366,0.00014999991971397566,18825.423634720464,-1.5436398825841025e-08,0.00015,301.124,293.15,317.791,0.0,150000,1,242,24200000,24200000,24200000,0,301124,1,242,24200000,24200000,24200000,0,293150,1,242,24200000,24200000,24200000,0,317791,1,242,24200000,24200000,24200000,0,0,1,242,24200000,24200000,24200000,0,1.0,0.527498,0.65,1.0,0.527498,0.65,1.0,0.527498,0.65,242,24500000,False,1.0,5000.0,300.0,500.0,600000000000.0,100000000000.0,,241
1,corrupt_flow,thermal_loop,244,controller_tick,24300000,24.3,1,0,24300000,243,24300000,RUNNING,,0,0,62,1,0,reconstructed_from_retained_wire,True,,,317.79114914831405,301.1244837952951,293.14999879801417,0.5274980000000011,0.65,121499.99999999987,121499.98898181086,0.00014999991971397566,18825.423634720464,-1.580747266416438e-08,0.00015,301.124,293.15,317.791,0.0,150000,1,243,24300000,24300000,24300000,0,301124,1,243,24300000,24300000,24300000,0,293150,1,243,24300000,24300000,24300000,0,317791,1,243,24300000,24300000,24300000,0,0,1,243,24300000,24300000,24300000,0,1.0,0.527498,0.65,1.0,0.527498,0.65,1.0,0.527498,0.65,243,24600000,False,1.0,5000.0,300.0,500.0,600000000000.0,100000000000.0,,242
1,corrupt_flow,thermal_loop,245,controller_tick,24400000,24.4,1,0,24400000,244,24400000,RUNNING,,0,0,62,1,0,reconstructed_from_retained_wire,True,,,317.7911491522525,301.1244837975487,293.1499987981633,0.5274980000000011,0.65,121999.99999999987,121999.98892171527,0.00014999991971397566,18825.423634720464,-1.6228568711085245e-08,0.00015,301.124,293.15,317.791,0.0,150000,1,244,24400000,24400000,24400000,0,301124,1,244,24400000,24400000,24400000,0,293150,1,244,24400000,24400000,24400000,0,317791,1,244,24400000,24400000,24400000,0,0,1,244,24400000,24400000,24400000,0,1.0,0.527498,0.65,1.0,0.527498,0.65,1.0,0.527498,0.65,244,24700000,False,1.0,5000.0,300.0,500.0,600000000000.0,100000000000.0,,243
1,corrupt_flow,thermal_loop,246,controller_tick,24500000,24.5,1,0,24500000,245,24500000,RUNNING,,0,0,62,1,0,reconstructed_from_retained_wire,True,,,317.7911491561859,301.1244837997927,293.1499987983224,0.5274980000000011,0.65,122499.99999999988,122499.98886162738,0.00014999991971397566,18825.423634720464,-1.582293407409452e-08,0.00015,301.124,293.15,317.791,0.0,150000,1,245,24500000,24500000,24500000,0,301124,1,245,24500000,24500000,24500000,0,293150,1,245,24500000,24500000,24500000,0,317791,1,245,24500000,24500000,24500000,0,0,1,245,24500000,24500000,24500000,0,1.0,0.527498,0.65,1.0,0.527498,0.65,1.0,0.527498,0.65,245,24800000,False,1.0,5000.0,300.0,500.0,600000000000.0,100000000000.0,,244
1,corrupt_flow,thermal_loop,247,controller_tick,24600000,24.6,1,0,24600000,246,24600000,RUNNING,,0,0,62,1,0,reconstructed_from_retained_wire,True,,,317.7911491601141,301.12448380202716,293.14999879849114,0.5274980000000011,0.65,122999.9999999999,122999.98880154768,0.00014999991971397566,18825.423634720464,-1.6910462363739498e-08,0.00015,301.124,293.15,317.791,0.0,150000,1,246,24600000,24600000,24600000,0,301124,1,246,24600000,24600000,24600000,0,293150,1,246,24600000,24600000,24600000,0,317791,1,246,24600000,24600000,24600000,0,0,1,246,24600000,24600000,24600000,0,1.0,0.527498,0.65,1.0,0.527498,0.65,1.0,0.527498,0.65,246,24900000,False,1.0,5000.0,300.0,500.0,600000000000.0,100000000000.0,,245
1,corrupt_flow,thermal_loop,248,controller_tick,24700000,24.7,1,0,24700000,247,24700000,RUNNING,,0,0,62,1,0,reconstructed_from_retained_wire,True,,,317.79114916403734,301.1244838042523,293.1499987986695,0.5274980000000011,0.65,123499.9999999999,123499.98874147666,0.00014999991971397566,18825.423634720464,-1.678677108429838e-08,0.00015,301.124,293.15,317.791,0.0,150000,1,247,24700000,24700000,24700000,0,301124,1,247,24700000,24700000,24700000,0,293150,1,247,24700000,24700000,24700000,0,317791,1,247,24700000,24700000,24700000,0,0,1,247,24700000,24700000,24700000,0,1.0,0.527498,0.65,1.0,0.527498,0.65,1.0,0.527498,0.65,247,25000000,False,1.0,5000.0,300.0,500.0,600000000000.0,100000000000.0,,246
1,corrupt_flow,thermal_loop,249,controller_tick,24800000,24.8,1,0,24800000,248,24800000,RUNNING,,0,0,62,1,0,reconstructed_from_retained_wire,True,,,317.79114916795544,301.12448380646833,293.1499987988574,0.5274980000000011,0.65,123999.9999999999,123999.98868141479,0.00014999991971397566,18825.423634720464,-1.5662408259231597e-08,0.00015,301.124,293.15,317.791,0.0,150000,1,248,24800000,24800000,24800000,0,301124,1,248,24800000,24800000,24800000,0,293150,1,248,24800000,24800000,24800000,0,317791,1,248,24800000,24800000,24800000,0,0,1,248,24800000,24800000,24800000,0,1.0,0.527498,0.65,1.0,0.527498,0.65,1.0,0.527498,0.65,248,25100000,False,1.0,5000.0,300.0,500.0,600000000000.0,100000000000.0,,247
1,corrupt_flow,thermal_loop,250,controller_tick,24900000,24.9,1,0,24900000,249,24900000,RUNNING,,0,0,62,1,0,reconstructed_from_retained_wire,True,,,317.7911491718684,301.1244838086753,293.1499987990546,0.5274980000000011,0.65,124499.9999999999,124499.98862136256,0.00014999991971397566,18825.423634720464,-1.5195610103546642e-08,0.00015,301.124,293.15,317.791,0.0,150000,1,249,24900000,24900000,24900000,0,301124,1,249,24900000,24900000,24900000,0,293150,1,249,24900000,24900000,24900000,0,317791,1,249,24900000,24900000,24900000,0,0,1,249,24900000,24900000,24900000,0,1.0,0.527498,0.65,1.0,0.527498,0.65,1.0,0.527498,0.65,249,25200000,False,1.0,5000.0,300.0,500.0,600000000000.0,100000000000.0,,248
1,corrupt_flow,thermal_loop,251,controller_tick,25000000,25.0,1,0,25000000,250,25000000,RUNNING,,0,0,62,1,0,reconstructed_from_retained_wire,True,,,317.7911491757763,301.12448381087336,293.14999879926097,0.5274980000000011,0.65,124999.9999999999,124999.98856132042,0.00014999991971397566,18825.423634720464,-1.444550434825942e-08,0.00015,301.124,293.15,317.791,0.0,150000,1,250,25000000,25000000,25000000,0,301124,1,250,25000000,25000000,25000000,0,293150,1,250,25000000,25000000,25000000,0,317791,1,250,25000000,25000000,25000000,0,0,1,250,25000000,25000000,25000000,0,1.0,0.527498,0.65,1.0,0.527498,0.65,1.0,0.527498,0.65,250,25300000,False,1.0,5000.0,300.0,500.0,600000000000.0,100000000000.0,,249
1,corrupt_flow,thermal_loop,252,controller_tick,25100000,25.1,1,0,25100000,251,25100000,RUNNING,,0,0,62,1,0,reconstructed_from_retained_wire,True,,,317.79114917967905,301.12448381306274,293.14999879947635,0.5274980000000011,0.65,125499.99999999991,125499.98850128883,0.00014999991971397566,18825.423634720464,-1.4415718396776356e-08,0.00015,301.124,293.15,317.791,0.0,150000,1,251,25100000,25100000,25100000,0,301124,1,251,25100000,25100000,25100000,0,293150,1,251,25100000,25100000,25100000,0,317791,1,251,25100000,25100000,25100000,0,0,1,251,25100000,25100000,25100000,0,1.0,0.527498,0.65,1.0,0.527498,0.65,1.0,0.527498,0.65,251,25400000,False,1.0,5000.0,300.0,500.0,600000000000.0,100000000000.0,,250
1,corrupt_flow,thermal_loop,253,controller_tick,25200000,25.2,1,0,25200000,252,25200000,RUNNING,,0,0,62,1,0,reconstructed_from_retained_wire,True,,,317.79114918357664,301.1244838152435,293.14999879970077,0.5274980000000011,0.65,125999.99999999993,125999.98844126823,0.00014999991971397566,18825.423634720464,-1.4006445780978538e-08,0.00015,301.124,293.15,317.791,0.0,150000,1,252,25200000,25200000,25200000,0,301124,1,252,25200000,25200000,25200000,0,293150,1,252,25200000,25200000,25200000,0,317791,1,252,25200000,25200000,25200000,0,0,1,252,25200000,25200000,25200000,0,1.0,0.527498,0.65,1.0,0.527498,0.65,1.0,0.527498,0.65,252,25500000,False,1.0,5000.0,300.0,500.0,600000000000.0,100000000000.0,,251
1,corrupt_flow,thermal_loop,254,controller_tick,25300000,25.3,1,0,25300000,253,25300000,RUNNING,,0,0,62,1,0,reconstructed_from_retained_wire,True,,,317.79114918746905,301.12448381741575,293.14999879993394,0.5274980000000011,0.65,126499.99999999994,126499.98838125907,0.00014999991971397566,18825.423634720464,-1.4919578461558558e-08,0.00015,301.124,293.15,317.791,0.0,150000,1,253,25300000,25300000,25300000,0,301124,1,253,25300000,25300000,25300000,0,293150,1,253,25300000,25300000,25300000,0,317791,1,253,25300000,25300000,25300000,0,0,1,253,25300000,25300000,25300000,0,1.0,0.527498,0.65,1.0,0.527498,0.65,1.0,0.527498,0.65,253,25600000,False,1.0,5000.0,300.0,500.0,600000000000.0,100000000000.0,,252
1,corrupt_flow,thermal_loop,255,controller_tick,25400000,25.4,1,0,25400000,254,25400000,RUNNING,,0,0,62,1,0,reconstructed_from_retained_wire,True,,,317.7911491913563,301.1244838195797,293.14999880017587,0.5274980000000011,0.65,126999.99999999996,126999.98832126179,0.00014999991971397566,18825.423634720464,-1.5292926036636345e-08,0.00015,301.124,293.15,317.791,0.0,150000,1,254,25400000,25400000,25400000,0,301124,1,254,25400000,25400000,25400000,0,293150,1,254,25400000,25400000,25400000,0,317791,1,254,25400000,25400000,25400000,0,0,1,254,25400000,25400000,25400000,0,1.0,0.527498,0.65,1.0,0.527498,0.65,1.0,0.527498,0.65,254,25700000,False,1.0,5000.0,300.0,500.0,600000000000.0,100000000000.0,,253
1,corrupt_flow,thermal_loop,256,controller_tick,25500000,25.5,1,0,25500000,255,25500000,RUNNING,,0,0,62,1,0,reconstructed_from_retained_wire,True,,,317.79114919523835,301.12448382173557,293.1499988004263,0.5274980000000011,0.65,127499.99999999996,127499.98826127681,0.00014999991971397566,18825.423634720464,-1.6101012079161592e-08,0.00015,301.124,293.15,317.791,0.0,150000,1,255,25500000,25500000,25500000,0,301124,1,255,25500000,25500000,25500000,0,293150,1,255,25500000,25500000,25500000,0,317791,1,255,25500000,25500000,25500000,0,0,1,255,25500000,25500000,25500000,0,1.0,0.527498,0.65,1.0,0.527498,0.65,1.0,0.527498,0.65,255,25800000,False,1.0,5000.0,300.0,500.0,600000000000.0,100000000000.0,,254
1,corrupt_flow,thermal_loop,257,controller_tick,25600000,25.6,1,0,25600000,256,25600000,RUNNING,,0,0,62,1,0,reconstructed_from_retained_wire,True,,,317.79114919911524,301.1244838238834,293.1499988006853,0.5274980000000011,0.65,127999.99999999996,127999.98820130457,0.00014999991971397566,18825.423634720464,-1.5985960999387316e-08,0.00015,301.124,293.15,317.791,0.0,150000,1,256,25600000,25600000,25600000,0,301124,1,256,25600000,25600000,25600000,0,293150,1,256,25600000,25600000,25600000,0,317791,1,256,25600000,25600000,25600000,0,0,1,256,25600000,25600000,25600000,0,1.0,0.527498,0.65,1.0,0.527498,0.65,1.0,0.527498,0.65,256,25900000,False,1.0,5000.0,300.0,500.0,600000000000.0,100000000000.0,,255
1,corrupt_flow,thermal_loop,258,controller_tick,25700000,25.7,1,0,25700000,257,25700000,RUNNING,,0,0,62,1,0,reconstructed_from_retained_wire,True,,,317.79114920298696,301.1244838260234,293.14999880095263,0.5274980000000011,0.65,128499.99999999996,128499.98814134549,0.00014999991971397566,18825.423634720464,-1.5238583728205413e-08,0.00015,301.124,293.15,317.791,0.0,150000,1,257,25700000,25700000,25700000,0,301124,1,257,25700000,25700000,25700000,0,293150,1,257,25700000,25700000,25700000,0,317791,1,257,25700000,25700000,25700000,0,0,1,257,25700000,25700000,25700000,0,1.0,0.527498,0.65,1.0,0.527498,0.65,1.0,0.527498,0.65,257,26000000,False,1.0,5000.0,300.0,500.0,600000000000.0,100000000000.0,,256
1,corrupt_flow,thermal_loop,259,controller_tick,25800000,25.8,1,0,25800000,258,25800000,RUNNING,,0,0,62,1,0,reconstructed_from_retained_wire,True,,,317.79114920685345,301.1244838281555,293.1499988012282,0.5274980000000011,0.65,128999.99999999996,128999.98808139998,0.00014999991971397566,18825.423634720464,-1.5430941857630387e-08,0.00015,301.124,293.15,317.791,0.0,150000,1,258,25800000,25800000,25800000,0,301124,1,258,25800000,25800000,25800000,0,293150,1,258,25800000,25800000,25800000,0,317791,1,258,25800000,25800000,25800000,0,0,1,258,25800000,25800000,25800000,0,1.0,0.527498,0.65,1.0,0.527498,0.65,1.0,0.527498,0.65,258,26100000,False,1.0,5000.0,300.0,500.0,600000000000.0,100000000000.0,,257
1,corrupt_flow,thermal_loop,260,controller_tick,25900000,25.9,1,0,25900000,259,25900000,RUNNING,,0,0,62,1,0,reconstructed_from_retained_wire,True,,,317.79114921071476,301.12448383028004,293.1499988015119,0.5274980000000011,0.65,129499.99999999996,129499.98802146845,0.00014999991971397566,18825.423634720464,-1.5111936590983532e-08,0.00015,301.124,293.15,317.791,0.0,150000,1,259,25900000,25900000,25900000,0,301124,1,259,25900000,25900000,25900000,0,293150,1,259,25900000,25900000,25900000,0,317791,1,259,25900000,25900000,25900000,0,0,1,259,25900000,25900000,25900000,0,1.0,0.527498,0.65,1.0,0.527498,0.65,1.0,0.527498,0.65,259,26200000,False,1.0,5000.0,300.0,500.0,600000000000.0,100000000000.0,,258
1,corrupt_flow,thermal_loop,261,controller_tick,26000000,26.0,1,0,26000000,260,26000000,RUNNING,,0,0,62,1,0,reconstructed_from_retained_wire,True,,,317.79114921457085,301.124483832397,293.14999880180363,0.5274980000000011,0.65,129999.99999999996,129999.98796155132,0.00014999991971397566,18825.423634720464,-1.5392970453831367e-08,0.00015,301.124,293.15,317.791,0.0,150000,1,260,26000000,26000000,26000000,0,301124,1,260,26000000,26000000,26000000,0,293150,1,260,26000000,26000000,26000000,0,317791,1,260,26000000,26000000,26000000,0,0,1,260,26000000,26000000,26000000,0,1.0,0.527498,0.65,1.0,0.527498,0.65,1.0,0.527498,0.65,260,26300000,False,1.0,5000.0,300.0,500.0,600000000000.0,100000000000.0,,259
1,corrupt_flow,thermal_loop,262,controller_tick,26100000,26.1,1,0,26100000,261,26100000,RUNNING,,0,0,62,1,0,reconstructed_from_retained_wire,True,,,317.7911492184217,301.1244838345066,293.14999880210326,0.5274980000000011,0.65,130499.99999999996,130499.98790164897,0.00014999991971397566,18825.423634720464,-1.5881141735007986e-08,0.00015,301.124,293.15,317.791,0.0,150000,1,261,26100000,26100000,26100000,0,301124,1,261,26100000,26100000,26100000,0,293150,1,261,26100000,26100000,26100000,0,317791,1,261,26100000,26100000,26100000,0,0,1,261,26100000,26100000,26100000,0,1.0,0.527498,0.65,1.0,0.527498,0.65,1.0,0.527498,0.65,261,26400000,False,1.0,5000.0,300.0,500.0,600000000000.0,100000000000.0,,260
1,corrupt_flow,thermal_loop,263,controller_tick,26200000,26.2,1,0,26200000,262,26200000,RUNNING,,0,0,62,1,0,reconstructed_from_retained_wire,True,,,317.79114922226734,301.124483836609,293.14999880241066,0.5274980000000011,0.65,130999.99999999997,130999.9878417618,0.00014999991971397566,18825.423634720464,-1.5722889656899497e-08,0.00015,301.124,293.15,317.791,0.0,150000,1,262,26200000,26200000,26200000,0,301124,1,262,26200000,26200000,26200000,0,293150,1,262,26200000,26200000,26200000,0,317791,1,262,26200000,26200000,26200000,0,0,1,262,26200000,26200000,26200000,0,1.0,0.527498,0.65,1.0,0.527498,0.65,1.0,0.527498,0.65,262,26500000,False,1.0,5000.0,300.0,500.0,600000000000.0,100000000000.0,,261
1,corrupt_flow,thermal_loop,264,controller_tick,26300000,26.3,1,0,26300000,263,26300000,RUNNING,,0,0,62,1,0,reconstructed_from_retained_wire,True,,,317.79114922610773,301.12448383870424,293.1499988027258,0.5274980000000011,0.65,131499.99999999997,131499.98778189017,0.00014999991971397566,18825.423634720464,-1.5238128980854526e-08,0.00015,301.124,293.15,317.791,0.0,150000,1,263,26300000,26300000,26300000,0,301124,1,263,26300000,26300000,26300000,0,293150,1,263,26300000,26300000,26300000,0,317791,1,263,26300000,26300000,26300000,0,0,1,263,26300000,26300000,26300000,0,1.0,0.527498,0.65,1.0,0.527498,0.65,1.0,0.527498,0.65,263,26600000,False,1.0,5000.0,300.0,500.0,600000000000.0,100000000000.0,,262
1,corrupt_flow,thermal_loop,265,controller_tick,26400000,26.4,1,0,26400000,264,26400000,RUNNING,,0,0,62,1,0,reconstructed_from_retained_wire,True,,,317.7911492299429,301.12448384079244,293.14999880304856,0.5274980000000011,0.65,131999.99999999997,131999.9877220345,0.00014999991971397566,18825.423634720464,-1.4494617062155157e-08,0.00015,301.124,293.15,317.791,0.0,150000,1,264,26400000,26400000,26400000,0,301124,1,264,26400000,26400000,26400000,0,293150,1,264,26400000,26400000,26400000,0,317791,1,264,26400000,26400000,26400000,0,0,1,264,26400000,26400000,26400000,0,1.0,0.527498,0.65,1.0,0.527498,0.65,1.0,0.527498,0.65,264,26700000,False,1.0,5000.0,300.0,500.0,600000000000.0,100000000000.0,,263
1,corrupt_flow,thermal_loop,266,controller_tick,26500000,26.5,1,0,26500000,265,26500000,RUNNING,,0,0,62,1,0,reconstructed_from_retained_wire,True,,,317.79114923377284,301.1244838428737,293.14999880337876,0.5274980000000011,0.65,132499.99999999997,132499.98766219517,0.00014999991971397566,18825.423634720464,-1.4316583474283107e-08,0.00015,301.124,293.15,317.791,0.0,150000,1,265,26500000,26500000,26500000,0,301124,1,265,26500000,26500000,26500000,0,293150,1,265,26500000,26500000,26500000,0,317791,1,265,26500000,26500000,26500000,0,0,1,265,26500000,26500000,26500000,0,1.0,0.527498,0.65,1.0,0.527498,0.65,1.0,0.527498,0.65,265,26800000,False,1.0,5000.0,300.0,500.0,600000000000.0,100000000000.0,,264
1,corrupt_flow,thermal_loop,267,controller_tick,26600000,26.6,1,0,26600000,266,26600000,RUNNING,,0,0,62,1,0,reconstructed_from_retained_wire,True,,,317.7911492375975,301.12448384494814,293.14999880371636,0.5274980000000011,0.65,133000.0,132999.9876023725,0.00014999991971397566,18825.423634720464,-1.4714714779984206e-08,0.00015,301.124,293.15,317.791,0.0,150000,1,266,26600000,26600000,26600000,0,301124,1,266,26600000,26600000,26600000,0,293150,1,266,26600000,26600000,26600000,0,317791,1,266,26600000,26600000,26600000,0,0,1,266,26600000,26600000,26600000,0,1.0,0.527498,0.65,1.0,0.527498,0.65,1.0,0.527498,0.65,266,26900000,False,1.0,5000.0,300.0,500.0,600000000000.0,100000000000.0,,265
1,corrupt_flow,thermal_loop,268,controller_tick,26700000,26.7,1,0,26700000,267,26700000,RUNNING,,0,0,62,1,0,reconstructed_from_retained_wire,True,,,317.791149241417,301.12448384701594,293.1499988040613,0.5274980000000011,0.65,133500.0,133499.98754256693,0.00014999991971397566,18825.423634720464,-1.3373664842220023e-08,0.00015,301.124,293.15,317.791,0.0,150000,1,267,26700000,26700000,26700000,0,301124,1,267,26700000,26700000,26700000,0,293150,1,267,26700000,26700000,26700000,0,317791,1,267,26700000,26700000,26700000,0,0,1,267,26700000,26700000,26700000,0,1.0,0.527498,0.65,1.0,0.527498,0.65,1.0,0.527498,0.65,267,27000000,False,1.0,5000.0,300.0,500.0,600000000000.0,100000000000.0,,266
1,corrupt_flow,thermal_loop,269,controller_tick,26800000,26.8,1,0,26800000,268,26800000,RUNNING,,0,0,62,1,0,reconstructed_from_retained_wire,True,,,317.7911492452311,301.12448384907714,293.14999880441337,0.5274980000000011,0.65,134000.0,133999.98748277876,0.00014999991971397566,18825.423634720464,-1.3370936358114704e-08,0.00015,301.124,293.15,317.791,0.0,150000,1,268,26800000,26800000,26800000,0,301124,1,268,26800000,26800000,26800000,0,293150,1,268,26800000,26800000,26800000,0,317791,1,268,26800000,26800000,26800000,0,0,1,268,26800000,26800000,26800000,0,1.0,0.527498,0.65,1.0,0.527498,0.65,1.0,0.527498,0.65,268,27100000,False,1.0,5000.0,300.0,500.0,600000000000.0,100000000000.0,,267
1,corrupt_flow,thermal_loop,270,controller_tick,26900000,26.9,1,0,26900000,269,26900000,RUNNING,,0,0,62,1,0,reconstructed_from_retained_wire,True,,,317.79114924904,301.12448385113186,293.1499988047725,0.5274980000000011,0.65,134500.0,134499.98742300837,0.00014999991971397566,18825.423634720464,-1.3666522136190906e-08,0.00015,301.124,293.15,317.791,0.0,150000,1,269,26900000,26900000,26900000,0,301124,1,269,26900000,26900000,26900000,0,293150,1,269,26900000,26900000,26900000,0,317791,1,269,26900000,26900000,26900000,0,0,1,269,26900000,26900000,26900000,0,1.0,0.527498,0.65,1.0,0.527498,0.65,1.0,0.527498,0.65,269,27200000,False,1.0,5000.0,300.0,500.0,600000000000.0,100000000000.0,,268
1,corrupt_flow,thermal_loop,271,controller_tick,27000000,27.0,1,0,27000000,270,27000000,RUNNING,,0,0,62,1,0,reconstructed_from_retained_wire,True,,,317.7911492528437,301.1244838531802,293.1499988051387,0.5274980000000011,0.65,135000.0,134999.98736325614,0.00014999991971397566,18825.423634720464,-1.293165041715838e-08,0.00015,301.124,293.15,317.791,0.0,150000,1,270,27000000,27000000,27000000,0,301124,1,270,27000000,27000000,27000000,0,293150,1,270,27000000,27000000,27000000,0,317791,1,270,27000000,27000000,27000000,0,0,1,270,27000000,27000000,27000000,0,1.0,0.527498,0.65,1.0,0.527498,0.65,1.0,0.527498,0.65,270,27300000,False,1.0,5000.0,300.0,500.0,600000000000.0,100000000000.0,,269
1,corrupt_flow,thermal_loop,272,controller_tick,27100000,27.1,1,0,27100000,271,27100000,RUNNING,,0,0,62,1,0,reconstructed_from_retained_wire,True,,,317.7911492566421,301.1244838552223,293.14999880551176,0.5274980000000011,0.65,135500.0,135499.98730352236,0.00014999991971397566,18825.423634720464,-1.2631744539248757e-08,0.00015,301.124,293.15,317.791,0.0,150000,1,271,27100000,27100000,27100000,0,301124,1,271,27100000,27100000,27100000,0,293150,1,271,27100000,27100000,27100000,0,317791,1,271,27100000,27100000,27100000,0,0,1,271,27100000,27100000,27100000,0,1.0,0.527498,0.65,1.0,0.527498,0.65,1.0,0.527498,0.65,271,27400000,False,1.0,5000.0,300.0,500.0,600000000000.0,100000000000.0,,270
1,corrupt_flow,thermal_loop,273,controller_tick,27200000,27.2,1,0,27200000,272,27200000,RUNNING,,0,0,62,1,0,reconstructed_from_retained_wire,True,,,317.7911492604352,301.12448385725827,293.1499988058916,0.5274980000000011,0.65,136000.0,135999.98724380744,0.00014999991971397566,18825.423634720464,-1.283456185774412e-08,0.00015,301.124,293.15,317.791,0.0,150000,1,272,27200000,27200000,27200000,0,301124,1,272,27200000,27200000,27200000,0,293150,1,272,27200000,27200000,27200000,0,317791,1,272,27200000,27200000,27200000,0,0,1,272,27200000,27200000,27200000,0,1.0,0.527498,0.65,1.0,0.527498,0.65,1.0,0.527498,0.65,272,27500000,False,1.0,5000.0,300.0,500.0,600000000000.0,100000000000.0,,271
1,corrupt_flow,thermal_loop,274,controller_tick,27300000,27.3,1,0,27300000,273,27300000,RUNNING,,0,0,62,1,0,reconstructed_from_retained_wire,True,,,317.79114926422307,301.12448385928815,293.1499988062781,0.5274980000000011,0.65,136500.0,136499.98718411167,0.00014999991971397566,18825.423634720464,-1.291823537030723e-08,0.00015,301.124,293.15,317.791,0.0,150000,1,273,27300000,27300000,27300000,0,301124,1,273,27300000,27300000,27300000,0,293150,1,273,27300000,27300000,27300000,0,317791,1,273,27300000,27300000,27300000,0,0,1,273,27300000,27300000,27300000,0,1.0,0.527498,0.65,1.0,0.527498,0.65,1.0,0.527498,0.65,273,27600000,False,1.0,5000.0,300.0,500.0,600000000000.0,100000000000.0,,272
1,corrupt_flow,thermal_loop,275,controller_tick,27400000,27.4,1,0,27400000,274,27400000,RUNNING,,0,0,62,1,0,reconstructed_from_retained_wire,True,,,317.7911492680056,301.12448386131206,293.14999880667136,0.5274980000000011,0.65,137000.0,136999.98712443537,0.00014999991971397566,18825.423634720464,-1.2749069355777465e-08,0.00015,301.124,293.15,317.791,0.0,150000,1,274,27400000,27400000,27400000,0,301124,1,274,27400000,27400000,27400000,0,293150,1,274,27400000,27400000,27400000,0,317791,1,274,27400000,27400000,27400000,0,0,1,274,27400000,27400000,27400000,0,1.0,0.527498,0.65,1.0,0.527498,0.65,1.0,0.527498,0.65,274,27700000,False,1.0,5000.0,300.0,500.0,600000000000.0,100000000000.0,,273
1,corrupt_flow,thermal_loop,276,controller_tick,27500000,27.5,1,0,27500000,275,27500000,RUNNING,,0,0,62,1,0,reconstructed_from_retained_wire,True,,,317.7911492717829,301.1244838633301,293.14999880707114,0.5274980000000011,0.65,137500.0,137499.98706477892,0.00014999991971397566,18825.423634720464,-1.1999873095192015e-08,0.00015,301.124,293.15,317.791,0.0,150000,1,275,27500000,27500000,27500000,0,301124,1,275,27500000,27500000,27500000,0,293150,1,275,27500000,27500000,27500000,0,317791,1,275,27500000,27500000,27500000,0,0,1,275,27500000,27500000,27500000,0,1.0,0.527498,0.65,1.0,0.527498,0.65,1.0,0.527498,0.65,275,27800000,False,1.0,5000.0,300.0,500.0,600000000000.0,100000000000.0,,274
1,corrupt_flow,thermal_loop,277,controller_tick,27600000,27.6,1,0,27600000,276,27600000,RUNNING,,0,0,62,1,0,reconstructed_from_retained_wire,True,,,317.79114927555486,301.12448386534237,293.14999880747735,0.5274980000000011,0.65,138000.0,137999.9870051426,0.00014999991971397566,18825.423634720464,-1.2466898624552414e-08,0.00015,301.124,293.15,317.791,0.0,150000,1,276,27600000,27600000,27600000,0,301124,1,276,27600000,27600000,27600000,0,293150,1,276,27600000,27600000,27600000,0,317791,1,276,27600000,27600000,27600000,0,0,1,276,27600000,27600000,27600000,0,1.0,0.527498,0.65,1.0,0.527498,0.65,1.0,0.527498,0.65,276,27900000,False,1.0,5000.0,300.0,500.0,600000000000.0,100000000000.0,,275
1,corrupt_flow,thermal_loop,278,controller_tick,27700000,27.7,1,0,27700000,277,27700000,RUNNING,,0,0,62,1,0,reconstructed_from_retained_wire,True,,,317.7911492793216,301.12448386734894,293.1499988078899,0.5274980000000011,0.65,138500.0,138499.9869455268,0.00014999991971397566,18825.423634720464,-1.2426426110323519e-08,0.00015,301.124,293.15,317.791,0.0,150000,1,277,27700000,27700000,27700000,0,301124,1,277,27700000,27700000,27700000,0,293150,1,277,27700000,27700000,27700000,0,317791,1,277,27700000,27700000,27700000,0,0,1,277,27700000,27700000,27700000,0,1.0,0.527498,0.65,1.0,0.527498,0.65,1.0,0.527498,0.65,277,28000000,False,1.0,5000.0,300.0,500.0,600000000000.0,100000000000.0,,276
1,corrupt_flow,thermal_loop,279,controller_tick,27800000,27.8,1,0,27800000,278,27800000,RUNNING,,0,0,62,1,0,reconstructed_from_retained_wire,True,,,317.79114928308303,301.1244838693499,293.1499988083088,0.5274980000000011,0.65,139000.0,138999.98688593175,0.00014999991971397566,18825.423634720464,-1.239345692738425e-08,0.00015,301.124,293.15,317.791,0.0,150000,1,278,27800000,27800000,27800000,0,301124,1,278,27800000,27800000,27800000,0,293150,1,278,27800000,27800000,27800000,0,317791,1,278,27800000,27800000,27800000,0,0,1,278,27800000,27800000,27800000,0,1.0,0.527498,0.65,1.0,0.527498,0.65,1.0,0.527498,0.65,278,28100000,False,1.0,5000.0,300.0,500.0,600000000000.0,100000000000.0,,277
1,corrupt_flow,thermal_loop,280,controller_tick,27900000,27.9,1,0,27900000,279,27900000,RUNNING,,0,0,62,1,0,reconstructed_from_retained_wire,True,,,317.7911492868392,301.1244838713453,293.1499988087338,0.5274980000000011,0.65,139500.0,139499.98682635778,0.00014999991971397566,18825.423634720464,-1.3264980225358158e-08,0.00015,301.124,293.15,317.791,0.0,150000,1,279,27900000,27900000,27900000,0,301124,1,279,27900000,27900000,27900000,0,293150,1,279,27900000,27900000,27900000,0,317791,1,279,27900000,27900000,27900000,0,0,1,279,27900000,27900000,27900000,0,1.0,0.527498,0.65,1.0,0.527498,0.65,1.0,0.527498,0.65,279,28200000,False,1.0,5000.0,300.0,500.0,600000000000.0,100000000000.0,,278
1,corrupt_flow,thermal_loop,281,controller_tick,28000000,28.0,1,0,28000000,280,28000000,RUNNING,,0,0,62,1,0,reconstructed_from_retained_wire,True,,,317.79114929059,301.12448387333535,293.149998809165,0.5274980000000011,0.65,140000.0,139999.98676680523,0.00014999991971397566,18825.423634720464,-1.3596945791505277e-08,0.00015,301.124,293.15,317.791,0.0,150000,1,280,28000000,28000000,28000000,0,301124,1,280,28000000,28000000,28000000,0,293150,1,280,28000000,28000000,28000000,0,317791,1,280,28000000,28000000,28000000,0,0,1,280,28000000,28000000,28000000,0,1.0,0.527498,0.65,1.0,0.527498,0.65,1.0,0.527498,0.65,280,28300000,False,1.0,5000.0,300.0,500.0,600000000000.0,100000000000.0,,279
1,corrupt_flow,thermal_loop,282,controller_tick,28100000,28.1,1,0,28100000,281,28100000,RUNNING,,0,0,62,1,0,reconstructed_from_retained_wire,True,,,317.7911492943356,301.12448387532004,293.1499988096022,0.5274980000000011,0.65,140500.00000000003,140499.9867072744,0.00014999991971397566,18825.423634720464,-1.4366605682880618e-08,0.00015,301.124,293.15,317.791,0.0,150000,1,281,28100000,28100000,28100000,0,301124,1,281,28100000,28100000,28100000,0,293150,1,281,28100000,28100000,28100000,0,317791,1,281,28100000,28100000,28100000,0,0,1,281,28100000,28100000,28100000,0,1.0,0.527498,0.65,1.0,0.527498,0.65,1.0,0.527498,0.65,281,28400000,False,1.0,5000.0,300.0,500.0,600000000000.0,100000000000.0,,280
1,corrupt_flow,thermal_loop,283,controller_tick,28200000,28.2,1,0,28200000,282,28200000,RUNNING,,0,0,62,1,0,reconstructed_from_retained_wire,True,,,317.7911492980759,301.12448387729955,293.14999881004536,0.5274980000000011,0.65,141000.00000000003,140999.9866477656,0.00014999991971397566,18825.423634720464,-1.4338411347125657e-08,0.00015,301.124,293.15,317.791,0.0,150000,1,282,28200000,28200000,28200000,0,301124,1,282,28200000,28200000,28200000,0,293150,1,282,28200000,28200000,28200000,0,317791,1,282,28200000,28200000,28200000,0,0,1,282,28200000,28200000,28200000,0,1.0,0.527498,0.65,1.0,0.527498,0.65,1.0,0.527498,0.65,282,28500000,False,1.0,5000.0,300.0,500.0,600000000000.0,100000000000.0,,281
1,corrupt_flow,thermal_loop,284,controller_tick,28300000,28.3,1,0,28300000,283,28300000,RUNNING,,0,0,62,1,0,reconstructed_from_retained_wire,True,,,317.7911493018109,301.1244838792739,293.1499988104944,0.5274980000000011,0.65,141500.00000000003,141499.98658827908,0.00014999991971397566,18825.423634720464,-1.3992348613101058e-08,0.00015,301.124,293.15,317.791,0.0,150000,1,283,28300000,28300000,28300000,0,301124,1,283,28300000,28300000,28300000,0,293150,1,283,28300000,28300000,28300000,0,317791,1,283,28300000,28300000,28300000,0,0,1,283,28300000,28300000,28300000,0,1.0,0.527498,0.65,1.0,0.527498,0.65,1.0,0.527498,0.65,283,28600000,False,1.0,5000.0,300.0,500.0,600000000000.0,100000000000.0,,282
1,corrupt_flow,thermal_loop,285,controller_tick,28400000,28.4,1,0,28400000,284,28400000,RUNNING,,0,0,62,1,0,reconstructed_from_retained_wire,True,,,317.79114930554067,301.1244838812431,293.1499988109493,0.5274980000000011,0.65,142000.00000000003,141999.98652881518,0.00014999991971397566,18825.423634720464,-1.339026312052738e-08,0.00015,301.124,293.15,317.791,0.0,150000,1,284,28400000,28400000,28400000,0,301124,1,284,28400000,28400000,28400000,0,293150,1,284,28400000,28400000,28400000,0,317791,1,284,28400000,28400000,28400000,0,0,1,284,28400000,28400000,28400000,0,1.0,0.527498,0.65,1.0,0.527498,0.65,1.0,0.527498,0.65,284,28700000,False,1.0,5000.0,300.0,500.0,600000000000.0,100000000000.0,,283
1,corrupt_flow,thermal_loop,286,controller_tick,28500000,28.5,1,0,28500000,285,28500000,RUNNING,,0,0,62,1,0,reconstructed_from_retained_wire,True,,,317.7911493092651,301.12448388320735,293.14999881140983,0.5274980000000011,0.65,142500.00000000006,142499.98646937415,0.00014999991971397566,18825.423634720464,-1.3911403584643267e-08,0.00015,301.124,293.15,317.791,0.0,150000,1,285,28500000,28500000,28500000,0,301124,1,285,28500000,28500000,28500000,0,293150,1,285,28500000,28500000,28500000,0,317791,1,285,28500000,28500000,28500000,0,0,1,285,28500000,28500000,28500000,0,1.0,0.527498,0.65,1.0,0.527498,0.65,1.0,0.527498,0.65,285,28800000,False,1.0,5000.0,300.0,500.0,600000000000.0,100000000000.0,,284
1,corrupt_flow,thermal_loop,287,controller_tick,28600000,28.6,1,0,28600000,286,28600000,RUNNING,,0,0,62,1,0,reconstructed_from_retained_wire,True,,,317.7911493129843,301.1244838851667,293.149998811876,0.5274980000000011,0.65,143000.00000000006,142999.98640995627,0.00014999991971397566,18825.423634720464,-1.3861154002370313e-08,0.00015,301.124,293.15,317.791,0.0,150000,1,286,28600000,28600000,28600000,0,301124,1,286,28600000,28600000,28600000,0,293150,1,286,28600000,28600000,28600000,0,317791,1,286,28600000,28600000,28600000,0,0,1,286,28600000,28600000,28600000,0,1.0,0.527498,0.65,1.0,0.527498,0.65,1.0,0.527498,0.65,286,28900000,False,1.0,5000.0,300.0,500.0,600000000000.0,100000000000.0,,285
1,corrupt_flow,thermal_loop,288,controller_tick,28700000,28.7,1,0,28700000,287,28700000,RUNNING,,0,0,62,1,0,reconstructed_from_retained_wire,True,,,317.7911493166982,301.12448388712113,293.1499988123478,0.5274980000000011,0.65,143500.00000000006,143499.98635056187,0.00014999991971397566,18825.423634720464,-1.4056240615900606e-08,0.00015,301.124,293.15,317.791,0.0,150000,1,287,28700000,28700000,28700000,0,301124,1,287,28700000,28700000,28700000,0,293150,1,287,28700000,28700000,28700000,0,317791,1,287,28700000,28700000,28700000,0,0,1,287,28700000,28700000,28700000,0,1.0,0.527498,0.65,1.0,0.527498,0.65,1.0,0.527498,0.65,287,29000000,False,1.0,5000.0,300.0,500.0,600000000000.0,100000000000.0,,286
1,corrupt_flow,thermal_loop,289,controller_tick,28800000,28.8,1,0,28800000,288,28800000,RUNNING,,0,0,62,1,0,reconstructed_from_retained_wire,True,,,317.7911493204068,301.1244838890708,293.14999881282506,0.5274980000000011,0.65,144000.00000000006,143999.9862911912,0.00014999991971397566,18825.423634720464,-1.4314991858555004e-08,0.00015,301.124,293.15,317.791,0.0,150000,1,288,28800000,28800000,28800000,0,301124,1,288,28800000,28800000,28800000,0,293150,1,288,28800000,28800000,28800000,0,317791,1,288,28800000,28800000,28800000,0,0,1,288,28800000,28800000,28800000,0,1.0,0.527498,0.65,1.0,0.527498,0.65,1.0,0.527498,0.65,288,29100000,False,1.0,5000.0,300.0,500.0,600000000000.0,100000000000.0,,287
1,corrupt_flow,thermal_loop,290,controller_tick,28900000,28.9,1,0,28900000,289,28900000,RUNNING,,0,0,62,1,0,reconstructed_from_retained_wire,True,,,317.79114932411017,301.12448389101576,293.1499988133078,0.5274980000000011,0.65,144500.00000000006,144499.9862318445,0.00014999991971397566,18825.423634720464,-1.4468696463154629e-08,0.00015,301.124,293.15,317.791,0.0,150000,1,289,28900000,28900000,28900000,0,301124,1,289,28900000,28900000,28900000,0,293150,1,289,28900000,28900000,28900000,0,317791,1,289,28900000,28900000,28900000,0,0,1,289,28900000,28900000,28900000,0,1.0,0.527498,0.65,1.0,0.527498,0.65,1.0,0.527498,0.65,289,29200000,False,1.0,5000.0,300.0,500.0,600000000000.0,100000000000.0,,288
1,corrupt_flow,thermal_loop,291,controller_tick,29000000,29.0,1,0,29000000,290,29000000,RUNNING,,0,0,62,1,0,reconstructed_from_retained_wire,True,,,317.7911493278082,301.12448389295616,293.14999881379583,0.5274980000000011,0.65,145000.00000000006,144999.98617252207,0.00014999991971397566,18825.423634720464,-1.4226316125132143e-08,0.00015,301.124,293.15,317.791,0.0,150000,1,290,29000000,29000000,29000000,0,301124,1,290,29000000,29000000,29000000,0,293150,1,290,29000000,29000000,29000000,0,317791,1,290,29000000,29000000,29000000,0,0,1,290,29000000,29000000,29000000,0,1.0,0.527498,0.65,1.0,0.527498,0.65,1.0,0.527498,0.65,290,29300000,False,1.0,5000.0,300.0,500.0,600000000000.0,100000000000.0,,289
1,corrupt_flow,thermal_loop,292,controller_tick,29100000,29.1,1,0,29100000,291,29100000,RUNNING,,0,0,62,1,0,reconstructed_from_retained_wire,True,,,317.79114933150106,301.124483894892,293.1499988142891,0.5274980000000011,0.65,145500.00000000006,145499.98611322418,0.00014999991971397566,18825.423634720464,-1.418311512679793e-08,0.00015,301.124,293.15,317.791,0.0,150000,1,291,29100000,29100000,29100000,0,301124,1,291,29100000,29100000,29100000,0,293150,1,291,29100000,29100000,29100000,0,317791,1,291,29100000,29100000,29100000,0,0,1,291,29100000,29100000,29100000,0,1.0,0.527498,0.65,1.0,0.527498,0.65,1.0,0.527498,0.65,291,29400000,False,1.0,5000.0,300.0,500.0,600000000000.0,100000000000.0,,290
1,corrupt_flow,thermal_loop,293,controller_tick,29200000,29.2,1,0,29200000,292,29200000,RUNNING,,0,0,62,1,0,reconstructed_from_retained_wire,True,,,317.79114933518855,301.12448389682334,293.1499988147877,0.5274980000000011,0.65,146000.00000000006,145999.98605395108,0.00014999991971397566,18825.423634720464,-1.4501210898743011e-08,0.00015,301.124,293.15,317.791,0.0,150000,1,292,29200000,29200000,29200000,0,301124,1,292,29200000,29200000,29200000,0,293150,1,292,29200000,29200000,29200000,0,317791,1,292,29200000,29200000,29200000,0,0,1,292,29200000,29200000,29200000,0,1.0,0.527498,0.65,1.0,0.527498,0.65,1.0,0.527498,0.65,292,29500000,False,1.0,5000.0,300.0,500.0,600000000000.0,100000000000.0,,291
1,corrupt_flow,thermal_loop,294,controller_tick,29300000,29.3,1,0,29300000,293,29300000,RUNNING,,0,0,62,1,0,reconstructed_from_retained_wire,True,,,317.7911493388708,301.1244838987503,293.1499988152914,0.5274980000000011,0.65,146500.00000000006,146499.98599470305,0.00014999991971397566,18825.423634720464,-1.4019406080478802e-08,0.00015,301.124,293.15,317.791,0.0,150000,1,293,29300000,29300000,29300000,0,301124,1,293,29300000,29300000,29300000,0,293150,1,293,29300000,29300000,29300000,0,317791,1,293,29300000,29300000,29300000,0,0,1,293,29300000,29300000,29300000,0,1.0,0.527498,0.65,1.0,0.527498,0.65,1.0,0.527498,0.65,293,29600000,False,1.0,5000.0,300.0,500.0,600000000000.0,100000000000.0,,292
1,corrupt_flow,thermal_loop,295,controller_tick,29400000,29.4,1,0,29400000,294,29400000,RUNNING,,0,0,62,1,0,reconstructed_from_retained_wire,True,,,317.79114934254784,301.1244839006729,293.1499988158002,0.5274980000000011,0.65,147000.00000000006,146999.9859354803,0.00014999991971397566,18825.423634720464,-1.3455291991704144e-08,0.00015,301.124,293.15,317.791,0.0,150000,1,294,29400000,29400000,29400000,0,301124,1,294,29400000,29400000,29400000,0,293150,1,294,29400000,29400000,29400000,0,317791,1,294,29400000,29400000,29400000,0,0,1,294,29400000,29400000,29400000,0,1.0,0.527498,0.65,1.0,0.527498,0.65,1.0,0.527498,0.65,294,29700000,False,1.0,5000.0,300.0,500.0,600000000000.0,100000000000.0,,293
1,corrupt_flow,thermal_loop,296,controller_tick,29500000,29.5,1,0,29500000,295,29500000,RUNNING,,0,0,62,1,0,reconstructed_from_retained_wire,True,,,317.7911493462196,301.1244839025912,293.14999881631394,0.5274980000000011,0.65,147500.00000000006,147499.98587628314,0.00014999991971397566,18825.423634720464,-1.379908098897431e-08,0.00015,301.124,293.15,317.791,0.0,150000,1,295,29500000,29500000,29500000,0,301124,1,295,29500000,29500000,29500000,0,293150,1,295,29500000,29500000,29500000,0,317791,1,295,29500000,29500000,29500000,0,0,1,295,29500000,29500000,29500000,0,1.0,0.527498,0.65,1.0,0.527498,0.65,1.0,0.527498,0.65,295,29800000,False,1.0,5000.0,300.0,500.0,600000000000.0,100000000000.0,,294
1,corrupt_flow,thermal_loop,297,controller_tick,29600000,29.6,1,0,29600000,296,29600000,RUNNING,,0,0,62,1,0,reconstructed_from_retained_wire,True,,,317.7911493498861,301.12448390450527,293.14999881683264,0.5274980000000011,0.65,148000.00000000006,147999.9858171118,0.00014999991971397566,18825.423634720464,-1.3774297258350998e-08,0.00015,301.124,293.15,317.791,0.0,150000,1,296,29600000,29600000,29600000,0,301124,1,296,29600000,29600000,29600000,0,293150,1,296,29600000,29600000,29600000,0,317791,1,296,29600000,29600000,29600000,0,0,1,296,29600000,29600000,29600000,0,1.0,0.527498,0.65,1.0,0.527498,0.65,1.0,0.527498,0.65,296,29900000,False,1.0,5000.0,300.0,500.0,600000000000.0,100000000000.0,,295
1,corrupt_flow,thermal_loop,298,controller_tick,29700000,29.7,1,0,29700000,297,29700000,RUNNING,,0,0,62,1,0,reconstructed_from_retained_wire,True,,,317.7911493535474,301.1244839064152,293.1499988173562,0.5274980000000011,0.65,148500.00000000006,148499.9857579665,0.00014999991971397566,18825.423634720464,-1.3385715647018515e-08,0.00015,301.124,293.15,317.791,0.0,150000,1,297,29700000,29700000,29700000,0,301124,1,297,29700000,29700000,29700000,0,293150,1,297,29700000,29700000,29700000,0,317791,1,297,29700000,29700000,29700000,0,0,1,297,29700000,29700000,29700000,0,1.0,0.527498,0.65,1.0,0.527498,0.65,1.0,0.527498,0.65,297,30000000,False,1.0,5000.0,300.0,500.0,600000000000.0,100000000000.0,,296
1,corrupt_flow,thermal_loop,299,controller_tick,29800000,29.8,1,0,29800000,298,29800000,RUNNING,,0,0,62,1,0,reconstructed_from_retained_wire,True,,,317.7911493572034,301.1244839083211,293.1499988178846,0.5274980000000011,0.65,149000.00000000006,148999.9856988475,0.00014999991971397566,18825.423634720464,-1.3415046851150692e-08,0.00015,301.124,293.15,317.791,0.0,150000,1,298,29800000,29800000,29800000,0,301124,1,298,29800000,29800000,29800000,0,293150,1,298,29800000,29800000,29800000,0,317791,1,298,29800000,29800000,29800000,0,0,1,298,29800000,29800000,29800000,0,1.0,0.527498,0.65,1.0,0.527498,0.65,1.0,0.527498,0.65,298,30100000,False,1.0,5000.0,300.0,500.0,600000000000.0,100000000000.0,,297
1,corrupt_flow,thermal_loop,300,controller_tick,29900000,29.9,1,0,29900000,299,29900000,RUNNING,,0,0,62,1,0,reconstructed_from_retained_wire,True,,,317.7911493608541,301.1244839102229,293.1499988184177,0.5274980000000011,0.65,149500.00000000006,149499.98563975506,0.00014999991971397566,18825.423634720464,-1.4104671208770014e-08,0.00015,301.124,293.15,317.791,0.0,150000,1,299,29900000,29900000,29900000,0,301124,1,299,29900000,29900000,29900000,0,293150,1,299,29900000,29900000,29900000,0,317791,1,299,29900000,29900000,29900000,0,0,1,299,29900000,29900000,29900000,0,1.0,0.527498,0.65,1.0,0.527498,0.65,1.0,0.527498,0.65,299,30200000,False,1.0,5000.0,300.0,500.0,600000000000.0,100000000000.0,,298
1,corrupt_flow,thermal_loop,301,controller_tick,30000000,30.0,1,0,30000000,300,30000000,RUNNING,,0,0,62,1,0,reconstructed_from_retained_wire,True,,,317.7911493644995,301.12448391212087,293.14999881895557,0.5274980000000011,0.65,150000.00000000006,149999.9855806894,0.00014999991971397566,18825.423634720464,-1.4033730622031726e-08,0.00015,301.124,293.15,317.791,0.0,150000,1,300,30000000,30000000,30000000,0,301124,1,300,30000000,30000000,30000000,0,293150,1,300,30000000,30000000,30000000,0,317791,1,300,30000000,30000000,30000000,0,0,1,300,30000000,30000000,30000000,0,1.0,0.527498,0.65,1.0,0.527498,0.65,1.0,0.527498,0.65,300,30300000,False,1.0,5000.0,300.0,500.0,600000000000.0,100000000000.0,,299
1,corrupt_flow,thermal_loop,302,controller_tick,30100000,30.1,1,0,30100000,301,30100000,RUNNING,,0,0,62,1,0,reconstructed_from_retained_wire,True,,,317.79114936813977,301.12448391401483,293.149998819498,0.5274980000000011,0.65,150500.00000000006,150499.9855216507,0.00014999991971397566,18825.423634720464,-1.4237684808904305e-08,0.00015,301.124,293.15,317.791,0.0,150000,1,301,30100000,30100000,30100000,0,301124,1,301,30100000,30100000,30100000,0,293150,1,301,30100000,30100000,30100000,0,317791,1,301,30100000,30100000,30100000,0,0,1,301,30100000,30100000,30100000,0,1.0,0.527498,0.65,1.0,0.527498,0.65,1.0,0.527498,0.65,301,30400000,False,1.0,5000.0,300.0,500.0,600000000000.0,100000000000.0,,300
1,corrupt_flow,thermal_loop,303,controller_tick,30200000,30.2,1,0,30200000,302,30200000,RUNNING,,0,0,62,1,0,reconstructed_from_retained_wire,True,,,317.79114937177474,301.12448391590505,293.1499988200451,0.5274980000000011,0.65,151000.0000000001,150999.98546263928,0.00014999991971397566,18825.423634720464,-1.3690623745787889e-08,0.00015,301.124,293.15,317.791,0.0,150000,1,302,30200000,30200000,30200000,0,301124,1,302,30200000,30200000,30200000,0,293150,1,302,30200000,30200000,30200000,0,317791,1,302,30200000,30200000,30200000,0,0,1,302,30200000,30200000,30200000,0,1.0,0.527498,0.65,1.0,0.527498,0.65,1.0,0.527498,0.65,302,30500000,False,1.0,5000.0,300.0,500.0,600000000000.0,100000000000.0,,301
1,corrupt_flow,thermal_loop,304,controller_tick,30300000,30.3,1,0,30300000,303,30300000,RUNNING,,0,0,62,1,0,reconstructed_from_retained_wire,True,,,317.79114937540453,301.1244839177914,293.1499988205966,0.5274980000000011,0.65,151500.0000000001,151499.9854036553,0.00014999991971397566,18825.423634720464,-1.4111719792708755e-08,0.00015,301.124,293.15,317.791,0.0,150000,1,303,30300000,30300000,30300000,0,301124,1,303,30300000,30300000,30300000,0,293150,1,303,30300000,30300000,30300000,0,317791,1,303,30300000,30300000,30300000,0,0,1,303,30300000,30300000,30300000,0,1.0,0.527498,0.65,1.0,0.527498,0.65,1.0,0.527498,0.65,303,30600000,False,1.0,5000.0,300.0,500.0,600000000000.0,100000000000.0,,302
1,corrupt_flow,thermal_loop,305,controller_tick,30400000,30.4,1,0,30400000,304,30400000,RUNNING,,0,0,62,1,0,reconstructed_from_retained_wire,True,,,317.7911493790291,301.12448391967405,293.1499988211525,0.5274980000000011,0.65,152000.0000000001,151999.98534469903,0.00014999991971397566,18825.423634720464,-1.4410943549592048e-08,0.00015,301.124,293.15,317.791,0.0,150000,1,304,30400000,30400000,30400000,0,301124,1,304,30400000,30400000,30400000,0,293150,1,304,30400000,30400000,30400000,0,317791,1,304,30400000,30400000,30400000,0,0,1,304,30400000,30400000,30400000,0,1.0,0.527498,0.65,1.0,0.527498,0.65,1.0,0.527498,0.65,304,30700000,False,1.0,5000.0,300.0,500.0,600000000000.0,100000000000.0,,303
1,corrupt_flow,thermal_loop,306,controller_tick,30500000,30.5,1,0,30500000,305,30500000,RUNNING,,0,0,62,1,0,reconstructed_from_retained_wire,True,,,317.7911493826484,301.124483921553,293.14999882171287,0.5274980000000011,0.65,152500.0000000001,152499.98528577067,0.00014999991971397566,18825.423634720464,-1.4384568203240633e-08,0.00015,301.124,293.15,317.791,0.0,150000,1,305,30500000,30500000,30500000,0,301124,1,305,30500000,30500000,30500000,0,293150,1,305,30500000,30500000,30500000,0,317791,1,305,30500000,30500000,30500000,0,0,1,305,30500000,30500000,30500000,0,1.0,0.527498,0.65,1.0,0.527498,0.65,1.0,0.527498,0.65,305,30800000,False,1.0,5000.0,300.0,500.0,600000000000.0,100000000000.0,,304
1,corrupt_flow,thermal_loop,307,controller_tick,30600000,30.6,1,0,30600000,306,30600000,RUNNING,,0,0,62,1,0,reconstructed_from_retained_wire,True,,,317.7911493862625,301.1244839234284,293.14999882227755,0.5274980000000011,0.65,153000.0000000001,152999.98522687043,0.00014999991971397566,18825.423634720464,-1.4872512110741809e-08,0.00015,301.124,293.15,317.791,0.0,150000,1,306,30600000,30600000,30600000,0,301124,1,306,30600000,30600000,30600000,0,293150,1,306,30600000,30600000,30600000,0,317791,1,306,30600000,30600000,30600000,0,0,1,306,30600000,30600000,30600000,0,1.0,0.527498,0.65,1.0,0.527498,0.65,1.0,0.527498,0.65,306,30900000,False,1.0,5000.0,300.0,500.0,600000000000.0,100000000000.0,,305
1,corrupt_flow,thermal_loop,308,controller_tick,30700000,30.7,1,0,30700000,307,30700000,RUNNING,,0,0,62,1,0,reconstructed_from_retained_wire,True,,,317.79114938987135,301.1244839253002,293.14999882284656,0.5274980000000011,0.65,153500.0000000001,153499.9851679985,0.00014999991971397566,18825.423634720464,-1.453418008168228e-08,0.00015,301.124,293.15,317.791,0.0,150000,1,307,30700000,30700000,30700000,0,301124,1,307,30700000,30700000,30700000,0,293150,1,307,30700000,30700000,30700000,0,317791,1,307,30700000,30700000,30700000,0,0,1,307,30700000,30700000,30700000,0,1.0,0.527498,0.65,1.0,0.527498,0.65,1.0,0.527498,0.65,307,31000000,False,1.0,5000.0,300.0,500.0,600000000000.0,100000000000.0,,306
1,corrupt_flow,thermal_loop,309,controller_tick,30800000,30.8,1,0,30800000,308,30800000,RUNNING,,0,0,62,1,0,reconstructed_from_retained_wire,True,,,317.79114939347505,301.12448392716846,293.14999882341976,0.5274980000000011,0.65,154000.0000000001,153999.98510915515,0.00014999991971397566,18825.423634720464,-1.4058059605304152e-08,0.00015,301.124,293.15,317.791,0.0,150000,1,308,30800000,30800000,30800000,0,301124,1,308,30800000,30800000,30800000,0,293150,1,308,30800000,30800000,30800000,0,317791,1,308,30800000,30800000,30800000,0,0,1,308,30800000,30800000,30800000,0,1.0,0.527498,0.65,1.0,0.527498,0.65,1.0,0.527498,0.65,308,31100000,False,1.0,5000.0,300.0,500.0,600000000000.0,100000000000.0,,307
1,corrupt_flow,thermal_loop,310,controller_tick,30900000,30.9,1,0,30900000,309,30900000,RUNNING,,0,0,62,1,0,reconstructed_from_retained_wire,True,,,317.7911493970736,301.12448392903326,293.14999882399707,0.5274980000000011,0.65,154500.0000000001,154499.9850503406,0.00014999991971397566,18825.423634720464,-1.4190845831763e-08,0.00015,301.124,293.15,317.791,0.0,150000,1,309,30900000,30900000,30900000,0,301124,1,309,30900000,30900000,30900000,0,293150,1,309,30900000,30900000,30900000,0,317791,1,309,30900000,30900000,30900000,0,0,1,309,30900000,30900000,30900000,0,1.0,0.527498,0.65,1.0,0.527498,0.65,1.0,0.527498,0.65,309,31200000,False,1.0,5000.0,300.0,500.0,600000000000.0,100000000000.0,,308
1,corrupt_flow,thermal_loop,311,controller_tick,31000000,31.0,1,0,31000000,310,31000000,RUNNING,,0,0,62,1,0,reconstructed_from_retained_wire,True,,,317.7911494006669,301.1244839308947,293.1499988245785,0.5274980000000011,0.65,155000.0000000001,154999.98499155496,0.00014999991971397566,18825.423634720464,-1.3692215361515991e-08,0.00015,301.124,293.15,317.791,0.0,150000,1,310,31000000,31000000,31000000,0,301124,1,310,31000000,31000000,31000000,0,293150,1,310,31000000,31000000,31000000,0,317791,1,310,31000000,31000000,31000000,0,0,1,310,31000000,31000000,31000000,0,1.0,0.527498,0.65,1.0,0.527498,0.65,1.0,0.527498,0.65,310,31300000,False,1.0,5000.0,300.0,500.0,600000000000.0,100000000000.0,,309
1,corrupt_flow,thermal_loop,312,controller_tick,31100000,31.1,1,0,31100000,311,31100000,RUNNING,,0,0,62,1,0,reconstructed_from_retained_wire,True,,,317.79114940425495,301.12448393275275,293.14999882516406,0.5274980000000011,0.65,155500.0000000001,155499.9849327985,0.00014999991971397566,18825.423634720464,-1.3488261174643412e-08,0.00015,301.124,293.15,317.791,0.0,150000,1,311,31100000,31100000,31100000,0,301124,1,311,31100000,31100000,31100000,0,293150,1,311,31100000,31100000,31100000,0,317791,1,311,31100000,31100000,31100000,0,0,1,311,31100000,31100000,31100000,0,1.0,0.527498,0.65,1.0,0.527498,0.65,1.0,0.527498,0.65,311,31400000,False,1.0,5000.0,300.0,500.0,600000000000.0,100000000000.0,,310
1,corrupt_flow,thermal_loop,313,controller_tick,31200000,31.2,1,0,31200000,312,31200000,RUNNING,,0,0,62,1,0,reconstructed_from_retained_wire,True,,,317.7911494078379,301.1244839346075,293.1499988257535,0.5274980000000011,0.65,156000.0000000001,155999.98487407144,0.00014999991971397566,18825.423634720464,-1.3455519365379587e-08,0.00015,301.124,293.15,317.791,0.0,150000,1,312,31200000,31200000,31200000,0,301124,1,312,31200000,31200000,31200000,0,293150,1,312,31200000,31200000,31200000,0,317791,1,312,31200000,31200000,31200000,0,0,1,312,31200000,31200000,31200000,0,1.0,0.527498,0.65,1.0,0.527498,0.65,1.0,0.527498,0.65,312,31500000,False,1.0,5000.0,300.0,500.0,600000000000.0,100000000000.0,,311
1,corrupt_flow,thermal_loop,314,controller_tick,31300000,31.3,1,0,31300000,313,31300000,RUNNING,,0,0,62,1,0,reconstructed_from_retained_wire,True,,,317.7911494114156,301.124483936459,293.14999882634703,0.5274980000000011,0.65,156500.0000000001,156499.98481537393,0.00014999991971397566,18825.423634720464,-1.31947217596462e-08,0.00015,301.124,293.15,317.791,0.0,150000,1,313,31300000,31300000,31300000,0,301124,1,313,31300000,31300000,31300000,0,293150,1,313,31300000,31300000,31300000,0,317791,1,313,31300000,31300000,31300000,0,0,1,313,31300000,31300000,31300000,0,1.0,0.527498,0.65,1.0,0.527498,0.65,1.0,0.527498,0.65,313,31600000,False,1.0,5000.0,300.0,500.0,600000000000.0,100000000000.0,,312
1,corrupt_flow,thermal_loop,315,controller_tick,31400000,31.4,1,0,31400000,314,31400000,RUNNING,,0,0,62,1,0,reconstructed_from_retained_wire,True,,,317.7911494149881,301.1244839383072,293.1499988269444,0.5274980000000011,0.65,157000.0000000001,156999.9847567062,0.00014999991971397566,18825.423634720464,-1.3410499377641827e-08,0.00015,301.124,293.15,317.791,0.0,150000,1,314,31400000,31400000,31400000,0,301124,1,314,31400000,31400000,31400000,0,293150,1,314,31400000,31400000,31400000,0,317791,1,314,31400000,31400000,31400000,0,0,1,314,31400000,31400000,31400000,0,1.0,0.527498,0.65,1.0,0.527498,0.65,1.0,0.527498,0.65,314,31700000,False,1.0,5000.0,300.0,500.0,600000000000.0,100000000000.0,,313
1,corrupt_flow,thermal_loop,316,controller_tick,31500000,31.5,1,0,31500000,315,31500000,RUNNING,,0,0,62,1,0,reconstructed_from_retained_wire,True,,,317.7911494185555,301.12448394015234,293.1499988275456,0.5274980000000011,0.65,157500.0000000001,157499.98469806844,0.00014999991971397566,18825.423634720464,-1.3279532140586525e-08,0.00015,301.124,293.15,317.791,0.0,150000,1,315,31500000,31500000,31500000,0,301124,1,315,31500000,31500000,31500000,0,293150,1,315,31500000,31500000,31500000,0,317791,1,315,31500000,31500000,31500000,0,0,1,315,31500000,31500000,31500000,0,1.0,0.527498,0.65,1.0,0.527498,0.65,1.0,0.527498,0.65,315,31800000,False,1.0,5000.0,300.0,500.0,600000000000.0,100000000000.0,,314
1,corrupt_flow,thermal_loop,317,controller_tick,31600000,31.6,1,0,31600000,316,31600000,RUNNING,,0,0,62,1,0,reconstructed_from_retained_wire,True,,,317.79114942211777,301.1244839419943,293.14999882815056,0.5274980000000011,0.65,158000.0000000001,157999.98463946083,0.00014999991971397566,18825.423634720464,-1.3009184840484522e-08,0.00015,301.124,293.15,317.791,0.0,150000,1,316,31600000,31600000,31600000,0,301124,1,316,31600000,31600000,31600000,0,293150,1,316,31600000,31600000,31600000,0,317791,1,316,31600000,31600000,31600000,0,0,1,316,31600000,31600000,31600000,0,1.0,0.527498,0.65,1.0,0.527498,0.65,1.0,0.527498,0.65,316,31900000,False,1.0,5000.0,300.0,500.0,600000000000.0,100000000000.0,,315
1,corrupt_flow,thermal_loop,318,controller_tick,31700000,31.7,1,0,31700000,317,31700000,RUNNING,,0,0,62,1,0,reconstructed_from_retained_wire,True,,,317.7911494256748,301.1244839438332,293.1499988287593,0.5274980000000011,0.65,158500.0000000001,158499.98458088358,0.00014999991971397566,18825.423634720464,-1.3294993550516665e-08,0.00015,301.124,293.15,317.791,0.0,150000,1,317,31700000,31700000,31700000,0,301124,1,317,31700000,31700000,31700000,0,293150,1,317,31700000,31700000,31700000,0,317791,1,317,31700000,31700000,31700000,0,0,1,317,31700000,31700000,31700000,0,1.0,0.527498,0.65,1.0,0.527498,0.65,1.0,0.527498,0.65,317,32000000,False,1.0,5000.0,300.0,500.0,600000000000.0,100000000000.0,,316
1,corrupt_flow,thermal_loop,319,controller_tick,31800000,31.8,1,0,31800000,318,31800000,RUNNING,,0,0,62,1,0,reconstructed_from_retained_wire,True,,,317.7911494292267,301.124483945669,293.1499988293718,0.5274980000000011,0.65,159000.0000000001,158999.98452233683,0.00014999991971397566,18825.423634720464,-1.2854570741183124e-08,0.00015,301.124,293.15,317.791,0.0,150000,1,318,31800000,31800000,31800000,0,301124,1,318,31800000,31800000,31800000,0,293150,1,318,31800000,31800000,31800000,0,317791,1,318,31800000,31800000,31800000,0,0,1,318,31800000,31800000,31800000,0,1.0,0.527498,0.65,1.0,0.527498,0.65,1.0,0.527498,0.65,318,32100000,False,1.0,5000.0,300.0,500.0,600000000000.0,100000000000.0,,317
1,corrupt_flow,thermal_loop,320,controller_tick,31900000,31.9,1,0,31900000,319,31900000,RUNNING,,0,0,62,1,0,reconstructed_from_retained_wire,True,,,317.7911494327735,301.12448394750186,293.14999882998785,0.5274980000000011,0.65,159500.0000000001,159499.98446382082,0.00014999991971397566,18825.423634720464,-1.2643113223020919e-08,0.00015,301.124,293.15,317.791,0.0,150000,1,319,31900000,31900000,31900000,0,301124,1,319,31900000,31900000,31900000,0,293150,1,319,31900000,31900000,31900000,0,317791,1,319,31900000,31900000,31900000,0,0,1,319,31900000,31900000,31900000,0,1.0,0.527498,0.65,1.0,0.527498,0.65,1.0,0.527498,0.65,319,32200000,False,1.0,5000.0,300.0,500.0,600000000000.0,100000000000.0,,318
1,corrupt_flow,thermal_loop,321,controller_tick,32000000,32.0,1,0,32000000,320,32000000,RUNNING,,0,0,62,1,0,reconstructed_from_retained_wire,True,,,317.7911494363151,301.12448394933176,293.14999883060756,0.5274980000000011,0.65,160000.0000000001,159999.98440533568,0.00014999991971397566,18825.423634720464,-1.2939153748448007e-08,0.00015,301.124,293.15,317.791,0.0,150000,1,320,32000000,32000000,32000000,0,301124,1,320,32000000,32000000,32000000,0,293150,1,320,32000000,32000000,32000000,0,317791,1,320,32000000,32000000,32000000,0,0,1,320,32000000,32000000,32000000,0,1.0,0.527498,0.65,1.0,0.527498,0.65,1.0,0.527498,0.65,320,32300000,False,1.0,5000.0,300.0,500.0,600000000000.0,100000000000.0,,319
1,corrupt_flow,thermal_loop,322,controller_tick,32100000,32.1,1,0,32100000,321,32100000,RUNNING,,0,0,62,1,0,reconstructed_from_retained_wire,True,,,317.79114943985155,301.12448395115877,293.14999883123085,0.5274980000000011,0.65,160500.00000000012,160499.98434688165,0.00014999991971397566,18825.423634720464,-1.263970261788927e-08,0.00015,301.124,293.15,317.791,0.0,150000,1,321,32100000,32100000,32100000,0,301124,1,321,32100000,32100000,32100000,0,293150,1,321,32100000,32100000,32100000,0,317791,1,321,32100000,32100000,32100000,0,0,1,321,32100000,32100000,32100000,0,1.0,0.527498,0.65,1.0,0.527498,0.65,1.0,0.527498,0.65,321,32400000,False,1.0,5000.0,300.0,500.0,600000000000.0,100000000000.0,,320
1,corrupt_flow,thermal_loop,323,controller_tick,32200000,32.2,1,0,32200000,322,32200000,RUNNING,,0,0,62,1,0,reconstructed_from_retained_wire,True,,,317.7911494433829,301.12448395298287,293.14999883185754,0.5274980000000011,0.65,161000.00000000015,160999.98428845886,0.00014999991971397566,18825.423634720464,-1.3737690096604638e-08,0.00015,301.124,293.15,317.791,0.0,150000,1,322,32200000,32200000,32200000,0,301124,1,322,32200000,32200000,32200000,0,293150,1,322,32200000,32200000,32200000,0,317791,1,322,32200000,32200000,32200000,0,0,1,322,32200000,32200000,32200000,0,1.0,0.527498,0.65,1.0,0.527498,0.65,1.0,0.527498,0.65,322,32500000,False,1.0,5000.0,300.0,500.0,600000000000.0,100000000000.0,,321
1,corrupt_flow,thermal_loop,324,controller_tick,32300000,32.3,1,0,32300000,323,32300000,RUNNING,,0,0,62,1,0,reconstructed_from_retained_wire,True,,,317.7911494469091,301.12448395480413,293.14999883248777,0.5274980000000011,0.65,161500.00000000017,161499.9842300675,0.00014999991971397566,18825.423634720464,-1.4128545444691554e-08,0.00015,301.124,293.15,317.791,0.0,150000,1,323,32300000,32300000,32300000,0,301124,1,323,32300000,32300000,32300000,0,293150,1,323,32300000,32300000,32300000,0,317791,1,323,32300000,32300000,32300000,0,0,1,323,32300000,32300000,32300000,0,1.0,0.527498,0.65,1.0,0.527498,0.65,1.0,0.527498,0.65,323,32600000,False,1.0,5000.0,300.0,500.0,600000000000.0,100000000000.0,,322
1,corrupt_flow,thermal_loop,325,controller_tick,32400000,32.4,1,0,32400000,324,32400000,RUNNING,,0,0,62,1,0,reconstructed_from_retained_wire,True,,,317.7911494504302,301.1244839566226,293.1499988331214,0.5274980000000011,0.65,162000.0000000002,161999.9841717077,0.00014999991971397566,18825.423634720464,-1.461717147321906e-08,0.00015,301.124,293.15,317.791,0.0,150000,1,324,32400000,32400000,32400000,0,301124,1,324,32400000,32400000,32400000,0,293150,1,324,32400000,32400000,32400000,0,317791,1,324,32400000,32400000,32400000,0,0,1,324,32400000,32400000,32400000,0,1.0,0.527498,0.65,1.0,0.527498,0.65,1.0,0.527498,0.65,324,32700000,False,1.0,5000.0,300.0,500.0,600000000000.0,100000000000.0,,323
1,corrupt_flow,thermal_loop,326,controller_tick,32500000,32.5,1,0,32500000,325,32500000,RUNNING,,0,0,62,1,0,reconstructed_from_retained_wire,True,,,317.7911494539463,301.12448395843836,293.14999883375845,0.5274980000000011,0.65,162500.0000000002,162499.9841133797,0.00014999991971397566,18825.423634720464,-1.392709236824885e-08,0.00015,301.124,293.15,317.791,0.0,150000,1,325,32500000,32500000,32500000,0,301124,1,325,32500000,32500000,32500000,0,293150,1,325,32500000,32500000,32500000,0,317791,1,325,32500000,32500000,32500000,0,0,1,325,32500000,32500000,32500000,0,1.0,0.527498,0.65,1.0,0.527498,0.65,1.0,0.527498,0.65,325,32800000,False,1.0,5000.0,300.0,500.0,600000000000.0,100000000000.0,,324
1,corrupt_flow,thermal_loop,327,controller_tick,32600000,32.6,1,0,32600000,326,32600000,RUNNING,,0,0,62,1,0,reconstructed_from_retained_wire,True,,,317.7911494574572,301.1244839602514,293.14999883439884,0.5274980000000011,0.65,163000.00000000023,162999.98405508362,0.00014999991971397566,18825.423634720464,-1.3252247299533337e-08,0.00015,301.124,293.15,317.791,0.0,150000,1,326,32600000,32600000,32600000,0,301124,1,326,32600000,32600000,32600000,0,293150,1,326,32600000,32600000,32600000,0,317791,1,326,32600000,32600000,32600000,0,0,1,326,32600000,32600000,32600000,0,1.0,0.527498,0.65,1.0,0.527498,0.65,1.0,0.527498,0.65,326,32900000,False,1.0,5000.0,300.0,500.0,600000000000.0,100000000000.0,,325
1,corrupt_flow,thermal_loop,328,controller_tick,32700000,32.7,1,0,32700000,327,32700000,RUNNING,,0,0,62,1,0,reconstructed_from_retained_wire,True,,,317.791149460963,301.12448396206173,293.1499988350425,0.5274980000000011,0.65,163500.00000000023,163499.98399681965,0.00014999991971397566,18825.423634720464,-1.3310227586771362e-08,0.00015,301.124,293.15,317.791,0.0,150000,1,327,32700000,32700000,32700000,0,301124,1,327,32700000,32700000,32700000,0,293150,1,327,32700000,32700000,32700000,0,317791,1,327,32700000,32700000,32700000,0,0,1,327,32700000,32700000,32700000,0,1.0,0.527498,0.65,1.0,0.527498,0.65,1.0,0.527498,0.65,327,33000000,False,1.0,5000.0,300.0,500.0,600000000000.0,100000000000.0,,326
1,corrupt_flow,thermal_loop,329,controller_tick,32800000,32.8,1,0,32800000,328,32800000,RUNNING,,0,0,62,1,0,reconstructed_from_retained_wire,True,,,317.7911494644638,301.1244839638694,293.14999883568936,0.5274980000000011,0.65,164000.00000000026,163999.98393858795,0.00014999991971397566,18825.423634720464,-1.3416183719527908e-08,0.00015,301.124,293.15,317.791,0.0,150000,1,328,32800000,32800000,32800000,0,301124,1,328,32800000,32800000,32800000,0,293150,1,328,32800000,32800000,32800000,0,317791,1,328,32800000,32800000,32800000,0,0,1,328,32800000,32800000,32800000,0,1.0,0.527498,0.65,1.0,0.527498,0.65,1.0,0.527498,0.65,328,33100000,False,1.0,5000.0,300.0,500.0,600000000000.0,100000000000.0,,327
1,corrupt_flow,thermal_loop,330,controller_tick,32900000,32.9,1,0,32900000,329,32900000,RUNNING,,0,0,62,1,0,reconstructed_from_retained_wire,True,,,317.7911494679594,301.1244839656745,293.1499988363394,0.5274980000000011,0.65,164500.0000000003,164499.98388038864,0.00014999991971397566,18825.423634720464,-1.4230636224965565e-08,0.00015,301.124,293.15,317.791,0.0,150000,1,329,32900000,32900000,32900000,0,301124,1,329,32900000,32900000,32900000,0,293150,1,329,32900000,32900000,32900000,0,317791,1,329,32900000,32900000,32900000,0,0,1,329,32900000,32900000,32900000,0,1.0,0.527498,0.65,1.0,0.527498,0.65,1.0,0.527498,0.65,329,33200000,False,1.0,5000.0,300.0,500.0,600000000000.0,100000000000.0,,328
1,corrupt_flow,thermal_loop,331,controller_tick,33000000,33.0,1,0,33000000,330,33000000,RUNNING,,0,0,62,1,0,reconstructed_from_retained_wire,True,,,317.79114947145,301.124483967477,293.14999883699267,0.5274980000000011,0.65,165000.00000000032,164999.98382222193,0.00014999991971397566,18825.423634720464,-1.4506213119602762e-08,0.00015,301.124,293.15,317.791,0.0,150000,1,330,33000000,33000000,33000000,0,301124,1,330,33000000,33000000,33000000,0,293150,1,330,33000000,33000000,33000000,0,317791,1,330,33000000,33000000,33000000,0,0,1,330,33000000,33000000,33000000,0,1.0,0.527498,0.65,1.0,0.527498,0.65,1.0,0.527498,0.65,330,33300000,False,1.0,5000.0,300.0,500.0,600000000000.0,100000000000.0,,329
1,corrupt_flow,thermal_loop,332,controller_tick,33100000,33.1,1,0,33100000,331,33100000,RUNNING,,0,0,62,1,0,reconstructed_from_retained_wire,True,,,317.7911494749356,301.12448396927687,293.1499988376491,0.5274980000000011,0.65,165500.00000000032,165499.98376408796,0.00014999991971397566,18825.423634720464,-1.3975068213767372e-08,0.00015,301.124,293.15,317.791,0.0,150000,1,331,33100000,33100000,33100000,0,301124,1,331,33100000,33100000,33100000,0,293150,1,331,33100000,33100000,33100000,0,317791,1,331,33100000,33100000,33100000,0,0,1,331,33100000,33100000,33100000,0,1.0,0.527498,0.65,1.0,0.527498,0.65,1.0,0.527498,0.65,331,33400000,False,1.0,5000.0,300.0,500.0,600000000000.0,100000000000.0,,330
1,corrupt_flow,thermal_loop,333,controller_tick,33200000,33.2,1,0,33200000,332,33200000,RUNNING,,0,0,62,1,0,reconstructed_from_retained_wire,True,,,317.7911494784161,301.1244839710743,293.1499988383086,0.5274980000000011,0.65,166000.00000000035,165999.9837059869,0.00014999991971397566,18825.423634720464,-1.308922037424054e-08,0.00015,301.124,293.15,317.791,0.0,150000,1,332,33200000,33200000,33200000,0,301124,1,332,33200000,33200000,33200000,0,293150,1,332,33200000,33200000,33200000,0,317791,1,332,33200000,33200000,33200000,0,0,1,332,33200000,33200000,33200000,0,1.0,0.527498,0.65,1.0,0.527498,0.65,1.0,0.527498,0.65,332,33500000,False,1.0,5000.0,300.0,500.0,600000000000.0,100000000000.0,,331
1,corrupt_flow,thermal_loop,334,controller_tick,33300000,33.3,1,0,33300000,333,33300000,RUNNING,,0,0,62,1,0,reconstructed_from_retained_wire,True,,,317.7911494818915,301.12448397286926,293.1499988389711,0.5274980000000011,0.65,166500.00000000035,166499.98364791888,0.00014999991971397566,18825.423634720464,-1.3430508261080831e-08,0.00015,301.124,293.15,317.791,0.0,150000,1,333,33300000,33300000,33300000,0,301124,1,333,33300000,33300000,33300000,0,293150,1,333,33300000,33300000,33300000,0,317791,1,333,33300000,33300000,33300000,0,0,1,333,33300000,33300000,33300000,0,1.0,0.527498,0.65,1.0,0.527498,0.65,1.0,0.527498,0.65,333,33600000,False,1.0,5000.0,300.0,500.0,600000000000.0,100000000000.0,,332
1,corrupt_flow,thermal_loop,335,controller_tick,33400000,33.4,1,0,33400000,334,33400000,RUNNING,,0,0,62,1,0,reconstructed_from_retained_wire,True,,,317.7911494853619,301.1244839746618,293.14999883963657,0.5274980000000011,0.65,167000.00000000038,166999.98358988407,0.00014999991971397566,18825.423634720464,-1.3508042684406973e-08,0.00015,301.124,293.15,317.791,0.0,150000,1,334,33400000,33400000,33400000,0,301124,1,334,33400000,33400000,33400000,0,293150,1,334,33400000,33400000,33400000,0,317791,1,334,33400000,33400000,33400000,0,0,1,334,33400000,33400000,33400000,0,1.0,0.527498,0.65,1.0,0.527498,0.65,1.0,0.527498,0.65,334,33700000,False,1.0,5000.0,300.0,500.0,600000000000.0,100000000000.0,,333
1,corrupt_flow,thermal_loop,336,controller_tick,33500000,33.5,1,0,33500000,335,33500000,RUNNING,,0,0,62,1,0,reconstructed_from_retained_wire,True,,,317.7911494888273,301.12448397645187,293.14999884030505,0.5274980000000011,0.65,167500.0000000004,167499.9835318826,0.00014999991971397566,18825.423634720464,-1.3953240340924822e-08,0.00015,301.124,293.15,317.791,0.0,150000,1,335,33500000,33500000,33500000,0,301124,1,335,33500000,33500000,33500000,0,293150,1,335,33500000,33500000,33500000,0,317791,1,335,33500000,33500000,33500000,0,0,1,335,33500000,33500000,33500000,0,1.0,0.527498,0.65,1.0,0.527498,0.65,1.0,0.527498,0.65,335,33800000,False,1.0,5000.0,300.0,500.0,600000000000.0,100000000000.0,,334
1,corrupt_flow,thermal_loop,337,controller_tick,33600000,33.6,1,0,33600000,336,33600000,RUNNING,,0,0,62,1,0,reconstructed_from_retained_wire,True,,,317.7911494922877,301.12448397823954,293.14999884097637,0.5274980000000011,0.65,168000.0000000004,167999.98347391462,0.00014999991971397566,18825.423634720464,-1.4671741155325435e-08,0.00015,301.124,293.15,317.791,0.0,150000,1,336,33600000,33600000,33600000,0,301124,1,336,33600000,33600000,33600000,0,293150,1,336,33600000,33600000,33600000,0,317791,1,336,33600000,33600000,33600000,0,0,1,336,33600000,33600000,33600000,0,1.0,0.527498,0.65,1.0,0.527498,0.65,1.0,0.527498,0.65,336,33900000,False,1.0,5000.0,300.0,500.0,600000000000.0,100000000000.0,,335
1,corrupt_flow,thermal_loop,338,controller_tick,33700000,33.7,1,0,33700000,337,33700000,RUNNING,,0,0,62,1,0,reconstructed_from_retained_wire,True,,,317.79114949574307,301.1244839800249,293.14999884165064,0.5274980000000011,0.65,168500.00000000044,168499.98341598027,0.00014999991971397566,18825.423634720464,-1.4214720067684539e-08,0.00015,301.124,293.15,317.791,0.0,150000,1,337,33700000,33700000,33700000,0,301124,1,337,33700000,33700000,33700000,0,293150,1,337,33700000,33700000,33700000,0,317791,1,337,33700000,33700000,33700000,0,0,1,337,33700000,33700000,33700000,0,1.0,0.527498,0.65,1.0,0.527498,0.65,1.0,0.527498,0.65,337,34000000,False,1.0,5000.0,300.0,500.0,600000000000.0,100000000000.0,,336
1,corrupt_flow,thermal_loop,339,controller_tick,33800000,33.8,1,0,33800000,338,33800000,RUNNING,,0,0,62,1,0,reconstructed_from_retained_wire,True,,,317.79114949919347,301.1244839818079,293.14999884232776,0.5274980000000011,0.65,169000.00000000044,168999.9833580797,0.00014999991971397566,18825.423634720464,-1.3804083209834062e-08,0.00015,301.124,293.15,317.791,0.0,150000,1,338,33800000,33800000,33800000,0,301124,1,338,33800000,33800000,33800000,0,293150,1,338,33800000,33800000,33800000,0,317791,1,338,33800000,33800000,33800000,0,0,1,338,33800000,33800000,33800000,0,1.0,0.527498,0.65,1.0,0.527498,0.65,1.0,0.527498,0.65,338,34100000,False,1.0,5000.0,300.0,500.0,600000000000.0,100000000000.0,,337
1,corrupt_flow,thermal_loop,340,controller_tick,33900000,33.9,1,0,33900000,339,33900000,RUNNING,,0,0,62,1,0,reconstructed_from_retained_wire,True,,,317.79114950263886,301.1244839835886,293.1499988430077,0.5274980000000011,0.65,169500.00000000044,169499.98330021312,0.00014999991971397566,18825.423634720464,-1.281910044781398e-08,0.00015,301.124,293.15,317.791,0.0,150000,1,339,33900000,33900000,33900000,0,301124,1,339,33900000,33900000,33900000,0,293150,1,339,33900000,33900000,33900000,0,317791,1,339,33900000,33900000,33900000,0,0,1,339,33900000,33900000,33900000,0,1.0,0.527498,0.65,1.0,0.527498,0.65,1.0,0.527498,0.65,339,34200000,False,1.0,5000.0,300.0,500.0,600000000000.0,100000000000.0,,338
1,corrupt_flow,thermal_loop,341,controller_tick,34000000,34.0,1,0,34000000,340,34000000,RUNNING,,0,0,62,1,0,reconstructed_from_retained_wire,True,,,317.79114950607925,301.124483985367,293.1499988436904,0.5274980000000011,0.65,170000.00000000044,169999.98324238055,0.00014999991971397566,18825.423634720464,-1.3102408047416247e-08,0.00015,301.124,293.15,317.791,0.0,150000,1,340,34000000,34000000,34000000,0,301124,1,340,34000000,34000000,34000000,0,293150,1,340,34000000,34000000,34000000,0,317791,1,340,34000000,34000000,34000000,0,0,1,340,34000000,34000000,34000000,0,1.0,0.527498,0.65,1.0,0.527498,0.65,1.0,0.527498,0.65,340,34300000,False,1.0,5000.0,300.0,500.0,600000000000.0,100000000000.0,,339
1,corrupt_flow,thermal_loop,342,controller_tick,34100000,34.1,1,0,34100000,341,34100000,RUNNING,,0,0,62,1,0,reconstructed_from_retained_wire,True,,,317.79114950951464,301.12448398714315,293.14999884437583,0.5274980000000011,0.65,170500.00000000044,170499.9831845822,0.00014999991971397566,18825.423634720464,-1.3975068213767372e-08,0.00015,301.124,293.15,317.791,0.0,150000,1,341,34100000,34100000,34100000,0,301124,1,341,34100000,34100000,34100000,0,293150,1,341,34100000,34100000,34100000,0,317791,1,341,34100000,34100000,34100000,0,0,1,341,34100000,34100000,34100000,0,1.0,0.527498,0.65,1.0,0.527498,0.65,1.0,0.527498,0.65,341,34400000,False,1.0,5000.0,300.0,500.0,600000000000.0,100000000000.0,,340
1,corrupt_flow,thermal_loop,343,controller_tick,34200000,34.2,1,0,34200000,342,34200000,RUNNING,,0,0,62,1,0,reconstructed_from_retained_wire,True,,,317.791149512945,301.1244839889172,293.149998845064,0.5274980000000011,0.65,171000.00000000047,170999.98312681823,0.00014999991971397566,18825.423634720464,-1.3895032680011354e-08,0.00015,301.124,293.15,317.791,0.0,150000,1,342,34200000,34200000,34200000,0,301124,1,342,34200000,34200000,34200000,0,293150,1,342,34200000,34200000,34200000,0,317791,1,342,34200000,34200000,34200000,0,0,1,342,34200000,34200000,34200000,0,1.0,0.527498,0.65,1.0,0.527498,0.65,1.0,0.527498,0.65,342,34500000,False,1.0,5000.0,300.0,500.0,600000000000.0,100000000000.0,,341
1,corrupt_flow,thermal_loop,344,controller_tick,34300000,34.3,1,0,34300000,343,34300000,RUNNING,,0,0,62,1,0,reconstructed_from_retained_wire,True,,,317.7911495163704,301.12448399068904,293.1499988457548,0.5274980000000011,0.65,171500.00000000047,171499.9830690887,0.00014999991971397566,18825.423634720464,-1.3933913578512147e-08,0.00015,301.124,293.15,317.791,0.0,150000,1,343,34300000,34300000,34300000,0,301124,1,343,34300000,34300000,34300000,0,293150,1,343,34300000,34300000,34300000,0,317791,1,343,34300000,34300000,34300000,0,0,1,343,34300000,34300000,34300000,0,1.0,0.527498,0.65,1.0,0.527498,0.65,1.0,0.527498,0.65,343,34600000,False,1.0,5000.0,300.0,500.0,600000000000.0,100000000000.0,,342
1,corrupt_flow,thermal_loop,345,controller_tick,34400000,34.4,1,0,34400000,344,34400000,RUNNING,,0,0,62,1,0,reconstructed_from_retained_wire,True,,,317.7911495197909,301.1244839924587,293.1499988464482,0.5274980000000011,0.65,172000.0000000005,171999.98301139375,0.00014999991971397566,18825.423634720464,-1.4026454664417543e-08,0.00015,301.124,293.15,317.791,0.0,150000,1,344,34400000,34400000,34400000,0,301124,1,344,34400000,34400000,34400000,0,293150,1,344,34400000,34400000,34400000,0,317791,1,344,34400000,34400000,34400000,0,0,1,344,34400000,34400000,34400000,0,1.0,0.527498,0.65,1.0,0.527498,0.65,1.0,0.527498,0.65,344,34700000,False,1.0,5000.0,300.0,500.0,600000000000.0,100000000000.0,,343
1,corrupt_flow,thermal_loop,346,controller_tick,34500000,34.5,1,0,34500000,345,34500000,RUNNING,,0,0,62,1,0,reconstructed_from_retained_wire,True,,,317.7911495232064,301.1244839942262,293.1499988471443,0.5274980000000011,0.65,172500.00000000052,172499.98295373353,0.00014999991971397566,18825.423634720464,-1.4688794180983678e-08,0.00015,301.124,293.15,317.791,0.0,150000,1,345,34500000,34500000,34500000,0,301124,1,345,34500000,34500000,34500000,0,293150,1,345,34500000,34500000,34500000,0,317791,1,345,34500000,34500000,34500000,0,0,1,345,34500000,34500000,34500000,0,1.0,0.527498,0.65,1.0,0.527498,0.65,1.0,0.527498,0.65,345,34800000,False,1.0,5000.0,300.0,500.0,600000000000.0,100000000000.0,,344
1,corrupt_flow,thermal_loop,347,controller_tick,34600000,34.6,1,0,34600000,346,34600000,RUNNING,,0,0,62,1,0,reconstructed_from_retained_wire,True,,,317.791149526617,301.1244839959916,293.14999884784294,0.5274980000000011,0.65,173000.00000000055,172999.9828961082,0.00014999991971397566,18825.423634720464,-1.365901880490128e-08,0.00015,301.124,293.15,317.791,0.0,150000,1,346,34600000,34600000,34600000,0,301124,1,346,34600000,34600000,34600000,0,293150,1,346,34600000,34600000,34600000,0,317791,1,346,34600000,34600000,34600000,0,0,1,346,34600000,34600000,34600000,0,1.0,0.527498,0.65,1.0,0.527498,0.65,1.0,0.527498,0.65,346,34900000,False,1.0,5000.0,300.0,500.0,600000000000.0,100000000000.0,,345
1,corrupt_flow,thermal_loop,348,controller_tick,34700000,34.7,1,0,34700000,347,34700000,RUNNING,,0,0,62,1,0,reconstructed_from_retained_wire,True,,,317.79114953002266,301.1244839977549,293.1499988485441,0.5274980000000011,0.65,173500.00000000058,173499.98283851787,0.00014999991971397566,18825.423634720464,-1.3794306141790003e-08,0.00015,301.124,293.15,317.791,0.0,150000,1,347,34700000,34700000,34700000,0,301124,1,347,34700000,34700000,34700000,0,293150,1,347,34700000,34700000,34700000,0,317791,1,347,34700000,34700000,34700000,0,0,1,347,34700000,34700000,34700000,0,1.0,0.527498,0.65,1.0,0.527498,0.65,1.0,0.527498,0.65,347,35000000,False,1.0,5000.0,300.0,500.0,600000000000.0,100000000000.0,,346
1,corrupt_flow,thermal_loop,349,controller_tick,34800000,34.8,1,0,34800000,348,34800000,RUNNING,,0,0,62,1,0,reconstructed_from_retained_wire,True,,,317.7911495334234,301.12448399951614,293.14999884924777,0.5274980000000011,0.65,174000.00000000058,173999.98278096266,0.00014999991971397566,18825.423634720464,-1.3969611245556735e-08,0.00015,301.124,293.15,317.791,0.0,150000,1,348,34800000,34800000,34800000,0,301124,1,348,34800000,34800000,34800000,0,293150,1,348,34800000,34800000,34800000,0,317791,1,348,34800000,34800000,34800000,0,0,1,348,34800000,34800000,34800000,0,1.0,0.527498,0.65,1.0,0.527498,0.65,1.0,0.527498,0.65,348,35100000,False,1.0,5000.0,300.0,500.0,600000000000.0,100000000000.0,,347
1,corrupt_flow,thermal_loop,350,controller_tick,34900000,34.9,1,0,34900000,349,34900000,RUNNING,,0,0,62,1,0,reconstructed_from_retained_wire,True,,,317.7911495368192,301.1244840012754,293.1499988499539,0.5274980000000011,0.65,174500.0000000006,174499.9827234427,0.00014999991971397566,18825.423634720464,-1.3795897757518105e-08,0.00015,301.124,293.15,317.791,0.0,150000,1,349,34900000,34900000,34900000,0,301124,1,349,34900000,34900000,34900000,0,293150,1,349,34900000,34900000,34900000,0,317791,1,349,34900000,34900000,34900000,0,0,1,349,34900000,34900000,34900000,0,1.0,0.527498,0.65,1.0,0.527498,0.65,1.0,0.527498,0.65,349,35200000,False,1.0,5000.0,300.0,500.0,600000000000.0,100000000000.0,,348
1,corrupt_flow,thermal_loop,351,controller_tick,35000000,35.0,1,0,35000000,350,35000000,RUNNING,,0,0,62,1,0,reconstructed_from_retained_wire,True,,,317.79114954021014,301.1244840030326,293.1499988506624,0.5274980000000011,0.65,175000.00000000064,174999.9826659581,0.00014999991971397566,18825.423634720464,-1.3602857507066801e-08,0.00015,301.124,293.15,317.791,0.0,150000,1,350,35000000,35000000,35000000,0,301124,1,350,35000000,35000000,35000000,0,293150,1,350,35000000,35000000,35000000,0,317791,1,350,35000000,35000000,35000000,0,0,1,350,35000000,35000000,35000000,0,1.0,0.527498,0.65,1.0,0.527498,0.65,1.0,0.527498,0.65,350,35300000,False,1.0,5000.0,300.0,500.0,600000000000.0,100000000000.0,,349
1,corrupt_flow,thermal_loop,352,controller_tick,35100000,35.1,1,0,35100000,351,35100000,RUNNING,,0,0,62,1,0,reconstructed_from_retained_wire,True,,,317.7911495435962,301.1244840047878,293.1499988513734,0.5274980000000011,0.65,175500.00000000064,175499.982608509,0.00014999991971397566,18825.423634720464,-1.2740656529786065e-08,0.00015,301.124,293.15,317.791,0.0,150000,1,351,35100000,35100000,35100000,0,301124,1,351,35100000,35100000,35100000,0,293150,1,351,35100000,35100000,35100000,0,317791,1,351,35100000,35100000,35100000,0,0,1,351,35100000,35100000,35100000,0,1.0,0.527498,0.65,1.0,0.527498,0.65,1.0,0.527498,0.65,351,35400000,False,1.0,5000.0,300.0,500.0,600000000000.0,100000000000.0,,350
1,corrupt_flow,thermal_loop,353,controller_tick,35200000,35.2,1,0,35200000,352,35200000,RUNNING,,0,0,62,1,0,reconstructed_from_retained_wire,True,,,317.79114954697735,301.1244840065411,293.14999885208675,0.5274980000000011,0.65,176000.00000000064,175999.98255109548,0.00014999991971397566,18825.423634720464,-1.210150912811514e-08,0.00015,301.124,293.15,317.791,0.0,150000,1,352,35200000,35200000,35200000,0,301124,1,352,35200000,35200000,35200000,0,293150,1,352,35200000,35200000,35200000,0,317791,1,352,35200000,35200000,35200000,0,0,1,352,35200000,35200000,35200000,0,1.0,0.527498,0.65,1.0,0.527498,0.65,1.0,0.527498,0.65,352,35500000,False,1.0,5000.0,300.0,500.0,600000000000.0,100000000000.0,,351
1,corrupt_flow,thermal_loop,354,controller_tick,35300000,35.3,1,0,35300000,353,35300000,RUNNING,,0,0,62,1,0,reconstructed_from_retained_wire,True,,,317.7911495503536,301.1244840082924,293.14999885280236,0.5274980000000011,0.65,176500.00000000067,176499.9824937177,0.00014999991971397566,18825.423634720464,-1.2310920283198357e-08,0.00015,301.124,293.15,317.791,0.0,150000,1,353,35300000,35300000,35300000,0,301124,1,353,35300000,35300000,35300000,0,293150,1,353,35300000,35300000,35300000,0,317791,1,353,35300000,35300000,35300000,0,0,1,353,35300000,35300000,35300000,0,1.0,0.527498,0.65,1.0,0.527498,0.65,1.0,0.527498,0.65,353,35600000,False,1.0,5000.0,300.0,500.0,600000000000.0,100000000000.0,,352
1,corrupt_flow,thermal_loop,355,controller_tick,35400000,35.4,1,0,35400000,354,35400000,RUNNING,,0,0,62,1,0,reconstructed_from_retained_wire,True,,,317.791149553725,301.1244840100418,293.14999885352034,0.5274980000000011,0.65,177000.00000000067,176999.98243637575,0.00014999991971397566,18825.423634720464,-1.221474121848587e-08,0.00015,301.124,293.15,317.791,0.0,150000,1,354,35400000,35400000,35400000,0,301124,1,354,35400000,35400000,35400000,0,293150,1,354,35400000,35400000,35400000,0,317791,1,354,35400000,35400000,35400000,0,0,1,354,35400000,35400000,35400000,0,1.0,0.527498,0.65,1.0,0.527498,0.65,1.0,0.527498,0.65,354,35700000,False,1.0,5000.0,300.0,500.0,600000000000.0,100000000000.0,,353
1,corrupt_flow,thermal_loop,356,controller_tick,35500000,35.5,1,0,35500000,355,35500000,RUNNING,,0,0,62,1,0,reconstructed_from_retained_wire,True,,,317.7911495570915,301.1244840117892,293.1499988542406,0.5274980000000011,0.65,177500.00000000067,177499.98237906976,0.00014999991971397566,18825.423634720464,-1.2705186236416921e-08,0.00015,301.124,293.15,317.791,0.0,150000,1,355,35500000,35500000,35500000,0,301124,1,355,35500000,35500000,35500000,0,293150,1,355,35500000,35500000,35500000,0,317791,1,355,35500000,35500000,35500000,0,0,1,355,35500000,35500000,35500000,0,1.0,0.527498,0.65,1.0,0.527498,0.65,1.0,0.527498,0.65,355,35800000,False,1.0,5000.0,300.0,500.0,600000000000.0,100000000000.0,,354
1,corrupt_flow,thermal_loop,357,controller_tick,35600000,35.6,1,0,35600000,356,35600000,RUNNING,,0,0,62,1,0,reconstructed_from_retained_wire,True,,,317.7911495604532,301.1244840135348,293.1499988549631,0.5274980000000011,0.65,178000.0000000007,177999.98232179985,0.00014999991971397566,18825.423634720464,-1.2291366147110239e-08,0.00015,301.124,293.15,317.791,0.0,150000,1,356,35600000,35600000,35600000,0,301124,1,356,35600000,35600000,35600000,0,293150,1,356,35600000,35600000,35600000,0,317791,1,356,35600000,35600000,35600000,0,0,1,356,35600000,35600000,35600000,0,1.0,0.527498,0.65,1.0,0.527498,0.65,1.0,0.527498,0.65,356,35900000,False,1.0,5000.0,300.0,500.0,600000000000.0,100000000000.0,,355
1,corrupt_flow,thermal_loop,358,controller_tick,35700000,35.7,1,0,35700000,357,35700000,RUNNING,,0,0,62,1,0,reconstructed_from_retained_wire,True,,,317.79114956381005,301.12448401527854,293.1499988556878,0.5274980000000011,0.65,178500.00000000073,178499.98226456612,0.00014999991971397566,18825.423634720464,-1.2468944987631403e-08,0.00015,301.124,293.15,317.791,0.0,150000,1,357,35700000,35700000,35700000,0,301124,1,357,35700000,35700000,35700000,0,293150,1,357,35700000,35700000,35700000,0,317791,1,357,35700000,35700000,35700000,0,0,1,357,35700000,35700000,35700000,0,1.0,0.527498,0.65,1.0,0.527498,0.65,1.0,0.527498,0.65,357,36000000,False,1.0,5000.0,300.0,500.0,600000000000.0,100000000000.0,,356
1,corrupt_flow,thermal_loop,359,controller_tick,35800000,35.8,1,0,35800000,358,35800000,RUNNING,,0,0,62,1,0,reconstructed_from_retained_wire,True,,,317.79114956716205,301.1244840170204,293.14999885641464,0.5274980000000011,0.65,179000.00000000076,178999.98220736868,0.00014999991971397566,18825.423634720464,-1.3265889720059931e-08,0.00015,301.124,293.15,317.791,0.0,150000,1,358,35800000,35800000,35800000,0,301124,1,358,35800000,35800000,35800000,0,293150,1,358,35800000,35800000,35800000,0,317791,1,358,35800000,35800000,35800000,0,0,1,358,35800000,35800000,35800000,0,1.0,0.527498,0.65,1.0,0.527498,0.65,1.0,0.527498,0.65,358,36100000,False,1.0,5000.0,300.0,500.0,600000000000.0,100000000000.0,,357
1,corrupt_flow,thermal_loop,360,controller_tick,35900000,35.9,1,0,35900000,359,35900000,RUNNING,,0,0,62,1,0,reconstructed_from_retained_wire,True,,,317.7911495705092,301.1244840187605,293.1499988571437,0.5274980000000011,0.65,179500.0000000008,179499.98215020762,0.00014999991971397566,18825.423634720464,-1.293165041715838e-08,0.00015,301.124,293.15,317.791,0.0,150000,1,359,35900000,35900000,35900000,0,301124,1,359,35900000,35900000,35900000,0,293150,1,359,35900000,35900000,35900000,0,317791,1,359,35900000,35900000,35900000,0,0,1,359,35900000,35900000,35900000,0,1.0,0.527498,0.65,1.0,0.527498,0.65,1.0,0.527498,0.65,359,36200000,False,1.0,5000.0,300.0,500.0,600000000000.0,100000000000.0,,358
1,corrupt_flow,thermal_loop,361,controller_tick,36000000,36.0,1,0,36000000,360,36000000,RUNNING,,0,0,62,1,0,reconstructed_from_retained_wire,True,,,317.79114957385156,301.1244840204987,293.1499988578749,0.5274980000000011,0.65,180000.0000000008,179999.9820930831,0.00014999991971397566,18825.423634720464,-1.3667659004568122e-08,0.00015,301.124,293.15,317.791,0.0,150000,1,360,36000000,36000000,36000000,0,301124,1,360,36000000,36000000,36000000,0,293150,1,360,36000000,36000000,36000000,0,317791,1,360,36000000,36000000,36000000,0,0,1,360,36000000,36000000,36000000,0,1.0,0.527498,0.65,1.0,0.527498,0.65,1.0,0.527498,0.65,360,36300000,False,1.0,5000.0,300.0,500.0,600000000000.0,100000000000.0,,359
1,corrupt_flow,thermal_loop,362,controller_tick,36100000,36.1,1,0,36100000,361,36100000,RUNNING,,0,0,62,1,0,reconstructed_from_retained_wire,True,,,317.79114957718906,301.12448402223515,293.14999885860817,0.5274980000000011,0.65,180500.00000000081,180499.98203599517,0.00014999991971397566,18825.423634720464,-1.4494389688479714e-08,0.00015,301.124,293.15,317.791,0.0,150000,1,361,36100000,36100000,36100000,0,301124,1,361,36100000,36100000,36100000,0,293150,1,361,36100000,36100000,36100000,0,317791,1,361,36100000,36100000,36100000,0,0,1,361,36100000,36100000,36100000,0,1.0,0.527498,0.65,1.0,0.527498,0.65,1.0,0.527498,0.65,361,36400000,False,1.0,5000.0,300.0,500.0,600000000000.0,100000000000.0,,360
1,corrupt_flow,thermal_loop,363,controller_tick,36200000,36.2,1,0,36200000,362,36200000,RUNNING,,0,0,62,1,0,reconstructed_from_retained_wire,True,,,317.7911495805218,301.1244840239699,293.1499988593436,0.5274980000000011,0.65,181000.00000000084,180999.98197894398,0.00014999991971397566,18825.423634720464,-1.350986167381052e-08,0.00015,301.124,293.15,317.791,0.0,150000,1,362,36200000,36200000,36200000,0,301124,1,362,36200000,36200000,36200000,0,293150,1,362,36200000,36200000,36200000,0,317791,1,362,36200000,36200000,36200000,0,0,1,362,36200000,36200000,36200000,0,1.0,0.527498,0.65,1.0,0.527498,0.65,1.0,0.527498,0.65,362,36500000,False,1.0,5000.0,300.0,500.0,600000000000.0,100000000000.0,,361
1,corrupt_flow,thermal_loop,364,controller_tick,36300000,36.3,1,0,36300000,363,36300000,RUNNING,,0,0,62,1,0,reconstructed_from_retained_wire,True,,,317.79114958384974,301.1244840257028,293.1499988600811,0.5274980000000011,0.65,181500.00000000087,181499.9819219296,0.00014999991971397566,18825.423634720464,-1.3002818377572112e-08,0.00015,301.124,293.15,317.791,0.0,150000,1,363,36300000,36300000,36300000,0,301124,1,363,36300000,36300000,36300000,0,293150,1,363,36300000,36300000,36300000,0,317791,1,363,36300000,36300000,36300000,0,0,1,363,36300000,36300000,36300000,0,1.0,0.527498,0.65,1.0,0.527498,0.65,1.0,0.527498,0.65,363,36600000,False,1.0,5000.0,300.0,500.0,600000000000.0,100000000000.0,,362
1,corrupt_flow,thermal_loop,365,controller_tick,36400000,36.4,1,0,36400000,364,36400000,RUNNING,,0,0,62,1,0,reconstructed_from_retained_wire,True,,,317.7911495871729,301.124484027434,293.1499988608206,0.5274980000000011,0.65,182000.00000000087,181999.98186495213,0.00014999991971397566,18825.423634720464,-1.3094449968775734e-08,0.00015,301.124,293.15,317.791,0.0,150000,1,364,36400000,36400000,36400000,0,301124,1,364,36400000,36400000,36400000,0,293150,1,364,36400000,36400000,36400000,0,317791,1,364,36400000,36400000,36400000,0,0,1,364,36400000,36400000,36400000,0,1.0,0.527498,0.65,1.0,0.527498,0.65,1.0,0.527498,0.65,364,36700000,False,1.0,5000.0,300.0,500.0,600000000000.0,100000000000.0,,363
1,corrupt_flow,thermal_loop,366,controller_tick,36500000,36.5,1,0,36500000,365,36500000,RUNNING,,0,0,62,1,0,reconstructed_from_retained_wire,True,,,317.79114959049133,301.12448402916345,293.14999886156204,0.5274980000000011,0.65,182500.0000000009,182499.9818080117,0.00014999991971397566,18825.423634720464,-1.322223397437483e-08,0.00015,301.124,293.15,317.791,0.0,150000,1,365,36500000,36500000,36500000,0,301124,1,365,36500000,36500000,36500000,0,293150,1,365,36500000,36500000,36500000,0,317791,1,365,36500000,36500000,36500000,0,0,1,365,36500000,36500000,36500000,0,1.0,0.527498,0.65,1.0,0.527498,0.65,1.0,0.527498,0.65,365,36800000,False,1.0,5000.0,300.0,500.0,600000000000.0,100000000000.0,,364
1,corrupt_flow,thermal_loop,367,controller_tick,36600000,36.6,1,0,36600000,366,36600000,RUNNING,,0,0,62,1,0,reconstructed_from_retained_wire,True,,,317.79114959380496,301.12448403089127,293.1499988623055,0.5274980000000011,0.65,183000.00000000093,182999.9817511084,0.00014999991971397566,18825.423634720464,-1.2823647921322845e-08,0.00015,301.124,293.15,317.791,0.0,150000,1,366,36600000,36600000,36600000,0,301124,1,366,36600000,36600000,36600000,0,293150,1,366,36600000,36600000,36600000,0,317791,1,366,36600000,36600000,36600000,0,0,1,366,36600000,36600000,36600000,0,1.0,0.527498,0.65,1.0,0.527498,0.65,1.0,0.527498,0.65,366,36900000,False,1.0,5000.0,300.0,500.0,600000000000.0,100000000000.0,,365
1,corrupt_flow,thermal_loop,368,controller_tick,36700000,36.7,1,0,36700000,367,36700000,RUNNING,,0,0,62,1,0,reconstructed_from_retained_wire,True,,,317.7911495971139,301.1244840326174,293.1499988630508,0.5274980000000011,0.65,183500.00000000096,183499.9816942423,0.00014999991971397566,18825.423634720464,-1.3114686225890182e-08,0.00015,301.124,293.15,317.791,0.0,150000,1,367,36700000,36700000,36700000,0,301124,1,367,36700000,36700000,36700000,0,293150,1,367,36700000,36700000,36700000,0,317791,1,367,36700000,36700000,36700000,0,0,1,367,36700000,36700000,36700000,0,1.0,0.527498,0.65,1.0,0.527498,0.65,1.0,0.527498,0.65,367,37000000,False,1.0,5000.0,300.0,500.0,600000000000.0,100000000000.0,,366
1,corrupt_flow,thermal_loop,369,controller_tick,36800000,36.8,1,0,36800000,368,36800000,RUNNING,,0,0,62,1,0,reconstructed_from_retained_wire,True,,,317.791149600418,301.12448403434183,293.1499988637981,0.5274980000000011,0.65,184000.000000001,183999.98163741353,0.00014999991971397566,18825.423634720464,-1.3388444131123833e-08,0.00015,301.124,293.15,317.791,0.0,150000,1,368,36800000,36800000,36800000,0,301124,1,368,36800000,36800000,36800000,0,293150,1,368,36800000,36800000,36800000,0,317791,1,368,36800000,36800000,36800000,0,0,1,368,36800000,36800000,36800000,0,1.0,0.527498,0.65,1.0,0.527498,0.65,1.0,0.527498,0.65,368,37100000,False,1.0,5000.0,300.0,500.0,600000000000.0,100000000000.0,,367
1,corrupt_flow,thermal_loop,370,controller_tick,36900000,36.9,1,0,36900000,369,36900000,RUNNING,,0,0,62,1,0,reconstructed_from_retained_wire,True,,,317.79114960371743,301.1244840360646,293.1499988645473,0.5274980000000011,0.65,184500.000000001,184499.98158062214,0.00014999991971397566,18825.423634720464,-1.3435283108265139e-08,0.00015,301.124,293.15,317.791,0.0,150000,1,369,36900000,36900000,36900000,0,301124,1,369,36900000,36900000,36900000,0,293150,1,369,36900000,36900000,36900000,0,317791,1,369,36900000,36900000,36900000,0,0,1,369,36900000,36900000,36900000,0,1.0,0.527498,0.65,1.0,0.527498,0.65,1.0,0.527498,0.65,369,37200000,False,1.0,5000.0,300.0,500.0,600000000000.0,100000000000.0,,368
1,corrupt_flow,thermal_loop,371,controller_tick,37000000,37.0,1,0,37000000,370,37000000,RUNNING,,0,0,62,1,0,reconstructed_from_retained_wire,True,,,317.7911496070121,301.12448403778575,293.1499988652983,0.5274980000000011,0.65,185000.00000000102,184999.9815238683,0.00014999991971397566,18825.423634720464,-1.4211536836228333e-08,0.00015,301.124,293.15,317.791,0.0,150000,1,370,37000000,37000000,37000000,0,301124,1,370,37000000,37000000,37000000,0,293150,1,370,37000000,37000000,37000000,0,317791,1,370,37000000,37000000,37000000,0,0,1,370,37000000,37000000,37000000,0,1.0,0.527498,0.65,1.0,0.527498,0.65,1.0,0.527498,0.65,370,37300000,False,1.0,5000.0,300.0,500.0,600000000000.0,100000000000.0,,369
1,corrupt_flow,thermal_loop,372,controller_tick,37100000,37.1,1,0,37100000,371,37100000,RUNNING,,0,0,62,1,0,reconstructed_from_retained_wire,True,,,317.79114961030206,301.12448403950526,293.14999886605125,0.5274980000000011,0.65,185500.00000000102,185499.98146715207,0.00014999991971397566,18825.423634720464,-1.3513499652617611e-08,0.00015,301.124,293.15,317.791,0.0,150000,1,371,37100000,37100000,37100000,0,301124,1,371,37100000,37100000,37100000,0,293150,1,371,37100000,37100000,37100000,0,317791,1,371,37100000,37100000,37100000,0,0,1,371,37100000,37100000,37100000,0,1.0,0.527498,0.65,1.0,0.527498,0.65,1.0,0.527498,0.65,371,37400000,False,1.0,5000.0,300.0,500.0,600000000000.0,100000000000.0,,370
1,corrupt_flow,thermal_loop,373,controller_tick,37200000,37.2,1,0,37200000,372,37200000,RUNNING,,0,0,62,1,0,reconstructed_from_retained_wire,True,,,317.79114961358727,301.1244840412232,293.1499988668059,0.5274980000000011,0.65,186000.00000000102,185999.9814104735,0.00014999991971397566,18825.423634720464,-1.4824991012574174e-08,0.00015,301.124,293.15,317.791,0.0,150000,1,372,37200000,37200000,37200000,0,301124,1,372,37200000,37200000,37200000,0,293150,1,372,37200000,37200000,37200000,0,317791,1,372,37200000,37200000,37200000,0,0,1,372,37200000,37200000,37200000,0,1.0,0.527498,0.65,1.0,0.527498,0.65,1.0,0.527498,0.65,372,37500000,False,1.0,5000.0,300.0,500.0,600000000000.0,100000000000.0,,371
1,corrupt_flow,thermal_loop,374,controller_tick,37300000,37.3,1,0,37300000,373,37300000,RUNNING,,0,0,62,1,0,reconstructed_from_retained_wire,True,,,317.7911496168678,301.12448404293946,293.14999886756243,0.5274980000000011,0.65,186500.00000000105,186499.9813538327,0.00014999991971397566,18825.423634720464,-1.5258592611644417e-08,0.00015,301.124,293.15,317.791,0.0,150000,1,373,37300000,37300000,37300000,0,301124,1,373,37300000,37300000,37300000,0,293150,1,373,37300000,37300000,37300000,0,317791,1,373,37300000,37300000,37300000,0,0,1,373,37300000,37300000,37300000,0,1.0,0.527498,0.65,1.0,0.527498,0.65,1.0,0.527498,0.65,373,37600000,False,1.0,5000.0,300.0,500.0,600000000000.0,100000000000.0,,372
1,corrupt_flow,thermal_loop,375,controller_tick,37400000,37.4,1,0,37400000,374,37400000,RUNNING,,0,0,62,1,0,reconstructed_from_retained_wire,True,,,317.7911496201437,301.1244840446542,293.1499988683207,0.5274980000000011,0.65,187000.00000000108,186999.9812972298,0.00014999991971397566,18825.423634720464,-1.5143996279221028e-08,0.00015,301.124,293.15,317.791,0.0,150000,1,374,37400000,37400000,37400000,0,301124,1,374,37400000,37400000,37400000,0,293150,1,374,37400000,37400000,37400000,0,317791,1,374,37400000,37400000,37400000,0,0,1,374,37400000,37400000,37400000,0,1.0,0.527498,0.65,1.0,0.527498,0.65,1.0,0.527498,0.65,374,37700000,False,1.0,5000.0,300.0,500.0,600000000000.0,100000000000.0,,373
1,corrupt_flow,thermal_loop,376,controller_tick,37500000,37.5,1,0,37500000,375,37500000,RUNNING,,0,0,62,1,0,reconstructed_from_retained_wire,True,,,317.7911496234149,301.1244840463674,293.1499988690807,0.5274980000000011,0.65,187500.00000000108,187499.9812406648,0.00014999991971397566,18825.423634720464,-1.5135810826905072e-08,0.00015,301.124,293.15,317.791,0.0,150000,1,375,37500000,37500000,37500000,0,301124,1,375,37500000,37500000,37500000,0,293150,1,375,37500000,37500000,37500000,0,317791,1,375,37500000,37500000,37500000,0,0,1,375,37500000,37500000,37500000,0,1.0,0.527498,0.65,1.0,0.527498,0.65,1.0,0.527498,0.65,375,37800000,False,1.0,5000.0,300.0,500.0,600000000000.0,100000000000.0,,374
1,corrupt_flow,thermal_loop,377,controller_tick,37600000,37.6,1,0,37600000,376,37600000,RUNNING,,0,0,62,1,0,reconstructed_from_retained_wire,True,,,317.7911496266815,301.12448404807907,293.1499988698425,0.5274980000000011,0.65,188000.0000000011,187999.98118413787,0.00014999991971397566,18825.423634720464,-1.4463012121268548e-08,0.00015,301.124,293.15,317.791,0.0,150000,1,376,37600000,37600000,37600000,0,301124,1,376,37600000,37600000,37600000,0,293150,1,376,37600000,37600000,37600000,0,317791,1,376,37600000,37600000,37600000,0,0,1,376,37600000,37600000,37600000,0,1.0,0.527498,0.65,1.0,0.527498,0.65,1.0,0.527498,0.65,376,37900000,False,1.0,5000.0,300.0,500.0,600000000000.0,100000000000.0,,375
1,corrupt_flow,thermal_loop,378,controller_tick,37700000,37.7,1,0,37700000,377,37700000,RUNNING,,0,0,62,1,0,reconstructed_from_retained_wire,True,,,317.79114962994333,301.12448404978915,293.14999887060594,0.5274980000000011,0.65,188500.0000000011,188499.98112764908,0.00014999991971397566,18825.423634720464,-1.4707438822370023e-08,0.00015,301.124,293.15,317.791,0.0,150000,1,377,37700000,37700000,37700000,0,301124,1,377,37700000,37700000,37700000,0,293150,1,377,37700000,37700000,37700000,0,317791,1,377,37700000,37700000,37700000,0,0,1,377,37700000,37700000,37700000,0,1.0,0.527498,0.65,1.0,0.527498,0.65,1.0,0.527498,0.65,377,38000000,False,1.0,5000.0,300.0,500.0,600000000000.0,100000000000.0,,376
1,corrupt_flow,thermal_loop,379,controller_tick,37800000,37.8,1,0,37800000,378,37800000,RUNNING,,0,0,62,1,0,reconstructed_from_retained_wire,True,,,317.7911496332005,301.1244840514977,293.14999887137105,0.5274980000000011,0.65,189000.00000000114,188999.98107119853,0.00014999991971397566,18825.423634720464,-1.550915840198286e-08,0.00015,301.124,293.15,317.791,0.0,150000,1,378,37800000,37800000,37800000,0,301124,1,378,37800000,37800000,37800000,0,293150,1,378,37800000,37800000,37800000,0,317791,1,378,37800000,37800000,37800000,0,0,1,378,37800000,37800000,37800000,0,1.0,0.527498,0.65,1.0,0.527498,0.65,1.0,0.527498,0.65,378,38100000,False,1.0,5000.0,300.0,500.0,600000000000.0,100000000000.0,,377
1,corrupt_flow,thermal_loop,380,controller_tick,37900000,37.9,1,0,37900000,379,37900000,RUNNING,,0,0,62,1,0,reconstructed_from_retained_wire,True,,,317.7911496364531,301.12448405320475,293.1499988721378,0.5274980000000011,0.65,189500.00000000114,189499.98101478626,0.00014999991971397566,18825.423634720464,-1.573721419845242e-08,0.00015,301.124,293.15,317.791,0.0,150000,1,379,37900000,37900000,37900000,0,301124,1,379,37900000,37900000,37900000,0,293150,1,379,37900000,37900000,37900000,0,317791,1,379,37900000,37900000,37900000,0,0,1,379,37900000,37900000,37900000,0,1.0,0.527498,0.65,1.0,0.527498,0.65,1.0,0.527498,0.65,379,38200000,False,1.0,5000.0,300.0,500.0,600000000000.0,100000000000.0,,378
1,corrupt_flow,thermal_loop,381,controller_tick,38000000,38.0,1,0,38000000,380,38000000,RUNNING,,0,0,62,1,0,reconstructed_from_retained_wire,True,,,317.791149639701,301.1244840549103,293.1499988729062,0.5274980000000011,0.65,190000.00000000116,189999.98095841237,0.00014999991971397566,18825.423634720464,-1.6377043721149676e-08,0.00015,301.124,293.15,317.791,0.0,150000,1,380,38000000,38000000,38000000,0,301124,1,380,38000000,38000000,38000000,0,293150,1,380,38000000,38000000,38000000,0,317791,1,380,38000000,38000000,38000000,0,0,1,380,38000000,38000000,38000000,0,1.0,0.527498,0.65,1.0,0.527498,0.65,1.0,0.527498,0.65,380,38300000,False,1.0,5000.0,300.0,500.0,600000000000.0,100000000000.0,,379
1,corrupt_flow,thermal_loop,382,controller_tick,38100000,38.1,1,0,38100000,381,38100000,RUNNING,,0,0,62,1,0,reconstructed_from_retained_wire,True,,,317.79114964294433,301.1244840566144,293.1499988736762,0.5274980000000011,0.65,190500.0000000012,190499.98090207693,0.00014999991971397566,18825.423634720464,-1.6535295799258165e-08,0.00015,301.124,293.15,317.791,0.0,150000,1,381,38100000,38100000,38100000,0,301124,1,381,38100000,38100000,38100000,0,293150,1,381,38100000,38100000,38100000,0,317791,1,381,38100000,38100000,38100000,0,0,1,381,38100000,38100000,38100000,0,1.0,0.527498,0.65,1.0,0.527498,0.65,1.0,0.527498,0.65,381,38400000,False,1.0,5000.0,300.0,500.0,600000000000.0,100000000000.0,,380
1,corrupt_flow,thermal_loop,383,controller_tick,38200000,38.2,1,0,38200000,382,38200000,RUNNING,,0,0,62,1,0,reconstructed_from_retained_wire,True,,,317.79114964618304,301.124484058317,293.1499988744479,0.5274980000000011,0.65,191000.00000000122,190999.98084578005,0.00014999991971397566,18825.423634720464,-1.5857949620112777e-08,0.00015,301.124,293.15,317.791,0.0,150000,1,382,38200000,38200000,38200000,0,301124,1,382,38200000,38200000,38200000,0,293150,1,382,38200000,38200000,38200000,0,317791,1,382,38200000,38200000,38200000,0,0,1,382,38200000,38200000,38200000,0,1.0,0.527498,0.65,1.0,0.527498,0.65,1.0,0.527498,0.65,382,38500000,False,1.0,5000.0,300.0,500.0,600000000000.0,100000000000.0,,381
1,corrupt_flow,thermal_loop,384,controller_tick,38300000,38.3,1,0,38300000,383,38300000,RUNNING,,0,0,62,1,0,reconstructed_from_retained_wire,True,,,317.79114964941715,301.1244840600182,293.1499988752211,0.5274980000000011,0.65,191500.00000000125,191499.9807895218,0.00014999991971397566,18825.423634720464,-1.4999613995314576e-08,0.00015,301.124,293.15,317.791,0.0,150000,1,383,38300000,38300000,38300000,0,301124,1,383,38300000,38300000,38300000,0,293150,1,383,38300000,38300000,38300000,0,317791,1,383,38300000,38300000,38300000,0,0,1,383,38300000,38300000,38300000,0,1.0,0.527498,0.65,1.0,0.527498,0.65,1.0,0.527498,0.65,383,38600000,False,1.0,5000.0,300.0,500.0,600000000000.0,100000000000.0,,382
1,corrupt_flow,thermal_loop,385,controller_tick,38400000,38.4,1,0,38400000,384,38400000,RUNNING,,0,0,62,1,0,reconstructed_from_retained_wire,True,,,317.79114965264665,301.12448406171785,293.14999887599583,0.5274980000000011,0.65,192000.00000000128,191999.98073330225,0.00014999991971397566,18825.423634720464,-1.5298610378522426e-08,0.00015,301.124,293.15,317.791,0.0,150000,1,384,38400000,38400000,38400000,0,301124,1,384,38400000,38400000,38400000,0,293150,1,384,38400000,38400000,38400000,0,317791,1,384,38400000,38400000,38400000,0,0,1,384,38400000,38400000,38400000,0,1.0,0.527498,0.65,1.0,0.527498,0.65,1.0,0.527498,0.65,384,38700000,False,1.0,5000.0,300.0,500.0,600000000000.0,100000000000.0,,383
1,corrupt_flow,thermal_loop,386,controller_tick,38500000,38.5,1,0,38500000,385,38500000,RUNNING,,0,0,62,1,0,reconstructed_from_retained_wire,True,,,317.7911496558716,301.1244840634161,293.1499988767721,0.5274980000000011,0.65,192500.00000000128,192499.98067712144,0.00014999991971397566,18825.423634720464,-1.4940269466023892e-08,0.00015,301.124,293.15,317.791,0.0,150000,1,385,38500000,38500000,38500000,0,301124,1,385,38500000,38500000,38500000,0,293150,1,385,38500000,38500000,38500000,0,317791,1,385,38500000,38500000,38500000,0,0,1,385,38500000,38500000,38500000,0,1.0,0.527498,0.65,1.0,0.527498,0.65,1.0,0.527498,0.65,385,38800000,False,1.0,5000.0,300.0,500.0,600000000000.0,100000000000.0,,384
1,corrupt_flow,thermal_loop,387,controller_tick,38600000,38.6,1,0,38600000,386,38600000,RUNNING,,0,0,62,1,0,reconstructed_from_retained_wire,True,,,317.79114965909196,301.12448406511294,293.1499988775499,0.5274980000000011,0.65,193000.0000000013,192999.98062097948,0.00014999991971397566,18825.423634720464,-1.4434817785513587e-08,0.00015,301.124,293.15,317.791,0.0,150000,1,386,38600000,38600000,38600000,0,301124,1,386,38600000,38600000,38600000,0,293150,1,386,38600000,38600000,38600000,0,317791,1,386,38600000,38600000,38600000,0,0,1,386,38600000,38600000,38600000,0,1.0,0.527498,0.65,1.0,0.527498,0.65,1.0,0.527498,0.65,386,38900000,False,1.0,5000.0,300.0,500.0,600000000000.0,100000000000.0,,385
1,corrupt_flow,thermal_loop,388,controller_tick,38700000,38.7,1,0,38700000,387,38700000,RUNNING,,0,0,62,1,0,reconstructed_from_retained_wire,True,,,317.7911496623077,301.1244840668083,293.14999887832914,0.5274980000000011,0.65,193500.00000000134,193499.98056487643,0.00014999991971397566,18825.423634720464,-1.4882971299812198e-08,0.00015,301.124,293.15,317.791,0.0,150000,1,387,38700000,38700000,38700000,0,301124,1,387,38700000,38700000,38700000,0,293150,1,387,38700000,38700000,38700000,0,317791,1,387,38700000,38700000,38700000,0,0,1,387,38700000,38700000,38700000,0,1.0,0.527498,0.65,1.0,0.527498,0.65,1.0,0.527498,0.65,387,39000000,False,1.0,5000.0,300.0,500.0,600000000000.0,100000000000.0,,386
1,corrupt_flow,thermal_loop,389,controller_tick,38800000,38.8,1,0,38800000,388,38800000,RUNNING,,0,0,62,1,0,reconstructed_from_retained_wire,True,,,317.7911496655189,301.1244840685023,293.14999887910983,0.5274980000000011,0.65,194000.00000000137,193999.98050881238,0.00014999991971397566,18825.423634720464,-1.5391378838103265e-08,0.00015,301.124,293.15,317.791,0.0,150000,1,388,38800000,38800000,38800000,0,301124,1,388,38800000,38800000,38800000,0,293150,1,388,38800000,38800000,38800000,0,317791,1,388,38800000,38800000,38800000,0,0,1,388,38800000,38800000,38800000,0,1.0,0.527498,0.65,1.0,0.527498,0.65,1.0,0.527498,0.65,388,39100000,False,1.0,5000.0,300.0,500.0,600000000000.0,100000000000.0,,387
1,corrupt_flow,thermal_loop,390,controller_tick,38900000,38.9,1,0,38900000,389,38900000,RUNNING,,0,0,62,1,0,reconstructed_from_retained_wire,True,,,317.79114966872555,301.12448407019485,293.14999887989194,0.5274980000000011,0.65,194500.00000000137,194499.98045278742,0.00014999991971397566,18825.423634720464,-1.6318836060236208e-08,0.00015,301.124,293.15,317.791,0.0,150000,1,389,38900000,38900000,38900000,0,301124,1,389,38900000,38900000,38900000,0,293150,1,389,38900000,38900000,38900000,0,317791,1,389,38900000,38900000,38900000,0,0,1,389,38900000,38900000,38900000,0,1.0,0.527498,0.65,1.0,0.527498,0.65,1.0,0.527498,0.65,389,39200000,False,1.0,5000.0,300.0,500.0,600000000000.0,100000000000.0,,388
1,corrupt_flow,thermal_loop,391,controller_tick,39000000,39.0,1,0,39000000,390,39000000,RUNNING,,0,0,62,1,0,reconstructed_from_retained_wire,True,,,317.79114967192766,301.124484071886,293.1499988806755,0.5274980000000011,0.65,195000.0000000014,194999.98039680163,0.00014999991971397566,18825.423634720464,-1.6923422663239762e-08,0.00015,301.124,293.15,317.791,0.0,150000,1,390,39000000,39000000,39000000,0,301124,1,390,39000000,39000000,39000000,0,293150,1,390,39000000,39000000,39000000,0,317791,1,390,39000000,39000000,39000000,0,0,1,390,39000000,39000000,39000000,0,1.0,0.527498,0.65,1.0,0.527498,0.65,1.0,0.527498,0.65,390,39300000,False,1.0,5000.0,300.0,500.0,600000000000.0,100000000000.0,,389
1,corrupt_flow,thermal_loop,392,controller_tick,39100000,39.1,1,0,39100000,391,39100000,RUNNING,,0,0,62,1,0,reconstructed_from_retained_wire,True,,,317.7911496751253,301.12448407357584,293.1499988814605,0.5274980000000011,0.65,195500.00000000143,195499.98034085505,0.00014999991971397566,18825.423634720464,-1.6485273590660654e-08,0.00015,301.124,293.15,317.791,0.0,150000,1,391,39100000,39100000,39100000,0,301124,1,391,39100000,39100000,39100000,0,293150,1,391,39100000,39100000,39100000,0,317791,1,391,39100000,39100000,39100000,0,0,1,391,39100000,39100000,39100000,0,1.0,0.527498,0.65,1.0,0.527498,0.65,1.0,0.527498,0.65,391,39400000,False,1.0,5000.0,300.0,500.0,600000000000.0,100000000000.0,,390
1,corrupt_flow,thermal_loop,393,controller_tick,39200000,39.2,1,0,39200000,392,39200000,RUNNING,,0,0,62,1,0,reconstructed_from_retained_wire,True,,,317.79114967831845,301.12448407526426,293.1499988822468,0.5274980000000011,0.65,196000.00000000146,195999.98028494773,0.00014999991971397566,18825.423634720464,-1.7033471522154287e-08,0.00015,301.124,293.15,317.791,0.0,150000,1,392,39200000,39200000,39200000,0,301124,1,392,39200000,39200000,39200000,0,293150,1,392,39200000,39200000,39200000,0,317791,1,392,39200000,39200000,39200000,0,0,1,392,39200000,39200000,39200000,0,1.0,0.527498,0.65,1.0,0.527498,0.65,1.0,0.527498,0.65,392,39500000,False,1.0,5000.0,300.0,500.0,600000000000.0,100000000000.0,,391
1,corrupt_flow,thermal_loop,394,controller_tick,39300000,39.3,1,0,39300000,393,39300000,RUNNING,,0,0,62,1,0,reconstructed_from_retained_wire,True,,,317.791149681507,301.1244840769513,293.1499988830345,0.5274980000000011,0.65,196500.00000000146,196499.98022907975,0.00014999991971397566,18825.423634720464,-1.7263573681702837e-08,0.00015,301.124,293.15,317.791,0.0,150000,1,393,39300000,39300000,39300000,0,301124,1,393,39300000,39300000,39300000,0,293150,1,393,39300000,39300000,39300000,0,317791,1,393,39300000,39300000,39300000,0,0,1,393,39300000,39300000,39300000,0,1.0,0.527498,0.65,1.0,0.527498,0.65,1.0,0.527498,0.65,393,39600000,False,1.0,5000.0,300.0,500.0,600000000000.0,100000000000.0,,392
1,corrupt_flow,thermal_loop,395,controller_tick,39400000,39.4,1,0,39400000,394,39400000,RUNNING,,0,0,62,1,0,reconstructed_from_retained_wire,True,,,317.7911496846911,301.12448407863707,293.14999888382357,0.5274980000000011,0.65,197000.00000000148,196999.9801732512,0.00014999991971397566,18825.423634720464,-1.7528464013594203e-08,0.00015,301.124,293.15,317.791,0.0,150000,1,394,39400000,39400000,39400000,0,301124,1,394,39400000,39400000,39400000,0,293150,1,394,39400000,39400000,39400000,0,317791,1,394,39400000,39400000,39400000,0,0,1,394,39400000,39400000,39400000,0,1.0,0.527498,0.65,1.0,0.527498,0.65,1.0,0.527498,0.65,394,39700000,False,1.0,5000.0,300.0,500.0,600000000000.0,100000000000.0,,393
1,corrupt_flow,thermal_loop,396,controller_tick,39500000,39.5,1,0,39500000,395,39500000,RUNNING,,0,0,62,1,0,reconstructed_from_retained_wire,True,,,317.7911496878707,301.1244840803214,293.149998884614,0.5274980000000011,0.65,197500.0000000015,197499.98011746214,0.00014999991971397566,18825.423634720464,-1.8007540347753093e-08,0.00015,301.124,293.15,317.791,0.0,150000,1,395,39500000,39500000,39500000,0,301124,1,395,39500000,39500000,39500000,0,293150,1,395,39500000,39500000,39500000,0,317791,1,395,39500000,39500000,39500000,0,0,1,395,39500000,39500000,39500000,0,1.0,0.527498,0.65,1.0,0.527498,0.65,1.0,0.527498,0.65,395,39800000,False,1.0,5000.0,300.0,500.0,600000000000.0,100000000000.0,,394
1,corrupt_flow,thermal_loop,397,controller_tick,39600000,39.6,1,0,39600000,396,39600000,RUNNING,,0,0,62,1,0,reconstructed_from_retained_wire,True,,,317.7911496910458,301.1244840820044,293.14999888540564,0.5274980000000011,0.65,198000.00000000154,197999.98006171265,0.00014999991971397566,18825.423634720464,-1.9059598344028927e-08,0.00015,301.124,293.15,317.791,0.0,150000,1,396,39600000,39600000,39600000,0,301124,1,396,39600000,39600000,39600000,0,293150,1,396,39600000,39600000,39600000,0,317791,1,396,39600000,39600000,39600000,0,0,1,396,39600000,39600000,39600000,0,1.0,0.527498,0.65,1.0,0.527498,0.65,1.0,0.527498,0.65,396,39900000,False,1.0,5000.0,300.0,500.0,600000000000.0,100000000000.0,,395
1,corrupt_flow,thermal_loop,398,controller_tick,39700000,39.7,1,0,39700000,397,39700000,RUNNING,,0,0,62,1,0,reconstructed_from_retained_wire,True,,,317.7911496942164,301.1244840836861,293.14999888619866,0.5274980000000011,0.65,198500.00000000154,198499.98000600276,0.00014999991971397566,18825.423634720464,-1.9200797396479174e-08,0.00015,301.124,293.15,317.791,0.0,150000,1,397,39700000,39700000,39700000,0,301124,1,397,39700000,39700000,39700000,0,293150,1,397,39700000,39700000,39700000,0,317791,1,397,39700000,39700000,39700000,0,0,1,397,39700000,39700000,39700000,0,1.0,0.527498,0.65,1.0,0.527498,0.65,1.0,0.527498,0.65,397,40000000,False,1.0,5000.0,300.0,500.0,600000000000.0,100000000000.0,,396
1,corrupt_flow,thermal_loop,399,controller_tick,39800000,39.8,1,0,39800000,398,39800000,RUNNING,,0,0,62,1,0,reconstructed_from_retained_wire,True,,,317.7911496973826,301.12448408536653,293.14999888699293,0.5274980000000011,0.65,199000.00000000157,198999.97995033255,0.00014999991971397566,18825.423634720464,-1.928833626152482e-08,0.00015,301.124,293.15,317.791,0.0,150000,1,398,39800000,39800000,39800000,0,301124,1,398,39800000,39800000,39800000,0,293150,1,398,39800000,39800000,39800000,0,317791,1,398,39800000,39800000,39800000,0,0,1,398,39800000,39800000,39800000,0,1.0,0.527498,0.65,1.0,0.527498,0.65,1.0,0.527498,0.65,398,40100000,False,1.0,5000.0,300.0,500.0,600000000000.0,100000000000.0,,397
1,corrupt_flow,thermal_loop,400,controller_tick,39900000,39.9,1,0,39900000,399,39900000,RUNNING,,0,0,62,1,0,reconstructed_from_retained_wire,True,,,317.7911497005443,301.12448408704563,293.14999888778846,0.5274980000000011,0.65,199500.0000000016,199499.9798947021,0.00014999991971397566,18825.423634720464,-1.9774233805947006e-08,0.00015,301.124,293.15,317.791,0.0,150000,1,399,39900000,39900000,39900000,0,301124,1,399,39900000,39900000,39900000,0,293150,1,399,39900000,39900000,39900000,0,317791,1,399,39900000,39900000,39900000,0,0,1,399,39900000,39900000,39900000,0,1.0,0.527498,0.65,1.0,0.527498,0.65,1.0,0.527498,0.65,399,40200000,False,1.0,5000.0,300.0,500.0,600000000000.0,100000000000.0,,398
1,corrupt_flow,thermal_loop,401,controller_tick,40000000,40.0,1,0,40000000,400,40000000,RUNNING,,0,0,62,1,0,reconstructed_from_retained_wire,True,,,317.79114970370154,301.1244840887235,293.14999888858523,0.5274980000000011,0.65,200000.00000000163,199999.97983911145,0.00014999991971397566,18825.423634720464,-1.9556637198547833e-08,0.00015,301.124,293.15,317.791,0.0,150000,1,400,40000000,40000000,40000000,0,301124,1,400,40000000,40000000,40000000,0,293150,1,400,40000000,40000000,40000000,0,317791,1,400,40000000,40000000,40000000,0,0,1,400,40000000,40000000,40000000,0,1.0,0.527498,0.65,1.0,0.527498,0.65,1.0,0.527498,0.65,400,40300000,False,1.0,5000.0,300.0,500.0,600000000000.0,100000000000.0,,399
1,corrupt_flow,thermal_loop,402,controller_tick,40100000,40.1,1,0,40100000,401,40100000,RUNNING,,0,0,62,1,0,reconstructed_from_retained_wire,True,,,317.7911497068544,301.12448409039996,293.14999888938326,0.5274980000000011,0.65,200500.00000000166,200499.97978356067,0.00014999991971397566,18825.423634720464,-1.8959326553158462e-08,0.00015,301.124,293.15,317.791,0.0,150000,1,401,40100000,40100000,40100000,0,301124,1,401,40100000,40100000,40100000,0,293150,1,401,40100000,40100000,40100000,0,317791,1,401,40100000,40100000,40100000,0,0,1,401,40100000,40100000,40100000,0,1.0,0.527498,0.65,1.0,0.527498,0.65,1.0,0.527498,0.65,401,40400000,False,1.0,5000.0,300.0,500.0,600000000000.0,100000000000.0,,400
1,corrupt_flow,thermal_loop,403,controller_tick,40200000,40.2,1,0,40200000,402,40200000,RUNNING,,0,0,62,1,0,reconstructed_from_retained_wire,True,,,317.79114971000286,301.1244840920752,293.1499988901825,0.5274980000000011,0.65,201000.0000000017,200999.97972804983,0.00014999991971397566,18825.423634720464,-1.825492290663533e-08,0.00015,301.124,293.15,317.791,0.0,150000,1,402,40200000,40200000,40200000,0,301124,1,402,40200000,40200000,40200000,0,293150,1,402,40200000,40200000,40200000,0,317791,1,402,40200000,40200000,40200000,0,0,1,402,40200000,40200000,40200000,0,1.0,0.527498,0.65,1.0,0.527498,0.65,1.0,0.527498,0.65,402,40500000,False,1.0,5000.0,300.0,500.0,600000000000.0,100000000000.0,,401
1,corrupt_flow,thermal_loop,404,controller_tick,40300000,40.3,1,0,40300000,403,40300000,RUNNING,,0,0,62,1,0,reconstructed_from_retained_wire,True,,,317.79114971314686,301.1244840937492,293.1499988909829,0.5274980000000011,0.65,201500.00000000172,201499.97967257895,0.00014999991971397566,18825.423634720464,-1.74143224285217e-08,0.00015,301.124,293.15,317.791,0.0,150000,1,403,40300000,40300000,40300000,0,301124,1,403,40300000,40300000,40300000,0,293150,1,403,40300000,40300000,40300000,0,317791,1,403,40300000,40300000,40300000,0,0,1,403,40300000,40300000,40300000,0,1.0,0.527498,0.65,1.0,0.527498,0.65,1.0,0.527498,0.65,403,40600000,False,1.0,5000.0,300.0,500.0,600000000000.0,100000000000.0,,402
1,corrupt_flow,thermal_loop,405,controller_tick,40400000,40.4,1,0,40400000,404,40400000,RUNNING,,0,0,62,1,0,reconstructed_from_retained_wire,True,,,317.79114971628644,301.1244840954218,293.1499988917845,0.5274980000000011,0.65,202000.00000000175,201999.97961714814,0.00014999991971397566,18825.423634720464,-1.727153176034335e-08,0.00015,301.124,293.15,317.791,0.0,150000,1,404,40400000,40400000,40400000,0,301124,1,404,40400000,40400000,40400000,0,293150,1,404,40400000,40400000,40400000,0,317791,1,404,40400000,40400000,40400000,0,0,1,404,40400000,40400000,40400000,0,1.0,0.527498,0.65,1.0,0.527498,0.65,1.0,0.527498,0.65,404,40700000,False,1.0,5000.0,300.0,500.0,600000000000.0,100000000000.0,,403
1,corrupt_flow,thermal_loop,406,controller_tick,40500000,40.5,1,0,40500000,405,40500000,RUNNING,,0,0,62,1,0,reconstructed_from_retained_wire,True,,,317.79114971942164,301.12448409709316,293.14999889258723,0.5274980000000011,0.65,202500.00000000178,202499.97956175744,0.00014999991971397566,18825.423634720464,-1.699140739219729e-08,0.00015,301.124,293.15,317.791,0.0,150000,1,405,40500000,40500000,40500000,0,301124,1,405,40500000,40500000,40500000,0,293150,1,405,40500000,40500000,40500000,0,317791,1,405,40500000,40500000,40500000,0,0,1,405,40500000,40500000,40500000,0,1.0,0.527498,0.65,1.0,0.527498,0.65,1.0,0.527498,0.65,405,40800000,False,1.0,5000.0,300.0,500.0,600000000000.0,100000000000.0,,404
1,corrupt_flow,thermal_loop,407,controller_tick,40600000,40.6,1,0,40600000,406,40600000,RUNNING,,0,0,62,1,0,reconstructed_from_retained_wire,True,,,317.79114972255246,301.1244840987633,293.14999889339106,0.5274980000000011,0.65,203000.0000000018,202999.9795064069,0.00014999991971397566,18825.423634720464,-1.722855813568458e-08,0.00015,301.124,293.15,317.791,0.0,150000,1,406,40600000,40600000,40600000,0,301124,1,406,40600000,40600000,40600000,0,293150,1,406,40600000,40600000,40600000,0,317791,1,406,40600000,40600000,40600000,0,0,1,406,40600000,40600000,40600000,0,1.0,0.527498,0.65,1.0,0.527498,0.65,1.0,0.527498,0.65,406,40900000,False,1.0,5000.0,300.0,500.0,600000000000.0,100000000000.0,,405
1,corrupt_flow,thermal_loop,408,controller_tick,40700000,40.7,1,0,40700000,407,40700000,RUNNING,,0,0,62,1,0,reconstructed_from_retained_wire,True,,,317.79114972567896,301.12448410043214,293.149998894196,0.5274980000000011,0.65,203500.00000000183,203499.9794510966,0.00014999991971397566,18825.423634720464,-1.6643525668769144e-08,0.00015,301.124,293.15,317.791,0.0,150000,1,407,40700000,40700000,40700000,0,301124,1,407,40700000,40700000,40700000,0,293150,1,407,40700000,40700000,40700000,0,317791,1,407,40700000,40700000,40700000,0,0,1,407,40700000,40700000,40700000,0,1.0,0.527498,0.65,1.0,0.527498,0.65,1.0,0.527498,0.65,407,41000000,False,1.0,5000.0,300.0,500.0,600000000000.0,100000000000.0,,406
1,corrupt_flow,thermal_loop,409,controller_tick,40800000,40.8,1,0,40800000,408,40800000,RUNNING,,0,0,62,1,0,reconstructed_from_retained_wire,True,,,317.79114972880103,301.12448410209976,293.14999889500206,0.5274980000000011,0.65,204000.00000000186,203999.97939582652,0.00014999991971397566,18825.423634720464,-1.705689101072494e-08,0.00015,301.124,293.15,317.791,0.0,150000,1,408,40800000,40800000,40800000,0,301124,1,408,40800000,40800000,40800000,0,293150,1,408,40800000,40800000,40800000,0,317791,1,408,40800000,40800000,40800000,0,0,1,408,40800000,40800000,40800000,0,1.0,0.527498,0.65,1.0,0.527498,0.65,1.0,0.527498,0.65,408,41100000,False,1.0,5000.0,300.0,500.0,600000000000.0,100000000000.0,,407
1,corrupt_flow,thermal_loop,410,controller_tick,40900000,40.9,1,0,40900000,409,40900000,RUNNING,,0,0,62,1,0,reconstructed_from_retained_wire,True,,,317.7911497319188,301.1244841037662,293.14999889580923,0.5274980000000011,0.65,204500.0000000019,204499.9793405968,0.00014999991971397566,18825.423634720464,-1.6056446838774718e-08,0.00015,301.124,293.15,317.791,0.0,150000,1,409,40900000,40900000,40900000,0,301124,1,409,40900000,40900000,40900000,0,293150,1,409,40900000,40900000,40900000,0,317791,1,409,40900000,40900000,40900000,0,0,1,409,40900000,40900000,40900000,0,1.0,0.527498,0.65,1.0,0.527498,0.65,1.0,0.527498,0.65,409,41200000,False,1.0,5000.0,300.0,500.0,600000000000.0,100000000000.0,,408
1,corrupt_flow,thermal_loop,411,controller_tick,41000000,41.0,1,0,41000000,410,41000000,RUNNING,,0,0,62,1,0,reconstructed_from_retained_wire,True,,,317.79114973503215,301.12448410543135,293.14999889661743,0.5274980000000011,0.65,205000.00000000192,204999.97928540743,0.00014999991971397566,18825.423634720464,-1.6082367437775247e-08,0.00015,301.124,293.15,317.791,0.0,150000,1,410,41000000,41000000,41000000,0,301124,1,410,41000000,41000000,41000000,0,293150,1,410,41000000,41000000,41000000,0,317791,1,410,41000000,41000000,41000000,0,0,1,410,41000000,41000000,41000000,0,1.0,0.527498,0.65,1.0,0.527498,0.65,1.0,0.527498,0.65,410,41300000,False,1.0,5000.0,300.0,500.0,600000000000.0,100000000000.0,,409
1,corrupt_flow,thermal_loop,412,controller_tick,41100000,41.1,1,0,41100000,411,41100000,RUNNING,,0,0,62,1,0,reconstructed_from_retained_wire,True,,,317.79114973814114,301.12448410709527,293.1499988974267,0.5274980000000011,0.65,205500.00000000195,205499.97923025853,0.00014999991971397566,18825.423634720464,-1.633452484384179e-08,0.00015,301.124,293.15,317.791,0.0,150000,1,411,41100000,41100000,41100000,0,301124,1,411,41100000,41100000,41100000,0,293150,1,411,41100000,41100000,41100000,0,317791,1,411,41100000,41100000,41100000,0,0,1,411,41100000,41100000,41100000,0,1.0,0.527498,0.65,1.0,0.527498,0.65,1.0,0.527498,0.65,411,41400000,False,1.0,5000.0,300.0,500.0,600000000000.0,100000000000.0,,410
1,corrupt_flow,thermal_loop,413,controller_tick,41200000,41.2,1,0,41200000,412,41200000,RUNNING,,0,0,62,1,0,reconstructed_from_retained_wire,True,,,317.7911497412458,301.12448410875794,293.149998898237,0.5274980000000011,0.65,206000.00000000198,205999.9791751501,0.00014999991971397566,18825.423634720464,-1.692819751042407e-08,0.00015,301.124,293.15,317.791,0.0,150000,1,412,41200000,41200000,41200000,0,301124,1,412,41200000,41200000,41200000,0,293150,1,412,41200000,41200000,41200000,0,317791,1,412,41200000,41200000,41200000,0,0,1,412,41200000,41200000,41200000,0,1.0,0.527498,0.65,1.0,0.527498,0.65,1.0,0.527498,0.65,412,41500000,False,1.0,5000.0,300.0,500.0,600000000000.0,100000000000.0,,411
1,corrupt_flow,thermal_loop,414,controller_tick,41300000,41.3,1,0,41300000,413,41300000,RUNNING,,0,0,62,1,0,reconstructed_from_retained_wire,True,,,317.79114974434617,301.1244841104194,293.14999889904834,0.5274980000000011,0.65,206500.00000000198,206499.97912008225,0.00014999991971397566,18825.423634720464,-1.7271759134018794e-08,0.00015,301.124,293.15,317.791,0.0,150000,1,413,41300000,41300000,41300000,0,301124,1,413,41300000,41300000,41300000,0,293150,1,413,41300000,41300000,41300000,0,317791,1,413,41300000,41300000,41300000,0,0,1,413,41300000,41300000,41300000,0,1.0,0.527498,0.65,1.0,0.527498,0.65,1.0,0.527498,0.65,413,41600000,False,1.0,5000.0,300.0,500.0,600000000000.0,100000000000.0,,412
1,corrupt_flow,thermal_loop,415,controller_tick,41400000,41.4,1,0,41400000,414,41400000,RUNNING,,0,0,62,1,0,reconstructed_from_retained_wire,True,,,317.7911497474422,301.12448411207976,293.1499988998607,0.5274980000000011,0.65,207000.000000002,206999.97906505497,0.00014999991971397566,18825.423634720464,-1.6948206393863074e-08,0.00015,301.124,293.15,317.791,0.0,150000,1,414,41400000,41400000,41400000,0,301124,1,414,41400000,41400000,41400000,0,293150,1,414,41400000,41400000,41400000,0,317791,1,414,41400000,41400000,41400000,0,0,1,414,41400000,41400000,41400000,0,1.0,0.527498,0.65,1.0,0.527498,0.65,1.0,0.527498,0.65,414,41700000,False,1.0,5000.0,300.0,500.0,600000000000.0,100000000000.0,,413
1,corrupt_flow,thermal_loop,416,controller_tick,41500000,41.5,1,0,41500000,415,41500000,RUNNING,,0,0,62,1,0,reconstructed_from_retained_wire,True,,,317.79114975053403,301.12448411373884,293.149998900674,0.5274980000000011,0.65,207500.00000000204,207499.97901006835,0.00014999991971397566,18825.423634720464,-1.636749402678106e-08,0.00015,301.124,293.15,317.791,0.0,150000,1,415,41500000,41500000,41500000,0,301124,1,415,41500000,41500000,41500000,0,293150,1,415,41500000,41500000,41500000,0,317791,1,415,41500000,41500000,41500000,0,0,1,415,41500000,41500000,41500000,0,1.0,0.527498,0.65,1.0,0.527498,0.65,1.0,0.527498,0.65,415,41800000,False,1.0,5000.0,300.0,500.0,600000000000.0,100000000000.0,,414
1,corrupt_flow,thermal_loop,417,controller_tick,41600000,41.6,1,0,41600000,416,41600000,RUNNING,,0,0,62,1,0,reconstructed_from_retained_wire,True,,,317.79114975362154,301.1244841153968,293.14999890148835,0.5274980000000011,0.65,208000.00000000207,207999.9789551224,0.00014999991971397566,18825.423634720464,-1.4974148143664934e-08,0.00015,301.124,293.15,317.791,0.0,150000,1,416,41600000,41600000,41600000,0,301124,1,416,41600000,41600000,41600000,0,293150,1,416,41600000,41600000,41600000,0,317791,1,416,41600000,41600000,41600000,0,0,1,416,41600000,41600000,41600000,0,1.0,0.527498,0.65,1.0,0.527498,0.65,1.0,0.527498,0.65,416,41900000,False,1.0,5000.0,300.0,500.0,600000000000.0,100000000000.0,,415
1,corrupt_flow,thermal_loop,418,controller_tick,41700000,41.7,1,0,41700000,417,41700000,RUNNING,,0,0,62,1,0,reconstructed_from_retained_wire,True,,,317.7911497567047,301.1244841170535,293.1499989023036,0.5274980000000011,0.65,208500.0000000021,208499.97890021722,0.00014999991971397566,18825.423634720464,-1.5086015991983004e-08,0.00015,301.124,293.15,317.791,0.0,150000,1,417,41700000,41700000,41700000,0,301124,1,417,41700000,41700000,41700000,0,293150,1,417,41700000,41700000,41700000,0,317791,1,417,41700000,41700000,41700000,0,0,1,417,41700000,41700000,41700000,0,1.0,0.527498,0.65,1.0,0.527498,0.65,1.0,0.527498,0.65,417,42000000,False,1.0,5000.0,300.0,500.0,600000000000.0,100000000000.0,,416
1,corrupt_flow,thermal_loop,419,controller_tick,41800000,41.8,1,0,41800000,418,41800000,RUNNING,,0,0,62,1,0,reconstructed_from_retained_wire,True,,,317.7911497597837,301.124484118709,293.1499989031198,0.5274980000000011,0.65,209000.00000000212,208999.9788453528,0.00014999991971397566,18825.423634720464,-1.4349097909871489e-08,0.00015,301.124,293.15,317.791,0.0,150000,1,418,41800000,41800000,41800000,0,301124,1,418,41800000,41800000,41800000,0,293150,1,418,41800000,41800000,41800000,0,317791,1,418,41800000,41800000,41800000,0,0,1,418,41800000,41800000,41800000,0,1.0,0.527498,0.65,1.0,0.527498,0.65,1.0,0.527498,0.65,418,42100000,False,1.0,5000.0,300.0,500.0,600000000000.0,100000000000.0,,417
1,corrupt_flow,thermal_loop,420,controller_tick,41900000,41.9,1,0,41900000,419,41900000,RUNNING,,0,0,62,1,0,reconstructed_from_retained_wire,True,,,317.79114976285837,301.1244841203633,293.149998903937,0.5274980000000011,0.65,209500.00000000215,209499.97879052922,0.00014999991971397566,18825.423634720464,-1.3842054613633081e-08,0.00015,301.124,293.15,317.791,0.0,150000,1,419,41900000,41900000,41900000,0,301124,1,419,41900000,41900000,41900000,0,293150,1,419,41900000,41900000,41900000,0,317791,1,419,41900000,41900000,41900000,0,0,1,419,41900000,41900000,41900000,0,1.0,0.527498,0.65,1.0,0.527498,0.65,1.0,0.527498,0.65,419,42200000,False,1.0,5000.0,300.0,500.0,600000000000.0,100000000000.0,,418
1,corrupt_flow,thermal_loop,421,controller_tick,42000000,42.0,1,0,42000000,420,42000000,RUNNING,,0,0,62,1,0,reconstructed_from_retained_wire,True,,,317.79114976592876,301.12448412201644,293.1499989047551,0.5274980000000011,0.65,210000.00000000215,209999.97873574652,0.00014999991971397566,18825.423634720464,-1.3621956895804033e-08,0.00015,301.124,293.15,317.791,0.0,150000,1,420,42000000,42000000,42000000,0,301124,1,420,42000000,42000000,42000000,0,293150,1,420,42000000,42000000,42000000,0,317791,1,420,42000000,42000000,42000000,0,0,1,420,42000000,42000000,42000000,0,1.0,0.527498,0.65,1.0,0.527498,0.65,1.0,0.527498,0.65,420,42300000,False,1.0,5000.0,300.0,500.0,600000000000.0,100000000000.0,,419
1,corrupt_flow,thermal_loop,422,controller_tick,42100000,42.1,1,0,42100000,421,42100000,RUNNING,,0,0,62,1,0,reconstructed_from_retained_wire,True,,,317.7911497689949,301.12448412366837,293.149998905574,0.5274980000000011,0.65,210500.00000000215,210499.97868100475,0.00014999991971397566,18825.423634720464,-1.4401621228898875e-08,0.00015,301.124,293.15,317.791,0.0,150000,1,421,42100000,42100000,42100000,0,301124,1,421,42100000,42100000,42100000,0,293150,1,421,42100000,42100000,42100000,0,317791,1,421,42100000,42100000,42100000,0,0,1,421,42100000,42100000,42100000,0,1.0,0.527498,0.65,1.0,0.527498,0.65,1.0,0.527498,0.65,421,42400000,False,1.0,5000.0,300.0,500.0,600000000000.0,100000000000.0,,420
1,corrupt_flow,thermal_loop,423,controller_tick,42200000,42.2,1,0,42200000,422,42200000,RUNNING,,0,0,62,1,0,reconstructed_from_retained_wire,True,,,317.79114977205677,301.12448412531916,293.14999890639393,0.5274980000000011,0.65,211000.00000000218,210999.97862630393,0.00014999991971397566,18825.423634720464,-1.428020368621219e-08,0.00015,301.124,293.15,317.791,0.0,150000,1,422,42200000,42200000,42200000,0,301124,1,422,42200000,42200000,42200000,0,293150,1,422,42200000,42200000,42200000,0,317791,1,422,42200000,42200000,42200000,0,0,1,422,42200000,42200000,42200000,0,1.0,0.527498,0.65,1.0,0.527498,0.65,1.0,0.527498,0.65,422,42500000,False,1.0,5000.0,300.0,500.0,600000000000.0,100000000000.0,,421
1,corrupt_flow,thermal_loop,424,controller_tick,42300000,42.3,1,0,42300000,423,42300000,RUNNING,,0,0,62,1,0,reconstructed_from_retained_wire,True,,,317.7911497751145,301.12448412696875,293.14999890721464,0.5274980000000011,0.65,211500.0000000022,211499.97857164417,0.00014999991971397566,18825.423634720464,-1.4588977137464099e-08,0.00015,301.124,293.15,317.791,0.0,150000,1,423,42300000,42300000,42300000,0,301124,1,423,42300000,42300000,42300000,0,293150,1,423,42300000,42300000,42300000,0,317791,1,423,42300000,42300000,42300000,0,0,1,423,42300000,42300000,42300000,0,1.0,0.527498,0.65,1.0,0.527498,0.65,1.0,0.527498,0.65,423,42600000,False,1.0,5000.0,300.0,500.0,600000000000.0,100000000000.0,,422
1,corrupt_flow,thermal_loop,425,controller_tick,42400000,42.4,1,0,42400000,424,42400000,RUNNING,,0,0,62,1,0,reconstructed_from_retained_wire,True,,,317.79114977816795,301.12448412861727,293.14999890803625,0.5274980000000011,0.65,212000.00000000224,211999.97851702545,0.00014999991971397566,18825.423634720464,-1.4117858881945722e-08,0.00015,301.124,293.15,317.791,0.0,150000,1,424,42400000,42400000,42400000,0,301124,1,424,42400000,42400000,42400000,0,293150,1,424,42400000,42400000,42400000,0,317791,1,424,42400000,42400000,42400000,0,0,1,424,42400000,42400000,42400000,0,1.0,0.527498,0.65,1.0,0.527498,0.65,1.0,0.527498,0.65,424,42700000,False,1.0,5000.0,300.0,500.0,600000000000.0,100000000000.0,,423
1,corrupt_flow,thermal_loop,426,controller_tick,42500000,42.5,1,0,42500000,425,42500000,RUNNING,,0,0,62,1,0,reconstructed_from_retained_wire,True,,,317.7911497812172,301.1244841302646,293.14999890885866,0.5274980000000011,0.65,212500.00000000227,212499.97846244785,0.00014999991971397566,18825.423634720464,-1.4587158148060553e-08,0.00015,301.124,293.15,317.791,0.0,150000,1,425,42500000,42500000,42500000,0,301124,1,425,42500000,42500000,42500000,0,293150,1,425,42500000,42500000,42500000,0,317791,1,425,42500000,42500000,42500000,0,0,1,425,42500000,42500000,42500000,0,1.0,0.527498,0.65,1.0,0.527498,0.65,1.0,0.527498,0.65,425,42800000,False,1.0,5000.0,300.0,500.0,600000000000.0,100000000000.0,,424
1,corrupt_flow,thermal_loop,427,controller_tick,42600000,42.6,1,0,42600000,426,42600000,RUNNING,,0,0,62,1,0,reconstructed_from_retained_wire,True,,,317.79114978426225,301.1244841319107,293.1499989096819,0.5274980000000011,0.65,213000.0000000023,212999.97840791137,0.00014999991971397566,18825.423634720464,-1.528405846329406e-08,0.00015,301.124,293.15,317.791,0.0,150000,1,426,42600000,42600000,42600000,0,301124,1,426,42600000,42600000,42600000,0,293150,1,426,42600000,42600000,42600000,0,317791,1,426,42600000,42600000,42600000,0,0,1,426,42600000,42600000,42600000,0,1.0,0.527498,0.65,1.0,0.527498,0.65,1.0,0.527498,0.65,426,42900000,False,1.0,5000.0,300.0,500.0,600000000000.0,100000000000.0,,425
1,corrupt_flow,thermal_loop,428,controller_tick,42700000,42.7,1,0,42700000,427,42700000,RUNNING,,0,0,62,1,0,reconstructed_from_retained_wire,True,,,317.7911497873031,301.1244841335557,293.1499989105061,0.5274980000000011,0.65,213500.0000000023,213499.97835341608,0.00014999991971397566,18825.423634720464,-1.4933220882085152e-08,0.00015,301.124,293.15,317.791,0.0,150000,1,427,42700000,42700000,42700000,0,301124,1,427,42700000,42700000,42700000,0,293150,1,427,42700000,42700000,42700000,0,317791,1,427,42700000,42700000,42700000,0,0,1,427,42700000,42700000,42700000,0,1.0,0.527498,0.65,1.0,0.527498,0.65,1.0,0.527498,0.65,427,43000000,False,1.0,5000.0,300.0,500.0,600000000000.0,100000000000.0,,426
1,corrupt_flow,thermal_loop,429,controller_tick,42800000,42.8,1,0,42800000,428,42800000,RUNNING,,0,0,62,1,0,reconstructed_from_retained_wire,True,,,317.7911497903398,301.12448413519957,293.14999891133107,0.5274980000000011,0.65,214000.0000000023,213999.97829896203,0.00014999991971397566,18825.423634720464,-1.4362740330398083e-08,0.00015,301.124,293.15,317.791,0.0,150000,1,428,42800000,42800000,42800000,0,301124,1,428,42800000,42800000,42800000,0,293150,1,428,42800000,42800000,42800000,0,317791,1,428,42800000,42800000,42800000,0,0,1,428,42800000,42800000,42800000,0,1.0,0.527498,0.65,1.0,0.527498,0.65,1.0,0.527498,0.65,428,43100000,False,1.0,5000.0,300.0,500.0,600000000000.0,100000000000.0,,427
1,corrupt_flow,thermal_loop,430,controller_tick,42900000,42.9,1,0,42900000,429,42900000,RUNNING,,0,0,62,1,0,reconstructed_from_retained_wire,True,,,317.7911497933722,301.1244841368423,293.14999891215683,0.5274980000000011,0.65,214500.00000000233,214499.97824454922,0.00014999991971397566,18825.423634720464,-1.4738589015905745e-08,0.00015,301.124,293.15,317.791,0.0,150000,1,429,42900000,42900000,42900000,0,301124,1,429,42900000,42900000,42900000,0,293150,1,429,42900000,42900000,42900000,0,317791,1,429,42900000,42900000,42900000,0,0,1,429,42900000,42900000,42900000,0,1.0,0.527498,0.65,1.0,0.527498,0.65,1.0,0.527498,0.65,429,43200000,False,1.0,5000.0,300.0,500.0,600000000000.0,100000000000.0,,428
1,corrupt_flow,thermal_loop,431,controller_tick,43000000,43.0,1,0,43000000,430,43000000,RUNNING,,0,0,62,1,0,reconstructed_from_retained_wire,True,,,317.79114979640053,301.12448413848387,293.14999891298334,0.5274980000000011,0.65,215000.00000000236,214999.9781901777,0.00014999991971397566,18825.423634720464,-1.498096935392823e-08,0.00015,301.124,293.15,317.791,0.0,150000,1,430,43000000,43000000,43000000,0,301124,1,430,43000000,43000000,43000000,0,293150,1,430,43000000,43000000,43000000,0,317791,1,430,43000000,43000000,43000000,0,0,1,430,43000000,43000000,43000000,0,1.0,0.527498,0.65,1.0,0.527498,0.65,1.0,0.527498,0.65,430,43300000,False,1.0,5000.0,300.0,500.0,600000000000.0,100000000000.0,,429
1,corrupt_flow,thermal_loop,432,controller_tick,43100000,43.1,1,0,43100000,431,43100000,RUNNING,,0,0,62,1,0,reconstructed_from_retained_wire,True,,,317.7911497994247,301.1244841401243,293.14999891381063,0.5274980000000011,0.65,215500.0000000024,215499.97813584757,0.00014999991971397566,18825.423634720464,-1.4858187569188885e-08,0.00015,301.124,293.15,317.791,0.0,150000,1,431,43100000,43100000,43100000,0,301124,1,431,43100000,43100000,43100000,0,293150,1,431,43100000,43100000,43100000,0,317791,1,431,43100000,43100000,43100000,0,0,1,431,43100000,43100000,43100000,0,1.0,0.527498,0.65,1.0,0.527498,0.65,1.0,0.527498,0.65,431,43400000,False,1.0,5000.0,300.0,500.0,600000000000.0,100000000000.0,,430
1,corrupt_flow,thermal_loop,433,controller_tick,43200000,43.2,1,0,43200000,432,43200000,RUNNING,,0,0,62,1,0,reconstructed_from_retained_wire,True,,,317.79114980244475,301.1244841417636,293.14999891463873,0.5274980000000011,0.65,216000.00000000242,215999.9780815588,0.00014999991971397566,18825.423634720464,-1.4399347492144443e-08,0.00015,301.124,293.15,317.791,0.0,150000,1,432,43200000,43200000,43200000,0,301124,1,432,43200000,43200000,43200000,0,293150,1,432,43200000,43200000,43200000,0,317791,1,432,43200000,43200000,43200000,0,0,1,432,43200000,43200000,43200000,0,1.0,0.527498,0.65,1.0,0.527498,0.65,1.0,0.527498,0.65,432,43500000,False,1.0,5000.0,300.0,500.0,600000000000.0,100000000000.0,,431
1,corrupt_flow,thermal_loop,434,controller_tick,43300000,43.3,1,0,43300000,433,43300000,RUNNING,,0,0,62,1,0,reconstructed_from_retained_wire,True,,,317.79114980546063,301.1244841434018,293.14999891546756,0.5274980000000011,0.65,216500.00000000244,216499.97802731144,0.00014999991971397566,18825.423634720464,-1.4259057934395969e-08,0.00015,301.124,293.15,317.791,0.0,150000,1,433,43300000,43300000,43300000,0,301124,1,433,43300000,43300000,43300000,0,293150,1,433,43300000,43300000,43300000,0,317791,1,433,43300000,43300000,43300000,0,0,1,433,43300000,43300000,43300000,0,1.0,0.527498,0.65,1.0,0.527498,0.65,1.0,0.527498,0.65,433,43600000,False,1.0,5000.0,300.0,500.0,600000000000.0,100000000000.0,,432
1,corrupt_flow,thermal_loop,435,controller_tick,43400000,43.4,1,0,43400000,434,43400000,RUNNING,,0,0,62,1,0,reconstructed_from_retained_wire,True,,,317.79114980847237,301.1244841450388,293.14999891629714,0.5274980000000011,0.65,217000.00000000247,216999.97797310556,0.00014999991971397566,18825.423634720464,-1.4379111235029995e-08,0.00015,301.124,293.15,317.791,0.0,150000,1,434,43400000,43400000,43400000,0,301124,1,434,43400000,43400000,43400000,0,293150,1,434,43400000,43400000,43400000,0,317791,1,434,43400000,43400000,43400000,0,0,1,434,43400000,43400000,43400000,0,1.0,0.527498,0.65,1.0,0.527498,0.65,1.0,0.527498,0.65,434,43700000,False,1.0,5000.0,300.0,500.0,600000000000.0,100000000000.0,,433
1,corrupt_flow,thermal_loop,436,controller_tick,43500000,43.5,1,0,43500000,435,43500000,RUNNING,,0,0,62,1,0,reconstructed_from_retained_wire,True,,,317.79114981148,301.1244841466748,293.14999891712745,0.5274980000000011,0.65,217500.0000000025,217499.97791894118,0.00014999991971397566,18825.423634720464,-1.3686758393305354e-08,0.00015,301.124,293.15,317.791,0.0,150000,1,435,43500000,43500000,43500000,0,301124,1,435,43500000,43500000,43500000,0,293150,1,435,43500000,43500000,43500000,0,317791,1,435,43500000,43500000,43500000,0,0,1,435,43500000,43500000,43500000,0,1.0,0.527498,0.65,1.0,0.527498,0.65,1.0,0.527498,0.65,435,43800000,False,1.0,5000.0,300.0,500.0,600000000000.0,100000000000.0,,434
1,corrupt_flow,thermal_loop,437,controller_tick,43600000,43.6,1,0,43600000,436,43600000,RUNNING,,0,0,62,1,0,reconstructed_from_retained_wire,True,,,317.79114981448356,301.12448414830965,293.14999891795844,0.5274980000000011,0.65,218000.00000000253,217999.97786481833,0.00014999991971397566,18825.423634720464,-1.2865712051279843e-08,0.00015,301.124,293.15,317.791,0.0,150000,1,436,43600000,43600000,43600000,0,301124,1,436,43600000,43600000,43600000,0,293150,1,436,43600000,43600000,43600000,0,317791,1,436,43600000,43600000,43600000,0,0,1,436,43600000,43600000,43600000,0,1.0,0.527498,0.65,1.0,0.527498,0.65,1.0,0.527498,0.65,436,43900000,False,1.0,5000.0,300.0,500.0,600000000000.0,100000000000.0,,435
1,corrupt_flow,thermal_loop,438,controller_tick,43700000,43.7,1,0,43700000,437,43700000,RUNNING,,0,0,62,1,0,reconstructed_from_retained_wire,True,,,317.79114981748296,301.1244841499433,293.14999891879006,0.5274980000000011,0.65,218500.00000000256,218499.97781073707,0.00014999991971397566,18825.423634720464,-1.4089437172515318e-08,0.00015,301.124,293.15,317.791,0.0,150000,1,437,43700000,43700000,43700000,0,301124,1,437,43700000,43700000,43700000,0,293150,1,437,43700000,43700000,43700000,0,317791,1,437,43700000,43700000,43700000,0,0,1,437,43700000,43700000,43700000,0,1.0,0.527498,0.65,1.0,0.527498,0.65,1.0,0.527498,0.65,437,44000000,False,1.0,5000.0,300.0,500.0,600000000000.0,100000000000.0,,436
1,corrupt_flow,thermal_loop,439,controller_tick,43800000,43.8,1,0,43800000,438,43800000,RUNNING,,0,0,62,1,0,reconstructed_from_retained_wire,True,,,317.79114982047827,301.1244841515759,293.14999891962236,0.5274980000000011,0.65,219000.00000000256,218999.97775669736,0.00014999991971397566,18825.423634720464,-1.5126261132536456e-08,0.00015,301.124,293.15,317.791,0.0,150000,1,438,43800000,43800000,43800000,0,301124,1,438,43800000,43800000,43800000,0,293150,1,438,43800000,43800000,43800000,0,317791,1,438,43800000,43800000,43800000,0,0,1,438,43800000,43800000,43800000,0,1.0,0.527498,0.65,1.0,0.527498,0.65,1.0,0.527498,0.65,438,44100000,False,1.0,5000.0,300.0,500.0,600000000000.0,100000000000.0,,437
1,corrupt_flow,thermal_loop,440,controller_tick,43900000,43.9,1,0,43900000,439,43900000,RUNNING,,0,0,62,1,0,reconstructed_from_retained_wire,True,,,317.79114982346954,301.1244841532074,293.1499989204554,0.5274980000000011,0.65,219500.0000000026,219499.9777026993,0.00014999991971397566,18825.423634720464,-1.5141040421440266e-08,0.00015,301.124,293.15,317.791,0.0,150000,1,439,43900000,43900000,43900000,0,301124,1,439,43900000,43900000,43900000,0,293150,1,439,43900000,43900000,43900000,0,317791,1,439,43900000,43900000,43900000,0,0,1,439,43900000,43900000,43900000,0,1.0,0.527498,0.65,1.0,0.527498,0.65,1.0,0.527498,0.65,439,44200000,False,1.0,5000.0,300.0,500.0,600000000000.0,100000000000.0,,438
1,corrupt_flow,thermal_loop,441,controller_tick,44000000,44.0,1,0,44000000,440,44000000,RUNNING,,0,0,62,1,0,reconstructed_from_retained_wire,True,,,317.7911498264567,301.1244841548378,293.1499989212891,0.5274980000000011,0.65,220000.00000000262,219999.97764874293,0.00014999991971397566,18825.423634720464,-1.4881607057759538e-08,0.00015,301.124,293.15,317.791,0.0,150000,1,440,44000000,44000000,44000000,0,301124,1,440,44000000,44000000,44000000,0,293150,1,440,44000000,44000000,44000000,0,317791,1,440,44000000,44000000,44000000,0,0,1,440,44000000,44000000,44000000,0,1.0,0.527498,0.65,1.0,0.527498,0.65,1.0,0.527498,0.65,440,44300000,False,1.0,5000.0,300.0,500.0,600000000000.0,100000000000.0,,439
1,corrupt_flow,thermal_loop,442,controller_tick,44100000,44.1,1,0,44100000,441,44100000,RUNNING,,0,0,62,1,0,reconstructed_from_retained_wire,True,,,317.7911498294398,301.124484156467,293.14999892212353,0.5274980000000011,0.65,220500.00000000265,220499.9775948283,0.00014999991971397566,18825.423634720464,-1.476496436225716e-08,0.00015,301.124,293.15,317.791,0.0,150000,1,441,44100000,44100000,44100000,0,301124,1,441,44100000,44100000,44100000,0,293150,1,441,44100000,44100000,44100000,0,317791,1,441,44100000,44100000,44100000,0,0,1,441,44100000,44100000,44100000,0,1.0,0.527498,0.65,1.0,0.527498,0.65,1.0,0.527498,0.65,441,44400000,False,1.0,5000.0,300.0,500.0,600000000000.0,100000000000.0,,440
1,corrupt_flow,thermal_loop,443,controller_tick,44200000,44.2,1,0,44200000,442,44200000,RUNNING,,0,0,62,1,0,reconstructed_from_retained_wire,True,,,317.79114983241885,301.1244841580952,293.1499989229586,0.5274980000000011,0.65,221000.00000000268,220999.97754095535,0.00014999991971397566,18825.423634720464,-1.377657099510543e-08,0.00015,301.124,293.15,317.791,0.0,150000,1,442,44200000,44200000,44200000,0,301124,1,442,44200000,44200000,44200000,0,293150,1,442,44200000,44200000,44200000,0,317791,1,442,44200000,44200000,44200000,0,0,1,442,44200000,44200000,44200000,0,1.0,0.527498,0.65,1.0,0.527498,0.65,1.0,0.527498,0.65,442,44500000,False,1.0,5000.0,300.0,500.0,600000000000.0,100000000000.0,,441
1,corrupt_flow,thermal_loop,444,controller_tick,44300000,44.3,1,0,44300000,443,44300000,RUNNING,,0,0,62,1,0,reconstructed_from_retained_wire,True,,,317.79114983539387,301.12448415972233,293.1499989237942,0.5274980000000011,0.65,221500.0000000027,221499.97748712418,0.00014999991971397566,18825.423634720464,-1.3521457731258124e-08,0.00015,301.124,293.15,317.791,0.0,150000,1,443,44300000,44300000,44300000,0,301124,1,443,44300000,44300000,44300000,0,293150,1,443,44300000,44300000,44300000,0,317791,1,443,44300000,44300000,44300000,0,0,1,443,44300000,44300000,44300000,0,1.0,0.527498,0.65,1.0,0.527498,0.65,1.0,0.527498,0.65,443,44600000,False,1.0,5000.0,300.0,500.0,600000000000.0,100000000000.0,,442
1,corrupt_flow,thermal_loop,445,controller_tick,44400000,44.4,1,0,44400000,444,44400000,RUNNING,,0,0,62,1,0,reconstructed_from_retained_wire,True,,,317.79114983836484,301.1244841613483,293.1499989246305,0.5274980000000011,0.65,222000.00000000274,221999.9774333348,0.00014999991971397566,18825.423634720464,-1.3257704267743975e-08,0.00015,301.124,293.15,317.791,0.0,150000,1,444,44400000,44400000,44400000,0,301124,1,444,44400000,44400000,44400000,0,293150,1,444,44400000,44400000,44400000,0,317791,1,444,44400000,44400000,44400000,0,0,1,444,44400000,44400000,44400000,0,1.0,0.527498,0.65,1.0,0.527498,0.65,1.0,0.527498,0.65,444,44700000,False,1.0,5000.0,300.0,500.0,600000000000.0,100000000000.0,,443
1,corrupt_flow,thermal_loop,446,controller_tick,44500000,44.5,1,0,44500000,445,44500000,RUNNING,,0,0,62,1,0,reconstructed_from_retained_wire,True,,,317.7911498413318,301.12448416297315,293.1499989254674,0.5274980000000011,0.65,222500.00000000276,222499.97737958728,0.00014999991971397566,18825.423634720464,-1.2689497452811338e-08,0.00015,301.124,293.15,317.791,0.0,150000,1,445,44500000,44500000,44500000,0,301124,1,445,44500000,44500000,44500000,0,293150,1,445,44500000,44500000,44500000,0,317791,1,445,44500000,44500000,44500000,0,0,1,445,44500000,44500000,44500000,0,1.0,0.527498,0.65,1.0,0.527498,0.65,1.0,0.527498,0.65,445,44800000,False,1.0,5000.0,300.0,500.0,600000000000.0,100000000000.0,,444
1,corrupt_flow,thermal_loop,447,controller_tick,44600000,44.6,1,0,44600000,446,44600000,RUNNING,,0,0,62,1,0,reconstructed_from_retained_wire,True,,,317.7911498442947,301.12448416459694,293.1499989263048,0.5274980000000011,0.65,223000.00000000276,222999.9773258816,0.00014999991971397566,18825.423634720464,-1.3213366401032545e-08,0.00015,301.124,293.15,317.791,0.0,150000,1,446,44600000,44600000,44600000,0,301124,1,446,44600000,44600000,44600000,0,293150,1,446,44600000,44600000,44600000,0,317791,1,446,44600000,44600000,44600000,0,0,1,446,44600000,44600000,44600000,0,1.0,0.527498,0.65,1.0,0.527498,0.65,1.0,0.527498,0.65,446,44900000,False,1.0,5000.0,300.0,500.0,600000000000.0,100000000000.0,,445
1,corrupt_flow,thermal_loop,448,controller_tick,44700000,44.7,1,0,44700000,447,44700000,RUNNING,,0,0,62,1,0,reconstructed_from_retained_wire,True,,,317.79114984725356,301.12448416621964,293.14999892714286,0.5274980000000011,0.65,223500.0000000028,223499.9772722178,0.00014999991971397566,18825.423634720464,-1.3432781997835264e-08,0.00015,301.124,293.15,317.791,0.0,150000,1,447,44700000,44700000,44700000,0,301124,1,447,44700000,44700000,44700000,0,293150,1,447,44700000,44700000,44700000,0,317791,1,447,44700000,44700000,44700000,0,0,1,447,44700000,44700000,44700000,0,1.0,0.527498,0.65,1.0,0.527498,0.65,1.0,0.527498,0.65,447,45000000,False,1.0,5000.0,300.0,500.0,600000000000.0,100000000000.0,,446
1,corrupt_flow,thermal_loop,449,controller_tick,44800000,44.8,1,0,44800000,448,44800000,RUNNING,,0,0,62,1,0,reconstructed_from_retained_wire,True,,,317.79114985020846,301.1244841678412,293.14999892798147,0.5274980000000011,0.65,224000.00000000282,223999.97721859592,0.00014999991971397566,18825.423634720464,-1.3909129847888835e-08,0.00015,301.124,293.15,317.791,0.0,150000,1,448,44800000,44800000,44800000,0,301124,1,448,44800000,44800000,44800000,0,293150,1,448,44800000,44800000,44800000,0,317791,1,448,44800000,44800000,44800000,0,0,1,448,44800000,44800000,44800000,0,1.0,0.527498,0.65,1.0,0.527498,0.65,1.0,0.527498,0.65,448,45100000,False,1.0,5000.0,300.0,500.0,600000000000.0,100000000000.0,,447
1,corrupt_flow,thermal_loop,450,controller_tick,44900000,44.9,1,0,44900000,449,44900000,RUNNING,,0,0,62,1,0,reconstructed_from_retained_wire,True,,,317.79114985315937,301.12448416946177,293.14999892882065,0.5274980000000011,0.65,224500.00000000285,224499.977165016,0.00014999991971397566,18825.423634720464,-1.363378032692708e-08,0.00015,301.124,293.15,317.791,0.0,150000,1,449,44900000,44900000,44900000,0,301124,1,449,44900000,44900000,44900000,0,293150,1,449,44900000,44900000,44900000,0,317791,1,449,44900000,44900000,44900000,0,0,1,449,44900000,44900000,44900000,0,1.0,0.527498,0.65,1.0,0.527498,0.65,1.0,0.527498,0.65,449,45200000,False,1.0,5000.0,300.0,500.0,600000000000.0,100000000000.0,,448
1,corrupt_flow,thermal_loop,451,controller_tick,45000000,45.0,1,0,45000000,450,45000000,RUNNING,,0,0,62,1,0,reconstructed_from_retained_wire,True,,,317.7911498561063,301.1244841710812,293.1499989296604,0.5274980000000011,0.65,225000.00000000288,224999.97711147802,0.00014999991971397566,18825.423634720464,-1.3586259228759445e-08,0.00015,301.124,293.15,317.791,0.0,150000,1,450,45000000,45000000,45000000,0,301124,1,450,45000000,45000000,45000000,0,293150,1,450,45000000,45000000,45000000,0,317791,1,450,45000000,45000000,45000000,0,0,1,450,45000000,45000000,45000000,0,1.0,0.527498,0.65,1.0,0.527498,0.65,1.0,0.527498,0.65,450,45300000,False,1.0,5000.0,300.0,500.0,600000000000.0,100000000000.0,,449
1,corrupt_flow,thermal_loop,452,controller_tick,45100000,45.1,1,0,45100000,451,45100000,RUNNING,,0,0,62,1,0,reconstructed_from_retained_wire,True,,,317.79114985904926,301.12448417269957,293.14999893050066,0.5274980000000011,0.65,225500.0000000029,225499.97705798206,0.00014999991971397566,18825.423634720464,-1.344164957117755e-08,0.00015,301.124,293.15,317.791,0.0,150000,1,451,45100000,45100000,45100000,0,301124,1,451,45100000,45100000,45100000,0,293150,1,451,45100000,45100000,45100000,0,317791,1,451,45100000,45100000,45100000,0,0,1,451,45100000,45100000,45100000,0,1.0,0.527498,0.65,1.0,0.527498,0.65,1.0,0.527498,0.65,451,45400000,False,1.0,5000.0,300.0,500.0,600000000000.0,100000000000.0,,450
1,corrupt_flow,thermal_loop,453,controller_tick,45200000,45.2,1,0,45200000,452,45200000,RUNNING,,0,0,62,1,0,reconstructed_from_retained_wire,True,,,317.7911498619883,301.12448417431676,293.1499989313415,0.5274980000000011,0.65,226000.0000000029,225999.9770045281,0.00014999991971397566,18825.423634720464,-1.3344333638087846e-08,0.00015,301.124,293.15,317.791,0.0,150000,1,452,45200000,45200000,45200000,0,301124,1,452,45200000,45200000,45200000,0,293150,1,452,45200000,45200000,45200000,0,317791,1,452,45200000,45200000,45200000,0,0,1,452,45200000,45200000,45200000,0,1.0,0.527498,0.65,1.0,0.527498,0.65,1.0,0.527498,0.65,452,45500000,False,1.0,5000.0,300.0,500.0,600000000000.0,100000000000.0,,451
1,corrupt_flow,thermal_loop,454,controller_tick,45300000,45.3,1,0,45300000,453,45300000,RUNNING,,0,0,62,1,0,reconstructed_from_retained_wire,True,,,317.79114986492334,301.12448417593293,293.1499989321828,0.5274980000000011,0.65,226500.00000000294,226499.97695111623,0.00014999991971397566,18825.423634720464,-1.312082531512715e-08,0.00015,301.124,293.15,317.791,0.0,150000,1,453,45300000,45300000,45300000,0,301124,1,453,45300000,45300000,45300000,0,293150,1,453,45300000,45300000,45300000,0,317791,1,453,45300000,45300000,45300000,0,0,1,453,45300000,45300000,45300000,0,1.0,0.527498,0.65,1.0,0.527498,0.65,1.0,0.527498,0.65,453,45600000,False,1.0,5000.0,300.0,500.0,600000000000.0,100000000000.0,,452
1,corrupt_flow,thermal_loop,455,controller_tick,45400000,45.4,1,0,45400000,454,45400000,RUNNING,,0,0,62,1,0,reconstructed_from_retained_wire,True,,,317.7911498678544,301.12448417754797,293.14999893302473,0.5274980000000011,0.65,227000.00000000297,226999.97689774644,0.00014999991971397566,18825.423634720464,-1.2979626262676902e-08,0.00015,301.124,293.15,317.791,0.0,150000,1,454,45400000,45400000,45400000,0,301124,1,454,45400000,45400000,45400000,0,293150,1,454,45400000,45400000,45400000,0,317791,1,454,45400000,45400000,45400000,0,0,1,454,45400000,45400000,45400000,0,1.0,0.527498,0.65,1.0,0.527498,0.65,1.0,0.527498,0.65,454,45700000,False,1.0,5000.0,300.0,500.0,600000000000.0,100000000000.0,,453
1,corrupt_flow,thermal_loop,456,controller_tick,45500000,45.5,1,0,45500000,455,45500000,RUNNING,,0,0,62,1,0,reconstructed_from_retained_wire,True,,,317.7911498707815,301.124484179162,293.1499989338671,0.5274980000000011,0.65,227500.000000003,227499.9768444187,0.00014999991971397566,18825.423634720464,-1.3425051292870194e-08,0.00015,301.124,293.15,317.791,0.0,150000,1,455,45500000,45500000,45500000,0,301124,1,455,45500000,45500000,45500000,0,293150,1,455,45500000,45500000,45500000,0,317791,1,455,45500000,45500000,45500000,0,0,1,455,45500000,45500000,45500000,0,1.0,0.527498,0.65,1.0,0.527498,0.65,1.0,0.527498,0.65,455,45800000,False,1.0,5000.0,300.0,500.0,600000000000.0,100000000000.0,,454
1,corrupt_flow,thermal_loop,457,controller_tick,45600000,45.6,1,0,45600000,456,45600000,RUNNING,,0,0,62,1,0,reconstructed_from_retained_wire,True,,,317.79114987370474,301.1244841807749,293.14999893470997,0.5274980000000011,0.65,228000.00000000303,227999.97679113311,0.00014999991971397566,18825.423634720464,-1.2995315046282485e-08,0.00015,301.124,293.15,317.791,0.0,150000,1,456,45600000,45600000,45600000,0,301124,1,456,45600000,45600000,45600000,0,293150,1,456,45600000,45600000,45600000,0,317791,1,456,45600000,45600000,45600000,0,0,1,456,45600000,45600000,45600000,0,1.0,0.527498,0.65,1.0,0.527498,0.65,1.0,0.527498,0.65,456,45900000,False,1.0,5000.0,300.0,500.0,600000000000.0,100000000000.0,,455
1,corrupt_flow,thermal_loop,458,controller_tick,45700000,45.7,1,0,45700000,457,45700000,RUNNING,,0,0,62,1,0,reconstructed_from_retained_wire,True,,,317.791149876624,301.12448418238677,293.1499989355533,0.5274980000000011,0.65,228500.00000000306,228499.9767378897,0.00014999991971397566,18825.423634720464,-1.3510998542187735e-08,0.00015,301.124,293.15,317.791,0.0,150000,1,457,45700000,45700000,45700000,0,301124,1,457,45700000,45700000,45700000,0,293150,1,457,45700000,45700000,45700000,0,317791,1,457,45700000,45700000,45700000,0,0,1,457,45700000,45700000,45700000,0,1.0,0.527498,0.65,1.0,0.527498,0.65,1.0,0.527498,0.65,457,46000000,False,1.0,5000.0,300.0,500.0,600000000000.0,100000000000.0,,456
1,corrupt_flow,thermal_loop,459,controller_tick,45800000,45.8,1,0,45800000,458,45800000,RUNNING,,0,0,62,1,0,reconstructed_from_retained_wire,True,,,317.7911498795394,301.12448418399765,293.14999893639714,0.5274980000000011,0.65,229000.00000000306,228999.97668468847,0.00014999991971397566,18825.423634720464,-1.2113787306589074e-08,0.00015,301.124,293.15,317.791,0.0,150000,1,458,45800000,45800000,45800000,0,301124,1,458,45800000,45800000,45800000,0,293150,1,458,45800000,45800000,45800000,0,317791,1,458,45800000,45800000,45800000,0,0,1,458,45800000,45800000,45800000,0,1.0,0.527498,0.65,1.0,0.527498,0.65,1.0,0.527498,0.65,458,46100000,False,1.0,5000.0,300.0,500.0,600000000000.0,100000000000.0,,457
1,corrupt_flow,thermal_loop,460,controller_tick,45900000,45.9,1,0,45900000,459,45900000,RUNNING,,0,0,62,1,0,reconstructed_from_retained_wire,True,,,317.7911498824508,301.1244841856074,293.14999893724143,0.5274980000000011,0.65,229500.00000000309,229499.97663152945,0.00014999991971397566,18825.423634720464,-1.2137206795159727e-08,0.00015,301.124,293.15,317.791,0.0,150000,1,459,45900000,45900000,45900000,0,301124,1,459,45900000,45900000,45900000,0,293150,1,459,45900000,45900000,45900000,0,317791,1,459,45900000,45900000,45900000,0,0,1,459,45900000,45900000,45900000,0,1.0,0.527498,0.65,1.0,0.527498,0.65,1.0,0.527498,0.65,459,46200000,False,1.0,5000.0,300.0,500.0,600000000000.0,100000000000.0,,458
1,corrupt_flow,thermal_loop,461,controller_tick,46000000,46.0,1,0,46000000,460,46000000,RUNNING,,0,0,62,1,0,reconstructed_from_retained_wire,True,,,317.7911498853583,301.1244841872161,293.1499989380862,0.5274980000000011,0.65,230000.0000000031,229999.97657841264,0.00014999991971397566,18825.423634720464,-1.146486283687409e-08,0.00015,301.124,293.15,317.791,0.0,150000,1,460,46000000,46000000,46000000,0,301124,1,460,46000000,46000000,46000000,0,293150,1,460,46000000,46000000,46000000,0,317791,1,460,46000000,46000000,46000000,0,0,1,460,46000000,46000000,46000000,0,1.0,0.527498,0.65,1.0,0.527498,0.65,1.0,0.527498,0.65,460,46300000,False,1.0,5000.0,300.0,500.0,600000000000.0,100000000000.0,,459
1,corrupt_flow,thermal_loop,462,controller_tick,46100000,46.1,1,0,46100000,461,46100000,RUNNING,,0,0,62,1,0,reconstructed_from_retained_wire,True,,,317.79114988826194,301.1244841888237,293.1499989389314,0.5274980000000011,0.65,230500.00000000314,230499.97652533805,0.00014999991971397566,18825.423634720464,-1.158650775323622e-08,0.00015,301.124,293.15,317.791,0.0,150000,1,461,46100000,46100000,46100000,0,301124,1,461,46100000,46100000,46100000,0,293150,1,461,46100000,46100000,46100000,0,317791,1,461,46100000,46100000,46100000,0,0,1,461,46100000,46100000,46100000,0,1.0,0.527498,0.65,1.0,0.527498,0.65,1.0,0.527498,0.65,461,46400000,False,1.0,5000.0,300.0,500.0,600000000000.0,100000000000.0,,460
1,corrupt_flow,thermal_loop,463,controller_tick,46200000,46.2,1,0,46200000,462,46200000,RUNNING,,0,0,62,1,0,reconstructed_from_retained_wire,True,,,317.7911498911617,301.1244841904303,293.149998939777,0.5274980000000011,0.65,231000.00000000317,230999.97647230577,0.00014999991971397566,18825.423634720464,-1.1608790373429656e-08,0.00015,301.124,293.15,317.791,0.0,150000,1,462,46200000,46200000,46200000,0,301124,1,462,46200000,46200000,46200000,0,293150,1,462,46200000,46200000,46200000,0,317791,1,462,46200000,46200000,46200000,0,0,1,462,46200000,46200000,46200000,0,1.0,0.527498,0.65,1.0,0.527498,0.65,1.0,0.527498,0.65,462,46500000,False,1.0,5000.0,300.0,500.0,600000000000.0,100000000000.0,,461
1,corrupt_flow,thermal_loop,464,controller_tick,46300000,46.3,1,0,46300000,463,46300000,RUNNING,,0,0,62,1,0,reconstructed_from_retained_wire,True,,,317.7911498940576,301.12448419203577,293.1499989406231,0.5274980000000011,0.65,231500.0000000032,231499.9764193158,0.00014999991971397566,18825.423634720464,-1.0610392564558424e-08,0.00015,301.124,293.15,317.791,0.0,150000,1,463,46300000,46300000,46300000,0,301124,1,463,46300000,46300000,46300000,0,293150,1,463,46300000,46300000,46300000,0,317791,1,463,46300000,46300000,46300000,0,0,1,463,46300000,46300000,46300000,0,1.0,0.527498,0.65,1.0,0.527498,0.65,1.0,0.527498,0.65,463,46600000,False,1.0,5000.0,300.0,500.0,600000000000.0,100000000000.0,,462
1,corrupt_flow,thermal_loop,465,controller_tick,46400000,46.4,1,0,46400000,464,46400000,RUNNING,,0,0,62,1,0,reconstructed_from_retained_wire,True,,,317.7911498969496,301.12448419364017,293.14999894146956,0.5274980000000011,0.65,232000.00000000323,231999.97636636812,0.00014999991971397566,18825.423634720464,-1.0700659913709387e-08,0.00015,301.124,293.15,317.791,0.0,150000,1,464,46400000,46400000,46400000,0,301124,1,464,46400000,46400000,46400000,0,293150,1,464,46400000,46400000,46400000,0,317791,1,464,46400000,46400000,46400000,0,0,1,464,46400000,46400000,46400000,0,1.0,0.527498,0.65,1.0,0.527498,0.65,1.0,0.527498,0.65,464,46700000,False,1.0,5000.0,300.0,500.0,600000000000.0,100000000000.0,,463
1,corrupt_flow,thermal_loop,466,controller_tick,46500000,46.5,1,0,46500000,465,46500000,RUNNING,,0,0,62,1,0,reconstructed_from_retained_wire,True,,,317.79114989983776,301.1244841952435,293.1499989423164,0.5274980000000011,0.65,232500.00000000326,232499.97631346277,0.00014999991971397566,18825.423634720464,-1.1166775948368013e-08,0.00015,301.124,293.15,317.791,0.0,150000,1,465,46500000,46500000,46500000,0,301124,1,465,46500000,46500000,46500000,0,293150,1,465,46500000,46500000,46500000,0,317791,1,465,46500000,46500000,46500000,0,0,1,465,46500000,46500000,46500000,0,1.0,0.527498,0.65,1.0,0.527498,0.65,1.0,0.527498,0.65,465,46800000,False,1.0,5000.0,300.0,500.0,600000000000.0,100000000000.0,,464
1,corrupt_flow,thermal_loop,467,controller_tick,46600000,46.6,1,0,46600000,466,46600000,RUNNING,,0,0,62,1,0,reconstructed_from_retained_wire,True,,,317.79114990272205,301.1244841968458,293.1499989431637,0.5274980000000011,0.65,233000.0000000033,232999.97626059977,0.00014999991971397566,18825.423634720464,-1.079160938388668e-08,0.00015,301.124,293.15,317.791,0.0,150000,1,466,46600000,46600000,46600000,0,301124,1,466,46600000,46600000,46600000,0,293150,1,466,46600000,46600000,46600000,0,317791,1,466,46600000,46600000,46600000,0,0,1,466,46600000,46600000,46600000,0,1.0,0.527498,0.65,1.0,0.527498,0.65,1.0,0.527498,0.65,466,46900000,False,1.0,5000.0,300.0,500.0,600000000000.0,100000000000.0,,465
1,corrupt_flow,thermal_loop,468,controller_tick,46700000,46.7,1,0,46700000,467,46700000,RUNNING,,0,0,62,1,0,reconstructed_from_retained_wire,True,,,317.7911499056025,301.124484198447,293.14999894401143,0.5274980000000011,0.65,233500.00000000332,233499.97620777914,0.00014999991971397566,18825.423634720464,-1.0734083843999542e-08,0.00015,301.124,293.15,317.791,0.0,150000,1,467,46700000,46700000,46700000,0,301124,1,467,46700000,46700000,46700000,0,293150,1,467,46700000,46700000,46700000,0,317791,1,467,46700000,46700000,46700000,0,0,1,467,46700000,46700000,46700000,0,1.0,0.527498,0.65,1.0,0.527498,0.65,1.0,0.527498,0.65,467,47000000,False,1.0,5000.0,300.0,500.0,600000000000.0,100000000000.0,,466
1,corrupt_flow,thermal_loop,469,controller_tick,46800000,46.8,1,0,46800000,468,46800000,RUNNING,,0,0,62,1,0,reconstructed_from_retained_wire,True,,,317.79114990847904,301.12448420004716,293.1499989448595,0.5274980000000011,0.65,234000.00000000335,233999.9761550009,0.00014999991971397566,18825.423634720464,-1.1677911970764399e-08,0.00015,301.124,293.15,317.791,0.0,150000,1,468,46800000,46800000,46800000,0,301124,1,468,46800000,46800000,46800000,0,293150,1,468,46800000,46800000,46800000,0,317791,1,468,46800000,46800000,46800000,0,0,1,468,46800000,46800000,46800000,0,1.0,0.527498,0.65,1.0,0.527498,0.65,1.0,0.527498,0.65,468,47100000,False,1.0,5000.0,300.0,500.0,600000000000.0,100000000000.0,,467
1,corrupt_flow,thermal_loop,470,controller_tick,46900000,46.9,1,0,46900000,469,46900000,RUNNING,,0,0,62,1,0,reconstructed_from_retained_wire,True,,,317.79114991135185,301.1244842016463,293.1499989457079,0.5274980000000011,0.65,234500.00000000338,234499.9761022651,0.00014999991971397566,18825.423634720464,-1.1298197932774201e-08,0.00015,301.124,293.15,317.791,0.0,150000,1,469,46900000,46900000,46900000,0,301124,1,469,46900000,46900000,46900000,0,293150,1,469,46900000,46900000,46900000,0,317791,1,469,46900000,46900000,46900000,0,0,1,469,46900000,46900000,46900000,0,1.0,0.527498,0.65,1.0,0.527498,0.65,1.0,0.527498,0.65,469,47200000,False,1.0,5000.0,300.0,500.0,600000000000.0,100000000000.0,,468
1,corrupt_flow,thermal_loop,471,controller_tick,47000000,47.0,1,0,47000000,470,47000000,RUNNING,,0,0,62,1,0,reconstructed_from_retained_wire,True,,,317.7911499142208,301.1244842032443,293.14999894655676,0.5274980000000011,0.65,235000.0000000034,234999.9760495717,0.00014999991971397566,18825.423634720464,-1.1177917258464731e-08,0.00015,301.124,293.15,317.791,0.0,150000,1,470,47000000,47000000,47000000,0,301124,1,470,47000000,47000000,47000000,0,293150,1,470,47000000,47000000,47000000,0,317791,1,470,47000000,47000000,47000000,0,0,1,470,47000000,47000000,47000000,0,1.0,0.527498,0.65,1.0,0.527498,0.65,1.0,0.527498,0.65,470,47300000,False,1.0,5000.0,300.0,500.0,600000000000.0,100000000000.0,,469
1,corrupt_flow,thermal_loop,472,controller_tick,47100000,47.1,1,0,47100000,471,47100000,RUNNING,,0,0,62,1,0,reconstructed_from_retained_wire,True,,,317.791149917086,301.12448420484134,293.14999894740595,0.5274980000000011,0.65,235500.00000000343,235499.97599692078,0.00014999991971397566,18825.423634720464,-1.0388703231001273e-08,0.00015,301.124,293.15,317.791,0.0,150000,1,471,47100000,47100000,47100000,0,301124,1,471,47100000,47100000,47100000,0,293150,1,471,47100000,47100000,47100000,0,317791,1,471,47100000,47100000,47100000,0,0,1,471,47100000,47100000,47100000,0,1.0,0.527498,0.65,1.0,0.527498,0.65,1.0,0.527498,0.65,471,47400000,False,1.0,5000.0,300.0,500.0,600000000000.0,100000000000.0,,470
1,corrupt_flow,thermal_loop,473,controller_tick,47200000,47.2,1,0,47200000,472,47200000,RUNNING,,0,0,62,1,0,reconstructed_from_retained_wire,True,,,317.7911499199474,301.1244842064373,293.1499989482555,0.5274980000000011,0.65,236000.00000000343,235999.97594431232,0.00014999991971397566,18825.423634720464,-9.945097190211527e-09,0.00015,301.124,293.15,317.791,0.0,150000,1,472,47200000,47200000,47200000,0,301124,1,472,47200000,47200000,47200000,0,293150,1,472,47200000,47200000,47200000,0,317791,1,472,47200000,47200000,47200000,0,0,1,472,47200000,47200000,47200000,0,1.0,0.527498,0.65,1.0,0.527498,0.65,1.0,0.527498,0.65,472,47500000,False,1.0,5000.0,300.0,500.0,600000000000.0,100000000000.0,,471
1,corrupt_flow,thermal_loop,474,controller_tick,47300000,47.3,1,0,47300000,473,47300000,RUNNING,,0,0,62,1,0,reconstructed_from_retained_wire,True,,,317.79114992280495,301.1244842080321,293.14999894910534,0.5274980000000011,0.65,236500.00000000343,236499.97589174635,0.00014999991971397566,18825.423634720464,-1.0322310117771849e-08,0.00015,301.124,293.15,317.791,0.0,150000,1,473,47300000,47300000,47300000,0,301124,1,473,47300000,47300000,47300000,0,293150,1,473,47300000,47300000,47300000,0,317791,1,473,47300000,47300000,47300000,0,0,1,473,47300000,47300000,47300000,0,1.0,0.527498,0.65,1.0,0.527498,0.65,1.0,0.527498,0.65,473,47600000,False,1.0,5000.0,300.0,500.0,600000000000.0,100000000000.0,,472
1,corrupt_flow,thermal_loop,475,controller_tick,47400000,47.4,1,0,47400000,474,47400000,RUNNING,,0,0,62,1,0,reconstructed_from_retained_wire,True,,,317.7911499256587,301.1244842096259,293.14999894995555,0.5274980000000011,0.65,237000.00000000346,236999.97583922287,0.00014999991971397566,18825.423634720464,-1.0123812899109907e-08,0.00015,301.124,293.15,317.791,0.0,150000,1,474,47400000,47400000,47400000,0,301124,1,474,47400000,47400000,47400000,0,293150,1,474,47400000,47400000,47400000,0,317791,1,474,47400000,47400000,47400000,0,0,1,474,47400000,47400000,47400000,0,1.0,0.527498,0.65,1.0,0.527498,0.65,1.0,0.527498,0.65,474,47700000,False,1.0,5000.0,300.0,500.0,600000000000.0,100000000000.0,,473
1,corrupt_flow,thermal_loop,476,controller_tick,47500000,47.5,1,0,47500000,475,47500000,RUNNING,,0,0,62,1,0,reconstructed_from_retained_wire,True,,,317.79114992850873,301.12448421121866,293.1499989508061,0.5274980000000011,0.65,237500.00000000346,237499.9757867419,0.00014999991971397566,18825.423634720464,-9.644281817600131e-09,0.00015,301.124,293.15,317.791,0.0,150000,1,475,47500000,47500000,47500000,0,301124,1,475,47500000,47500000,47500000,0,293150,1,475,47500000,47500000,47500000,0,317791,1,475,47500000,47500000,47500000,0,0,1,475,47500000,47500000,47500000,0,1.0,0.527498,0.65,1.0,0.527498,0.65,1.0,0.527498,0.65,475,47800000,False,1.0,5000.0,300.0,500.0,600000000000.0,100000000000.0,,474
1,corrupt_flow,thermal_loop,477,controller_tick,47600000,47.6,1,0,47600000,476,47600000,RUNNING,,0,0,62,1,0,reconstructed_from_retained_wire,True,,,317.79114993135494,301.12448421281033,293.1499989516569,0.5274980000000011,0.65,238000.0000000035,237999.9757343035,0.00014999991971397566,18825.423634720464,-1.0194071364821866e-08,0.00015,301.124,293.15,317.791,0.0,150000,1,476,47600000,47600000,47600000,0,301124,1,476,47600000,47600000,47600000,0,293150,1,476,47600000,47600000,47600000,0,317791,1,476,47600000,47600000,47600000,0,0,1,476,47600000,47600000,47600000,0,1.0,0.527498,0.65,1.0,0.527498,0.65,1.0,0.527498,0.65,476,47900000,False,1.0,5000.0,300.0,500.0,600000000000.0,100000000000.0,,475
1,corrupt_flow,thermal_loop,478,controller_tick,47700000,47.7,1,0,47700000,477,47700000,RUNNING,,0,0,62,1,0,reconstructed_from_retained_wire,True,,,317.79114993419745,301.124484214401,293.14999895250804,0.5274980000000011,0.65,238500.00000000352,238499.97568190764,0.00014999991971397566,18825.423634720464,-1.0131998351425864e-08,0.00015,301.124,293.15,317.791,0.0,150000,1,477,47700000,47700000,47700000,0,301124,1,477,47700000,47700000,47700000,0,293150,1,477,47700000,47700000,47700000,0,317791,1,477,47700000,47700000,47700000,0,0,1,477,47700000,47700000,47700000,0,1.0,0.527498,0.65,1.0,0.527498,0.65,1.0,0.527498,0.65,477,48000000,False,1.0,5000.0,300.0,500.0,600000000000.0,100000000000.0,,476
1,corrupt_flow,thermal_loop,479,controller_tick,47800000,47.8,1,0,47800000,478,47800000,RUNNING,,0,0,62,1,0,reconstructed_from_retained_wire,True,,,317.79114993703615,301.12448421599055,293.1499989533595,0.5274980000000011,0.65,239000.00000000355,238999.97562955433,0.00014999991971397566,18825.423634720464,-1.0357325663790107e-08,0.00015,301.124,293.15,317.791,0.0,150000,1,478,47800000,47800000,47800000,0,301124,1,478,47800000,47800000,47800000,0,293150,1,478,47800000,47800000,47800000,0,317791,1,478,47800000,47800000,47800000,0,0,1,478,47800000,47800000,47800000,0,1.0,0.527498,0.65,1.0,0.527498,0.65,1.0,0.527498,0.65,478,48100000,False,1.0,5000.0,300.0,500.0,600000000000.0,100000000000.0,,477
1,corrupt_flow,thermal_loop,480,controller_tick,47900000,47.9,1,0,47900000,479,47900000,RUNNING,,0,0,62,1,0,reconstructed_from_retained_wire,True,,,317.79114993987116,301.12448421757915,293.1499989542112,0.5274980000000011,0.65,239500.00000000358,239499.9755772436,0.00014999991971397566,18825.423634720464,-1.0179292075918056e-08,0.00015,301.124,293.15,317.791,0.0,150000,1,479,47900000,47900000,47900000,0,301124,1,479,47900000,47900000,47900000,0,293150,1,479,47900000,47900000,47900000,0,317791,1,479,47900000,47900000,47900000,0,0,1,479,47900000,47900000,47900000,0,1.0,0.527498,0.65,1.0,0.527498,0.65,1.0,0.527498,0.65,479,48200000,False,1.0,5000.0,300.0,500.0,600000000000.0,100000000000.0,,478
1,corrupt_flow,thermal_loop,481,controller_tick,48000000,48.0,1,0,48000000,480,48000000,RUNNING,,0,0,62,1,0,reconstructed_from_retained_wire,True,,,317.79114994270236,301.1244842191666,293.1499989550632,0.5274980000000011,0.65,240000.0000000036,239999.97552497548,0.00014999991971397566,18825.423634720464,-1.0705662134569138e-08,0.00015,301.124,293.15,317.791,0.0,150000,1,480,48000000,48000000,48000000,0,301124,1,480,48000000,48000000,48000000,0,293150,1,480,48000000,48000000,48000000,0,317791,1,480,48000000,48000000,48000000,0,0,1,480,48000000,48000000,48000000,0,1.0,0.527498,0.65,1.0,0.527498,0.65,1.0,0.527498,0.65,480,48300000,False,1.0,5000.0,300.0,500.0,600000000000.0,100000000000.0,,479
1,corrupt_flow,thermal_loop,482,controller_tick,48100000,48.1,1,0,48100000,481,48100000,RUNNING,,0,0,62,1,0,reconstructed_from_retained_wire,True,,,317.7911499455299,301.124484220753,293.1499989559155,0.5274980000000011,0.65,240500.00000000364,240499.97547274997,0.00014999991971397566,18825.423634720464,-1.046873876475729e-08,0.00015,301.124,293.15,317.791,0.0,150000,1,481,48100000,48100000,48100000,0,301124,1,481,48100000,48100000,48100000,0,293150,1,481,48100000,48100000,48100000,0,317791,1,481,48100000,48100000,48100000,0,0,1,481,48100000,48100000,48100000,0,1.0,0.527498,0.65,1.0,0.527498,0.65,1.0,0.527498,0.65,481,48400000,False,1.0,5000.0,300.0,500.0,600000000000.0,100000000000.0,,480
1,corrupt_flow,thermal_loop,483,controller_tick,48200000,48.2,1,0,48200000,482,48200000,RUNNING,,0,0,62,1,0,reconstructed_from_retained_wire,True,,,317.79114994835373,301.1244842223384,293.14999895676806,0.5274980000000011,0.65,241000.00000000367,240999.97542056706,0.00014999991971397566,18825.423634720464,-1.0367784852860495e-08,0.00015,301.124,293.15,317.791,0.0,150000,1,482,48200000,48200000,48200000,0,301124,1,482,48200000,48200000,48200000,0,293150,1,482,48200000,48200000,48200000,0,317791,1,482,48200000,48200000,48200000,0,0,1,482,48200000,48200000,48200000,0,1.0,0.527498,0.65,1.0,0.527498,0.65,1.0,0.527498,0.65,482,48500000,False,1.0,5000.0,300.0,500.0,600000000000.0,100000000000.0,,481
1,corrupt_flow,thermal_loop,484,controller_tick,48300000,48.3,1,0,48300000,483,48300000,RUNNING,,0,0,62,1,0,reconstructed_from_retained_wire,True,,,317.79114995117385,301.12448422392276,293.1499989576209,0.5274980000000011,0.65,241500.0000000037,241499.9753684268,0.00014999991971397566,18825.423634720464,-1.0042867870652117e-08,0.00015,301.124,293.15,317.791,0.0,150000,1,483,48300000,48300000,48300000,0,301124,1,483,48300000,48300000,48300000,0,293150,1,483,48300000,48300000,48300000,0,317791,1,483,48300000,48300000,48300000,0,0,1,483,48300000,48300000,48300000,0,1.0,0.527498,0.65,1.0,0.527498,0.65,1.0,0.527498,0.65,483,48600000,False,1.0,5000.0,300.0,500.0,600000000000.0,100000000000.0,,482
1,corrupt_flow,thermal_loop,485,controller_tick,48400000,48.4,1,0,48400000,484,48400000,RUNNING,,0,0,62,1,0,reconstructed_from_retained_wire,True,,,317.7911499539902,301.124484225506,293.149998958474,0.5274980000000011,0.65,242000.00000000373,241999.9753163292,0.00014999991971397566,18825.423634720464,-1.0033318176283501e-08,0.00015,301.124,293.15,317.791,0.0,150000,1,484,48400000,48400000,48400000,0,301124,1,484,48400000,48400000,48400000,0,293150,1,484,48400000,48400000,48400000,0,317791,1,484,48400000,48400000,48400000,0,0,1,484,48400000,48400000,48400000,0,1.0,0.527498,0.65,1.0,0.527498,0.65,1.0,0.527498,0.65,484,48700000,False,1.0,5000.0,300.0,500.0,600000000000.0,100000000000.0,,483
1,corrupt_flow,thermal_loop,486,controller_tick,48500000,48.5,1,0,48500000,485,48500000,RUNNING,,0,0,62,1,0,reconstructed_from_retained_wire,True,,,317.7911499568029,301.1244842270882,293.1499989593273,0.5274980000000011,0.65,242500.00000000375,242499.97526427425,0.00014999991971397566,18825.423634720464,-1.04835180536611e-08,0.00015,301.124,293.15,317.791,0.0,150000,1,485,48500000,48500000,48500000,0,301124,1,485,48500000,48500000,48500000,0,293150,1,485,48500000,48500000,48500000,0,317791,1,485,48500000,48500000,48500000,0,0,1,485,48500000,48500000,48500000,0,1.0,0.527498,0.65,1.0,0.527498,0.65,1.0,0.527498,0.65,485,48800000,False,1.0,5000.0,300.0,500.0,600000000000.0,100000000000.0,,484
1,corrupt_flow,thermal_loop,487,controller_tick,48600000,48.6,1,0,48600000,486,48600000,RUNNING,,0,0,62,1,0,reconstructed_from_retained_wire,True,,,317.7911499596119,301.1244842286694,293.1499989601809,0.5274980000000011,0.65,243000.00000000375,242999.97521226195,0.00014999991971397566,18825.423634720464,-9.874611350824125e-09,0.00015,301.124,293.15,317.791,0.0,150000,1,486,48600000,48600000,48600000,0,301124,1,486,48600000,48600000,48600000,0,293150,1,486,48600000,48600000,48600000,0,317791,1,486,48600000,48600000,48600000,0,0,1,486,48600000,48600000,48600000,0,1.0,0.527498,0.65,1.0,0.527498,0.65,1.0,0.527498,0.65,486,48900000,False,1.0,5000.0,300.0,500.0,600000000000.0,100000000000.0,,485
1,corrupt_flow,thermal_loop,488,controller_tick,48700000,48.7,1,0,48700000,487,48700000,RUNNING,,0,0,62,1,0,reconstructed_from_retained_wire,True,,,317.7911499624172,301.12448423024955,293.14999896103467,0.5274980000000011,0.65,243500.00000000375,243499.97516029238,0.00014999991971397566,18825.423634720464,-1.0235680747427978e-08,0.00015,301.124,293.15,317.791,0.0,150000,1,487,48700000,48700000,48700000,0,301124,1,487,48700000,48700000,48700000,0,293150,1,487,48700000,48700000,48700000,0,317791,1,487,48700000,48700000,48700000,0,0,1,487,48700000,48700000,48700000,0,1.0,0.527498,0.65,1.0,0.527498,0.65,1.0,0.527498,0.65,487,49000000,False,1.0,5000.0,300.0,500.0,600000000000.0,100000000000.0,,486
1,corrupt_flow,thermal_loop,489,controller_tick,48800000,48.8,1,0,48800000,488,48800000,RUNNING,,0,0,62,1,0,reconstructed_from_retained_wire,True,,,317.79114996521884,301.1244842318286,293.1499989618887,0.5274980000000011,0.65,244000.00000000378,243999.97510836547,0.00014999991971397566,18825.423634720464,-1.0517169357626699e-08,0.00015,301.124,293.15,317.791,0.0,150000,1,488,48800000,48800000,48800000,0,301124,1,488,48800000,48800000,48800000,0,293150,1,488,48800000,48800000,48800000,0,317791,1,488,48800000,48800000,48800000,0,0,1,488,48800000,48800000,48800000,0,1.0,0.527498,0.65,1.0,0.527498,0.65,1.0,0.527498,0.65,488,49100000,False,1.0,5000.0,300.0,500.0,600000000000.0,100000000000.0,,487
1,corrupt_flow,thermal_loop,490,controller_tick,48900000,48.9,1,0,48900000,489,48900000,RUNNING,,0,0,62,1,0,reconstructed_from_retained_wire,True,,,317.79114996801684,301.1244842334066,293.1499989627429,0.5274980000000011,0.65,244500.0000000038,244499.9750564813,0.00014999991971397566,18825.423634720464,-1.0631765690050088e-08,0.00015,301.124,293.15,317.791,0.0,150000,1,489,48900000,48900000,48900000,0,301124,1,489,48900000,48900000,48900000,0,293150,1,489,48900000,48900000,48900000,0,317791,1,489,48900000,48900000,48900000,0,0,1,489,48900000,48900000,48900000,0,1.0,0.527498,0.65,1.0,0.527498,0.65,1.0,0.527498,0.65,489,49200000,False,1.0,5000.0,300.0,500.0,600000000000.0,100000000000.0,,488
1,corrupt_flow,thermal_loop,491,controller_tick,49000000,49.0,1,0,49000000,490,49000000,RUNNING,,0,0,62,1,0,reconstructed_from_retained_wire,True,,,317.7911499708112,301.1244842349836,293.1499989635974,0.5274980000000011,0.65,245000.00000000384,244999.9750046398,0.00014999991971397566,18825.423634720464,-9.658151611802168e-09,0.00015,301.124,293.15,317.791,0.0,150000,1,490,49000000,49000000,49000000,0,301124,1,490,49000000,49000000,49000000,0,293150,1,490,49000000,49000000,49000000,0,317791,1,490,49000000,49000000,49000000,0,0,1,490,49000000,49000000,49000000,0,1.0,0.527498,0.65,1.0,0.527498,0.65,1.0,0.527498,0.65,490,49300000,False,1.0,5000.0,300.0,500.0,600000000000.0,100000000000.0,,489
1,corrupt_flow,thermal_loop,492,controller_tick,49100000,49.1,1,0,49100000,491,49100000,RUNNING,,0,0,62,1,0,reconstructed_from_retained_wire,True,,,317.79114997360193,301.1244842365595,293.14999896445204,0.5274980000000011,0.65,245500.00000000384,245499.97495284106,0.00014999991971397566,18825.423634720464,-9.172254067379981e-09,0.00015,301.124,293.15,317.791,0.0,150000,1,491,49100000,49100000,49100000,0,301124,1,491,49100000,49100000,49100000,0,293150,1,491,49100000,49100000,49100000,0,317791,1,491,49100000,49100000,49100000,0,0,1,491,49100000,49100000,49100000,0,1.0,0.527498,0.65,1.0,0.527498,0.65,1.0,0.527498,0.65,491,49400000,False,1.0,5000.0,300.0,500.0,600000000000.0,100000000000.0,,490
1,corrupt_flow,thermal_loop,493,controller_tick,49200000,49.2,1,0,49200000,492,49200000,RUNNING,,0,0,62,1,0,reconstructed_from_retained_wire,True,,,317.791149976389,301.12448423813436,293.14999896530685,0.5274980000000011,0.65,246000.00000000387,245999.97490108505,0.00014999991971397566,18825.423634720464,-9.261384548153728e-09,0.00015,301.124,293.15,317.791,0.0,150000,1,492,49200000,49200000,49200000,0,301124,1,492,49200000,49200000,49200000,0,293150,1,492,49200000,49200000,49200000,0,317791,1,492,49200000,49200000,49200000,0,0,1,492,49200000,49200000,49200000,0,1.0,0.527498,0.65,1.0,0.527498,0.65,1.0,0.527498,0.65,492,49500000,False,1.0,5000.0,300.0,500.0,600000000000.0,100000000000.0,,491
1,corrupt_flow,thermal_loop,494,controller_tick,49300000,49.3,1,0,49300000,493,49300000,RUNNING,,0,0,62,1,0,reconstructed_from_retained_wire,True,,,317.7911499791725,301.1244842397082,293.1499989661619,0.5274980000000011,0.65,246500.0000000039,246499.97484937176,0.00014999991971397566,18825.423634720464,-8.708411769475788e-09,0.00015,301.124,293.15,317.791,0.0,150000,1,493,49300000,49300000,49300000,0,301124,1,493,49300000,49300000,49300000,0,293150,1,493,49300000,49300000,49300000,0,317791,1,493,49300000,49300000,49300000,0,0,1,493,49300000,49300000,49300000,0,1.0,0.527498,0.65,1.0,0.527498,0.65,1.0,0.527498,0.65,493,49600000,False,1.0,5000.0,300.0,500.0,600000000000.0,100000000000.0,,492
1,corrupt_flow,thermal_loop,495,controller_tick,49400000,49.4,1,0,49400000,494,49400000,RUNNING,,0,0,62,1,0,reconstructed_from_retained_wire,True,,,317.7911499819523,301.1244842412809,293.1499989670171,0.5274980000000011,0.65,247000.00000000393,246999.97479770126,0.00014999991971397566,18825.423634720464,-8.64315552462358e-09,0.00015,301.124,293.15,317.791,0.0,150000,1,494,49400000,49400000,49400000,0,301124,1,494,49400000,49400000,49400000,0,293150,1,494,49400000,49400000,49400000,0,317791,1,494,49400000,49400000,49400000,0,0,1,494,49400000,49400000,49400000,0,1.0,0.527498,0.65,1.0,0.527498,0.65,1.0,0.527498,0.65,494,49700000,False,1.0,5000.0,300.0,500.0,600000000000.0,100000000000.0,,493
1,corrupt_flow,thermal_loop,496,controller_tick,49500000,49.5,1,0,49500000,495,49500000,RUNNING,,0,0,62,1,0,reconstructed_from_retained_wire,True,,,317.79114998472846,301.1244842428527,293.1499989678725,0.5274980000000011,0.65,247500.00000000396,247499.9747460735,0.00014999991971397566,18825.423634720464,-8.144297680701129e-09,0.00015,301.124,293.15,317.791,0.0,150000,1,495,49500000,49500000,49500000,0,301124,1,495,49500000,49500000,49500000,0,293150,1,495,49500000,49500000,49500000,0,317791,1,495,49500000,49500000,49500000,0,0,1,495,49500000,49500000,49500000,0,1.0,0.527498,0.65,1.0,0.527498,0.65,1.0,0.527498,0.65,495,49800000,False,1.0,5000.0,300.0,500.0,600000000000.0,100000000000.0,,494
1,corrupt_flow,thermal_loop,497,controller_tick,49600000,49.6,1,0,49600000,496,49600000,RUNNING,,0,0,62,1,0,reconstructed_from_retained_wire,True,,,317.791149987501,301.12448424442334,293.1499989687281,0.5274980000000011,0.65,248000.000000004,247999.97469448854,0.00014999991971397566,18825.423634720464,-7.895550879766233e-09,0.00015,301.124,293.15,317.791,0.0,150000,1,496,49600000,49600000,49600000,0,301124,1,496,49600000,49600000,49600000,0,293150,1,496,49600000,49600000,49600000,0,317791,1,496,49600000,49600000,49600000,0,0,1,496,49600000,49600000,49600000,0,1.0,0.527498,0.65,1.0,0.527498,0.65,1.0,0.527498,0.65,496,49900000,False,1.0,5000.0,300.0,500.0,600000000000.0,100000000000.0,,495
1,corrupt_flow,thermal_loop,498,controller_tick,49700000,49.7,1,0,49700000,497,49700000,RUNNING,,0,0,62,1,0,reconstructed_from_retained_wire,True,,,317.79114999027,301.12448424599296,293.14999896958375,0.5274980000000011,0.65,248500.00000000402,248499.97464294633,0.00014999991971397566,18825.423634720464,-7.977178029250354e-09,0.00015,301.124,293.15,317.791,0.0,150000,1,497,49700000,49700000,49700000,0,301124,1,497,49700000,49700000,49700000,0,293150,1,497,49700000,49700000,49700000,0,317791,1,497,49700000,49700000,49700000,0,0,1,497,49700000,49700000,49700000,0,1.0,0.527498,0.65,1.0,0.527498,0.65,1.0,0.527498,0.65,497,50000000,False,1.0,5000.0,300.0,500.0,600000000000.0,100000000000.0,,496
1,corrupt_flow,thermal_loop,499,controller_tick,49800000,49.8,1,0,49800000,498,49800000,RUNNING,,0,0,62,1,0,reconstructed_from_retained_wire,True,,,317.7911499930354,301.12448424756155,293.1499989704396,0.5274980000000011,0.65,249000.00000000402,248999.97459144692,0.00014999991971397566,18825.423634720464,-8.013103069970384e-09,0.00015,301.124,293.15,317.791,0.0,150000,1,498,49800000,49800000,49800000,0,301124,1,498,49800000,49800000,49800000,0,293150,1,498,49800000,49800000,49800000,0,317791,1,498,49800000,49800000,49800000,0,0,1,498,49800000,49800000,49800000,0,1.0,0.527498,0.65,1.0,0.527498,0.65,1.0,0.527498,0.65,498,50100000,False,1.0,5000.0,300.0,500.0,600000000000.0,100000000000.0,,497
1,corrupt_flow,thermal_loop,500,controller_tick,49900000,49.9,1,0,49900000,499,49900000,RUNNING,,0,0,62,1,0,reconstructed_from_retained_wire,True,,,317.7911499957972,301.12448424912907,293.1499989712956,0.5274980000000011,0.65,249500.00000000405,249499.9745399903,0.00014999991971397566,18825.423634720464,-7.997414286364801e-09,0.00015,301.124,293.15,317.791,0.0,150000,1,499,49900000,49900000,49900000,0,301124,1,499,49900000,49900000,49900000,0,293150,1,499,49900000,49900000,49900000,0,317791,1,499,49900000,49900000,49900000,0,0,1,499,49900000,49900000,49900000,0,1.0,0.527498,0.65,1.0,0.527498,0.65,1.0,0.527498,0.65,499,50200000,False,1.0,5000.0,300.0,500.0,600000000000.0,100000000000.0,,498
1,corrupt_flow,thermal_loop,501,controller_tick,50000000,50.0,1,0,50000000,500,50000000,RUNNING,,0,0,62,1,0,reconstructed_from_retained_wire,True,,,317.79114999855534,301.12448425069556,293.1499989721517,0.5274980000000011,0.65,250000.00000000407,249999.9744885765,0.00014999991971397566,18825.423634720464,-8.677943696966395e-09,0.00015,301.124,293.15,317.791,0.0,150000,1,500,50000000,50000000,50000000,0,301124,1,500,50000000,50000000,50000000,0,293150,1,500,50000000,50000000,50000000,0,317791,1,500,50000000,50000000,50000000,0,0,1,500,50000000,50000000,50000000,0,1.0,0.527498,0.65,1.0,0.527498,0.65,1.0,0.527498,0.65,500,50300000,False,1.0,5000.0,300.0,500.0,600000000000.0,100000000000.0,,499
1,corrupt_flow,thermal_loop,502,controller_tick,50100000,50.1,1,0,50100000,501,50100000,RUNNING,,0,0,62,1,0,reconstructed_from_retained_wire,True,,,317.79115000131,301.12448425226097,293.149998973008,0.5274980000000011,0.65,250500.0000000041,250499.9744372055,0.00014999991971397566,18825.423634720464,-8.680217433720827e-09,0.00015,301.124,293.15,317.791,0.0,150000,1,501,50100000,50100000,50100000,0,301124,1,501,50100000,50100000,50100000,0,293150,1,501,50100000,50100000,50100000,0,317791,1,501,50100000,50100000,50100000,0,0,1,501,50100000,50100000,50100000,0,1.0,0.527498,0.65,1.0,0.527498,0.65,1.0,0.527498,0.65,501,50400000,False,1.0,5000.0,300.0,500.0,600000000000.0,100000000000.0,,500
1,corrupt_flow,thermal_loop,503,controller_tick,50200000,50.2,1,0,50200000,502,50200000,RUNNING,,0,0,62,1,0,reconstructed_from_retained_wire,True,,,317.791150004061,301.1244842538253,293.1499989738644,0.5274980000000011,0.65,251000.00000000413,250999.9743858773,0.00014999991971397566,18825.423634720464,-9.285486157750711e-09,0.00015,301.124,293.15,317.791,0.0,150000,1,502,50200000,50200000,50200000,0,301124,1,502,50200000,50200000,50200000,0,293150,1,502,50200000,50200000,50200000,0,317791,1,502,50200000,50200000,50200000,0,0,1,502,50200000,50200000,50200000,0,1.0,0.527498,0.65,1.0,0.527498,0.65,1.0,0.527498,0.65,502,50500000,False,1.0,5000.0,300.0,500.0,600000000000.0,100000000000.0,,501
1,corrupt_flow,thermal_loop,504,controller_tick,50300000,50.3,1,0,50300000,503,50300000,RUNNING,,0,0,62,1,0,reconstructed_from_retained_wire,True,,,317.79115000680855,301.1244842553886,293.1499989747209,0.5274980000000011,0.65,251500.00000000416,251499.97433459197,0.00014999991971397566,18825.423634720464,-9.421000868314877e-09,0.00015,301.124,293.15,317.791,0.0,150000,1,503,50300000,50300000,50300000,0,301124,1,503,50300000,50300000,50300000,0,293150,1,503,50300000,50300000,50300000,0,317791,1,503,50300000,50300000,50300000,0,0,1,503,50300000,50300000,50300000,0,1.0,0.527498,0.65,1.0,0.527498,0.65,1.0,0.527498,0.65,503,50600000,False,1.0,5000.0,300.0,500.0,600000000000.0,100000000000.0,,502
1,corrupt_flow,thermal_loop,505,controller_tick,50400000,50.4,1,0,50400000,504,50400000,RUNNING,,0,0,62,1,0,reconstructed_from_retained_wire,True,,,317.7911500095525,301.1244842569509,293.14999897557755,0.5274980000000011,0.65,252000.0000000042,251999.97428334944,0.00014999991971397566,18825.423634720464,-9.68429958447814e-09,0.00015,301.124,293.15,317.791,0.0,150000,1,504,50400000,50400000,50400000,0,301124,1,504,50400000,50400000,50400000,0,293150,1,504,50400000,50400000,50400000,0,317791,1,504,50400000,50400000,50400000,0,0,1,504,50400000,50400000,50400000,0,1.0,0.527498,0.65,1.0,0.527498,0.65,1.0,0.527498,0.65,504,50700000,False,1.0,5000.0,300.0,500.0,600000000000.0,100000000000.0,,503
1,corrupt_flow,thermal_loop,506,controller_tick,50500000,50.5,1,0,50500000,505,50500000,RUNNING,,0,0,62,1,0,reconstructed_from_retained_wire,True,,,317.7911500122929,301.1244842585121,293.1499989764343,0.5274980000000011,0.65,252500.00000000422,252499.97423214975,0.00014999991971397566,18825.423634720464,-9.95305526885204e-09,0.00015,301.124,293.15,317.791,0.0,150000,1,505,50500000,50500000,50500000,0,301124,1,505,50500000,50500000,50500000,0,293150,1,505,50500000,50500000,50500000,0,317791,1,505,50500000,50500000,50500000,0,0,1,505,50500000,50500000,50500000,0,1.0,0.527498,0.65,1.0,0.527498,0.65,1.0,0.527498,0.65,505,50800000,False,1.0,5000.0,300.0,500.0,600000000000.0,100000000000.0,,504
1,corrupt_flow,thermal_loop,507,controller_tick,50600000,50.6,1,0,50600000,506,50600000,RUNNING,,0,0,62,1,0,reconstructed_from_retained_wire,True,,,317.79115001502976,301.1244842600722,293.14999897729115,0.5274980000000011,0.65,253000.00000000425,252999.9741809929,0.00014999991971397566,18825.423634720464,-1.0795702110044658e-08,0.00015,301.124,293.15,317.791,0.0,150000,1,506,50600000,50600000,50600000,0,301124,1,506,50600000,50600000,50600000,0,293150,1,506,50600000,50600000,50600000,0,317791,1,506,50600000,50600000,50600000,0,0,1,506,50600000,50600000,50600000,0,1.0,0.527498,0.65,1.0,0.527498,0.65,1.0,0.527498,0.65,506,50900000,False,1.0,5000.0,300.0,500.0,600000000000.0,100000000000.0,,505
1,corrupt_flow,thermal_loop,508,controller_tick,50700000,50.7,1,0,50700000,507,50700000,RUNNING,,0,0,62,1,0,reconstructed_from_retained_wire,True,,,317.7911500177631,301.1244842616313,293.1499989781481,0.5274980000000011,0.65,253500.00000000425,253499.9741298789,0.00014999991971397566,18825.423634720464,-1.1139491107314825e-08,0.00015,301.124,293.15,317.791,0.0,150000,1,507,50700000,50700000,50700000,0,301124,1,507,50700000,50700000,50700000,0,293150,1,507,50700000,50700000,50700000,0,317791,1,507,50700000,50700000,50700000,0,0,1,507,50700000,50700000,50700000,0,1.0,0.527498,0.65,1.0,0.527498,0.65,1.0,0.527498,0.65,507,51000000,False,1.0,5000.0,300.0,500.0,600000000000.0,100000000000.0,,506
1,corrupt_flow,thermal_loop,509,controller_tick,50800000,50.8,1,0,50800000,508,50800000,RUNNING,,0,0,62,1,0,reconstructed_from_retained_wire,True,,,317.7911500204929,301.12448426318934,293.1499989790052,0.5274980000000011,0.65,254000.00000000428,253999.97407880775,0.00014999991971397566,18825.423634720464,-1.092030288418755e-08,0.00015,301.124,293.15,317.791,0.0,150000,1,508,50800000,50800000,50800000,0,301124,1,508,50800000,50800000,50800000,0,293150,1,508,50800000,50800000,50800000,0,317791,1,508,50800000,50800000,50800000,0,0,1,508,50800000,50800000,50800000,0,1.0,0.527498,0.65,1.0,0.527498,0.65,1.0,0.527498,0.65,508,51100000,False,1.0,5000.0,300.0,500.0,600000000000.0,100000000000.0,,507
1,corrupt_flow,thermal_loop,510,controller_tick,50900000,50.9,1,0,50900000,509,50900000,RUNNING,,0,0,62,1,0,reconstructed_from_retained_wire,True,,,317.7911500232193,301.12448426474634,293.1499989798623,0.5274980000000011,0.65,254500.0000000043,254499.97402777945,0.00014999991971397566,18825.423634720464,-1.1088559404015541e-08,0.00015,301.124,293.15,317.791,0.0,150000,1,509,50900000,50900000,50900000,0,301124,1,509,50900000,50900000,50900000,0,293150,1,509,50900000,50900000,50900000,0,317791,1,509,50900000,50900000,50900000,0,0,1,509,50900000,50900000,50900000,0,1.0,0.527498,0.65,1.0,0.527498,0.65,1.0,0.527498,0.65,509,51200000,False,1.0,5000.0,300.0,500.0,600000000000.0,100000000000.0,,508
1,corrupt_flow,thermal_loop,511,controller_tick,51000000,51.0,1,0,51000000,510,51000000,RUNNING,,0,0,62,1,0,reconstructed_from_retained_wire,True,,,317.79115002594216,301.12448426630226,293.1499989807195,0.5274980000000011,0.65,255000.0000000043,254999.973976794,0.00014999991971397566,18825.423634720464,-1.1233169061597437e-08,0.00015,301.124,293.15,317.791,0.0,150000,1,510,51000000,51000000,51000000,0,301124,1,510,51000000,51000000,51000000,0,293150,1,510,51000000,51000000,51000000,0,317791,1,510,51000000,51000000,51000000,0,0,1,510,51000000,51000000,51000000,0,1.0,0.527498,0.65,1.0,0.527498,0.65,1.0,0.527498,0.65,510,51300000,False,1.0,5000.0,300.0,500.0,600000000000.0,100000000000.0,,509
1,corrupt_flow,thermal_loop,512,controller_tick,51100000,51.1,1,0,51100000,511,51100000,RUNNING,,0,0,62,1,0,reconstructed_from_retained_wire,True,,,317.7911500286615,301.12448426785716,293.14999898157674,0.5274980000000011,0.65,255500.0000000043,255499.9739258514,0.00014999991971397566,18825.423634720464,-1.1591737347771414e-08,0.00015,301.124,293.15,317.791,0.0,150000,1,511,51100000,51100000,51100000,0,301124,1,511,51100000,51100000,51100000,0,293150,1,511,51100000,51100000,51100000,0,317791,1,511,51100000,51100000,51100000,0,0,1,511,51100000,51100000,51100000,0,1.0,0.527498,0.65,1.0,0.527498,0.65,1.0,0.527498,0.65,511,51400000,False,1.0,5000.0,300.0,500.0,600000000000.0,100000000000.0,,510
1,corrupt_flow,thermal_loop,513,controller_tick,51200000,51.2,1,0,51200000,512,51200000,RUNNING,,0,0,62,1,0,reconstructed_from_retained_wire,True,,,317.7911500313773,301.12448426941097,293.14999898243406,0.5274980000000011,0.65,256000.00000000434,255999.97387495168,0.00014999991971397566,18825.423634720464,-1.266857907467056e-08,0.00015,301.124,293.15,317.791,0.0,150000,1,512,51200000,51200000,51200000,0,301124,1,512,51200000,51200000,51200000,0,293150,1,512,51200000,51200000,51200000,0,317791,1,512,51200000,51200000,51200000,0,0,1,512,51200000,51200000,51200000,0,1.0,0.527498,0.65,1.0,0.527498,0.65,1.0,0.527498,0.65,512,51500000,False,1.0,5000.0,300.0,500.0,600000000000.0,100000000000.0,,511
1,corrupt_flow,thermal_loop,514,controller_tick,51300000,51.3,1,0,51300000,513,51300000,RUNNING,,0,0,62,1,0,reconstructed_from_retained_wire,True,,,317.79115003408964,301.12448427096376,293.1499989832915,0.5274980000000011,0.65,256500.00000000437,256499.97382409484,0.00014999991971397566,18825.423634720464,-1.2678128769039176e-08,0.00015,301.124,293.15,317.791,0.0,150000,1,513,51300000,51300000,51300000,0,301124,1,513,51300000,51300000,51300000,0,293150,1,513,51300000,51300000,51300000,0,317791,1,513,51300000,51300000,51300000,0,0,1,513,51300000,51300000,51300000,0,1.0,0.527498,0.65,1.0,0.527498,0.65,1.0,0.527498,0.65,513,51600000,False,1.0,5000.0,300.0,500.0,600000000000.0,100000000000.0,,512
1,corrupt_flow,thermal_loop,515,controller_tick,51400000,51.4,1,0,51400000,514,51400000,RUNNING,,0,0,62,1,0,reconstructed_from_retained_wire,True,,,317.7911500367985,301.12448427251553,293.14999898414897,0.5274980000000011,0.65,257000.00000000437,256999.97377328086,0.00014999991971397566,18825.423634720464,-1.230409907293506e-08,0.00015,301.124,293.15,317.791,0.0,150000,1,514,51400000,51400000,51400000,0,301124,1,514,51400000,51400000,51400000,0,293150,1,514,51400000,51400000,51400000,0,317791,1,514,51400000,51400000,51400000,0,0,1,514,51400000,51400000,51400000,0,1.0,0.527498,0.65,1.0,0.527498,0.65,1.0,0.527498,0.65,514,51700000,False,1.0,5000.0,300.0,500.0,600000000000.0,100000000000.0,,513
1,corrupt_flow,thermal_loop,516,controller_tick,51500000,51.5,1,0,51500000,515,51500000,RUNNING,,0,0,62,1,0,reconstructed_from_retained_wire,True,,,317.791150039504,301.1244842740663,293.1499989850065,0.5274980000000011,0.65,257500.0000000044,257499.97372250975,0.00014999991971397566,18825.423634720464,-1.1036263458663598e-08,0.00015,301.124,293.15,317.791,0.0,150000,1,515,51500000,51500000,51500000,0,301124,1,515,51500000,51500000,51500000,0,293150,1,515,51500000,51500000,51500000,0,317791,1,515,51500000,51500000,51500000,0,0,1,515,51500000,51500000,51500000,0,1.0,0.527498,0.65,1.0,0.527498,0.65,1.0,0.527498,0.65,515,51800000,False,1.0,5000.0,300.0,500.0,600000000000.0,100000000000.0,,514
1,corrupt_flow,thermal_loop,517,controller_tick,51600000,51.6,1,0,51600000,516,51600000,RUNNING,,0,0,62,1,0,reconstructed_from_retained_wire,True,,,317.7911500422059,301.1244842756159,293.14999898586404,0.5274980000000011,0.65,258000.00000000442,257999.9736717815,0.00014999991971397566,18825.423634720464,-1.164562490885146e-08,0.00015,301.124,293.15,317.791,0.0,150000,1,516,51600000,51600000,51600000,0,301124,1,516,51600000,51600000,51600000,0,293150,1,516,51600000,51600000,51600000,0,317791,1,516,51600000,51600000,51600000,0,0,1,516,51600000,51600000,51600000,0,1.0,0.527498,0.65,1.0,0.527498,0.65,1.0,0.527498,0.65,516,51900000,False,1.0,5000.0,300.0,500.0,600000000000.0,100000000000.0,,515
1,corrupt_flow,thermal_loop,518,controller_tick,51700000,51.7,1,0,51700000,517,51700000,RUNNING,,0,0,62,1,0,reconstructed_from_retained_wire,True,,,317.79115004490444,301.1244842771644,293.14999898672164,0.5274980000000011,0.65,258500.00000000445,258499.97362109614,0.00014999991971397566,18825.423634720464,-1.1807287592091598e-08,0.00015,301.124,293.15,317.791,0.0,150000,1,517,51700000,51700000,51700000,0,301124,1,517,51700000,51700000,51700000,0,293150,1,517,51700000,51700000,51700000,0,317791,1,517,51700000,51700000,51700000,0,0,1,517,51700000,51700000,51700000,0,1.0,0.527498,0.65,1.0,0.527498,0.65,1.0,0.527498,0.65,517,52000000,False,1.0,5000.0,300.0,500.0,600000000000.0,100000000000.0,,516
1,corrupt_flow,thermal_loop,519,controller_tick,51800000,51.8,1,0,51800000,518,51800000,RUNNING,,0,0,62,1,0,reconstructed_from_retained_wire,True,,,317.7911500475995,301.1244842787119,293.1499989875793,0.5274980000000011,0.65,259000.00000000448,258999.97357045367,0.00014999991971397566,18825.423634720464,-1.1585370884859003e-08,0.00015,301.124,293.15,317.791,0.0,150000,1,518,51800000,51800000,51800000,0,301124,1,518,51800000,51800000,51800000,0,293150,1,518,51800000,51800000,51800000,0,317791,1,518,51800000,51800000,51800000,0,0,1,518,51800000,51800000,51800000,0,1.0,0.527498,0.65,1.0,0.527498,0.65,1.0,0.527498,0.65,518,52100000,False,1.0,5000.0,300.0,500.0,600000000000.0,100000000000.0,,517
1,corrupt_flow,thermal_loop,520,controller_tick,51900000,51.9,1,0,51900000,519,51900000,RUNNING,,0,0,62,1,0,reconstructed_from_retained_wire,True,,,317.79115005029115,301.12448428025834,293.14999898843695,0.5274980000000011,0.65,259500.00000000448,259499.97351985407,0.00014999991971397566,18825.423634720464,-1.1599468052736484e-08,0.00015,301.124,293.15,317.791,0.0,150000,1,519,51900000,51900000,51900000,0,301124,1,519,51900000,51900000,51900000,0,293150,1,519,51900000,51900000,51900000,0,317791,1,519,51900000,51900000,51900000,0,0,1,519,51900000,51900000,51900000,0,1.0,0.527498,0.65,1.0,0.527498,0.65,1.0,0.527498,0.65,519,52200000,False,1.0,5000.0,300.0,500.0,600000000000.0,100000000000.0,,518
1,corrupt_flow,thermal_loop,521,controller_tick,52000000,52.0,1,0,52000000,520,52000000,RUNNING,,0,0,62,1,0,reconstructed_from_retained_wire,True,,,317.79115005297933,301.12448428180375,293.1499989892946,0.5274980000000011,0.65,260000.0000000045,259999.97346929737,0.00014999991971397566,18825.423634720464,-1.1971906133112498e-08,0.00015,301.124,293.15,317.791,0.0,150000,1,520,52000000,52000000,52000000,0,301124,1,520,52000000,52000000,52000000,0,293150,1,520,52000000,52000000,52000000,0,317791,1,520,52000000,52000000,52000000,0,0,1,520,52000000,52000000,52000000,0,1.0,0.527498,0.65,1.0,0.527498,0.65,1.0,0.527498,0.65,520,52300000,False,1.0,5000.0,300.0,500.0,600000000000.0,100000000000.0,,519
1,corrupt_flow,thermal_loop,522,controller_tick,52100000,52.1,1,0,52100000,521,52100000,RUNNING,,0,0,62,1,0,reconstructed_from_retained_wire,True,,,317.7911500556641,301.1244842833481,293.14999899015226,0.5274980000000011,0.65,260500.00000000454,260499.97341878354,0.00014999991971397566,18825.423634720464,-1.2134250937378965e-08,0.00015,301.124,293.15,317.791,0.0,150000,1,521,52100000,52100000,52100000,0,301124,1,521,52100000,52100000,52100000,0,293150,1,521,52100000,52100000,52100000,0,317791,1,521,52100000,52100000,52100000,0,0,1,521,52100000,52100000,52100000,0,1.0,0.527498,0.65,1.0,0.527498,0.65,1.0,0.527498,0.65,521,52400000,False,1.0,5000.0,300.0,500.0,600000000000.0,100000000000.0,,520
1,corrupt_flow,thermal_loop,523,controller_tick,52200000,52.2,1,0,52200000,522,52200000,RUNNING,,0,0,62,1,0,reconstructed_from_retained_wire,True,,,317.79115005834547,301.1244842848914,293.14999899100997,0.5274980000000011,0.65,261000.00000000457,260999.9733683126,0.00014999991971397566,18825.423634720464,-1.1819793144240975e-08,0.00015,301.124,293.15,317.791,0.0,150000,1,522,52200000,52200000,52200000,0,301124,1,522,52200000,52200000,52200000,0,293150,1,522,52200000,52200000,52200000,0,317791,1,522,52200000,52200000,52200000,0,0,1,522,52200000,52200000,52200000,0,1.0,0.527498,0.65,1.0,0.527498,0.65,1.0,0.527498,0.65,522,52500000,False,1.0,5000.0,300.0,500.0,600000000000.0,100000000000.0,,521
1,corrupt_flow,thermal_loop,524,controller_tick,52300000,52.3,1,0,52300000,523,52300000,RUNNING,,0,0,62,1,0,reconstructed_from_retained_wire,True,,,317.7911500610234,301.12448428643364,293.1499989918677,0.5274980000000011,0.65,261500.0000000046,261499.97331788455,0.00014999991971397566,18825.423634720464,-1.1770453056669794e-08,0.00015,301.124,293.15,317.791,0.0,150000,1,523,52300000,52300000,52300000,0,301124,1,523,52300000,52300000,52300000,0,293150,1,523,52300000,52300000,52300000,0,317791,1,523,52300000,52300000,52300000,0,0,1,523,52300000,52300000,52300000,0,1.0,0.527498,0.65,1.0,0.527498,0.65,1.0,0.527498,0.65,523,52600000,False,1.0,5000.0,300.0,500.0,600000000000.0,100000000000.0,,522
1,corrupt_flow,thermal_loop,525,controller_tick,52400000,52.4,1,0,52400000,524,52400000,RUNNING,,0,0,62,1,0,reconstructed_from_retained_wire,True,,,317.7911500636979,301.12448428797484,293.14999899272533,0.5274980000000011,0.65,262000.00000000463,261999.97326749942,0.00014999991971397566,18825.423634720464,-1.2734062693198211e-08,0.00015,301.124,293.15,317.791,0.0,150000,1,524,52400000,52400000,52400000,0,301124,1,524,52400000,52400000,52400000,0,293150,1,524,52400000,52400000,52400000,0,317791,1,524,52400000,52400000,52400000,0,0,1,524,52400000,52400000,52400000,0,1.0,0.527498,0.65,1.0,0.527498,0.65,1.0,0.527498,0.65,524,52700000,False,1.0,5000.0,300.0,500.0,600000000000.0,100000000000.0,,523
1,corrupt_flow,thermal_loop,526,controller_tick,52500000,52.5,1,0,52500000,525,52500000,RUNNING,,0,0,62,1,0,reconstructed_from_retained_wire,True,,,317.791150066369,301.124484289515,293.14999899358304,0.5274980000000011,0.65,262500.00000000466,262499.9732171571,0.00014999991971397566,18825.423634720464,-1.2235432222951204e-08,0.00015,301.124,293.15,317.791,0.0,150000,1,525,52500000,52500000,52500000,0,301124,1,525,52500000,52500000,52500000,0,293150,1,525,52500000,52500000,52500000,0,317791,1,525,52500000,52500000,52500000,0,0,1,525,52500000,52500000,52500000,0,1.0,0.527498,0.65,1.0,0.527498,0.65,1.0,0.527498,0.65,525,52800000,False,1.0,5000.0,300.0,500.0,600000000000.0,100000000000.0,,524
1,corrupt_flow,thermal_loop,527,controller_tick,52600000,52.6,1,0,52600000,526,52600000,RUNNING,,0,0,62,1,0,reconstructed_from_retained_wire,True,,,317.79115006903675,301.12448429105405,293.14999899444075,0.5274980000000011,0.65,263000.00000000466,262999.9731668577,0.00014999991971397566,18825.423634720464,-1.247713043994736e-08,0.00015,301.124,293.15,317.791,0.0,150000,1,526,52600000,52600000,52600000,0,301124,1,526,52600000,52600000,52600000,0,293150,1,526,52600000,52600000,52600000,0,317791,1,526,52600000,52600000,52600000,0,0,1,526,52600000,52600000,52600000,0,1.0,0.527498,0.65,1.0,0.527498,0.65,1.0,0.527498,0.65,526,52900000,False,1.0,5000.0,300.0,500.0,600000000000.0,100000000000.0,,525
1,corrupt_flow,thermal_loop,528,controller_tick,52700000,52.7,1,0,52700000,527,52700000,RUNNING,,0,0,62,1,0,reconstructed_from_retained_wire,True,,,317.79115007170117,301.12448429259206,293.1499989952984,0.5274980000000011,0.65,263500.0000000047,263499.9731166012,0.00014999991971397566,18825.423634720464,-1.2055579645675607e-08,0.00015,301.124,293.15,317.791,0.0,150000,1,527,52700000,52700000,52700000,0,301124,1,527,52700000,52700000,52700000,0,293150,1,527,52700000,52700000,52700000,0,317791,1,527,52700000,52700000,52700000,0,0,1,527,52700000,52700000,52700000,0,1.0,0.527498,0.65,1.0,0.527498,0.65,1.0,0.527498,0.65,527,53000000,False,1.0,5000.0,300.0,500.0,600000000000.0,100000000000.0,,526
1,corrupt_flow,thermal_loop,529,controller_tick,52800000,52.8,1,0,52800000,528,52800000,RUNNING,,0,0,62,1,0,reconstructed_from_retained_wire,True,,,317.7911500743621,301.12448429412905,293.14999899615606,0.5274980000000011,0.65,264000.0000000047,263999.9730663876,0.00014999991971397566,18825.423634720464,-1.1905058272532187e-08,0.00015,301.124,293.15,317.791,0.0,150000,1,528,52800000,52800000,52800000,0,301124,1,528,52800000,52800000,52800000,0,293150,1,528,52800000,52800000,52800000,0,317791,1,528,52800000,52800000,52800000,0,0,1,528,52800000,52800000,52800000,0,1.0,0.527498,0.65,1.0,0.527498,0.65,1.0,0.527498,0.65,528,53100000,False,1.0,5000.0,300.0,500.0,600000000000.0,100000000000.0,,527
1,corrupt_flow,thermal_loop,530,controller_tick,52900000,52.9,1,0,52900000,529,52900000,RUNNING,,0,0,62,1,0,reconstructed_from_retained_wire,True,,,317.7911500770197,301.1244842956649,293.1499989970137,0.5274980000000011,0.65,264500.0000000048,264499.9730162168,0.00014999991971397566,18825.423634720464,-1.2013742889394052e-08,0.00015,301.124,293.15,317.791,0.0,150000,1,529,52900000,52900000,52900000,0,301124,1,529,52900000,52900000,52900000,0,293150,1,529,52900000,52900000,52900000,0,317791,1,529,52900000,52900000,52900000,0,0,1,529,52900000,52900000,52900000,0,1.0,0.527498,0.65,1.0,0.527498,0.65,1.0,0.527498,0.65,529,53200000,False,1.0,5000.0,300.0,500.0,600000000000.0,100000000000.0,,528
1,corrupt_flow,thermal_loop,531,controller_tick,53000000,53.0,1,0,53000000,530,53000000,RUNNING,,0,0,62,1,0,reconstructed_from_retained_wire,True,,,317.79115007967397,301.12448429719973,293.1499989978713,0.5274980000000011,0.65,265000.0000000048,264999.972966089,0.00014999991971397566,18825.423634720464,-1.1969405022682622e-08,0.00015,301.124,293.15,317.791,0.0,150000,1,530,53000000,53000000,53000000,0,301124,1,530,53000000,53000000,53000000,0,293150,1,530,53000000,53000000,53000000,0,317791,1,530,53000000,53000000,53000000,0,0,1,530,53000000,53000000,53000000,0,1.0,0.527498,0.65,1.0,0.527498,0.65,1.0,0.527498,0.65,530,53300000,False,1.0,5000.0,300.0,500.0,600000000000.0,100000000000.0,,529
1,corrupt_flow,thermal_loop,532,controller_tick,53100000,53.1,1,0,53100000,531,53100000,RUNNING,,0,0,62,1,0,reconstructed_from_retained_wire,True,,,317.79115008232486,301.12448429873353,293.14999899872885,0.5274980000000011,0.65,265500.00000000483,265499.97291600396,0.00014999991971397566,18825.423634720464,-1.1946667655138299e-08,0.00015,301.124,293.15,317.791,0.0,150000,1,531,53100000,53100000,53100000,0,301124,1,531,53100000,53100000,53100000,0,293150,1,531,53100000,53100000,53100000,0,317791,1,531,53100000,53100000,53100000,0,0,1,531,53100000,53100000,53100000,0,1.0,0.527498,0.65,1.0,0.527498,0.65,1.0,0.527498,0.65,531,53400000,False,1.0,5000.0,300.0,500.0,600000000000.0,100000000000.0,,530
1,corrupt_flow,thermal_loop,533,controller_tick,53200000,53.2,1,0,53200000,532,53200000,RUNNING,,0,0,62,1,0,reconstructed_from_retained_wire,True,,,317.7911500849724,301.1244843002662,293.1499989995864,0.5274980000000011,0.65,266000.0000000049,265999.97286596184,0.00014999991971397566,18825.423634720464,-1.2066720955772325e-08,0.00015,301.124,293.15,317.791,0.0,150000,1,532,53200000,53200000,53200000,0,301124,1,532,53200000,53200000,53200000,0,293150,1,532,53200000,53200000,53200000,0,317791,1,532,53200000,53200000,53200000,0,0,1,532,53200000,53200000,53200000,0,1.0,0.527498,0.65,1.0,0.527498,0.65,1.0,0.527498,0.65,532,53500000,False,1.0,5000.0,300.0,500.0,600000000000.0,100000000000.0,,531
1,corrupt_flow,thermal_loop,534,controller_tick,53300000,53.3,1,0,53300000,533,53300000,RUNNING,,0,0,62,1,0,reconstructed_from_retained_wire,True,,,317.7911500876166,301.12448430179785,293.1499990004438,0.5274980000000011,0.65,266500.00000000495,266499.9728159626,0.00014999991971397566,18825.423634720464,-1.2804775906261057e-08,0.00015,301.124,293.15,317.791,0.0,150000,1,533,53300000,53300000,53300000,0,301124,1,533,53300000,53300000,53300000,0,293150,1,533,53300000,53300000,53300000,0,317791,1,533,53300000,53300000,53300000,0,0,1,533,53300000,53300000,53300000,0,1.0,0.527498,0.65,1.0,0.527498,0.65,1.0,0.527498,0.65,533,53600000,False,1.0,5000.0,300.0,500.0,600000000000.0,100000000000.0,,532
1,corrupt_flow,thermal_loop,535,controller_tick,53400000,53.4,1,0,53400000,534,53400000,RUNNING,,0,0,62,1,0,reconstructed_from_retained_wire,True,,,317.7911500902574,301.12448430332836,293.14999900130124,0.5274980000000011,0.65,267000.00000000495,266999.97276600625,0.00014999991971397566,18825.423634720464,-1.3685621524928138e-08,0.00015,301.124,293.15,317.791,0.0,150000,1,534,53400000,53400000,53400000,0,301124,1,534,53400000,53400000,53400000,0,293150,1,534,53400000,53400000,53400000,0,317791,1,534,53400000,53400000,53400000,0,0,1,534,53400000,53400000,53400000,0,1.0,0.527498,0.65,1.0,0.527498,0.65,1.0,0.527498,0.65,534,53700000,False,1.0,5000.0,300.0,500.0,600000000000.0,100000000000.0,,533
1,corrupt_flow,thermal_loop,536,controller_tick,53500000,53.5,1,0,53500000,535,53500000,RUNNING,,0,0,62,1,0,reconstructed_from_retained_wire,True,,,317.79115009289495,301.12448430485784,293.1499990021586,0.5274980000000011,0.65,267500.000000005,267499.9727160928,0.00014999991971397566,18825.423634720464,-1.3961425793240778e-08,0.00015,301.124,293.15,317.791,0.0,150000,1,535,53500000,53500000,53500000,0,301124,1,535,53500000,53500000,53500000,0,293150,1,535,53500000,53500000,53500000,0,317791,1,535,53500000,53500000,53500000,0,0,1,535,53500000,53500000,53500000,0,1.0,0.527498,0.65,1.0,0.527498,0.65,1.0,0.527498,0.65,535,53800000,False,1.0,5000.0,300.0,500.0,600000000000.0,100000000000.0,,534
1,corrupt_flow,thermal_loop,537,controller_tick,53600000,53.6,1,0,53600000,536,53600000,RUNNING,,0,0,62,1,0,reconstructed_from_retained_wire,True,,,317.79115009552925,301.12448430638625,293.1499990030159,0.5274980000000011,0.65,268000.00000000506,267999.97266622214,0.00014999991971397566,18825.423634720464,-1.3538965504267253e-08,0.00015,301.124,293.15,317.791,0.0,150000,1,536,53600000,53600000,53600000,0,301124,1,536,53600000,53600000,53600000,0,293150,1,536,53600000,53600000,53600000,0,317791,1,536,53600000,53600000,53600000,0,0,1,536,53600000,53600000,53600000,0,1.0,0.527498,0.65,1.0,0.527498,0.65,1.0,0.527498,0.65,536,53900000,False,1.0,5000.0,300.0,500.0,600000000000.0,100000000000.0,,535
1,corrupt_flow,thermal_loop,538,controller_tick,53700000,53.7,1,0,53700000,537,53700000,RUNNING,,0,0,62,1,0,reconstructed_from_retained_wire,True,,,317.79115009816013,301.1244843079136,293.1499990038732,0.5274980000000011,0.65,268500.00000000506,268499.9726163944,0.00014999991971397566,18825.423634720464,-1.4007127902004868e-08,0.00015,301.124,293.15,317.791,0.0,150000,1,537,53700000,53700000,53700000,0,301124,1,537,53700000,53700000,53700000,0,293150,1,537,53700000,53700000,53700000,0,317791,1,537,53700000,53700000,53700000,0,0,1,537,53700000,53700000,53700000,0,1.0,0.527498,0.65,1.0,0.527498,0.65,1.0,0.527498,0.65,537,54000000,False,1.0,5000.0,300.0,500.0,600000000000.0,100000000000.0,,536
1,corrupt_flow,thermal_loop,539,controller_tick,53800000,53.8,1,0,53800000,538,53800000,RUNNING,,0,0,62,1,0,reconstructed_from_retained_wire,True,,,317.7911501007877,301.1244843094398,293.1499990047303,0.5274980000000011,0.65,269000.00000000506,268999.97256660945,0.00014999991971397566,18825.423634720464,-1.5116484064492397e-08,0.00015,301.124,293.15,317.791,0.0,150000,1,538,53800000,53800000,53800000,0,301124,1,538,53800000,53800000,53800000,0,293150,1,538,53800000,53800000,53800000,0,317791,1,538,53800000,53800000,53800000,0,0,1,538,53800000,53800000,53800000,0,1.0,0.527498,0.65,1.0,0.527498,0.65,1.0,0.527498,0.65,538,54100000,False,1.0,5000.0,300.0,500.0,600000000000.0,100000000000.0,,537
1,corrupt_flow,thermal_loop,540,controller_tick,53900000,53.9,1,0,53900000,539,53900000,RUNNING,,0,0,62,1,0,reconstructed_from_retained_wire,True,,,317.791150103412,301.12448431096504,293.1499990055874,0.5274980000000011,0.65,269500.0000000051,269499.97251686733,0.00014999991971397566,18825.423634720464,-1.5679006537538953e-08,0.00015,301.124,293.15,317.791,0.0,150000,1,539,53900000,53900000,53900000,0,301124,1,539,53900000,53900000,53900000,0,293150,1,539,53900000,53900000,53900000,0,317791,1,539,53900000,53900000,53900000,0,0,1,539,53900000,53900000,53900000,0,1.0,0.527498,0.65,1.0,0.527498,0.65,1.0,0.527498,0.65,539,54200000,False,1.0,5000.0,300.0,500.0,600000000000.0,100000000000.0,,538
1,corrupt_flow,thermal_loop,541,controller_tick,54000000,54.0,1,0,54000000,540,54000000,RUNNING,,0,0,62,1,0,reconstructed_from_retained_wire,True,,,317.791150106033,301.1244843124892,293.14999900644443,0.5274980000000011,0.65,270000.0000000051,269999.9724671682,0.00014999991971397566,18825.423634720464,-1.593707565916702e-08,0.00015,301.124,293.15,317.791,0.0,150000,1,540,54000000,54000000,54000000,0,301124,1,540,54000000,54000000,54000000,0,293150,1,540,54000000,54000000,54000000,0,317791,1,540,54000000,54000000,54000000,0,0,1,540,54000000,54000000,54000000,0,1.0,0.527498,0.65,1.0,0.527498,0.65,1.0,0.527498,0.65,540,54300000,False,1.0,5000.0,300.0,500.0,600000000000.0,100000000000.0,,539
1,corrupt_flow,thermal_loop,542,controller_tick,54100000,54.1,1,0,54100000,541,54100000,RUNNING,,0,0,62,1,0,reconstructed_from_retained_wire,True,,,317.7911501086507,301.1244843140123,293.1499990073014,0.5274980000000011,0.65,270500.0000000051,270499.97241751186,0.00014999991971397566,18825.423634720464,-1.559010343044065e-08,0.00015,301.124,293.15,317.791,0.0,150000,1,541,54100000,54100000,54100000,0,301124,1,541,54100000,54100000,54100000,0,293150,1,541,54100000,54100000,54100000,0,317791,1,541,54100000,54100000,54100000,0,0,1,541,54100000,54100000,54100000,0,1.0,0.527498,0.65,1.0,0.527498,0.65,1.0,0.527498,0.65,541,54400000,False,1.0,5000.0,300.0,500.0,600000000000.0,100000000000.0,,540
1,corrupt_flow,thermal_loop,543,controller_tick,54200000,54.2,1,0,54200000,542,54200000,RUNNING,,0,0,62,1,0,reconstructed_from_retained_wire,True,,,317.79115011126515,301.1244843155343,293.14999900815826,0.5274980000000011,0.65,271000.0000000052,270999.9723678984,0.00014999991971397566,18825.423634720464,-1.5791101759532467e-08,0.00015,301.124,293.15,317.791,0.0,150000,1,542,54200000,54200000,54200000,0,301124,1,542,54200000,54200000,54200000,0,293150,1,542,54200000,54200000,54200000,0,317791,1,542,54200000,54200000,54200000,0,0,1,542,54200000,54200000,54200000,0,1.0,0.527498,0.65,1.0,0.527498,0.65,1.0,0.527498,0.65,542,54500000,False,1.0,5000.0,300.0,500.0,600000000000.0,100000000000.0,,541
1,corrupt_flow,thermal_loop,544,controller_tick,54300000,54.3,1,0,54300000,543,54300000,RUNNING,,0,0,62,1,0,reconstructed_from_retained_wire,True,,,317.79115011387637,301.12448431705525,293.14999900901506,0.5274980000000011,0.65,271500.00000000524,271499.97231832775,0.00014999991971397566,18825.423634720464,-1.4818624549661763e-08,0.00015,301.124,293.15,317.791,0.0,150000,1,543,54300000,54300000,54300000,0,301124,1,543,54300000,54300000,54300000,0,293150,1,543,54300000,54300000,54300000,0,317791,1,543,54300000,54300000,54300000,0,0,1,543,54300000,54300000,54300000,0,1.0,0.527498,0.65,1.0,0.527498,0.65,1.0,0.527498,0.65,543,54600000,False,1.0,5000.0,300.0,500.0,600000000000.0,100000000000.0,,542
1,corrupt_flow,thermal_loop,545,controller_tick,54400000,54.4,1,0,54400000,544,54400000,RUNNING,,0,0,62,1,0,reconstructed_from_retained_wire,True,,,317.79115011648423,301.1244843185751,293.1499990098717,0.5274980000000011,0.65,272000.00000000524,271999.97226879996,0.00014999991971397566,18825.423634720464,-1.5652176443836652e-08,0.00015,301.124,293.15,317.791,0.0,150000,1,544,54400000,54400000,54400000,0,301124,1,544,54400000,54400000,54400000,0,293150,1,544,54400000,54400000,54400000,0,317791,1,544,54400000,54400000,54400000,0,0,1,544,54400000,54400000,54400000,0,1.0,0.527498,0.65,1.0,0.527498,0.65,1.0,0.527498,0.65,544,54700000,False,1.0,5000.0,300.0,500.0,600000000000.0,100000000000.0,,543
1,corrupt_flow,thermal_loop,546,controller_tick,54500000,54.5,1,0,54500000,545,54500000,RUNNING,,0,0,62,1,0,reconstructed_from_retained_wire,True,,,317.79115011908885,301.1244843200939,293.14999901072827,0.5274980000000011,0.65,272500.00000000524,272499.97221931495,0.00014999991971397566,18825.423634720464,-1.5845671441638842e-08,0.00015,301.124,293.15,317.791,0.0,150000,1,545,54500000,54500000,54500000,0,301124,1,545,54500000,54500000,54500000,0,293150,1,545,54500000,54500000,54500000,0,317791,1,545,54500000,54500000,54500000,0,0,1,545,54500000,54500000,54500000,0,1.0,0.527498,0.65,1.0,0.527498,0.65,1.0,0.527498,0.65,545,54800000,False,1.0,5000.0,300.0,500.0,600000000000.0,100000000000.0,,544
1,corrupt_flow,thermal_loop,547,controller_tick,54600000,54.6,1,0,54600000,546,54600000,RUNNING,,0,0,62,1,0,reconstructed_from_retained_wire,True,,,317.79115012169024,301.1244843216117,293.14999901158467,0.5274980000000011,0.65,273000.00000000524,272999.9721698728,0.00014999991971397566,18825.423634720464,-1.6291323845507577e-08,0.00015,301.124,293.15,317.791,0.0,150000,1,546,54600000,54600000,54600000,0,301124,1,546,54600000,54600000,54600000,0,293150,1,546,54600000,54600000,54600000,0,317791,1,546,54600000,54600000,54600000,0,0,1,546,54600000,54600000,54600000,0,1.0,0.527498,0.65,1.0,0.527498,0.65,1.0,0.527498,0.65,546,54900000,False,1.0,5000.0,300.0,500.0,600000000000.0,100000000000.0,,545
1,corrupt_flow,thermal_loop,548,controller_tick,54700000,54.7,1,0,54700000,547,54700000,RUNNING,,0,0,62,1,0,reconstructed_from_retained_wire,True,,,317.7911501242884,301.12448432312834,293.149999012441,0.5274980000000011,0.65,273500.00000000524,273499.97212047345,0.00014999991971397566,18825.423634720464,-1.65139226737665e-08,0.00015,301.124,293.15,317.791,0.0,150000,1,547,54700000,54700000,54700000,0,301124,1,547,54700000,54700000,54700000,0,293150,1,547,54700000,54700000,54700000,0,317791,1,547,54700000,54700000,54700000,0,0,1,547,54700000,54700000,54700000,0,1.0,0.527498,0.65,1.0,0.527498,0.65,1.0,0.527498,0.65,547,55000000,False,1.0,5000.0,300.0,500.0,600000000000.0,100000000000.0,,546
1,corrupt_flow,thermal_loop,549,controller_tick,54800000,54.8,1,0,54800000,548,54800000,RUNNING,,0,0,62,1,0,reconstructed_from_retained_wire,True,,,317.7911501268833,301.12448432464396,293.14999901329725,0.5274980000000011,0.65,274000.00000000524,273999.9720711169,0.00014999991971397566,18825.423634720464,-1.6334070096490905e-08,0.00015,301.124,293.15,317.791,0.0,150000,1,548,54800000,54800000,54800000,0,301124,1,548,54800000,54800000,54800000,0,293150,1,548,54800000,54800000,54800000,0,317791,1,548,54800000,54800000,54800000,0,0,1,548,54800000,54800000,54800000,0,1.0,0.527498,0.65,1.0,0.527498,0.65,1.0,0.527498,0.65,548,55100000,False,1.0,5000.0,300.0,500.0,600000000000.0,100000000000.0,,547
1,corrupt_flow,thermal_loop,550,controller_tick,54900000,54.9,1,0,54900000,549,54900000,RUNNING,,0,0,62,1,0,reconstructed_from_retained_wire,True,,,317.79115012947494,301.1244843261585,293.1499990141533,0.5274980000000011,0.65,274500.00000000524,274499.9720218032,0.00014999991971397566,18825.423634720464,-1.6881585906958207e-08,0.00015,301.124,293.15,317.791,0.0,150000,1,549,54900000,54900000,54900000,0,301124,1,549,54900000,54900000,54900000,0,293150,1,549,54900000,54900000,54900000,0,317791,1,549,54900000,54900000,54900000,0,0,1,549,54900000,54900000,54900000,0,1.0,0.527498,0.65,1.0,0.527498,0.65,1.0,0.527498,0.65,549,55200000,False,1.0,5000.0,300.0,500.0,600000000000.0,100000000000.0,,548
1,corrupt_flow,thermal_loop,551,controller_tick,55000000,55.0,1,0,55000000,550,55000000,RUNNING,,0,0,62,1,0,reconstructed_from_retained_wire,True,,,317.7911501320634,301.1244843276719,293.1499990150093,0.5274980000000011,0.65,275000.00000000524,274999.9719725323,0.00014999991971397566,18825.423634720464,-1.6695821614121087e-08,0.00015,301.124,293.15,317.791,0.0,150000,1,550,55000000,55000000,55000000,0,301124,1,550,55000000,55000000,55000000,0,293150,1,550,55000000,55000000,55000000,0,317791,1,550,55000000,55000000,55000000,0,0,1,550,55000000,55000000,55000000,0,1.0,0.527498,0.65,1.0,0.527498,0.65,1.0,0.527498,0.65,550,55300000,False,1.0,5000.0,300.0,500.0,600000000000.0,100000000000.0,,549
1,corrupt_flow,thermal_loop,552,controller_tick,55100000,55.1,1,0,55100000,551,55100000,RUNNING,,0,0,62,1,0,reconstructed_from_retained_wire,True,,,317.7911501346487,301.1244843291843,293.14999901586515,0.5274980000000011,0.65,275500.0000000053,275499.9719233042,0.00014999991971397566,18825.423634720464,-1.5776777217979543e-08,0.00015,301.124,293.15,317.791,0.0,150000,1,551,55100000,55100000,55100000,0,301124,1,551,55100000,55100000,55100000,0,293150,1,551,55100000,55100000,55100000,0,317791,1,551,55100000,55100000,55100000,0,0,1,551,55100000,55100000,55100000,0,1.0,0.527498,0.65,1.0,0.527498,0.65,1.0,0.527498,0.65,551,55400000,False,1.0,5000.0,300.0,500.0,600000000000.0,100000000000.0,,550
1,corrupt_flow,thermal_loop,553,controller_tick,55200000,55.2,1,0,55200000,552,55200000,RUNNING,,0,0,62,1,0,reconstructed_from_retained_wire,True,,,317.79115013723066,301.1244843306956,293.14999901672087,0.5274980000000011,0.65,276000.0000000053,275999.97187411884,0.00014999991971397566,18825.423634720464,-1.654257175687235e-08,0.00015,301.124,293.15,317.791,0.0,150000,1,552,55200000,55200000,55200000,0,301124,1,552,55200000,55200000,55200000,0,293150,1,552,55200000,55200000,55200000,0,317791,1,552,55200000,55200000,55200000,0,0,1,552,55200000,55200000,55200000,0,1.0,0.527498,0.65,1.0,0.527498,0.65,1.0,0.527498,0.65,552,55500000,False,1.0,5000.0,300.0,500.0,600000000000.0,100000000000.0,,551
1,corrupt_flow,thermal_loop,554,controller_tick,55300000,55.3,1,0,55300000,553,55300000,RUNNING,,0,0,62,1,0,reconstructed_from_retained_wire,True,,,317.7911501398094,301.12448433220584,293.1499990175765,0.5274980000000011,0.65,276500.00000000536,276499.9718249763,0.00014999991971397566,18825.423634720464,-1.6812691683298908e-08,0.00015,301.124,293.15,317.791,0.0,150000,1,553,55300000,55300000,55300000,0,301124,1,553,55300000,55300000,55300000,0,293150,1,553,55300000,55300000,55300000,0,317791,1,553,55300000,55300000,55300000,0,0,1,553,55300000,55300000,55300000,0,1.0,0.527498,0.65,1.0,0.527498,0.65,1.0,0.527498,0.65,553,55600000,False,1.0,5000.0,300.0,500.0,600000000000.0,100000000000.0,,552
1,corrupt_flow,thermal_loop,555,controller_tick,55400000,55.4,1,0,55400000,554,55400000,RUNNING,,0,0,62,1,0,reconstructed_from_retained_wire,True,,,317.791150142385,301.124484333715,293.1499990184319,0.5274980000000011,0.65,277000.00000000536,276999.97177587653,0.00014999991971397566,18825.423634720464,-1.7299953469773754e-08,0.00015,301.124,293.15,317.791,0.0,150000,1,554,55400000,55400000,55400000,0,301124,1,554,55400000,55400000,55400000,0,293150,1,554,55400000,55400000,55400000,0,317791,1,554,55400000,55400000,55400000,0,0,1,554,55400000,55400000,55400000,0,1.0,0.527498,0.65,1.0,0.527498,0.65,1.0,0.527498,0.65,554,55700000,False,1.0,5000.0,300.0,500.0,600000000000.0,100000000000.0,,553
1,corrupt_flow,thermal_loop,556,controller_tick,55500000,55.5,1,0,55500000,555,55500000,RUNNING,,0,0,62,1,0,reconstructed_from_retained_wire,True,,,317.7911501449574,301.1244843352231,293.14999901928724,0.5274980000000011,0.65,277500.00000000536,277499.9717268195,0.00014999991971397566,18825.423634720464,-1.6816329662106e-08,0.00015,301.124,293.15,317.791,0.0,150000,1,555,55500000,55500000,55500000,0,301124,1,555,55500000,55500000,55500000,0,293150,1,555,55500000,55500000,55500000,0,317791,1,555,55500000,55500000,55500000,0,0,1,555,55500000,55500000,55500000,0,1.0,0.527498,0.65,1.0,0.527498,0.65,1.0,0.527498,0.65,555,55800000,False,1.0,5000.0,300.0,500.0,600000000000.0,100000000000.0,,554
1,corrupt_flow,thermal_loop,557,controller_tick,55600000,55.6,1,0,55600000,556,55600000,RUNNING,,0,0,62,1,0,reconstructed_from_retained_wire,True,,,317.7911501475266,301.12448433673006,293.1499990201424,0.5274980000000011,0.65,278000.00000000536,277999.9716778053,0.00014999991971397566,18825.423634720464,-1.7025058696162887e-08,0.00015,301.124,293.15,317.791,0.0,150000,1,556,55600000,55600000,55600000,0,301124,1,556,55600000,55600000,55600000,0,293150,1,556,55600000,55600000,55600000,0,317791,1,556,55600000,55600000,55600000,0,0,1,556,55600000,55600000,55600000,0,1.0,0.527498,0.65,1.0,0.527498,0.65,1.0,0.527498,0.65,556,55900000,False,1.0,5000.0,300.0,500.0,600000000000.0,100000000000.0,,555
1,corrupt_flow,thermal_loop,558,controller_tick,55700000,55.7,1,0,55700000,557,55700000,RUNNING,,0,0,62,1,0,reconstructed_from_retained_wire,True,,,317.7911501500926,301.12448433823596,293.14999902099737,0.5274980000000011,0.65,278500.00000000536,278499.97162883374,0.00014999991971397566,18825.423634720464,-1.7567344912094995e-08,0.00015,301.124,293.15,317.791,0.0,150000,1,557,55700000,55700000,55700000,0,301124,1,557,55700000,55700000,55700000,0,293150,1,557,55700000,55700000,55700000,0,317791,1,557,55700000,55700000,55700000,0,0,1,557,55700000,55700000,55700000,0,1.0,0.527498,0.65,1.0,0.527498,0.65,1.0,0.527498,0.65,557,56000000,False,1.0,5000.0,300.0,500.0,600000000000.0,100000000000.0,,556
1,corrupt_flow,thermal_loop,559,controller_tick,55800000,55.8,1,0,55800000,558,55800000,RUNNING,,0,0,62,1,0,reconstructed_from_retained_wire,True,,,317.7911501526555,301.12448433974083,293.1499990218522,0.5274980000000011,0.65,279000.00000000536,278999.97157990496,0.00014999991971397566,18825.423634720464,-1.7283127817790955e-08,0.00015,301.124,293.15,317.791,0.0,150000,1,558,55800000,55800000,55800000,0,301124,1,558,55800000,55800000,55800000,0,293150,1,558,55800000,55800000,55800000,0,317791,1,558,55800000,55800000,55800000,0,0,1,558,55800000,55800000,55800000,0,1.0,0.527498,0.65,1.0,0.527498,0.65,1.0,0.527498,0.65,558,56100000,False,1.0,5000.0,300.0,500.0,600000000000.0,100000000000.0,,557
1,corrupt_flow,thermal_loop,560,controller_tick,55900000,55.9,1,0,55900000,559,55900000,RUNNING,,0,0,62,1,0,reconstructed_from_retained_wire,True,,,317.79115015521523,301.1244843412446,293.1499990227069,0.5274980000000011,0.65,279500.00000000536,279499.97153101896,0.00014999991971397566,18825.423634720464,-1.650323611102067e-08,0.00015,301.124,293.15,317.791,0.0,150000,1,559,55900000,55900000,55900000,0,301124,1,559,55900000,55900000,55900000,0,293150,1,559,55900000,55900000,55900000,0,317791,1,559,55900000,55900000,55900000,0,0,1,559,55900000,55900000,55900000,0,1.0,0.527498,0.65,1.0,0.527498,0.65,1.0,0.527498,0.65,559,56200000,False,1.0,5000.0,300.0,500.0,600000000000.0,100000000000.0,,558
1,corrupt_flow,thermal_loop,561,controller_tick,56000000,56.0,1,0,56000000,560,56000000,RUNNING,,0,0,62,1,0,reconstructed_from_retained_wire,True,,,317.79115015777177,301.1244843427473,293.14999902356135,0.5274980000000011,0.65,280000.00000000536,279999.9714821757,0.00014999991971397566,18825.423634720464,-1.7186721379403025e-08,0.00015,301.124,293.15,317.791,0.0,150000,1,560,56000000,56000000,56000000,0,301124,1,560,56000000,56000000,56000000,0,293150,1,560,56000000,56000000,56000000,0,317791,1,560,56000000,56000000,56000000,0,0,1,560,56000000,56000000,56000000,0,1.0,0.527498,0.65,1.0,0.527498,0.65,1.0,0.527498,0.65,560,56300000,False,1.0,5000.0,300.0,500.0,600000000000.0,100000000000.0,,559
1,corrupt_flow,thermal_loop,562,controller_tick,56100000,56.1,1,0,56100000,561,56100000,RUNNING,,0,0,62,1,0,reconstructed_from_retained_wire,True,,,317.7911501603251,301.1244843442489,293.1499990244157,0.5274980000000011,0.65,280500.00000000536,280499.97143337515,0.00014999991971397566,18825.423634720464,-1.6957528714556247e-08,0.00015,301.124,293.15,317.791,0.0,150000,1,561,56100000,56100000,56100000,0,301124,1,561,56100000,56100000,56100000,0,293150,1,561,56100000,56100000,56100000,0,317791,1,561,56100000,56100000,56100000,0,0,1,561,56100000,56100000,56100000,0,1.0,0.527498,0.65,1.0,0.527498,0.65,1.0,0.527498,0.65,561,56400000,False,1.0,5000.0,300.0,500.0,600000000000.0,100000000000.0,,560
1,corrupt_flow,thermal_loop,563,controller_tick,56200000,56.2,1,0,56200000,562,56200000,RUNNING,,0,0,62,1,0,reconstructed_from_retained_wire,True,,,317.79115016287534,301.1244843457494,293.14999902526984,0.5274980000000011,0.65,281000.00000000536,280999.9713846173,0.00014999991971397566,18825.423634720464,-1.762327883625403e-08,0.00015,301.124,293.15,317.791,0.0,150000,1,562,56200000,56200000,56200000,0,301124,1,562,56200000,56200000,56200000,0,293150,1,562,56200000,56200000,56200000,0,317791,1,562,56200000,56200000,56200000,0,0,1,562,56200000,56200000,56200000,0,1.0,0.527498,0.65,1.0,0.527498,0.65,1.0,0.527498,0.65,562,56500000,False,1.0,5000.0,300.0,500.0,600000000000.0,100000000000.0,,561
1,corrupt_flow,thermal_loop,564,controller_tick,56300000,56.3,1,0,56300000,563,56300000,RUNNING,,0,0,62,1,0,reconstructed_from_retained_wire,True,,,317.7911501654224,301.1244843472488,293.14999902612385,0.5274980000000011,0.65,281500.0000000054,281499.9713359022,0.00014999991971397566,18825.423634720464,-1.7909769667312503e-08,0.00015,301.124,293.15,317.791,0.0,150000,1,563,56300000,56300000,56300000,0,301124,1,563,56300000,56300000,56300000,0,293150,1,563,56300000,56300000,56300000,0,317791,1,563,56300000,56300000,56300000,0,0,1,563,56300000,56300000,56300000,0,1.0,0.527498,0.65,1.0,0.527498,0.65,1.0,0.527498,0.65,563,56600000,False,1.0,5000.0,300.0,500.0,600000000000.0,100000000000.0,,562
1,corrupt_flow,thermal_loop,565,controller_tick,56400000,56.4,1,0,56400000,564,56400000,RUNNING,,0,0,62,1,0,reconstructed_from_retained_wire,True,,,317.79115016796624,301.12448434874716,293.1499990269777,0.5274980000000011,0.65,282000.0000000054,281999.9712872298,0.00014999991971397566,18825.423634720464,-1.847161001933273e-08,0.00015,301.124,293.15,317.791,0.0,150000,1,564,56400000,56400000,56400000,0,301124,1,564,56400000,56400000,56400000,0,293150,1,564,56400000,56400000,56400000,0,317791,1,564,56400000,56400000,56400000,0,0,1,564,56400000,56400000,56400000,0,1.0,0.527498,0.65,1.0,0.527498,0.65,1.0,0.527498,0.65,564,56700000,False,1.0,5000.0,300.0,500.0,600000000000.0,100000000000.0,,563
1,corrupt_flow,thermal_loop,566,controller_tick,56500000,56.5,1,0,56500000,565,56500000,RUNNING,,0,0,62,1,0,reconstructed_from_retained_wire,True,,,317.791150170507,301.1244843502445,293.1499990278313,0.5274980000000011,0.65,282500.0000000054,282499.97123860003,0.00014999991971397566,18825.423634720464,-1.8467744666850194e-08,0.00015,301.124,293.15,317.791,0.0,150000,1,565,56500000,56500000,56500000,0,301124,1,565,56500000,56500000,56500000,0,293150,1,565,56500000,56500000,56500000,0,317791,1,565,56500000,56500000,56500000,0,0,1,565,56500000,56500000,56500000,0,1.0,0.527498,0.65,1.0,0.527498,0.65,1.0,0.527498,0.65,565,56800000,False,1.0,5000.0,300.0,500.0,600000000000.0,100000000000.0,,564
1,corrupt_flow,thermal_loop,567,controller_tick,56600000,56.6,1,0,56600000,566,56600000,RUNNING,,0,0,62,1,0,reconstructed_from_retained_wire,True,,,317.7911501730447,301.1244843517407,293.1499990286848,0.5274980000000011,0.65,283000.0000000054,282999.971190013,0.00014999991971397566,18825.423634720464,-1.74579781742068e-08,0.00015,301.124,293.15,317.791,0.0,150000,1,566,56600000,56600000,56600000,0,301124,1,566,56600000,56600000,56600000,0,293150,1,566,56600000,56600000,56600000,0,317791,1,566,56600000,56600000,56600000,0,0,1,566,56600000,56600000,56600000,0,1.0,0.527498,0.65,1.0,0.527498,0.65,1.0,0.527498,0.65,566,56900000,False,1.0,5000.0,300.0,500.0,600000000000.0,100000000000.0,,565
1,corrupt_flow,thermal_loop,568,controller_tick,56700000,56.7,1,0,56700000,567,56700000,RUNNING,,0,0,62,1,0,reconstructed_from_retained_wire,True,,,317.7911501755792,301.12448435323586,293.1499990295381,0.5274980000000011,0.65,283500.0000000054,283499.97114146856,0.00014999991971397566,18825.423634720464,-1.698435880825855e-08,0.00015,301.124,293.15,317.791,0.0,150000,1,567,56700000,56700000,56700000,0,301124,1,567,56700000,56700000,56700000,0,293150,1,567,56700000,56700000,56700000,0,317791,1,567,56700000,56700000,56700000,0,0,1,567,56700000,56700000,56700000,0,1.0,0.527498,0.65,1.0,0.527498,0.65,1.0,0.527498,0.65,567,57000000,False,1.0,5000.0,300.0,500.0,600000000000.0,100000000000.0,,566
1,corrupt_flow,thermal_loop,569,controller_tick,56800000,56.8,1,0,56800000,568,56800000,RUNNING,,0,0,62,1,0,reconstructed_from_retained_wire,True,,,317.7911501781106,301.1244843547299,293.14999903039114,0.5274980000000011,0.65,284000.0000000055,283999.9710929668,0.00014999991971397566,18825.423634720464,-1.7522097550681792e-08,0.00015,301.124,293.15,317.791,0.0,150000,1,568,56800000,56800000,56800000,0,301124,1,568,56800000,56800000,56800000,0,293150,1,568,56800000,56800000,56800000,0,317791,1,568,56800000,56800000,56800000,0,0,1,568,56800000,56800000,56800000,0,1.0,0.527498,0.65,1.0,0.527498,0.65,1.0,0.527498,0.65,568,57100000,False,1.0,5000.0,300.0,500.0,600000000000.0,100000000000.0,,567
1,corrupt_flow,thermal_loop,570,controller_tick,56900000,56.9,1,0,56900000,569,56900000,RUNNING,,0,0,62,1,0,reconstructed_from_retained_wire,True,,,317.7911501806389,301.12448435622287,293.149999031244,0.5274980000000011,0.65,284500.0000000055,284499.9710445077,0.00014999991971397566,18825.423634720464,-1.7291540643782355e-08,0.00015,301.124,293.15,317.791,0.0,150000,1,569,56900000,56900000,56900000,0,301124,1,569,56900000,56900000,56900000,0,293150,1,569,56900000,56900000,56900000,0,317791,1,569,56900000,56900000,56900000,0,0,1,569,56900000,56900000,56900000,0,1.0,0.527498,0.65,1.0,0.527498,0.65,1.0,0.527498,0.65,569,57200000,False,1.0,5000.0,300.0,500.0,600000000000.0,100000000000.0,,568
1,corrupt_flow,thermal_loop,571,controller_tick,57000000,57.0,1,0,57000000,570,57000000,RUNNING,,0,0,62,1,0,reconstructed_from_retained_wire,True,,,317.7911501831641,301.1244843577147,293.14999903209673,0.5274980000000011,0.65,285000.0000000055,284999.9709960912,0.00014999991971397566,18825.423634720464,-1.67910911841318e-08,0.00015,301.124,293.15,317.791,0.0,150000,1,570,57000000,57000000,57000000,0,301124,1,570,57000000,57000000,57000000,0,293150,1,570,57000000,57000000,57000000,0,317791,1,570,57000000,57000000,57000000,0,0,1,570,57000000,57000000,57000000,0,1.0,0.527498,0.65,1.0,0.527498,0.65,1.0,0.527498,0.65,570,57300000,False,1.0,5000.0,300.0,500.0,600000000000.0,100000000000.0,,569
1,corrupt_flow,thermal_loop,572,controller_tick,57100000,57.1,1,0,57100000,571,57100000,RUNNING,,0,0,62,1,0,reconstructed_from_retained_wire,True,,,317.7911501856862,301.12448435920555,293.14999903294915,0.5274980000000011,0.65,285500.0000000055,285499.9709477174,0.00014999991971397566,18825.423634720464,-1.70061866811011e-08,0.00015,301.124,293.15,317.791,0.0,150000,1,571,57100000,57100000,57100000,0,301124,1,571,57100000,57100000,57100000,0,293150,1,571,57100000,57100000,57100000,0,317791,1,571,57100000,57100000,57100000,0,0,1,571,57100000,57100000,57100000,0,1.0,0.527498,0.65,1.0,0.527498,0.65,1.0,0.527498,0.65,571,57400000,False,1.0,5000.0,300.0,500.0,600000000000.0,100000000000.0,,570
1,corrupt_flow,thermal_loop,573,controller_tick,57200000,57.2,1,0,57200000,572,57200000,RUNNING,,0,0,62,1,0,reconstructed_from_retained_wire,True,,,317.79115018820517,301.12448436069525,293.1499990338014,0.5274980000000011,0.65,286000.0000000055,285999.97089938616,0.00014999991971397566,18825.423634720464,-1.751982381392736e-08,0.00015,301.124,293.15,317.791,0.0,150000,1,572,57200000,57200000,57200000,0,301124,1,572,57200000,57200000,57200000,0,293150,1,572,57200000,57200000,57200000,0,317791,1,572,57200000,57200000,57200000,0,0,1,572,57200000,57200000,57200000,0,1.0,0.527498,0.65,1.0,0.527498,0.65,1.0,0.527498,0.65,572,57500000,False,1.0,5000.0,300.0,500.0,600000000000.0,100000000000.0,,571
1,corrupt_flow,thermal_loop,574,controller_tick,57300000,57.3,1,0,57300000,573,57300000,RUNNING,,0,0,62,1,0,reconstructed_from_retained_wire,True,,,317.7911501907211,301.12448436218386,293.14999903465343,0.5274980000000011,0.65,286500.00000000553,286499.97085109755,0.00014999991971397566,18825.423634720464,-1.749094735714607e-08,0.00015,301.124,293.15,317.791,0.0,150000,1,573,57300000,57300000,57300000,0,301124,1,573,57300000,57300000,57300000,0,293150,1,573,57300000,57300000,57300000,0,317791,1,573,57300000,57300000,57300000,0,0,1,573,57300000,57300000,57300000,0,1.0,0.527498,0.65,1.0,0.527498,0.65,1.0,0.527498,0.65,573,57600000,False,1.0,5000.0,300.0,500.0,600000000000.0,100000000000.0,,572
1,corrupt_flow,thermal_loop,575,controller_tick,57400000,57.4,1,0,57400000,574,57400000,RUNNING,,0,0,62,1,0,reconstructed_from_retained_wire,True,,,317.79115019323393,301.1244843636714,293.14999903550523,0.5274980000000011,0.65,287000.00000000553,286999.97080285155,0.00014999991971397566,18825.423634720464,-1.7940010366146453e-08,0.00015,301.124,293.15,317.791,0.0,150000,1,574,57400000,57400000,57400000,0,301124,1,574,57400000,57400000,57400000,0,293150,1,574,57400000,57400000,57400000,0,317791,1,574,57400000,57400000,57400000,0,0,1,574,57400000,57400000,57400000,0,1.0,0.527498,0.65,1.0,0.527498,0.65,1.0,0.527498,0.65,574,57700000,False,1.0,5000.0,300.0,500.0,600000000000.0,100000000000.0,,573
1,corrupt_flow,thermal_loop,576,controller_tick,57500000,57.5,1,0,57500000,575,57500000,RUNNING,,0,0,62,1,0,reconstructed_from_retained_wire,True,,,317.7911501957437,301.1244843651578,293.14999903635686,0.5274980000000011,0.65,287500.00000000553,287499.97075464815,0.00014999991971397566,18825.423634720464,-1.811918082239572e-08,0.00015,301.124,293.15,317.791,0.0,150000,1,575,57500000,57500000,57500000,0,301124,1,575,57500000,57500000,57500000,0,293150,1,575,57500000,57500000,57500000,0,317791,1,575,57500000,57500000,57500000,0,0,1,575,57500000,57500000,57500000,0,1.0,0.527498,0.65,1.0,0.527498,0.65,1.0,0.527498,0.65,575,57800000,False,1.0,5000.0,300.0,500.0,600000000000.0,100000000000.0,,574
1,corrupt_flow,thermal_loop,577,controller_tick,57600000,57.6,1,0,57600000,576,57600000,RUNNING,,0,0,62,1,0,reconstructed_from_retained_wire,True,,,317.7911501982504,301.1244843666432,293.14999903720826,0.5274980000000011,0.65,288000.0000000056,287999.97070648725,0.00014999991971397566,18825.423634720464,-1.7397042029188015e-08,0.00015,301.124,293.15,317.791,0.0,150000,1,576,57600000,57600000,57600000,0,301124,1,576,57600000,57600000,57600000,0,293150,1,576,57600000,57600000,57600000,0,317791,1,576,57600000,57600000,57600000,0,0,1,576,57600000,57600000,57600000,0,1.0,0.527498,0.65,1.0,0.527498,0.65,1.0,0.527498,0.65,576,57900000,False,1.0,5000.0,300.0,500.0,600000000000.0,100000000000.0,,575
1,corrupt_flow,thermal_loop,578,controller_tick,57700000,57.7,1,0,57700000,577,57700000,RUNNING,,0,0,62,1,0,reconstructed_from_retained_wire,True,,,317.79115020075403,301.1244843681274,293.14999903805943,0.5274980000000011,0.65,288500.0000000056,288499.97065836895,0.00014999991971397566,18825.423634720464,-1.7628053683438338e-08,0.00015,301.124,293.15,317.791,0.0,150000,1,577,57700000,57700000,57700000,0,301124,1,577,57700000,57700000,57700000,0,293150,1,577,57700000,57700000,57700000,0,317791,1,577,57700000,57700000,57700000,0,0,1,577,57700000,57700000,57700000,0,1.0,0.527498,0.65,1.0,0.527498,0.65,1.0,0.527498,0.65,577,58000000,False,1.0,5000.0,300.0,500.0,600000000000.0,100000000000.0,,576
1,corrupt_flow,thermal_loop,579,controller_tick,57800000,57.8,1,0,57800000,578,57800000,RUNNING,,0,0,62,1,0,reconstructed_from_retained_wire,True,,,317.79115020325463,301.12448436961057,293.1499990389104,0.5274980000000011,0.65,289000.0000000056,288999.97061029327,0.00014999991971397566,18825.423634720464,-1.7258344087167643e-08,0.00015,301.124,293.15,317.791,0.0,150000,1,578,57800000,57800000,57800000,0,301124,1,578,57800000,57800000,57800000,0,293150,1,578,57800000,57800000,57800000,0,317791,1,578,57800000,57800000,57800000,0,0,1,578,57800000,57800000,57800000,0,1.0,0.527498,0.65,1.0,0.527498,0.65,1.0,0.527498,0.65,578,58100000,False,1.0,5000.0,300.0,500.0,600000000000.0,100000000000.0,,577
1,corrupt_flow,thermal_loop,580,controller_tick,57900000,57.9,1,0,57900000,579,57900000,RUNNING,,0,0,62,1,0,reconstructed_from_retained_wire,True,,,317.79115020575216,301.1244843710926,293.14999903976104,0.5274980000000011,0.65,289500.0000000056,289499.9705622601,0.00014999991971397566,18825.423634720464,-1.816079020500183e-08,0.00015,301.124,293.15,317.791,0.0,150000,1,579,57900000,57900000,57900000,0,301124,1,579,57900000,57900000,57900000,0,293150,1,579,57900000,57900000,57900000,0,317791,1,579,57900000,57900000,57900000,0,0,1,579,57900000,57900000,57900000,0,1.0,0.527498,0.65,1.0,0.527498,0.65,1.0,0.527498,0.65,579,58200000,False,1.0,5000.0,300.0,500.0,600000000000.0,100000000000.0,,578
1,corrupt_flow,thermal_loop,581,controller_tick,58000000,58.0,1,0,58000000,580,58000000,RUNNING,,0,0,62,1,0,reconstructed_from_retained_wire,True,,,317.7911502082467,301.12448437257353,293.1499990406115,0.5274980000000011,0.65,290000.0000000056,289999.9705142694,0.00014999991971397566,18825.423634720464,-1.8578930394141935e-08,0.00015,301.124,293.15,317.791,0.0,150000,1,580,58000000,58000000,58000000,0,301124,1,580,58000000,58000000,58000000,0,293150,1,580,58000000,58000000,58000000,0,317791,1,580,58000000,58000000,58000000,0,0,1,580,58000000,58000000,58000000,0,1.0,0.527498,0.65,1.0,0.527498,0.65,1.0,0.527498,0.65,580,58300000,False,1.0,5000.0,300.0,500.0,600000000000.0,100000000000.0,,579
1,corrupt_flow,thermal_loop,582,controller_tick,58100000,58.1,1,0,58100000,581,58100000,RUNNING,,0,0,62,1,0,reconstructed_from_retained_wire,True,,,317.7911502107381,301.12448437405345,293.1499990414617,0.5274980000000011,0.65,290500.0000000056,290499.9704663212,0.00014999991971397566,18825.423634720464,-1.8547780200606212e-08,0.00015,301.124,293.15,317.791,0.0,150000,1,581,58100000,58100000,58100000,0,301124,1,581,58100000,58100000,58100000,0,293150,1,581,58100000,58100000,58100000,0,317791,1,581,58100000,58100000,58100000,0,0,1,581,58100000,58100000,58100000,0,1.0,0.527498,0.65,1.0,0.527498,0.65,1.0,0.527498,0.65,581,58400000,False,1.0,5000.0,300.0,500.0,600000000000.0,100000000000.0,,580
1,corrupt_flow,thermal_loop,583,controller_tick,58200000,58.2,1,0,58200000,582,58200000,RUNNING,,0,0,62,1,0,reconstructed_from_retained_wire,True,,,317.79115021322656,301.12448437553223,293.14999904231166,0.5274980000000011,0.65,291000.0000000056,290999.97041841556,0.00014999991971397566,18825.423634720464,-1.850753506005276e-08,0.00015,301.124,293.15,317.791,0.0,150000,1,582,58200000,58200000,58200000,0,301124,1,582,58200000,58200000,58200000,0,293150,1,582,58200000,58200000,58200000,0,317791,1,582,58200000,58200000,58200000,0,0,1,582,58200000,58200000,58200000,0,1.0,0.527498,0.65,1.0,0.527498,0.65,1.0,0.527498,0.65,582,58500000,False,1.0,5000.0,300.0,500.0,600000000000.0,100000000000.0,,581
1,corrupt_flow,thermal_loop,584,controller_tick,58300000,58.3,1,0,58300000,583,58300000,RUNNING,,0,0,62,1,0,reconstructed_from_retained_wire,True,,,317.791150215712,301.12448437700994,293.14999904316136,0.5274980000000011,0.65,291500.0000000056,291499.9703705524,0.00014999991971397566,18825.423634720464,-1.8695800463319756e-08,0.00015,301.124,293.15,317.791,0.0,150000,1,583,58300000,58300000,58300000,0,301124,1,583,58300000,58300000,58300000,0,293150,1,583,58300000,58300000,58300000,0,317791,1,583,58300000,58300000,58300000,0,0,1,583,58300000,58300000,58300000,0,1.0,0.527498,0.65,1.0,0.527498,0.65,1.0,0.527498,0.65,583,58600000,False,1.0,5000.0,300.0,500.0,600000000000.0,100000000000.0,,582
1,corrupt_flow,thermal_loop,585,controller_tick,58400000,58.4,1,0,58400000,584,58400000,RUNNING,,0,0,62,1,0,reconstructed_from_retained_wire,True,,,317.7911502181944,301.12448437848656,293.1499990440109,0.5274980000000011,0.65,292000.00000000565,291999.9703227317,0.00014999991971397566,18825.423634720464,-1.7745151126291603e-08,0.00015,301.124,293.15,317.791,0.0,150000,1,584,58400000,58400000,58400000,0,301124,1,584,58400000,58400000,58400000,0,293150,1,584,58400000,58400000,58400000,0,317791,1,584,58400000,58400000,58400000,0,0,1,584,58400000,58400000,58400000,0,1.0,0.527498,0.65,1.0,0.527498,0.65,1.0,0.527498,0.65,584,58700000,False,1.0,5000.0,300.0,500.0,600000000000.0,100000000000.0,,583
1,corrupt_flow,thermal_loop,586,controller_tick,58500000,58.5,1,0,58500000,585,58500000,RUNNING,,0,0,62,1,0,reconstructed_from_retained_wire,True,,,317.7911502206738,301.12448437996204,293.1499990448601,0.5274980000000011,0.65,292500.00000000565,292499.9702749535,0.00014999991971397566,18825.423634720464,-1.7440015653846785e-08,0.00015,301.124,293.15,317.791,0.0,150000,1,585,58500000,58500000,58500000,0,301124,1,585,58500000,58500000,58500000,0,293150,1,585,58500000,58500000,58500000,0,317791,1,585,58500000,58500000,58500000,0,0,1,585,58500000,58500000,58500000,0,1.0,0.527498,0.65,1.0,0.527498,0.65,1.0,0.527498,0.65,585,58800000,False,1.0,5000.0,300.0,500.0,600000000000.0,100000000000.0,,584
1,corrupt_flow,thermal_loop,587,controller_tick,58600000,58.6,1,0,58600000,586,58600000,RUNNING,,0,0,62,1,0,reconstructed_from_retained_wire,True,,,317.79115022315017,301.12448438143645,293.1499990457091,0.5274980000000011,0.65,293000.0000000057,292999.97022721777,0.00014999991971397566,18825.423634720464,-1.747980604704935e-08,0.00015,301.124,293.15,317.791,0.0,150000,1,586,58600000,58600000,58600000,0,301124,1,586,58600000,58600000,58600000,0,293150,1,586,58600000,58600000,58600000,0,317791,1,586,58600000,58600000,58600000,0,0,1,586,58600000,58600000,58600000,0,1.0,0.527498,0.65,1.0,0.527498,0.65,1.0,0.527498,0.65,586,58900000,False,1.0,5000.0,300.0,500.0,600000000000.0,100000000000.0,,585
1,corrupt_flow,thermal_loop,588,controller_tick,58700000,58.7,1,0,58700000,587,58700000,RUNNING,,0,0,62,1,0,reconstructed_from_retained_wire,True,,,317.79115022562354,301.12448438290977,293.14999904655775,0.5274980000000011,0.65,293500.0000000057,293499.9701795245,0.00014999991971397566,18825.423634720464,-1.7689899323158897e-08,0.00015,301.124,293.15,317.791,0.0,150000,1,587,58700000,58700000,58700000,0,301124,1,587,58700000,58700000,58700000,0,293150,1,587,58700000,58700000,58700000,0,317791,1,587,58700000,58700000,58700000,0,0,1,587,58700000,58700000,58700000,0,1.0,0.527498,0.65,1.0,0.527498,0.65,1.0,0.527498,0.65,587,59000000,False,1.0,5000.0,300.0,500.0,600000000000.0,100000000000.0,,586
1,corrupt_flow,thermal_loop,589,controller_tick,58800000,58.8,1,0,58800000,588,58800000,RUNNING,,0,0,62,1,0,reconstructed_from_retained_wire,True,,,317.7911502280939,301.12448438438196,293.1499990474062,0.5274980000000011,0.65,294000.0000000057,293999.9701318736,0.00014999991971397566,18825.423634720464,-1.800731297407765e-08,0.00015,301.124,293.15,317.791,0.0,150000,1,588,58800000,58800000,58800000,0,301124,1,588,58800000,58800000,58800000,0,293150,1,588,58800000,58800000,58800000,0,317791,1,588,58800000,58800000,58800000,0,0,1,588,58800000,58800000,58800000,0,1.0,0.527498,0.65,1.0,0.527498,0.65,1.0,0.527498,0.65,588,59100000,False,1.0,5000.0,300.0,500.0,600000000000.0,100000000000.0,,587
1,corrupt_flow,thermal_loop,590,controller_tick,58900000,58.9,1,0,58900000,589,58900000,RUNNING,,0,0,62,1,0,reconstructed_from_retained_wire,True,,,317.7911502305613,301.1244843858531,293.14999904825436,0.5274980000000011,0.65,294500.0000000057,294499.97008426517,0.00014999991971397566,18825.423634720464,-1.7567799659445882e-08,0.00015,301.124,293.15,317.791,0.0,150000,1,589,58900000,58900000,58900000,0,301124,1,589,58900000,58900000,58900000,0,293150,1,589,58900000,58900000,58900000,0,317791,1,589,58900000,58900000,58900000,0,0,1,589,58900000,58900000,58900000,0,1.0,0.527498,0.65,1.0,0.527498,0.65,1.0,0.527498,0.65,589,59200000,False,1.0,5000.0,300.0,500.0,600000000000.0,100000000000.0,,588
1,corrupt_flow,thermal_loop,591,controller_tick,59000000,59.0,1,0,59000000,590,59000000,RUNNING,,0,0,62,1,0,reconstructed_from_retained_wire,True,,,317.7911502330257,301.12448438732315,293.1499990491023,0.5274980000000011,0.65,295000.00000000576,294999.9700366991,0.00014999991971397566,18825.423634720464,-1.7293814380536787e-08,0.00015,301.124,293.15,317.791,0.0,150000,1,590,59000000,59000000,59000000,0,301124,1,590,59000000,59000000,59000000,0,293150,1,590,59000000,59000000,59000000,0,317791,1,590,59000000,59000000,59000000,0,0,1,590,59000000,59000000,59000000,0,1.0,0.527498,0.65,1.0,0.527498,0.65,1.0,0.527498,0.65,590,59300000,False,1.0,5000.0,300.0,500.0,600000000000.0,100000000000.0,,589
1,corrupt_flow,thermal_loop,592,controller_tick,59100000,59.1,1,0,59100000,591,59100000,RUNNING,,0,0,62,1,0,reconstructed_from_retained_wire,True,,,317.7911502354871,301.12448438879204,293.14999904994994,0.5274980000000011,0.65,295500.00000000576,295499.9699891754,0.00014999991971397566,18825.423634720464,-1.7213324099429883e-08,0.00015,301.124,293.15,317.791,0.0,150000,1,591,59100000,59100000,59100000,0,301124,1,591,59100000,59100000,59100000,0,293150,1,591,59100000,59100000,59100000,0,317791,1,591,59100000,59100000,59100000,0,0,1,591,59100000,59100000,59100000,0,1.0,0.527498,0.65,1.0,0.527498,0.65,1.0,0.527498,0.65,591,59400000,False,1.0,5000.0,300.0,500.0,600000000000.0,100000000000.0,,590
1,corrupt_flow,thermal_loop,593,controller_tick,59200000,59.2,1,0,59200000,592,59200000,RUNNING,,0,0,62,1,0,reconstructed_from_retained_wire,True,,,317.79115023794554,301.1244843902599,293.1499990507973,0.5274980000000011,0.65,296000.00000000576,295999.9699416941,0.00014999991971397566,18825.423634720464,-1.694434104138054e-08,0.00015,301.124,293.15,317.791,0.0,150000,1,592,59200000,59200000,59200000,0,301124,1,592,59200000,59200000,59200000,0,293150,1,592,59200000,59200000,59200000,0,317791,1,592,59200000,59200000,59200000,0,0,1,592,59200000,59200000,59200000,0,1.0,0.527498,0.65,1.0,0.527498,0.65,1.0,0.527498,0.65,592,59500000,False,1.0,5000.0,300.0,500.0,600000000000.0,100000000000.0,,591
1,corrupt_flow,thermal_loop,594,controller_tick,59300000,59.3,1,0,59300000,593,59300000,RUNNING,,0,0,62,1,0,reconstructed_from_retained_wire,True,,,317.79115024040095,301.12448439172664,293.1499990516444,0.5274980000000011,0.65,296500.0000000058,296499.96989425516,0.00014999991971397566,18825.423634720464,-1.761191015248187e-08,0.00015,301.124,293.15,317.791,0.0,150000,1,593,59300000,59300000,59300000,0,301124,1,593,59300000,59300000,59300000,0,293150,1,593,59300000,59300000,59300000,0,317791,1,593,59300000,59300000,59300000,0,0,1,593,59300000,59300000,59300000,0,1.0,0.527498,0.65,1.0,0.527498,0.65,1.0,0.527498,0.65,593,59600000,False,1.0,5000.0,300.0,500.0,600000000000.0,100000000000.0,,592
1,corrupt_flow,thermal_loop,595,controller_tick,59400000,59.4,1,0,59400000,594,59400000,RUNNING,,0,0,62,1,0,reconstructed_from_retained_wire,True,,,317.7911502428534,301.12448439319223,293.1499990524912,0.5274980000000011,0.65,297000.0000000058,296999.9698468586,0.00014999991971397566,18825.423634720464,-1.847297426138539e-08,0.00015,301.124,293.15,317.791,0.0,150000,1,594,59400000,59400000,59400000,0,301124,1,594,59400000,59400000,59400000,0,293150,1,594,59400000,59400000,59400000,0,317791,1,594,59400000,59400000,59400000,0,0,1,594,59400000,59400000,59400000,0,1.0,0.527498,0.65,1.0,0.527498,0.65,1.0,0.527498,0.65,594,59700000,False,1.0,5000.0,300.0,500.0,600000000000.0,100000000000.0,,593
1,corrupt_flow,thermal_loop,596,controller_tick,59500000,59.5,1,0,59500000,595,59500000,RUNNING,,0,0,62,1,0,reconstructed_from_retained_wire,True,,,317.79115024530296,301.1244843946568,293.1499990533377,0.5274980000000011,0.65,297500.0000000058,297499.9697995043,0.00014999991971397566,18825.423634720464,-1.8125092537957244e-08,0.00015,301.124,293.15,317.791,0.0,150000,1,595,59500000,59500000,59500000,0,301124,1,595,59500000,59500000,59500000,0,293150,1,595,59500000,59500000,59500000,0,317791,1,595,59500000,59500000,59500000,0,0,1,595,59500000,59500000,59500000,0,1.0,0.527498,0.65,1.0,0.527498,0.65,1.0,0.527498,0.65,595,59800000,False,1.0,5000.0,300.0,500.0,600000000000.0,100000000000.0,,594
1,corrupt_flow,thermal_loop,597,controller_tick,59600000,59.6,1,0,59600000,596,59600000,RUNNING,,0,0,62,1,0,reconstructed_from_retained_wire,True,,,317.79115024774956,301.12448439612024,293.1499990541839,0.5274980000000011,0.65,298000.0000000058,297999.9697521924,0.00014999991971397566,18825.423634720464,-1.8087121134158224e-08,0.00015,301.124,293.15,317.791,0.0,150000,1,596,59600000,59600000,59600000,0,301124,1,596,59600000,59600000,59600000,0,293150,1,596,59600000,59600000,59600000,0,317791,1,596,59600000,59600000,59600000,0,0,1,596,59600000,59600000,59600000,0,1.0,0.527498,0.65,1.0,0.527498,0.65,1.0,0.527498,0.65,596,59900000,False,1.0,5000.0,300.0,500.0,600000000000.0,100000000000.0,,595
1,corrupt_flow,thermal_loop,598,controller_tick,59700000,59.7,1,0,59700000,597,59700000,RUNNING,,0,0,62,1,0,reconstructed_from_retained_wire,True,,,317.79115025019314,301.12448439758253,293.14999905502987,0.5274980000000011,0.65,298500.0000000059,298499.96970492275,0.00014999991971397566,18825.423634720464,-1.8985701899509877e-08,0.00015,301.124,293.15,317.791,0.0,150000,1,597,59700000,59700000,59700000,0,301124,1,597,59700000,59700000,59700000,0,293150,1,597,59700000,59700000,59700000,0,317791,1,597,59700000,59700000,59700000,0,0,1,597,59700000,59700000,59700000,0,1.0,0.527498,0.65,1.0,0.527498,0.65,1.0,0.527498,0.65,597,60000000,False,1.0,5000.0,300.0,500.0,600000000000.0,100000000000.0,,596
1,corrupt_flow,thermal_loop,599,controller_tick,59800000,59.8,1,0,59800000,598,59800000,RUNNING,,0,0,62,1,0,reconstructed_from_retained_wire,True,,,317.7911502526339,301.1244843990438,293.1499990558755,0.5274980000000011,0.65,299000.0000000059,298999.9696576954,0.00014999991971397566,18825.423634720464,-1.8106902643921785e-08,0.00015,301.124,293.15,317.791,0.0,150000,1,598,59800000,59800000,59800000,0,301124,1,598,59800000,59800000,59800000,0,293150,1,598,59800000,59800000,59800000,0,317791,1,598,59800000,59800000,59800000,0,0,1,598,59800000,59800000,59800000,0,1.0,0.527498,0.65,1.0,0.527498,0.65,1.0,0.527498,0.65,598,60100000,False,1.0,5000.0,300.0,500.0,600000000000.0,100000000000.0,,597
1,corrupt_flow,thermal_loop,600,controller_tick,59900000,59.9,1,0,59900000,599,59900000,RUNNING,,0,0,62,1,0,reconstructed_from_retained_wire,True,,,317.79115025507167,301.12448440050395,293.14999905672084,0.5274980000000011,0.65,299500.0000000059,299499.96961051034,0.00014999991971397566,18825.423634720464,-1.825083018047735e-08,0.00015,301.124,293.15,317.791,0.0,150000,1,599,59900000,59900000,59900000,0,301124,1,599,59900000,59900000,59900000,0,293150,1,599,59900000,59900000,59900000,0,317791,1,599,59900000,59900000,59900000,0,0,1,599,59900000,59900000,59900000,0,1.0,0.527498,0.65,1.0,0.527498,0.65,1.0,0.527498,0.65,599,60200000,False,1.0,5000.0,300.0,500.0,600000000000.0,100000000000.0,,598
1,corrupt_flow,thermal_loop,601,event_boundary,60000000,60.0,1,0,60000000,,59900000,RUNNING,,0,0,62,1,0,reconstructed_from_retained_wire,True,flow_record_fault,before,317.7911502575065,301.12448440196295,293.14999905756594,0.5274980000000011,0.65,300000.00000000594,299999.96956336754,0.00014999991971397566,18825.423634720464,-1.8108266885974444e-08,0.00015,301.124,293.15,317.791,0.0,150000,1,599,59900000,59900000,59900000,100000,301124,1,599,59900000,59900000,59900000,100000,293150,1,599,59900000,59900000,59900000,100000,317791,1,599,59900000,59900000,59900000,100000,0,1,599,59900000,59900000,59900000,100000,1.0,0.527498,0.65,1.0,0.527498,0.65,1.0,0.527498,0.65,599,60200000,False,1.0,5000.0,300.0,500.0,600000000000.0,100000000000.0,,599
1,corrupt_flow,thermal_loop,602,event_boundary,60000000,60.0,1,0,60000000,,59900000,RUNNING,,0,0,62,1,0,reconstructed_from_retained_wire,True,flow_record_fault,after,317.7911502575065,301.12448440196295,293.14999905756594,0.5274980000000011,0.65,300000.00000000594,299999.96956336754,0.00014999991971397566,18825.423634720464,-1.8108266885974444e-08,0.00015,301.124,293.15,317.791,0.0,150000,1,599,59900000,59900000,59900000,100000,301124,1,599,59900000,59900000,59900000,100000,293150,1,599,59900000,59900000,59900000,100000,317791,1,599,59900000,59900000,59900000,100000,0,1,599,59900000,59900000,59900000,100000,1.0,0.527498,0.65,1.0,0.527498,0.65,1.0,0.527498,0.65,599,60200000,False,1.0,5000.0,300.0,500.0,600000000000.0,100000000000.0,,599
1,corrupt_flow,thermal_loop,603,controller_tick,60000000,60.0,1,0,60000000,600,60000000,RUNNING,,0,0,62,1,100000,reconstructed_from_retained_wire,True,,,317.7911502575065,301.12448440196295,293.14999905756594,0.5274980000000011,0.65,300000.00000000594,299999.96956336754,0.00014999991971397566,18825.423634720464,-1.8108266885974444e-08,0.00015,301.124,293.15,317.791,0.0,150000,1,599,59900000,59900000,59900000,100000,301124,1,600,60000000,60000000,60000000,0,293150,1,600,60000000,60000000,60000000,0,317791,1,600,60000000,60000000,60000000,0,0,1,600,60000000,60000000,60000000,0,1.0,0.527498,0.65,1.0,0.527498,0.65,1.0,0.527498,0.65,600,60300000,False,1.0,5000.0,300.0,500.0,600000000000.0,100000000000.0,,599
1,corrupt_flow,thermal_loop,604,controller_tick,60100000,60.1,1,0,60100000,601,60100000,RUNNING,,0,0,62,1,0,reconstructed_from_retained_wire,True,,,317.79115025993843,301.1244844034208,293.1499990584107,0.5274980000000011,0.65,300500.00000000594,300499.96951626695,0.00014999991971397566,18825.423634720464,-1.8478203855920583e-08,0.00015,301.124,293.15,317.791,0.0,150000,1,601,60100000,60100000,60100000,0,301124,1,601,60100000,60100000,60100000,0,293150,1,601,60100000,60100000,60100000,0,317791,1,601,60100000,60100000,60100000,0,0,1,601,60100000,60100000,60100000,0,1.0,0.527498,0.65,1.0,0.527498,0.65,1.0,0.527498,0.65,601,60400000,False,1.0,5000.0,300.0,500.0,600000000000.0,100000000000.0,,600
1,corrupt_flow,thermal_loop,605,controller_tick,60200000,60.2,1,0,60200000,602,60200000,RUNNING,,0,0,62,1,0,reconstructed_from_retained_wire,True,,,317.7911502623674,301.12448440487765,293.14999905925515,0.5274980000000011,0.65,301000.00000000594,300999.9694692086,0.00014999991971397566,18825.423634720464,-1.8265836843056604e-08,0.00015,301.124,293.15,317.791,0.0,150000,1,602,60200000,60200000,60200000,0,301124,1,602,60200000,60200000,60200000,0,293150,1,602,60200000,60200000,60200000,0,317791,1,602,60200000,60200000,60200000,0,0,1,602,60200000,60200000,60200000,0,1.0,0.527498,0.65,1.0,0.527498,0.65,1.0,0.527498,0.65,602,60500000,False,1.0,5000.0,300.0,500.0,600000000000.0,100000000000.0,,601
1,corrupt_flow,thermal_loop,606,controller_tick,60300000,60.3,1,0,60300000,603,60300000,RUNNING,,0,0,62,1,0,reconstructed_from_retained_wire,True,,,317.7911502647935,301.1244844063334,293.1499990600993,0.5274980000000011,0.65,301500.00000000594,301499.96942219243,0.00014999991971397566,18825.423634720464,-1.820717443479225e-08,0.00015,301.124,293.15,317.791,0.0,150000,1,603,60300000,60300000,60300000,0,301124,1,603,60300000,60300000,60300000,0,293150,1,603,60300000,60300000,60300000,0,317791,1,603,60300000,60300000,60300000,0,0,1,603,60300000,60300000,60300000,0,1.0,0.527498,0.65,1.0,0.527498,0.65,1.0,0.527498,0.65,603,60600000,False,1.0,5000.0,300.0,500.0,600000000000.0,100000000000.0,,602
1,corrupt_flow,thermal_loop,607,controller_tick,60400000,60.4,1,0,60400000,604,60400000,RUNNING,,0,0,62,1,0,reconstructed_from_retained_wire,True,,,317.7911502672166,301.124484407788,293.1499990609431,0.5274980000000011,0.65,302000.00000000594,301999.9693752185,0.00014999991971397566,18825.423634720464,-1.8991840988746844e-08,0.00015,301.124,293.15,317.791,0.0,150000,1,604,60400000,60400000,60400000,0,301124,1,604,60400000,60400000,60400000,0,293150,1,604,60400000,60400000,60400000,0,317791,1,604,60400000,60400000,60400000,0,0,1,604,60400000,60400000,60400000,0,1.0,0.527498,0.65,1.0,0.527498,0.65,1.0,0.527498,0.65,604,60700000,False,1.0,5000.0,300.0,500.0,600000000000.0,100000000000.0,,603
1,corrupt_flow,thermal_loop,608,controller_tick,60500000,60.5,1,0,60500000,605,60500000,RUNNING,,0,0,62,1,0,reconstructed_from_retained_wire,True,,,317.7911502696369,301.1244844092415,293.1499990617866,0.5274980000000011,0.65,302500.000000006,302499.9693282867,0.00014999991971397566,18825.423634720464,-1.8944774637930095e-08,0.00015,301.124,293.15,317.791,0.0,150000,1,605,60500000,60500000,60500000,0,301124,1,605,60500000,60500000,60500000,0,293150,1,605,60500000,60500000,60500000,0,317791,1,605,60500000,60500000,60500000,0,0,1,605,60500000,60500000,60500000,0,1.0,0.527498,0.65,1.0,0.527498,0.65,1.0,0.527498,0.65,605,60800000,False,1.0,5000.0,300.0,500.0,600000000000.0,100000000000.0,,604
1,corrupt_flow,thermal_loop,609,controller_tick,60600000,60.6,1,0,60600000,606,60600000,RUNNING,,0,0,62,1,0,reconstructed_from_retained_wire,True,,,317.7911502720542,301.1244844106939,293.1499990626299,0.5274980000000011,0.65,303000.000000006,302999.9692813972,0.00014999991971397566,18825.423634720464,-1.849480213422794e-08,0.00015,301.124,293.15,317.791,0.0,150000,1,606,60600000,60600000,60600000,0,301124,1,606,60600000,60600000,60600000,0,293150,1,606,60600000,60600000,60600000,0,317791,1,606,60600000,60600000,60600000,0,0,1,606,60600000,60600000,60600000,0,1.0,0.527498,0.65,1.0,0.527498,0.65,1.0,0.527498,0.65,606,60900000,False,1.0,5000.0,300.0,500.0,600000000000.0,100000000000.0,,605
1,corrupt_flow,thermal_loop,610,controller_tick,60700000,60.7,1,0,60700000,607,60700000,RUNNING,,0,0,62,1,0,reconstructed_from_retained_wire,True,,,317.7911502744687,301.12448441214525,293.14999906347276,0.5274980000000011,0.65,303500.00000000605,303499.96923454973,0.00014999991971397566,18825.423634720464,-1.8459331840858795e-08,0.00015,301.124,293.15,317.791,0.0,150000,1,607,60700000,60700000,60700000,0,301124,1,607,60700000,60700000,60700000,0,293150,1,607,60700000,60700000,60700000,0,317791,1,607,60700000,60700000,60700000,0,0,1,607,60700000,60700000,60700000,0,1.0,0.527498,0.65,1.0,0.527498,0.65,1.0,0.527498,0.65,607,61000000,False,1.0,5000.0,300.0,500.0,600000000000.0,100000000000.0,,606
1,corrupt_flow,thermal_loop,611,controller_tick,60800000,60.8,1,0,60800000,608,60800000,RUNNING,,0,0,62,1,0,reconstructed_from_retained_wire,True,,,317.79115027688033,301.1244844135954,293.14999906431535,0.5274980000000011,0.65,304000.00000000605,303999.9691877444,0.00014999991971397566,18825.423634720464,-1.8188529793405905e-08,0.00015,301.124,293.15,317.791,0.0,150000,1,608,60800000,60800000,60800000,0,301124,1,608,60800000,60800000,60800000,0,293150,1,608,60800000,60800000,60800000,0,317791,1,608,60800000,60800000,60800000,0,0,1,608,60800000,60800000,60800000,0,1.0,0.527498,0.65,1.0,0.527498,0.65,1.0,0.527498,0.65,608,61100000,False,1.0,5000.0,300.0,500.0,600000000000.0,100000000000.0,,607
1,corrupt_flow,thermal_loop,612,controller_tick,60900000,60.9,1,0,60900000,609,60900000,RUNNING,,0,0,62,1,0,reconstructed_from_retained_wire,True,,,317.791150279289,301.1244844150445,293.1499990651576,0.5274980000000011,0.65,304500.0000000061,304499.96914098127,0.00014999991971397566,18825.423634720464,-1.8222863218397833e-08,0.00015,301.124,293.15,317.791,0.0,150000,1,609,60900000,60900000,60900000,0,301124,1,609,60900000,60900000,60900000,0,293150,1,609,60900000,60900000,60900000,0,317791,1,609,60900000,60900000,60900000,0,0,1,609,60900000,60900000,60900000,0,1.0,0.527498,0.65,1.0,0.527498,0.65,1.0,0.527498,0.65,609,61200000,False,1.0,5000.0,300.0,500.0,600000000000.0,100000000000.0,,608
1,corrupt_flow,thermal_loop,613,controller_tick,61000000,61.0,1,0,61000000,610,61000000,RUNNING,,0,0,62,1,0,reconstructed_from_retained_wire,True,,,317.79115028169485,301.12448441649246,293.1499990659995,0.5274980000000011,0.65,305000.0000000061,304999.9690942602,0.00014999991971397566,18825.423634720464,-1.831767804105766e-08,0.00015,301.124,293.15,317.791,0.0,150000,1,610,61000000,61000000,61000000,0,301124,1,610,61000000,61000000,61000000,0,293150,1,610,61000000,61000000,61000000,0,317791,1,610,61000000,61000000,61000000,0,0,1,610,61000000,61000000,61000000,0,1.0,0.527498,0.65,1.0,0.527498,0.65,1.0,0.527498,0.65,610,61300000,False,1.0,5000.0,300.0,500.0,600000000000.0,100000000000.0,,609
1,corrupt_flow,thermal_loop,614,controller_tick,61100000,61.1,1,0,61100000,611,61100000,RUNNING,,0,0,62,1,0,reconstructed_from_retained_wire,True,,,317.79115028409785,301.1244844179393,293.1499990668411,0.5274980000000011,0.65,305500.0000000061,305499.96904758125,0.00014999991971397566,18825.423634720464,-1.847297426138539e-08,0.00015,301.124,293.15,317.791,0.0,150000,1,611,61100000,61100000,61100000,0,301124,1,611,61100000,61100000,61100000,0,293150,1,611,61100000,61100000,61100000,0,317791,1,611,61100000,61100000,61100000,0,0,1,611,61100000,61100000,61100000,0,1.0,0.527498,0.65,1.0,0.527498,0.65,1.0,0.527498,0.65,611,61400000,False,1.0,5000.0,300.0,500.0,600000000000.0,100000000000.0,,610
1,corrupt_flow,thermal_loop,615,controller_tick,61200000,61.2,1,0,61200000,612,61200000,RUNNING,,0,0,62,1,0,reconstructed_from_retained_wire,True,,,317.7911502864979,301.12448441938506,293.14999906768236,0.5274980000000011,0.65,306000.00000000617,305999.96900094434,0.00014999991971397566,18825.423634720464,-1.881221578514669e-08,0.00015,301.124,293.15,317.791,0.0,150000,1,612,61200000,61200000,61200000,0,301124,1,612,61200000,61200000,61200000,0,293150,1,612,61200000,61200000,61200000,0,317791,1,612,61200000,61200000,61200000,0,0,1,612,61200000,61200000,61200000,0,1.0,0.527498,0.65,1.0,0.527498,0.65,1.0,0.527498,0.65,612,61500000,False,1.0,5000.0,300.0,500.0,600000000000.0,100000000000.0,,611
1,corrupt_flow,thermal_loop,616,controller_tick,61300000,61.3,1,0,61300000,613,61300000,RUNNING,,0,0,62,1,0,reconstructed_from_retained_wire,True,,,317.7911502888951,301.1244844208297,293.14999906852324,0.5274980000000011,0.65,306500.00000000617,306499.96895434946,0.00014999991971397566,18825.423634720464,-1.9982962840003893e-08,0.00015,301.124,293.15,317.791,0.0,150000,1,613,61300000,61300000,61300000,0,301124,1,613,61300000,61300000,61300000,0,293150,1,613,61300000,61300000,61300000,0,317791,1,613,61300000,61300000,61300000,0,0,1,613,61300000,61300000,61300000,0,1.0,0.527498,0.65,1.0,0.527498,0.65,1.0,0.527498,0.65,613,61600000,False,1.0,5000.0,300.0,500.0,600000000000.0,100000000000.0,,612
1,corrupt_flow,thermal_loop,617,controller_tick,61400000,61.4,1,0,61400000,614,61400000,RUNNING,,0,0,62,1,0,reconstructed_from_retained_wire,True,,,317.79115029128945,301.1244844222732,293.1499990693639,0.5274980000000011,0.65,307000.00000000617,306999.96890779666,0.00014999991971397566,18825.423634720464,-1.9371555026737042e-08,0.00015,301.124,293.15,317.791,0.0,150000,1,614,61400000,61400000,61400000,0,301124,1,614,61400000,61400000,61400000,0,293150,1,614,61400000,61400000,61400000,0,317791,1,614,61400000,61400000,61400000,0,0,1,614,61400000,61400000,61400000,0,1.0,0.527498,0.65,1.0,0.527498,0.65,1.0,0.527498,0.65,614,61700000,False,1.0,5000.0,300.0,500.0,600000000000.0,100000000000.0,,613
1,corrupt_flow,thermal_loop,618,controller_tick,61500000,61.5,1,0,61500000,615,61500000,RUNNING,,0,0,62,1,0,reconstructed_from_retained_wire,True,,,317.79115029368097,301.1244844237156,293.14999907020416,0.5274980000000011,0.65,307500.00000000617,307499.9688612859,0.00014999991971397566,18825.423634720464,-1.9649860405479558e-08,0.00015,301.124,293.15,317.791,0.0,150000,1,615,61500000,61500000,61500000,0,301124,1,615,61500000,61500000,61500000,0,293150,1,615,61500000,61500000,61500000,0,317791,1,615,61500000,61500000,61500000,0,0,1,615,61500000,61500000,61500000,0,1.0,0.527498,0.65,1.0,0.527498,0.65,1.0,0.527498,0.65,615,61800000,False,1.0,5000.0,300.0,500.0,600000000000.0,100000000000.0,,614
1,corrupt_flow,thermal_loop,619,controller_tick,61600000,61.6,1,0,61600000,616,61600000,RUNNING,,0,0,62,1,0,reconstructed_from_retained_wire,True,,,317.79115029606965,301.12448442515694,293.14999907104414,0.5274980000000011,0.65,308000.0000000062,307999.9688148171,0.00014999991971397566,18825.423634720464,-1.9033450371352956e-08,0.00015,301.124,293.15,317.791,0.0,150000,1,616,61600000,61600000,61600000,0,301124,1,616,61600000,61600000,61600000,0,293150,1,616,61600000,61600000,61600000,0,317791,1,616,61600000,61600000,61600000,0,0,1,616,61600000,61600000,61600000,0,1.0,0.527498,0.65,1.0,0.527498,0.65,1.0,0.527498,0.65,616,61900000,False,1.0,5000.0,300.0,500.0,600000000000.0,100000000000.0,,615
1,corrupt_flow,thermal_loop,620,controller_tick,61700000,61.7,1,0,61700000,617,61700000,RUNNING,,0,0,62,1,0,reconstructed_from_retained_wire,True,,,317.7911502984555,301.1244844265972,293.1499990718837,0.5274980000000011,0.65,308500.0000000063,308499.9687683903,0.00014999991971397566,18825.423634720464,-1.8831542547559366e-08,0.00015,301.124,293.15,317.791,0.0,150000,1,617,61700000,61700000,61700000,0,301124,1,617,61700000,61700000,61700000,0,293150,1,617,61700000,61700000,61700000,0,317791,1,617,61700000,61700000,61700000,0,0,1,617,61700000,61700000,61700000,0,1.0,0.527498,0.65,1.0,0.527498,0.65,1.0,0.527498,0.65,617,62000000,False,1.0,5000.0,300.0,500.0,600000000000.0,100000000000.0,,616
1,corrupt_flow,thermal_loop,621,controller_tick,61800000,61.8,1,0,61800000,618,61800000,RUNNING,,0,0,62,1,0,reconstructed_from_retained_wire,True,,,317.7911503008385,301.1244844280363,293.14999907272295,0.5274980000000011,0.65,309000.0000000063,308999.9687220055,0.00014999991971397566,18825.423634720464,-1.823809725465253e-08,0.00015,301.124,293.15,317.791,0.0,150000,1,618,61800000,61800000,61800000,0,301124,1,618,61800000,61800000,61800000,0,293150,1,618,61800000,61800000,61800000,0,317791,1,618,61800000,61800000,61800000,0,0,1,618,61800000,61800000,61800000,0,1.0,0.527498,0.65,1.0,0.527498,0.65,1.0,0.527498,0.65,618,62100000,False,1.0,5000.0,300.0,500.0,600000000000.0,100000000000.0,,617
1,corrupt_flow,thermal_loop,622,controller_tick,61900000,61.9,1,0,61900000,619,61900000,RUNNING,,0,0,62,1,0,reconstructed_from_retained_wire,True,,,317.79115030321867,301.1244844294743,293.1499990735618,0.5274980000000011,0.65,309500.0000000063,309499.9686756626,0.00014999991971397566,18825.423634720464,-1.874400368251372e-08,0.00015,301.124,293.15,317.791,0.0,150000,1,619,61900000,61900000,61900000,0,301124,1,619,61900000,61900000,61900000,0,293150,1,619,61900000,61900000,61900000,0,317791,1,619,61900000,61900000,61900000,0,0,1,619,61900000,61900000,61900000,0,1.0,0.527498,0.65,1.0,0.527498,0.65,1.0,0.527498,0.65,619,62200000,False,1.0,5000.0,300.0,500.0,600000000000.0,100000000000.0,,618
1,corrupt_flow,thermal_loop,623,controller_tick,62000000,62.0,1,0,62000000,620,62000000,RUNNING,,0,0,62,1,0,reconstructed_from_retained_wire,True,,,317.791150305596,301.12448443091114,293.14999907440034,0.5274980000000011,0.65,310000.0000000063,309999.96862936165,0.00014999991971397566,18825.423634720464,-1.9247408999945037e-08,0.00015,301.124,293.15,317.791,0.0,150000,1,620,62000000,62000000,62000000,0,301124,1,620,62000000,62000000,62000000,0,293150,1,620,62000000,62000000,62000000,0,317791,1,620,62000000,62000000,62000000,0,0,1,620,62000000,62000000,62000000,0,1.0,0.527498,0.65,1.0,0.527498,0.65,1.0,0.527498,0.65,620,62300000,False,1.0,5000.0,300.0,500.0,600000000000.0,100000000000.0,,619
1,corrupt_flow,thermal_loop,624,controller_tick,62100000,62.1,1,0,62100000,621,62100000,RUNNING,,0,0,62,1,0,reconstructed_from_retained_wire,True,,,317.7911503079705,301.12448443234683,293.1499990752385,0.5274980000000011,0.65,310500.00000000634,310499.9685831026,0.00014999991971397566,18825.423634720464,-2.0246716303518042e-08,0.00015,301.124,293.15,317.791,0.0,150000,1,621,62100000,62100000,62100000,0,301124,1,621,62100000,62100000,62100000,0,293150,1,621,62100000,62100000,62100000,0,317791,1,621,62100000,62100000,62100000,0,0,1,621,62100000,62100000,62100000,0,1.0,0.527498,0.65,1.0,0.527498,0.65,1.0,0.527498,0.65,621,62400000,False,1.0,5000.0,300.0,500.0,600000000000.0,100000000000.0,,620
1,corrupt_flow,thermal_loop,625,controller_tick,62200000,62.2,1,0,62200000,622,62200000,RUNNING,,0,0,62,1,0,reconstructed_from_retained_wire,True,,,317.79115031034223,301.1244844337815,293.14999907607637,0.5274980000000011,0.65,311000.00000000634,310999.9685368855,0.00014999991971397566,18825.423634720464,-1.9249455363024026e-08,0.00015,301.124,293.15,317.791,0.0,150000,1,622,62200000,62200000,62200000,0,301124,1,622,62200000,62200000,62200000,0,293150,1,622,62200000,62200000,62200000,0,317791,1,622,62200000,62200000,62200000,0,0,1,622,62200000,62200000,62200000,0,1.0,0.527498,0.65,1.0,0.527498,0.65,1.0,0.527498,0.65,622,62500000,False,1.0,5000.0,300.0,500.0,600000000000.0,100000000000.0,,621
1,corrupt_flow,thermal_loop,626,controller_tick,62300000,62.3,1,0,62300000,623,62300000,RUNNING,,0,0,62,1,0,reconstructed_from_retained_wire,True,,,317.7911503127112,301.12448443521504,293.14999907691384,0.5274980000000011,0.65,311500.0000000064,311499.96849071025,0.00014999991971397566,18825.423634720464,-1.8806304069585167e-08,0.00015,301.124,293.15,317.791,0.0,150000,1,623,62300000,62300000,62300000,0,301124,1,623,62300000,62300000,62300000,0,293150,1,623,62300000,62300000,62300000,0,317791,1,623,62300000,62300000,62300000,0,0,1,623,62300000,62300000,62300000,0,1.0,0.527498,0.65,1.0,0.527498,0.65,1.0,0.527498,0.65,623,62600000,False,1.0,5000.0,300.0,500.0,600000000000.0,100000000000.0,,622
1,corrupt_flow,thermal_loop,627,controller_tick,62400000,62.4,1,0,62400000,624,62400000,RUNNING,,0,0,62,1,0,reconstructed_from_retained_wire,True,,,317.79115031507735,301.12448443664744,293.149999077751,0.5274980000000011,0.65,312000.0000000064,311999.9684445769,0.00014999991971397566,18825.423634720464,-1.802982296794653e-08,0.00015,301.124,293.15,317.791,0.0,150000,1,624,62400000,62400000,62400000,0,301124,1,624,62400000,62400000,62400000,0,293150,1,624,62400000,62400000,62400000,0,317791,1,624,62400000,62400000,62400000,0,0,1,624,62400000,62400000,62400000,0,1.0,0.527498,0.65,1.0,0.527498,0.65,1.0,0.527498,0.65,624,62700000,False,1.0,5000.0,300.0,500.0,600000000000.0,100000000000.0,,623
1,corrupt_flow,thermal_loop,628,controller_tick,62500000,62.5,1,0,62500000,625,62500000,RUNNING,,0,0,62,1,0,reconstructed_from_retained_wire,True,,,317.79115031744067,301.1244844380787,293.14999907858777,0.5274980000000011,0.65,312500.0000000064,312499.96839848533,0.00014999991971397566,18825.423634720464,-1.7663069229456596e-08,0.00015,301.124,293.15,317.791,0.0,150000,1,625,62500000,62500000,62500000,0,301124,1,625,62500000,62500000,62500000,0,293150,1,625,62500000,62500000,62500000,0,317791,1,625,62500000,62500000,62500000,0,0,1,625,62500000,62500000,62500000,0,1.0,0.527498,0.65,1.0,0.527498,0.65,1.0,0.527498,0.65,625,62800000,False,1.0,5000.0,300.0,500.0,600000000000.0,100000000000.0,,624
1,corrupt_flow,thermal_loop,629,controller_tick,62600000,62.6,1,0,62600000,626,62600000,RUNNING,,0,0,62,1,0,reconstructed_from_retained_wire,True,,,317.79115031980115,301.1244844395089,293.1499990794241,0.5274980000000011,0.65,313000.0000000064,312999.9683524357,0.00014999991971397566,18825.423634720464,-1.8540049495641142e-08,0.00015,301.124,293.15,317.791,0.0,150000,1,626,62600000,62600000,62600000,0,301124,1,626,62600000,62600000,62600000,0,293150,1,626,62600000,62600000,62600000,0,317791,1,626,62600000,62600000,62600000,0,0,1,626,62600000,62600000,62600000,0,1.0,0.527498,0.65,1.0,0.527498,0.65,1.0,0.527498,0.65,626,62900000,False,1.0,5000.0,300.0,500.0,600000000000.0,100000000000.0,,625
1,corrupt_flow,thermal_loop,630,controller_tick,62700000,62.7,1,0,62700000,627,62700000,RUNNING,,0,0,62,1,0,reconstructed_from_retained_wire,True,,,317.7911503221589,301.124484440938,293.1499990802601,0.5274980000000011,0.65,313500.00000000646,313499.9683064278,0.00014999991971397566,18825.423634720464,-1.8272885426995344e-08,0.00015,301.124,293.15,317.791,0.0,150000,1,627,62700000,62700000,62700000,0,301124,1,627,62700000,62700000,62700000,0,293150,1,627,62700000,62700000,62700000,0,317791,1,627,62700000,62700000,62700000,0,0,1,627,62700000,62700000,62700000,0,1.0,0.527498,0.65,1.0,0.527498,0.65,1.0,0.527498,0.65,627,63000000,False,1.0,5000.0,300.0,500.0,600000000000.0,100000000000.0,,626
1,corrupt_flow,thermal_loop,631,controller_tick,62800000,62.8,1,0,62800000,628,62800000,RUNNING,,0,0,62,1,0,reconstructed_from_retained_wire,True,,,317.7911503245138,301.12448444236594,293.1499990810957,0.5274980000000011,0.65,314000.00000000646,313999.96826046176,0.00014999991971397566,18825.423634720464,-1.9070057533099316e-08,0.00015,301.124,293.15,317.791,0.0,150000,1,628,62800000,62800000,62800000,0,301124,1,628,62800000,62800000,62800000,0,293150,1,628,62800000,62800000,62800000,0,317791,1,628,62800000,62800000,62800000,0,0,1,628,62800000,62800000,62800000,0,1.0,0.527498,0.65,1.0,0.527498,0.65,1.0,0.527498,0.65,628,63100000,False,1.0,5000.0,300.0,500.0,600000000000.0,100000000000.0,,627
1,corrupt_flow,thermal_loop,632,controller_tick,62900000,62.9,1,0,62900000,629,62900000,RUNNING,,0,0,62,1,0,reconstructed_from_retained_wire,True,,,317.791150326866,301.12448444379277,293.149999081931,0.5274980000000011,0.65,314500.00000000646,314499.9682145375,0.00014999991971397566,18825.423634720464,-1.84272721526213e-08,0.00015,301.124,293.15,317.791,0.0,150000,1,629,62900000,62900000,62900000,0,301124,1,629,62900000,62900000,62900000,0,293150,1,629,62900000,62900000,62900000,0,317791,1,629,62900000,62900000,62900000,0,0,1,629,62900000,62900000,62900000,0,1.0,0.527498,0.65,1.0,0.527498,0.65,1.0,0.527498,0.65,629,63200000,False,1.0,5000.0,300.0,500.0,600000000000.0,100000000000.0,,628
1,corrupt_flow,thermal_loop,633,controller_tick,63000000,63.0,1,0,63000000,630,63000000,RUNNING,,0,0,62,1,0,reconstructed_from_retained_wire,True,,,317.79115032921544,301.1244844452185,293.1499990827659,0.5274980000000011,0.65,315000.0000000065,314999.9681686549,0.00014999991971397566,18825.423634720464,-1.8182390704168938e-08,0.00015,301.124,293.15,317.791,0.0,150000,1,630,63000000,63000000,63000000,0,301124,1,630,63000000,63000000,63000000,0,293150,1,630,63000000,63000000,63000000,0,317791,1,630,63000000,63000000,63000000,0,0,1,630,63000000,63000000,63000000,0,1.0,0.527498,0.65,1.0,0.527498,0.65,1.0,0.527498,0.65,630,63300000,False,1.0,5000.0,300.0,500.0,600000000000.0,100000000000.0,,629
1,corrupt_flow,thermal_loop,634,controller_tick,63100000,63.1,1,0,63100000,631,63100000,RUNNING,,0,0,62,1,0,reconstructed_from_retained_wire,True,,,317.79115033156205,301.1244844466431,293.1499990836004,0.5274980000000011,0.65,315500.0000000066,315499.9681228141,0.00014999991971397566,18825.423634720464,-1.834723661886528e-08,0.00015,301.124,293.15,317.791,0.0,150000,1,631,63100000,63100000,63100000,0,301124,1,631,63100000,63100000,63100000,0,293150,1,631,63100000,63100000,63100000,0,317791,1,631,63100000,63100000,63100000,0,0,1,631,63100000,63100000,63100000,0,1.0,0.527498,0.65,1.0,0.527498,0.65,1.0,0.527498,0.65,631,63400000,False,1.0,5000.0,300.0,500.0,600000000000.0,100000000000.0,,630
1,corrupt_flow,thermal_loop,635,controller_tick,63200000,63.2,1,0,63200000,632,63200000,RUNNING,,0,0,62,1,0,reconstructed_from_retained_wire,True,,,317.7911503339059,301.12448444806665,293.1499990844345,0.5274980000000011,0.65,316000.00000000664,315999.96807701496,0.00014999991971397566,18825.423634720464,-1.870739652076736e-08,0.00015,301.124,293.15,317.791,0.0,150000,1,632,63200000,63200000,63200000,0,301124,1,632,63200000,63200000,63200000,0,293150,1,632,63200000,63200000,63200000,0,317791,1,632,63200000,63200000,63200000,0,0,1,632,63200000,63200000,63200000,0,1.0,0.527498,0.65,1.0,0.527498,0.65,1.0,0.527498,0.65,632,63500000,False,1.0,5000.0,300.0,500.0,600000000000.0,100000000000.0,,631
1,corrupt_flow,thermal_loop,636,controller_tick,63300000,63.3,1,0,63300000,633,63300000,RUNNING,,0,0,62,1,0,reconstructed_from_retained_wire,True,,,317.79115033624703,301.12448444948905,293.14999908526823,0.5274980000000011,0.65,316500.00000000664,316499.9680312575,0.00014999991971397566,18825.423634720464,-1.8543005353421904e-08,0.00015,301.124,293.15,317.791,0.0,150000,1,633,63300000,63300000,63300000,0,301124,1,633,63300000,63300000,63300000,0,293150,1,633,63300000,63300000,63300000,0,317791,1,633,63300000,63300000,63300000,0,0,1,633,63300000,63300000,63300000,0,1.0,0.527498,0.65,1.0,0.527498,0.65,1.0,0.527498,0.65,633,63600000,False,1.0,5000.0,300.0,500.0,600000000000.0,100000000000.0,,632
1,corrupt_flow,thermal_loop,637,controller_tick,63400000,63.4,1,0,63400000,634,63400000,RUNNING,,0,0,62,1,0,reconstructed_from_retained_wire,True,,,317.79115033858534,301.1244844509103,293.1499990861016,0.5274980000000011,0.65,317000.0000000067,316999.96798554173,0.00014999991971397566,18825.423634720464,-1.8962964531965554e-08,0.00015,301.124,293.15,317.791,0.0,150000,1,634,63400000,63400000,63400000,0,301124,1,634,63400000,63400000,63400000,0,293150,1,634,63400000,63400000,63400000,0,317791,1,634,63400000,63400000,63400000,0,0,1,634,63400000,63400000,63400000,0,1.0,0.527498,0.65,1.0,0.527498,0.65,1.0,0.527498,0.65,634,63700000,False,1.0,5000.0,300.0,500.0,600000000000.0,100000000000.0,,633
1,corrupt_flow,thermal_loop,638,controller_tick,63500000,63.5,1,0,63500000,635,63500000,RUNNING,,0,0,62,1,0,reconstructed_from_retained_wire,True,,,317.7911503409209,301.1244844523304,293.14999908693466,0.5274980000000011,0.65,317500.0000000067,317499.96793986764,0.00014999991971397566,18825.423634720464,-1.8713990357355215e-08,0.00015,301.124,293.15,317.791,0.0,150000,1,635,63500000,63500000,63500000,0,301124,1,635,63500000,63500000,63500000,0,293150,1,635,63500000,63500000,63500000,0,317791,1,635,63500000,63500000,63500000,0,0,1,635,63500000,63500000,63500000,0,1.0,0.527498,0.65,1.0,0.527498,0.65,1.0,0.527498,0.65,635,63800000,False,1.0,5000.0,300.0,500.0,600000000000.0,100000000000.0,,634
1,corrupt_flow,thermal_loop,639,controller_tick,63600000,63.6,1,0,63600000,636,63600000,RUNNING,,0,0,62,1,0,reconstructed_from_retained_wire,True,,,317.7911503432538,301.12448445374946,293.14999908776724,0.5274980000000011,0.65,318000.00000000675,317999.9678942352,0.00014999991971397566,18825.423634720464,-1.886292011477053e-08,0.00015,301.124,293.15,317.791,0.0,150000,1,636,63600000,63600000,63600000,0,301124,1,636,63600000,63600000,63600000,0,293150,1,636,63600000,63600000,63600000,0,317791,1,636,63600000,63600000,63600000,0,0,1,636,63600000,63600000,63600000,0,1.0,0.527498,0.65,1.0,0.527498,0.65,1.0,0.527498,0.65,636,63900000,False,1.0,5000.0,300.0,500.0,600000000000.0,100000000000.0,,635
1,corrupt_flow,thermal_loop,640,controller_tick,63700000,63.7,1,0,63700000,637,63700000,RUNNING,,0,0,62,1,0,reconstructed_from_retained_wire,True,,,317.79115034558384,301.12448445516736,293.1499990885995,0.5274980000000011,0.65,318500.00000000675,318499.96784864436,0.00014999991971397566,18825.423634720464,-1.9027766029466875e-08,0.00015,301.124,293.15,317.791,0.0,150000,1,637,63700000,63700000,63700000,0,301124,1,637,63700000,63700000,63700000,0,293150,1,637,63700000,63700000,63700000,0,317791,1,637,63700000,63700000,63700000,0,0,1,637,63700000,63700000,63700000,0,1.0,0.527498,0.65,1.0,0.527498,0.65,1.0,0.527498,0.65,637,64000000,False,1.0,5000.0,300.0,500.0,600000000000.0,100000000000.0,,636
1,corrupt_flow,thermal_loop,641,controller_tick,63800000,63.8,1,0,63800000,638,63800000,RUNNING,,0,0,62,1,0,reconstructed_from_retained_wire,True,,,317.79115034791124,301.1244844565841,293.1499990894313,0.5274980000000011,0.65,319000.00000000675,318999.9678030952,0.00014999991971397566,18825.423634720464,-1.9439085008343682e-08,0.00015,301.124,293.15,317.791,0.0,150000,1,638,63800000,63800000,63800000,0,301124,1,638,63800000,63800000,63800000,0,293150,1,638,63800000,63800000,63800000,0,317791,1,638,63800000,63800000,63800000,0,0,1,638,63800000,63800000,63800000,0,1.0,0.527498,0.65,1.0,0.527498,0.65,1.0,0.527498,0.65,638,64100000,False,1.0,5000.0,300.0,500.0,600000000000.0,100000000000.0,,637
1,corrupt_flow,thermal_loop,642,controller_tick,63900000,63.9,1,0,63900000,639,63900000,RUNNING,,0,0,62,1,0,reconstructed_from_retained_wire,True,,,317.79115035023585,301.1244844579998,293.1499990902627,0.5274980000000011,0.65,319500.0000000068,319499.96775758755,0.00014999991971397566,18825.423634720464,-1.9507524484652095e-08,0.00015,301.124,293.15,317.791,0.0,150000,1,639,63900000,63900000,63900000,0,301124,1,639,63900000,63900000,63900000,0,293150,1,639,63900000,63900000,63900000,0,317791,1,639,63900000,63900000,63900000,0,0,1,639,63900000,63900000,63900000,0,1.0,0.527498,0.65,1.0,0.527498,0.65,1.0,0.527498,0.65,639,64200000,False,1.0,5000.0,300.0,500.0,600000000000.0,100000000000.0,,638
1,corrupt_flow,thermal_loop,643,controller_tick,64000000,64.0,1,0,64000000,640,64000000,RUNNING,,0,0,62,1,0,reconstructed_from_retained_wire,True,,,317.7911503525578,301.12448445941436,293.1499990910937,0.5274980000000011,0.65,320000.0000000068,319999.9677121215,0.00014999991971397566,18825.423634720464,-1.988064468605444e-08,0.00015,301.124,293.15,317.791,0.0,150000,1,640,64000000,64000000,64000000,0,301124,1,640,64000000,64000000,64000000,0,293150,1,640,64000000,64000000,64000000,0,317791,1,640,64000000,64000000,64000000,0,0,1,640,64000000,64000000,64000000,0,1.0,0.527498,0.65,1.0,0.527498,0.65,1.0,0.527498,0.65,640,64300000,False,1.0,5000.0,300.0,500.0,600000000000.0,100000000000.0,,639
1,corrupt_flow,thermal_loop,644,controller_tick,64100000,64.1,1,0,64100000,641,64100000,RUNNING,,0,0,62,1,0,reconstructed_from_retained_wire,True,,,317.791150354877,301.1244844608278,293.14999909192437,0.5274980000000011,0.65,320500.0000000068,320499.96766669693,0.00014999991971397566,18825.423634720464,-1.9817662177956663e-08,0.00015,301.124,293.15,317.791,0.0,150000,1,641,64100000,64100000,64100000,0,301124,1,641,64100000,64100000,64100000,0,293150,1,641,64100000,64100000,64100000,0,317791,1,641,64100000,64100000,64100000,0,0,1,641,64100000,64100000,64100000,0,1.0,0.527498,0.65,1.0,0.527498,0.65,1.0,0.527498,0.65,641,64400000,False,1.0,5000.0,300.0,500.0,600000000000.0,100000000000.0,,640
1,corrupt_flow,thermal_loop,645,controller_tick,64200000,64.2,1,0,64200000,642,64200000,RUNNING,,0,0,62,1,0,reconstructed_from_retained_wire,True,,,317.7911503571935,301.12448446224005,293.14999909275457,0.5274980000000011,0.65,321000.0000000068,320999.96762131393,0.00014999991971397566,18825.423634720464,-2.0686002244474366e-08,0.00015,301.124,293.15,317.791,0.0,150000,1,642,64200000,64200000,64200000,0,301124,1,642,64200000,64200000,64200000,0,293150,1,642,64200000,64200000,64200000,0,317791,1,642,64200000,64200000,64200000,0,0,1,642,64200000,64200000,64200000,0,1.0,0.527498,0.65,1.0,0.527498,0.65,1.0,0.527498,0.65,642,64500000,False,1.0,5000.0,300.0,500.0,600000000000.0,100000000000.0,,641
1,corrupt_flow,thermal_loop,646,controller_tick,64300000,64.3,1,0,64300000,643,64300000,RUNNING,,0,0,62,1,0,reconstructed_from_retained_wire,True,,,317.79115035950724,301.1244844636512,293.1499990935844,0.5274980000000011,0.65,321500.0000000068,321499.9675759724,0.00014999991971397566,18825.423634720464,-2.1176447262405418e-08,0.00015,301.124,293.15,317.791,0.0,150000,1,643,64300000,64300000,64300000,0,301124,1,643,64300000,64300000,64300000,0,293150,1,643,64300000,64300000,64300000,0,317791,1,643,64300000,64300000,64300000,0,0,1,643,64300000,64300000,64300000,0,1.0,0.527498,0.65,1.0,0.527498,0.65,1.0,0.527498,0.65,643,64600000,False,1.0,5000.0,300.0,500.0,600000000000.0,100000000000.0,,642
1,corrupt_flow,thermal_loop,647,controller_tick,64400000,64.4,1,0,64400000,644,64400000,RUNNING,,0,0,62,1,0,reconstructed_from_retained_wire,True,,,317.7911503618183,301.1244844650612,293.14999909441383,0.5274980000000011,0.65,322000.0000000068,321999.96753067226,0.00014999991971397566,18825.423634720464,-2.2146195988170803e-08,0.00015,301.124,293.15,317.791,0.0,150000,1,644,64400000,64400000,64400000,0,301124,1,644,64400000,64400000,64400000,0,293150,1,644,64400000,64400000,64400000,0,317791,1,644,64400000,64400000,64400000,0,0,1,644,64400000,64400000,64400000,0,1.0,0.527498,0.65,1.0,0.527498,0.65,1.0,0.527498,0.65,644,64700000,False,1.0,5000.0,300.0,500.0,600000000000.0,100000000000.0,,643
1,corrupt_flow,thermal_loop,648,controller_tick,64500000,64.5,1,0,64500000,645,64500000,RUNNING,,0,0,62,1,0,reconstructed_from_retained_wire,True,,,317.79115036412674,301.12448446647005,293.1499990952429,0.5274980000000011,0.65,322500.0000000068,322499.96748541365,0.00014999991971397566,18825.423634720464,-2.2111407815827988e-08,0.00015,301.124,293.15,317.791,0.0,150000,1,645,64500000,64500000,64500000,0,301124,1,645,64500000,64500000,64500000,0,293150,1,645,64500000,64500000,64500000,0,317791,1,645,64500000,64500000,64500000,0,0,1,645,64500000,64500000,64500000,0,1.0,0.527498,0.65,1.0,0.527498,0.65,1.0,0.527498,0.65,645,64800000,False,1.0,5000.0,300.0,500.0,600000000000.0,100000000000.0,,644
1,corrupt_flow,thermal_loop,649,controller_tick,64600000,64.6,1,0,64600000,646,64600000,RUNNING,,0,0,62,1,0,reconstructed_from_retained_wire,True,,,317.7911503664324,301.1244844678779,293.1499990960715,0.5274980000000011,0.65,323000.0000000068,322999.9674401965,0.00014999991971397566,18825.423634720464,-2.2173935576574877e-08,0.00015,301.124,293.15,317.791,0.0,150000,1,646,64600000,64600000,64600000,0,301124,1,646,64600000,64600000,64600000,0,293150,1,646,64600000,64600000,64600000,0,317791,1,646,64600000,64600000,64600000,0,0,1,646,64600000,64600000,64600000,0,1.0,0.527498,0.65,1.0,0.527498,0.65,1.0,0.527498,0.65,646,64900000,False,1.0,5000.0,300.0,500.0,600000000000.0,100000000000.0,,645
1,corrupt_flow,thermal_loop,650,controller_tick,64700000,64.7,1,0,64700000,647,64700000,RUNNING,,0,0,62,1,0,reconstructed_from_retained_wire,True,,,317.7911503687354,301.1244844692846,293.14999909689976,0.5274980000000011,0.65,323500.0000000068,323499.9673950207,0.00014999991971397566,18825.423634720464,-2.191677594964858e-08,0.00015,301.124,293.15,317.791,0.0,150000,1,647,64700000,64700000,64700000,0,301124,1,647,64700000,64700000,64700000,0,293150,1,647,64700000,64700000,64700000,0,317791,1,647,64700000,64700000,64700000,0,0,1,647,64700000,64700000,64700000,0,1.0,0.527498,0.65,1.0,0.527498,0.65,1.0,0.527498,0.65,647,65000000,False,1.0,5000.0,300.0,500.0,600000000000.0,100000000000.0,,646
1,corrupt_flow,thermal_loop,651,controller_tick,64800000,64.8,1,0,64800000,648,64800000,RUNNING,,0,0,62,1,0,reconstructed_from_retained_wire,True,,,317.79115037103566,301.12448447069016,293.1499990977276,0.5274980000000011,0.65,324000.00000000675,323999.96734988637,0.00014999991971397566,18825.423634720464,-2.2080712369643152e-08,0.00015,301.124,293.15,317.791,0.0,150000,1,648,64800000,64800000,64800000,0,301124,1,648,64800000,64800000,64800000,0,293150,1,648,64800000,64800000,64800000,0,317791,1,648,64800000,64800000,64800000,0,0,1,648,64800000,64800000,64800000,0,1.0,0.527498,0.65,1.0,0.527498,0.65,1.0,0.527498,0.65,648,65100000,False,1.0,5000.0,300.0,500.0,600000000000.0,100000000000.0,,647
1,corrupt_flow,thermal_loop,652,controller_tick,64900000,64.9,1,0,64900000,649,64900000,RUNNING,,0,0,62,1,0,reconstructed_from_retained_wire,True,,,317.79115037333327,301.1244844720946,293.14999909855493,0.5274980000000011,0.65,324500.00000000675,324499.9673047934,0.00014999991971397566,18825.423634720464,-2.284036781929899e-08,0.00015,301.124,293.15,317.791,0.0,150000,1,649,64900000,64900000,64900000,0,301124,1,649,64900000,64900000,64900000,0,293150,1,649,64900000,64900000,64900000,0,317791,1,649,64900000,64900000,64900000,0,0,1,649,64900000,64900000,64900000,0,1.0,0.527498,0.65,1.0,0.527498,0.65,1.0,0.527498,0.65,649,65200000,False,1.0,5000.0,300.0,500.0,600000000000.0,100000000000.0,,648
1,corrupt_flow,thermal_loop,653,controller_tick,65000000,65.0,1,0,65000000,650,65000000,RUNNING,,0,0,62,1,0,reconstructed_from_retained_wire,True,,,317.79115037562826,301.1244844734979,293.14999909938194,0.5274980000000011,0.65,325000.00000000675,324999.96725974185,0.00014999991971397566,18825.423634720464,-2.2143467504065484e-08,0.00015,301.124,293.15,317.791,0.0,150000,1,650,65000000,65000000,65000000,0,301124,1,650,65000000,65000000,65000000,0,293150,1,650,65000000,65000000,65000000,0,317791,1,650,65000000,65000000,65000000,0,0,1,650,65000000,65000000,65000000,0,1.0,0.527498,0.65,1.0,0.527498,0.65,1.0,0.527498,0.65,650,65300000,False,1.0,5000.0,300.0,500.0,600000000000.0,100000000000.0,,649
1,corrupt_flow,thermal_loop,654,controller_tick,65100000,65.1,1,0,65100000,651,65100000,RUNNING,,0,0,62,1,0,reconstructed_from_retained_wire,True,,,317.79115037792053,301.12448447490004,293.1499991002085,0.5274980000000011,0.65,325500.00000000675,325499.9672147316,0.00014999991971397566,18825.423634720464,-2.2610720407101326e-08,0.00015,301.124,293.15,317.791,0.0,150000,1,651,65100000,65100000,65100000,0,301124,1,651,65100000,65100000,65100000,0,293150,1,651,65100000,65100000,65100000,0,317791,1,651,65100000,65100000,65100000,0,0,1,651,65100000,65100000,65100000,0,1.0,0.527498,0.65,1.0,0.527498,0.65,1.0,0.527498,0.65,651,65400000,False,1.0,5000.0,300.0,500.0,600000000000.0,100000000000.0,,650
1,corrupt_flow,thermal_loop,655,controller_tick,65200000,65.2,1,0,65200000,652,65200000,RUNNING,,0,0,62,1,0,reconstructed_from_retained_wire,True,,,317.7911503802101,301.12448447630106,293.14999910103467,0.5274980000000011,0.65,326000.00000000675,325999.9671697627,0.00014999991971397566,18825.423634720464,-2.2960875867283903e-08,0.00015,301.124,293.15,317.791,0.0,150000,1,652,65200000,65200000,65200000,0,301124,1,652,65200000,65200000,65200000,0,293150,1,652,65200000,65200000,65200000,0,317791,1,652,65200000,65200000,65200000,0,0,1,652,65200000,65200000,65200000,0,1.0,0.527498,0.65,1.0,0.527498,0.65,1.0,0.527498,0.65,652,65500000,False,1.0,5000.0,300.0,500.0,600000000000.0,100000000000.0,,651
1,corrupt_flow,thermal_loop,656,controller_tick,65300000,65.3,1,0,65300000,653,65300000,RUNNING,,0,0,62,1,0,reconstructed_from_retained_wire,True,,,317.79115038249705,301.124484477701,293.14999910186043,0.5274980000000011,0.65,326500.00000000675,326499.96712483506,0.00014999991971397566,18825.423634720464,-2.2776930563850328e-08,0.00015,301.124,293.15,317.791,0.0,150000,1,653,65300000,65300000,65300000,0,301124,1,653,65300000,65300000,65300000,0,293150,1,653,65300000,65300000,65300000,0,317791,1,653,65300000,65300000,65300000,0,0,1,653,65300000,65300000,65300000,0,1.0,0.527498,0.65,1.0,0.527498,0.65,1.0,0.527498,0.65,653,65600000,False,1.0,5000.0,300.0,500.0,600000000000.0,100000000000.0,,652
1,corrupt_flow,thermal_loop,657,controller_tick,65400000,65.4,1,0,65400000,654,65400000,RUNNING,,0,0,62,1,0,reconstructed_from_retained_wire,True,,,317.7911503847813,301.12448447909986,293.14999910268574,0.5274980000000011,0.65,327000.0000000067,326999.9670799487,0.00014999991971397566,18825.423634720464,-2.2713493308401667e-08,0.00015,301.124,293.15,317.791,0.0,150000,1,654,65400000,65400000,65400000,0,301124,1,654,65400000,65400000,65400000,0,293150,1,654,65400000,65400000,65400000,0,317791,1,654,65400000,65400000,65400000,0,0,1,654,65400000,65400000,65400000,0,1.0,0.527498,0.65,1.0,0.527498,0.65,1.0,0.527498,0.65,654,65700000,False,1.0,5000.0,300.0,500.0,600000000000.0,100000000000.0,,653
1,corrupt_flow,thermal_loop,658,controller_tick,65500000,65.5,1,0,65500000,655,65500000,RUNNING,,0,0,62,1,0,reconstructed_from_retained_wire,True,,,317.79115038706294,301.1244844804976,293.1499991035106,0.5274980000000011,0.65,327500.0000000067,327499.9670351036,0.00014999991971397566,18825.423634720464,-2.2793756215833127e-08,0.00015,301.124,293.15,317.791,0.0,150000,1,655,65500000,65500000,65500000,0,301124,1,655,65500000,65500000,65500000,0,293150,1,655,65500000,65500000,65500000,0,317791,1,655,65500000,65500000,65500000,0,0,1,655,65500000,65500000,65500000,0,1.0,0.527498,0.65,1.0,0.527498,0.65,1.0,0.527498,0.65,655,65800000,False,1.0,5000.0,300.0,500.0,600000000000.0,100000000000.0,,654
1,corrupt_flow,thermal_loop,659,controller_tick,65600000,65.6,1,0,65600000,656,65600000,RUNNING,,0,0,62,1,0,reconstructed_from_retained_wire,True,,,317.7911503893419,301.12448448189417,293.14999910433505,0.5274980000000011,0.65,328000.00000000664,327999.9669902997,0.00014999991971397566,18825.423634720464,-2.281512934132479e-08,0.00015,301.124,293.15,317.791,0.0,150000,1,656,65600000,65600000,65600000,0,301124,1,656,65600000,65600000,65600000,0,293150,1,656,65600000,65600000,65600000,0,317791,1,656,65600000,65600000,65600000,0,0,1,656,65600000,65600000,65600000,0,1.0,0.527498,0.65,1.0,0.527498,0.65,1.0,0.527498,0.65,656,65900000,False,1.0,5000.0,300.0,500.0,600000000000.0,100000000000.0,,655
1,corrupt_flow,thermal_loop,660,controller_tick,65700000,65.7,1,0,65700000,657,65700000,RUNNING,,0,0,62,1,0,reconstructed_from_retained_wire,True,,,317.79115039161826,301.1244844832896,293.1499991051591,0.5274980000000011,0.65,328500.00000000664,328499.966945537,0.00014999991971397566,18825.423634720464,-2.2325593818095513e-08,0.00015,301.124,293.15,317.791,0.0,150000,1,657,65700000,65700000,65700000,0,301124,1,657,65700000,65700000,65700000,0,293150,1,657,65700000,65700000,65700000,0,317791,1,657,65700000,65700000,65700000,0,0,1,657,65700000,65700000,65700000,0,1.0,0.527498,0.65,1.0,0.527498,0.65,1.0,0.527498,0.65,657,66000000,False,1.0,5000.0,300.0,500.0,600000000000.0,100000000000.0,,656
1,corrupt_flow,thermal_loop,661,controller_tick,65800000,65.8,1,0,65800000,658,65800000,RUNNING,,0,0,62,1,0,reconstructed_from_retained_wire,True,,,317.79115039389194,301.124484484684,293.1499991059827,0.5274980000000011,0.65,329000.00000000664,328999.9669008156,0.00014999991971397566,18825.423634720464,-2.2014774003764614e-08,0.00015,301.124,293.15,317.791,0.0,150000,1,658,65800000,65800000,65800000,0,301124,1,658,65800000,65800000,65800000,0,293150,1,658,65800000,65800000,65800000,0,317791,1,658,65800000,65800000,65800000,0,0,1,658,65800000,65800000,65800000,0,1.0,0.527498,0.65,1.0,0.527498,0.65,1.0,0.527498,0.65,658,66100000,False,1.0,5000.0,300.0,500.0,600000000000.0,100000000000.0,,657
1,corrupt_flow,thermal_loop,662,controller_tick,65900000,65.9,1,0,65900000,659,65900000,RUNNING,,0,0,62,1,0,reconstructed_from_retained_wire,True,,,317.791150396163,301.1244844860772,293.14999910680586,0.5274980000000011,0.65,329500.0000000066,329499.9668561353,0.00014999991971397566,18825.423634720464,-2.1905862013227306e-08,0.00015,301.124,293.15,317.791,0.0,150000,1,659,65900000,65900000,65900000,0,301124,1,659,65900000,65900000,65900000,0,293150,1,659,65900000,65900000,65900000,0,317791,1,659,65900000,65900000,65900000,0,0,1,659,65900000,65900000,65900000,0,1.0,0.527498,0.65,1.0,0.527498,0.65,1.0,0.527498,0.65,659,66200000,False,1.0,5000.0,300.0,500.0,600000000000.0,100000000000.0,,658
1,corrupt_flow,thermal_loop,663,controller_tick,66000000,66.0,1,0,66000000,660,66000000,RUNNING,,0,0,62,1,0,reconstructed_from_retained_wire,True,,,317.7911503984314,301.12448448746926,293.1499991076286,0.5274980000000011,0.65,330000.0000000066,329999.9668114961,0.00014999991971397566,18825.423634720464,-2.2387894205166958e-08,0.00015,301.124,293.15,317.791,0.0,150000,1,660,66000000,66000000,66000000,0,301124,1,660,66000000,66000000,66000000,0,293150,1,660,66000000,66000000,66000000,0,317791,1,660,66000000,66000000,66000000,0,0,1,660,66000000,66000000,66000000,0,1.0,0.527498,0.65,1.0,0.527498,0.65,1.0,0.527498,0.65,660,66300000,False,1.0,5000.0,300.0,500.0,600000000000.0,100000000000.0,,659
1,corrupt_flow,thermal_loop,664,controller_tick,66100000,66.1,1,0,66100000,661,66100000,RUNNING,,0,0,62,1,0,reconstructed_from_retained_wire,True,,,317.7911504006972,301.12448448886016,293.14999910845086,0.5274980000000011,0.65,330500.0000000066,330499.9667668981,0.00014999991971397566,18825.423634720464,-2.3784650693414733e-08,0.00015,301.124,293.15,317.791,0.0,150000,1,661,66100000,66100000,66100000,0,301124,1,661,66100000,66100000,66100000,0,293150,1,661,66100000,66100000,66100000,0,317791,1,661,66100000,66100000,66100000,0,0,1,661,66100000,66100000,66100000,0,1.0,0.527498,0.65,1.0,0.527498,0.65,1.0,0.527498,0.65,661,66400000,False,1.0,5000.0,300.0,500.0,600000000000.0,100000000000.0,,660
1,corrupt_flow,thermal_loop,665,controller_tick,66200000,66.2,1,0,66200000,662,66200000,RUNNING,,0,0,62,1,0,reconstructed_from_retained_wire,True,,,317.79115040296034,301.12448449025,293.14999910927276,0.5274980000000011,0.65,331000.0000000066,330999.9667223412,0.00014999991971397566,18825.423634720464,-2.3540678739664145e-08,0.00015,301.124,293.15,317.791,0.0,150000,1,662,66200000,66200000,66200000,0,301124,1,662,66200000,66200000,66200000,0,293150,1,662,66200000,66200000,66200000,0,317791,1,662,66200000,66200000,66200000,0,0,1,662,66200000,66200000,66200000,0,1.0,0.527498,0.65,1.0,0.527498,0.65,1.0,0.527498,0.65,662,66500000,False,1.0,5000.0,300.0,500.0,600000000000.0,100000000000.0,,661
1,corrupt_flow,thermal_loop,666,controller_tick,66300000,66.3,1,0,66300000,663,66300000,RUNNING,,0,0,62,1,0,reconstructed_from_retained_wire,True,,,317.7911504052209,301.1244844916387,293.1499991100942,0.5274980000000011,0.65,331500.0000000065,331499.9666778254,0.00014999991971397566,18825.423634720464,-2.3023403628030792e-08,0.00015,301.124,293.15,317.791,0.0,150000,1,663,66300000,66300000,66300000,0,301124,1,663,66300000,66300000,66300000,0,293150,1,663,66300000,66300000,66300000,0,317791,1,663,66300000,66300000,66300000,0,0,1,663,66300000,66300000,66300000,0,1.0,0.527498,0.65,1.0,0.527498,0.65,1.0,0.527498,0.65,663,66600000,False,1.0,5000.0,300.0,500.0,600000000000.0,100000000000.0,,662
1,corrupt_flow,thermal_loop,667,controller_tick,66400000,66.4,1,0,66400000,664,66400000,RUNNING,,0,0,62,1,0,reconstructed_from_retained_wire,True,,,317.79115040747877,301.12448449302633,293.1499991109152,0.5274980000000011,0.65,332000.0000000065,331999.9666333506,0.00014999991971397566,18825.423634720464,-2.345109351153951e-08,0.00015,301.124,293.15,317.791,0.0,150000,1,664,66400000,66400000,66400000,0,301124,1,664,66400000,66400000,66400000,0,293150,1,664,66400000,66400000,66400000,0,317791,1,664,66400000,66400000,66400000,0,0,1,664,66400000,66400000,66400000,0,1.0,0.527498,0.65,1.0,0.527498,0.65,1.0,0.527498,0.65,664,66700000,False,1.0,5000.0,300.0,500.0,600000000000.0,100000000000.0,,663
1,corrupt_flow,thermal_loop,668,controller_tick,66500000,66.5,1,0,66500000,665,66500000,RUNNING,,0,0,62,1,0,reconstructed_from_retained_wire,True,,,317.7911504097341,301.1244844944128,293.1499991117357,0.5274980000000011,0.65,332500.0000000065,332499.96658891684,0.00014999991971397566,18825.423634720464,-2.3628672352060676e-08,0.00015,301.124,293.15,317.791,0.0,150000,1,665,66500000,66500000,66500000,0,301124,1,665,66500000,66500000,66500000,0,293150,1,665,66500000,66500000,66500000,0,317791,1,665,66500000,66500000,66500000,0,0,1,665,66500000,66500000,66500000,0,1.0,0.527498,0.65,1.0,0.527498,0.65,1.0,0.527498,0.65,665,66800000,False,1.0,5000.0,300.0,500.0,600000000000.0,100000000000.0,,664
1,corrupt_flow,thermal_loop,669,controller_tick,66600000,66.6,1,0,66600000,666,66600000,RUNNING,,0,0,62,1,0,reconstructed_from_retained_wire,True,,,317.7911504119868,301.12448449579813,293.1499991125558,0.5274980000000011,0.65,333000.0000000065,332999.9665445241,0.00014999991971397566,18825.423634720464,-2.4124574338202365e-08,0.00015,301.124,293.15,317.791,0.0,150000,1,666,66600000,66600000,66600000,0,301124,1,666,66600000,66600000,66600000,0,293150,1,666,66600000,66600000,66600000,0,317791,1,666,66600000,66600000,66600000,0,0,1,666,66600000,66600000,66600000,0,1.0,0.527498,0.65,1.0,0.527498,0.65,1.0,0.527498,0.65,666,66900000,False,1.0,5000.0,300.0,500.0,600000000000.0,100000000000.0,,665
1,corrupt_flow,thermal_loop,670,controller_tick,66700000,66.7,1,0,66700000,667,66700000,RUNNING,,0,0,62,1,0,reconstructed_from_retained_wire,True,,,317.79115041423694,301.1244844971823,293.14999911337543,0.5274980000000011,0.65,333500.0000000065,333499.9665001724,0.00014999991971397566,18825.423634720464,-2.4428572942269966e-08,0.00015,301.124,293.15,317.791,0.0,150000,1,667,66700000,66700000,66700000,0,301124,1,667,66700000,66700000,66700000,0,293150,1,667,66700000,66700000,66700000,0,317791,1,667,66700000,66700000,66700000,0,0,1,667,66700000,66700000,66700000,0,1.0,0.527498,0.65,1.0,0.527498,0.65,1.0,0.527498,0.65,667,67000000,False,1.0,5000.0,300.0,500.0,600000000000.0,100000000000.0,,666
1,corrupt_flow,thermal_loop,671,controller_tick,66800000,66.8,1,0,66800000,668,66800000,RUNNING,,0,0,62,1,0,reconstructed_from_retained_wire,True,,,317.79115041648447,301.1244844985654,293.14999911419466,0.5274980000000011,0.65,334000.00000000646,333999.96645586164,0.00014999991971397566,18825.423634720464,-2.433807821944356e-08,0.00015,301.124,293.15,317.791,0.0,150000,1,668,66800000,66800000,66800000,0,301124,1,668,66800000,66800000,66800000,0,293150,1,668,66800000,66800000,66800000,0,317791,1,668,66800000,66800000,66800000,0,0,1,668,66800000,66800000,66800000,0,1.0,0.527498,0.65,1.0,0.527498,0.65,1.0,0.527498,0.65,668,67100000,False,1.0,5000.0,300.0,500.0,600000000000.0,100000000000.0,,667
1,corrupt_flow,thermal_loop,672,controller_tick,66900000,66.9,1,0,66900000,669,66900000,RUNNING,,0,0,62,1,0,reconstructed_from_retained_wire,True,,,317.79115041872944,301.12448449994736,293.14999911501343,0.5274980000000011,0.65,334500.00000000646,334499.9664115918,0.00014999991971397566,18825.423634720464,-2.3696884454693645e-08,0.00015,301.124,293.15,317.791,0.0,150000,1,669,66900000,66900000,66900000,0,301124,1,669,66900000,66900000,66900000,0,293150,1,669,66900000,66900000,66900000,0,317791,1,669,66900000,66900000,66900000,0,0,1,669,66900000,66900000,66900000,0,1.0,0.527498,0.65,1.0,0.527498,0.65,1.0,0.527498,0.65,669,67200000,False,1.0,5000.0,300.0,500.0,600000000000.0,100000000000.0,,668
1,corrupt_flow,thermal_loop,673,controller_tick,67000000,67.0,1,0,67000000,670,67000000,RUNNING,,0,0,62,1,0,reconstructed_from_retained_wire,True,,,317.7911504209718,301.1244845013282,293.14999911583175,0.5274980000000011,0.65,335000.00000000646,334999.9663673629,0.00014999991971397566,18825.423634720464,-2.349042915739119e-08,0.00015,301.124,293.15,317.791,0.0,150000,1,670,67000000,67000000,67000000,0,301124,1,670,67000000,67000000,67000000,0,293150,1,670,67000000,67000000,67000000,0,317791,1,670,67000000,67000000,67000000,0,0,1,670,67000000,67000000,67000000,0,1.0,0.527498,0.65,1.0,0.527498,0.65,1.0,0.527498,0.65,670,67300000,False,1.0,5000.0,300.0,500.0,600000000000.0,100000000000.0,,669
1,corrupt_flow,thermal_loop,674,controller_tick,67100000,67.1,1,0,67100000,671,67100000,RUNNING,,0,0,62,1,0,reconstructed_from_retained_wire,True,,,317.7911504232116,301.12448450270784,293.1499991166496,0.5274980000000011,0.65,335500.00000000646,335499.96632317494,0.00014999991971397566,18825.423634720464,-2.3567281459691003e-08,0.00015,301.124,293.15,317.791,0.0,150000,1,671,67100000,67100000,67100000,0,301124,1,671,67100000,67100000,67100000,0,293150,1,671,67100000,67100000,67100000,0,317791,1,671,67100000,67100000,67100000,0,0,1,671,67100000,67100000,67100000,0,1.0,0.527498,0.65,1.0,0.527498,0.65,1.0,0.527498,0.65,671,67400000,False,1.0,5000.0,300.0,500.0,600000000000.0,100000000000.0,,670
1,corrupt_flow,thermal_loop,675,controller_tick,67200000,67.2,1,0,67200000,672,67200000,RUNNING,,0,0,62,1,0,reconstructed_from_retained_wire,True,,,317.7911504254488,301.1244845040864,293.14999911746696,0.5274980000000011,0.65,336000.0000000064,335999.9662790278,0.00014999991971397566,18825.423634720464,-2.437468538118992e-08,0.00015,301.124,293.15,317.791,0.0,150000,1,672,67200000,67200000,67200000,0,301124,1,672,67200000,67200000,67200000,0,293150,1,672,67200000,67200000,67200000,0,317791,1,672,67200000,67200000,67200000,0,0,1,672,67200000,67200000,67200000,0,1.0,0.527498,0.65,1.0,0.527498,0.65,1.0,0.527498,0.65,672,67500000,False,1.0,5000.0,300.0,500.0,600000000000.0,100000000000.0,,671
1,corrupt_flow,thermal_loop,676,controller_tick,67300000,67.3,1,0,67300000,673,67300000,RUNNING,,0,0,62,1,0,reconstructed_from_retained_wire,True,,,317.7911504276834,301.12448450546384,293.1499991182839,0.5274980000000011,0.65,336500.0000000064,336499.9662349216,0.00014999991971397566,18825.423634720464,-2.439378476992715e-08,0.00015,301.124,293.15,317.791,0.0,150000,1,673,67300000,67300000,67300000,0,301124,1,673,67300000,67300000,67300000,0,293150,1,673,67300000,67300000,67300000,0,317791,1,673,67300000,67300000,67300000,0,0,1,673,67300000,67300000,67300000,0,1.0,0.527498,0.65,1.0,0.527498,0.65,1.0,0.527498,0.65,673,67600000,False,1.0,5000.0,300.0,500.0,600000000000.0,100000000000.0,,672
1,corrupt_flow,thermal_loop,677,controller_tick,67400000,67.4,1,0,67400000,674,67400000,RUNNING,,0,0,62,1,0,reconstructed_from_retained_wire,True,,,317.7911504299155,301.12448450684013,293.14999911910036,0.5274980000000011,0.65,337000.0000000064,336999.9661908561,0.00014999991971397566,18825.423634720464,-2.5166627892758697e-08,0.00015,301.124,293.15,317.791,0.0,150000,1,674,67400000,67400000,67400000,0,301124,1,674,67400000,67400000,67400000,0,293150,1,674,67400000,67400000,67400000,0,317791,1,674,67400000,67400000,67400000,0,0,1,674,67400000,67400000,67400000,0,1.0,0.527498,0.65,1.0,0.527498,0.65,1.0,0.527498,0.65,674,67700000,False,1.0,5000.0,300.0,500.0,600000000000.0,100000000000.0,,673
1,corrupt_flow,thermal_loop,678,controller_tick,67500000,67.5,1,0,67500000,675,67500000,RUNNING,,0,0,62,1,0,reconstructed_from_retained_wire,True,,,317.791150432145,301.12448450821535,293.1499991199164,0.5274980000000011,0.65,337500.0000000064,337499.9661468315,0.00014999991971397566,18825.423634720464,-2.4675955501152202e-08,0.00015,301.124,293.15,317.791,0.0,150000,1,675,67500000,67500000,67500000,0,301124,1,675,67500000,67500000,67500000,0,293150,1,675,67500000,67500000,67500000,0,317791,1,675,67500000,67500000,67500000,0,0,1,675,67500000,67500000,67500000,0,1.0,0.527498,0.65,1.0,0.527498,0.65,1.0,0.527498,0.65,675,67800000,False,1.0,5000.0,300.0,500.0,600000000000.0,100000000000.0,,674
1,corrupt_flow,thermal_loop,679,controller_tick,67600000,67.6,1,0,67600000,676,67600000,RUNNING,,0,0,62,1,0,reconstructed_from_retained_wire,True,,,317.79115043437196,301.1244845095894,293.14999912073193,0.5274980000000011,0.65,338000.0000000064,337999.96610284765,0.00014999991971397566,18825.423634720464,-2.4939026843640022e-08,0.00015,301.124,293.15,317.791,0.0,150000,1,676,67600000,67600000,67600000,0,301124,1,676,67600000,67600000,67600000,0,293150,1,676,67600000,67600000,67600000,0,317791,1,676,67600000,67600000,67600000,0,0,1,676,67600000,67600000,67600000,0,1.0,0.527498,0.65,1.0,0.527498,0.65,1.0,0.527498,0.65,676,67900000,False,1.0,5000.0,300.0,500.0,600000000000.0,100000000000.0,,675
1,corrupt_flow,thermal_loop,680,controller_tick,67700000,67.7,1,0,67700000,677,67700000,RUNNING,,0,0,62,1,0,reconstructed_from_retained_wire,True,,,317.7911504365963,301.12448451096236,293.14999912154707,0.5274980000000011,0.65,338500.0000000064,338499.96605890465,0.00014999991971397566,18825.423634720464,-2.4982227841974236e-08,0.00015,301.124,293.15,317.791,0.0,150000,1,677,67700000,67700000,67700000,0,301124,1,677,67700000,67700000,67700000,0,293150,1,677,67700000,67700000,67700000,0,317791,1,677,67700000,67700000,67700000,0,0,1,677,67700000,67700000,67700000,0,1.0,0.527498,0.65,1.0,0.527498,0.65,1.0,0.527498,0.65,677,68000000,False,1.0,5000.0,300.0,500.0,600000000000.0,100000000000.0,,676
1,corrupt_flow,thermal_loop,681,controller_tick,67800000,67.8,1,0,67800000,678,67800000,RUNNING,,0,0,62,1,0,reconstructed_from_retained_wire,True,,,317.79115043881814,301.12448451233416,293.14999912236175,0.5274980000000011,0.65,339000.00000000634,338999.96601500234,0.00014999991971397566,18825.423634720464,-2.4497921913280152e-08,0.00015,301.124,293.15,317.791,0.0,150000,1,678,67800000,67800000,67800000,0,301124,1,678,67800000,67800000,67800000,0,293150,1,678,67800000,67800000,67800000,0,317791,1,678,67800000,67800000,67800000,0,0,1,678,67800000,67800000,67800000,0,1.0,0.527498,0.65,1.0,0.527498,0.65,1.0,0.527498,0.65,678,68100000,False,1.0,5000.0,300.0,500.0,600000000000.0,100000000000.0,,677
1,corrupt_flow,thermal_loop,682,controller_tick,67900000,67.9,1,0,67900000,679,67900000,RUNNING,,0,0,62,1,0,reconstructed_from_retained_wire,True,,,317.79115044103736,301.12448451370483,293.1499991231759,0.5274980000000011,0.65,339500.00000000634,339499.9659711407,0.00014999991971397566,18825.423634720464,-2.5452209229115397e-08,0.00015,301.124,293.15,317.791,0.0,150000,1,679,67900000,67900000,67900000,0,301124,1,679,67900000,67900000,67900000,0,293150,1,679,67900000,67900000,67900000,0,317791,1,679,67900000,67900000,67900000,0,0,1,679,67900000,67900000,67900000,0,1.0,0.527498,0.65,1.0,0.527498,0.65,1.0,0.527498,0.65,679,68200000,False,1.0,5000.0,300.0,500.0,600000000000.0,100000000000.0,,678
1,corrupt_flow,thermal_loop,683,controller_tick,68000000,68.0,1,0,68000000,680,68000000,RUNNING,,0,0,62,1,0,reconstructed_from_retained_wire,True,,,317.7911504432541,301.12448451507436,293.1499991239897,0.5274980000000011,0.65,340000.00000000634,339999.96592731983,0.00014999991971397566,18825.423634720464,-2.516617314540781e-08,0.00015,301.124,293.15,317.791,0.0,150000,1,680,68000000,68000000,68000000,0,301124,1,680,68000000,68000000,68000000,0,293150,1,680,68000000,68000000,68000000,0,317791,1,680,68000000,68000000,68000000,0,0,1,680,68000000,68000000,68000000,0,1.0,0.527498,0.65,1.0,0.527498,0.65,1.0,0.527498,0.65,680,68300000,False,1.0,5000.0,300.0,500.0,600000000000.0,100000000000.0,,679
1,corrupt_flow,thermal_loop,684,controller_tick,68100000,68.1,1,0,68100000,681,68100000,RUNNING,,0,0,62,1,0,reconstructed_from_retained_wire,True,,,317.7911504454682,301.12448451644275,293.14999912480295,0.5274980000000011,0.65,340500.00000000634,340499.96588353964,0.00014999991971397566,18825.423634720464,-2.6260522645316087e-08,0.00015,301.124,293.15,317.791,0.0,150000,1,681,68100000,68100000,68100000,0,301124,1,681,68100000,68100000,68100000,0,293150,1,681,68100000,68100000,68100000,0,317791,1,681,68100000,68100000,68100000,0,0,1,681,68100000,68100000,68100000,0,1.0,0.527498,0.65,1.0,0.527498,0.65,1.0,0.527498,0.65,681,68400000,False,1.0,5000.0,300.0,500.0,600000000000.0,100000000000.0,,680
1,corrupt_flow,thermal_loop,685,controller_tick,68200000,68.2,1,0,68200000,682,68200000,RUNNING,,0,0,62,1,0,reconstructed_from_retained_wire,True,,,317.79115044767985,301.12448451781,293.14999912561575,0.5274980000000011,0.65,341000.00000000634,340999.9658398001,0.00014999991971397566,18825.423634720464,-2.637534635141492e-08,0.00015,301.124,293.15,317.791,0.0,150000,1,682,68200000,68200000,68200000,0,301124,1,682,68200000,68200000,68200000,0,293150,1,682,68200000,68200000,68200000,0,317791,1,682,68200000,68200000,68200000,0,0,1,682,68200000,68200000,68200000,0,1.0,0.527498,0.65,1.0,0.527498,0.65,1.0,0.527498,0.65,682,68500000,False,1.0,5000.0,300.0,500.0,600000000000.0,100000000000.0,,681
1,corrupt_flow,thermal_loop,686,controller_tick,68300000,68.3,1,0,68300000,683,68300000,RUNNING,,0,0,62,1,0,reconstructed_from_retained_wire,True,,,317.791150449889,301.1244845191762,293.1499991264281,0.5274980000000011,0.65,341500.00000000634,341499.9657961012,0.00014999991971397566,18825.423634720464,-2.5545659809722565e-08,0.00015,301.124,293.15,317.791,0.0,150000,1,683,68300000,68300000,68300000,0,301124,1,683,68300000,68300000,68300000,0,293150,1,683,68300000,68300000,68300000,0,317791,1,683,68300000,68300000,68300000,0,0,1,683,68300000,68300000,68300000,0,1.0,0.527498,0.65,1.0,0.527498,0.65,1.0,0.527498,0.65,683,68600000,False,1.0,5000.0,300.0,500.0,600000000000.0,100000000000.0,,682
1,corrupt_flow,thermal_loop,687,controller_tick,68400000,68.4,1,0,68400000,684,68400000,RUNNING,,0,0,62,1,0,reconstructed_from_retained_wire,True,,,317.7911504520956,301.12448452054116,293.14999912724,0.5274980000000011,0.65,342000.00000000634,341999.9657524429,0.00014999991971397566,18825.423634720464,-2.540673449402675e-08,0.00015,301.124,293.15,317.791,0.0,150000,1,684,68400000,68400000,68400000,0,301124,1,684,68400000,68400000,68400000,0,293150,1,684,68400000,68400000,68400000,0,317791,1,684,68400000,68400000,68400000,0,0,1,684,68400000,68400000,68400000,0,1.0,0.527498,0.65,1.0,0.527498,0.65,1.0,0.527498,0.65,684,68700000,False,1.0,5000.0,300.0,500.0,600000000000.0,100000000000.0,,683
1,corrupt_flow,thermal_loop,688,controller_tick,68500000,68.5,1,0,68500000,685,68500000,RUNNING,,0,0,62,1,0,reconstructed_from_retained_wire,True,,,317.7911504542997,301.12448452190506,293.1499991280513,0.5274980000000011,0.65,342500.00000000634,342499.9657088251,0.00014999991971397566,18825.423634720464,-2.5923554858309217e-08,0.00015,301.124,293.15,317.791,0.0,150000,1,685,68500000,68500000,68500000,0,301124,1,685,68500000,68500000,68500000,0,293150,1,685,68500000,68500000,68500000,0,317791,1,685,68500000,68500000,68500000,0,0,1,685,68500000,68500000,68500000,0,1.0,0.527498,0.65,1.0,0.527498,0.65,1.0,0.527498,0.65,685,68800000,False,1.0,5000.0,300.0,500.0,600000000000.0,100000000000.0,,684
1,corrupt_flow,thermal_loop,689,controller_tick,68600000,68.6,1,0,68600000,686,68600000,RUNNING,,0,0,62,1,0,reconstructed_from_retained_wire,True,,,317.79115045650127,301.1244845232678,293.14999912886225,0.5274980000000011,0.65,343000.00000000634,342999.96566524793,0.00014999991971397566,18825.423634720464,-2.5884901333483867e-08,0.00015,301.124,293.15,317.791,0.0,150000,1,686,68600000,68600000,68600000,0,301124,1,686,68600000,68600000,68600000,0,293150,1,686,68600000,68600000,68600000,0,317791,1,686,68600000,68600000,68600000,0,0,1,686,68600000,68600000,68600000,0,1.0,0.527498,0.65,1.0,0.527498,0.65,1.0,0.527498,0.65,686,68900000,False,1.0,5000.0,300.0,500.0,600000000000.0,100000000000.0,,685
1,corrupt_flow,thermal_loop,690,controller_tick,68700000,68.7,1,0,68700000,687,68700000,RUNNING,,0,0,62,1,0,reconstructed_from_retained_wire,True,,,317.7911504587003,301.1244845246294,293.1499991296727,0.5274980000000011,0.65,343500.00000000634,343499.9656217113,0.00014999991971397566,18825.423634720464,-2.6026782506960444e-08,0.00015,301.124,293.15,317.791,0.0,150000,1,687,68700000,68700000,68700000,0,301124,1,687,68700000,68700000,68700000,0,293150,1,687,68700000,68700000,68700000,0,317791,1,687,68700000,68700000,68700000,0,0,1,687,68700000,68700000,68700000,0,1.0,0.527498,0.65,1.0,0.527498,0.65,1.0,0.527498,0.65,687,69000000,False,1.0,5000.0,300.0,500.0,600000000000.0,100000000000.0,,686
1,corrupt_flow,thermal_loop,691,controller_tick,68800000,68.8,1,0,68800000,688,68800000,RUNNING,,0,0,62,1,0,reconstructed_from_retained_wire,True,,,317.79115046089686,301.1244845259899,293.1499991304827,0.5274980000000011,0.65,344000.00000000634,343999.96557821514,0.00014999991971397566,18825.423634720464,-2.611159288790077e-08,0.00015,301.124,293.15,317.791,0.0,150000,1,688,68800000,68800000,68800000,0,301124,1,688,68800000,68800000,68800000,0,293150,1,688,68800000,68800000,68800000,0,317791,1,688,68800000,68800000,68800000,0,0,1,688,68800000,68800000,68800000,0,1.0,0.527498,0.65,1.0,0.527498,0.65,1.0,0.527498,0.65,688,69100000,False,1.0,5000.0,300.0,500.0,600000000000.0,100000000000.0,,687
1,corrupt_flow,thermal_loop,692,controller_tick,68900000,68.9,1,0,68900000,689,68900000,RUNNING,,0,0,62,1,0,reconstructed_from_retained_wire,True,,,317.7911504630909,301.12448452734924,293.1499991312922,0.5274980000000011,0.65,344500.00000000634,344499.96553475945,0.00014999991971397566,18825.423634720464,-2.5959934646380134e-08,0.00015,301.124,293.15,317.791,0.0,150000,1,689,68900000,68900000,68900000,0,301124,1,689,68900000,68900000,68900000,0,293150,1,689,68900000,68900000,68900000,0,317791,1,689,68900000,68900000,68900000,0,0,1,689,68900000,68900000,68900000,0,1.0,0.527498,0.65,1.0,0.527498,0.65,1.0,0.527498,0.65,689,69200000,False,1.0,5000.0,300.0,500.0,600000000000.0,100000000000.0,,688
1,corrupt_flow,thermal_loop,693,controller_tick,69000000,69.0,1,0,69000000,690,69000000,RUNNING,,0,0,62,1,0,reconstructed_from_retained_wire,True,,,317.7911504652824,301.1244845287075,293.14999913210113,0.5274980000000011,0.65,345000.0000000063,344999.9654913443,0.00014999991971397566,18825.423634720464,-2.6974248612532392e-08,0.00015,301.124,293.15,317.791,0.0,150000,1,690,69000000,69000000,69000000,0,301124,1,690,69000000,69000000,69000000,0,293150,1,690,69000000,69000000,69000000,0,317791,1,690,69000000,69000000,69000000,0,0,1,690,69000000,69000000,69000000,0,1.0,0.527498,0.65,1.0,0.527498,0.65,1.0,0.527498,0.65,690,69300000,False,1.0,5000.0,300.0,500.0,600000000000.0,100000000000.0,,689
1,corrupt_flow,thermal_loop,694,controller_tick,69100000,69.1,1,0,69100000,691,69100000,RUNNING,,0,0,62,1,0,reconstructed_from_retained_wire,True,,,317.79115046747137,301.12448453006465,293.14999913290967,0.5274980000000011,0.65,345500.0000000062,345499.9654479695,0.00014999991971397566,18825.423634720464,-2.7097485144622624e-08,0.00015,301.124,293.15,317.791,0.0,150000,1,691,69100000,69100000,69100000,0,301124,1,691,69100000,69100000,69100000,0,293150,1,691,69100000,69100000,69100000,0,317791,1,691,69100000,69100000,69100000,0,0,1,691,69100000,69100000,69100000,0,1.0,0.527498,0.65,1.0,0.527498,0.65,1.0,0.527498,0.65,691,69400000,False,1.0,5000.0,300.0,500.0,600000000000.0,100000000000.0,,690
1,corrupt_flow,thermal_loop,695,controller_tick,69200000,69.2,1,0,69200000,692,69200000,RUNNING,,0,0,62,1,0,reconstructed_from_retained_wire,True,,,317.7911504696579,301.12448453142065,293.14999913371776,0.5274980000000011,0.65,346000.00000000617,345999.9654046352,0.00014999991971397566,18825.423634720464,-2.6415818865643814e-08,0.00015,301.124,293.15,317.791,0.0,150000,1,692,69200000,69200000,69200000,0,301124,1,692,69200000,69200000,69200000,0,293150,1,692,69200000,69200000,69200000,0,317791,1,692,69200000,69200000,69200000,0,0,1,692,69200000,69200000,69200000,0,1.0,0.527498,0.65,1.0,0.527498,0.65,1.0,0.527498,0.65,692,69500000,False,1.0,5000.0,300.0,500.0,600000000000.0,100000000000.0,,691
1,corrupt_flow,thermal_loop,696,controller_tick,69300000,69.3,1,0,69300000,693,69300000,RUNNING,,0,0,62,1,0,reconstructed_from_retained_wire,True,,,317.79115047184195,301.1244845327755,293.14999913452533,0.5274980000000011,0.65,346500.0000000061,346499.96536134125,0.00014999991971397566,18825.423634720464,-2.6268708097632043e-08,0.00015,301.124,293.15,317.791,0.0,150000,1,693,69300000,69300000,69300000,0,301124,1,693,69300000,69300000,69300000,0,293150,1,693,69300000,69300000,69300000,0,317791,1,693,69300000,69300000,69300000,0,0,1,693,69300000,69300000,69300000,0,1.0,0.527498,0.65,1.0,0.527498,0.65,1.0,0.527498,0.65,693,69600000,False,1.0,5000.0,300.0,500.0,600000000000.0,100000000000.0,,692
1,corrupt_flow,thermal_loop,697,controller_tick,69400000,69.4,1,0,69400000,694,69400000,RUNNING,,0,0,62,1,0,reconstructed_from_retained_wire,True,,,317.7911504740235,301.12448453412924,293.1499991353324,0.5274980000000011,0.65,347000.0000000061,346999.96531808766,0.00014999991971397566,18825.423634720464,-2.6772568162414245e-08,0.00015,301.124,293.15,317.791,0.0,150000,1,694,69400000,69400000,69400000,0,301124,1,694,69400000,69400000,69400000,0,293150,1,694,69400000,69400000,69400000,0,317791,1,694,69400000,69400000,69400000,0,0,1,694,69400000,69400000,69400000,0,1.0,0.527498,0.65,1.0,0.527498,0.65,1.0,0.527498,0.65,694,69700000,False,1.0,5000.0,300.0,500.0,600000000000.0,100000000000.0,,693
1,corrupt_flow,thermal_loop,698,controller_tick,69500000,69.5,1,0,69500000,695,69500000,RUNNING,,0,0,62,1,0,reconstructed_from_retained_wire,True,,,317.7911504762026,301.1244845354818,293.14999913613894,0.5274980000000011,0.65,347500.0000000061,347499.9652748744,0.00014999991971397566,18825.423634720464,-2.7300757210468873e-08,0.00015,301.124,293.15,317.791,0.0,150000,1,695,69500000,69500000,69500000,0,301124,1,695,69500000,69500000,69500000,0,293150,1,695,69500000,69500000,69500000,0,317791,1,695,69500000,69500000,69500000,0,0,1,695,69500000,69500000,69500000,0,1.0,0.527498,0.65,1.0,0.527498,0.65,1.0,0.527498,0.65,695,69800000,False,1.0,5000.0,300.0,500.0,600000000000.0,100000000000.0,,694
1,corrupt_flow,thermal_loop,699,controller_tick,69600000,69.6,1,0,69600000,696,69600000,RUNNING,,0,0,62,1,0,reconstructed_from_retained_wire,True,,,317.79115047837917,301.1244845368333,293.14999913694504,0.5274980000000011,0.65,348000.0000000061,347999.9652317015,0.00014999991971397566,18825.423634720464,-2.7708892957889475e-08,0.00015,301.124,293.15,317.791,0.0,150000,1,696,69600000,69600000,69600000,0,301124,1,696,69600000,69600000,69600000,0,293150,1,696,69600000,69600000,69600000,0,317791,1,696,69600000,69600000,69600000,0,0,1,696,69600000,69600000,69600000,0,1.0,0.527498,0.65,1.0,0.527498,0.65,1.0,0.527498,0.65,696,69900000,False,1.0,5000.0,300.0,500.0,600000000000.0,100000000000.0,,695
1,corrupt_flow,thermal_loop,700,controller_tick,69700000,69.7,1,0,69700000,697,69700000,RUNNING,,0,0,62,1,0,reconstructed_from_retained_wire,True,,,317.79115048055326,301.1244845381836,293.1499991377507,0.5274980000000011,0.65,348500.0000000061,348499.9651885688,0.00014999991971397566,18825.423634720464,-2.8113390726502985e-08,0.00015,301.124,293.15,317.791,0.0,150000,1,697,69700000,69700000,69700000,0,301124,1,697,69700000,69700000,69700000,0,293150,1,697,69700000,69700000,69700000,0,317791,1,697,69700000,69700000,69700000,0,0,1,697,69700000,69700000,69700000,0,1.0,0.527498,0.65,1.0,0.527498,0.65,1.0,0.527498,0.65,697,70000000,False,1.0,5000.0,300.0,500.0,600000000000.0,100000000000.0,,696
1,corrupt_flow,thermal_loop,701,controller_tick,69800000,69.8,1,0,69800000,698,69800000,RUNNING,,0,0,62,1,0,reconstructed_from_retained_wire,True,,,317.7911504827249,301.1244845395328,293.1499991385558,0.5274980000000011,0.65,349000.0000000061,348999.96514547645,0.00014999991971397566,18825.423634720464,-2.854221747838892e-08,0.00015,301.124,293.15,317.791,0.0,150000,1,698,69800000,69800000,69800000,0,301124,1,698,69800000,69800000,69800000,0,293150,1,698,69800000,69800000,69800000,0,317791,1,698,69800000,69800000,69800000,0,0,1,698,69800000,69800000,69800000,0,1.0,0.527498,0.65,1.0,0.527498,0.65,1.0,0.527498,0.65,698,70100000,False,1.0,5000.0,300.0,500.0,600000000000.0,100000000000.0,,697
1,corrupt_flow,thermal_loop,702,controller_tick,69900000,69.9,1,0,69900000,699,69900000,RUNNING,,0,0,62,1,0,reconstructed_from_retained_wire,True,,,317.7911504848941,301.12448454088087,293.1499991393605,0.5274980000000011,0.65,349500.0000000061,349499.9651024243,0.00014999991971397566,18825.423634720464,-2.792376108118333e-08,0.00015,301.124,293.15,317.791,0.0,150000,1,699,69900000,69900000,69900000,0,301124,1,699,69900000,69900000,69900000,0,293150,1,699,69900000,69900000,69900000,0,317791,1,699,69900000,69900000,69900000,0,0,1,699,69900000,69900000,69900000,0,1.0,0.527498,0.65,1.0,0.527498,0.65,1.0,0.527498,0.65,699,70200000,False,1.0,5000.0,300.0,500.0,600000000000.0,100000000000.0,,698
1,corrupt_flow,thermal_loop,703,controller_tick,70000000,70.0,1,0,70000000,700,70000000,RUNNING,,0,0,62,1,0,reconstructed_from_retained_wire,True,,,317.7911504870608,301.1244845422278,293.14999914016465,0.5274980000000011,0.65,350000.00000000605,349999.96505941235,0.00014999991971397566,18825.423634720464,-2.8489694159361534e-08,0.00015,301.124,293.15,317.791,0.0,150000,1,700,70000000,70000000,70000000,0,301124,1,700,70000000,70000000,70000000,0,293150,1,700,70000000,70000000,70000000,0,317791,1,700,70000000,70000000,70000000,0,0,1,700,70000000,70000000,70000000,0,1.0,0.527498,0.65,1.0,0.527498,0.65,1.0,0.527498,0.65,700,70300000,False,1.0,5000.0,300.0,500.0,600000000000.0,100000000000.0,,699
1,corrupt_flow,thermal_loop,704,controller_tick,70100000,70.1,1,0,70100000,701,70100000,RUNNING,,0,0,62,1,0,reconstructed_from_retained_wire,True,,,317.79115048922506,301.1244845435736,293.1499991409683,0.5274980000000011,0.65,350500.00000000605,350499.96501644066,0.00014999991971397566,18825.423634720464,-2.8721160560962744e-08,0.00015,301.124,293.15,317.791,0.0,150000,1,701,70100000,70100000,70100000,0,301124,1,701,70100000,70100000,70100000,0,293150,1,701,70100000,70100000,70100000,0,317791,1,701,70100000,70100000,70100000,0,0,1,701,70100000,70100000,70100000,0,1.0,0.527498,0.65,1.0,0.527498,0.65,1.0,0.527498,0.65,701,70400000,False,1.0,5000.0,300.0,500.0,600000000000.0,100000000000.0,,700
1,corrupt_flow,thermal_loop,705,controller_tick,70200000,70.2,1,0,70200000,702,70200000,RUNNING,,0,0,62,1,0,reconstructed_from_retained_wire,True,,,317.7911504913869,301.12448454491823,293.1499991417715,0.5274980000000011,0.65,351000.00000000605,350999.96497350914,0.00014999991971397566,18825.423634720464,-2.8913973437738605e-08,0.00015,301.124,293.15,317.791,0.0,150000,1,702,70200000,70200000,70200000,0,301124,1,702,70200000,70200000,70200000,0,293150,1,702,70200000,70200000,70200000,0,317791,1,702,70200000,70200000,70200000,0,0,1,702,70200000,70200000,70200000,0,1.0,0.527498,0.65,1.0,0.527498,0.65,1.0,0.527498,0.65,702,70500000,False,1.0,5000.0,300.0,500.0,600000000000.0,100000000000.0,,701
1,corrupt_flow,thermal_loop,706,controller_tick,70300000,70.3,1,0,70300000,703,70300000,RUNNING,,0,0,62,1,0,reconstructed_from_retained_wire,True,,,317.79115049354624,301.1244845462618,293.1499991425742,0.5274980000000011,0.65,351500.000000006,351499.9649306178,0.00014999991971397566,18825.423634720464,-2.877231963793747e-08,0.00015,301.124,293.15,317.791,0.0,150000,1,703,70300000,70300000,70300000,0,301124,1,703,70300000,70300000,70300000,0,293150,1,703,70300000,70300000,70300000,0,317791,1,703,70300000,70300000,70300000,0,0,1,703,70300000,70300000,70300000,0,1.0,0.527498,0.65,1.0,0.527498,0.65,1.0,0.527498,0.65,703,70600000,False,1.0,5000.0,300.0,500.0,600000000000.0,100000000000.0,,702
1,corrupt_flow,thermal_loop,707,controller_tick,70400000,70.4,1,0,70400000,704,70400000,RUNNING,,0,0,62,1,0,reconstructed_from_retained_wire,True,,,317.79115049570316,301.1244845476042,293.14999914337636,0.5274980000000011,0.65,352000.00000000594,351999.9648877665,0.00014999991971397566,18825.423634720464,-2.8887825465062633e-08,0.00015,301.124,293.15,317.791,0.0,150000,1,704,70400000,70400000,70400000,0,301124,1,704,70400000,70400000,70400000,0,293150,1,704,70400000,70400000,70400000,0,317791,1,704,70400000,70400000,70400000,0,0,1,704,70400000,70400000,70400000,0,1.0,0.527498,0.65,1.0,0.527498,0.65,1.0,0.527498,0.65,704,70700000,False,1.0,5000.0,300.0,500.0,600000000000.0,100000000000.0,,703
1,corrupt_flow,thermal_loop,708,controller_tick,70500000,70.5,1,0,70500000,705,70500000,RUNNING,,0,0,62,1,0,reconstructed_from_retained_wire,True,,,317.79115049785764,301.12448454894553,293.149999144178,0.5274980000000011,0.65,352500.00000000594,352499.9648449554,0.00014999991971397566,18825.423634720464,-2.8785279937437735e-08,0.00015,301.124,293.15,317.791,0.0,150000,1,705,70500000,70500000,70500000,0,301124,1,705,70500000,70500000,70500000,0,293150,1,705,70500000,70500000,70500000,0,317791,1,705,70500000,70500000,70500000,0,0,1,705,70500000,70500000,70500000,0,1.0,0.527498,0.65,1.0,0.527498,0.65,1.0,0.527498,0.65,705,70800000,False,1.0,5000.0,300.0,500.0,600000000000.0,100000000000.0,,704
1,corrupt_flow,thermal_loop,709,controller_tick,70600000,70.6,1,0,70600000,706,70600000,RUNNING,,0,0,62,1,0,reconstructed_from_retained_wire,True,,,317.7911505000097,301.12448455028573,293.1499991449792,0.5274980000000011,0.65,353000.00000000594,352999.9648021843,0.00014999991971397566,18825.423634720464,-2.9056309358566068e-08,0.00015,301.124,293.15,317.791,0.0,150000,1,706,70600000,70600000,70600000,0,301124,1,706,70600000,70600000,70600000,0,293150,1,706,70600000,70600000,70600000,0,317791,1,706,70600000,70600000,70600000,0,0,1,706,70600000,70600000,70600000,0,1.0,0.527498,0.65,1.0,0.527498,0.65,1.0,0.527498,0.65,706,70900000,False,1.0,5000.0,300.0,500.0,600000000000.0,100000000000.0,,705
1,corrupt_flow,thermal_loop,710,controller_tick,70700000,70.7,1,0,70700000,707,70700000,RUNNING,,0,0,62,1,0,reconstructed_from_retained_wire,True,,,317.7911505021593,301.1244845516248,293.1499991457799,0.5274980000000011,0.65,353500.0000000059,353499.9647594533,0.00014999991971397566,18825.423634720464,-2.8245040084584616e-08,0.00015,301.124,293.15,317.791,0.0,150000,1,707,70700000,70700000,70700000,0,301124,1,707,70700000,70700000,70700000,0,293150,1,707,70700000,70700000,70700000,0,317791,1,707,70700000,70700000,70700000,0,0,1,707,70700000,70700000,70700000,0,1.0,0.527498,0.65,1.0,0.527498,0.65,1.0,0.527498,0.65,707,71000000,False,1.0,5000.0,300.0,500.0,600000000000.0,100000000000.0,,706
1,corrupt_flow,thermal_loop,711,controller_tick,70800000,70.8,1,0,70800000,708,70800000,RUNNING,,0,0,62,1,0,reconstructed_from_retained_wire,True,,,317.7911505043065,301.1244845529627,293.14999914658006,0.5274980000000011,0.65,354000.0000000059,353999.9647167623,0.00014999991971397566,18825.423634720464,-2.8433987608877942e-08,0.00015,301.124,293.15,317.791,0.0,150000,1,708,70800000,70800000,70800000,0,301124,1,708,70800000,70800000,70800000,0,293150,1,708,70800000,70800000,70800000,0,317791,1,708,70800000,70800000,70800000,0,0,1,708,70800000,70800000,70800000,0,1.0,0.527498,0.65,1.0,0.527498,0.65,1.0,0.527498,0.65,708,71100000,False,1.0,5000.0,300.0,500.0,600000000000.0,100000000000.0,,707
1,corrupt_flow,thermal_loop,712,controller_tick,70900000,70.9,1,0,70900000,709,70900000,RUNNING,,0,0,62,1,0,reconstructed_from_retained_wire,True,,,317.79115050645123,301.12448455429956,293.14999914737973,0.5274980000000011,0.65,354500.0000000059,354499.9646741112,0.00014999991971397566,18825.423634720464,-2.801107257255353e-08,0.00015,301.124,293.15,317.791,0.0,150000,1,709,70900000,70900000,70900000,0,301124,1,709,70900000,70900000,70900000,0,293150,1,709,70900000,70900000,70900000,0,317791,1,709,70900000,70900000,70900000,0,0,1,709,70900000,70900000,70900000,0,1.0,0.527498,0.65,1.0,0.527498,0.65,1.0,0.527498,0.65,709,71200000,False,1.0,5000.0,300.0,500.0,600000000000.0,100000000000.0,,708
1,corrupt_flow,thermal_loop,713,controller_tick,71000000,71.0,1,0,71000000,710,71000000,RUNNING,,0,0,62,1,0,reconstructed_from_retained_wire,True,,,317.7911505085936,301.1244845556352,293.14999914817895,0.5274980000000011,0.65,355000.0000000059,354999.9646315002,0.00014999991971397566,18825.423634720464,-2.7097485144622624e-08,0.00015,301.124,293.15,317.791,0.0,150000,1,710,71000000,71000000,71000000,0,301124,1,710,71000000,71000000,71000000,0,293150,1,710,71000000,71000000,71000000,0,317791,1,710,71000000,71000000,71000000,0,0,1,710,71000000,71000000,71000000,0,1.0,0.527498,0.65,1.0,0.527498,0.65,1.0,0.527498,0.65,710,71300000,False,1.0,5000.0,300.0,500.0,600000000000.0,100000000000.0,,709
1,corrupt_flow,thermal_loop,714,controller_tick,71100000,71.1,1,0,71100000,711,71100000,RUNNING,,0,0,62,1,0,reconstructed_from_retained_wire,True,,,317.79115051073353,301.1244845569698,293.1499991489776,0.5274980000000011,0.65,355500.0000000059,355499.9645889291,0.00014999991971397566,18825.423634720464,-2.6853285817196593e-08,0.00015,301.124,293.15,317.791,0.0,150000,1,711,71100000,71100000,71100000,0,301124,1,711,71100000,71100000,71100000,0,293150,1,711,71100000,71100000,71100000,0,317791,1,711,71100000,71100000,71100000,0,0,1,711,71100000,71100000,71100000,0,1.0,0.527498,0.65,1.0,0.527498,0.65,1.0,0.527498,0.65,711,71400000,False,1.0,5000.0,300.0,500.0,600000000000.0,100000000000.0,,710
1,corrupt_flow,thermal_loop,715,controller_tick,71200000,71.2,1,0,71200000,712,71200000,RUNNING,,0,0,62,1,0,reconstructed_from_retained_wire,True,,,317.791150512871,301.1244845583032,293.1499991497758,0.5274980000000011,0.65,356000.0000000059,355999.96454639797,0.00014999991971397566,18825.423634720464,-2.626984496600926e-08,0.00015,301.124,293.15,317.791,0.0,150000,1,712,71200000,71200000,71200000,0,301124,1,712,71200000,71200000,71200000,0,293150,1,712,71200000,71200000,71200000,0,317791,1,712,71200000,71200000,71200000,0,0,1,712,71200000,71200000,71200000,0,1.0,0.527498,0.65,1.0,0.527498,0.65,1.0,0.527498,0.65,712,71500000,False,1.0,5000.0,300.0,500.0,600000000000.0,100000000000.0,,711
1,corrupt_flow,thermal_loop,716,controller_tick,71300000,71.3,1,0,71300000,713,71300000,RUNNING,,0,0,62,1,0,reconstructed_from_retained_wire,True,,,317.7911505150061,301.12448455963545,293.14999915057336,0.5274980000000011,0.65,356500.0000000058,356499.9645039066,0.00014999991971397566,18825.423634720464,-2.7567011784412898e-08,0.00015,301.124,293.15,317.791,0.0,150000,1,713,71300000,71300000,71300000,0,301124,1,713,71300000,71300000,71300000,0,293150,1,713,71300000,71300000,71300000,0,317791,1,713,71300000,71300000,71300000,0,0,1,713,71300000,71300000,71300000,0,1.0,0.527498,0.65,1.0,0.527498,0.65,1.0,0.527498,0.65,713,71600000,False,1.0,5000.0,300.0,500.0,600000000000.0,100000000000.0,,712
1,corrupt_flow,thermal_loop,717,controller_tick,71400000,71.4,1,0,71400000,714,71400000,RUNNING,,0,0,62,1,0,reconstructed_from_retained_wire,True,,,317.7911505171388,301.1244845609666,293.1499991513705,0.5274980000000011,0.65,357000.0000000058,356999.9644614552,0.00014999991971397566,18825.423634720464,-2.7597707230597734e-08,0.00015,301.124,293.15,317.791,0.0,150000,1,714,71400000,71400000,71400000,0,301124,1,714,71400000,71400000,71400000,0,293150,1,714,71400000,71400000,71400000,0,317791,1,714,71400000,71400000,71400000,0,0,1,714,71400000,71400000,71400000,0,1.0,0.527498,0.65,1.0,0.527498,0.65,1.0,0.527498,0.65,714,71700000,False,1.0,5000.0,300.0,500.0,600000000000.0,100000000000.0,,713
1,corrupt_flow,thermal_loop,718,controller_tick,71500000,71.5,1,0,71500000,715,71500000,RUNNING,,0,0,62,1,0,reconstructed_from_retained_wire,True,,,317.79115051926914,301.12448456229663,293.1499991521671,0.5274980000000011,0.65,357500.0000000058,357499.9644190436,0.00014999991971397566,18825.423634720464,-2.7549958758754656e-08,0.00015,301.124,293.15,317.791,0.0,150000,1,715,71500000,71500000,71500000,0,301124,1,715,71500000,71500000,71500000,0,293150,1,715,71500000,71500000,71500000,0,317791,1,715,71500000,71500000,71500000,0,0,1,715,71500000,71500000,71500000,0,1.0,0.527498,0.65,1.0,0.527498,0.65,1.0,0.527498,0.65,715,71800000,False,1.0,5000.0,300.0,500.0,600000000000.0,100000000000.0,,714
1,corrupt_flow,thermal_loop,719,controller_tick,71600000,71.6,1,0,71600000,716,71600000,RUNNING,,0,0,62,1,0,reconstructed_from_retained_wire,True,,,317.791150521397,301.1244845636255,293.1499991529632,0.5274980000000011,0.65,358000.0000000058,357999.9643766718,0.00014999991971397566,18825.423634720464,-2.8108615879318677e-08,0.00015,301.124,293.15,317.791,0.0,150000,1,716,71600000,71600000,71600000,0,301124,1,716,71600000,71600000,71600000,0,293150,1,716,71600000,71600000,71600000,0,317791,1,716,71600000,71600000,71600000,0,0,1,716,71600000,71600000,71600000,0,1.0,0.527498,0.65,1.0,0.527498,0.65,1.0,0.527498,0.65,716,71900000,False,1.0,5000.0,300.0,500.0,600000000000.0,100000000000.0,,715
1,corrupt_flow,thermal_loop,720,controller_tick,71700000,71.7,1,0,71700000,717,71700000,RUNNING,,0,0,62,1,0,reconstructed_from_retained_wire,True,,,317.79115052352245,301.12448456495326,293.14999915375876,0.5274980000000011,0.65,358500.0000000058,358499.9643343399,0.00014999991971397566,18825.423634720464,-2.9157263270462863e-08,0.00015,301.124,293.15,317.791,0.0,150000,1,717,71700000,71700000,71700000,0,301124,1,717,71700000,71700000,71700000,0,293150,1,717,71700000,71700000,71700000,0,317791,1,717,71700000,71700000,71700000,0,0,1,717,71700000,71700000,71700000,0,1.0,0.527498,0.65,1.0,0.527498,0.65,1.0,0.527498,0.65,717,72000000,False,1.0,5000.0,300.0,500.0,600000000000.0,100000000000.0,,716
1,corrupt_flow,thermal_loop,721,controller_tick,71800000,71.8,1,0,71800000,718,71800000,RUNNING,,0,0,62,1,0,reconstructed_from_retained_wire,True,,,317.79115052564555,301.12448456627993,293.1499991545539,0.5274980000000011,0.65,359000.0000000058,358999.9642920477,0.00014999991971397566,18825.423634720464,-2.84874204226071e-08,0.00015,301.124,293.15,317.791,0.0,150000,1,718,71800000,71800000,71800000,0,301124,1,718,71800000,71800000,71800000,0,293150,1,718,71800000,71800000,71800000,0,317791,1,718,71800000,71800000,71800000,0,0,1,718,71800000,71800000,71800000,0,1.0,0.527498,0.65,1.0,0.527498,0.65,1.0,0.527498,0.65,718,72100000,False,1.0,5000.0,300.0,500.0,600000000000.0,100000000000.0,,717
1,corrupt_flow,thermal_loop,722,controller_tick,71900000,71.9,1,0,71900000,719,71900000,RUNNING,,0,0,62,1,0,reconstructed_from_retained_wire,True,,,317.79115052776626,301.12448456760546,293.14999915534844,0.5274980000000011,0.65,359500.00000000576,359499.9642497953,0.00014999991971397566,18825.423634720464,-2.8510157790151425e-08,0.00015,301.124,293.15,317.791,0.0,150000,1,719,71900000,71900000,71900000,0,301124,1,719,71900000,71900000,71900000,0,293150,1,719,71900000,71900000,71900000,0,317791,1,719,71900000,71900000,71900000,0,0,1,719,71900000,71900000,71900000,0,1.0,0.527498,0.65,1.0,0.527498,0.65,1.0,0.527498,0.65,719,72200000,False,1.0,5000.0,300.0,500.0,600000000000.0,100000000000.0,,718
1,corrupt_flow,thermal_loop,723,controller_tick,72000000,72.0,1,0,72000000,720,72000000,RUNNING,,0,0,62,1,0,reconstructed_from_retained_wire,True,,,317.79115052988453,301.12448456892986,293.14999915614254,0.5274980000000011,0.65,360000.00000000576,359999.9642075825,0.00014999991971397566,18825.423634720464,-2.8601107260328718e-08,0.00015,301.124,293.15,317.791,0.0,150000,1,720,72000000,72000000,72000000,0,301124,1,720,72000000,72000000,72000000,0,293150,1,720,72000000,72000000,72000000,0,317791,1,720,72000000,72000000,72000000,0,0,1,720,72000000,72000000,72000000,0,1.0,0.527498,0.65,1.0,0.527498,0.65,1.0,0.527498,0.65,720,72300000,False,1.0,5000.0,300.0,500.0,600000000000.0,100000000000.0,,719
1,corrupt_flow,thermal_loop,724,controller_tick,72100000,72.1,1,0,72100000,721,72100000,RUNNING,,0,0,62,1,0,reconstructed_from_retained_wire,True,,,317.7911505320005,301.1244845702531,293.1499991569361,0.5274980000000011,0.65,360500.00000000576,360499.9641654095,0.00014999991971397566,18825.423634720464,-2.8874410418211482e-08,0.00015,301.124,293.15,317.791,0.0,150000,1,721,72100000,72100000,72100000,0,301124,1,721,72100000,72100000,72100000,0,293150,1,721,72100000,72100000,72100000,0,317791,1,721,72100000,72100000,72100000,0,0,1,721,72100000,72100000,72100000,0,1.0,0.527498,0.65,1.0,0.527498,0.65,1.0,0.527498,0.65,721,72400000,False,1.0,5000.0,300.0,500.0,600000000000.0,100000000000.0,,720
1,corrupt_flow,thermal_loop,725,controller_tick,72200000,72.2,1,0,72200000,722,72200000,RUNNING,,0,0,62,1,0,reconstructed_from_retained_wire,True,,,317.7911505341141,301.1244845715753,293.1499991577291,0.5274980000000011,0.65,361000.00000000576,360999.9641232761,0.00014999991971397566,18825.423634720464,-2.8258455131435767e-08,0.00015,301.124,293.15,317.791,0.0,150000,1,722,72200000,72200000,72200000,0,301124,1,722,72200000,72200000,72200000,0,293150,1,722,72200000,72200000,72200000,0,317791,1,722,72200000,72200000,72200000,0,0,1,722,72200000,72200000,72200000,0,1.0,0.527498,0.65,1.0,0.527498,0.65,1.0,0.527498,0.65,722,72500000,False,1.0,5000.0,300.0,500.0,600000000000.0,100000000000.0,,721
1,corrupt_flow,thermal_loop,726,controller_tick,72300000,72.3,1,0,72300000,723,72300000,RUNNING,,0,0,62,1,0,reconstructed_from_retained_wire,True,,,317.7911505362253,301.1244845728963,293.1499991585216,0.5274980000000011,0.65,361500.0000000057,361499.9640811824,0.00014999991971397566,18825.423634720464,-2.8213889891048893e-08,0.00015,301.124,293.15,317.791,0.0,150000,1,723,72300000,72300000,72300000,0,301124,1,723,72300000,72300000,72300000,0,293150,1,723,72300000,72300000,72300000,0,317791,1,723,72300000,72300000,72300000,0,0,1,723,72300000,72300000,72300000,0,1.0,0.527498,0.65,1.0,0.527498,0.65,1.0,0.527498,0.65,723,72600000,False,1.0,5000.0,300.0,500.0,600000000000.0,100000000000.0,,722
1,corrupt_flow,thermal_loop,727,controller_tick,72400000,72.4,1,0,72400000,724,72400000,RUNNING,,0,0,62,1,0,reconstructed_from_retained_wire,True,,,317.79115053833414,301.1244845742161,293.14999915931367,0.5274980000000011,0.65,362000.00000000565,361999.9640391282,0.00014999991971397566,18825.423634720464,-2.766910256468691e-08,0.00015,301.124,293.15,317.791,0.0,150000,1,724,72400000,72400000,72400000,0,301124,1,724,72400000,72400000,72400000,0,293150,1,724,72400000,72400000,72400000,0,317791,1,724,72400000,72400000,72400000,0,0,1,724,72400000,72400000,72400000,0,1.0,0.527498,0.65,1.0,0.527498,0.65,1.0,0.527498,0.65,724,72700000,False,1.0,5000.0,300.0,500.0,600000000000.0,100000000000.0,,723
1,corrupt_flow,thermal_loop,728,controller_tick,72500000,72.5,1,0,72500000,725,72500000,RUNNING,,0,0,62,1,0,reconstructed_from_retained_wire,True,,,317.79115054044064,301.1244845755349,293.1499991601051,0.5274980000000011,0.65,362500.00000000565,362499.9639971137,0.00014999991971397566,18825.423634720464,-2.7718897399608977e-08,0.00015,301.124,293.15,317.791,0.0,150000,1,725,72500000,72500000,72500000,0,301124,1,725,72500000,72500000,72500000,0,293150,1,725,72500000,72500000,72500000,0,317791,1,725,72500000,72500000,72500000,0,0,1,725,72500000,72500000,72500000,0,1.0,0.527498,0.65,1.0,0.527498,0.65,1.0,0.527498,0.65,725,72800000,False,1.0,5000.0,300.0,500.0,600000000000.0,100000000000.0,,724
1,corrupt_flow,thermal_loop,729,controller_tick,72600000,72.6,1,0,72600000,726,72600000,RUNNING,,0,0,62,1,0,reconstructed_from_retained_wire,True,,,317.7911505425447,301.1244845768525,293.1499991608961,0.5274980000000011,0.65,363000.00000000565,362999.96395513864,0.00014999991971397566,18825.423634720464,-2.795331965899095e-08,0.00015,301.124,293.15,317.791,0.0,150000,1,726,72600000,72600000,72600000,0,301124,1,726,72600000,72600000,72600000,0,293150,1,726,72600000,72600000,72600000,0,317791,1,726,72600000,72600000,72600000,0,0,1,726,72600000,72600000,72600000,0,1.0,0.527498,0.65,1.0,0.527498,0.65,1.0,0.527498,0.65,726,72900000,False,1.0,5000.0,300.0,500.0,600000000000.0,100000000000.0,,725
1,corrupt_flow,thermal_loop,730,controller_tick,72700000,72.7,1,0,72700000,727,72700000,RUNNING,,0,0,62,1,0,reconstructed_from_retained_wire,True,,,317.7911505446465,301.12448457816896,293.14999916168654,0.5274980000000011,0.65,363500.00000000565,363499.96391320316,0.00014999991971397566,18825.423634720464,-2.7738678909372538e-08,0.00015,301.124,293.15,317.791,0.0,150000,1,727,72700000,72700000,72700000,0,301124,1,727,72700000,72700000,72700000,0,293150,1,727,72700000,72700000,72700000,0,317791,1,727,72700000,72700000,72700000,0,0,1,727,72700000,72700000,72700000,0,1.0,0.527498,0.65,1.0,0.527498,0.65,1.0,0.527498,0.65,727,73000000,False,1.0,5000.0,300.0,500.0,600000000000.0,100000000000.0,,726
1,corrupt_flow,thermal_loop,731,controller_tick,72800000,72.8,1,0,72800000,728,72800000,RUNNING,,0,0,62,1,0,reconstructed_from_retained_wire,True,,,317.7911505467459,301.1244845794843,293.14999916247643,0.5274980000000011,0.65,364000.00000000565,363999.96387130715,0.00014999991971397566,18825.423634720464,-2.809065335895866e-08,0.00015,301.124,293.15,317.791,0.0,150000,1,728,72800000,72800000,72800000,0,301124,1,728,72800000,72800000,72800000,0,293150,1,728,72800000,72800000,72800000,0,317791,1,728,72800000,72800000,72800000,0,0,1,728,72800000,72800000,72800000,0,1.0,0.527498,0.65,1.0,0.527498,0.65,1.0,0.527498,0.65,728,73100000,False,1.0,5000.0,300.0,500.0,600000000000.0,100000000000.0,,727
1,corrupt_flow,thermal_loop,732,controller_tick,72900000,72.9,1,0,72900000,729,72900000,RUNNING,,0,0,62,1,0,reconstructed_from_retained_wire,True,,,317.79115054884295,301.12448458079854,293.1499991632658,0.5274980000000011,0.65,364500.0000000056,364499.96382945066,0.00014999991971397566,18825.423634720464,-2.8086788006476127e-08,0.00015,301.124,293.15,317.791,0.0,150000,1,729,72900000,72900000,72900000,0,301124,1,729,72900000,72900000,72900000,0,293150,1,729,72900000,72900000,72900000,0,317791,1,729,72900000,72900000,72900000,0,0,1,729,72900000,72900000,72900000,0,1.0,0.527498,0.65,1.0,0.527498,0.65,1.0,0.527498,0.65,729,73200000,False,1.0,5000.0,300.0,500.0,600000000000.0,100000000000.0,,728
1,corrupt_flow,thermal_loop,733,controller_tick,73000000,73.0,1,0,73000000,730,73000000,RUNNING,,0,0,62,1,0,reconstructed_from_retained_wire,True,,,317.7911505509377,301.1244845821116,293.1499991640547,0.5274980000000011,0.65,365000.0000000056,364999.9637876336,0.00014999991971397566,18825.423634720464,-2.7959913495578803e-08,0.00015,301.124,293.15,317.791,0.0,150000,1,730,73000000,73000000,73000000,0,301124,1,730,73000000,73000000,73000000,0,293150,1,730,73000000,73000000,73000000,0,317791,1,730,73000000,73000000,73000000,0,0,1,730,73000000,73000000,73000000,0,1.0,0.527498,0.65,1.0,0.527498,0.65,1.0,0.527498,0.65,730,73300000,False,1.0,5000.0,300.0,500.0,600000000000.0,100000000000.0,,729
1,corrupt_flow,thermal_loop,734,controller_tick,73100000,73.1,1,0,73100000,731,73100000,RUNNING,,0,0,62,1,0,reconstructed_from_retained_wire,True,,,317.79115055303004,301.1244845834236,293.14999916484305,0.5274980000000011,0.65,365500.0000000056,365499.96374585596,0.00014999991971397566,18825.423634720464,-2.768683771137148e-08,0.00015,301.124,293.15,317.791,0.0,150000,1,731,73100000,73100000,73100000,0,301124,1,731,73100000,73100000,73100000,0,293150,1,731,73100000,73100000,73100000,0,317791,1,731,73100000,73100000,73100000,0,0,1,731,73100000,73100000,73100000,0,1.0,0.527498,0.65,1.0,0.527498,0.65,1.0,0.527498,0.65,731,73400000,False,1.0,5000.0,300.0,500.0,600000000000.0,100000000000.0,,730
1,corrupt_flow,thermal_loop,735,controller_tick,73200000,73.2,1,0,73200000,732,73200000,RUNNING,,0,0,62,1,0,reconstructed_from_retained_wire,True,,,317.79115055512,301.1244845847345,293.1499991656309,0.5274980000000011,0.65,366000.0000000056,365999.9637041178,0.00014999991971397566,18825.423634720464,-2.7742771635530517e-08,0.00015,301.124,293.15,317.791,0.0,150000,1,732,73200000,73200000,73200000,0,301124,1,732,73200000,73200000,73200000,0,293150,1,732,73200000,73200000,73200000,0,317791,1,732,73200000,73200000,73200000,0,0,1,732,73200000,73200000,73200000,0,1.0,0.527498,0.65,1.0,0.527498,0.65,1.0,0.527498,0.65,732,73500000,False,1.0,5000.0,300.0,500.0,600000000000.0,100000000000.0,,731
1,corrupt_flow,thermal_loop,736,controller_tick,73300000,73.3,1,0,73300000,733,73300000,RUNNING,,0,0,62,1,0,reconstructed_from_retained_wire,True,,,317.7911505572077,301.1244845860442,293.1499991664182,0.5274980000000011,0.65,366500.00000000553,366499.963662419,0.00014999991971397566,18825.423634720464,-2.7761871024267748e-08,0.00015,301.124,293.15,317.791,0.0,150000,1,733,73300000,73300000,73300000,0,301124,1,733,73300000,73300000,73300000,0,293150,1,733,73300000,73300000,73300000,0,317791,1,733,73300000,73300000,73300000,0,0,1,733,73300000,73300000,73300000,0,1.0,0.527498,0.65,1.0,0.527498,0.65,1.0,0.527498,0.65,733,73600000,False,1.0,5000.0,300.0,500.0,600000000000.0,100000000000.0,,732
1,corrupt_flow,thermal_loop,737,controller_tick,73400000,73.4,1,0,73400000,734,73400000,RUNNING,,0,0,62,1,0,reconstructed_from_retained_wire,True,,,317.79115055929304,301.1244845873528,293.14999916720495,0.5274980000000011,0.65,367000.00000000553,366999.96362075955,0.00014999991971397566,18825.423634720464,-2.771616891550366e-08,0.00015,301.124,293.15,317.791,0.0,150000,1,734,73400000,73400000,73400000,0,301124,1,734,73400000,73400000,73400000,0,293150,1,734,73400000,73400000,73400000,0,317791,1,734,73400000,73400000,73400000,0,0,1,734,73400000,73400000,73400000,0,1.0,0.527498,0.65,1.0,0.527498,0.65,1.0,0.527498,0.65,734,73700000,False,1.0,5000.0,300.0,500.0,600000000000.0,100000000000.0,,733
1,corrupt_flow,thermal_loop,738,controller_tick,73500000,73.5,1,0,73500000,735,73500000,RUNNING,,0,0,62,1,0,reconstructed_from_retained_wire,True,,,317.79115056137607,301.1244845886603,293.1499991679912,0.5274980000000011,0.65,367500.00000000553,367499.9635791395,0.00014999991971397566,18825.423634720464,-2.7014039005734958e-08,0.00015,301.124,293.15,317.791,0.0,150000,1,735,73500000,73500000,73500000,0,301124,1,735,73500000,73500000,73500000,0,293150,1,735,73500000,73500000,73500000,0,317791,1,735,73500000,73500000,73500000,0,0,1,735,73500000,73500000,73500000,0,1.0,0.527498,0.65,1.0,0.527498,0.65,1.0,0.527498,0.65,735,73800000,False,1.0,5000.0,300.0,500.0,600000000000.0,100000000000.0,,734
1,corrupt_flow,thermal_loop,739,controller_tick,73600000,73.6,1,0,73600000,736,73600000,RUNNING,,0,0,62,1,0,reconstructed_from_retained_wire,True,,,317.79115056345677,301.1244845899667,293.1499991687769,0.5274980000000011,0.65,368000.00000000553,367999.9635375587,0.00014999991971397566,18825.423634720464,-2.7018131731892936e-08,0.00015,301.124,293.15,317.791,0.0,150000,1,736,73600000,73600000,73600000,0,301124,1,736,73600000,73600000,73600000,0,293150,1,736,73600000,73600000,73600000,0,317791,1,736,73600000,73600000,73600000,0,0,1,736,73600000,73600000,73600000,0,1.0,0.527498,0.65,1.0,0.527498,0.65,1.0,0.527498,0.65,736,73900000,False,1.0,5000.0,300.0,500.0,600000000000.0,100000000000.0,,735
1,corrupt_flow,thermal_loop,740,controller_tick,73700000,73.7,1,0,73700000,737,73700000,RUNNING,,0,0,62,1,0,reconstructed_from_retained_wire,True,,,317.79115056553513,301.12448459127194,293.14999916956214,0.5274980000000011,0.65,368500.00000000553,368499.96349601715,0.00014999991971397566,18825.423634720464,-2.624460648803506e-08,0.00015,301.124,293.15,317.791,0.0,150000,1,737,73700000,73700000,73700000,0,301124,1,737,73700000,73700000,73700000,0,293150,1,737,73700000,73700000,73700000,0,317791,1,737,73700000,73700000,73700000,0,0,1,737,73700000,73700000,73700000,0,1.0,0.527498,0.65,1.0,0.527498,0.65,1.0,0.527498,0.65,737,74000000,False,1.0,5000.0,300.0,500.0,600000000000.0,100000000000.0,,736
1,corrupt_flow,thermal_loop,741,controller_tick,73800000,73.8,1,0,73800000,738,73800000,RUNNING,,0,0,62,1,0,reconstructed_from_retained_wire,True,,,317.79115056761117,301.124484592576,293.14999917034675,0.5274980000000011,0.65,369000.00000000553,368999.96345451486,0.00014999991971397566,18825.423634720464,-2.736533133429475e-08,0.00015,301.124,293.15,317.791,0.0,150000,1,738,73800000,73800000,73800000,0,301124,1,738,73800000,73800000,73800000,0,293150,1,738,73800000,73800000,73800000,0,317791,1,738,73800000,73800000,73800000,0,0,1,738,73800000,73800000,73800000,0,1.0,0.527498,0.65,1.0,0.527498,0.65,1.0,0.527498,0.65,738,74100000,False,1.0,5000.0,300.0,500.0,600000000000.0,100000000000.0,,737
1,corrupt_flow,thermal_loop,742,controller_tick,73900000,73.9,1,0,73900000,739,73900000,RUNNING,,0,0,62,1,0,reconstructed_from_retained_wire,True,,,317.7911505696849,301.1244845938789,293.14999917113084,0.5274980000000011,0.65,369500.00000000553,369499.9634130518,0.00014999991971397566,18825.423634720464,-2.847946234396659e-08,0.00015,301.124,293.15,317.791,0.0,150000,1,739,73900000,73900000,73900000,0,301124,1,739,73900000,73900000,73900000,0,293150,1,739,73900000,73900000,73900000,0,317791,1,739,73900000,73900000,73900000,0,0,1,739,73900000,73900000,73900000,0,1.0,0.527498,0.65,1.0,0.527498,0.65,1.0,0.527498,0.65,739,74200000,False,1.0,5000.0,300.0,500.0,600000000000.0,100000000000.0,,738
1,corrupt_flow,thermal_loop,743,controller_tick,74000000,74.0,1,0,74000000,740,74000000,RUNNING,,0,0,62,1,0,reconstructed_from_retained_wire,True,,,317.7911505717563,301.1244845951807,293.1499991719145,0.5274980000000011,0.65,370000.00000000553,369999.9633716279,0.00014999991971397566,18825.423634720464,-2.788874553516507e-08,0.00015,301.124,293.15,317.791,0.0,150000,1,740,74000000,74000000,74000000,0,301124,1,740,74000000,74000000,74000000,0,293150,1,740,74000000,74000000,74000000,0,317791,1,740,74000000,74000000,74000000,0,0,1,740,74000000,74000000,74000000,0,1.0,0.527498,0.65,1.0,0.527498,0.65,1.0,0.527498,0.65,740,74300000,False,1.0,5000.0,300.0,500.0,600000000000.0,100000000000.0,,739
1,corrupt_flow,thermal_loop,744,controller_tick,74100000,74.1,1,0,74100000,741,74100000,RUNNING,,0,0,62,1,0,reconstructed_from_retained_wire,True,,,317.79115057382546,301.1244845964814,293.1499991726975,0.5274980000000011,0.65,370500.0000000055,370499.9633302432,0.00014999991971397566,18825.423634720464,-2.8148633646196686e-08,0.00015,301.124,293.15,317.791,0.0,150000,1,741,74100000,74100000,74100000,0,301124,1,741,74100000,74100000,74100000,0,293150,1,741,74100000,74100000,74100000,0,317791,1,741,74100000,74100000,74100000,0,0,1,741,74100000,74100000,74100000,0,1.0,0.527498,0.65,1.0,0.527498,0.65,1.0,0.527498,0.65,741,74400000,False,1.0,5000.0,300.0,500.0,600000000000.0,100000000000.0,,740
1,corrupt_flow,thermal_loop,745,controller_tick,74200000,74.2,1,0,74200000,742,74200000,RUNNING,,0,0,62,1,0,reconstructed_from_retained_wire,True,,,317.79115057589223,301.124484597781,293.14999917348,0.5274980000000011,0.65,371000.0000000055,370999.9632888976,0.00014999991971397566,18825.423634720464,-2.8669774110312574e-08,0.00015,301.124,293.15,317.791,0.0,150000,1,742,74200000,74200000,74200000,0,301124,1,742,74200000,74200000,74200000,0,293150,1,742,74200000,74200000,74200000,0,317791,1,742,74200000,74200000,74200000,0,0,1,742,74200000,74200000,74200000,0,1.0,0.527498,0.65,1.0,0.527498,0.65,1.0,0.527498,0.65,742,74500000,False,1.0,5000.0,300.0,500.0,600000000000.0,100000000000.0,,741
1,corrupt_flow,thermal_loop,746,controller_tick,74300000,74.3,1,0,74300000,743,74300000,RUNNING,,0,0,62,1,0,reconstructed_from_retained_wire,True,,,317.7911505779567,301.1244845990795,293.149999174262,0.5274980000000011,0.65,371500.0000000054,371499.96324759116,0.00014999991971397566,18825.423634720464,-2.8615886549232528e-08,0.00015,301.124,293.15,317.791,0.0,150000,1,743,74300000,74300000,74300000,0,301124,1,743,74300000,74300000,74300000,0,293150,1,743,74300000,74300000,74300000,0,317791,1,743,74300000,74300000,74300000,0,0,1,743,74300000,74300000,74300000,0,1.0,0.527498,0.65,1.0,0.527498,0.65,1.0,0.527498,0.65,743,74600000,False,1.0,5000.0,300.0,500.0,600000000000.0,100000000000.0,,742
1,corrupt_flow,thermal_loop,747,controller_tick,74400000,74.4,1,0,74400000,744,74400000,RUNNING,,0,0,62,1,0,reconstructed_from_retained_wire,True,,,317.79115058001895,301.1244846003769,293.1499991750435,0.5274980000000011,0.65,372000.0000000054,371999.9632063238,0.00014999991971397566,18825.423634720464,-2.7744590624934062e-08,0.00015,301.124,293.15,317.791,0.0,150000,1,744,74400000,74400000,74400000,0,301124,1,744,74400000,74400000,74400000,0,293150,1,744,74400000,74400000,74400000,0,317791,1,744,74400000,74400000,74400000,0,0,1,744,74400000,74400000,74400000,0,1.0,0.527498,0.65,1.0,0.527498,0.65,1.0,0.527498,0.65,744,74700000,False,1.0,5000.0,300.0,500.0,600000000000.0,100000000000.0,,743
1,corrupt_flow,thermal_loop,748,controller_tick,74500000,74.5,1,0,74500000,745,74500000,RUNNING,,0,0,62,1,0,reconstructed_from_retained_wire,True,,,317.7911505820789,301.12448460167315,293.1499991758244,0.5274980000000011,0.65,372500.0000000054,372499.9631650955,0.00014999991971397566,18825.423634720464,-2.7185706130694598e-08,0.00015,301.124,293.15,317.791,0.0,150000,1,745,74500000,74500000,74500000,0,301124,1,745,74500000,74500000,74500000,0,293150,1,745,74500000,74500000,74500000,0,317791,1,745,74500000,74500000,74500000,0,0,1,745,74500000,74500000,74500000,0,1.0,0.527498,0.65,1.0,0.527498,0.65,1.0,0.527498,0.65,745,74800000,False,1.0,5000.0,300.0,500.0,600000000000.0,100000000000.0,,744
1,corrupt_flow,thermal_loop,749,controller_tick,74600000,74.6,1,0,74600000,746,74600000,RUNNING,,0,0,62,1,0,reconstructed_from_retained_wire,True,,,317.7911505841366,301.12448460296827,293.14999917660475,0.5274980000000011,0.65,373000.0000000054,372999.9631239062,0.00014999991971397566,18825.423634720464,-2.6997440727427602e-08,0.00015,301.124,293.15,317.791,0.0,150000,1,746,74600000,74600000,74600000,0,301124,1,746,74600000,74600000,74600000,0,293150,1,746,74600000,74600000,74600000,0,317791,1,746,74600000,74600000,74600000,0,0,1,746,74600000,74600000,74600000,0,1.0,0.527498,0.65,1.0,0.527498,0.65,1.0,0.527498,0.65,746,74900000,False,1.0,5000.0,300.0,500.0,600000000000.0,100000000000.0,,745
1,corrupt_flow,thermal_loop,750,controller_tick,74700000,74.7,1,0,74700000,747,74700000,RUNNING,,0,0,62,1,0,reconstructed_from_retained_wire,True,,,317.791150586192,301.1244846042622,293.14999917738464,0.5274980000000011,0.65,373500.0000000054,373499.9630827559,0.00014999991971397566,18825.423634720464,-2.6171164790866897e-08,0.00015,301.124,293.15,317.791,0.0,150000,1,747,74700000,74700000,74700000,0,301124,1,747,74700000,74700000,74700000,0,293150,1,747,74700000,74700000,74700000,0,317791,1,747,74700000,74700000,74700000,0,0,1,747,74700000,74700000,74700000,0,1.0,0.527498,0.65,1.0,0.527498,0.65,1.0,0.527498,0.65,747,75000000,False,1.0,5000.0,300.0,500.0,600000000000.0,100000000000.0,,746
1,corrupt_flow,thermal_loop,751,controller_tick,74800000,74.8,1,0,74800000,748,74800000,RUNNING,,0,0,62,1,0,reconstructed_from_retained_wire,True,,,317.79115058824505,301.124484605555,293.1499991781639,0.5274980000000011,0.65,374000.0000000054,373999.96304164454,0.00014999991971397566,18825.423634720464,-2.7113173928228207e-08,0.00015,301.124,293.15,317.791,0.0,150000,1,748,74800000,74800000,74800000,0,301124,1,748,74800000,74800000,74800000,0,293150,1,748,74800000,74800000,74800000,0,317791,1,748,74800000,74800000,74800000,0,0,1,748,74800000,74800000,74800000,0,1.0,0.527498,0.65,1.0,0.527498,0.65,1.0,0.527498,0.65,748,75100000,False,1.0,5000.0,300.0,500.0,600000000000.0,100000000000.0,,747
1,corrupt_flow,thermal_loop,752,controller_tick,74900000,74.9,1,0,74900000,749,74900000,RUNNING,,0,0,62,1,0,reconstructed_from_retained_wire,True,,,317.7911505902958,301.12448460684664,293.14999917894266,0.5274980000000011,0.65,374500.0000000054,374499.96300057217,0.00014999991971397566,18825.423634720464,-2.8281419872655533e-08,0.00015,301.124,293.15,317.791,0.0,150000,1,749,74900000,74900000,74900000,0,301124,1,749,74900000,74900000,74900000,0,293150,1,749,74900000,74900000,74900000,0,317791,1,749,74900000,74900000,74900000,0,0,1,749,74900000,74900000,74900000,0,1.0,0.527498,0.65,1.0,0.527498,0.65,1.0,0.527498,0.65,749,75200000,False,1.0,5000.0,300.0,500.0,600000000000.0,100000000000.0,,748
1,corrupt_flow,thermal_loop,753,controller_tick,75000000,75.0,1,0,75000000,750,75000000,RUNNING,,0,0,62,1,0,reconstructed_from_retained_wire,True,,,317.79115059234425,301.1244846081372,293.14999917972085,0.5274980000000011,0.65,375000.0000000054,374999.96295953874,0.00014999991971397566,18825.423634720464,-2.940328158729244e-08,0.00015,301.124,293.15,317.791,0.0,150000,1,750,75000000,75000000,75000000,0,301124,1,750,75000000,75000000,75000000,0,293150,1,750,75000000,75000000,75000000,0,317791,1,750,75000000,75000000,75000000,0,0,1,750,75000000,75000000,75000000,0,1.0,0.527498,0.65,1.0,0.527498,0.65,1.0,0.527498,0.65,750,75300000,False,1.0,5000.0,300.0,500.0,600000000000.0,100000000000.0,,749
1,corrupt_flow,thermal_loop,754,controller_tick,75100000,75.1,1,0,75100000,751,75100000,RUNNING,,0,0,62,1,0,reconstructed_from_retained_wire,True,,,317.79115059439044,301.1244846094267,293.1499991804986,0.5274980000000011,0.65,375500.0000000054,375499.9629185442,0.00014999991971397566,18825.423634720464,-2.911133378802333e-08,0.00015,301.124,293.15,317.791,0.0,150000,1,751,75100000,75100000,75100000,0,301124,1,751,75100000,75100000,75100000,0,293150,1,751,75100000,75100000,75100000,0,317791,1,751,75100000,75100000,75100000,0,0,1,751,75100000,75100000,75100000,0,1.0,0.527498,0.65,1.0,0.527498,0.65,1.0,0.527498,0.65,751,75400000,False,1.0,5000.0,300.0,500.0,600000000000.0,100000000000.0,,750
1,corrupt_flow,thermal_loop,755,controller_tick,75200000,75.2,1,0,75200000,752,75200000,RUNNING,,0,0,62,1,0,reconstructed_from_retained_wire,True,,,317.79115059643436,301.12448461071506,293.1499991812757,0.5274980000000011,0.65,376000.0000000054,375999.9628775885,0.00014999991971397566,18825.423634720464,-3.0019236874068156e-08,0.00015,301.124,293.15,317.791,0.0,150000,1,752,75200000,75200000,75200000,0,301124,1,752,75200000,75200000,75200000,0,293150,1,752,75200000,75200000,75200000,0,317791,1,752,75200000,75200000,75200000,0,0,1,752,75200000,75200000,75200000,0,1.0,0.527498,0.65,1.0,0.527498,0.65,1.0,0.527498,0.65,752,75500000,False,1.0,5000.0,300.0,500.0,600000000000.0,100000000000.0,,751
1,corrupt_flow,thermal_loop,756,controller_tick,75300000,75.3,1,0,75300000,753,75300000,RUNNING,,0,0,62,1,0,reconstructed_from_retained_wire,True,,,317.79115059847607,301.1244846120023,293.1499991820523,0.5274980000000011,0.65,376500.0000000054,376499.9628366717,0.00014999991971397566,18825.423634720464,-3.019113137270324e-08,0.00015,301.124,293.15,317.791,0.0,150000,1,753,75300000,75300000,75300000,0,301124,1,753,75300000,75300000,75300000,0,293150,1,753,75300000,75300000,75300000,0,317791,1,753,75300000,75300000,75300000,0,0,1,753,75300000,75300000,75300000,0,1.0,0.527498,0.65,1.0,0.527498,0.65,1.0,0.527498,0.65,753,75600000,False,1.0,5000.0,300.0,500.0,600000000000.0,100000000000.0,,752
1,corrupt_flow,thermal_loop,757,controller_tick,75400000,75.4,1,0,75400000,754,75400000,RUNNING,,0,0,62,1,0,reconstructed_from_retained_wire,True,,,317.7911506005155,301.12448461328836,293.1499991828283,0.5274980000000011,0.65,377000.0000000054,376999.9627957936,0.00014999991971397566,18825.423634720464,-3.096647560596466e-08,0.00015,301.124,293.15,317.791,0.0,150000,1,754,75400000,75400000,75400000,0,301124,1,754,75400000,75400000,75400000,0,293150,1,754,75400000,75400000,75400000,0,317791,1,754,75400000,75400000,75400000,0,0,1,754,75400000,75400000,75400000,0,1.0,0.527498,0.65,1.0,0.527498,0.65,1.0,0.527498,0.65,754,75700000,False,1.0,5000.0,300.0,500.0,600000000000.0,100000000000.0,,753
1,corrupt_flow,thermal_loop,758,controller_tick,75500000,75.5,1,0,75500000,755,75500000,RUNNING,,0,0,62,1,0,reconstructed_from_retained_wire,True,,,317.7911506025527,301.1244846145733,293.1499991836039,0.5274980000000011,0.65,377500.0000000054,377499.9627549544,0.00014999991971397566,18825.423634720464,-3.023478711838834e-08,0.00015,301.124,293.15,317.791,0.0,150000,1,755,75500000,75500000,75500000,0,301124,1,755,75500000,75500000,75500000,0,293150,1,755,75500000,75500000,75500000,0,317791,1,755,75500000,75500000,75500000,0,0,1,755,75500000,75500000,75500000,0,1.0,0.527498,0.65,1.0,0.527498,0.65,1.0,0.527498,0.65,755,75800000,False,1.0,5000.0,300.0,500.0,600000000000.0,100000000000.0,,754
1,corrupt_flow,thermal_loop,759,controller_tick,75600000,75.6,1,0,75600000,756,75600000,RUNNING,,0,0,62,1,0,reconstructed_from_retained_wire,True,,,317.79115060458764,301.12448461585717,293.1499991843788,0.5274980000000011,0.65,378000.00000000536,377999.962714154,0.00014999991971397566,18825.423634720464,-3.028594619536307e-08,0.00015,301.124,293.15,317.791,0.0,150000,1,756,75600000,75600000,75600000,0,301124,1,756,75600000,75600000,75600000,0,293150,1,756,75600000,75600000,75600000,0,317791,1,756,75600000,75600000,75600000,0,0,1,756,75600000,75600000,75600000,0,1.0,0.527498,0.65,1.0,0.527498,0.65,1.0,0.527498,0.65,756,75900000,False,1.0,5000.0,300.0,500.0,600000000000.0,100000000000.0,,755
1,corrupt_flow,thermal_loop,760,controller_tick,75700000,75.7,1,0,75700000,757,75700000,RUNNING,,0,0,62,1,0,reconstructed_from_retained_wire,True,,,317.7911506066203,301.1244846171399,293.14999918515326,0.5274980000000011,0.65,378500.00000000536,378499.9626733922,0.00014999991971397566,18825.423634720464,-3.040236151719e-08,0.00015,301.124,293.15,317.791,0.0,150000,1,757,75700000,75700000,75700000,0,301124,1,757,75700000,75700000,75700000,0,293150,1,757,75700000,75700000,75700000,0,317791,1,757,75700000,75700000,75700000,0,0,1,757,75700000,75700000,75700000,0,1.0,0.527498,0.65,1.0,0.527498,0.65,1.0,0.527498,0.65,757,76000000,False,1.0,5000.0,300.0,500.0,600000000000.0,100000000000.0,,756
1,corrupt_flow,thermal_loop,761,controller_tick,75800000,75.8,1,0,75800000,758,75800000,RUNNING,,0,0,62,1,0,reconstructed_from_retained_wire,True,,,317.7911506086507,301.12448461842155,293.14999918592713,0.5274980000000011,0.65,379000.0000000053,378999.9626326692,0.00014999991971397566,18825.423634720464,-3.058880793105345e-08,0.00015,301.124,293.15,317.791,0.0,150000,1,758,75800000,75800000,75800000,0,301124,1,758,75800000,75800000,75800000,0,293150,1,758,75800000,75800000,75800000,0,317791,1,758,75800000,75800000,75800000,0,0,1,758,75800000,75800000,75800000,0,1.0,0.527498,0.65,1.0,0.527498,0.65,1.0,0.527498,0.65,758,76100000,False,1.0,5000.0,300.0,500.0,600000000000.0,100000000000.0,,757
1,corrupt_flow,thermal_loop,762,controller_tick,75900000,75.9,1,0,75900000,759,75900000,RUNNING,,0,0,62,1,0,reconstructed_from_retained_wire,True,,,317.7911506106789,301.12448461970206,293.1499991867004,0.5274980000000011,0.65,379500.0000000053,379499.9625919849,0.00014999991971397566,18825.423634720464,-3.0358251024154015e-08,0.00015,301.124,293.15,317.791,0.0,150000,1,759,75900000,75900000,75900000,0,301124,1,759,75900000,75900000,75900000,0,293150,1,759,75900000,75900000,75900000,0,317791,1,759,75900000,75900000,75900000,0,0,1,759,75900000,75900000,75900000,0,1.0,0.527498,0.65,1.0,0.527498,0.65,1.0,0.527498,0.65,759,76200000,False,1.0,5000.0,300.0,500.0,600000000000.0,100000000000.0,,758
1,corrupt_flow,thermal_loop,763,controller_tick,76000000,76.0,1,0,76000000,760,76000000,RUNNING,,0,0,62,1,0,reconstructed_from_retained_wire,True,,,317.7911506127049,301.12448462098143,293.1499991874732,0.5274980000000011,0.65,380000.00000000524,379999.9625513392,0.00014999991971397566,18825.423634720464,-3.013474270119332e-08,0.00015,301.124,293.15,317.791,0.0,150000,1,760,76000000,76000000,76000000,0,301124,1,760,76000000,76000000,76000000,0,293150,1,760,76000000,76000000,76000000,0,317791,1,760,76000000,76000000,76000000,0,0,1,760,76000000,76000000,76000000,0,1.0,0.527498,0.65,1.0,0.527498,0.65,1.0,0.527498,0.65,760,76300000,False,1.0,5000.0,300.0,500.0,600000000000.0,100000000000.0,,759
1,corrupt_flow,thermal_loop,764,controller_tick,76100000,76.1,1,0,76100000,761,76100000,RUNNING,,0,0,62,1,0,reconstructed_from_retained_wire,True,,,317.79115061472856,301.1244846222597,293.14999918824543,0.5274980000000011,0.65,380500.00000000524,380499.9625107321,0.00014999991971397566,18825.423634720464,-3.068930709559936e-08,0.00015,301.124,293.15,317.791,0.0,150000,1,761,76100000,76100000,76100000,0,301124,1,761,76100000,76100000,76100000,0,293150,1,761,76100000,76100000,76100000,0,317791,1,761,76100000,76100000,76100000,0,0,1,761,76100000,76100000,76100000,0,1.0,0.527498,0.65,1.0,0.527498,0.65,1.0,0.527498,0.65,761,76400000,False,1.0,5000.0,300.0,500.0,600000000000.0,100000000000.0,,760
1,corrupt_flow,thermal_loop,765,controller_tick,76200000,76.2,1,0,76200000,762,76200000,RUNNING,,0,0,62,1,0,reconstructed_from_retained_wire,True,,,317.7911506167501,301.1244846235368,293.14999918901714,0.5274980000000011,0.65,381000.00000000524,380999.96247016365,0.00014999991971397566,18825.423634720464,-3.017225935764145e-08,0.00015,301.124,293.15,317.791,0.0,150000,1,762,76200000,76200000,76200000,0,301124,1,762,76200000,76200000,76200000,0,293150,1,762,76200000,76200000,76200000,0,317791,1,762,76200000,76200000,76200000,0,0,1,762,76200000,76200000,76200000,0,1.0,0.527498,0.65,1.0,0.527498,0.65,1.0,0.527498,0.65,762,76500000,False,1.0,5000.0,300.0,500.0,600000000000.0,100000000000.0,,761
1,corrupt_flow,thermal_loop,766,controller_tick,76300000,76.3,1,0,76300000,763,76300000,RUNNING,,0,0,62,1,0,reconstructed_from_retained_wire,True,,,317.79115061876934,301.12448462481274,293.1499991897883,0.5274980000000011,0.65,381500.00000000524,381499.9624296338,0.00014999991971397566,18825.423634720464,-3.043328433705028e-08,0.00015,301.124,293.15,317.791,0.0,150000,1,763,76300000,76300000,76300000,0,301124,1,763,76300000,76300000,76300000,0,293150,1,763,76300000,76300000,76300000,0,317791,1,763,76300000,76300000,76300000,0,0,1,763,76300000,76300000,76300000,0,1.0,0.527498,0.65,1.0,0.527498,0.65,1.0,0.527498,0.65,763,76600000,False,1.0,5000.0,300.0,500.0,600000000000.0,100000000000.0,,762
1,corrupt_flow,thermal_loop,767,controller_tick,76400000,76.4,1,0,76400000,764,76400000,RUNNING,,0,0,62,1,0,reconstructed_from_retained_wire,True,,,317.7911506207863,301.12448462608756,293.14999919055884,0.5274980000000011,0.65,382000.0000000052,381999.9623891424,0.00014999991971397566,18825.423634720464,-3.147238203382585e-08,0.00015,301.124,293.15,317.791,0.0,150000,1,764,76400000,76400000,76400000,0,301124,1,764,76400000,76400000,76400000,0,293150,1,764,76400000,76400000,76400000,0,317791,1,764,76400000,76400000,76400000,0,0,1,764,76400000,76400000,76400000,0,1.0,0.527498,0.65,1.0,0.527498,0.65,1.0,0.527498,0.65,764,76700000,False,1.0,5000.0,300.0,500.0,600000000000.0,100000000000.0,,763
1,corrupt_flow,thermal_loop,768,controller_tick,76500000,76.5,1,0,76500000,765,76500000,RUNNING,,0,0,62,1,0,reconstructed_from_retained_wire,True,,,317.7911506228011,301.12448462736137,293.14999919132885,0.5274980000000011,0.65,382500.0000000052,382499.9623486896,0.00014999991971397566,18825.423634720464,-3.131867742922623e-08,0.00015,301.124,293.15,317.791,0.0,150000,1,765,76500000,76500000,76500000,0,301124,1,765,76500000,76500000,76500000,0,293150,1,765,76500000,76500000,76500000,0,317791,1,765,76500000,76500000,76500000,0,0,1,765,76500000,76500000,76500000,0,1.0,0.527498,0.65,1.0,0.527498,0.65,1.0,0.527498,0.65,765,76800000,False,1.0,5000.0,300.0,500.0,600000000000.0,100000000000.0,,764
1,corrupt_flow,thermal_loop,769,controller_tick,76600000,76.6,1,0,76600000,766,76600000,RUNNING,,0,0,62,1,0,reconstructed_from_retained_wire,True,,,317.7911506248137,301.1244846286341,293.1499991920983,0.5274980000000011,0.65,383000.0000000052,382999.9623082753,0.00014999991971397566,18825.423634720464,-3.101581569353584e-08,0.00015,301.124,293.15,317.791,0.0,150000,1,766,76600000,76600000,76600000,0,301124,1,766,76600000,76600000,76600000,0,293150,1,766,76600000,76600000,76600000,0,317791,1,766,76600000,76600000,76600000,0,0,1,766,76600000,76600000,76600000,0,1.0,0.527498,0.65,1.0,0.527498,0.65,1.0,0.527498,0.65,766,76900000,False,1.0,5000.0,300.0,500.0,600000000000.0,100000000000.0,,765
1,corrupt_flow,thermal_loop,770,controller_tick,76700000,76.7,1,0,76700000,767,76700000,RUNNING,,0,0,62,1,0,reconstructed_from_retained_wire,True,,,317.7911506268241,301.1244846299057,293.1499991928672,0.5274980000000011,0.65,383500.0000000052,383499.96226789936,0.00014999991971397566,18825.423634720464,-3.0384398996829987e-08,0.00015,301.124,293.15,317.791,0.0,150000,1,767,76700000,76700000,76700000,0,301124,1,767,76700000,76700000,76700000,0,293150,1,767,76700000,76700000,76700000,0,317791,1,767,76700000,76700000,76700000,0,0,1,767,76700000,76700000,76700000,0,1.0,0.527498,0.65,1.0,0.527498,0.65,1.0,0.527498,0.65,767,77000000,False,1.0,5000.0,300.0,500.0,600000000000.0,100000000000.0,,766
1,corrupt_flow,thermal_loop,771,controller_tick,76800000,76.8,1,0,76800000,768,76800000,RUNNING,,0,0,62,1,0,reconstructed_from_retained_wire,True,,,317.7911506288322,301.12448463117613,293.1499991936356,0.5274980000000011,0.65,384000.0000000052,383999.962227562,0.00014999991971397566,18825.423634720464,-2.9876446205889806e-08,0.00015,301.124,293.15,317.791,0.0,150000,1,768,76800000,76800000,76800000,0,301124,1,768,76800000,76800000,76800000,0,293150,1,768,76800000,76800000,76800000,0,317791,1,768,76800000,76800000,76800000,0,0,1,768,76800000,76800000,76800000,0,1.0,0.527498,0.65,1.0,0.527498,0.65,1.0,0.527498,0.65,768,77100000,False,1.0,5000.0,300.0,500.0,600000000000.0,100000000000.0,,767
1,corrupt_flow,thermal_loop,772,controller_tick,76900000,76.9,1,0,76900000,769,76900000,RUNNING,,0,0,62,1,0,reconstructed_from_retained_wire,True,,,317.7911506308381,301.12448463244544,293.1499991944034,0.5274980000000011,0.65,384500.0000000051,384499.96218726295,0.00014999991971397566,18825.423634720464,-3.046557139896322e-08,0.00015,301.124,293.15,317.791,0.0,150000,1,769,76900000,76900000,76900000,0,301124,1,769,76900000,76900000,76900000,0,293150,1,769,76900000,76900000,76900000,0,317791,1,769,76900000,76900000,76900000,0,0,1,769,76900000,76900000,76900000,0,1.0,0.527498,0.65,1.0,0.527498,0.65,1.0,0.527498,0.65,769,77200000,False,1.0,5000.0,300.0,500.0,600000000000.0,100000000000.0,,768
1,corrupt_flow,thermal_loop,773,controller_tick,77000000,77.0,1,0,77000000,770,77000000,RUNNING,,0,0,62,1,0,reconstructed_from_retained_wire,True,,,317.79115063284183,301.1244846337136,293.1499991951706,0.5274980000000011,0.65,385000.00000000506,384999.9621470022,0.00014999991971397566,18825.423634720464,-3.098693923675455e-08,0.00015,301.124,293.15,317.791,0.0,150000,1,770,77000000,77000000,77000000,0,301124,1,770,77000000,77000000,77000000,0,293150,1,770,77000000,77000000,77000000,0,317791,1,770,77000000,77000000,77000000,0,0,1,770,77000000,77000000,77000000,0,1.0,0.527498,0.65,1.0,0.527498,0.65,1.0,0.527498,0.65,770,77300000,False,1.0,5000.0,300.0,500.0,600000000000.0,100000000000.0,,769
1,corrupt_flow,thermal_loop,774,controller_tick,77100000,77.1,1,0,77100000,771,77100000,RUNNING,,0,0,62,1,0,reconstructed_from_retained_wire,True,,,317.79115063484335,301.1244846349807,293.1499991959373,0.5274980000000011,0.65,385500.00000000506,385499.9621067799,0.00014999991971397566,18825.423634720464,-3.0762748792767525e-08,0.00015,301.124,293.15,317.791,0.0,150000,1,771,77100000,77100000,77100000,0,301124,1,771,77100000,77100000,77100000,0,293150,1,771,77100000,77100000,77100000,0,317791,1,771,77100000,77100000,77100000,0,0,1,771,77100000,77100000,77100000,0,1.0,0.527498,0.65,1.0,0.527498,0.65,1.0,0.527498,0.65,771,77400000,False,1.0,5000.0,300.0,500.0,600000000000.0,100000000000.0,,770
1,corrupt_flow,thermal_loop,775,controller_tick,77200000,77.2,1,0,77200000,772,77200000,RUNNING,,0,0,62,1,0,reconstructed_from_retained_wire,True,,,317.79115063684264,301.1244846362467,293.14999919670345,0.5274980000000011,0.65,386000.00000000506,385999.9620665959,0.00014999991971397566,18825.423634720464,-3.1039235182106495e-08,0.00015,301.124,293.15,317.791,0.0,150000,1,772,77200000,77200000,77200000,0,301124,1,772,77200000,77200000,77200000,0,293150,1,772,77200000,77200000,77200000,0,317791,1,772,77200000,77200000,77200000,0,0,1,772,77200000,77200000,77200000,0,1.0,0.527498,0.65,1.0,0.527498,0.65,1.0,0.527498,0.65,772,77500000,False,1.0,5000.0,300.0,500.0,600000000000.0,100000000000.0,,771
1,corrupt_flow,thermal_loop,776,controller_tick,77300000,77.3,1,0,77300000,773,77300000,RUNNING,,0,0,62,1,0,reconstructed_from_retained_wire,True,,,317.7911506388398,301.1244846375115,293.149999197469,0.5274980000000011,0.65,386500.000000005,386499.9620264502,0.00014999991971397566,18825.423634720464,-3.1189756555249915e-08,0.00015,301.124,293.15,317.791,0.0,150000,1,773,77300000,77300000,77300000,0,301124,1,773,77300000,77300000,77300000,0,293150,1,773,77300000,77300000,77300000,0,317791,1,773,77300000,77300000,77300000,0,0,1,773,77300000,77300000,77300000,0,1.0,0.527498,0.65,1.0,0.527498,0.65,1.0,0.527498,0.65,773,77600000,False,1.0,5000.0,300.0,500.0,600000000000.0,100000000000.0,,772
1,corrupt_flow,thermal_loop,777,controller_tick,77400000,77.4,1,0,77400000,774,77400000,RUNNING,,0,0,62,1,0,reconstructed_from_retained_wire,True,,,317.7911506408347,301.1244846387752,293.149999198234,0.5274980000000011,0.65,387000.000000005,386999.96198634274,0.00014999991971397566,18825.423634720464,-3.1957370083546266e-08,0.00015,301.124,293.15,317.791,0.0,150000,1,774,77400000,77400000,77400000,0,301124,1,774,77400000,77400000,77400000,0,293150,1,774,77400000,77400000,77400000,0,317791,1,774,77400000,77400000,77400000,0,0,1,774,77400000,77400000,77400000,0,1.0,0.527498,0.65,1.0,0.527498,0.65,1.0,0.527498,0.65,774,77700000,False,1.0,5000.0,300.0,500.0,600000000000.0,100000000000.0,,773
1,corrupt_flow,thermal_loop,778,controller_tick,77500000,77.5,1,0,77500000,775,77500000,RUNNING,,0,0,62,1,0,reconstructed_from_retained_wire,True,,,317.7911506428274,301.1244846400378,293.1499991989985,0.5274980000000011,0.65,387500.00000000495,387499.9619462736,0.00014999991971397566,18825.423634720464,-3.197942533006426e-08,0.00015,301.124,293.15,317.791,0.0,150000,1,775,77500000,77500000,77500000,0,301124,1,775,77500000,77500000,77500000,0,293150,1,775,77500000,77500000,77500000,0,317791,1,775,77500000,77500000,77500000,0,0,1,775,77500000,77500000,77500000,0,1.0,0.527498,0.65,1.0,0.527498,0.65,1.0,0.527498,0.65,775,77800000,False,1.0,5000.0,300.0,500.0,600000000000.0,100000000000.0,,774
1,corrupt_flow,thermal_loop,779,controller_tick,77600000,77.6,1,0,77600000,776,77600000,RUNNING,,0,0,62,1,0,reconstructed_from_retained_wire,True,,,317.791150644818,301.12448464129926,293.1499991997624,0.5274980000000011,0.65,388000.00000000495,387999.9619062426,0.00014999991971397566,18825.423634720464,-3.153991201543249e-08,0.00015,301.124,293.15,317.791,0.0,150000,1,776,77600000,77600000,77600000,0,301124,1,776,77600000,77600000,77600000,0,293150,1,776,77600000,77600000,77600000,0,317791,1,776,77600000,77600000,77600000,0,0,1,776,77600000,77600000,77600000,0,1.0,0.527498,0.65,1.0,0.527498,0.65,1.0,0.527498,0.65,776,77900000,False,1.0,5000.0,300.0,500.0,600000000000.0,100000000000.0,,775
1,corrupt_flow,thermal_loop,780,controller_tick,77700000,77.7,1,0,77700000,777,77700000,RUNNING,,0,0,62,1,0,reconstructed_from_retained_wire,True,,,317.79115064680633,301.12448464255965,293.1499992005258,0.5274980000000011,0.65,388500.00000000495,388499.96186624974,0.00014999991971397566,18825.423634720464,-3.1156105251284316e-08,0.00015,301.124,293.15,317.791,0.0,150000,1,777,77700000,77700000,77700000,0,301124,1,777,77700000,77700000,77700000,0,293150,1,777,77700000,77700000,77700000,0,317791,1,777,77700000,77700000,77700000,0,0,1,777,77700000,77700000,77700000,0,1.0,0.527498,0.65,1.0,0.527498,0.65,1.0,0.527498,0.65,777,78000000,False,1.0,5000.0,300.0,500.0,600000000000.0,100000000000.0,,776
1,corrupt_flow,thermal_loop,781,controller_tick,77800000,77.8,1,0,77800000,778,77800000,RUNNING,,0,0,62,1,0,reconstructed_from_retained_wire,True,,,317.7911506487925,301.1244846438189,293.14999920128867,0.5274980000000011,0.65,389000.00000000495,388999.9618262951,0.00014999991971397566,18825.423634720464,-3.0762748792767525e-08,0.00015,301.124,293.15,317.791,0.0,150000,1,778,77800000,77800000,77800000,0,301124,1,778,77800000,77800000,77800000,0,293150,1,778,77800000,77800000,77800000,0,317791,1,778,77800000,77800000,77800000,0,0,1,778,77800000,77800000,77800000,0,1.0,0.527498,0.65,1.0,0.527498,0.65,1.0,0.527498,0.65,778,78100000,False,1.0,5000.0,300.0,500.0,600000000000.0,100000000000.0,,777
1,corrupt_flow,thermal_loop,782,controller_tick,77900000,77.9,1,0,77900000,779,77900000,RUNNING,,0,0,62,1,0,reconstructed_from_retained_wire,True,,,317.7911506507765,301.124484645077,293.14999920205094,0.5274980000000011,0.65,389500.00000000495,389499.9617863785,0.00014999991971397566,18825.423634720464,-3.059267328353599e-08,0.00015,301.124,293.15,317.791,0.0,150000,1,779,77900000,77900000,77900000,0,301124,1,779,77900000,77900000,77900000,0,293150,1,779,77900000,77900000,77900000,0,317791,1,779,77900000,77900000,77900000,0,0,1,779,77900000,77900000,77900000,0,1.0,0.527498,0.65,1.0,0.527498,0.65,1.0,0.527498,0.65,779,78200000,False,1.0,5000.0,300.0,500.0,600000000000.0,100000000000.0,,778
1,corrupt_flow,thermal_loop,783,controller_tick,78000000,78.0,1,0,78000000,780,78000000,RUNNING,,0,0,62,1,0,reconstructed_from_retained_wire,True,,,317.7911506527583,301.124484646334,293.1499992028126,0.5274980000000011,0.65,390000.00000000495,389999.9617465001,0.00014999991971397566,18825.423634720464,-3.1752506401971914e-08,0.00015,301.124,293.15,317.791,0.0,150000,1,780,78000000,78000000,78000000,0,301124,1,780,78000000,78000000,78000000,0,293150,1,780,78000000,78000000,78000000,0,317791,1,780,78000000,78000000,78000000,0,0,1,780,78000000,78000000,78000000,0,1.0,0.527498,0.65,1.0,0.527498,0.65,1.0,0.527498,0.65,780,78300000,False,1.0,5000.0,300.0,500.0,600000000000.0,100000000000.0,,779
1,corrupt_flow,thermal_loop,784,controller_tick,78100000,78.1,1,0,78100000,781,78100000,RUNNING,,0,0,62,1,0,reconstructed_from_retained_wire,True,,,317.791150654738,301.1244846475899,293.1499992035737,0.5274980000000011,0.65,390500.00000000495,390499.9617066597,0.00014999991971397566,18825.423634720464,-3.137915882689413e-08,0.00015,301.124,293.15,317.791,0.0,150000,1,781,78100000,78100000,78100000,0,301124,1,781,78100000,78100000,78100000,0,293150,1,781,78100000,78100000,78100000,0,317791,1,781,78100000,78100000,78100000,0,0,1,781,78100000,78100000,78100000,0,1.0,0.527498,0.65,1.0,0.527498,0.65,1.0,0.527498,0.65,781,78400000,False,1.0,5000.0,300.0,500.0,600000000000.0,100000000000.0,,780
1,corrupt_flow,thermal_loop,785,controller_tick,78200000,78.2,1,0,78200000,782,78200000,RUNNING,,0,0,62,1,0,reconstructed_from_retained_wire,True,,,317.79115065671544,301.1244846488447,293.1499992043343,0.5274980000000011,0.65,391000.0000000049,390999.96166685736,0.00014999991971397566,18825.423634720464,-3.1205900086206384e-08,0.00015,301.124,293.15,317.791,0.0,150000,1,782,78200000,78200000,78200000,0,301124,1,782,78200000,78200000,78200000,0,293150,1,782,78200000,78200000,78200000,0,317791,1,782,78200000,78200000,78200000,0,0,1,782,78200000,78200000,78200000,0,1.0,0.527498,0.65,1.0,0.527498,0.65,1.0,0.527498,0.65,782,78500000,False,1.0,5000.0,300.0,500.0,600000000000.0,100000000000.0,,781
1,corrupt_flow,thermal_loop,786,controller_tick,78300000,78.3,1,0,78300000,783,78300000,RUNNING,,0,0,62,1,0,reconstructed_from_retained_wire,True,,,317.79115065869075,301.1244846500984,293.1499992050943,0.5274980000000011,0.65,391500.00000000483,391499.961627093,0.00014999991971397566,18825.423634720464,-3.1255922294803895e-08,0.00015,301.124,293.15,317.791,0.0,150000,1,783,78300000,78300000,78300000,0,301124,1,783,78300000,78300000,78300000,0,293150,1,783,78300000,78300000,78300000,0,317791,1,783,78300000,78300000,78300000,0,0,1,783,78300000,78300000,78300000,0,1.0,0.527498,0.65,1.0,0.527498,0.65,1.0,0.527498,0.65,783,78600000,False,1.0,5000.0,300.0,500.0,600000000000.0,100000000000.0,,782
1,corrupt_flow,thermal_loop,787,controller_tick,78400000,78.4,1,0,78400000,784,78400000,RUNNING,,0,0,62,1,0,reconstructed_from_retained_wire,True,,,317.7911506606639,301.12448465135094,293.1499992058537,0.5274980000000011,0.65,392000.00000000483,391999.9615873667,0.00014999991971397566,18825.423634720464,-3.158743311360013e-08,0.00015,301.124,293.15,317.791,0.0,150000,1,784,78400000,78400000,78400000,0,301124,1,784,78400000,78400000,78400000,0,293150,1,784,78400000,78400000,78400000,0,317791,1,784,78400000,78400000,78400000,0,0,1,784,78400000,78400000,78400000,0,1.0,0.527498,0.65,1.0,0.527498,0.65,1.0,0.527498,0.65,784,78700000,False,1.0,5000.0,300.0,500.0,600000000000.0,100000000000.0,,783
1,corrupt_flow,thermal_loop,788,controller_tick,78500000,78.5,1,0,78500000,785,78500000,RUNNING,,0,0,62,1,0,reconstructed_from_retained_wire,True,,,317.7911506626349,301.12448465260235,293.14999920661256,0.5274980000000011,0.65,392500.00000000483,392499.96154767834,0.00014999991971397566,18825.423634720464,-3.220043254259508e-08,0.00015,301.124,293.15,317.791,0.0,150000,1,785,78500000,78500000,78500000,0,301124,1,785,78500000,78500000,78500000,0,293150,1,785,78500000,78500000,78500000,0,317791,1,785,78500000,78500000,78500000,0,0,1,785,78500000,78500000,78500000,0,1.0,0.527498,0.65,1.0,0.527498,0.65,1.0,0.527498,0.65,785,78800000,False,1.0,5000.0,300.0,500.0,600000000000.0,100000000000.0,,784
1,corrupt_flow,thermal_loop,789,controller_tick,78600000,78.6,1,0,78600000,786,78600000,RUNNING,,0,0,62,1,0,reconstructed_from_retained_wire,True,,,317.7911506646038,301.1244846538527,293.14999920737085,0.5274980000000011,0.65,393000.00000000483,392999.9615080279,0.00014999991971397566,18825.423634720464,-3.205127541150432e-08,0.00015,301.124,293.15,317.791,0.0,150000,1,786,78600000,78600000,78600000,0,301124,1,786,78600000,78600000,78600000,0,293150,1,786,78600000,78600000,78600000,0,317791,1,786,78600000,78600000,78600000,0,0,1,786,78600000,78600000,78600000,0,1.0,0.527498,0.65,1.0,0.527498,0.65,1.0,0.527498,0.65,786,78900000,False,1.0,5000.0,300.0,500.0,600000000000.0,100000000000.0,,785
1,corrupt_flow,thermal_loop,790,controller_tick,78700000,78.7,1,0,78700000,787,78700000,RUNNING,,0,0,62,1,0,reconstructed_from_retained_wire,True,,,317.79115066657045,301.1244846551019,293.1499992081286,0.5274980000000011,0.65,393500.00000000483,393499.9614684154,0.00014999991971397566,18825.423634720464,-3.2335037758457474e-08,0.00015,301.124,293.15,317.791,0.0,150000,1,787,78700000,78700000,78700000,0,301124,1,787,78700000,78700000,78700000,0,293150,1,787,78700000,78700000,78700000,0,317791,1,787,78700000,78700000,78700000,0,0,1,787,78700000,78700000,78700000,0,1.0,0.527498,0.65,1.0,0.527498,0.65,1.0,0.527498,0.65,787,79000000,False,1.0,5000.0,300.0,500.0,600000000000.0,100000000000.0,,786
1,corrupt_flow,thermal_loop,791,controller_tick,78800000,78.8,1,0,78800000,788,78800000,RUNNING,,0,0,62,1,0,reconstructed_from_retained_wire,True,,,317.791150668535,301.12448465635003,293.14999920888573,0.5274980000000011,0.65,394000.00000000483,393999.96142884076,0.00014999991971397566,18825.423634720464,-3.2390062187914737e-08,0.00015,301.124,293.15,317.791,0.0,150000,1,788,78800000,78800000,78800000,0,301124,1,788,78800000,78800000,78800000,0,293150,1,788,78800000,78800000,78800000,0,317791,1,788,78800000,78800000,78800000,0,0,1,788,78800000,78800000,78800000,0,1.0,0.527498,0.65,1.0,0.527498,0.65,1.0,0.527498,0.65,788,79100000,False,1.0,5000.0,300.0,500.0,600000000000.0,100000000000.0,,787
1,corrupt_flow,thermal_loop,792,controller_tick,78900000,78.9,1,0,78900000,789,78900000,RUNNING,,0,0,62,1,0,reconstructed_from_retained_wire,True,,,317.79115067049736,301.124484657597,293.1499992096423,0.5274980000000011,0.65,394500.00000000483,394499.96138930396,0.00014999991971397566,18825.423634720464,-3.3411424738005735e-08,0.00015,301.124,293.15,317.791,0.0,150000,1,789,78900000,78900000,78900000,0,301124,1,789,78900000,78900000,78900000,0,293150,1,789,78900000,78900000,78900000,0,317791,1,789,78900000,78900000,78900000,0,0,1,789,78900000,78900000,78900000,0,1.0,0.527498,0.65,1.0,0.527498,0.65,1.0,0.527498,0.65,789,79200000,False,1.0,5000.0,300.0,500.0,600000000000.0,100000000000.0,,788
1,corrupt_flow,thermal_loop,793,controller_tick,79000000,79.0,1,0,79000000,790,79000000,RUNNING,,0,0,62,1,0,reconstructed_from_retained_wire,True,,,317.7911506724576,301.12448465884285,293.14999921039833,0.5274980000000011,0.65,395000.00000000483,394999.961349805,0.00014999991971397566,18825.423634720464,-3.426225703151431e-08,0.00015,301.124,293.15,317.791,0.0,150000,1,790,79000000,79000000,79000000,0,301124,1,790,79000000,79000000,79000000,0,293150,1,790,79000000,79000000,79000000,0,317791,1,790,79000000,79000000,79000000,0,0,1,790,79000000,79000000,79000000,0,1.0,0.527498,0.65,1.0,0.527498,0.65,1.0,0.527498,0.65,790,79300000,False,1.0,5000.0,300.0,500.0,600000000000.0,100000000000.0,,789
1,corrupt_flow,thermal_loop,794,controller_tick,79100000,79.1,1,0,79100000,791,79100000,RUNNING,,0,0,62,1,0,reconstructed_from_retained_wire,True,,,317.79115067441563,301.12448466008766,293.14999921115384,0.5274980000000011,0.65,395500.0000000048,395499.96131034376,0.00014999991971397566,18825.423634720464,-3.4474396670702845e-08,0.00015,301.124,293.15,317.791,0.0,150000,1,791,79100000,79100000,79100000,0,301124,1,791,79100000,79100000,79100000,0,293150,1,791,79100000,79100000,79100000,0,317791,1,791,79100000,79100000,79100000,0,0,1,791,79100000,79100000,79100000,0,1.0,0.527498,0.65,1.0,0.527498,0.65,1.0,0.527498,0.65,791,79400000,False,1.0,5000.0,300.0,500.0,600000000000.0,100000000000.0,,790
1,corrupt_flow,thermal_loop,795,controller_tick,79200000,79.2,1,0,79200000,792,79200000,RUNNING,,0,0,62,1,0,reconstructed_from_retained_wire,True,,,317.79115067637156,301.12448466133134,293.1499992119087,0.5274980000000011,0.65,396000.0000000047,395999.96127092035,0.00014999991971397566,18825.423634720464,-3.522882252582349e-08,0.00015,301.124,293.15,317.791,0.0,150000,1,792,79200000,79200000,79200000,0,301124,1,792,79200000,79200000,79200000,0,293150,1,792,79200000,79200000,79200000,0,317791,1,792,79200000,79200000,79200000,0,0,1,792,79200000,79200000,79200000,0,1.0,0.527498,0.65,1.0,0.527498,0.65,1.0,0.527498,0.65,792,79500000,False,1.0,5000.0,300.0,500.0,600000000000.0,100000000000.0,,791
1,corrupt_flow,thermal_loop,796,controller_tick,79300000,79.3,1,0,79300000,793,79300000,RUNNING,,0,0,62,1,0,reconstructed_from_retained_wire,True,,,317.79115067832544,301.1244846625739,293.14999921266303,0.5274980000000011,0.65,396500.0000000047,396499.96123153466,0.00014999991971397566,18825.423634720464,-3.541890691849403e-08,0.00015,301.124,293.15,317.791,0.0,150000,1,793,79300000,79300000,79300000,0,301124,1,793,79300000,79300000,79300000,0,293150,1,793,79300000,79300000,79300000,0,317791,1,793,79300000,79300000,79300000,0,0,1,793,79300000,79300000,79300000,0,1.0,0.527498,0.65,1.0,0.527498,0.65,1.0,0.527498,0.65,793,79600000,False,1.0,5000.0,300.0,500.0,600000000000.0,100000000000.0,,792
1,corrupt_flow,thermal_loop,797,controller_tick,79400000,79.4,1,0,79400000,794,79400000,RUNNING,,0,0,62,1,0,reconstructed_from_retained_wire,True,,,317.7911506802771,301.12448466381534,293.1499992134168,0.5274980000000011,0.65,397000.00000000466,396999.96119218663,0.00014999991971397566,18825.423634720464,-3.621653377194889e-08,0.00015,301.124,293.15,317.791,0.0,150000,1,794,79400000,79400000,79400000,0,301124,1,794,79400000,79400000,79400000,0,293150,1,794,79400000,79400000,79400000,0,317791,1,794,79400000,79400000,79400000,0,0,1,794,79400000,79400000,79400000,0,1.0,0.527498,0.65,1.0,0.527498,0.65,1.0,0.527498,0.65,794,79700000,False,1.0,5000.0,300.0,500.0,600000000000.0,100000000000.0,,793
1,corrupt_flow,thermal_loop,798,controller_tick,79500000,79.5,1,0,79500000,795,79500000,RUNNING,,0,0,62,1,0,reconstructed_from_retained_wire,True,,,317.79115068222666,301.1244846650557,293.14999921416995,0.5274980000000011,0.65,397500.0000000046,397499.96115287626,0.00014999991971397566,18825.423634720464,-3.654304236988537e-08,0.00015,301.124,293.15,317.791,0.0,150000,1,795,79500000,79500000,79500000,0,301124,1,795,79500000,79500000,79500000,0,293150,1,795,79500000,79500000,79500000,0,317791,1,795,79500000,79500000,79500000,0,0,1,795,79500000,79500000,79500000,0,1.0,0.527498,0.65,1.0,0.527498,0.65,1.0,0.527498,0.65,795,79800000,False,1.0,5000.0,300.0,500.0,600000000000.0,100000000000.0,,794
1,corrupt_flow,thermal_loop,799,controller_tick,79600000,79.6,1,0,79600000,796,79600000,RUNNING,,0,0,62,1,0,reconstructed_from_retained_wire,True,,,317.79115068417406,301.12448466629496,293.1499992149226,0.5274980000000011,0.65,398000.0000000046,397999.9611136035,0.00014999991971397566,18825.423634720464,-3.684567673190031e-08,0.00015,301.124,293.15,317.791,0.0,150000,1,796,79600000,79600000,79600000,0,301124,1,796,79600000,79600000,79600000,0,293150,1,796,79600000,79600000,79600000,0,317791,1,796,79600000,79600000,79600000,0,0,1,796,79600000,79600000,79600000,0,1.0,0.527498,0.65,1.0,0.527498,0.65,1.0,0.527498,0.65,796,79900000,False,1.0,5000.0,300.0,500.0,600000000000.0,100000000000.0,,795
1,corrupt_flow,thermal_loop,800,controller_tick,79700000,79.7,1,0,79700000,797,79700000,RUNNING,,0,0,62,1,0,reconstructed_from_retained_wire,True,,,317.7911506861194,301.12448466753307,293.1499992156747,0.5274980000000011,0.65,398500.0000000046,398499.96107436845,0.00014999991971397566,18825.423634720464,-3.6525761970551684e-08,0.00015,301.124,293.15,317.791,0.0,150000,1,797,79700000,79700000,79700000,0,301124,1,797,79700000,79700000,79700000,0,293150,1,797,79700000,79700000,79700000,0,317791,1,797,79700000,79700000,79700000,0,0,1,797,79700000,79700000,79700000,0,1.0,0.527498,0.65,1.0,0.527498,0.65,1.0,0.527498,0.65,797,80000000,False,1.0,5000.0,300.0,500.0,600000000000.0,100000000000.0,,796
1,corrupt_flow,thermal_loop,801,controller_tick,79800000,79.8,1,0,79800000,798,79800000,RUNNING,,0,0,62,1,0,reconstructed_from_retained_wire,True,,,317.79115068806254,301.1244846687701,293.14999921642624,0.5274980000000011,0.65,399000.0000000046,398999.961035171,0.00014999991971397566,18825.423634720464,-3.692980499181431e-08,0.00015,301.124,293.15,317.791,0.0,150000,1,798,79800000,79800000,79800000,0,301124,1,798,79800000,79800000,79800000,0,293150,1,798,79800000,79800000,79800000,0,317791,1,798,79800000,79800000,79800000,0,0,1,798,79800000,79800000,79800000,0,1.0,0.527498,0.65,1.0,0.527498,0.65,1.0,0.527498,0.65,798,80100000,False,1.0,5000.0,300.0,500.0,600000000000.0,100000000000.0,,797
1,corrupt_flow,thermal_loop,802,controller_tick,79900000,79.9,1,0,79900000,799,79900000,RUNNING,,0,0,62,1,0,reconstructed_from_retained_wire,True,,,317.7911506900036,301.12448467000604,293.1499992171772,0.5274980000000011,0.65,399500.00000000454,399499.96099601104,0.00014999991971397566,18825.423634720464,-3.697914507938549e-08,0.00015,301.124,293.15,317.791,0.0,150000,1,799,79900000,79900000,79900000,0,301124,1,799,79900000,79900000,79900000,0,293150,1,799,79900000,79900000,79900000,0,317791,1,799,79900000,79900000,79900000,0,0,1,799,79900000,79900000,79900000,0,1.0,0.527498,0.65,1.0,0.527498,0.65,1.0,0.527498,0.65,799,80200000,False,1.0,5000.0,300.0,500.0,600000000000.0,100000000000.0,,798
1,corrupt_flow,thermal_loop,803,controller_tick,80000000,80.0,1,0,80000000,800,80000000,RUNNING,,0,0,62,1,0,reconstructed_from_retained_wire,True,,,317.79115069194256,301.12448467124085,293.14999921792753,0.5274980000000011,0.65,400000.0000000045,399999.9609568886,0.00014999991971397566,18825.423634720464,-3.7293375498848036e-08,0.00015,301.124,293.15,317.791,0.0,150000,1,800,80000000,80000000,80000000,0,301124,1,800,80000000,80000000,80000000,0,293150,1,800,80000000,80000000,80000000,0,317791,1,800,80000000,80000000,80000000,0,0,1,800,80000000,80000000,80000000,0,1.0,0.527498,0.65,1.0,0.527498,0.65,1.0,0.527498,0.65,800,80300000,False,1.0,5000.0,300.0,500.0,600000000000.0,100000000000.0,,799
1,corrupt_flow,thermal_loop,804,controller_tick,80100000,80.1,1,0,80100000,801,80100000,RUNNING,,0,0,62,1,0,reconstructed_from_retained_wire,True,,,317.7911506938794,301.1244846724746,293.1499992186773,0.5274980000000011,0.65,400500.0000000045,400499.9609178037,0.00014999991971397566,18825.423634720464,-3.7937752495054156e-08,0.00015,301.124,293.15,317.791,0.0,150000,1,801,80100000,80100000,80100000,0,301124,1,801,80100000,80100000,80100000,0,293150,1,801,80100000,80100000,80100000,0,317791,1,801,80100000,80100000,80100000,0,0,1,801,80100000,80100000,80100000,0,1.0,0.527498,0.65,1.0,0.527498,0.65,1.0,0.527498,0.65,801,80400000,False,1.0,5000.0,300.0,500.0,600000000000.0,100000000000.0,,800
1,corrupt_flow,thermal_loop,805,controller_tick,80200000,80.2,1,0,80200000,802,80200000,RUNNING,,0,0,62,1,0,reconstructed_from_retained_wire,True,,,317.7911506958141,301.1244846737072,293.1499992194265,0.5274980000000011,0.65,401000.0000000045,400999.96087875625,0.00014999991971397566,18825.423634720464,-3.8760845200158656e-08,0.00015,301.124,293.15,317.791,0.0,150000,1,802,80200000,80200000,80200000,0,301124,1,802,80200000,80200000,80200000,0,293150,1,802,80200000,80200000,80200000,0,317791,1,802,80200000,80200000,80200000,0,0,1,802,80200000,80200000,80200000,0,1.0,0.527498,0.65,1.0,0.527498,0.65,1.0,0.527498,0.65,802,80500000,False,1.0,5000.0,300.0,500.0,600000000000.0,100000000000.0,,801
1,corrupt_flow,thermal_loop,806,controller_tick,80300000,80.3,1,0,80300000,803,80300000,RUNNING,,0,0,62,1,0,reconstructed_from_retained_wire,True,,,317.79115069774673,301.1244846749387,293.1499992201751,0.5274980000000011,0.65,401500.0000000045,401499.9608397462,0.00014999991971397566,18825.423634720464,-3.934565029339865e-08,0.00015,301.124,293.15,317.791,0.0,150000,1,803,80300000,80300000,80300000,0,301124,1,803,80300000,80300000,80300000,0,293150,1,803,80300000,80300000,80300000,0,317791,1,803,80300000,80300000,80300000,0,0,1,803,80300000,80300000,80300000,0,1.0,0.527498,0.65,1.0,0.527498,0.65,1.0,0.527498,0.65,803,80600000,False,1.0,5000.0,300.0,500.0,600000000000.0,100000000000.0,,802
1,corrupt_flow,thermal_loop,807,controller_tick,80400000,80.4,1,0,80400000,804,80400000,RUNNING,,0,0,62,1,0,reconstructed_from_retained_wire,True,,,317.79115069967725,301.1244846761691,293.1499992209232,0.5274980000000011,0.65,402000.0000000045,401999.96080077364,0.00014999991971397566,18825.423634720464,-3.9692167774774134e-08,0.00015,301.124,293.15,317.791,0.0,150000,1,804,80400000,80400000,80400000,0,301124,1,804,80400000,80400000,80400000,0,293150,1,804,80400000,80400000,80400000,0,317791,1,804,80400000,80400000,80400000,0,0,1,804,80400000,80400000,80400000,0,1.0,0.527498,0.65,1.0,0.527498,0.65,1.0,0.527498,0.65,804,80700000,False,1.0,5000.0,300.0,500.0,600000000000.0,100000000000.0,,803
1,corrupt_flow,thermal_loop,808,controller_tick,80500000,80.5,1,0,80500000,805,80500000,RUNNING,,0,0,62,1,0,reconstructed_from_retained_wire,True,,,317.79115070160566,301.1244846773984,293.14999922167067,0.5274980000000011,0.65,402500.0000000045,402499.9607618385,0.00014999991971397566,18825.423634720464,-4.027560862596147e-08,0.00015,301.124,293.15,317.791,0.0,150000,1,805,80500000,80500000,80500000,0,301124,1,805,80500000,80500000,80500000,0,293150,1,805,80500000,80500000,80500000,0,317791,1,805,80500000,80500000,80500000,0,0,1,805,80500000,80500000,80500000,0,1.0,0.527498,0.65,1.0,0.527498,0.65,1.0,0.527498,0.65,805,80800000,False,1.0,5000.0,300.0,500.0,600000000000.0,100000000000.0,,804
1,corrupt_flow,thermal_loop,809,controller_tick,80600000,80.6,1,0,80600000,806,80600000,RUNNING,,0,0,62,1,0,reconstructed_from_retained_wire,True,,,317.791150703532,301.12448467862663,293.1499992224176,0.5274980000000011,0.65,403000.0000000044,402999.9607229407,0.00014999991971397566,18825.423634720464,-4.0052327676676214e-08,0.00015,301.124,293.15,317.791,0.0,150000,1,806,80600000,80600000,80600000,0,301124,1,806,80600000,80600000,80600000,0,293150,1,806,80600000,80600000,80600000,0,317791,1,806,80600000,80600000,80600000,0,0,1,806,80600000,80600000,80600000,0,1.0,0.527498,0.65,1.0,0.527498,0.65,1.0,0.527498,0.65,806,80900000,False,1.0,5000.0,300.0,500.0,600000000000.0,100000000000.0,,805
1,corrupt_flow,thermal_loop,810,controller_tick,80700000,80.7,1,0,80700000,807,80700000,RUNNING,,0,0,62,1,0,reconstructed_from_retained_wire,True,,,317.7911507054563,301.12448467985377,293.14999922316395,0.5274980000000011,0.65,403500.00000000437,403499.96068408014,0.00014999991971397566,18825.423634720464,-3.9765382098266855e-08,0.00015,301.124,293.15,317.791,0.0,150000,1,807,80700000,80700000,80700000,0,301124,1,807,80700000,80700000,80700000,0,293150,1,807,80700000,80700000,80700000,0,317791,1,807,80700000,80700000,80700000,0,0,1,807,80700000,80700000,80700000,0,1.0,0.527498,0.65,1.0,0.527498,0.65,1.0,0.527498,0.65,807,81000000,False,1.0,5000.0,300.0,500.0,600000000000.0,100000000000.0,,806
1,corrupt_flow,thermal_loop,811,controller_tick,80800000,80.8,1,0,80800000,808,80800000,RUNNING,,0,0,62,1,0,reconstructed_from_retained_wire,True,,,317.79115070737845,301.1244846810797,293.14999922390973,0.5274980000000011,0.65,404000.0000000043,403999.960645257,0.00014999991971397566,18825.423634720464,-4.0248778532259166e-08,0.00015,301.124,293.15,317.791,0.0,150000,1,808,80800000,80800000,80800000,0,301124,1,808,80800000,80800000,80800000,0,293150,1,808,80800000,80800000,80800000,0,317791,1,808,80800000,80800000,80800000,0,0,1,808,80800000,80800000,80800000,0,1.0,0.527498,0.65,1.0,0.527498,0.65,1.0,0.527498,0.65,808,81100000,False,1.0,5000.0,300.0,500.0,600000000000.0,100000000000.0,,807
1,corrupt_flow,thermal_loop,812,controller_tick,80900000,80.9,1,0,80900000,809,80900000,RUNNING,,0,0,62,1,0,reconstructed_from_retained_wire,True,,,317.7911507092985,301.12448468230457,293.14999922465495,0.5274980000000011,0.65,404500.0000000043,404499.96060647105,0.00014999991971397566,18825.423634720464,-4.072671799804084e-08,0.00015,301.124,293.15,317.791,0.0,150000,1,809,80900000,80900000,80900000,0,301124,1,809,80900000,80900000,80900000,0,293150,1,809,80900000,80900000,80900000,0,317791,1,809,80900000,80900000,80900000,0,0,1,809,80900000,80900000,80900000,0,1.0,0.527498,0.65,1.0,0.527498,0.65,1.0,0.527498,0.65,809,81200000,False,1.0,5000.0,300.0,500.0,600000000000.0,100000000000.0,,808
1,corrupt_flow,thermal_loop,813,controller_tick,81000000,81.0,1,0,81000000,810,81000000,RUNNING,,0,0,62,1,0,reconstructed_from_retained_wire,True,,,317.79115071121646,301.12448468352835,293.14999922539965,0.5274980000000011,0.65,405000.00000000425,404999.9605677224,0.00014999991971397566,18825.423634720464,-4.036996870127041e-08,0.00015,301.124,293.15,317.791,0.0,150000,1,810,81000000,81000000,81000000,0,301124,1,810,81000000,81000000,81000000,0,293150,1,810,81000000,81000000,81000000,0,317791,1,810,81000000,81000000,81000000,0,0,1,810,81000000,81000000,81000000,0,1.0,0.527498,0.65,1.0,0.527498,0.65,1.0,0.527498,0.65,810,81300000,False,1.0,5000.0,300.0,500.0,600000000000.0,100000000000.0,,809
1,corrupt_flow,thermal_loop,814,controller_tick,81100000,81.1,1,0,81100000,811,81100000,RUNNING,,0,0,62,1,0,reconstructed_from_retained_wire,True,,,317.7911507131323,301.124484684751,293.14999922614373,0.5274980000000011,0.65,405500.0000000042,405499.960529011,0.00014999991971397566,18825.423634720464,-4.113758222956676e-08,0.00015,301.124,293.15,317.791,0.0,150000,1,811,81100000,81100000,81100000,0,301124,1,811,81100000,81100000,81100000,0,293150,1,811,81100000,81100000,81100000,0,317791,1,811,81100000,81100000,81100000,0,0,1,811,81100000,81100000,81100000,0,1.0,0.527498,0.65,1.0,0.527498,0.65,1.0,0.527498,0.65,811,81400000,False,1.0,5000.0,300.0,500.0,600000000000.0,100000000000.0,,810
1,corrupt_flow,thermal_loop,815,controller_tick,81200000,81.2,1,0,81200000,812,81200000,RUNNING,,0,0,62,1,0,reconstructed_from_retained_wire,True,,,317.7911507150461,301.12448468597256,293.14999922688725,0.5274980000000011,0.65,406000.0000000042,405999.9604903367,0.00014999991971397566,18825.423634720464,-4.144771992287133e-08,0.00015,301.124,293.15,317.791,0.0,150000,1,812,81200000,81200000,81200000,0,301124,1,812,81200000,81200000,81200000,0,293150,1,812,81200000,81200000,81200000,0,317791,1,812,81200000,81200000,81200000,0,0,1,812,81200000,81200000,81200000,0,1.0,0.527498,0.65,1.0,0.527498,0.65,1.0,0.527498,0.65,812,81500000,False,1.0,5000.0,300.0,500.0,600000000000.0,100000000000.0,,811
1,corrupt_flow,thermal_loop,816,controller_tick,81300000,81.3,1,0,81300000,813,81300000,RUNNING,,0,0,62,1,0,reconstructed_from_retained_wire,True,,,317.7911507169579,301.12448468719305,293.1499992276302,0.5274980000000011,0.65,406500.00000000413,406499.9604516996,0.00014999991971397566,18825.423634720464,-4.112575879844371e-08,0.00015,301.124,293.15,317.791,0.0,150000,1,813,81300000,81300000,81300000,0,301124,1,813,81300000,81300000,81300000,0,293150,1,813,81300000,81300000,81300000,0,317791,1,813,81300000,81300000,81300000,0,0,1,813,81300000,81300000,81300000,0,1.0,0.527498,0.65,1.0,0.527498,0.65,1.0,0.527498,0.65,813,81600000,False,1.0,5000.0,300.0,500.0,600000000000.0,100000000000.0,,812
1,corrupt_flow,thermal_loop,817,controller_tick,81400000,81.4,1,0,81400000,814,81400000,RUNNING,,0,0,62,1,0,reconstructed_from_retained_wire,True,,,317.7911507188675,301.12448468841245,293.14999922837256,0.5274980000000011,0.65,407000.00000000413,406999.9604130997,0.00014999991971397566,18825.423634720464,-4.091475602763239e-08,0.00015,301.124,293.15,317.791,0.0,150000,1,814,81400000,81400000,81400000,0,301124,1,814,81400000,81400000,81400000,0,293150,1,814,81400000,81400000,81400000,0,317791,1,814,81400000,81400000,81400000,0,0,1,814,81400000,81400000,81400000,0,1.0,0.527498,0.65,1.0,0.527498,0.65,1.0,0.527498,0.65,814,81700000,False,1.0,5000.0,300.0,500.0,600000000000.0,100000000000.0,,813
1,corrupt_flow,thermal_loop,818,controller_tick,81500000,81.5,1,0,81500000,815,81500000,RUNNING,,0,0,62,1,0,reconstructed_from_retained_wire,True,,,317.79115072077514,301.1244846896307,293.14999922911437,0.5274980000000011,0.65,407500.00000000413,407499.9603745368,0.00014999991971397566,18825.423634720464,-4.0721488403505646e-08,0.00015,301.124,293.15,317.791,0.0,150000,1,815,81500000,81500000,81500000,0,301124,1,815,81500000,81500000,81500000,0,293150,1,815,81500000,81500000,81500000,0,317791,1,815,81500000,81500000,81500000,0,0,1,815,81500000,81500000,81500000,0,1.0,0.527498,0.65,1.0,0.527498,0.65,1.0,0.527498,0.65,815,81800000,False,1.0,5000.0,300.0,500.0,600000000000.0,100000000000.0,,814
1,corrupt_flow,thermal_loop,819,controller_tick,81600000,81.6,1,0,81600000,816,81600000,RUNNING,,0,0,62,1,0,reconstructed_from_retained_wire,True,,,317.79115072268064,301.1244846908479,293.1499992298556,0.5274980000000011,0.65,408000.00000000413,407999.960336011,0.00014999991971397566,18825.423634720464,-4.0639179132995196e-08,0.00015,301.124,293.15,317.791,0.0,150000,1,816,81600000,81600000,81600000,0,301124,1,816,81600000,81600000,81600000,0,293150,1,816,81600000,81600000,81600000,0,317791,1,816,81600000,81600000,81600000,0,0,1,816,81600000,81600000,81600000,0,1.0,0.527498,0.65,1.0,0.527498,0.65,1.0,0.527498,0.65,816,81900000,False,1.0,5000.0,300.0,500.0,600000000000.0,100000000000.0,,815
1,corrupt_flow,thermal_loop,820,controller_tick,81700000,81.7,1,0,81700000,817,81700000,RUNNING,,0,0,62,1,0,reconstructed_from_retained_wire,True,,,317.7911507245841,301.124484692064,293.1499992305963,0.5274980000000011,0.65,408500.00000000413,408499.9602975223,0.00014999991971397566,18825.423634720464,-4.009939402749296e-08,0.00015,301.124,293.15,317.791,0.0,150000,1,817,81700000,81700000,81700000,0,301124,1,817,81700000,81700000,81700000,0,293150,1,817,81700000,81700000,81700000,0,317791,1,817,81700000,81700000,81700000,0,0,1,817,81700000,81700000,81700000,0,1.0,0.527498,0.65,1.0,0.527498,0.65,1.0,0.527498,0.65,817,82000000,False,1.0,5000.0,300.0,500.0,600000000000.0,100000000000.0,,816
1,corrupt_flow,thermal_loop,821,controller_tick,81800000,81.8,1,0,81800000,818,81800000,RUNNING,,0,0,62,1,0,reconstructed_from_retained_wire,True,,,317.7911507264855,301.124484693279,293.1499992313364,0.5274980000000011,0.65,409000.00000000413,408999.9602590706,0.00014999991971397566,18825.423634720464,-3.963555172958877e-08,0.00015,301.124,293.15,317.791,0.0,150000,1,818,81800000,81800000,81800000,0,301124,1,818,81800000,81800000,81800000,0,293150,1,818,81800000,81800000,81800000,0,317791,1,818,81800000,81800000,81800000,0,0,1,818,81800000,81800000,81800000,0,1.0,0.527498,0.65,1.0,0.527498,0.65,1.0,0.527498,0.65,818,82100000,False,1.0,5000.0,300.0,500.0,600000000000.0,100000000000.0,,817
1,corrupt_flow,thermal_loop,822,controller_tick,81900000,81.9,1,0,81900000,819,81900000,RUNNING,,0,0,62,1,0,reconstructed_from_retained_wire,True,,,317.7911507283849,301.1244846944929,293.1499992320759,0.5274980000000011,0.65,409500.0000000041,409499.9602206559,0.00014999991971397566,18825.423634720464,-3.877244125760626e-08,0.00015,301.124,293.15,317.791,0.0,150000,1,819,81900000,81900000,81900000,0,301124,1,819,81900000,81900000,81900000,0,293150,1,819,81900000,81900000,81900000,0,317791,1,819,81900000,81900000,81900000,0,0,1,819,81900000,81900000,81900000,0,1.0,0.527498,0.65,1.0,0.527498,0.65,1.0,0.527498,0.65,819,82200000,False,1.0,5000.0,300.0,500.0,600000000000.0,100000000000.0,,818
1,corrupt_flow,thermal_loop,823,controller_tick,82000000,82.0,1,0,82000000,820,82000000,RUNNING,,0,0,62,1,0,reconstructed_from_retained_wire,True,,,317.79115073028214,301.12448469570563,293.1499992328149,0.5274980000000011,0.65,410000.000000004,409999.9601822781,0.00014999991971397566,18825.423634720464,-3.861191544274334e-08,0.00015,301.124,293.15,317.791,0.0,150000,1,820,82000000,82000000,82000000,0,301124,1,820,82000000,82000000,82000000,0,293150,1,820,82000000,82000000,82000000,0,317791,1,820,82000000,82000000,82000000,0,0,1,820,82000000,82000000,82000000,0,1.0,0.527498,0.65,1.0,0.527498,0.65,1.0,0.527498,0.65,820,82300000,False,1.0,5000.0,300.0,500.0,600000000000.0,100000000000.0,,819
1,corrupt_flow,thermal_loop,824,controller_tick,82100000,82.1,1,0,82100000,821,82100000,RUNNING,,0,0,62,1,0,reconstructed_from_retained_wire,True,,,317.79115073217736,301.1244846969173,293.1499992335532,0.5274980000000011,0.65,410500.000000004,410499.9601439373,0.00014999991971397566,18825.423634720464,-3.888135324814357e-08,0.00015,301.124,293.15,317.791,0.0,150000,1,821,82100000,82100000,82100000,0,301124,1,821,82100000,82100000,82100000,0,293150,1,821,82100000,82100000,82100000,0,317791,1,821,82100000,82100000,82100000,0,0,1,821,82100000,82100000,82100000,0,1.0,0.527498,0.65,1.0,0.527498,0.65,1.0,0.527498,0.65,821,82400000,False,1.0,5000.0,300.0,500.0,600000000000.0,100000000000.0,,820
1,corrupt_flow,thermal_loop,825,controller_tick,82200000,82.2,1,0,82200000,822,82200000,RUNNING,,0,0,62,1,0,reconstructed_from_retained_wire,True,,,317.7911507340705,301.1244846981279,293.149999234291,0.5274980000000011,0.65,411000.000000004,410999.9601056334,0.00014999991971397566,18825.423634720464,-3.886793820129242e-08,0.00015,301.124,293.15,317.791,0.0,150000,1,822,82200000,82200000,82200000,0,301124,1,822,82200000,82200000,82200000,0,293150,1,822,82200000,82200000,82200000,0,317791,1,822,82200000,82200000,82200000,0,0,1,822,82200000,82200000,82200000,0,1.0,0.527498,0.65,1.0,0.527498,0.65,1.0,0.527498,0.65,822,82500000,False,1.0,5000.0,300.0,500.0,600000000000.0,100000000000.0,,821
1,corrupt_flow,thermal_loop,826,controller_tick,82300000,82.3,1,0,82300000,823,82300000,RUNNING,,0,0,62,1,0,reconstructed_from_retained_wire,True,,,317.79115073596165,301.1244846993374,293.14999923502813,0.5274980000000011,0.65,411500.000000004,411499.96006736637,0.00014999991971397566,18825.423634720464,-3.9342694435617886e-08,0.00015,301.124,293.15,317.791,0.0,150000,1,823,82300000,82300000,82300000,0,301124,1,823,82300000,82300000,82300000,0,293150,1,823,82300000,82300000,82300000,0,317791,1,823,82300000,82300000,82300000,0,0,1,823,82300000,82300000,82300000,0,1.0,0.527498,0.65,1.0,0.527498,0.65,1.0,0.527498,0.65,823,82600000,False,1.0,5000.0,300.0,500.0,600000000000.0,100000000000.0,,822
1,corrupt_flow,thermal_loop,827,controller_tick,82400000,82.4,1,0,82400000,824,82400000,RUNNING,,0,0,62,1,0,reconstructed_from_retained_wire,True,,,317.7911507378507,301.1244847005458,293.1499992357647,0.5274980000000011,0.65,412000.000000004,411999.9600291361,0.00014999991971397566,18825.423634720464,-4.0126224121195264e-08,0.00015,301.124,293.15,317.791,0.0,150000,1,824,82400000,82400000,82400000,0,301124,1,824,82400000,82400000,82400000,0,293150,1,824,82400000,82400000,82400000,0,317791,1,824,82400000,82400000,82400000,0,0,1,824,82400000,82400000,82400000,0,1.0,0.527498,0.65,1.0,0.527498,0.65,1.0,0.527498,0.65,824,82700000,False,1.0,5000.0,300.0,500.0,600000000000.0,100000000000.0,,823
1,corrupt_flow,thermal_loop,828,controller_tick,82500000,82.5,1,0,82500000,825,82500000,RUNNING,,0,0,62,1,0,reconstructed_from_retained_wire,True,,,317.7911507397378,301.12448470175315,293.1499992365007,0.5274980000000011,0.65,412500.000000004,412499.9599909427,0.00014999991971397566,18825.423634720464,-3.9641463445150293e-08,0.00015,301.124,293.15,317.791,0.0,150000,1,825,82500000,82500000,82500000,0,301124,1,825,82500000,82500000,82500000,0,293150,1,825,82500000,82500000,82500000,0,317791,1,825,82500000,82500000,82500000,0,0,1,825,82500000,82500000,82500000,0,1.0,0.527498,0.65,1.0,0.527498,0.65,1.0,0.527498,0.65,825,82800000,False,1.0,5000.0,300.0,500.0,600000000000.0,100000000000.0,,824
1,corrupt_flow,thermal_loop,829,controller_tick,82600000,82.6,1,0,82600000,826,82600000,RUNNING,,0,0,62,1,0,reconstructed_from_retained_wire,True,,,317.79115074162286,301.12448470295936,293.14999923723616,0.5274980000000011,0.65,413000.00000000396,412999.95995278604,0.00014999991971397566,18825.423634720464,-3.9407268559443764e-08,0.00015,301.124,293.15,317.791,0.0,150000,1,826,82600000,82600000,82600000,0,301124,1,826,82600000,82600000,82600000,0,293150,1,826,82600000,82600000,82600000,0,317791,1,826,82600000,82600000,82600000,0,0,1,826,82600000,82600000,82600000,0,1.0,0.527498,0.65,1.0,0.527498,0.65,1.0,0.527498,0.65,826,82900000,False,1.0,5000.0,300.0,500.0,600000000000.0,100000000000.0,,825
1,corrupt_flow,thermal_loop,830,controller_tick,82700000,82.7,1,0,82700000,827,82700000,RUNNING,,0,0,62,1,0,reconstructed_from_retained_wire,True,,,317.79115074350585,301.12448470416444,293.14999923797103,0.5274980000000011,0.65,413500.00000000396,413499.9599146662,0.00014999991971397566,18825.423634720464,-3.954005478590261e-08,0.00015,301.124,293.15,317.791,0.0,150000,1,827,82700000,82700000,82700000,0,301124,1,827,82700000,82700000,82700000,0,293150,1,827,82700000,82700000,82700000,0,317791,1,827,82700000,82700000,82700000,0,0,1,827,82700000,82700000,82700000,0,1.0,0.527498,0.65,1.0,0.527498,0.65,1.0,0.527498,0.65,827,83000000,False,1.0,5000.0,300.0,500.0,600000000000.0,100000000000.0,,826
1,corrupt_flow,thermal_loop,831,controller_tick,82800000,82.8,1,0,82800000,828,82800000,RUNNING,,0,0,62,1,0,reconstructed_from_retained_wire,True,,,317.7911507453868,301.12448470536845,293.14999923870533,0.5274980000000011,0.65,414000.00000000396,413999.9598765831,0.00014999991971397566,18825.423634720464,-3.956461114285048e-08,0.00015,301.124,293.15,317.791,0.0,150000,1,828,82800000,82800000,82800000,0,301124,1,828,82800000,82800000,82800000,0,293150,1,828,82800000,82800000,82800000,0,317791,1,828,82800000,82800000,82800000,0,0,1,828,82800000,82800000,82800000,0,1.0,0.527498,0.65,1.0,0.527498,0.65,1.0,0.527498,0.65,828,83100000,False,1.0,5000.0,300.0,500.0,600000000000.0,100000000000.0,,827
1,corrupt_flow,thermal_loop,832,controller_tick,82900000,82.9,1,0,82900000,829,82900000,RUNNING,,0,0,62,1,0,reconstructed_from_retained_wire,True,,,317.79115074726576,301.12448470657137,293.14999923943907,0.5274980000000011,0.65,414500.00000000396,414499.9598385366,0.00014999991971397566,18825.423634720464,-3.897071110259276e-08,0.00015,301.124,293.15,317.791,0.0,150000,1,829,82900000,82900000,82900000,0,301124,1,829,82900000,82900000,82900000,0,293150,1,829,82900000,82900000,82900000,0,317791,1,829,82900000,82900000,82900000,0,0,1,829,82900000,82900000,82900000,0,1.0,0.527498,0.65,1.0,0.527498,0.65,1.0,0.527498,0.65,829,83200000,False,1.0,5000.0,300.0,500.0,600000000000.0,100000000000.0,,828
1,corrupt_flow,thermal_loop,833,controller_tick,83000000,83.0,1,0,83000000,830,83000000,RUNNING,,0,0,62,1,0,reconstructed_from_retained_wire,True,,,317.7911507491427,301.1244847077732,293.14999924017224,0.5274980000000011,0.65,415000.00000000396,414999.9598005269,0.00014999991971397566,18825.423634720464,-3.826858119282406e-08,0.00015,301.124,293.15,317.791,0.0,150000,1,830,83000000,83000000,83000000,0,301124,1,830,83000000,83000000,83000000,0,293150,1,830,83000000,83000000,83000000,0,317791,1,830,83000000,83000000,83000000,0,0,1,830,83000000,83000000,83000000,0,1.0,0.527498,0.65,1.0,0.527498,0.65,1.0,0.527498,0.65,830,83300000,False,1.0,5000.0,300.0,500.0,600000000000.0,100000000000.0,,829
1,corrupt_flow,thermal_loop,834,controller_tick,83100000,83.1,1,0,83100000,831,83100000,RUNNING,,0,0,62,1,0,reconstructed_from_retained_wire,True,,,317.79115075101754,301.12448470897397,293.14999924090483,0.5274980000000011,0.65,415500.00000000396,415499.9597625538,0.00014999991971397566,18825.423634720464,-3.7574636735371314e-08,0.00015,301.124,293.15,317.791,0.0,150000,1,831,83100000,83100000,83100000,0,301124,1,831,83100000,83100000,83100000,0,293150,1,831,83100000,83100000,83100000,0,317791,1,831,83100000,83100000,83100000,0,0,1,831,83100000,83100000,83100000,0,1.0,0.527498,0.65,1.0,0.527498,0.65,1.0,0.527498,0.65,831,83400000,False,1.0,5000.0,300.0,500.0,600000000000.0,100000000000.0,,830
1,corrupt_flow,thermal_loop,835,controller_tick,83200000,83.2,1,0,83200000,832,83200000,RUNNING,,0,0,62,1,0,reconstructed_from_retained_wire,True,,,317.7911507528904,301.1244847101736,293.1499992416368,0.5274980000000011,0.65,416000.00000000396,415999.9597246173,0.00014999991971397566,18825.423634720464,-3.7508470995817333e-08,0.00015,301.124,293.15,317.791,0.0,150000,1,832,83200000,83200000,83200000,0,301124,1,832,83200000,83200000,83200000,0,293150,1,832,83200000,83200000,83200000,0,317791,1,832,83200000,83200000,83200000,0,0,1,832,83200000,83200000,83200000,0,1.0,0.527498,0.65,1.0,0.527498,0.65,1.0,0.527498,0.65,832,83500000,False,1.0,5000.0,300.0,500.0,600000000000.0,100000000000.0,,831
1,corrupt_flow,thermal_loop,836,controller_tick,83300000,83.3,1,0,83300000,833,83300000,RUNNING,,0,0,62,1,0,reconstructed_from_retained_wire,True,,,317.79115075476125,301.1244847113722,293.14999924236815,0.5274980000000011,0.65,416500.00000000396,416499.95968671737,0.00014999991971397566,18825.423634720464,-3.7746303860330954e-08,0.00015,301.124,293.15,317.791,0.0,150000,1,833,83300000,83300000,83300000,0,301124,1,833,83300000,83300000,83300000,0,293150,1,833,83300000,83300000,83300000,0,317791,1,833,83300000,83300000,83300000,0,0,1,833,83300000,83300000,83300000,0,1.0,0.527498,0.65,1.0,0.527498,0.65,1.0,0.527498,0.65,833,83600000,False,1.0,5000.0,300.0,500.0,600000000000.0,100000000000.0,,832
1,corrupt_flow,thermal_loop,837,controller_tick,83400000,83.4,1,0,83400000,834,83400000,RUNNING,,0,0,62,1,0,reconstructed_from_retained_wire,True,,,317.7911507566301,301.1244847125696,293.14999924309893,0.5274980000000011,0.65,417000.00000000396,416999.959648854,0.00014999991971397566,18825.423634720464,-3.843251761281863e-08,0.00015,301.124,293.15,317.791,0.0,150000,1,834,83400000,83400000,83400000,0,301124,1,834,83400000,83400000,83400000,0,293150,1,834,83400000,83400000,83400000,0,317791,1,834,83400000,83400000,83400000,0,0,1,834,83400000,83400000,83400000,0,1.0,0.527498,0.65,1.0,0.527498,0.65,1.0,0.527498,0.65,834,83700000,False,1.0,5000.0,300.0,500.0,600000000000.0,100000000000.0,,833
1,corrupt_flow,thermal_loop,838,controller_tick,83500000,83.5,1,0,83500000,835,83500000,RUNNING,,0,0,62,1,0,reconstructed_from_retained_wire,True,,,317.7911507584969,301.124484713766,293.14999924382914,0.5274980000000011,0.65,417500.00000000396,417499.95961102715,0.00014999991971397566,18825.423634720464,-3.870991349685937e-08,0.00015,301.124,293.15,317.791,0.0,150000,1,835,83500000,83500000,83500000,0,301124,1,835,83500000,83500000,83500000,0,293150,1,835,83500000,83500000,83500000,0,317791,1,835,83500000,83500000,83500000,0,0,1,835,83500000,83500000,83500000,0,1.0,0.527498,0.65,1.0,0.527498,0.65,1.0,0.527498,0.65,835,83800000,False,1.0,5000.0,300.0,500.0,600000000000.0,100000000000.0,,834
1,corrupt_flow,thermal_loop,839,controller_tick,83600000,83.6,1,0,83600000,836,83600000,RUNNING,,0,0,62,1,0,reconstructed_from_retained_wire,True,,,317.7911507603617,301.1244847149612,293.1499992445587,0.5274980000000011,0.65,418000.0000000039,417999.9595732369,0.00014999991971397566,18825.423634720464,-3.961508809879888e-08,0.00015,301.124,293.15,317.791,0.0,150000,1,836,83600000,83600000,83600000,0,301124,1,836,83600000,83600000,83600000,0,293150,1,836,83600000,83600000,83600000,0,317791,1,836,83600000,83600000,83600000,0,0,1,836,83600000,83600000,83600000,0,1.0,0.527498,0.65,1.0,0.527498,0.65,1.0,0.527498,0.65,836,83900000,False,1.0,5000.0,300.0,500.0,600000000000.0,100000000000.0,,835
1,corrupt_flow,thermal_loop,840,controller_tick,83700000,83.7,1,0,83700000,837,83700000,RUNNING,,0,0,62,1,0,reconstructed_from_retained_wire,True,,,317.7911507622245,301.1244847161554,293.14999924528774,0.5274980000000011,0.65,418500.0000000039,418499.95953548304,0.00014999991971397566,18825.423634720464,-4.019284460810013e-08,0.00015,301.124,293.15,317.791,0.0,150000,1,837,83700000,83700000,83700000,0,301124,1,837,83700000,83700000,83700000,0,293150,1,837,83700000,83700000,83700000,0,317791,1,837,83700000,83700000,83700000,0,0,1,837,83700000,83700000,83700000,0,1.0,0.527498,0.65,1.0,0.527498,0.65,1.0,0.527498,0.65,837,84000000,False,1.0,5000.0,300.0,500.0,600000000000.0,100000000000.0,,836
1,corrupt_flow,thermal_loop,841,controller_tick,83800000,83.8,1,0,83800000,838,83800000,RUNNING,,0,0,62,1,0,reconstructed_from_retained_wire,True,,,317.7911507640853,301.12448471734854,293.1499992460162,0.5274980000000011,0.65,419000.0000000039,418999.95949776564,0.00014999991971397566,18825.423634720464,-4.047819857078139e-08,0.00015,301.124,293.15,317.791,0.0,150000,1,838,83800000,83800000,83800000,0,301124,1,838,83800000,83800000,83800000,0,293150,1,838,83800000,83800000,83800000,0,317791,1,838,83800000,83800000,83800000,0,0,1,838,83800000,83800000,83800000,0,1.0,0.527498,0.65,1.0,0.527498,0.65,1.0,0.527498,0.65,838,84100000,False,1.0,5000.0,300.0,500.0,600000000000.0,100000000000.0,,837
1,corrupt_flow,thermal_loop,842,controller_tick,83900000,83.9,1,0,83900000,839,83900000,RUNNING,,0,0,62,1,0,reconstructed_from_retained_wire,True,,,317.79115076594405,301.12448471854054,293.14999924674413,0.5274980000000011,0.65,419500.00000000384,419499.9594600846,0.00014999991971397566,18825.423634720464,-4.0140321289072745e-08,0.00015,301.124,293.15,317.791,0.0,150000,1,839,83900000,83900000,83900000,0,301124,1,839,83900000,83900000,83900000,0,293150,1,839,83900000,83900000,83900000,0,317791,1,839,83900000,83900000,83900000,0,0,1,839,83900000,83900000,83900000,0,1.0,0.527498,0.65,1.0,0.527498,0.65,1.0,0.527498,0.65,839,84200000,False,1.0,5000.0,300.0,500.0,600000000000.0,100000000000.0,,838
1,corrupt_flow,thermal_loop,843,controller_tick,84000000,84.0,1,0,84000000,840,84000000,RUNNING,,0,0,62,1,0,reconstructed_from_retained_wire,True,,,317.79115076780084,301.1244847197315,293.1499992474715,0.5274980000000011,0.65,420000.00000000384,419999.95942244,0.00014999991971397566,18825.423634720464,-3.905802259396296e-08,0.00015,301.124,293.15,317.791,0.0,150000,1,840,84000000,84000000,84000000,0,301124,1,840,84000000,84000000,84000000,0,293150,1,840,84000000,84000000,84000000,0,317791,1,840,84000000,84000000,84000000,0,0,1,840,84000000,84000000,84000000,0,1.0,0.527498,0.65,1.0,0.527498,0.65,1.0,0.527498,0.65,840,84300000,False,1.0,5000.0,300.0,500.0,600000000000.0,100000000000.0,,839
1,corrupt_flow,thermal_loop,844,controller_tick,84100000,84.1,1,0,84100000,841,84100000,RUNNING,,0,0,62,1,0,reconstructed_from_retained_wire,True,,,317.79115076965564,301.1244847209213,293.14999924819824,0.5274980000000011,0.65,420500.0000000038,420499.9593848317,0.00014999991971397566,18825.423634720464,-3.9253336581168696e-08,0.00015,301.124,293.15,317.791,0.0,150000,1,841,84100000,84100000,84100000,0,301124,1,841,84100000,84100000,84100000,0,293150,1,841,84100000,84100000,84100000,0,317791,1,841,84100000,84100000,84100000,0,0,1,841,84100000,84100000,84100000,0,1.0,0.527498,0.65,1.0,0.527498,0.65,1.0,0.527498,0.65,841,84400000,False,1.0,5000.0,300.0,500.0,600000000000.0,100000000000.0,,840
1,corrupt_flow,thermal_loop,845,controller_tick,84200000,84.2,1,0,84200000,842,84200000,RUNNING,,0,0,62,1,0,reconstructed_from_retained_wire,True,,,317.7911507715084,301.1244847221101,293.1499992489244,0.5274980000000011,0.65,421000.0000000038,420999.9593472597,0.00014999991971397566,18825.423634720464,-3.9389078665408306e-08,0.00015,301.124,293.15,317.791,0.0,150000,1,842,84200000,84200000,84200000,0,301124,1,842,84200000,84200000,84200000,0,293150,1,842,84200000,84200000,84200000,0,317791,1,842,84200000,84200000,84200000,0,0,1,842,84200000,84200000,84200000,0,1.0,0.527498,0.65,1.0,0.527498,0.65,1.0,0.527498,0.65,842,84500000,False,1.0,5000.0,300.0,500.0,600000000000.0,100000000000.0,,841
1,corrupt_flow,thermal_loop,846,controller_tick,84300000,84.3,1,0,84300000,843,84300000,RUNNING,,0,0,62,1,0,reconstructed_from_retained_wire,True,,,317.7911507733592,301.12448472329777,293.14999924965,0.5274980000000011,0.65,421500.0000000038,421499.95930972404,0.00014999991971397566,18825.423634720464,-3.868717612931505e-08,0.00015,301.124,293.15,317.791,0.0,150000,1,843,84300000,84300000,84300000,0,301124,1,843,84300000,84300000,84300000,0,293150,1,843,84300000,84300000,84300000,0,317791,1,843,84300000,84300000,84300000,0,0,1,843,84300000,84300000,84300000,0,1.0,0.527498,0.65,1.0,0.527498,0.65,1.0,0.527498,0.65,843,84600000,False,1.0,5000.0,300.0,500.0,600000000000.0,100000000000.0,,842
1,corrupt_flow,thermal_loop,847,controller_tick,84400000,84.4,1,0,84400000,844,84400000,RUNNING,,0,0,62,1,0,reconstructed_from_retained_wire,True,,,317.79115077520805,301.1244847244843,293.149999250375,0.5274980000000011,0.65,422000.0000000038,421999.95927222463,0.00014999991971397566,18825.423634720464,-3.896229827660136e-08,0.00015,301.124,293.15,317.791,0.0,150000,1,844,84400000,84400000,84400000,0,301124,1,844,84400000,84400000,84400000,0,293150,1,844,84400000,84400000,84400000,0,317791,1,844,84400000,84400000,84400000,0,0,1,844,84400000,84400000,84400000,0,1.0,0.527498,0.65,1.0,0.527498,0.65,1.0,0.527498,0.65,844,84700000,False,1.0,5000.0,300.0,500.0,600000000000.0,100000000000.0,,843
1,corrupt_flow,thermal_loop,848,controller_tick,84500000,84.5,1,0,84500000,845,84500000,RUNNING,,0,0,62,1,0,reconstructed_from_retained_wire,True,,,317.7911507770549,301.12448472566984,293.1499992510994,0.5274980000000011,0.65,422500.0000000037,422499.9592347615,0.00014999991971397566,18825.423634720464,-3.849299901048653e-08,0.00015,301.124,293.15,317.791,0.0,150000,1,845,84500000,84500000,84500000,0,301124,1,845,84500000,84500000,84500000,0,293150,1,845,84500000,84500000,84500000,0,317791,1,845,84500000,84500000,84500000,0,0,1,845,84500000,84500000,84500000,0,1.0,0.527498,0.65,1.0,0.527498,0.65,1.0,0.527498,0.65,845,84800000,False,1.0,5000.0,300.0,500.0,600000000000.0,100000000000.0,,844
1,corrupt_flow,thermal_loop,849,controller_tick,84600000,84.6,1,0,84600000,846,84600000,RUNNING,,0,0,62,1,0,reconstructed_from_retained_wire,True,,,317.79115077889975,301.12448472685423,293.14999925182326,0.5274980000000011,0.65,423000.0000000037,422999.95919733454,0.00014999991971397566,18825.423634720464,-3.840432327706367e-08,0.00015,301.124,293.15,317.791,0.0,150000,1,846,84600000,84600000,84600000,0,301124,1,846,84600000,84600000,84600000,0,293150,1,846,84600000,84600000,84600000,0,317791,1,846,84600000,84600000,84600000,0,0,1,846,84600000,84600000,84600000,0,1.0,0.527498,0.65,1.0,0.527498,0.65,1.0,0.527498,0.65,846,84900000,False,1.0,5000.0,300.0,500.0,600000000000.0,100000000000.0,,845
1,corrupt_flow,thermal_loop,850,controller_tick,84700000,84.7,1,0,84700000,847,84700000,RUNNING,,0,0,62,1,0,reconstructed_from_retained_wire,True,,,317.7911507807426,301.12448472803754,293.14999925254654,0.5274980000000011,0.65,423500.0000000037,423499.95915994374,0.00014999991971397566,18825.423634720464,-3.822106009465642e-08,0.00015,301.124,293.15,317.791,0.0,150000,1,847,84700000,84700000,84700000,0,301124,1,847,84700000,84700000,84700000,0,293150,1,847,84700000,84700000,84700000,0,317791,1,847,84700000,84700000,84700000,0,0,1,847,84700000,84700000,84700000,0,1.0,0.527498,0.65,1.0,0.527498,0.65,1.0,0.527498,0.65,847,85000000,False,1.0,5000.0,300.0,500.0,600000000000.0,100000000000.0,,846
1,corrupt_flow,thermal_loop,851,controller_tick,84800000,84.8,1,0,84800000,848,84800000,RUNNING,,0,0,62,1,0,reconstructed_from_retained_wire,True,,,317.7911507825835,301.1244847292198,293.14999925326924,0.5274980000000011,0.65,424000.00000000367,423999.95912258915,0.00014999991971397566,18825.423634720464,-3.782679414143786e-08,0.00015,301.124,293.15,317.791,0.0,150000,1,848,84800000,84800000,84800000,0,301124,1,848,84800000,84800000,84800000,0,293150,1,848,84800000,84800000,84800000,0,317791,1,848,84800000,84800000,84800000,0,0,1,848,84800000,84800000,84800000,0,1.0,0.527498,0.65,1.0,0.527498,0.65,1.0,0.527498,0.65,848,85100000,False,1.0,5000.0,300.0,500.0,600000000000.0,100000000000.0,,847
1,corrupt_flow,thermal_loop,852,controller_tick,84900000,84.9,1,0,84900000,849,84900000,RUNNING,,0,0,62,1,0,reconstructed_from_retained_wire,True,,,317.79115078442237,301.1244847304009,293.1499992539913,0.5274980000000011,0.65,424500.00000000367,424499.9590852706,0.00014999991971397566,18825.423634720464,-3.8225380194489844e-08,0.00015,301.124,293.15,317.791,0.0,150000,1,849,84900000,84900000,84900000,0,301124,1,849,84900000,84900000,84900000,0,293150,1,849,84900000,84900000,84900000,0,317791,1,849,84900000,84900000,84900000,0,0,1,849,84900000,84900000,84900000,0,1.0,0.527498,0.65,1.0,0.527498,0.65,1.0,0.527498,0.65,849,85200000,False,1.0,5000.0,300.0,500.0,600000000000.0,100000000000.0,,848
1,corrupt_flow,thermal_loop,853,controller_tick,85000000,85.0,1,0,85000000,850,85000000,RUNNING,,0,0,62,1,0,reconstructed_from_retained_wire,True,,,317.7911507862593,301.124484731581,293.1499992547128,0.5274980000000011,0.65,425000.00000000367,424999.9590479882,0.00014999991971397566,18825.423634720464,-3.86737610824639e-08,0.00015,301.124,293.15,317.791,0.0,150000,1,850,85000000,85000000,85000000,0,301124,1,850,85000000,85000000,85000000,0,293150,1,850,85000000,85000000,85000000,0,317791,1,850,85000000,85000000,85000000,0,0,1,850,85000000,85000000,85000000,0,1.0,0.527498,0.65,1.0,0.527498,0.65,1.0,0.527498,0.65,850,85300000,False,1.0,5000.0,300.0,500.0,600000000000.0,100000000000.0,,849
1,corrupt_flow,thermal_loop,854,controller_tick,85100000,85.1,1,0,85100000,851,85100000,RUNNING,,0,0,62,1,0,reconstructed_from_retained_wire,True,,,317.7911507880943,301.12448473276004,293.14999925543367,0.5274980000000011,0.65,425500.0000000036,425499.9590107418,0.00014999991971397566,18825.423634720464,-3.861055120069068e-08,0.00015,301.124,293.15,317.791,0.0,150000,1,851,85100000,85100000,85100000,0,301124,1,851,85100000,85100000,85100000,0,293150,1,851,85100000,85100000,85100000,0,317791,1,851,85100000,85100000,85100000,0,0,1,851,85100000,85100000,85100000,0,1.0,0.527498,0.65,1.0,0.527498,0.65,1.0,0.527498,0.65,851,85400000,False,1.0,5000.0,300.0,500.0,600000000000.0,100000000000.0,,850
1,corrupt_flow,thermal_loop,855,controller_tick,85200000,85.2,1,0,85200000,852,85200000,RUNNING,,0,0,62,1,0,reconstructed_from_retained_wire,True,,,317.7911507899273,301.1244847339379,293.149999256154,0.5274980000000011,0.65,426000.0000000036,425999.95897353144,0.00014999991971397566,18825.423634720464,-3.900936462741811e-08,0.00015,301.124,293.15,317.791,0.0,150000,1,852,85200000,85200000,85200000,0,301124,1,852,85200000,85200000,85200000,0,293150,1,852,85200000,85200000,85200000,0,317791,1,852,85200000,85200000,85200000,0,0,1,852,85200000,85200000,85200000,0,1.0,0.527498,0.65,1.0,0.527498,0.65,1.0,0.527498,0.65,852,85500000,False,1.0,5000.0,300.0,500.0,600000000000.0,100000000000.0,,851
1,corrupt_flow,thermal_loop,856,controller_tick,85300000,85.3,1,0,85300000,853,85300000,RUNNING,,0,0,62,1,0,reconstructed_from_retained_wire,True,,,317.79115079175835,301.1244847351147,293.14999925687374,0.5274980000000011,0.65,426500.0000000036,426499.9589363571,0.00014999991971397566,18825.423634720464,-3.895479494531173e-08,0.00015,301.124,293.15,317.791,0.0,150000,1,853,85300000,85300000,85300000,0,301124,1,853,85300000,85300000,85300000,0,293150,1,853,85300000,85300000,85300000,0,317791,1,853,85300000,85300000,85300000,0,0,1,853,85300000,85300000,85300000,0,1.0,0.527498,0.65,1.0,0.527498,0.65,1.0,0.527498,0.65,853,85600000,False,1.0,5000.0,300.0,500.0,600000000000.0,100000000000.0,,852
1,corrupt_flow,thermal_loop,857,controller_tick,85400000,85.4,1,0,85400000,854,85400000,RUNNING,,0,0,62,1,0,reconstructed_from_retained_wire,True,,,317.79115079358746,301.12448473629047,293.1499992575929,0.5274980000000011,0.65,427000.00000000355,426999.95889921876,0.00014999991971397566,18825.423634720464,-3.835361894743983e-08,0.00015,301.124,293.15,317.791,0.0,150000,1,854,85400000,85400000,85400000,0,301124,1,854,85400000,85400000,85400000,0,293150,1,854,85400000,85400000,85400000,0,317791,1,854,85400000,85400000,85400000,0,0,1,854,85400000,85400000,85400000,0,1.0,0.527498,0.65,1.0,0.527498,0.65,1.0,0.527498,0.65,854,85700000,False,1.0,5000.0,300.0,500.0,600000000000.0,100000000000.0,,853
1,corrupt_flow,thermal_loop,858,controller_tick,85500000,85.5,1,0,85500000,855,85500000,RUNNING,,0,0,62,1,0,reconstructed_from_retained_wire,True,,,317.7911507954145,301.12448473746514,293.1499992583115,0.5274980000000011,0.65,427500.00000000355,427499.9588621163,0.00014999991971397566,18825.423634720464,-3.9230144466273487e-08,0.00015,301.124,293.15,317.791,0.0,150000,1,855,85500000,85500000,85500000,0,301124,1,855,85500000,85500000,85500000,0,293150,1,855,85500000,85500000,85500000,0,317791,1,855,85500000,85500000,85500000,0,0,1,855,85500000,85500000,85500000,0,1.0,0.527498,0.65,1.0,0.527498,0.65,1.0,0.527498,0.65,855,85800000,False,1.0,5000.0,300.0,500.0,600000000000.0,100000000000.0,,854
1,corrupt_flow,thermal_loop,859,controller_tick,85600000,85.6,1,0,85600000,856,85600000,RUNNING,,0,0,62,1,0,reconstructed_from_retained_wire,True,,,317.7911507972397,301.1244847386387,293.1499992590294,0.5274980000000011,0.65,428000.00000000355,427999.95882504986,0.00014999991971397566,18825.423634720464,-3.9762653614161536e-08,0.00015,301.124,293.15,317.791,0.0,150000,1,856,85600000,85600000,85600000,0,301124,1,856,85600000,85600000,85600000,0,293150,1,856,85600000,85600000,85600000,0,317791,1,856,85600000,85600000,85600000,0,0,1,856,85600000,85600000,85600000,0,1.0,0.527498,0.65,1.0,0.527498,0.65,1.0,0.527498,0.65,856,85900000,False,1.0,5000.0,300.0,500.0,600000000000.0,100000000000.0,,855
1,corrupt_flow,thermal_loop,860,controller_tick,85700000,85.7,1,0,85700000,857,85700000,RUNNING,,0,0,62,1,0,reconstructed_from_retained_wire,True,,,317.7911507990629,301.1244847398113,293.1499992597468,0.5274980000000011,0.65,428500.00000000355,428499.95878801926,0.00014999991971397566,18825.423634720464,-4.001640263595618e-08,0.00015,301.124,293.15,317.791,0.0,150000,1,857,85700000,85700000,85700000,0,301124,1,857,85700000,85700000,85700000,0,293150,1,857,85700000,85700000,85700000,0,317791,1,857,85700000,85700000,85700000,0,0,1,857,85700000,85700000,85700000,0,1.0,0.527498,0.65,1.0,0.527498,0.65,1.0,0.527498,0.65,857,86000000,False,1.0,5000.0,300.0,500.0,600000000000.0,100000000000.0,,856
1,corrupt_flow,thermal_loop,861,controller_tick,85800000,85.8,1,0,85800000,858,85800000,RUNNING,,0,0,62,1,0,reconstructed_from_retained_wire,True,,,317.79115080088417,301.1244847409827,293.1499992604636,0.5274980000000011,0.65,429000.00000000355,428999.9587510245,0.00014999991971397566,18825.423634720464,-4.037337930640206e-08,0.00015,301.124,293.15,317.791,0.0,150000,1,858,85800000,85800000,85800000,0,301124,1,858,85800000,85800000,85800000,0,293150,1,858,85800000,85800000,85800000,0,317791,1,858,85800000,85800000,85800000,0,0,1,858,85800000,85800000,85800000,0,1.0,0.527498,0.65,1.0,0.527498,0.65,1.0,0.527498,0.65,858,86100000,False,1.0,5000.0,300.0,500.0,600000000000.0,100000000000.0,,857
1,corrupt_flow,thermal_loop,862,controller_tick,85900000,85.9,1,0,85900000,859,85900000,RUNNING,,0,0,62,1,0,reconstructed_from_retained_wire,True,,,317.7911508027035,301.1244847421531,293.1499992611798,0.5274980000000011,0.65,429500.00000000355,429499.95871406555,0.00014999991971397566,18825.423634720464,-4.041658030473627e-08,0.00015,301.124,293.15,317.791,0.0,150000,1,859,85900000,85900000,85900000,0,301124,1,859,85900000,85900000,85900000,0,293150,1,859,85900000,85900000,85900000,0,317791,1,859,85900000,85900000,85900000,0,0,1,859,85900000,85900000,85900000,0,1.0,0.527498,0.65,1.0,0.527498,0.65,1.0,0.527498,0.65,859,86200000,False,1.0,5000.0,300.0,500.0,600000000000.0,100000000000.0,,858
1,corrupt_flow,thermal_loop,863,controller_tick,86000000,86.0,1,0,86000000,860,86000000,RUNNING,,0,0,62,1,0,reconstructed_from_retained_wire,True,,,317.7911508045209,301.12448474332234,293.1499992618954,0.5274980000000011,0.65,430000.00000000355,429999.9586771424,0.00014999991971397566,18825.423634720464,-4.085882210347336e-08,0.00015,301.124,293.15,317.791,0.0,150000,1,860,86000000,86000000,86000000,0,301124,1,860,86000000,86000000,86000000,0,293150,1,860,86000000,86000000,86000000,0,317791,1,860,86000000,86000000,86000000,0,0,1,860,86000000,86000000,86000000,0,1.0,0.527498,0.65,1.0,0.527498,0.65,1.0,0.527498,0.65,860,86300000,False,1.0,5000.0,300.0,500.0,600000000000.0,100000000000.0,,859
1,corrupt_flow,thermal_loop,864,controller_tick,86100000,86.1,1,0,86100000,861,86100000,RUNNING,,0,0,62,1,0,reconstructed_from_retained_wire,True,,,317.79115080633636,301.1244847444906,293.14999926261044,0.5274980000000011,0.65,430500.00000000355,430499.95864025503,0.00014999991971397566,18825.423634720464,-4.051207724842243e-08,0.00015,301.124,293.15,317.791,0.0,150000,1,861,86100000,86100000,86100000,0,301124,1,861,86100000,86100000,86100000,0,293150,1,861,86100000,86100000,86100000,0,317791,1,861,86100000,86100000,86100000,0,0,1,861,86100000,86100000,86100000,0,1.0,0.527498,0.65,1.0,0.527498,0.65,1.0,0.527498,0.65,861,86400000,False,1.0,5000.0,300.0,500.0,600000000000.0,100000000000.0,,860
1,corrupt_flow,thermal_loop,865,controller_tick,86200000,86.2,1,0,86200000,862,86200000,RUNNING,,0,0,62,1,0,reconstructed_from_retained_wire,True,,,317.79115080814984,301.1244847456577,293.14999926332496,0.5274980000000011,0.65,431000.0000000035,430999.95860340336,0.00014999991971397566,18825.423634720464,-4.024059307994321e-08,0.00015,301.124,293.15,317.791,0.0,150000,1,862,86200000,86200000,86200000,0,301124,1,862,86200000,86200000,86200000,0,293150,1,862,86200000,86200000,86200000,0,317791,1,862,86200000,86200000,86200000,0,0,1,862,86200000,86200000,86200000,0,1.0,0.527498,0.65,1.0,0.527498,0.65,1.0,0.527498,0.65,862,86500000,False,1.0,5000.0,300.0,500.0,600000000000.0,100000000000.0,,861
1,corrupt_flow,thermal_loop,866,controller_tick,86300000,86.3,1,0,86300000,863,86300000,RUNNING,,0,0,62,1,0,reconstructed_from_retained_wire,True,,,317.7911508099614,301.1244847468237,293.14999926403885,0.5274980000000011,0.65,431500.0000000035,431499.9585665874,0.00014999991971397566,18825.423634720464,-4.04845650336938e-08,0.00015,301.124,293.15,317.791,0.0,150000,1,863,86300000,86300000,86300000,0,301124,1,863,86300000,86300000,86300000,0,293150,1,863,86300000,86300000,86300000,0,317791,1,863,86300000,86300000,86300000,0,0,1,863,86300000,86300000,86300000,0,1.0,0.527498,0.65,1.0,0.527498,0.65,1.0,0.527498,0.65,863,86600000,False,1.0,5000.0,300.0,500.0,600000000000.0,100000000000.0,,862
1,corrupt_flow,thermal_loop,867,controller_tick,86400000,86.4,1,0,86400000,864,86400000,RUNNING,,0,0,62,1,0,reconstructed_from_retained_wire,True,,,317.791150811771,301.1244847479887,293.1499992647521,0.5274980000000011,0.65,432000.00000000343,431999.9585298072,0.00014999991971397566,18825.423634720464,-4.112757778784726e-08,0.00015,301.124,293.15,317.791,0.0,150000,1,864,86400000,86400000,86400000,0,301124,1,864,86400000,86400000,86400000,0,293150,1,864,86400000,86400000,86400000,0,317791,1,864,86400000,86400000,86400000,0,0,1,864,86400000,86400000,86400000,0,1.0,0.527498,0.65,1.0,0.527498,0.65,1.0,0.527498,0.65,864,86700000,False,1.0,5000.0,300.0,500.0,600000000000.0,100000000000.0,,863
1,corrupt_flow,thermal_loop,868,controller_tick,86500000,86.5,1,0,86500000,865,86500000,RUNNING,,0,0,62,1,0,reconstructed_from_retained_wire,True,,,317.7911508135786,301.1244847491526,293.1499992654648,0.5274980000000011,0.65,432500.00000000343,432499.95849306264,0.00014999991971397566,18825.423634720464,-4.178286872047465e-08,0.00015,301.124,293.15,317.791,0.0,150000,1,865,86500000,86500000,86500000,0,301124,1,865,86500000,86500000,86500000,0,293150,1,865,86500000,86500000,86500000,0,317791,1,865,86500000,86500000,86500000,0,0,1,865,86500000,86500000,86500000,0,1.0,0.527498,0.65,1.0,0.527498,0.65,1.0,0.527498,0.65,865,86800000,False,1.0,5000.0,300.0,500.0,600000000000.0,100000000000.0,,864
1,corrupt_flow,thermal_loop,869,controller_tick,86600000,86.6,1,0,86600000,866,86600000,RUNNING,,0,0,62,1,0,reconstructed_from_retained_wire,True,,,317.79115081538436,301.12448475031545,293.14999926617696,0.5274980000000011,0.65,433000.00000000343,432999.95845635363,0.00014999991971397566,18825.423634720464,-4.178878043603618e-08,0.00015,301.124,293.15,317.791,0.0,150000,1,866,86600000,86600000,86600000,0,301124,1,866,86600000,86600000,86600000,0,293150,1,866,86600000,86600000,86600000,0,317791,1,866,86600000,86600000,86600000,0,0,1,866,86600000,86600000,86600000,0,1.0,0.527498,0.65,1.0,0.527498,0.65,1.0,0.527498,0.65,866,86900000,False,1.0,5000.0,300.0,500.0,600000000000.0,100000000000.0,,865
1,corrupt_flow,thermal_loop,870,controller_tick,86700000,86.7,1,0,86700000,867,86700000,RUNNING,,0,0,62,1,0,reconstructed_from_retained_wire,True,,,317.79115081718817,301.1244847514772,293.1499992668885,0.5274980000000011,0.65,433500.0000000034,433499.9584196803,0.00014999991971397566,18825.423634720464,-4.153912414039951e-08,0.00015,301.124,293.15,317.791,0.0,150000,1,867,86700000,86700000,86700000,0,301124,1,867,86700000,86700000,86700000,0,293150,1,867,86700000,86700000,86700000,0,317791,1,867,86700000,86700000,86700000,0,0,1,867,86700000,86700000,86700000,0,1.0,0.527498,0.65,1.0,0.527498,0.65,1.0,0.527498,0.65,867,87000000,False,1.0,5000.0,300.0,500.0,600000000000.0,100000000000.0,,866
1,corrupt_flow,thermal_loop,871,controller_tick,86800000,86.8,1,0,86800000,868,86800000,RUNNING,,0,0,62,1,0,reconstructed_from_retained_wire,True,,,317.7911508189901,301.1244847526379,293.14999926759947,0.5274980000000011,0.65,434000.0000000033,433999.9583830425,0.00014999991971397566,18825.423634720464,-4.141111276112497e-08,0.00015,301.124,293.15,317.791,0.0,150000,1,868,86800000,86800000,86800000,0,301124,1,868,86800000,86800000,86800000,0,293150,1,868,86800000,86800000,86800000,0,317791,1,868,86800000,86800000,86800000,0,0,1,868,86800000,86800000,86800000,0,1.0,0.527498,0.65,1.0,0.527498,0.65,1.0,0.527498,0.65,868,87100000,False,1.0,5000.0,300.0,500.0,600000000000.0,100000000000.0,,867
1,corrupt_flow,thermal_loop,872,controller_tick,86900000,86.9,1,0,86900000,869,86900000,RUNNING,,0,0,62,1,0,reconstructed_from_retained_wire,True,,,317.7911508207901,301.1244847537975,293.14999926830984,0.5274980000000011,0.65,434500.0000000033,434499.95834644017,0.00014999991971397566,18825.423634720464,-4.131857167521957e-08,0.00015,301.124,293.15,317.791,0.0,150000,1,869,86900000,86900000,86900000,0,301124,1,869,86900000,86900000,86900000,0,293150,1,869,86900000,86900000,86900000,0,317791,1,869,86900000,86900000,86900000,0,0,1,869,86900000,86900000,86900000,0,1.0,0.527498,0.65,1.0,0.527498,0.65,1.0,0.527498,0.65,869,87200000,False,1.0,5000.0,300.0,500.0,600000000000.0,100000000000.0,,868
1,corrupt_flow,thermal_loop,873,controller_tick,87000000,87.0,1,0,87000000,870,87000000,RUNNING,,0,0,62,1,0,reconstructed_from_retained_wire,True,,,317.7911508225882,301.1244847549561,293.1499992690196,0.5274980000000011,0.65,435000.00000000326,434999.95830987336,0.00014999991971397566,18825.423634720464,-4.1382691051694565e-08,0.00015,301.124,293.15,317.791,0.0,150000,1,870,87000000,87000000,87000000,0,301124,1,870,87000000,87000000,87000000,0,293150,1,870,87000000,87000000,87000000,0,317791,1,870,87000000,87000000,87000000,0,0,1,870,87000000,87000000,87000000,0,1.0,0.527498,0.65,1.0,0.527498,0.65,1.0,0.527498,0.65,870,87300000,False,1.0,5000.0,300.0,500.0,600000000000.0,100000000000.0,,869
1,corrupt_flow,thermal_loop,874,controller_tick,87100000,87.1,1,0,87100000,871,87100000,RUNNING,,0,0,62,1,0,reconstructed_from_retained_wire,True,,,317.7911508243843,301.12448475611353,293.14999926972877,0.5274980000000011,0.65,435500.00000000326,435499.95827334205,0.00014999991971397566,18825.423634720464,-4.1957491703215055e-08,0.00015,301.124,293.15,317.791,0.0,150000,1,871,87100000,87100000,87100000,0,301124,1,871,87100000,87100000,87100000,0,293150,1,871,87100000,87100000,87100000,0,317791,1,871,87100000,87100000,87100000,0,0,1,871,87100000,87100000,87100000,0,1.0,0.527498,0.65,1.0,0.527498,0.65,1.0,0.527498,0.65,871,87400000,False,1.0,5000.0,300.0,500.0,600000000000.0,100000000000.0,,870
1,corrupt_flow,thermal_loop,875,controller_tick,87200000,87.2,1,0,87200000,872,87200000,RUNNING,,0,0,62,1,0,reconstructed_from_retained_wire,True,,,317.7911508261786,301.1244847572699,293.1499992704374,0.5274980000000011,0.65,436000.00000000326,435999.9582368462,0.00014999991971397566,18825.423634720464,-4.199932845949661e-08,0.00015,301.124,293.15,317.791,0.0,150000,1,872,87200000,87200000,87200000,0,301124,1,872,87200000,87200000,87200000,0,293150,1,872,87200000,87200000,87200000,0,317791,1,872,87200000,87200000,87200000,0,0,1,872,87200000,87200000,87200000,0,1.0,0.527498,0.65,1.0,0.527498,0.65,1.0,0.527498,0.65,872,87500000,False,1.0,5000.0,300.0,500.0,600000000000.0,100000000000.0,,871
1,corrupt_flow,thermal_loop,876,controller_tick,87300000,87.3,1,0,87300000,873,87300000,RUNNING,,0,0,62,1,0,reconstructed_from_retained_wire,True,,,317.79115082797085,301.12448475842524,293.1499992711454,0.5274980000000011,0.65,436500.00000000326,436499.9582003858,0.00014999991971397566,18825.423634720464,-4.2169858716079034e-08,0.00015,301.124,293.15,317.791,0.0,150000,1,873,87300000,87300000,87300000,0,301124,1,873,87300000,87300000,87300000,0,293150,1,873,87300000,87300000,87300000,0,317791,1,873,87300000,87300000,87300000,0,0,1,873,87300000,87300000,87300000,0,1.0,0.527498,0.65,1.0,0.527498,0.65,1.0,0.527498,0.65,873,87600000,False,1.0,5000.0,300.0,500.0,600000000000.0,100000000000.0,,872
1,corrupt_flow,thermal_loop,877,controller_tick,87400000,87.4,1,0,87400000,874,87400000,RUNNING,,0,0,62,1,0,reconstructed_from_retained_wire,True,,,317.79115082976125,301.1244847595795,293.1499992718529,0.5274980000000011,0.65,437000.0000000032,436999.9581639608,0.00014999991971397566,18825.423634720464,-4.180742507742252e-08,0.00015,301.124,293.15,317.791,0.0,150000,1,874,87400000,87400000,87400000,0,301124,1,874,87400000,87400000,87400000,0,293150,1,874,87400000,87400000,87400000,0,317791,1,874,87400000,87400000,87400000,0,0,1,874,87400000,87400000,87400000,0,1.0,0.527498,0.65,1.0,0.527498,0.65,1.0,0.527498,0.65,874,87700000,False,1.0,5000.0,300.0,500.0,600000000000.0,100000000000.0,,873
1,corrupt_flow,thermal_loop,878,controller_tick,87500000,87.5,1,0,87500000,875,87500000,RUNNING,,0,0,62,1,0,reconstructed_from_retained_wire,True,,,317.79115083154977,301.12448476073274,293.1499992725598,0.5274980000000011,0.65,437500.0000000032,437499.95812757104,0.00014999991971397566,18825.423634720464,-4.066964720550459e-08,0.00015,301.124,293.15,317.791,0.0,150000,1,875,87500000,87500000,87500000,0,301124,1,875,87500000,87500000,87500000,0,293150,1,875,87500000,87500000,87500000,0,317791,1,875,87500000,87500000,87500000,0,0,1,875,87500000,87500000,87500000,0,1.0,0.527498,0.65,1.0,0.527498,0.65,1.0,0.527498,0.65,875,87800000,False,1.0,5000.0,300.0,500.0,600000000000.0,100000000000.0,,874
1,corrupt_flow,thermal_loop,879,controller_tick,87600000,87.6,1,0,87600000,876,87600000,RUNNING,,0,0,62,1,0,reconstructed_from_retained_wire,True,,,317.7911508333364,301.12448476188484,293.149999273266,0.5274980000000011,0.65,438000.0000000032,437999.9580912166,0.00014999991971397566,18825.423634720464,-4.1016164686880074e-08,0.00015,301.124,293.15,317.791,0.0,150000,1,876,87600000,87600000,87600000,0,301124,1,876,87600000,87600000,87600000,0,293150,1,876,87600000,87600000,87600000,0,317791,1,876,87600000,87600000,87600000,0,0,1,876,87600000,87600000,87600000,0,1.0,0.527498,0.65,1.0,0.527498,0.65,1.0,0.527498,0.65,876,87900000,False,1.0,5000.0,300.0,500.0,600000000000.0,100000000000.0,,875
1,corrupt_flow,thermal_loop,880,controller_tick,87700000,87.7,1,0,87700000,877,87700000,RUNNING,,0,0,62,1,0,reconstructed_from_retained_wire,True,,,317.79115083512113,301.12448476303587,293.1499992739717,0.5274980000000011,0.65,438500.00000000314,438499.95805489755,0.00014999991971397566,18825.423634720464,-4.145636012253817e-08,0.00015,301.124,293.15,317.791,0.0,150000,1,877,87700000,87700000,87700000,0,301124,1,877,87700000,87700000,87700000,0,293150,1,877,87700000,87700000,87700000,0,317791,1,877,87700000,87700000,87700000,0,0,1,877,87700000,87700000,87700000,0,1.0,0.527498,0.65,1.0,0.527498,0.65,1.0,0.527498,0.65,877,88000000,False,1.0,5000.0,300.0,500.0,600000000000.0,100000000000.0,,876
1,corrupt_flow,thermal_loop,881,controller_tick,87800000,87.8,1,0,87800000,878,87800000,RUNNING,,0,0,62,1,0,reconstructed_from_retained_wire,True,,,317.79115083690385,301.12448476418587,293.14999927467676,0.5274980000000011,0.65,439000.00000000314,438999.95801861375,0.00014999991971397566,18825.423634720464,-4.225807970215101e-08,0.00015,301.124,293.15,317.791,0.0,150000,1,878,87800000,87800000,87800000,0,301124,1,878,87800000,87800000,87800000,0,293150,1,878,87800000,87800000,87800000,0,317791,1,878,87800000,87800000,87800000,0,0,1,878,87800000,87800000,87800000,0,1.0,0.527498,0.65,1.0,0.527498,0.65,1.0,0.527498,0.65,878,88100000,False,1.0,5000.0,300.0,500.0,600000000000.0,100000000000.0,,877
1,corrupt_flow,thermal_loop,882,controller_tick,87900000,87.9,1,0,87900000,879,87900000,RUNNING,,0,0,62,1,0,reconstructed_from_retained_wire,True,,,317.79115083868476,301.1244847653348,293.1499992753812,0.5274980000000011,0.65,439500.00000000314,439499.95798236516,0.00014999991971397566,18825.423634720464,-4.290404831408523e-08,0.00015,301.124,293.15,317.791,0.0,150000,1,879,87900000,87900000,87900000,0,301124,1,879,87900000,87900000,87900000,0,293150,1,879,87900000,87900000,87900000,0,317791,1,879,87900000,87900000,87900000,0,0,1,879,87900000,87900000,87900000,0,1.0,0.527498,0.65,1.0,0.527498,0.65,1.0,0.527498,0.65,879,88200000,False,1.0,5000.0,300.0,500.0,600000000000.0,100000000000.0,,878
1,corrupt_flow,thermal_loop,883,controller_tick,88000000,88.0,1,0,88000000,880,88000000,RUNNING,,0,0,62,1,0,reconstructed_from_retained_wire,True,,,317.79115084046373,301.1244847664827,293.14999927608517,0.5274980000000011,0.65,440000.0000000031,439999.9579461518,0.00014999991971397566,18825.423634720464,-4.257208274793811e-08,0.00015,301.124,293.15,317.791,0.0,150000,1,880,88000000,88000000,88000000,0,301124,1,880,88000000,88000000,88000000,0,293150,1,880,88000000,88000000,88000000,0,317791,1,880,88000000,88000000,88000000,0,0,1,880,88000000,88000000,88000000,0,1.0,0.527498,0.65,1.0,0.527498,0.65,1.0,0.527498,0.65,880,88300000,False,1.0,5000.0,300.0,500.0,600000000000.0,100000000000.0,,879
1,corrupt_flow,thermal_loop,884,controller_tick,88100000,88.1,1,0,88100000,881,88100000,RUNNING,,0,0,62,1,0,reconstructed_from_retained_wire,True,,,317.7911508422408,301.12448476762955,293.14999927678855,0.5274980000000011,0.65,440500.0000000031,440499.9579099736,0.00014999991971397566,18825.423634720464,-4.1581188270356506e-08,0.00015,301.124,293.15,317.791,0.0,150000,1,881,88100000,88100000,88100000,0,301124,1,881,88100000,88100000,88100000,0,293150,1,881,88100000,88100000,88100000,0,317791,1,881,88100000,88100000,88100000,0,0,1,881,88100000,88100000,88100000,0,1.0,0.527498,0.65,1.0,0.527498,0.65,1.0,0.527498,0.65,881,88400000,False,1.0,5000.0,300.0,500.0,600000000000.0,100000000000.0,,880
1,corrupt_flow,thermal_loop,885,controller_tick,88200000,88.2,1,0,88200000,882,88200000,RUNNING,,0,0,62,1,0,reconstructed_from_retained_wire,True,,,317.79115084401604,301.12448476877523,293.1499992774913,0.5274980000000011,0.65,441000.0000000031,440999.9578738305,0.00014999991971397566,18825.423634720464,-4.2011606637970544e-08,0.00015,301.124,293.15,317.791,0.0,150000,1,882,88200000,88200000,88200000,0,301124,1,882,88200000,88200000,88200000,0,293150,1,882,88200000,88200000,88200000,0,317791,1,882,88200000,88200000,88200000,0,0,1,882,88200000,88200000,88200000,0,1.0,0.527498,0.65,1.0,0.527498,0.65,1.0,0.527498,0.65,882,88500000,False,1.0,5000.0,300.0,500.0,600000000000.0,100000000000.0,,881
1,corrupt_flow,thermal_loop,886,controller_tick,88300000,88.3,1,0,88300000,883,88300000,RUNNING,,0,0,62,1,0,reconstructed_from_retained_wire,True,,,317.7911508457894,301.1244847699199,293.14999927819343,0.5274980000000011,0.65,441500.0000000031,441499.9578377226,0.00014999991971397566,18825.423634720464,-4.243770490575116e-08,0.00015,301.124,293.15,317.791,0.0,150000,1,883,88300000,88300000,88300000,0,301124,1,883,88300000,88300000,88300000,0,293150,1,883,88300000,88300000,88300000,0,317791,1,883,88300000,88300000,88300000,0,0,1,883,88300000,88300000,88300000,0,1.0,0.527498,0.65,1.0,0.527498,0.65,1.0,0.527498,0.65,883,88600000,False,1.0,5000.0,300.0,500.0,600000000000.0,100000000000.0,,882
1,corrupt_flow,thermal_loop,887,controller_tick,88400000,88.4,1,0,88400000,884,88400000,RUNNING,,0,0,62,1,0,reconstructed_from_retained_wire,True,,,317.79115084756086,301.1244847710635,293.149999278895,0.5274980000000011,0.65,442000.0000000031,441999.9578016498,0.00014999991971397566,18825.423634720464,-4.220487426209729e-08,0.00015,301.124,293.15,317.791,0.0,150000,1,884,88400000,88400000,88400000,0,301124,1,884,88400000,88400000,88400000,0,293150,1,884,88400000,88400000,88400000,0,317791,1,884,88400000,88400000,88400000,0,0,1,884,88400000,88400000,88400000,0,1.0,0.527498,0.65,1.0,0.527498,0.65,1.0,0.527498,0.65,884,88700000,False,1.0,5000.0,300.0,500.0,600000000000.0,100000000000.0,,883
1,corrupt_flow,thermal_loop,888,controller_tick,88500000,88.5,1,0,88500000,885,88500000,RUNNING,,0,0,62,1,0,reconstructed_from_retained_wire,True,,,317.79115084933045,301.1244847722061,293.149999279596,0.5274980000000011,0.65,442500.0000000031,442499.95776561205,0.00014999991971397566,18825.423634720464,-4.184653334959876e-08,0.00015,301.124,293.15,317.791,0.0,150000,1,885,88500000,88500000,88500000,0,301124,1,885,88500000,88500000,88500000,0,293150,1,885,88500000,88500000,88500000,0,317791,1,885,88500000,88500000,88500000,0,0,1,885,88500000,88500000,88500000,0,1.0,0.527498,0.65,1.0,0.527498,0.65,1.0,0.527498,0.65,885,88800000,False,1.0,5000.0,300.0,500.0,600000000000.0,100000000000.0,,884
1,corrupt_flow,thermal_loop,889,controller_tick,88600000,88.6,1,0,88600000,886,88600000,RUNNING,,0,0,62,1,0,reconstructed_from_retained_wire,True,,,317.7911508510981,301.12448477334755,293.14999928029636,0.5274980000000011,0.65,443000.0000000031,442999.95772960933,0.00014999991971397566,18825.423634720464,-4.264393282937817e-08,0.00015,301.124,293.15,317.791,0.0,150000,1,886,88600000,88600000,88600000,0,301124,1,886,88600000,88600000,88600000,0,293150,1,886,88600000,88600000,88600000,0,317791,1,886,88600000,88600000,88600000,0,0,1,886,88600000,88600000,88600000,0,1.0,0.527498,0.65,1.0,0.527498,0.65,1.0,0.527498,0.65,886,88900000,False,1.0,5000.0,300.0,500.0,600000000000.0,100000000000.0,,885
1,corrupt_flow,thermal_loop,890,controller_tick,88700000,88.7,1,0,88700000,887,88700000,RUNNING,,0,0,62,1,0,reconstructed_from_retained_wire,True,,,317.7911508528639,301.124484774488,293.1499992809962,0.5274980000000011,0.65,443500.0000000031,443499.9576936416,0.00014999991971397566,18825.423634720464,-4.2186002247035503e-08,0.00015,301.124,293.15,317.791,0.0,150000,1,887,88700000,88700000,88700000,0,301124,1,887,88700000,88700000,88700000,0,293150,1,887,88700000,88700000,88700000,0,317791,1,887,88700000,88700000,88700000,0,0,1,887,88700000,88700000,88700000,0,1.0,0.527498,0.65,1.0,0.527498,0.65,1.0,0.527498,0.65,887,89000000,False,1.0,5000.0,300.0,500.0,600000000000.0,100000000000.0,,886
1,corrupt_flow,thermal_loop,891,controller_tick,88800000,88.8,1,0,88800000,888,88800000,RUNNING,,0,0,62,1,0,reconstructed_from_retained_wire,True,,,317.7911508546278,301.12448477562737,293.14999928169544,0.5274980000000011,0.65,444000.000000003,443999.95765770884,0.00014999991971397566,18825.423634720464,-4.23153778683627e-08,0.00015,301.124,293.15,317.791,0.0,150000,1,888,88800000,88800000,88800000,0,301124,1,888,88800000,88800000,88800000,0,293150,1,888,88800000,88800000,88800000,0,317791,1,888,88800000,88800000,88800000,0,0,1,888,88800000,88800000,88800000,0,1.0,0.527498,0.65,1.0,0.527498,0.65,1.0,0.527498,0.65,888,89100000,False,1.0,5000.0,300.0,500.0,600000000000.0,100000000000.0,,887
1,corrupt_flow,thermal_loop,892,controller_tick,88900000,88.9,1,0,88900000,889,88900000,RUNNING,,0,0,62,1,0,reconstructed_from_retained_wire,True,,,317.79115085638983,301.1244847767657,293.14999928239405,0.5274980000000011,0.65,444500.000000003,444499.9576218111,0.00014999991971397566,18825.423634720464,-4.267326403351035e-08,0.00015,301.124,293.15,317.791,0.0,150000,1,889,88900000,88900000,88900000,0,301124,1,889,88900000,88900000,88900000,0,293150,1,889,88900000,88900000,88900000,0,317791,1,889,88900000,88900000,88900000,0,0,1,889,88900000,88900000,88900000,0,1.0,0.527498,0.65,1.0,0.527498,0.65,1.0,0.527498,0.65,889,89200000,False,1.0,5000.0,300.0,500.0,600000000000.0,100000000000.0,,888
1,corrupt_flow,thermal_loop,893,controller_tick,89000000,89.0,1,0,89000000,890,89000000,RUNNING,,0,0,62,1,0,reconstructed_from_retained_wire,True,,,317.79115085815005,301.12448477790304,293.1499992830921,0.5274980000000011,0.65,445000.000000003,444999.95758594817,0.00014999991971397566,18825.423634720464,-4.20366177422693e-08,0.00015,301.124,293.15,317.791,0.0,150000,1,890,89000000,89000000,89000000,0,301124,1,890,89000000,89000000,89000000,0,293150,1,890,89000000,89000000,89000000,0,317791,1,890,89000000,89000000,89000000,0,0,1,890,89000000,89000000,89000000,0,1.0,0.527498,0.65,1.0,0.527498,0.65,1.0,0.527498,0.65,890,89300000,False,1.0,5000.0,300.0,500.0,600000000000.0,100000000000.0,,889
1,corrupt_flow,thermal_loop,894,controller_tick,89100000,89.1,1,0,89100000,891,89100000,RUNNING,,0,0,62,1,0,reconstructed_from_retained_wire,True,,,317.7911508599083,301.1244847790392,293.14999928378955,0.5274980000000011,0.65,445500.000000003,445499.9575501202,0.00014999991971397566,18825.423634720464,-4.2434521674294956e-08,0.00015,301.124,293.15,317.791,0.0,150000,1,891,89100000,89100000,89100000,0,301124,1,891,89100000,89100000,89100000,0,293150,1,891,89100000,89100000,89100000,0,317791,1,891,89100000,89100000,89100000,0,0,1,891,89100000,89100000,89100000,0,1.0,0.527498,0.65,1.0,0.527498,0.65,1.0,0.527498,0.65,891,89400000,False,1.0,5000.0,300.0,500.0,600000000000.0,100000000000.0,,890
1,corrupt_flow,thermal_loop,895,controller_tick,89200000,89.2,1,0,89200000,892,89200000,RUNNING,,0,0,62,1,0,reconstructed_from_retained_wire,True,,,317.7911508616648,301.1244847801743,293.1499992844864,0.5274980000000011,0.65,446000.00000000297,445999.9575143271,0.00014999991971397566,18825.423634720464,-4.2967712943209335e-08,0.00015,301.124,293.15,317.791,0.0,150000,1,892,89200000,89200000,89200000,0,301124,1,892,89200000,89200000,89200000,0,293150,1,892,89200000,89200000,89200000,0,317791,1,892,89200000,89200000,89200000,0,0,1,892,89200000,89200000,89200000,0,1.0,0.527498,0.65,1.0,0.527498,0.65,1.0,0.527498,0.65,892,89500000,False,1.0,5000.0,300.0,500.0,600000000000.0,100000000000.0,,891
1,corrupt_flow,thermal_loop,896,controller_tick,89300000,89.3,1,0,89300000,893,89300000,RUNNING,,0,0,62,1,0,reconstructed_from_retained_wire,True,,,317.7911508634193,301.1244847813084,293.14999928518273,0.5274980000000011,0.65,446500.0000000029,446499.95747856883,0.00014999991971397566,18825.423634720464,-4.2930423660436645e-08,0.00015,301.124,293.15,317.791,0.0,150000,1,893,89300000,89300000,89300000,0,301124,1,893,89300000,89300000,89300000,0,293150,1,893,89300000,89300000,89300000,0,317791,1,893,89300000,89300000,89300000,0,0,1,893,89300000,89300000,89300000,0,1.0,0.527498,0.65,1.0,0.527498,0.65,1.0,0.527498,0.65,893,89600000,False,1.0,5000.0,300.0,500.0,600000000000.0,100000000000.0,,892
1,corrupt_flow,thermal_loop,897,controller_tick,89400000,89.4,1,0,89400000,894,89400000,RUNNING,,0,0,62,1,0,reconstructed_from_retained_wire,True,,,317.791150865172,301.1244847824414,293.14999928587844,0.5274980000000011,0.65,447000.00000000285,446999.9574428454,0.00014999991971397566,18825.423634720464,-4.314483703637961e-08,0.00015,301.124,293.15,317.791,0.0,150000,1,894,89400000,89400000,89400000,0,301124,1,894,89400000,89400000,89400000,0,293150,1,894,89400000,89400000,89400000,0,317791,1,894,89400000,89400000,89400000,0,0,1,894,89400000,89400000,89400000,0,1.0,0.527498,0.65,1.0,0.527498,0.65,1.0,0.527498,0.65,894,89700000,False,1.0,5000.0,300.0,500.0,600000000000.0,100000000000.0,,893
1,corrupt_flow,thermal_loop,898,controller_tick,89500000,89.5,1,0,89500000,895,89500000,RUNNING,,0,0,62,1,0,reconstructed_from_retained_wire,True,,,317.7911508669229,301.12448478357334,293.1499992865735,0.5274980000000011,0.65,447500.00000000285,447499.95740715665,0.00014999991971397566,18825.423634720464,-4.378557605377864e-08,0.00015,301.124,293.15,317.791,0.0,150000,1,895,89500000,89500000,89500000,0,301124,1,895,89500000,89500000,89500000,0,293150,1,895,89500000,89500000,89500000,0,317791,1,895,89500000,89500000,89500000,0,0,1,895,89500000,89500000,89500000,0,1.0,0.527498,0.65,1.0,0.527498,0.65,1.0,0.527498,0.65,895,89800000,False,1.0,5000.0,300.0,500.0,600000000000.0,100000000000.0,,894
1,corrupt_flow,thermal_loop,899,controller_tick,89600000,89.6,1,0,89600000,896,89600000,RUNNING,,0,0,62,1,0,reconstructed_from_retained_wire,True,,,317.7911508686719,301.12448478470424,293.14999928726803,0.5274980000000011,0.65,448000.0000000028,447999.9573715027,0.00014999991971397566,18825.423634720464,-4.456865099200513e-08,0.00015,301.124,293.15,317.791,0.0,150000,1,896,89600000,89600000,89600000,0,301124,1,896,89600000,89600000,89600000,0,293150,1,896,89600000,89600000,89600000,0,317791,1,896,89600000,89600000,89600000,0,0,1,896,89600000,89600000,89600000,0,1.0,0.527498,0.65,1.0,0.527498,0.65,1.0,0.527498,0.65,896,89900000,False,1.0,5000.0,300.0,500.0,600000000000.0,100000000000.0,,895
1,corrupt_flow,thermal_loop,900,controller_tick,89700000,89.7,1,0,89700000,897,89700000,RUNNING,,0,0,62,1,0,reconstructed_from_retained_wire,True,,,317.7911508704191,301.1244847858341,293.149999287962,0.5274980000000011,0.65,448500.0000000028,448499.95733588346,0.00014999991971397566,18825.423634720464,-4.4021589928888716e-08,0.00015,301.124,293.15,317.791,0.0,150000,1,897,89700000,89700000,89700000,0,301124,1,897,89700000,89700000,89700000,0,293150,1,897,89700000,89700000,89700000,0,317791,1,897,89700000,89700000,89700000,0,0,1,897,89700000,89700000,89700000,0,1.0,0.527498,0.65,1.0,0.527498,0.65,1.0,0.527498,0.65,897,90000000,False,1.0,5000.0,300.0,500.0,600000000000.0,100000000000.0,,896
1,corrupt_flow,thermal_loop,901,controller_tick,89800000,89.8,1,0,89800000,898,89800000,RUNNING,,0,0,62,1,0,reconstructed_from_retained_wire,True,,,317.79115087216445,301.1244847869629,293.14999928865535,0.5274980000000011,0.65,449000.0000000028,448999.95730029885,0.00014999991971397566,18825.423634720464,-4.318803803471383e-08,0.00015,301.124,293.15,317.791,0.0,150000,1,898,89800000,89800000,89800000,0,301124,1,898,89800000,89800000,89800000,0,293150,1,898,89800000,89800000,89800000,0,317791,1,898,89800000,89800000,89800000,0,0,1,898,89800000,89800000,89800000,0,1.0,0.527498,0.65,1.0,0.527498,0.65,1.0,0.527498,0.65,898,90100000,False,1.0,5000.0,300.0,500.0,600000000000.0,100000000000.0,,897
1,corrupt_flow,thermal_loop,902,controller_tick,89900000,89.9,1,0,89900000,899,89900000,RUNNING,,0,0,62,1,0,reconstructed_from_retained_wire,True,,,317.79115087390795,301.1244847880906,293.14999928934816,0.5274980000000011,0.65,449500.00000000274,449499.95726474887,0.00014999991971397566,18825.423634720464,-4.257822183717508e-08,0.00015,301.124,293.15,317.791,0.0,150000,1,899,89900000,89900000,89900000,0,301124,1,899,89900000,89900000,89900000,0,293150,1,899,89900000,89900000,89900000,0,317791,1,899,89900000,89900000,89900000,0,0,1,899,89900000,89900000,89900000,0,1.0,0.527498,0.65,1.0,0.527498,0.65,1.0,0.527498,0.65,899,90200000,False,1.0,5000.0,300.0,500.0,600000000000.0,100000000000.0,,898
1,corrupt_flow,thermal_loop,903,controller_tick,90000000,90.0,1,0,90000000,900,90000000,RUNNING,,0,0,62,1,0,reconstructed_from_retained_wire,True,,,317.7911508756496,301.1244847892173,293.1499992900403,0.5274980000000011,0.65,450000.00000000274,449999.9572292336,0.00014999991971397566,18825.423634720464,-4.320077096053865e-08,0.00015,301.124,293.15,317.791,0.0,150000,1,900,90000000,90000000,90000000,0,301124,1,900,90000000,90000000,90000000,0,293150,1,900,90000000,90000000,90000000,0,317791,1,900,90000000,90000000,90000000,0,0,1,900,90000000,90000000,90000000,0,1.0,0.527498,0.65,1.0,0.527498,0.65,1.0,0.527498,0.65,900,90300000,False,1.0,5000.0,300.0,500.0,600000000000.0,100000000000.0,,899
